20241201010000 63064.0 41.916672 -69.75 8.015625 279.90625 0.28125 1.265625 -999.9 0.8046875 7.5234375 7.3359375 4.578125 3.625 3.2109375 281.5234375 65.5234375 0.5859375 3.5078125 3.4765625 3.078125 2.8203125 2.625 292.109375 28.203125 0.546875 7.5234375 7.3359375 6.3125 5.40625 4.96875 142.078125 69.640625
20241201020000 63064.0 41.916672 -69.75 8.734375 282.546875 0.3203125 1.328125 -999.9 0.8359375 3.859375 3.8203125 4.4765625 3.5703125 3.1796875 291.6484375 62.234375 0.6640625 3.859375 3.7421875 3.2265625 2.9453125 2.7265625 298.890625 27.5 0.5 7.5234375 7.265625 6.6796875 5.734375 5.25 139.09375 63.1328125
20241201030000 63064.0 41.916672 -69.75 9.390625 282.4921875 0.3515625 1.390625 -999.9 0.8984375 3.859375 3.9140625 4.375 3.5625 3.1875 298.5 57.7265625 0.75 3.859375 3.84375 3.3515625 3.0546875 2.8203125 301.3203125 27.1328125 0.4921875 7.5234375 7.1796875 6.78125 5.8515625 5.328125 133.0 63.7578125
20241201040000 63064.0 41.916672 -69.75 9.359375 281.0390625 0.3515625 1.390625 -999.9 0.9375 4.25 4.109375 4.3671875 3.6015625 3.234375 301.265625 54.8828125 0.7890625 3.859375 3.9296875 3.4296875 3.1171875 2.8828125 300.46875 27.1875 0.515625 6.8359375 7.0859375 6.6015625 5.7109375 5.234375 114.3984375 71.125
20241201050000 63064.0 41.916672 -69.75 9.3359375 279.53125 0.34375 1.3828125 -999.9 0.953125 4.25 4.1953125 4.3828125 3.6328125 3.2578125 301.53125 53.5546875 0.796875 3.859375 4.015625 3.4453125 3.1328125 2.890625 298.671875 27.3125 0.53125 6.8359375 7.015625 6.4453125 5.6015625 5.1484375 80.09375 75.234375
20241201060000 63064.0 41.916672 -69.75 9.53125 278.2578125 0.359375 1.3984375 -999.9 0.96875 4.25 4.2421875 4.375 3.6328125 3.265625 301.1875 52.390625 0.8125 4.25 4.046875 3.4765625 3.15625 2.90625 297.8515625 27.5546875 0.53125 6.8359375 6.9609375 6.453125 5.5859375 5.125 63.390625 75.4921875
20241201070000 63064.0 41.916672 -69.75 9.7265625 275.8203125 0.3671875 1.421875 -999.9 0.984375 4.25 4.3203125 4.3671875 3.6328125 3.2734375 300.6875 51.2734375 0.828125 4.25 4.1015625 3.5 3.171875 2.9296875 295.984375 28.3671875 0.5390625 5.140625 5.1953125 6.390625 5.5234375 5.0390625 33.875 74.2890625
20241201080000 63064.0 41.916672 -69.75 10.21875 273.5703125 0.390625 1.4609375 -999.9 1.015625 4.25 4.34375 4.34375 3.640625 3.28125 299.5390625 50.1328125 0.859375 4.25 4.09375 3.5234375 3.1953125 2.9453125 293.9296875 29.53125 0.546875 5.140625 5.2578125 6.3515625 5.5234375 5.0703125 15.7421875 72.3828125
20241201090000 63064.0 41.916672 -69.75 10.09375 272.5234375 0.3828125 1.453125 -999.9 1.0390625 4.671875 4.4765625 4.3515625 3.6640625 3.3046875 298.6953125 49.4921875 0.8671875 3.859375 3.9375 3.546875 3.21875 2.96875 291.4375 30.171875 0.5703125 5.140625 5.34375 6.203125 5.4140625 5.0 359.296875 69.1796875
20241201100000 63064.0 41.916672 -69.75 9.34375 274.1875 0.3515625 1.390625 -999.9 1.0234375 4.671875 4.625 4.3984375 3.6953125 3.3359375 299.34375 49.578125 0.828125 3.859375 3.90625 3.5 3.171875 2.9296875 289.875 29.7890625 0.609375 5.140625 5.2890625 6.0703125 5.3359375 4.953125 346.8359375 65.9609375
20241201110000 63064.0 41.916672 -69.75 9.0390625 273.984375 0.3359375 1.3671875 -999.9 0.9765625 5.140625 4.8984375 4.421875 3.6875 3.3125 300.453125 49.9921875 0.78125 3.859375 3.890625 3.453125 3.125 2.8828125 290.375 29.1796875 0.59375 5.140625 5.359375 6.0859375 5.3203125 4.9296875 346.109375 65.7578125
20241201120000 63064.0 41.916672 -69.75 8.5 270.7578125 0.3046875 1.3203125 -999.9 0.921875 5.140625 4.9375 4.4453125 3.6640625 3.28125 300.546875 51.0625 0.6875 3.5078125 3.6171875 3.25 2.9609375 2.7421875 284.9765625 28.3984375 0.625 5.140625 5.15625 5.8984375 5.15625 4.796875 339.0390625 61.5078125
20241201130000 63064.0 41.916672 -69.75 8.140625 261.609375 0.2890625 1.28125 -999.9 0.8671875 5.140625 4.9375 4.4765625 3.6328125 3.25 298.2578125 53.25 0.6015625 3.5078125 3.4296875 3.0546875 2.796875 2.6015625 275.234375 28.453125 0.625 5.140625 5.03125 5.7734375 4.9921875 4.625 335.71875 59.1796875
20241201140000 63064.0 41.916672 -69.75 8.3125 255.1484375 0.296875 1.2890625 -999.9 0.8203125 3.5078125 3.625 4.4921875 3.5859375 3.1953125 292.1640625 56.0390625 0.5625 3.1875 3.2265625 2.9453125 2.7109375 2.53125 266.46875 28.5234375 0.6015625 5.140625 4.96875 5.8203125 4.9453125 4.5625 335.3828125 61.140625
20241201150000 63064.0 41.916672 -69.75 8.625 251.609375 0.3125 1.3125 -999.9 0.8046875 3.5078125 3.453125 4.484375 3.53125 3.140625 282.28125 58.4921875 0.5625 3.1875 3.2265625 2.9140625 2.6953125 2.515625 260.328125 29.5703125 0.5703125 5.140625 4.9140625 6.015625 5.0625 4.65625 337.734375 65.640625
20241201160000 63064.0 41.916672 -69.75 8.5390625 252.5234375 0.3125 1.3046875 -999.9 0.7890625 3.5078125 3.3984375 4.5078125 3.515625 3.125 271.703125 60.3671875 0.5703125 3.1875 3.2265625 2.9375 2.7109375 2.53125 257.2734375 30.625 0.546875 8.2734375 8.2890625 6.25 5.203125 4.78125 345.375 71.5078125
20241201170000 63064.0 41.916672 -69.75 8.640625 251.2421875 0.3125 1.3125 -999.9 0.7890625 3.1875 3.328125 4.546875 3.515625 3.125 261.0703125 61.515625 0.578125 3.1875 3.21875 2.9375 2.71875 2.546875 253.203125 31.1328125 0.5390625 8.2734375 8.28125 6.4296875 5.328125 4.8828125 359.4921875 75.8515625
20241201180000 63064.0 41.916672 -69.75 9.1875 248.359375 0.3359375 1.3515625 -999.9 0.8046875 3.5078125 3.3671875 4.5390625 3.5 3.109375 248.15625 61.1171875 0.6171875 3.1875 3.265625 2.9921875 2.765625 2.5859375 247.3671875 32.578125 0.5234375 8.2734375 8.25 6.703125 5.5390625 5.0625 58.2421875 77.5078125
20241201190000 63064.0 41.916672 -69.75 9.2578125 247.171875 0.34375 1.3671875 -999.9 0.84375 3.5078125 3.5234375 4.515625 3.5078125 3.125 234.875 59.1640625 0.65625 3.5078125 3.421875 3.0546875 2.828125 2.640625 241.953125 32.8203125 0.5234375 8.2734375 8.2109375 6.7890625 5.609375 5.1328125 126.8671875 74.546875
20241201200000 63064.0 41.916672 -69.75 9.6875 247.640625 0.3671875 1.4140625 -999.9 0.8984375 3.5078125 3.625 4.4921875 3.53125 3.15625 225.375 56.015625 0.71875 3.5078125 3.546875 3.15625 2.90625 2.703125 239.6796875 33.7109375 0.53125 8.2734375 8.1640625 6.9296875 5.8046875 5.3359375 144.953125 65.5859375
20241201210000 63064.0 41.916672 -69.75 10.1953125 251.3359375 0.390625 1.4609375 -999.9 0.9609375 3.859375 3.734375 4.484375 3.578125 3.203125 221.0390625 53.3125 0.78125 3.5078125 3.6015625 3.234375 2.9765625 2.765625 241.4609375 34.5 0.5703125 8.2734375 8.109375 6.84375 5.796875 5.3515625 154.7265625 54.75
20241201220000 63064.0 41.916672 -69.75 9.546875 255.765625 0.359375 1.4140625 -999.9 0.984375 3.859375 3.859375 4.5703125 3.671875 3.28125 218.6171875 53.0078125 0.75 3.5078125 3.640625 3.2109375 2.953125 2.75 248.0703125 33.8984375 0.640625 8.2734375 8.046875 6.40625 5.4765625 5.09375 165.9921875 48.6171875
20241201230000 63064.0 41.916672 -69.75 9.8046875 261.46875 0.3671875 1.4296875 -999.9 0.984375 3.859375 3.7734375 4.5859375 3.6796875 3.28125 222.2734375 54.2734375 0.75 3.5078125 3.6015625 3.2109375 2.953125 2.7421875 257.015625 34.5625 0.640625 8.2734375 7.984375 6.453125 5.515625 5.1171875 166.578125 43.703125
20241202000000 63064.0 41.916672 -69.75 9.7890625 266.90625 0.3671875 1.4375 -999.9 0.984375 3.859375 3.6875 4.5625 3.640625 3.2578125 232.3984375 56.4921875 0.7578125 3.5078125 3.578125 3.203125 2.953125 2.7421875 267.296875 33.6171875 0.625 8.2734375 7.9453125 6.5625 5.578125 5.1640625 166.6484375 43.96875
20241202010000 63064.0 41.916672 -69.75 9.71875 271.40625 0.3671875 1.4375 -999.9 0.9765625 3.859375 3.75 4.546875 3.625 3.234375 246.3203125 58.5234375 0.7734375 3.5078125 3.625 3.25 2.984375 2.7734375 275.9921875 32.4765625 0.59375 8.2734375 7.9453125 6.7421875 5.6796875 5.21875 163.90625 47.640625
20241202020000 63064.0 41.916672 -69.75 9.7734375 275.9765625 0.3671875 1.4375 -999.9 0.9765625 3.859375 3.78125 4.53125 3.6171875 3.234375 262.8125 59.171875 0.796875 3.859375 3.6875 3.3203125 3.046875 2.8203125 284.1484375 31.3515625 0.5625 8.2734375 7.9765625 7.0 5.8671875 5.3515625 158.5546875 50.984375
20241202030000 63064.0 41.916672 -69.75 10.015625 278.3203125 0.3828125 1.4609375 -999.9 1.0 3.859375 3.8359375 4.5078125 3.625 3.2421875 278.0625 57.7734375 0.84375 3.859375 3.7421875 3.421875 3.125 2.890625 290.078125 30.5703125 0.53125 8.2734375 8.015625 7.2578125 6.109375 5.5625 150.046875 55.1875
20241202040000 63064.0 41.916672 -69.75 9.890625 280.453125 0.375 1.453125 -999.9 1.0234375 4.25 4.046875 4.515625 3.6640625 3.28125 288.984375 55.53125 0.875 3.859375 4.0078125 3.515625 3.203125 2.953125 294.2265625 29.3203125 0.5234375 8.2734375 8.0234375 7.2734375 6.1171875 5.53125 139.9921875 62.6171875
20241202050000 63064.0 41.916672 -69.75 9.3203125 281.8984375 0.3515625 1.3984375 -999.9 1.015625 4.25 4.15625 4.5546875 3.7109375 3.3203125 296.046875 54.171875 0.859375 4.25 4.1015625 3.5703125 3.2421875 2.984375 296.890625 27.84375 0.53125 8.2734375 8.0234375 7.15625 6.0234375 5.4375 122.9921875 69.3515625
20241202060000 63064.0 41.916672 -69.75 8.6796875 284.515625 0.3203125 1.3359375 -999.9 0.9765625 4.25 4.2265625 4.609375 3.734375 3.3359375 301.5859375 53.984375 0.8046875 4.25 4.1015625 3.53125 3.203125 2.953125 298.9296875 26.140625 0.546875 8.2734375 8.0078125 6.9765625 5.8984375 5.359375 90.5546875 74.0
20241202070000 63064.0 41.916672 -69.75 8.09375 285.1875 0.2890625 1.28125 -999.9 0.921875 4.25 4.296875 4.671875 3.7421875 3.3359375 306.09375 54.7734375 0.7265625 3.859375 3.953125 3.4296875 3.109375 2.8671875 299.3046875 24.7734375 0.5625 8.2734375 8.0 6.7265625 5.671875 5.140625 39.1640625 74.0078125
20241202080000 63064.0 41.916672 -69.75 7.609375 284.6171875 0.265625 1.234375 -999.9 0.8671875 4.671875 4.4765625 4.7421875 3.75 3.3203125 309.359375 56.4609375 0.6484375 3.859375 3.796875 3.2890625 2.984375 2.7578125 298.421875 24.4375 0.578125 5.140625 5.0546875 6.578125 5.5546875 5.0546875 19.90625 71.8203125
20241202090000 63064.0 41.916672 -69.75 7.15625 284.1796875 0.25 1.1953125 -999.9 0.8125 4.671875 4.59375 4.8359375 3.765625 3.3125 312.5234375 58.9609375 0.5703125 3.5078125 3.625 3.1484375 2.8671875 2.65625 297.375 24.015625 0.578125 5.140625 4.984375 6.46875 5.4140625 4.90625 15.53125 70.7890625
20241202100000 63064.0 41.916672 -69.75 6.125 284.4609375 0.203125 1.1015625 -999.9 0.7578125 4.671875 4.65625 5.03125 3.859375 3.3671875 318.21875 62.65625 0.4375 3.1875 3.1796875 2.8125 2.578125 2.3984375 292.0703125 23.15625 0.6171875 4.671875 4.6796875 6.1328125 5.1171875 4.671875 357.2421875 68.734375
20241202110000 63064.0 41.916672 -69.75 5.578125 286.8203125 0.1796875 1.046875 -999.9 0.6953125 8.2734375 8.1875 5.2890625 3.9921875 3.4453125 327.28125 67.125 0.3359375 2.8984375 2.9375 2.578125 2.3828125 2.234375 290.296875 22.5078125 0.609375 8.2734375 8.1875 6.1328125 5.046875 4.5703125 2.8515625 70.1953125
20241202120000 63064.0 41.916672 -69.75 5.2578125 288.9921875 0.1640625 1.015625 -999.9 0.6484375 8.2734375 8.21875 5.5546875 4.1328125 3.53125 341.3515625 71.3671875 0.28125 2.8984375 2.8203125 2.4609375 2.28125 2.140625 290.9921875 21.4296875 0.5859375 8.2734375 8.21875 6.28125 5.109375 4.59375 23.1171875 72.203125
20241202130000 63064.0 41.916672 -69.75 5.1953125 284.90625 0.1640625 1.0078125 -999.9 0.625 8.2734375 8.25 5.7734375 4.2421875 3.5859375 5.3828125 74.5546875 0.25 2.640625 2.65625 2.34375 2.171875 2.0390625 290.6953125 20.6796875 0.5703125 8.2734375 8.25 6.4296875 5.1796875 4.6171875 49.1015625 72.7890625
20241202140000 63064.0 41.916672 -69.75 5.5 282.0 0.1796875 1.0390625 -999.9 0.609375 8.2734375 8.28125 5.859375 4.2265625 3.5390625 33.5859375 76.0703125 0.2578125 2.640625 2.59375 2.328125 2.1640625 2.03125 293.6328125 20.7421875 0.5546875 8.2734375 8.28125 6.6171875 5.3203125 4.71875 76.3125 71.34375
20241202150000 63064.0 41.916672 -69.75 5.84375 281.6328125 0.1875 1.0703125 -999.9 0.6171875 8.2734375 8.3046875 5.8046875 4.125 3.4375 49.6875 76.984375 0.2890625 2.640625 2.625 2.3984375 2.21875 2.078125 295.171875 21.859375 0.546875 8.2734375 8.3046875 6.7578125 5.4453125 4.8203125 92.21875 68.859375
20241202160000 63064.0 41.916672 -69.75 6.1953125 282.671875 0.203125 1.1015625 -999.9 0.6328125 8.2734375 8.3125 5.703125 4.03125 3.3671875 55.671875 78.0078125 0.328125 2.640625 2.734375 2.5078125 2.3125 2.1640625 296.2578125 23.84375 0.5390625 8.2734375 8.3125 6.890625 5.5703125 4.9140625 101.9453125 65.984375
20241202170000 63064.0 41.916672 -69.75 6.09375 283.1953125 0.203125 1.09375 -999.9 0.640625 8.2734375 8.28125 5.6484375 4.0 3.3515625 63.2421875 78.53125 0.34375 2.8984375 2.859375 2.53125 2.328125 2.1796875 294.8515625 24.9140625 0.546875 8.2734375 8.28125 6.859375 5.5390625 4.890625 104.3828125 65.5625
20241202180000 63064.0 41.916672 -69.75 6.203125 286.1171875 0.203125 1.1015625 -999.9 0.6484375 8.2734375 8.2421875 5.6328125 3.9921875 3.34375 71.4921875 78.5 0.359375 2.8984375 2.96875 2.5859375 2.375 2.21875 298.71875 25.078125 0.546875 8.2734375 8.2421875 6.953125 5.6484375 4.984375 109.59375 63.4765625
20241202190000 63064.0 41.916672 -69.75 6.5859375 293.4609375 0.21875 1.1328125 -999.9 0.6640625 8.2734375 8.1953125 5.5625 3.9453125 3.3125 56.171875 78.640625 0.40625 3.1875 3.1484375 2.7421875 2.5078125 2.3359375 307.703125 24.0078125 0.5234375 8.2734375 8.1953125 7.265625 6.0234375 5.3046875 118.203125 56.8828125
20241202200000 63064.0 41.916672 -69.75 7.171875 302.671875 0.25 1.1875 -999.9 0.703125 8.2734375 8.15625 5.3828125 3.8515625 3.265625 7.0078125 77.2890625 0.4921875 3.5078125 3.390625 2.9375 2.6875 2.4921875 317.015625 22.5390625 0.5 8.2734375 8.15625 7.7421875 6.6484375 5.859375 126.390625 44.671875
20241202210000 63064.0 41.916672 -69.75 7.890625 311.453125 0.28125 1.2578125 -999.9 0.7578125 8.2734375 8.125 5.125 3.7578125 3.234375 346.5078125 72.4375 0.5859375 3.5078125 3.515625 3.0859375 2.8203125 2.6171875 322.8671875 21.9921875 0.484375 8.2734375 8.125 8.046875 7.15625 6.4609375 129.5078125 36.125
20241202220000 63064.0 41.916672 -69.75 7.6796875 322.9296875 0.2734375 1.2578125 -999.9 0.8046875 8.2734375 8.09375 5.0234375 3.78125 3.2734375 348.15625 68.625 0.640625 3.859375 3.7109375 3.2265625 2.9453125 2.7265625 327.859375 21.765625 0.4921875 8.2734375 8.09375 8.109375 7.3046875 6.6328125 129.859375 34.75
20241202230000 63064.0 41.916672 -69.75 7.7109375 321.9609375 0.2734375 1.2578125 -999.9 0.8359375 8.2734375 8.0625 5.03125 3.8203125 3.3203125 351.734375 67.1953125 0.6640625 3.859375 3.78125 3.2734375 2.9921875 2.765625 329.828125 21.84375 0.5078125 8.2734375 8.0625 8.0546875 7.3125 6.78125 127.171875 37.7734375
20241203000000 63064.0 41.916672 -69.75 7.9609375 322.3359375 0.28125 1.28125 -999.9 0.859375 8.2734375 8.0234375 5.0078125 3.828125 3.3359375 352.6484375 66.09375 0.6953125 3.859375 3.8203125 3.328125 3.0390625 2.8046875 331.359375 22.4453125 0.5078125 8.2734375 8.0234375 8.1015625 7.3984375 6.890625 127.0859375 36.4296875
20241203010000 63064.0 41.916672 -69.75 8.4609375 324.296875 0.3046875 1.328125 -999.9 0.9140625 3.859375 3.90625 4.9375 3.828125 3.359375 351.34375 63.84375 0.75 3.859375 3.890625 3.4140625 3.109375 2.875 333.0078125 23.1015625 0.515625 8.2734375 7.984375 8.125 7.4296875 6.890625 127.234375 35.421875
20241203020000 63064.0 41.916672 -69.75 9.046875 324.0390625 0.3359375 1.375 -999.9 0.984375 4.25 4.109375 4.859375 3.859375 3.40625 348.828125 60.578125 0.8359375 4.25 4.1015625 3.546875 3.234375 2.984375 334.171875 23.6875 0.5234375 8.2734375 7.953125 8.140625 7.453125 6.9296875 126.7265625 35.21875
20241203030000 63064.0 41.916672 -69.75 9.5 324.3828125 0.359375 1.4140625 -999.9 1.0703125 4.25 4.2421875 4.8203125 3.9140625 3.484375 346.578125 57.28125 0.921875 4.25 4.21875 3.6953125 3.3671875 3.109375 334.21875 23.671875 0.546875 8.2734375 8.5 7.9921875 7.265625 6.7265625 123.1328125 39.453125
20241203040000 63064.0 41.916672 -69.75 9.546875 325.0625 0.359375 1.4140625 -999.9 1.140625 4.671875 4.5078125 4.8515625 4.015625 3.5859375 345.3828125 54.7421875 1.0 4.671875 4.4921875 3.8828125 3.53125 3.25 334.984375 23.8046875 0.5546875 9.1015625 8.875 8.015625 7.28125 6.6953125 123.21875 38.71875
20241203050000 63064.0 41.916672 -69.75 9.0859375 326.1015625 0.3359375 1.375 -999.9 1.171875 4.671875 4.6328125 4.921875 4.109375 3.6796875 345.546875 53.7421875 1.015625 4.671875 4.6015625 3.984375 3.625 3.3359375 334.453125 22.984375 0.5859375 9.1015625 8.9140625 7.7421875 6.9609375 6.375 115.703125 46.40625
20241203060000 63064.0 41.916672 -69.75 8.5390625 327.8203125 0.3125 1.3203125 -999.9 1.15625 4.671875 4.7109375 5.0 4.171875 3.7265625 347.640625 54.25 0.984375 4.671875 4.6640625 4.0234375 3.6484375 3.3515625 335.0546875 22.5234375 0.609375 9.1015625 8.90625 7.5859375 6.7578125 6.1328125 111.109375 50.2421875
20241203070000 63064.0 41.916672 -69.75 8.328125 328.8828125 0.296875 1.3046875 -999.9 1.1328125 4.671875 4.7421875 5.0390625 4.1875 3.734375 350.640625 55.0625 0.9453125 4.671875 4.6640625 4.0 3.6171875 3.3203125 335.75 22.109375 0.625 9.1015625 8.8671875 7.4375 6.59375 5.9765625 105.9296875 52.4765625
20241203080000 63064.0 41.916672 -69.75 8.0546875 328.8046875 0.2890625 1.2734375 -999.9 1.109375 4.671875 4.7421875 5.0703125 4.1953125 3.7265625 354.046875 55.8671875 0.8984375 4.671875 4.65625 3.9375 3.5546875 3.265625 336.125 21.8203125 0.6484375 9.1015625 8.8046875 7.25 6.4140625 5.828125 98.625 54.625
20241203090000 63064.0 41.916672 -69.75 7.8359375 327.375 0.28125 1.2578125 -999.9 1.078125 4.671875 4.71875 5.09375 4.1953125 3.71875 357.7421875 56.7734375 0.8359375 4.671875 4.609375 3.8359375 3.4609375 3.171875 335.1796875 21.3671875 0.6875 9.1015625 8.7109375 6.9609375 6.1328125 5.6171875 86.1171875 57.0390625
20241203100000 63064.0 41.916672 -69.75 7.625 323.5625 0.265625 1.2421875 -999.9 1.046875 4.671875 4.6953125 5.1171875 4.1953125 3.7109375 1.4375 57.78125 0.7578125 4.671875 4.5390625 3.6953125 3.328125 3.0546875 332.9296875 21.046875 0.7265625 8.2734375 8.5546875 6.6796875 5.8671875 5.375 73.6640625 57.9765625
20241203110000 63064.0 41.916672 -69.75 7.8828125 321.828125 0.28125 1.2578125 -999.9 1.03125 4.671875 4.6640625 5.1015625 4.15625 3.6796875 3.5625 58.34375 0.7421875 4.671875 4.5 3.640625 3.28125 3.0078125 332.9296875 21.5703125 0.71875 8.2734375 8.4609375 6.671875 5.8515625 5.375 75.3671875 56.90625
20241203120000 63064.0 41.916672 -69.75 8.078125 322.5234375 0.2890625 1.28125 -999.9 1.03125 4.671875 4.6328125 5.046875 4.1171875 3.640625 3.6875 58.1015625 0.765625 4.25 4.4453125 3.625 3.2734375 3.0078125 334.25 22.609375 0.703125 8.2734375 8.421875 6.734375 5.9296875 5.4453125 79.1015625 55.9765625
20241203130000 63064.0 41.916672 -69.75 7.9375 319.34375 0.28125 1.2734375 -999.9 1.0390625 4.671875 4.625 5.0234375 4.109375 3.640625 4.0625 57.828125 0.734375 4.25 4.2578125 3.546875 3.203125 2.9453125 331.4375 22.359375 0.734375 8.2734375 8.390625 6.5 5.7265625 5.2890625 68.6484375 56.3671875
20241203140000 63064.0 41.916672 -69.75 7.9296875 313.6171875 0.28125 1.2734375 -999.9 1.03125 4.671875 4.6484375 5.015625 4.109375 3.640625 4.484375 57.9765625 0.6953125 4.25 4.171875 3.453125 3.125 2.875 327.4453125 22.234375 0.765625 8.2734375 8.375 6.3125 5.5703125 5.15625 60.3203125 55.953125
20241203150000 63064.0 41.916672 -69.75 8.3984375 310.6953125 0.3046875 1.3125 -999.9 1.0390625 4.671875 4.65625 4.9609375 4.0703125 3.609375 2.5 58.0078125 0.7109375 4.25 4.1171875 3.4453125 3.1171875 2.8671875 325.5234375 22.9453125 0.7578125 8.2734375 8.3515625 6.296875 5.5703125 5.1796875 60.5546875 55.1640625
20241203160000 63064.0 41.916672 -69.75 8.6484375 311.28125 0.3125 1.3359375 -999.9 1.0546875 4.671875 4.6328125 4.890625 4.03125 3.5859375 359.0 57.5625 0.7578125 4.25 4.1640625 3.4921875 3.1640625 2.9140625 325.5078125 23.9296875 0.7421875 8.2734375 8.328125 6.3515625 5.65625 5.2734375 63.3828125 54.640625
20241203170000 63064.0 41.916672 -69.75 8.6640625 311.4765625 0.3203125 1.3359375 -999.9 1.0703125 4.671875 4.609375 4.8515625 4.0234375 3.5859375 356.015625 56.9296875 0.78125 4.25 4.1875 3.546875 3.21875 2.9609375 325.0078125 23.9375 0.7265625 8.2734375 8.296875 6.3515625 5.671875 5.3125 63.875 54.3359375
20241203180000 63064.0 41.916672 -69.75 8.421875 311.328125 0.3046875 1.3203125 -999.9 1.0625 4.671875 4.6171875 4.84375 4.03125 3.6015625 354.7265625 56.5703125 0.7734375 4.25 4.1796875 3.5390625 3.203125 2.953125 323.171875 23.046875 0.734375 8.2734375 8.265625 6.265625 5.6171875 5.28125 59.0078125 54.6640625
20241203190000 63064.0 41.916672 -69.75 8.0234375 311.234375 0.2890625 1.28125 -999.9 1.046875 4.671875 4.640625 4.859375 4.046875 3.6171875 355.375 56.7421875 0.734375 4.25 4.171875 3.5078125 3.171875 2.921875 322.3125 22.4765625 0.7421875 5.140625 4.9765625 6.21875 5.5859375 5.2578125 56.125 55.0234375
20241203200000 63064.0 41.916672 -69.75 7.5234375 310.3984375 0.265625 1.234375 -999.9 1.0078125 4.671875 4.6640625 4.8984375 4.0625 3.6171875 357.921875 57.453125 0.671875 4.25 4.125 3.40625 3.0859375 2.84375 320.4375 21.53125 0.75 5.140625 4.9453125 6.109375 5.46875 5.140625 51.3515625 55.5078125
20241203210000 63064.0 41.916672 -69.75 7.3671875 306.734375 0.2578125 1.21875 -999.9 0.96875 4.671875 4.671875 4.921875 4.0546875 3.6015625 0.328125 58.421875 0.6171875 4.25 4.0625 3.3046875 2.9921875 2.7578125 318.515625 21.1328125 0.7421875 8.2734375 8.1953125 6.046875 5.390625 5.0390625 49.7578125 55.78125
20241203220000 63064.0 41.916672 -69.75 6.3203125 305.984375 0.2109375 1.1328125 -999.9 0.9140625 4.671875 4.65625 5.0 4.1015625 3.6328125 5.2578125 59.59375 0.5 3.859375 3.8046875 3.0546875 2.7734375 2.5625 313.7734375 19.8984375 0.7578125 4.671875 4.71875 5.8515625 5.1953125 4.859375 40.4453125 57.2265625
20241203230000 63064.0 41.916672 -69.75 6.7890625 301.75 0.234375 1.1640625 -999.9 0.8671875 4.671875 4.625 5.03125 4.0859375 3.59375 8.3046875 60.8671875 0.484375 3.859375 3.8359375 3.0390625 2.75 2.5390625 314.625 20.15625 0.71875 4.671875 4.703125 5.9375 5.2421875 4.890625 46.9921875 57.5625
20241204000000 63064.0 41.916672 -69.75 7.2265625 296.1328125 0.25 1.1953125 -999.9 0.8515625 8.2734375 8.15625 4.96875 4.0 3.515625 5.7734375 61.9609375 0.5 3.859375 3.78125 3.015625 2.734375 2.53125 313.3125 20.6171875 0.6953125 8.2734375 8.15625 5.9765625 5.2421875 4.859375 50.4765625 58.1953125
20241204010000 63064.0 41.916672 -69.75 7.4140625 293.7578125 0.2578125 1.2109375 -999.9 0.8515625 8.2734375 8.140625 4.8984375 3.9296875 3.453125 0.84375 62.5703125 0.515625 3.859375 3.7578125 3.015625 2.7421875 2.5390625 311.921875 21.3671875 0.671875 8.2734375 8.140625 5.9921875 5.25 4.875 51.671875 59.0625
20241204020000 63064.0 41.916672 -69.75 7.1015625 292.03125 0.2421875 1.1875 -999.9 0.8359375 8.2734375 8.125 4.8828125 3.9140625 3.4453125 357.59375 63.0390625 0.4921875 3.859375 3.71875 2.96875 2.6953125 2.5 308.796875 21.6015625 0.671875 8.2734375 8.125 5.9140625 5.1640625 4.796875 46.578125 60.46875
20241204030000 63064.0 41.916672 -69.75 6.796875 291.5625 0.234375 1.1640625 -999.9 0.8125 8.2734375 8.1015625 4.90625 3.921875 3.4453125 356.90625 63.7578125 0.4609375 3.5078125 3.671875 2.8828125 2.625 2.4296875 306.2265625 21.65625 0.671875 8.2734375 8.1015625 5.8515625 5.1015625 4.75 41.6953125 61.875
20241204040000 63064.0 41.916672 -69.75 6.15625 290.0625 0.203125 1.109375 -999.9 0.7734375 8.2734375 8.078125 4.984375 3.96875 3.4765625 359.546875 64.8125 0.390625 2.8984375 2.9609375 2.6875 2.4609375 2.2890625 302.6171875 21.1171875 0.671875 8.2734375 8.078125 5.75 4.9921875 4.640625 34.3828125 63.4140625
20241204050000 63064.0 41.916672 -69.75 5.4296875 288.4140625 0.171875 1.0390625 -999.9 0.734375 8.2734375 8.0546875 5.1171875 4.046875 3.5390625 5.78125 66.2578125 0.3046875 2.640625 2.7421875 2.4609375 2.265625 2.1171875 298.2265625 20.1015625 0.6640625 8.2734375 8.0546875 5.6796875 4.8671875 4.5 30.3046875 64.8671875
20241204060000 63064.0 41.916672 -69.75 5.0078125 281.5859375 0.15625 1.0 -999.9 0.6953125 8.2734375 8.03125 5.25 4.1328125 3.5859375 14.5 67.8828125 0.2421875 2.640625 2.5390625 2.2578125 2.0859375 1.9609375 291.4375 18.578125 0.6484375 8.2734375 8.03125 5.671875 4.78125 4.3671875 31.28125 66.28125
20241204070000 63064.0 41.916672 -69.75 5.265625 275.2421875 0.171875 1.0234375 -999.9 0.6640625 8.2734375 8.0078125 5.328125 4.125 3.546875 22.4609375 69.59375 0.234375 2.3984375 2.4375 2.2109375 2.0546875 1.921875 289.875 19.34375 0.6171875 8.2734375 8.0078125 5.7890625 4.84375 4.3984375 40.953125 67.296875
20241204080000 63064.0 41.916672 -69.75 5.734375 272.7734375 0.1875 1.0703125 -999.9 0.6484375 8.2734375 7.984375 5.2890625 3.9921875 3.3984375 24.203125 71.59375 0.265625 2.3984375 2.421875 2.2421875 2.078125 1.9453125 287.59375 21.65625 0.59375 8.2734375 7.984375 5.90625 4.921875 4.4609375 51.0703125 67.8203125
20241204090000 63064.0 41.916672 -69.75 6.4609375 278.984375 0.21875 1.125 -999.9 0.65625 8.2734375 7.9609375 5.1171875 3.828125 3.28125 8.8203125 73.9765625 0.34375 2.640625 2.625 2.4609375 2.28125 2.1328125 289.28125 26.46875 0.5625 8.2734375 7.9609375 6.1015625 5.1171875 4.65625 66.53125 67.1015625
20241204100000 63064.0 41.916672 -69.75 5.9140625 303.640625 0.1953125 1.0703125 -999.9 0.65625 8.2734375 7.953125 5.078125 3.8359375 3.3125 359.84375 74.5859375 0.359375 3.1875 3.0703125 2.671875 2.46875 2.3125 305.875 23.8359375 0.546875 8.2734375 7.953125 6.125 5.046875 4.5234375 88.265625 68.828125
20241204110000 63064.0 41.916672 -69.75 6.359375 314.0234375 0.2109375 1.109375 -999.9 0.65625 8.2734375 7.9609375 5.046875 3.78125 3.2578125 3.625 73.140625 0.4140625 3.5078125 3.4375 2.875 2.6328125 2.4453125 319.21875 22.921875 0.5 8.2734375 7.9609375 6.53125 5.390625 4.7578125 108.046875 62.6640625
20241204120000 63064.0 41.916672 -69.75 6.65625 323.859375 0.2265625 1.1484375 -999.9 0.6640625 8.2734375 8.0078125 4.9296875 3.6875 3.1796875 2.0078125 70.03125 0.484375 3.5078125 3.5859375 3.015625 2.7578125 2.5546875 328.265625 21.921875 0.453125 8.2734375 8.0078125 7.0703125 5.9453125 5.1640625 119.421875 52.171875
20241204130000 63064.0 41.916672 -69.75 6.6796875 326.765625 0.2265625 1.15625 -999.9 0.6796875 8.2734375 8.078125 4.828125 3.6328125 3.1484375 0.1328125 67.4375 0.515625 3.5078125 3.5625 3.0390625 2.7734375 2.5703125 330.9921875 21.53125 0.4453125 8.2734375 8.078125 7.2578125 6.2578125 5.546875 119.3359375 49.0625
20241204140000 63064.0 41.916672 -69.75 6.296875 326.421875 0.2109375 1.125 -999.9 0.671875 8.2734375 8.140625 4.828125 3.640625 3.1484375 1.8828125 66.9765625 0.5 3.5078125 3.5390625 3.0078125 2.7421875 2.5390625 330.40625 21.03125 0.453125 8.2734375 8.140625 7.0703125 6.0546875 5.40625 113.2421875 52.8515625
20241204150000 63064.0 41.916672 -69.75 5.9140625 319.3984375 0.1953125 1.09375 -999.9 0.6484375 8.2734375 8.1875 4.90625 3.671875 3.1640625 7.09375 68.1328125 0.4375 3.5078125 3.46875 2.8984375 2.6484375 2.4453125 326.2734375 19.796875 0.4765625 8.2734375 8.1875 6.625 5.5 4.8671875 99.8359375 59.3671875
20241204160000 63064.0 41.916672 -69.75 5.53125 310.0625 0.1796875 1.0546875 -999.9 0.6171875 8.2734375 8.21875 5.03125 3.7265625 3.1875 16.9296875 69.8203125 0.3515625 3.5078125 3.3828125 2.6796875 2.4375 2.25 318.6484375 17.609375 0.5078125 8.2734375 8.21875 6.125 4.9453125 4.3671875 79.4765625 65.1328125
20241204170000 63064.0 41.916672 -69.75 4.90625 296.1328125 0.15625 0.9921875 -999.9 0.578125 8.2734375 8.2421875 5.234375 3.8359375 3.25 35.7421875 71.1328125 0.2265625 2.640625 2.5625 2.25 2.0625 1.921875 308.3828125 16.265625 0.53125 8.2734375 8.2421875 5.78125 4.5546875 4.0078125 61.7578125 68.671875
20241204180000 63064.0 41.916672 -69.75 4.25 277.9609375 0.1328125 0.921875 -999.9 0.5390625 8.2734375 8.25 5.515625 4.0390625 3.390625 61.5 70.671875 0.125 2.1796875 2.1171875 1.8984375 1.765625 1.65625 293.6171875 12.8203125 0.5234375 8.2734375 8.25 5.734375 4.3828125 3.7734375 66.453125 69.453125
20241204190000 63064.0 41.916672 -69.75 3.8125 250.4765625 0.109375 0.8671875 -999.9 0.5 8.2734375 8.2578125 5.828125 4.3046875 3.59375 82.125 68.3203125 0.046875 1.984375 0.0 1.671875 1.5625 1.4765625 272.7890625 9.734375 0.5 8.2734375 8.2578125 5.859375 4.359375 3.6640625 82.1796875 68.2265625
20241204200000 63064.0 41.916672 -69.75 4.0234375 215.8671875 0.1171875 0.8828125 -999.9 0.46875 8.2734375 8.2578125 6.109375 4.5625 3.8046875 95.140625 65.3046875 0.0078125 1.984375 0.0 1.71875 1.609375 1.515625 229.8671875 17.578125 0.46875 8.2734375 8.2578125 6.109375 4.5625 3.8046875 95.1328125 65.296875
20241204210000 63064.0 41.916672 -69.75 5.375 199.03125 0.1640625 0.9765625 -999.9 0.4453125 8.2734375 8.2578125 6.359375 4.8203125 4.015625 103.9296875 62.0234375 0.015625 1.984375 0.0 1.8828125 1.7265625 1.6171875 206.3046875 20.453125 0.4453125 8.2734375 8.2578125 6.3671875 4.828125 4.0234375 103.8828125 62.015625
20241204220000 63064.0 41.916672 -69.75 5.8359375 200.3984375 0.1875 1.0078125 -999.9 0.421875 8.2734375 8.25 6.5703125 5.015625 4.15625 110.3125 58.65625 0.0390625 1.984375 0.0 1.8359375 1.6875 1.578125 203.296875 18.46875 0.421875 8.2734375 8.25 6.6015625 5.0859375 4.25 110.0078125 58.578125
20241204230000 63064.0 41.916672 -69.75 6.953125 195.390625 0.234375 1.109375 -999.9 0.4140625 8.2734375 8.2421875 6.46875 4.609375 3.6171875 116.515625 55.703125 0.109375 1.984375 0.0 1.765625 1.6328125 1.53125 201.171875 16.859375 0.3984375 8.2734375 8.2421875 6.8203125 5.34375 4.484375 114.3203125 55.1171875
20241205000000 63064.0 41.916672 -69.75 8.46875 184.828125 0.3046875 1.296875 -999.9 0.6328125 8.2734375 8.234375 4.171875 3.0234375 2.6640625 171.5390625 48.9921875 0.4921875 2.8984375 2.8203125 2.5625 2.3984375 2.2734375 189.6171875 27.71875 0.3984375 8.2734375 8.234375 6.671875 5.0546875 4.1484375 124.1953125 56.328125
20241205010000 63064.0 41.916672 -69.75 10.5546875 177.109375 0.40625 1.4609375 -999.9 0.7265625 3.1875 3.265625 4.0390625 3.171875 2.84375 170.484375 38.28125 0.640625 3.1875 3.2578125 3.0546875 2.78125 2.5859375 180.53125 25.0625 0.3515625 8.2734375 8.3125 7.375 6.1015625 5.265625 121.5390625 48.1015625
20241205020000 63064.0 41.916672 -69.75 12.6484375 176.6953125 0.5234375 1.71875 -999.9 1.015625 3.859375 3.84375 3.90625 3.3359375 3.0390625 172.765625 30.5859375 0.9921875 3.859375 3.84375 3.6953125 3.25 2.984375 175.15625 26.109375 0.234375 10.015625 9.625 7.578125 6.140625 5.328125 103.6328125 47.3984375
20241205030000 63064.0 41.916672 -69.75 14.78125 177.734375 0.65625 1.9609375 -999.9 1.3984375 4.671875 4.5546875 4.1953125 3.7265625 3.40625 175.71875 28.28125 1.3828125 4.671875 4.5546875 4.15625 3.7109375 3.3984375 176.375 26.6171875 0.171875 8.2734375 8.2421875 7.078125 5.328125 4.5234375 84.890625 47.375
20241205040000 63064.0 41.916672 -69.75 13.8203125 178.8359375 0.6015625 1.875 -999.9 1.6328125 5.140625 5.0859375 4.6015625 4.125 3.7734375 176.8359375 27.6171875 1.625 5.140625 5.0859375 4.5625 4.109375 3.765625 177.4765625 26.234375 0.2109375 9.1015625 9.0859375 6.71875 4.921875 4.03125 105.7578125 48.5234375
20241205050000 63064.0 41.916672 -69.75 12.0546875 187.2578125 0.4921875 1.6796875 -999.9 1.6484375 5.65625 5.4453125 4.8203125 4.3203125 3.9375 176.6640625 27.1953125 1.609375 5.65625 5.4375 4.7109375 4.265625 3.90625 179.1875 24.6328125 0.3828125 8.2734375 8.40625 6.7578125 5.484375 4.65625 124.1796875 26.3515625
20241205060000 63064.0 41.916672 -69.75 11.1875 188.484375 0.4453125 1.5859375 -999.9 1.59375 5.65625 5.5234375 4.890625 4.359375 3.96875 174.6796875 27.0859375 1.5234375 5.65625 5.5078125 4.7265625 4.265625 3.90625 178.6484375 23.6953125 0.46875 7.5234375 7.3828125 6.625 5.6796875 5.0078125 128.296875 22.78125
20241205070000 63064.0 41.916672 -69.75 11.3046875 194.75 0.453125 1.5859375 -999.9 1.5859375 5.65625 5.5625 4.9296875 4.3828125 3.984375 173.2734375 27.4375 1.484375 5.65625 5.5234375 4.71875 4.2421875 3.875 179.0390625 23.40625 0.5546875 6.8359375 6.90625 6.46875 5.7109375 5.15625 130.703125 18.109375
20241205080000 63064.0 41.916672 -69.75 10.0859375 213.1328125 0.390625 1.4765625 -999.9 1.5703125 5.65625 5.7109375 5.078125 4.4921875 4.0625 171.203125 29.4140625 1.203125 5.65625 5.484375 4.4140625 3.9453125 3.59375 190.640625 22.1328125 1.015625 6.21875 6.296875 6.0078125 5.578125 5.234375 145.171875 16.3046875
20241205090000 63064.0 41.916672 -69.75 9.4296875 227.578125 0.3515625 1.40625 -999.9 1.5625 6.21875 6.1328125 5.28125 4.6484375 4.1875 166.640625 31.7578125 0.90625 5.140625 5.140625 3.8984375 3.46875 3.1640625 204.5078125 22.7734375 1.2734375 6.21875 6.2578125 5.9921875 5.6171875 5.3203125 149.7890625 19.0546875
20241205100000 63064.0 41.916672 -69.75 12.0078125 237.984375 0.4765625 1.5859375 -999.9 1.6328125 6.21875 6.3828125 5.3828125 4.6875 4.2109375 165.984375 35.84375 0.96875 4.25 4.1328125 3.8515625 3.4375 3.15625 209.9140625 26.328125 1.3125 6.21875 6.46875 6.21875 5.8515625 5.5703125 145.9609375 19.0
20241205110000 63064.0 41.916672 -69.75 10.6875 246.8203125 0.4140625 1.5234375 -999.9 1.6640625 6.8359375 6.59375 5.4609375 4.7421875 4.2421875 167.71875 39.9453125 0.90625 3.859375 3.8671875 3.5546875 3.21875 2.96875 226.671875 29.6015625 1.3984375 6.8359375 6.59375 6.265625 5.9296875 5.6875 149.1875 21.703125
20241205120000 63064.0 41.916672 -69.75 9.1484375 249.75 0.34375 1.390625 -999.9 1.59375 6.8359375 6.7109375 5.546875 4.8046875 4.296875 168.3203125 42.0703125 0.8046875 3.859375 3.78125 3.3671875 3.0859375 2.859375 240.0078125 29.9765625 1.3828125 6.8359375 6.7109375 6.2890625 5.9296875 5.6796875 151.828125 23.8515625
20241205130000 63064.0 41.916672 -69.75 8.015625 251.625 0.2890625 1.28125 -999.9 1.4609375 6.8359375 6.8046875 5.6328125 4.84375 4.3046875 166.0234375 41.7578125 0.671875 3.5078125 3.59375 3.1796875 2.9140625 2.703125 245.46875 28.765625 1.296875 6.8359375 6.8046875 6.28125 5.875 5.59375 152.625 25.875
20241205140000 63064.0 41.916672 -69.75 8.2109375 252.1328125 0.296875 1.2890625 -999.9 1.34375 6.8359375 6.90625 5.671875 4.8125 4.2421875 163.8203125 41.6640625 0.609375 3.5078125 3.4453125 3.0546875 2.8046875 2.6015625 245.0625 29.3671875 1.1953125 6.8359375 6.90625 6.3515625 5.9140625 5.625 150.84375 25.5234375
20241205150000 63064.0 41.916672 -69.75 7.171875 260.453125 0.25 1.1953125 -999.9 1.2421875 6.8359375 6.9609375 5.765625 4.859375 4.2734375 160.8046875 41.3984375 0.5078125 3.1875 3.21875 2.8671875 2.6484375 2.46875 255.21875 26.9296875 1.1328125 6.8359375 6.9609375 6.34375 5.8359375 5.5078125 150.703125 26.1328125
20241205160000 63064.0 41.916672 -69.75 5.8828125 257.625 0.1953125 1.078125 -999.9 1.1484375 6.8359375 6.953125 5.9765625 5.046875 4.4375 156.375 39.1640625 0.3828125 3.1875 3.046875 2.65625 2.46875 2.3125 257.75 22.9765625 1.0859375 6.8359375 6.953125 6.3828125 5.796875 5.421875 150.125 29.078125
20241205170000 63064.0 41.916672 -69.75 7.0 245.0078125 0.234375 1.1484375 -999.9 1.1015625 6.8359375 6.9375 6.1015625 5.1015625 4.453125 154.7265625 38.28125 0.390625 2.8984375 2.8984375 2.6640625 2.484375 2.3359375 246.5625 26.6796875 1.03125 6.8359375 6.9375 6.5859375 6.0 5.625 147.59375 27.75
20241205180000 63064.0 41.916672 -69.75 10.5078125 243.546875 0.3984375 1.421875 -999.9 1.1328125 6.8359375 6.953125 5.875 4.7109375 4.0546875 160.859375 43.015625 0.5625 2.8984375 2.96875 2.875 2.65625 2.4921875 240.078125 32.890625 0.984375 6.8359375 6.953125 6.84375 6.28125 5.9296875 145.7890625 24.03125
20241205190000 63064.0 41.916672 -69.75 12.578125 251.3828125 0.4921875 1.5390625 -999.9 1.25 6.8359375 7.0625 5.5390625 4.5 3.984375 176.5 50.59375 0.7734375 3.5078125 3.46875 3.234375 3.0390625 2.8828125 247.296875 33.53125 0.984375 6.8359375 7.0625 6.9609375 6.375 6.0234375 147.0 21.8515625
20241205200000 63064.0 41.916672 -69.75 12.1796875 258.25 0.4921875 1.625 -999.9 1.390625 7.5234375 7.359375 5.3515625 4.3515625 3.84375 192.421875 54.734375 0.953125 3.859375 3.8671875 3.453125 3.1875 2.96875 254.9296875 32.71875 1.015625 7.5234375 7.359375 7.015625 6.3984375 6.0625 150.0234375 23.921875
20241205210000 63064.0 41.916672 -69.75 11.8671875 264.4296875 0.4765625 1.6171875 -999.9 1.46875 4.25 4.1796875 5.4296875 4.4296875 3.9296875 201.2890625 57.328125 1.0234375 4.25 4.09375 3.6015625 3.3125 3.078125 264.2109375 33.5078125 1.0546875 7.5234375 7.6015625 7.1328125 6.4765625 6.1171875 154.15625 26.4453125
20241205220000 63064.0 41.916672 -69.75 10.796875 271.3515625 0.421875 1.5390625 -999.9 1.4765625 4.25 4.2265625 5.6328125 4.5390625 4.0 205.6640625 60.625 1.0 4.25 4.09375 3.6328125 3.3203125 3.078125 276.3359375 32.734375 1.0859375 10.015625 9.8046875 7.3203125 6.578125 6.1796875 157.7421875 31.2109375
20241205230000 63064.0 41.916672 -69.75 12.21875 279.1015625 0.4921875 1.609375 -999.9 1.5 10.015625 10.0390625 5.7421875 4.609375 4.078125 221.3515625 64.7421875 1.078125 4.25 4.125 3.8046875 3.4921875 3.2421875 288.7109375 31.4375 1.046875 10.015625 10.0390625 7.7890625 6.984375 6.5390625 157.8828125 27.1015625
20241206000000 63064.0 41.916672 -69.75 13.484375 280.0 0.5625 1.734375 -999.9 1.6015625 4.671875 4.578125 5.71875 4.59375 4.0703125 249.71875 65.9453125 1.2421875 4.671875 4.5078125 3.9921875 3.6484375 3.3828125 294.34375 30.796875 1.0078125 10.015625 10.234375 8.328125 7.5390625 7.0859375 155.984375 28.5625
20241206010000 63064.0 41.916672 -69.75 15.15625 278.96875 0.6640625 1.9375 -999.9 1.7890625 4.671875 4.859375 5.609375 4.578125 4.078125 271.984375 62.0703125 1.4921875 4.671875 4.7890625 4.2265625 3.8515625 3.5625 295.75 31.1953125 0.984375 10.015625 10.4609375 8.75 8.0 7.5234375 154.390625 30.78125
20241206020000 63064.0 41.916672 -69.75 15.1796875 277.2109375 0.671875 1.9609375 -999.9 1.9375 5.140625 5.140625 5.6484375 4.6875 4.203125 279.96875 58.65625 1.65625 5.140625 5.0859375 4.4609375 4.0625 3.75 294.7734375 31.5859375 1.0078125 11.015625 10.6640625 8.8515625 8.0703125 7.5625 152.8359375 42.9453125
20241206030000 63064.0 41.916672 -69.75 15.2109375 276.2890625 0.671875 1.953125 -999.9 2.0078125 5.140625 5.3203125 5.7109375 4.765625 4.2734375 282.0078125 57.171875 1.734375 5.140625 5.25 4.59375 4.171875 3.8515625 293.984375 32.375 1.0078125 11.015625 10.828125 8.984375 8.1640625 7.59375 152.203125 47.7109375
20241206040000 63064.0 41.916672 -69.75 15.3828125 275.859375 0.6875 1.9765625 -999.9 2.0546875 5.65625 5.46875 5.75 4.8046875 4.3125 284.4453125 55.9609375 1.7890625 5.65625 5.421875 4.6875 4.2421875 3.90625 294.8828125 32.2578125 1.0078125 11.015625 10.9765625 9.1015625 8.21875 7.59375 152.8203125 49.203125
20241206050000 63064.0 41.916672 -69.75 15.359375 277.4609375 0.6796875 1.9765625 -999.9 2.09375 5.65625 5.5390625 5.796875 4.8515625 4.3515625 287.6875 54.5625 1.8359375 5.65625 5.515625 4.78125 4.3203125 3.9765625 296.7265625 31.140625 1.0 11.015625 11.125 9.1953125 8.234375 7.5625 153.703125 50.3984375
20241206060000 63064.0 41.916672 -69.75 15.109375 280.59375 0.6640625 1.953125 -999.9 2.1171875 5.65625 5.6875 5.8515625 4.90625 4.3984375 292.0 53.171875 1.875 5.65625 5.640625 4.8984375 4.4140625 4.046875 299.7421875 29.8203125 0.9765625 11.015625 11.2578125 9.3671875 8.34375 7.609375 153.90625 49.2578125
20241206070000 63064.0 41.916672 -69.75 15.0390625 285.3203125 0.6640625 1.953125 -999.9 2.1484375 6.21875 5.96875 5.890625 4.953125 4.4453125 297.765625 51.2109375 1.9375 6.21875 5.9453125 5.03125 4.515625 4.140625 304.0859375 28.1015625 0.9296875 11.015625 11.3828125 9.5859375 8.4765625 7.6171875 154.1015625 45.0390625
20241206080000 63064.0 41.916672 -69.75 14.953125 288.2421875 0.65625 1.9453125 -999.9 2.1875 6.21875 6.0625 5.9140625 5.0078125 4.5 302.671875 49.0078125 1.9921875 6.21875 6.0234375 5.1484375 4.6171875 4.2265625 307.109375 26.90625 0.8984375 11.015625 11.4609375 9.71875 8.6328125 7.7890625 152.125 46.03125
20241206090000 63064.0 41.916672 -69.75 14.8671875 289.9609375 0.65625 1.9296875 -999.9 2.203125 6.21875 6.1640625 5.921875 5.046875 4.5390625 306.265625 47.1640625 2.03125 6.21875 6.125 5.234375 4.6875 4.2890625 309.4140625 26.234375 0.8671875 11.015625 11.40625 9.7265625 8.609375 7.671875 150.2578125 47.6640625
20241206100000 63064.0 41.916672 -69.75 14.140625 289.9140625 0.609375 1.8515625 -999.9 2.1640625 6.21875 6.25 5.9296875 5.0625 4.546875 308.8984375 46.3515625 1.96875 6.21875 6.203125 5.2265625 4.6875 4.2890625 310.359375 25.734375 0.8828125 11.015625 11.2734375 9.390625 8.3125 7.4453125 143.328125 60.0625
20241206110000 63064.0 41.916672 -69.75 13.7734375 291.5234375 0.5859375 1.8046875 -999.9 2.0859375 6.21875 6.2421875 5.875 5.015625 4.5078125 310.96875 45.8671875 1.8984375 6.21875 6.1953125 5.1875 4.6484375 4.25 311.6015625 25.390625 0.8671875 11.015625 11.140625 9.1796875 8.0859375 7.234375 138.09375 63.84375
20241206120000 63064.0 41.916672 -69.75 14.1171875 292.0625 0.6015625 1.8359375 -999.9 2.0546875 6.21875 6.1796875 5.7734375 4.9375 4.4453125 312.3671875 44.828125 1.8828125 6.21875 6.1328125 5.1328125 4.6015625 4.203125 312.484375 25.5859375 0.8203125 11.015625 11.03125 9.0859375 8.03125 7.2265625 133.8046875 64.6015625
20241206130000 63064.0 41.916672 -69.75 14.5078125 294.8515625 0.6328125 1.8828125 -999.9 2.0859375 6.21875 6.1484375 5.6953125 4.9140625 4.4375 314.375 42.84375 1.9375 6.21875 6.125 5.1640625 4.6328125 4.234375 314.3984375 25.6171875 0.7734375 11.015625 10.9296875 9.09375 8.0234375 7.1640625 134.71875 62.5078125
20241206140000 63064.0 41.916672 -69.75 14.4765625 297.90625 0.6328125 1.890625 -999.9 2.1328125 6.21875 6.1875 5.6953125 4.953125 4.4765625 316.90625 40.7578125 2.0078125 6.21875 6.171875 5.2578125 4.71875 4.3125 316.8515625 25.3515625 0.71875 11.015625 10.8046875 9.0703125 8.015625 7.1796875 136.0 60.4765625
20241206150000 63064.0 41.916672 -69.75 14.2734375 300.15625 0.6171875 1.8671875 -999.9 2.1640625 6.21875 6.2734375 5.7109375 4.9921875 4.5234375 319.25 39.078125 2.0390625 6.21875 6.2421875 5.3203125 4.78125 4.3671875 318.5390625 24.875 0.71875 11.015625 10.6484375 8.8359375 7.8125 6.984375 124.296875 65.3984375
20241206160000 63064.0 41.916672 -69.75 14.0859375 302.5 0.609375 1.8515625 -999.9 2.1796875 6.21875 6.375 5.7265625 5.0234375 4.5546875 321.25 37.6640625 2.0625 6.21875 6.3203125 5.390625 4.8359375 4.4140625 320.2734375 24.4765625 0.6953125 10.015625 10.4609375 8.703125 7.7265625 6.953125 117.28125 66.328125
20241206170000 63064.0 41.916672 -69.75 13.8359375 304.5859375 0.59375 1.8203125 -999.9 2.171875 6.21875 6.4765625 5.734375 5.046875 4.578125 323.015625 36.546875 2.0703125 6.21875 6.3984375 5.4375 4.875 4.453125 321.9296875 24.1640625 0.6640625 10.015625 10.140625 8.6328125 7.625 6.8046875 113.8984375 65.96875
20241206180000 63064.0 41.916672 -69.75 13.25 306.203125 0.5546875 1.7578125 -999.9 2.125 6.8359375 6.515625 5.7421875 5.0546875 4.578125 324.71875 35.984375 2.0 6.21875 6.4296875 5.40625 4.8515625 4.4296875 322.671875 23.6015625 0.7109375 8.2734375 8.1640625 8.3671875 7.46875 6.7265625 72.171875 69.234375
20241206190000 63064.0 41.916672 -69.75 12.5703125 306.4609375 0.515625 1.6875 -999.9 2.03125 6.21875 6.4609375 5.7109375 5.015625 4.5390625 326.3125 36.046875 1.8984375 6.21875 6.390625 5.3671875 4.8046875 4.3828125 323.6171875 23.359375 0.7109375 8.2734375 8.1328125 8.15625 7.265625 6.5546875 56.421875 67.609375
20241206200000 63064.0 41.916672 -69.75 12.125 306.515625 0.4921875 1.6328125 -999.9 1.9296875 6.21875 6.390625 5.65625 4.9609375 4.484375 328.0078125 36.3203125 1.7734375 6.21875 6.2421875 5.234375 4.6875 4.28125 323.734375 23.1171875 0.7734375 7.5234375 7.7578125 7.859375 7.1015625 6.5 29.703125 62.5625
20241206210000 63064.0 41.916672 -69.75 11.875 304.34375 0.4765625 1.6328125 -999.9 1.859375 6.21875 6.3203125 5.578125 4.8671875 4.390625 329.4296875 36.734375 1.6796875 6.21875 6.1796875 5.125 4.5703125 4.1484375 323.765625 23.4140625 0.8046875 7.5234375 7.59375 7.59375 6.875 6.3203125 22.9609375 58.15625
20241206220000 63064.0 41.916672 -69.75 10.8359375 303.3359375 0.4296875 1.5546875 -999.9 1.765625 6.21875 6.3125 5.546875 4.8203125 4.3203125 331.2265625 37.359375 1.4921875 6.21875 6.046875 4.875 4.3359375 3.9375 321.6171875 23.3359375 0.9375 7.5234375 7.1875 7.265625 6.703125 6.2421875 8.890625 49.546875
20241206230000 63064.0 41.916672 -69.75 10.859375 298.5625 0.4296875 1.546875 -999.9 1.671875 6.21875 6.3203125 5.484375 4.734375 4.234375 332.1171875 38.2109375 1.3515625 6.21875 5.921875 4.65625 4.1328125 3.75 319.0234375 23.7890625 0.9921875 6.8359375 6.96875 7.03125 6.515625 6.1015625 5.2421875 45.4375
20241207000000 63064.0 41.916672 -69.75 10.84375 294.4609375 0.4296875 1.546875 -999.9 1.609375 6.21875 6.2734375 5.3984375 4.6484375 4.15625 331.859375 39.046875 1.2421875 5.65625 5.578125 4.4296875 3.9375 3.578125 315.3359375 24.359375 1.0234375 6.8359375 6.75 6.8125 6.34375 5.9765625 2.4765625 42.859375
20241207010000 63064.0 41.916672 -69.75 11.2890625 294.4921875 0.4453125 1.5625 -999.9 1.5703125 6.21875 6.1875 5.2890625 4.5703125 4.109375 330.4609375 39.453125 1.2734375 5.65625 5.6015625 4.46875 3.984375 3.6328125 316.4296875 25.265625 0.921875 6.8359375 6.703125 6.8515625 6.359375 6.0078125 6.3671875 45.4296875
20241207020000 63064.0 41.916672 -69.75 11.46875 295.90625 0.453125 1.578125 -999.9 1.5625 6.21875 6.0546875 5.1953125 4.5078125 4.0625 328.84375 39.1953125 1.296875 5.65625 5.5 4.453125 3.984375 3.640625 316.515625 25.4765625 0.8671875 6.8359375 6.578125 6.8359375 6.3671875 6.0234375 7.328125 46.9296875
20241207030000 63064.0 41.916672 -69.75 11.6796875 297.8515625 0.46875 1.6015625 -999.9 1.5625 5.65625 5.875 5.1171875 4.4609375 4.03125 327.2265625 38.515625 1.3671875 5.65625 5.5546875 4.5546875 4.078125 3.7265625 318.546875 25.5703125 0.765625 6.8359375 6.5859375 6.9375 6.3984375 6.0078125 13.25 51.78125
20241207040000 63064.0 41.916672 -69.75 12.0546875 299.4140625 0.484375 1.640625 -999.9 1.5859375 5.65625 5.71875 5.0625 4.4296875 4.015625 325.7421875 37.578125 1.4375 5.65625 5.5703125 4.6328125 4.15625 3.796875 319.875 25.5390625 0.6640625 6.8359375 6.640625 7.0625 6.4453125 6.015625 22.40625 57.0546875
20241207050000 63064.0 41.916672 -69.75 12.28125 299.125 0.5 1.6640625 -999.9 1.609375 5.65625 5.6640625 5.0234375 4.4140625 4.0078125 324.484375 36.7734375 1.4765625 5.65625 5.5546875 4.6484375 4.1796875 3.8203125 319.4375 25.3359375 0.6328125 6.8359375 6.53125 7.0546875 6.40625 5.953125 24.8828125 58.203125
20241207060000 63064.0 41.916672 -69.75 12.2578125 300.03125 0.5 1.6640625 -999.9 1.6171875 5.65625 5.6328125 5.0078125 4.4140625 4.0078125 323.5625 36.203125 1.5078125 5.65625 5.5546875 4.6796875 4.2109375 3.8515625 319.6484375 25.2578125 0.5859375 6.21875 6.4375 7.1796875 6.453125 5.9296875 32.9765625 61.3359375
20241207070000 63064.0 41.916672 -69.75 11.78125 295.84375 0.4765625 1.6171875 -999.9 1.5703125 5.65625 5.6171875 4.984375 4.3828125 3.9765625 322.453125 36.5703125 1.421875 5.65625 5.4921875 4.6015625 4.1328125 3.7734375 316.4765625 24.7578125 0.65625 6.21875 6.2734375 6.8046875 6.1484375 5.6875 16.296875 55.3125
20241207080000 63064.0 41.916672 -69.75 11.1953125 287.7421875 0.4453125 1.578125 -999.9 1.4765625 5.65625 5.578125 4.90625 4.2734375 3.8515625 320.4296875 38.359375 1.25 5.140625 5.296875 4.3203125 3.8671875 3.53125 309.703125 25.0625 0.78125 6.21875 6.1640625 6.421875 5.859375 5.453125 1.046875 47.9765625
20241207090000 63064.0 41.916672 -69.75 11.0234375 281.6953125 0.4375 1.5546875 -999.9 1.375 5.65625 5.515625 4.796875 4.1484375 3.7421875 317.515625 40.578125 1.140625 5.140625 5.109375 4.125 3.6875 3.3671875 304.296875 26.3515625 0.7734375 6.21875 6.0625 6.25 5.6796875 5.3046875 357.6953125 47.71875
20241207100000 63064.0 41.916672 -69.75 11.421875 281.703125 0.453125 1.59375 -999.9 1.3359375 5.140625 5.3515625 4.6875 4.046875 3.6484375 314.15625 41.609375 1.1328125 5.140625 4.9765625 4.046875 3.6328125 3.3203125 302.984375 27.734375 0.703125 6.21875 6.015625 6.34375 5.7578125 5.3828125 0.046875 51.6875
20241207110000 63064.0 41.916672 -69.75 11.25 282.765625 0.4453125 1.578125 -999.9 1.328125 5.140625 5.1796875 4.640625 4.015625 3.6328125 312.40625 41.5 1.140625 5.140625 4.9453125 4.0390625 3.6328125 3.328125 302.578125 27.8828125 0.671875 6.21875 5.9375 6.359375 5.7578125 5.3828125 0.5703125 53.703125
20241207120000 63064.0 41.916672 -69.75 10.8828125 285.828125 0.4296875 1.546875 -999.9 1.3046875 5.140625 5.171875 4.625 4.0078125 3.625 312.25 41.0703125 1.1484375 5.140625 4.9453125 4.1015625 3.6875 3.375 304.6484375 27.3828125 0.6171875 6.21875 5.9296875 6.4296875 5.75 5.328125 5.5703125 57.9375
20241207130000 63064.0 41.916672 -69.75 10.3828125 288.46875 0.3984375 1.4921875 -999.9 1.2578125 5.140625 5.1328125 4.6015625 3.9765625 3.6015625 312.78125 40.8203125 1.109375 4.671875 4.875 4.0703125 3.65625 3.3515625 305.75 26.453125 0.59375 5.65625 5.8671875 6.4375 5.7265625 5.28125 5.28125 59.6171875
20241207140000 63064.0 41.916672 -69.75 9.1953125 284.421875 0.34375 1.390625 -999.9 1.15625 5.140625 5.0546875 4.578125 3.9296875 3.546875 312.9375 42.1484375 0.9453125 4.671875 4.6328125 3.828125 3.453125 3.1640625 301.0859375 25.5 0.6640625 5.65625 5.6171875 6.09375 5.4609375 5.078125 352.265625 53.5546875
20241207150000 63064.0 41.916672 -69.75 9.3203125 283.0859375 0.3515625 1.390625 -999.9 1.0703125 5.140625 4.9296875 4.4921875 3.8125 3.4296875 311.125 43.828125 0.890625 4.671875 4.5078125 3.734375 3.359375 3.0859375 300.375 25.8203125 0.59375 5.65625 5.5625 6.1796875 5.4375 5.0 357.71875 57.9296875
20241207160000 63064.0 41.916672 -69.75 9.1328125 284.875 0.3359375 1.375 -999.9 1.0234375 4.671875 4.6015625 4.421875 3.734375 3.359375 310.34375 44.546875 0.859375 4.25 4.2890625 3.6796875 3.3125 3.046875 301.0 25.71875 0.546875 5.65625 5.4609375 6.2578125 5.4296875 4.96875 3.9375 61.3984375
20241207170000 63064.0 41.916672 -69.75 8.3984375 279.5859375 0.3046875 1.3125 -999.9 0.9609375 4.671875 4.5390625 4.4296875 3.7109375 3.3359375 311.03125 46.015625 0.75 3.859375 4.03125 3.46875 3.140625 2.890625 296.234375 25.25 0.6015625 5.140625 5.2890625 5.8984375 5.15625 4.75 351.1171875 56.328125
20241207180000 63064.0 41.916672 -69.75 7.6953125 269.859375 0.2734375 1.25 -999.9 0.8828125 4.671875 4.5859375 4.46875 3.6875 3.3046875 311.109375 48.9765625 0.5859375 3.5078125 3.515625 3.1015625 2.828125 2.625 285.0703125 25.140625 0.65625 5.140625 4.9375 5.5546875 4.875 4.5234375 340.8203125 52.375
20241207190000 63064.0 41.916672 -69.75 7.5703125 261.6328125 0.265625 1.2265625 -999.9 0.8125 5.140625 4.90625 4.4921875 3.6484375 3.25 309.265625 52.546875 0.5078125 3.1875 3.2109375 2.890625 2.65625 2.4765625 275.890625 24.8828125 0.6328125 5.140625 4.9140625 5.5 4.765625 4.40625 339.625 53.9921875
20241207200000 63064.0 41.916672 -69.75 7.78125 264.71875 0.2734375 1.234375 -999.9 0.765625 5.140625 4.9296875 4.4765625 3.578125 3.1875 305.8515625 55.3359375 0.5078125 3.1875 3.1875 2.8984375 2.671875 2.4921875 276.4453125 26.7109375 0.578125 5.140625 4.9453125 5.703125 4.8828125 4.5 346.09375 58.671875
20241207210000 63064.0 41.916672 -69.75 7.7421875 269.4609375 0.2734375 1.234375 -999.9 0.75 10.015625 9.859375 4.4296875 3.5234375 3.1328125 303.5625 56.6953125 0.5234375 3.1875 3.2109375 2.9296875 2.6953125 2.515625 280.0703125 27.9453125 0.53125 10.015625 9.859375 5.8671875 4.984375 4.5859375 353.78125 63.0078125
20241207220000 63064.0 41.916672 -69.75 6.7265625 277.796875 0.2265625 1.15625 -999.9 0.71875 10.015625 9.890625 4.4921875 3.5546875 3.15625 307.2109375 58.03125 0.46875 3.1875 3.1328125 2.8359375 2.609375 2.4375 283.234375 25.421875 0.546875 10.015625 9.890625 5.6953125 4.8125 4.453125 348.2421875 64.8828125
20241207230000 63064.0 41.916672 -69.75 6.4453125 274.8828125 0.21875 1.125 -999.9 0.6796875 10.015625 9.90625 4.59375 3.5859375 3.171875 312.65625 59.609375 0.40625 2.8984375 2.9765625 2.7109375 2.5 2.3359375 281.8828125 24.53125 0.546875 10.015625 9.90625 5.6484375 4.7421875 4.3671875 349.234375 63.9296875
20241208000000 63064.0 41.916672 -69.75 5.6796875 266.5625 0.1875 1.0546875 -999.9 0.6328125 10.015625 9.90625 4.75 3.65625 3.2109375 318.328125 61.9609375 0.3203125 2.8984375 2.8203125 2.4921875 2.3125 2.171875 273.421875 22.0390625 0.546875 10.015625 9.90625 5.5390625 4.5703125 4.1875 346.984375 63.078125
20241208010000 63064.0 41.916672 -69.75 5.203125 259.625 0.1640625 1.015625 -999.9 0.5859375 10.015625 9.9140625 4.9375 3.734375 3.25 325.3671875 64.875 0.2578125 2.640625 2.6171875 2.328125 2.171875 2.046875 265.9375 19.3671875 0.53125 10.015625 9.9140625 5.5625 4.5 4.078125 349.7734375 64.34375
20241208020000 63064.0 41.916672 -69.75 4.8125 244.4765625 0.1484375 0.9765625 -999.9 0.5546875 10.015625 9.90625 5.140625 3.8203125 3.2890625 335.6484375 67.6875 0.203125 2.3984375 2.4609375 2.1640625 2.015625 1.8984375 255.9140625 16.34375 0.515625 10.015625 9.90625 5.6015625 4.421875 3.953125 353.65625 66.1875
20241208030000 63064.0 41.916672 -69.75 5.15625 226.71875 0.1640625 0.9921875 -999.9 0.5234375 10.015625 9.8984375 5.28125 3.8359375 3.2578125 348.046875 70.09375 0.1796875 2.3984375 2.3359375 2.109375 1.9609375 1.84375 245.6171875 18.1640625 0.4921875 10.015625 9.8984375 5.7265625 4.421875 3.875 4.390625 67.484375
20241208040000 63064.0 41.916672 -69.75 6.21875 213.8046875 0.203125 1.0859375 -999.9 0.546875 10.015625 9.890625 5.0078125 3.5390625 3.0 327.375 73.9140625 0.25 2.3984375 2.3828125 2.2421875 2.0625 1.9296875 235.4375 19.78125 0.484375 10.015625 9.890625 5.734375 4.3515625 3.7890625 8.2890625 69.125
20241208050000 63064.0 41.916672 -69.75 7.640625 212.5 0.265625 1.1953125 -999.9 0.59375 10.015625 9.8828125 4.609375 3.3671875 2.9609375 235.46875 72.0546875 0.3828125 2.8984375 2.8046875 2.578125 2.4296875 2.296875 224.078125 22.359375 0.453125 10.015625 9.8828125 6.046875 4.6484375 4.0625 28.84375 69.8671875
20241208060000 63064.0 41.916672 -69.75 8.6875 218.0234375 0.3125 1.2890625 -999.9 0.6484375 10.015625 9.875 4.328125 3.265625 2.90625 212.3828125 62.7265625 0.5 3.1875 3.078125 2.796875 2.6171875 2.4609375 219.3203125 24.265625 0.4140625 10.015625 9.875 6.5625 5.1484375 4.5 61.3671875 67.875
20241208070000 63064.0 41.916672 -69.75 9.59375 226.3203125 0.359375 1.390625 -999.9 0.734375 3.5078125 3.375 4.09375 3.2109375 2.890625 207.9609375 53.2421875 0.625 3.1875 3.3046875 2.9765625 2.75 2.5703125 217.046875 25.515625 0.390625 10.015625 9.8671875 6.984375 5.6484375 5.0546875 89.34375 63.8984375
20241208080000 63064.0 41.916672 -69.75 10.453125 232.5546875 0.40625 1.484375 -999.9 0.84375 3.5078125 3.609375 3.9765625 3.2421875 2.9296875 207.1484375 46.5 0.75 3.5078125 3.5546875 3.15625 2.8984375 2.6953125 216.953125 27.96875 0.390625 10.015625 9.859375 6.984375 5.7421875 5.1796875 117.8984375 57.0078125
20241208090000 63064.0 41.916672 -69.75 10.7421875 231.609375 0.421875 1.515625 -999.9 0.96875 3.859375 3.9375 4.0234375 3.3984375 3.0859375 205.3046875 42.7734375 0.875 3.859375 3.859375 3.390625 3.1015625 2.875 215.3828125 30.546875 0.4296875 10.015625 9.859375 6.65625 5.625 5.15625 137.8125 49.1796875
20241208100000 63064.0 41.916672 -69.75 12.734375 230.8203125 0.5234375 1.7109375 -999.9 1.171875 4.25 4.3515625 4.1171875 3.5625 3.25 204.4296875 39.8203125 1.0859375 4.25 4.2890625 3.6953125 3.3515625 3.09375 211.71875 32.375 0.4375 10.015625 9.8515625 6.7734375 5.8671875 5.40625 141.3125 44.234375
20241208110000 63064.0 41.916672 -69.75 12.8203125 219.4296875 0.53125 1.7421875 -999.9 1.3828125 4.671875 4.84375 4.40625 3.875 3.53125 198.0234375 35.484375 1.3203125 4.671875 4.828125 4.15625 3.75 3.4453125 200.8515625 29.4453125 0.4140625 10.015625 9.84375 6.921875 5.8125 5.1953125 137.8203125 58.46875
20241208120000 63064.0 41.916672 -69.75 12.6484375 217.09375 0.5234375 1.7265625 -999.9 1.53125 5.140625 5.171875 4.6953125 4.140625 3.765625 193.203125 31.984375 1.453125 5.140625 5.1484375 4.4609375 4.0078125 3.6640625 196.625 27.21875 0.4609375 6.8359375 6.7109375 7.0390625 6.09375 5.453125 144.5625 46.09375
20241208130000 63064.0 41.916672 -69.75 12.0234375 221.7265625 0.4921875 1.6640625 -999.9 1.5703125 5.65625 5.5234375 4.890625 4.2890625 3.8828125 191.5078125 31.0234375 1.4375 5.65625 5.3828125 4.5078125 4.0390625 3.6953125 198.65625 26.5859375 0.640625 6.8359375 6.6484375 6.7890625 6.1796875 5.671875 153.765625 27.7890625
20241208140000 63064.0 41.916672 -69.75 13.1328125 227.1484375 0.546875 1.7578125 -999.9 1.6328125 5.65625 5.578125 4.953125 4.328125 3.9140625 192.890625 31.671875 1.484375 5.65625 5.4921875 4.546875 4.0625 3.703125 201.015625 27.8359375 0.6796875 6.8359375 6.8828125 6.8671875 6.3046875 5.8359375 154.6484375 21.8828125
20241208150000 63064.0 41.916672 -69.75 12.5 239.1328125 0.5078125 1.671875 -999.9 1.640625 5.65625 5.65625 5.0546875 4.421875 4.0 195.1015625 34.3984375 1.3046875 5.140625 5.1015625 4.2421875 3.828125 3.515625 213.8125 30.1953125 0.984375 6.8359375 6.609375 6.484375 6.09375 5.78125 165.28125 17.5546875
20241208160000 63064.0 41.916672 -69.75 12.1796875 258.4765625 0.4921875 1.6328125 -999.9 1.59375 5.65625 5.75 5.0703125 4.40625 3.984375 200.28125 40.4609375 1.0703125 4.25 4.1875 3.7578125 3.421875 3.171875 241.546875 32.8359375 1.1796875 6.21875 6.0625 6.15625 5.78125 5.53125 172.96875 17.3203125
20241208170000 63064.0 41.916672 -69.75 11.671875 255.2421875 0.46875 1.59375 -999.9 1.5078125 5.65625 5.6953125 5.0078125 4.328125 3.9140625 206.9296875 45.1171875 1.0625 4.25 4.1171875 3.7265625 3.40625 3.1640625 248.296875 34.6328125 1.078125 6.21875 5.9375 6.2578125 5.875 5.6484375 173.5 24.03125
20241208180000 63064.0 41.916672 -69.75 11.140625 250.8359375 0.4375 1.5703125 -999.9 1.40625 5.65625 5.515625 4.8984375 4.1875 3.7734375 210.5 45.7734375 1.0390625 4.25 4.1328125 3.71875 3.3828125 3.125 243.6171875 34.3046875 0.9453125 5.65625 5.8046875 6.328125 5.8828125 5.6171875 173.1484375 31.703125
20241208190000 63064.0 41.916672 -69.75 10.703125 248.9375 0.421875 1.53125 -999.9 1.296875 4.25 4.265625 4.8046875 4.0703125 3.65625 212.390625 45.453125 0.984375 4.25 4.1015625 3.640625 3.3203125 3.0703125 241.765625 33.03125 0.84375 5.65625 5.6015625 6.375 5.859375 5.546875 172.7265625 34.234375
20241208200000 63064.0 41.916672 -69.75 10.2265625 250.6328125 0.390625 1.484375 -999.9 1.1953125 4.25 4.1796875 4.7265625 3.9609375 3.546875 213.8203125 45.8515625 0.90625 3.859375 3.953125 3.515625 3.2109375 2.9765625 243.640625 31.8515625 0.78125 5.140625 5.3515625 6.3671875 5.78125 5.4453125 172.4453125 34.9296875
20241208210000 63064.0 41.916672 -69.75 9.4921875 254.9921875 0.359375 1.421875 -999.9 1.1015625 3.859375 3.96875 4.703125 3.890625 3.4765625 214.9921875 47.5078125 0.8203125 3.859375 3.796875 3.3828125 3.1015625 2.875 249.046875 31.28125 0.734375 5.140625 5.1875 6.3515625 5.6953125 5.3359375 172.296875 34.796875
20241208220000 63064.0 41.916672 -69.75 7.96875 262.3828125 0.2890625 1.28125 -999.9 0.9921875 9.1015625 8.953125 4.8046875 3.890625 3.453125 213.453125 50.28125 0.671875 3.5078125 3.59375 3.1796875 2.921875 2.7109375 259.375 28.6953125 0.7265625 9.1015625 8.953125 6.21875 5.46875 5.0703125 174.6015625 36.5625
20241208230000 63064.0 41.916672 -69.75 7.9921875 264.7734375 0.2890625 1.2734375 -999.9 0.90625 9.1015625 9.046875 4.90625 3.8671875 3.3984375 212.7734375 53.453125 0.609375 3.5078125 3.4453125 3.0546875 2.8125 2.6171875 265.2265625 28.203125 0.671875 9.1015625 9.046875 6.3984375 5.5546875 5.1015625 171.578125 38.0625
20241209000000 63064.0 41.916672 -69.75 8.75 270.5625 0.3203125 1.328125 -999.9 0.8828125 9.1015625 9.1015625 4.875 3.796875 3.328125 220.484375 57.5 0.625 3.5078125 3.421875 3.0703125 2.8203125 2.625 273.8203125 29.15625 0.625 9.1015625 9.1015625 6.6953125 5.8125 5.328125 167.078125 36.53125
20241209010000 63064.0 41.916672 -69.75 9.921875 277.9453125 0.375 1.4296875 -999.9 0.9375 9.1015625 9.1171875 4.7109375 3.7109375 3.28125 244.1484375 61.03125 0.734375 3.5078125 3.5078125 3.2421875 2.9609375 2.75 287.0546875 29.4453125 0.5859375 9.1015625 9.1171875 6.9765625 6.078125 5.578125 163.8984375 31.2109375
20241209020000 63064.0 41.916672 -69.75 10.046875 283.7421875 0.3828125 1.4609375 -999.9 1.0234375 3.859375 3.859375 4.6171875 3.734375 3.328125 270.84375 60.3671875 0.84375 3.859375 3.8359375 3.4609375 3.1484375 2.9140625 296.5859375 27.90625 0.578125 9.1015625 9.1328125 7.0546875 6.1484375 5.625 162.8125 36.375
20241209030000 63064.0 41.916672 -69.75 9.6171875 283.6875 0.359375 1.421875 -999.9 1.0703125 4.25 4.171875 4.65625 3.828125 3.421875 284.78125 58.796875 0.8828125 4.25 4.0703125 3.59375 3.2578125 3.0078125 299.625 26.6953125 0.609375 9.1015625 9.1484375 6.8671875 6.0078125 5.5234375 161.8984375 55.265625
20241209040000 63064.0 41.916672 -69.75 8.9296875 281.9140625 0.328125 1.359375 -999.9 1.0625 4.25 4.421875 4.734375 3.890625 3.4765625 290.15625 58.8828125 0.8359375 4.25 4.125 3.5625 3.234375 2.9765625 299.0390625 26.078125 0.65625 9.1015625 9.171875 6.6015625 5.7890625 5.328125 164.3515625 69.859375
20241209050000 63064.0 41.916672 -69.75 8.5234375 282.625 0.3125 1.3203125 -999.9 1.03125 4.671875 4.546875 4.796875 3.9140625 3.484375 292.0234375 59.6328125 0.78125 4.25 4.1796875 3.515625 3.1875 2.9375 299.6171875 25.46875 0.6640625 9.1015625 9.203125 6.5546875 5.7421875 5.2734375 167.8125 73.078125
20241209060000 63064.0 41.916672 -69.75 8.0703125 289.671875 0.2890625 1.28125 -999.9 0.9921875 9.1015625 9.2421875 4.84375 3.9296875 3.484375 294.2890625 60.4921875 0.7578125 4.25 4.1171875 3.5234375 3.1875 2.9375 303.234375 23.953125 0.6484375 9.1015625 9.2421875 6.6484375 5.7734375 5.2421875 165.1640625 70.8359375
20241209070000 63064.0 41.916672 -69.75 6.953125 299.609375 0.2421875 1.1796875 -999.9 0.9296875 9.1015625 9.265625 4.96875 3.984375 3.5078125 296.953125 63.125 0.65625 4.25 4.0625 3.390625 3.078125 2.8359375 306.9765625 21.984375 0.6640625 9.1015625 9.265625 6.5234375 5.6171875 5.078125 177.109375 73.765625
20241209080000 63064.0 41.916672 -69.75 5.9140625 314.90625 0.1953125 1.0859375 -999.9 0.84375 9.1015625 9.28125 5.171875 4.0703125 3.5546875 296.9921875 68.0703125 0.4765625 3.859375 3.71875 3.0 2.75 2.5546875 314.84375 20.1015625 0.703125 9.1015625 9.28125 6.15625 5.2109375 4.6875 229.015625 75.6796875
20241209090000 63064.0 41.916672 -69.75 5.953125 331.171875 0.1953125 1.078125 -999.9 0.78125 9.1015625 9.296875 5.34375 4.1328125 3.5703125 297.53125 72.90625 0.4296875 3.859375 3.71875 2.9296875 2.6796875 2.484375 327.6640625 20.9296875 0.65625 9.1015625 9.296875 6.3984375 5.421875 4.8828125 192.6015625 73.0234375
20241209100000 63064.0 41.916672 -69.75 4.3515625 346.578125 0.1328125 0.9453125 -999.9 0.734375 9.1015625 9.3046875 5.5859375 4.3359375 3.734375 302.078125 77.2734375 0.1953125 2.640625 2.515625 2.0625 1.921875 1.8046875 345.7578125 19.265625 0.7109375 9.1015625 9.3046875 5.84375 4.78125 4.296875 276.3515625 78.1484375
20241209110000 63064.0 41.916672 -69.75 1.6328125 350.71875 0.0390625 0.671875 -999.9 0.703125 9.1015625 9.3203125 5.78125 4.578125 3.96875 343.6171875 79.8359375 0.0 1.0 0.0 1.0 1.0 1.0 180.0 0.0 0.703125 9.1015625 9.3203125 5.78125 4.578125 3.96875 343.6171875 79.8359375
20241209120000 63064.0 41.916672 -69.75 1.3125 27.0078125 0.03125 0.6328125 -999.9 0.6875 9.1015625 9.3203125 5.8671875 4.703125 4.109375 57.765625 79.2265625 0.0 1.0 0.0 1.0 1.0 1.0 180.0 0.0 0.6875 9.1015625 9.3203125 5.8671875 4.703125 4.109375 57.765625 79.2265625
20241209130000 63064.0 41.916672 -69.75 0.625 222.6875 0.015625 0.515625 -999.9 0.671875 9.1015625 9.296875 5.8984375 4.7734375 4.1953125 74.359375 77.890625 0.0 1.0 0.0 1.0 1.0 1.0 180.0 0.0 0.671875 9.1015625 9.296875 5.8984375 4.7734375 4.1953125 74.359375 77.890625
20241209140000 63064.0 41.916672 -69.75 0.9296875 185.71875 0.0234375 0.5625 -999.9 0.65625 9.1015625 9.2578125 5.90625 4.8125 4.25 79.140625 76.5703125 0.0 1.0 0.0 1.0 1.0 1.0 180.0 0.0 0.65625 9.1015625 9.2578125 5.90625 4.8125 4.25 79.140625 76.5703125
20241209150000 63064.0 41.916672 -69.75 2.6015625 163.9375 0.0703125 0.7578125 -999.9 0.640625 9.1015625 9.203125 5.890625 4.8359375 4.2890625 81.1953125 75.3515625 0.0 1.0 0.0 1.0 1.0 1.0 180.0 0.0 0.640625 9.1015625 9.203125 5.890625 4.8359375 4.2890625 81.1953125 75.3515625
20241209160000 63064.0 41.916672 -69.75 3.203125 167.671875 0.09375 0.8125 -999.9 0.6171875 9.1015625 9.125 5.8671875 4.84375 4.3046875 83.921875 74.328125 0.0 1.0 0.0 1.0 1.0 1.0 180.0 0.0 0.6171875 9.1015625 9.125 5.8671875 4.84375 4.3046875 83.921875 74.328125
20241209170000 63064.0 41.916672 -69.75 3.2265625 156.5078125 0.09375 0.8125 -999.9 0.6015625 9.1015625 9.046875 5.84375 4.84375 4.3203125 87.84375 73.421875 0.0 1.984375 0.0 1.6484375 1.546875 1.4609375 157.5 0.0 0.6015625 9.1015625 9.046875 5.84375 4.84375 4.3203125 87.84375 73.421875
20241209180000 63064.0 41.916672 -69.75 3.3984375 143.2421875 0.1015625 0.828125 -999.9 0.578125 9.1015625 8.984375 5.8125 4.8359375 4.3203125 91.6640625 72.421875 0.015625 1.984375 0.0 1.6484375 1.546875 1.4609375 145.6015625 9.4296875 0.578125 9.1015625 8.984375 5.8125 4.84375 4.328125 91.6484375 72.421875
20241209190000 63064.0 41.916672 -69.75 4.0625 125.5546875 0.1171875 0.8828125 -999.9 0.5625 9.1015625 8.921875 5.7890625 4.8359375 4.328125 93.53125 71.3046875 0.0234375 2.3984375 2.2890625 1.96875 1.8515625 1.7421875 144.3515625 7.7265625 0.5625 9.1015625 8.921875 5.796875 4.8515625 4.3515625 93.2890625 71.328125
20241209200000 63064.0 41.916672 -69.75 5.21875 112.5546875 0.1640625 0.96875 -999.9 0.5546875 9.1015625 8.8828125 5.75 4.8203125 4.3046875 94.1171875 70.15625 0.0546875 2.640625 2.53125 2.0390625 1.875 1.7578125 139.71875 23.0546875 0.546875 9.1015625 8.8828125 5.78125 4.8828125 4.40625 93.3828125 70.2421875
20241209210000 63064.0 41.916672 -69.75 6.6484375 105.25 0.21875 1.0703125 -999.9 0.546875 9.1015625 8.84375 5.6484375 4.640625 4.0546875 95.546875 68.890625 0.109375 1.984375 0.0 2.0078125 1.828125 1.6953125 122.34375 37.4609375 0.5390625 9.1015625 8.84375 5.796875 4.953125 4.5078125 94.015625 69.296875
20241209220000 63064.0 41.916672 -69.75 7.8359375 101.6484375 0.28125 1.2578125 -999.9 0.59375 9.1015625 8.8125 4.921875 3.5625 2.921875 104.75 65.234375 0.28125 2.1796875 2.0859375 1.9921875 1.8203125 1.6953125 119.3828125 32.1796875 0.5234375 9.1015625 8.8125 5.7890625 4.9609375 4.5234375 98.34375 68.5390625
20241209230000 63064.0 41.916672 -69.75 9.0703125 100.984375 0.328125 1.296875 -999.9 0.6796875 9.1015625 8.78125 4.3671875 3.4140625 3.03125 107.6171875 56.0625 0.4453125 2.8984375 2.765625 2.6015625 2.4375 2.3046875 107.2578125 31.90625 0.515625 9.1015625 8.78125 5.7109375 4.9140625 4.5234375 108.296875 67.5625
20241210000000 63064.0 41.916672 -69.75 9.8046875 98.5625 0.3671875 1.3828125 -999.9 0.78125 3.1875 3.21875 4.046875 3.328125 3.0078125 105.1640625 49.8984375 0.6015625 3.1875 3.171875 2.9453125 2.7265625 2.5546875 101.9765625 31.2109375 0.5 9.1015625 8.7421875 5.6171875 4.859375 4.5078125 115.921875 66.390625
20241210010000 63064.0 41.916672 -69.75 10.1953125 99.015625 0.390625 1.46875 -999.9 0.921875 3.5078125 3.6484375 3.9140625 3.359375 3.0625 102.7578125 45.6171875 0.7734375 3.5078125 3.5703125 3.25 2.96875 2.7578125 100.609375 31.546875 0.5078125 9.1015625 8.8125 5.484375 4.828125 4.5234375 114.6328125 66.1171875
20241210020000 63064.0 41.916672 -69.75 11.75 100.6015625 0.4765625 1.6171875 -999.9 1.1171875 4.25 4.0625 3.96875 3.515625 3.2265625 101.0859375 42.53125 1.0 3.859375 3.984375 3.6328125 3.296875 3.046875 102.15625 32.640625 0.4921875 4.671875 4.6328125 5.3671875 4.8359375 4.5859375 89.0859375 68.1953125
20241210030000 63064.0 41.916672 -69.75 11.2734375 104.921875 0.4453125 1.5703125 -999.9 1.2890625 4.671875 4.4921875 4.2109375 3.796875 3.5 101.21875 41.578125 1.15625 4.25 4.375 3.9453125 3.6015625 3.328125 105.53125 31.7421875 0.5703125 4.671875 4.8125 5.2890625 4.875 4.65625 62.1640625 62.75
20241210040000 63064.0 41.916672 -69.75 10.0390625 95.96875 0.3828125 1.453125 -999.9 1.3671875 4.671875 4.75 4.4453125 4.0390625 3.7265625 98.7265625 41.9140625 1.1640625 4.671875 4.640625 4.109375 3.765625 3.484375 97.328125 29.53125 0.71875 5.140625 5.15625 5.328125 4.984375 4.7578125 106.71875 63.21875
20241210050000 63064.0 41.916672 -69.75 9.8046875 88.1328125 0.3671875 1.4296875 -999.9 1.4296875 5.140625 5.0546875 4.625 4.203125 3.875 95.296875 42.3671875 1.1953125 5.140625 4.9375 4.28125 3.8984375 3.59375 88.6484375 28.59375 0.796875 5.140625 5.3828125 5.390625 5.078125 4.859375 123.65625 59.0390625
20241210060000 63064.0 41.916672 -69.75 8.8828125 83.484375 0.328125 1.3515625 -999.9 1.4921875 5.140625 5.234375 4.8046875 4.3671875 4.0234375 92.6953125 43.0 1.1640625 5.140625 5.0859375 4.3828125 3.9765625 3.6484375 81.75 25.8515625 0.9296875 5.65625 5.5546875 5.4765625 5.1796875 4.96875 122.046875 55.21875
20241210070000 63064.0 41.916672 -69.75 7.6796875 74.40625 0.2734375 1.25 -999.9 1.515625 5.65625 5.5078125 4.9921875 4.5390625 4.1796875 89.4375 43.7890625 0.9765625 5.140625 5.1171875 4.21875 3.796875 3.46875 75.3828125 22.1328125 1.1484375 5.65625 5.734375 5.5546875 5.296875 5.0859375 104.7265625 51.484375
20241210080000 63064.0 41.916672 -69.75 6.75 66.7578125 0.2265625 1.1640625 -999.9 1.5078125 5.65625 5.6484375 5.15625 4.6875 4.3046875 85.5 43.96875 0.6640625 4.671875 4.5078125 3.453125 3.1171875 2.875 67.3125 22.9609375 1.359375 5.65625 5.6484375 5.5625 5.3125 5.125 90.890625 46.4453125
20241210090000 63064.0 41.916672 -69.75 5.4765625 61.828125 0.1796875 1.0546875 -999.9 1.4921875 5.65625 5.78125 5.3046875 4.8203125 4.4296875 81.7265625 43.6875 0.390625 3.5078125 3.34375 2.6875 2.4765625 2.3046875 61.8515625 22.5625 1.4375 5.65625 5.78125 5.5 5.1875 4.953125 83.34375 44.4140625
20241210100000 63064.0 41.916672 -69.75 6.4765625 29.625 0.21875 1.125 -999.9 1.484375 6.21875 5.9609375 5.3828125 4.859375 4.4375 77.7734375 43.40625 0.4921875 3.859375 3.8359375 3.140625 2.84375 2.6171875 35.8828125 21.515625 1.40625 6.21875 5.9609375 5.65625 5.328125 5.0625 83.2890625 42.9765625
20241210110000 63064.0 41.916672 -69.75 7.7421875 28.328125 0.2734375 1.2421875 -999.9 1.5078125 6.21875 6.09375 5.375 4.796875 4.3515625 72.8203125 43.5625 0.7265625 5.65625 5.40625 3.8125 3.3671875 3.0625 35.8828125 21.421875 1.3203125 6.21875 6.1953125 5.84375 5.5078125 5.2421875 85.671875 42.8984375
20241210120000 63064.0 41.916672 -69.75 8.109375 30.8125 0.2890625 1.28125 -999.9 1.546875 6.21875 6.1796875 5.34375 4.7578125 4.3203125 68.03125 43.765625 0.8828125 5.65625 5.484375 4.0703125 3.6015625 3.2734375 36.1640625 22.6015625 1.2734375 6.21875 6.359375 5.9609375 5.6328125 5.375 86.46875 43.625
20241210130000 63064.0 41.916672 -69.75 7.7890625 33.6015625 0.2734375 1.2578125 -999.9 1.578125 6.21875 6.234375 5.375 4.796875 4.359375 64.921875 43.7890625 0.8828125 5.140625 5.1953125 3.984375 3.5625 3.25 35.390625 23.2265625 1.3046875 6.21875 6.3359375 6.015625 5.6953125 5.453125 81.375 44.6015625
20241210140000 63064.0 41.916672 -69.75 7.2421875 39.2265625 0.25 1.203125 -999.9 1.578125 6.21875 6.2890625 5.4453125 4.859375 4.421875 63.5 43.71875 0.7734375 4.671875 4.8359375 3.703125 3.3359375 3.0625 38.21875 23.7109375 1.375 6.21875 6.2890625 5.9921875 5.6796875 5.4375 73.2265625 45.5625
20241210150000 63064.0 41.916672 -69.75 5.890625 39.1328125 0.1953125 1.0859375 -999.9 1.546875 6.21875 6.3359375 5.53125 4.9609375 4.515625 63.5390625 43.921875 0.4765625 3.859375 3.6875 2.921875 2.671875 2.4765625 37.1015625 22.875 1.46875 6.21875 6.3359375 5.8046875 5.4375 5.1796875 66.609375 44.640625
20241210160000 63064.0 41.916672 -69.75 5.0234375 29.328125 0.15625 1.0078125 -999.9 1.5 6.21875 6.3671875 5.609375 5.0390625 4.59375 64.3359375 44.375 0.3046875 2.8984375 2.984375 2.4375 2.25 2.1015625 28.1953125 21.59375 1.46875 6.21875 6.3671875 5.7421875 5.3203125 5.015625 65.8359375 44.4765625
20241210170000 63064.0 41.916672 -69.75 4.8046875 19.25 0.1484375 0.984375 -999.9 1.4453125 6.21875 6.375 5.6484375 5.078125 4.6328125 65.3515625 44.921875 0.2578125 2.8984375 2.8125 2.3515625 2.171875 2.0234375 17.7890625 20.15625 1.421875 6.21875 6.375 5.7578125 5.3125 5.0 66.7890625 44.7890625
20241210180000 63064.0 41.916672 -69.75 4.890625 21.0390625 0.15625 0.984375 -999.9 1.3984375 6.21875 6.3671875 5.671875 5.0859375 4.6328125 66.375 45.4921875 0.265625 2.8984375 2.890625 2.3984375 2.2109375 2.0625 18.8671875 20.9296875 1.375 6.21875 6.3671875 5.796875 5.34375 5.0234375 68.015625 45.359375
20241210190000 63064.0 41.916672 -69.75 4.2578125 32.984375 0.1328125 0.9296875 -999.9 1.3515625 6.21875 6.3359375 5.703125 5.109375 4.65625 67.5390625 46.03125 0.171875 2.3984375 2.3984375 2.0390625 1.8984375 1.78125 31.8515625 18.390625 1.34375 6.21875 6.3359375 5.7578125 5.2578125 4.8984375 68.0 46.09375
20241210200000 63064.0 41.916672 -69.75 3.40625 38.421875 0.1015625 0.8515625 -999.9 1.3125 6.21875 6.3046875 5.7265625 5.140625 4.6953125 68.8203125 46.484375 0.078125 1.984375 0.0 1.6484375 1.546875 1.4609375 37.515625 12.7734375 1.3046875 6.21875 6.3046875 5.7421875 5.1796875 4.765625 68.84375 46.4921875
20241210210000 63064.0 41.916672 -69.75 3.53125 48.7890625 0.1015625 0.859375 -999.9 1.2734375 6.21875 6.28125 5.75 5.15625 4.7109375 69.9765625 46.6953125 0.0859375 1.984375 0.0 1.734375 1.625 1.53125 47.375 11.546875 1.265625 6.21875 6.28125 5.765625 5.2109375 4.8046875 70.0234375 46.71875
20241210220000 63064.0 41.916672 -69.75 3.4375 37.734375 0.1015625 0.8515625 -999.9 1.234375 6.21875 6.2734375 5.7578125 5.171875 4.7265625 70.890625 46.5859375 0.0703125 1.984375 0.0 1.6484375 1.546875 1.4609375 37.5546875 12.78125 1.234375 6.21875 6.2734375 5.7734375 5.203125 4.796875 70.9140625 46.5859375
20241210230000 63064.0 41.916672 -69.75 3.546875 57.1328125 0.1015625 0.859375 -999.9 1.203125 6.21875 6.2734375 5.765625 5.1796875 4.7421875 71.6640625 46.171875 0.078125 1.984375 0.0 1.734375 1.625 1.53125 57.3828125 11.6953125 1.203125 6.21875 6.2734375 5.78125 5.2265625 4.828125 71.6875 46.203125
20241211000000 63064.0 41.916672 -69.75 3.5703125 79.171875 0.1015625 0.859375 -999.9 1.171875 6.21875 6.25 5.765625 5.1796875 4.7421875 72.5546875 45.5859375 0.078125 1.984375 0.0 1.75 1.6328125 1.5390625 79.78125 12.4765625 1.1640625 6.21875 6.25 5.78125 5.234375 4.84375 72.5390625 45.6171875
20241211010000 63064.0 41.916672 -69.75 3.6484375 109.2265625 0.109375 0.8671875 -999.9 1.1328125 6.21875 6.21875 5.75 5.171875 4.734375 73.7265625 44.953125 0.078125 2.1796875 2.078125 1.765625 1.65625 1.5625 108.0 13.3828125 1.1328125 6.21875 6.21875 5.7734375 5.21875 4.828125 73.6484375 44.9609375
20241211020000 63064.0 41.916672 -69.75 3.859375 119.21875 0.1171875 0.8828125 -999.9 1.1015625 6.21875 6.1875 5.7421875 5.15625 4.7265625 75.15625 44.3359375 0.0859375 2.1796875 2.1328125 1.8671875 1.7421875 1.640625 115.4453125 14.34375 1.09375 6.21875 6.1875 5.765625 5.21875 4.8359375 75.0078125 44.34375
20241211030000 63064.0 41.916672 -69.75 5.125 132.8515625 0.1640625 0.984375 -999.9 1.0625 6.21875 6.15625 5.7109375 5.1015625 4.640625 76.8828125 43.7734375 0.171875 3.1875 3.0546875 2.375 2.171875 2.015625 127.2421875 21.125 1.046875 6.21875 6.15625 5.8046875 5.2890625 4.9296875 75.7265625 43.59375
20241211040000 63064.0 41.916672 -69.75 6.546875 135.6484375 0.21875 1.125 -999.9 1.046875 6.21875 6.109375 5.5859375 4.828125 4.2734375 80.0390625 43.515625 0.3515625 4.25 4.1875 2.96875 2.5859375 2.34375 130.765625 21.9609375 0.984375 6.21875 6.109375 5.90625 5.4140625 5.0625 74.15625 42.2265625
20241211050000 63064.0 41.916672 -69.75 7.328125 141.5859375 0.25 1.1875 -999.9 1.046875 6.21875 6.0703125 5.3671875 4.5546875 4.0234375 86.484375 44.0546875 0.5078125 5.140625 5.0078125 3.328125 2.921875 2.671875 135.6875 22.0859375 0.921875 6.21875 6.0703125 5.984375 5.46875 5.109375 71.8359375 40.0078125
20241211060000 63064.0 41.916672 -69.75 8.0 145.828125 0.28125 1.265625 -999.9 1.078125 6.21875 6.0078125 5.1328125 4.3203125 3.828125 95.15625 44.859375 0.640625 5.140625 5.09375 3.5078125 3.1015625 2.8359375 139.890625 22.9921875 0.8671875 6.21875 6.125 6.03125 5.515625 5.171875 70.375 37.4453125
20241211070000 63064.0 41.916672 -69.75 8.484375 151.734375 0.3046875 1.3203125 -999.9 1.125 6.21875 5.9296875 4.9375 4.171875 3.71875 105.2421875 45.3125 0.765625 3.859375 3.8203125 3.65625 3.25 2.9765625 144.09375 23.578125 0.8203125 6.21875 6.078125 6.0390625 5.515625 5.1953125 70.3984375 35.1015625
20241211080000 63064.0 41.916672 -69.75 8.9765625 157.0390625 0.328125 1.3671875 -999.9 1.1875 5.65625 5.71875 4.8125 4.1171875 3.6953125 115.21875 45.1171875 0.8671875 4.25 4.1875 3.7890625 3.3984375 3.109375 148.96875 23.875 0.8046875 6.21875 5.9296875 6.0078125 5.484375 5.171875 72.4296875 32.953125
20241211090000 63064.0 41.916672 -69.75 9.46875 161.7421875 0.3515625 1.40625 -999.9 1.2578125 4.671875 4.8515625 4.75 4.1171875 3.7265625 124.34375 44.359375 0.984375 4.25 4.3984375 3.9609375 3.5546875 3.2578125 152.640625 24.2890625 0.78125 5.65625 5.7734375 6.0078125 5.4921875 5.1875 74.1953125 31.03125
20241211100000 63064.0 41.916672 -69.75 9.1875 171.4453125 0.34375 1.3828125 -999.9 1.296875 4.671875 4.8828125 4.765625 4.1640625 3.78125 131.0078125 43.9609375 1.0078125 4.671875 4.59375 4.0234375 3.625 3.328125 159.3203125 23.390625 0.8125 5.65625 5.65625 5.8984375 5.390625 5.09375 82.3359375 31.921875
20241211110000 63064.0 41.916672 -69.75 8.90625 182.1171875 0.328125 1.359375 -999.9 1.296875 5.140625 5.0859375 4.796875 4.203125 3.8203125 135.53125 44.2421875 0.9453125 4.671875 4.6171875 3.984375 3.5859375 3.28125 168.140625 22.09375 0.8828125 5.65625 5.53125 5.7421875 5.2578125 4.9609375 93.375 33.4453125
20241211120000 63064.0 41.916672 -69.75 8.6328125 193.125 0.3125 1.3359375 -999.9 1.2734375 5.140625 5.15625 4.8203125 4.21875 3.828125 138.59375 44.8046875 0.8671875 4.671875 4.609375 3.875 3.4765625 3.1875 176.1953125 21.421875 0.9296875 5.65625 5.4921875 5.65625 5.1875 4.90625 102.6328125 35.0078125
20241211130000 63064.0 41.916672 -69.75 9.078125 186.2265625 0.3359375 1.3671875 -999.9 1.265625 5.140625 5.15625 4.8125 4.1953125 3.8046875 141.84375 44.4453125 0.953125 4.671875 4.6796875 4.0078125 3.59375 3.28125 172.9609375 23.2734375 0.8359375 5.65625 5.5390625 5.8515625 5.375 5.09375 97.1171875 33.0546875
20241211140000 63064.0 41.916672 -69.75 9.5234375 179.8984375 0.359375 1.40625 -999.9 1.296875 5.140625 5.125 4.7890625 4.1875 3.796875 145.15625 42.765625 1.0546875 4.671875 4.765625 4.1484375 3.7265625 3.40625 168.9375 24.125 0.7578125 5.65625 5.5703125 6.03125 5.515625 5.2265625 91.8125 30.75
20241211150000 63064.0 41.916672 -69.75 9.9609375 174.2109375 0.3828125 1.453125 -999.9 1.3515625 5.140625 5.1171875 4.7890625 4.203125 3.8203125 147.703125 40.546875 1.1484375 4.671875 4.8828125 4.2578125 3.8359375 3.5078125 166.234375 24.2890625 0.7109375 5.65625 5.59375 6.171875 5.640625 5.3203125 90.03125 29.671875
20241211160000 63064.0 41.916672 -69.75 11.21875 176.953125 0.4453125 1.5625 -999.9 1.453125 5.140625 5.1328125 4.7890625 4.2265625 3.8515625 151.6640625 38.484375 1.28125 5.140625 5.0078125 4.390625 3.953125 3.6171875 166.1796875 24.5234375 0.671875 5.65625 5.640625 6.2421875 5.6796875 5.3515625 88.5234375 25.9765625
20241211170000 63064.0 41.916672 -69.75 12.46875 179.1484375 0.515625 1.6953125 -999.9 1.6015625 5.140625 5.2265625 4.84375 4.3046875 3.921875 156.640625 36.515625 1.46875 5.140625 5.1484375 4.5546875 4.1015625 3.7578125 167.2890625 25.0546875 0.640625 5.65625 5.71875 6.34375 5.75 5.3984375 87.734375 23.9296875
20241211180000 63064.0 41.916672 -69.75 13.71875 180.9375 0.5859375 1.84375 -999.9 1.8046875 5.65625 5.5078125 4.96875 4.4375 4.0546875 161.8203125 34.4375 1.6953125 5.65625 5.4765625 4.7734375 4.3046875 3.9453125 169.328125 25.4375 0.609375 5.65625 5.8515625 6.4609375 5.828125 5.4609375 88.3203125 22.8125
20241211190000 63064.0 41.916672 -69.75 14.5234375 180.7578125 0.640625 1.9453125 -999.9 2.0234375 5.65625 5.734375 5.171875 4.640625 4.2421875 165.7421875 32.34375 1.9375 5.65625 5.7109375 5.046875 4.5546875 4.1640625 171.046875 25.34375 0.5859375 6.21875 6.109375 6.59375 5.921875 5.5078125 89.71875 22.75
20241211200000 63064.0 41.916672 -69.75 15.3203125 180.6015625 0.6953125 2.0703125 -999.9 2.265625 6.21875 6.125 5.421875 4.859375 4.4375 168.046875 30.3046875 2.203125 6.21875 6.125 5.3359375 4.8046875 4.390625 171.625 25.1015625 0.546875 6.21875 6.2890625 6.7265625 5.96875 5.4921875 90.015625 23.421875
20241211210000 63064.0 41.916672 -69.75 16.125 180.4609375 0.75 2.140625 -999.9 2.5234375 6.8359375 6.515625 5.6953125 5.125 4.6796875 168.8125 28.5546875 2.46875 6.8359375 6.515625 5.6484375 5.0859375 4.6484375 171.28125 24.7421875 0.515625 10.015625 9.8203125 6.8671875 6.0390625 5.53125 90.3671875 23.390625
20241211220000 63064.0 41.916672 -69.75 16.3046875 181.578125 0.7578125 2.1796875 -999.9 2.734375 6.8359375 6.796875 5.9609375 5.3515625 4.875 168.8984375 27.40625 2.6796875 6.8359375 6.8046875 5.921875 5.328125 4.859375 170.9296875 24.2890625 0.5078125 10.015625 9.734375 6.921875 6.03125 5.484375 93.359375 23.7578125
20241211230000 63064.0 41.916672 -69.75 16.4765625 182.6796875 0.765625 2.140625 -999.9 2.8984375 7.5234375 7.1796875 6.2109375 5.5859375 5.09375 168.3359375 26.4609375 2.8515625 7.5234375 7.1796875 6.1796875 5.5625 5.078125 170.203125 23.7734375 0.5234375 10.015625 9.7578125 7.109375 6.2109375 5.6875 97.9375 22.71875
20241212000000 63064.0 41.916672 -69.75 16.65625 183.75 0.78125 2.1796875 -999.9 3.0703125 7.5234375 7.4375 6.4375 5.765625 5.25 167.59375 25.78125 3.0234375 7.5234375 7.4375 6.4140625 5.75 5.234375 169.2734375 23.5 0.5390625 10.015625 9.8203125 7.375 6.4140625 5.828125 101.5078125 22.6171875
20241212010000 63064.0 41.916672 -69.75 17.078125 177.6875 0.796875 2.1796875 -999.9 3.265625 7.5234375 7.7734375 6.6953125 6.0078125 5.4765625 165.578125 24.75 3.234375 7.5234375 7.765625 6.671875 5.9921875 5.46875 166.6171875 23.15625 0.4609375 10.015625 9.984375 7.8359375 6.8046875 6.1640625 99.1171875 28.5234375
20241212020000 63064.0 41.916672 -69.75 17.5 171.859375 0.828125 2.2421875 -999.9 3.5078125 8.2734375 8.109375 6.9453125 6.21875 5.65625 162.8828125 23.8515625 3.484375 8.2734375 8.1015625 6.9296875 6.2109375 5.65625 163.4921875 22.75 0.390625 10.015625 9.8984375 7.921875 6.796875 6.0703125 94.8828125 34.421875
20241212030000 63064.0 41.916672 -69.75 17.9140625 166.359375 0.859375 2.296875 -999.9 3.7265625 8.2734375 8.359375 7.1796875 6.421875 5.8359375 160.0 23.1875 3.7109375 8.2734375 8.3515625 7.171875 6.4140625 5.8359375 160.375 22.3359375 0.359375 10.015625 9.953125 7.7734375 6.515625 5.734375 92.8046875 42.5234375
20241212040000 63064.0 41.916672 -69.75 17.1875 176.78125 0.796875 2.1484375 -999.9 3.78125 9.1015625 8.6875 7.34375 6.578125 6.0 159.34375 23.28125 3.734375 9.1015625 8.671875 7.328125 6.5703125 5.9921875 160.640625 21.7734375 0.609375 11.015625 10.890625 8.1328125 6.859375 6.1015625 103.9765625 18.390625
20241212050000 63064.0 41.916672 -69.75 16.453125 188.640625 0.7421875 2.0234375 -999.9 3.640625 9.1015625 8.7578125 7.3828125 6.5859375 5.9921875 160.0390625 24.359375 3.453125 8.2734375 8.6484375 7.2265625 6.4765625 5.8984375 164.09375 21.484375 1.1328125 10.015625 10.1328125 8.828125 7.8046875 7.0625 120.875 15.828125
20241212060000 63064.0 41.916672 -69.75 15.71875 201.109375 0.6875 1.9140625 -999.9 3.421875 9.1015625 8.8359375 7.390625 6.5546875 5.9453125 160.5859375 25.8203125 2.9140625 8.2734375 8.2890625 6.84375 6.1015625 5.5546875 170.84375 21.8203125 1.7890625 10.015625 9.796875 8.84375 8.15625 7.5859375 133.71875 15.1015625
20241212070000 63064.0 41.916672 -69.75 15.140625 222.203125 0.640625 1.8046875 -999.9 3.1953125 9.1015625 8.96875 7.4609375 6.5625 5.9296875 160.71875 27.671875 1.90625 6.8359375 6.828125 5.578125 4.9609375 4.5390625 190.0703125 23.2109375 2.5625 9.1015625 9.1171875 8.5 8.0 7.59375 145.8671875 15.9921875
20241212080000 63064.0 41.916672 -69.75 14.5546875 250.8515625 0.6015625 1.7109375 -999.9 2.953125 9.1015625 9.15625 7.546875 6.578125 5.8828125 160.671875 30.6015625 1.2265625 4.671875 4.6875 4.2421875 3.8671875 3.59375 219.4375 25.375 2.6875 9.1015625 9.15625 8.234375 7.6875 7.296875 151.234375 18.3359375
20241212090000 63064.0 41.916672 -69.75 13.9765625 276.2734375 0.578125 1.6875 -999.9 2.703125 9.1015625 9.40625 7.515625 6.421875 5.6796875 161.828125 37.140625 1.03125 4.671875 4.5078125 3.734375 3.4453125 3.21875 254.0625 27.1953125 2.5 9.1015625 9.40625 8.15625 7.5234375 7.0859375 152.9375 20.5546875
20241212100000 63064.0 41.916672 -69.75 13.8984375 272.578125 0.578125 1.7109375 -999.9 2.515625 10.015625 9.6328125 7.28125 6.109375 5.390625 166.4296875 48.421875 1.2109375 4.25 4.359375 3.9296875 3.6484375 3.4140625 272.9296875 30.8359375 2.203125 10.015625 9.6328125 8.296875 7.6953125 7.3125 151.4765625 20.625
20241212110000 63064.0 41.916672 -69.75 13.8203125 268.828125 0.5703125 1.71875 -999.9 2.34375 10.015625 9.796875 7.1171875 5.890625 5.1796875 171.9765625 55.046875 1.2890625 4.671875 4.53125 4.0546875 3.7421875 3.4921875 276.59375 31.78125 1.953125 10.015625 9.796875 8.4453125 7.84375 7.484375 150.015625 22.5859375
20241212120000 63064.0 41.916672 -69.75 13.7421875 265.0546875 0.5703125 1.7109375 -999.9 2.2109375 10.015625 10.1484375 7.0625 5.7734375 5.0625 176.7265625 59.15625 1.3046875 4.671875 4.5234375 4.1015625 3.78125 3.53125 277.375 33.546875 1.7890625 10.015625 10.1484375 8.640625 8.015625 7.640625 148.6171875 26.5625
20241212130000 63064.0 41.916672 -69.75 13.671875 260.78125 0.5625 1.703125 -999.9 2.140625 11.015625 10.59375 7.0546875 5.71875 5.0 182.125 61.671875 1.3046875 4.671875 4.5 4.1328125 3.8046875 3.546875 273.3203125 35.2578125 1.6953125 11.015625 10.59375 8.78125 8.1328125 7.75 147.3671875 34.46875
20241212140000 63064.0 41.916672 -69.75 13.6015625 256.4453125 0.5625 1.6875 -999.9 2.0859375 11.015625 10.6953125 7.0546875 5.6796875 4.953125 185.046875 61.796875 1.2890625 4.671875 4.4921875 4.109375 3.7890625 3.53125 265.9296875 36.5625 1.640625 11.015625 10.6953125 8.8671875 8.1953125 7.796875 146.65625 39.9765625
20241212150000 63064.0 41.916672 -69.75 13.53125 252.0859375 0.5546875 1.6875 -999.9 2.03125 11.015625 10.7265625 7.0625 5.640625 4.90625 184.75 60.015625 1.2578125 4.671875 4.4765625 4.0390625 3.734375 3.484375 257.21875 36.4765625 1.59375 11.015625 10.7265625 8.9296875 8.25 7.8359375 146.421875 41.53125
20241212160000 63064.0 41.916672 -69.75 13.171875 251.0390625 0.5390625 1.65625 -999.9 1.96875 11.015625 10.7265625 7.078125 5.6171875 4.875 183.4765625 58.1171875 1.2265625 4.25 4.4140625 4.0078125 3.7109375 3.4609375 251.796875 36.03125 1.5390625 11.015625 10.7265625 9.0078125 8.328125 7.90625 146.2578125 40.078125
20241212170000 63064.0 41.916672 -69.75 12.8125 249.9296875 0.53125 1.6953125 -999.9 1.9296875 11.015625 10.71875 6.9921875 5.4765625 4.703125 183.7890625 56.609375 1.2265625 4.25 4.34375 3.9375 3.6171875 3.359375 248.2890625 35.8125 1.4921875 11.015625 10.71875 9.0546875 8.3828125 7.953125 146.4453125 38.0703125
20241212180000 63064.0 41.916672 -69.75 12.4609375 248.7578125 0.5078125 1.6640625 -999.9 1.8671875 11.015625 10.6953125 6.9765625 5.4453125 4.671875 182.9140625 54.7578125 1.1875 4.25 4.34375 3.9140625 3.59375 3.34375 244.3515625 35.234375 1.4375 11.015625 10.6953125 9.0703125 8.3828125 7.9375 146.9375 36.4296875
20241212190000 63064.0 41.916672 -69.75 12.3828125 249.0625 0.5 1.6484375 -999.9 1.8203125 11.015625 10.6640625 6.9453125 5.390625 4.625 182.796875 53.109375 1.171875 4.25 4.328125 3.8984375 3.578125 3.328125 241.9140625 34.7890625 1.390625 11.015625 10.6640625 9.109375 8.4140625 7.9609375 147.4296875 33.75
20241212200000 63064.0 41.916672 -69.75 12.3046875 249.375 0.5 1.640625 -999.9 1.7734375 11.015625 10.609375 6.8828125 5.3359375 4.578125 183.75 52.203125 1.15625 4.25 4.359375 3.8828125 3.5703125 3.3125 241.1171875 34.1875 1.3515625 11.015625 10.609375 9.078125 8.3671875 7.90625 148.3203125 32.3828125
20241212210000 63064.0 41.916672 -69.75 12.2265625 249.6875 0.4921875 1.6328125 -999.9 1.7421875 11.015625 10.5078125 6.7890625 5.265625 4.53125 185.4375 52.0390625 1.1484375 4.25 4.3671875 3.8828125 3.5703125 3.3125 240.765625 34.1015625 1.3125 11.015625 10.5078125 9.03125 8.3203125 7.8515625 148.8359375 32.1953125
20241212220000 63064.0 41.916672 -69.75 11.9765625 256.421875 0.484375 1.640625 -999.9 1.7109375 10.015625 10.3203125 6.6875 5.1640625 4.421875 187.78125 53.3359375 1.1171875 4.25 4.25 3.8046875 3.484375 3.2265625 248.46875 34.5 1.2890625 10.015625 10.3203125 8.859375 8.1015625 7.6171875 150.890625 30.4921875
20241212230000 63064.0 41.916672 -69.75 11.7265625 263.5546875 0.46875 1.6171875 -999.9 1.6640625 10.015625 10.1640625 6.6015625 5.09375 4.3671875 191.0703125 56.390625 1.09375 4.25 4.2109375 3.765625 3.4453125 3.1953125 260.0625 35.0078125 1.2578125 10.015625 10.1640625 8.734375 7.9453125 7.4140625 152.203125 29.3203125
20241213000000 63064.0 41.916672 -69.75 11.4765625 270.8828125 0.4609375 1.59375 -999.9 1.625 10.015625 10.0546875 6.5234375 5.0390625 4.328125 196.453125 60.8828125 1.078125 4.25 4.203125 3.7734375 3.453125 3.203125 273.390625 34.2578125 1.21875 10.015625 10.0546875 8.6796875 7.8671875 7.328125 152.546875 29.8828125
20241213010000 63064.0 41.916672 -69.75 11.6171875 276.1015625 0.4609375 1.6015625 -999.9 1.625 10.015625 9.9765625 6.390625 4.96875 4.28125 208.9765625 66.0546875 1.125 4.25 4.2578125 3.8828125 3.53125 3.265625 284.9296875 32.53125 1.171875 10.015625 9.9765625 8.6796875 7.8828125 7.3203125 151.296875 32.0703125
20241213020000 63064.0 41.916672 -69.75 11.75 281.2421875 0.46875 1.609375 -999.9 1.65625 10.015625 9.9140625 6.2421875 4.921875 4.28125 235.4609375 69.984375 1.203125 4.671875 4.5234375 4.078125 3.6875 3.390625 294.9296875 30.1875 1.1328125 10.015625 9.9140625 8.671875 7.90625 7.375 149.4765625 36.046875
20241213030000 63064.0 41.916672 -69.75 11.890625 286.21875 0.4765625 1.625 -999.9 1.703125 10.015625 9.8671875 6.125 4.921875 4.3046875 270.7578125 70.1484375 1.3046875 4.671875 4.8828125 4.296875 3.8671875 3.546875 302.7109375 28.0546875 1.1015625 10.015625 9.8671875 8.6796875 7.953125 7.4140625 146.984375 39.640625
20241213040000 63064.0 41.916672 -69.75 11.640625 287.453125 0.46875 1.6015625 -999.9 1.7265625 10.015625 9.8203125 6.0703125 4.9453125 4.34375 292.3828125 68.21875 1.3359375 5.65625 5.40625 4.421875 3.96875 3.6328125 306.125 26.8359375 1.09375 10.015625 9.8203125 8.546875 7.84375 7.2890625 141.890625 49.6484375
20241213050000 63064.0 41.916672 -69.75 11.390625 288.7421875 0.453125 1.5703125 -999.9 1.71875 10.015625 9.765625 6.046875 4.9609375 4.3671875 303.234375 66.5234375 1.3359375 5.65625 5.515625 4.484375 4.015625 3.671875 308.34375 26.21875 1.078125 10.015625 9.765625 8.4453125 7.765625 7.2109375 136.21875 55.71875
20241213060000 63064.0 41.916672 -69.75 11.1484375 290.0859375 0.4375 1.5703125 -999.9 1.6875 10.015625 9.6953125 6.0 4.9140625 4.3125 308.9765625 65.1484375 1.3203125 5.65625 5.578125 4.4921875 4.0 3.640625 309.953125 25.53125 1.0546875 10.015625 9.6953125 8.34375 7.671875 7.1328125 131.7734375 58.6171875
20241213070000 63064.0 41.916672 -69.75 10.4609375 289.7578125 0.40625 1.5078125 -999.9 1.625 10.015625 9.6171875 5.9609375 4.890625 4.28125 311.515625 64.9296875 1.234375 5.65625 5.5078125 4.3984375 3.9140625 3.5625 309.140625 25.046875 1.0546875 10.015625 9.6171875 8.1015625 7.390625 6.8125 123.75 64.546875
20241213080000 63064.0 41.916672 -69.75 9.7734375 289.390625 0.3671875 1.4375 -999.9 1.53125 9.1015625 9.53125 5.9609375 4.859375 4.25 312.8359375 65.9765625 1.1171875 5.65625 5.4375 4.234375 3.7734375 3.4375 307.859375 24.6796875 1.0546875 9.1015625 9.53125 7.890625 7.1875 6.6328125 115.703125 68.3046875
20241213090000 63064.0 41.916672 -69.75 9.0859375 288.9609375 0.3359375 1.375 -999.9 1.4375 9.1015625 9.375 5.96875 4.8359375 4.2109375 313.7578125 67.8046875 0.984375 5.140625 5.171875 4.0234375 3.59375 3.28125 306.1171875 24.390625 1.046875 9.1015625 9.375 7.6953125 6.9921875 6.4609375 107.9140625 70.8046875
20241213100000 63064.0 41.916672 -69.75 8.3515625 289.3125 0.3046875 1.3125 -999.9 1.3359375 9.1015625 9.265625 6.0078125 4.828125 4.1875 315.1875 70.2890625 0.84375 4.671875 4.453125 3.75 3.359375 3.078125 303.59375 24.2734375 1.0390625 9.1015625 9.265625 7.484375 6.7578125 6.2421875 98.28125 73.0
20241213110000 63064.0 41.916672 -69.75 7.609375 289.7265625 0.265625 1.2421875 -999.9 1.2421875 9.1015625 9.1796875 6.0859375 4.8515625 4.1796875 318.2890625 73.28125 0.6953125 3.859375 3.890625 3.4296875 3.1015625 2.8515625 300.625 24.0859375 1.03125 9.1015625 9.1796875 7.2890625 6.53125 6.03125 91.0546875 74.296875
20241213120000 63064.0 41.916672 -69.75 6.875 290.2265625 0.234375 1.171875 -999.9 1.15625 9.1015625 9.09375 6.1953125 4.9140625 4.203125 327.4453125 76.6953125 0.5703125 3.5078125 3.65625 3.171875 2.8828125 2.6640625 298.703125 23.5234375 1.0 9.1015625 9.09375 7.1796875 6.359375 5.8203125 95.640625 74.015625
20241213130000 63064.0 41.916672 -69.75 6.9296875 288.6640625 0.234375 1.171875 -999.9 1.0859375 9.1015625 9.0 6.2734375 4.9296875 4.1796875 2.703125 79.4296875 0.515625 3.5078125 3.4765625 3.0625 2.7890625 2.578125 299.5546875 23.2421875 0.953125 9.1015625 9.0 7.234375 6.3984375 5.84375 108.40625 71.15625
20241213140000 63064.0 41.916672 -69.75 6.9921875 287.125 0.2421875 1.1796875 -999.9 1.03125 9.1015625 8.90625 6.2890625 4.890625 4.1328125 86.375 79.3828125 0.4921875 3.1875 3.2734375 2.9921875 2.7265625 2.53125 300.140625 22.9609375 0.90625 9.1015625 8.90625 7.265625 6.40625 5.828125 114.515625 68.3359375
20241213150000 63064.0 41.916672 -69.75 7.0546875 285.609375 0.2421875 1.1796875 -999.9 1.0 9.1015625 8.8125 6.2578125 4.828125 4.0703125 107.5078125 78.2578125 0.484375 3.1875 3.296875 2.96875 2.703125 2.5078125 300.7734375 22.6953125 0.875 9.1015625 8.8125 7.28125 6.3984375 5.8046875 117.453125 65.8125
20241213160000 63064.0 41.916672 -69.75 7.5234375 289.0234375 0.265625 1.21875 -999.9 0.9921875 9.1015625 8.7109375 6.1328125 4.7109375 3.96875 103.640625 78.4765625 0.546875 3.5078125 3.4921875 3.1640625 2.8515625 2.6328125 305.8671875 22.6171875 0.8203125 9.1015625 8.7109375 7.4453125 6.609375 6.0078125 121.6796875 60.078125
20241213170000 63064.0 41.916672 -69.75 8.0 292.0390625 0.28125 1.265625 -999.9 1.0 8.2734375 8.6171875 5.9375 4.5546875 3.859375 49.84375 79.515625 0.6171875 3.859375 3.8671875 3.2890625 2.96875 2.734375 310.40625 23.0 0.7890625 8.2734375 8.6171875 7.5703125 6.8046875 6.2265625 124.2734375 55.2734375
20241213180000 63064.0 41.916672 -69.75 8.4765625 294.7109375 0.3046875 1.3125 -999.9 1.0390625 8.2734375 8.53125 5.7109375 4.421875 3.78125 346.7109375 77.265625 0.703125 4.25 4.078125 3.4453125 3.109375 2.859375 314.09375 23.1328125 0.7578125 8.2734375 8.53125 7.671875 6.9609375 6.3828125 125.7265625 50.8671875
20241213190000 63064.0 41.916672 -69.75 8.484375 299.1015625 0.3046875 1.3125 -999.9 1.078125 8.2734375 8.4609375 5.5625 4.375 3.7890625 338.6796875 73.6796875 0.7734375 4.25 4.25 3.5859375 3.234375 2.96875 316.8203125 22.7578125 0.75 8.2734375 8.4609375 7.640625 6.984375 6.4609375 124.5703125 51.015625
20241213200000 63064.0 41.916672 -69.75 8.5 303.5 0.3046875 1.3203125 -999.9 1.1171875 8.2734375 8.4140625 5.4765625 4.390625 3.8203125 338.5390625 70.3515625 0.828125 4.671875 4.5 3.734375 3.3671875 3.0859375 319.6796875 22.15625 0.75 8.2734375 8.4140625 7.625 7.0234375 6.53125 122.9765625 51.2421875
20241213210000 63064.0 41.916672 -69.75 8.5078125 307.859375 0.3125 1.3203125 -999.9 1.1484375 8.2734375 8.3671875 5.421875 4.40625 3.859375 339.59375 67.4140625 0.875 4.671875 4.5859375 3.84375 3.4609375 3.171875 321.828125 21.3828125 0.75 8.2734375 8.3671875 7.5625 7.0078125 6.546875 119.7109375 53.0625
20241213220000 63064.0 41.916672 -69.75 8.5625 311.359375 0.3125 1.3203125 -999.9 1.1796875 8.2734375 8.3125 5.3828125 4.421875 3.8828125 340.421875 64.8671875 0.921875 4.671875 4.6953125 3.9609375 3.5546875 3.2578125 323.96875 20.8828125 0.7421875 8.2734375 8.3125 7.5703125 7.0390625 6.59375 118.265625 52.546875
20241213230000 63064.0 41.916672 -69.75 8.6171875 314.8203125 0.3125 1.328125 -999.9 1.203125 8.2734375 8.234375 5.34375 4.4296875 3.90625 341.0859375 62.703125 0.9609375 5.140625 4.9140625 4.0625 3.6484375 3.3359375 326.125 20.609375 0.7265625 8.2734375 8.234375 7.6171875 7.125 6.6953125 118.8671875 50.578125
20241214000000 63064.0 41.916672 -69.75 8.6640625 318.234375 0.3203125 1.3359375 -999.9 1.2265625 5.140625 5.0703125 5.3125 4.421875 3.9140625 341.890625 60.9296875 0.9921875 5.140625 4.984375 4.1015625 3.6875 3.375 327.546875 20.453125 0.71875 8.2734375 8.109375 7.5859375 7.09375 6.6328125 116.9453125 51.6171875
20241214010000 63064.0 41.916672 -69.75 8.5234375 317.765625 0.3125 1.3203125 -999.9 1.234375 5.140625 5.09375 5.296875 4.4296875 3.921875 342.953125 59.9375 0.9921875 5.140625 5.0 4.125 3.703125 3.390625 327.765625 20.0390625 0.734375 8.2734375 7.8828125 7.453125 6.90625 6.4140625 111.5 54.15625
20241214020000 63064.0 41.916672 -69.75 8.3828125 317.28125 0.3046875 1.3125 -999.9 1.21875 5.140625 5.109375 5.3046875 4.4375 3.9296875 344.5078125 59.734375 0.9609375 5.140625 5.0078125 4.0859375 3.671875 3.359375 327.5703125 19.984375 0.75 7.5234375 7.8125 7.3046875 6.734375 6.25 103.6328125 57.6484375
20241214030000 63064.0 41.916672 -69.75 8.2421875 316.78125 0.296875 1.296875 -999.9 1.203125 5.140625 5.125 5.3125 4.4375 3.921875 346.6796875 59.921875 0.9375 5.140625 5.0078125 4.0625 3.6484375 3.3359375 327.859375 19.9375 0.7578125 7.5234375 7.7578125 7.2265625 6.625 6.1171875 99.8125 58.0390625
20241214040000 63064.0 41.916672 -69.75 8.046875 318.734375 0.2890625 1.28125 -999.9 1.1875 5.140625 5.1328125 5.328125 4.4375 3.921875 349.7265625 60.1484375 0.9140625 5.140625 5.0078125 4.0390625 3.625 3.3125 328.84375 20.0234375 0.7578125 7.5234375 7.7265625 7.1953125 6.5859375 6.0703125 97.390625 57.8515625
20241214050000 63064.0 41.916672 -69.75 7.8515625 320.796875 0.28125 1.2578125 -999.9 1.1640625 5.140625 5.140625 5.34375 4.4453125 3.921875 353.546875 60.28125 0.8671875 5.140625 4.953125 3.9609375 3.5546875 3.25 329.2890625 19.8984375 0.7734375 7.5234375 7.703125 7.078125 6.453125 5.9453125 89.1171875 59.2734375
20241214060000 63064.0 41.916672 -69.75 7.65625 322.9609375 0.2734375 1.2421875 -999.9 1.140625 5.140625 5.140625 5.375 4.453125 3.921875 357.8125 60.3984375 0.828125 5.140625 4.9296875 3.8984375 3.5 3.203125 330.625 19.9453125 0.78125 7.5234375 7.6875 7.0390625 6.421875 5.9453125 84.890625 59.4140625
20241214070000 63064.0 41.916672 -69.75 7.65625 325.828125 0.2734375 1.2421875 -999.9 1.1171875 7.5234375 7.6875 5.3828125 4.4375 3.90625 1.8828125 60.4140625 0.828125 5.140625 4.953125 3.90625 3.5078125 3.203125 333.125 19.90625 0.7578125 7.5234375 7.6875 7.1484375 6.5 5.984375 90.484375 56.4765625
20241214080000 63064.0 41.916672 -69.75 7.65625 328.703125 0.2734375 1.2421875 -999.9 1.109375 7.5234375 7.703125 5.3828125 4.4140625 3.8828125 5.4140625 60.3125 0.8125 4.671875 4.84375 3.8671875 3.46875 3.171875 334.7421875 20.0390625 0.75 7.5234375 7.703125 7.1953125 6.5390625 6.03125 91.6171875 54.7109375
20241214090000 63064.0 41.916672 -69.75 7.6640625 331.5625 0.2734375 1.2421875 -999.9 1.09375 9.1015625 8.8125 5.375 4.390625 3.859375 8.5078125 60.1640625 0.8203125 4.671875 4.734375 3.8671875 3.484375 3.1875 337.1328125 20.3125 0.71875 9.1015625 8.8125 7.3359375 6.6640625 6.109375 97.3203125 50.8828125
20241214100000 63064.0 41.916672 -69.75 7.6640625 331.5 0.2734375 1.2421875 -999.9 1.0859375 9.1015625 8.8125 5.375 4.375 3.8359375 11.0 60.03125 0.8203125 4.671875 4.6484375 3.8359375 3.4609375 3.171875 337.8828125 20.4140625 0.71875 9.1015625 8.8125 7.359375 6.65625 6.078125 97.4140625 49.1015625
20241214110000 63064.0 41.916672 -69.75 7.671875 331.4296875 0.2734375 1.2421875 -999.9 1.0859375 9.1015625 8.8125 5.375 4.3671875 3.828125 13.03125 59.890625 0.8125 4.671875 4.6015625 3.8125 3.4453125 3.15625 338.3046875 20.65625 0.71875 9.1015625 8.8125 7.3671875 6.640625 6.0546875 96.6640625 47.9453125
20241214120000 63064.0 41.916672 -69.75 7.671875 331.3671875 0.2734375 1.2421875 -999.9 1.0859375 9.1015625 8.7890625 5.390625 4.375 3.8359375 14.671875 59.6328125 0.8046875 4.671875 4.578125 3.796875 3.4296875 3.1484375 338.4609375 21.0 0.7265625 9.1015625 8.7890625 7.359375 6.6171875 6.0390625 94.7578125 47.484375
20241214130000 63064.0 41.916672 -69.75 7.3828125 334.0 0.2578125 1.21875 -999.9 1.0859375 9.1015625 8.765625 5.4375 4.40625 3.8671875 17.3359375 59.375 0.78125 4.671875 4.5390625 3.734375 3.375 3.1015625 338.2890625 21.203125 0.7578125 9.1015625 8.765625 7.234375 6.515625 5.9921875 88.5 49.7265625
20241214140000 63064.0 41.916672 -69.75 7.09375 336.8671875 0.2421875 1.1875 -999.9 1.078125 9.1015625 8.734375 5.5078125 4.4609375 3.90625 21.5625 59.2109375 0.7421875 4.671875 4.5234375 3.6875 3.3359375 3.0703125 339.3984375 21.265625 0.78125 9.1015625 8.734375 7.140625 6.40625 5.8828125 84.2265625 51.296875
20241214150000 63064.0 41.916672 -69.75 6.8046875 339.9609375 0.234375 1.1640625 -999.9 1.0625 9.1015625 8.6953125 5.59375 4.5234375 3.953125 26.875 59.0625 0.6640625 4.671875 4.46875 3.546875 3.203125 2.953125 340.734375 21.28125 0.8203125 9.1015625 8.6953125 6.9453125 6.203125 5.7109375 75.96875 54.40625
20241214160000 63064.0 41.916672 -69.75 6.2578125 341.3046875 0.2109375 1.1171875 -999.9 1.03125 8.2734375 8.6484375 5.7109375 4.609375 4.015625 33.578125 58.96875 0.53125 4.25 4.1015625 3.1796875 2.8828125 2.65625 340.875 21.578125 0.890625 8.2734375 8.6484375 6.609375 5.859375 5.4375 61.953125 57.25
20241214170000 63064.0 41.916672 -69.75 5.703125 342.921875 0.1875 1.0625 -999.9 1.0078125 8.2734375 8.6171875 5.8671875 4.734375 4.109375 41.4609375 58.71875 0.3984375 3.5078125 3.46875 2.8046875 2.5625 2.3828125 342.515625 21.6796875 0.921875 8.2734375 8.6171875 6.453125 5.6484375 5.21875 56.96875 57.75
20241214180000 63064.0 41.916672 -69.75 5.1484375 344.875 0.1640625 1.015625 -999.9 0.9765625 8.2734375 8.6015625 6.046875 4.8828125 4.234375 49.625 58.09375 0.296875 2.8984375 2.9609375 2.4921875 2.296875 2.140625 343.53125 21.1015625 0.9296875 8.2734375 8.6015625 6.421875 5.5390625 5.078125 57.84375 57.28125
20241214190000 63064.0 41.916672 -69.75 5.1875 344.78125 0.1640625 1.0078125 -999.9 0.953125 8.2734375 8.609375 6.2109375 5.0078125 4.3203125 56.6640625 57.1484375 0.2890625 2.8984375 2.9375 2.5078125 2.3046875 2.1484375 343.890625 20.8828125 0.90625 8.2734375 8.609375 6.578125 5.6796875 5.1953125 64.5234375 55.8046875
20241214200000 63064.0 41.916672 -69.75 5.234375 344.6796875 0.1640625 1.015625 -999.9 0.9375 8.2734375 8.625 6.34375 5.0859375 4.3671875 62.3125 56.109375 0.28125 2.8984375 2.890625 2.484375 2.28125 2.125 344.390625 21.3046875 0.890625 8.2734375 8.625 6.7265625 5.796875 5.296875 69.8359375 54.2890625
20241214210000 63064.0 41.916672 -69.75 5.2734375 344.5859375 0.171875 1.015625 -999.9 0.921875 8.2734375 8.6640625 6.4609375 5.1484375 4.390625 67.0625 55.078125 0.2890625 3.1875 3.109375 2.515625 2.3046875 2.1484375 345.6640625 21.4375 0.875 8.2734375 8.6640625 6.8828125 5.9375 5.4140625 74.9921875 52.6328125
20241214220000 63064.0 41.916672 -69.75 5.28125 344.78125 0.171875 1.0234375 -999.9 0.90625 9.1015625 8.8828125 6.5703125 5.203125 4.40625 71.265625 54.09375 0.2890625 3.1875 3.109375 2.5 2.296875 2.140625 346.0625 21.234375 0.8671875 9.1015625 8.8828125 7.015625 6.0390625 5.4921875 79.0546875 51.1328125
20241214230000 63064.0 41.916672 -69.75 5.296875 344.96875 0.171875 1.0234375 -999.9 0.8984375 9.1015625 9.109375 6.6875 5.2421875 4.4140625 75.0859375 53.2265625 0.2890625 3.1875 3.1015625 2.5 2.2890625 2.1328125 346.34375 21.0703125 0.8515625 9.1015625 9.109375 7.15625 6.140625 5.5625 82.8515625 49.6953125
20241215000000 63064.0 41.916672 -69.75 5.3046875 345.15625 0.171875 1.0234375 -999.9 0.890625 9.1015625 9.21875 6.796875 5.28125 4.4140625 78.640625 52.4921875 0.2890625 3.1875 3.0703125 2.5 2.296875 2.140625 347.0 21.1640625 0.84375 9.1015625 9.21875 7.3125 6.2578125 5.6484375 86.5703125 48.3125
20241215010000 63064.0 41.916672 -69.75 5.3125 348.8515625 0.171875 1.0234375 -999.9 0.8828125 9.1015625 9.25 6.9296875 5.328125 4.421875 82.140625 51.78125 0.296875 3.1875 3.1171875 2.53125 2.3203125 2.15625 349.5 21.109375 0.8359375 9.1015625 9.25 7.5 6.4140625 5.7734375 90.53125 46.90625
20241215020000 63064.0 41.916672 -69.75 5.3203125 352.546875 0.171875 1.0234375 -999.9 0.8828125 9.1015625 9.265625 7.0703125 5.390625 4.4375 85.625 51.0 0.3046875 3.1875 3.109375 2.546875 2.3359375 2.171875 352.78125 20.5703125 0.828125 9.1015625 9.265625 7.6796875 6.546875 5.875 94.1796875 45.6953125
20241215030000 63064.0 41.916672 -69.75 5.3203125 356.21875 0.171875 1.0234375 -999.9 0.8828125 9.1015625 9.28125 7.234375 5.4609375 4.4609375 89.0390625 50.109375 0.3125 3.1875 3.2109375 2.5859375 2.3671875 2.1953125 356.40625 20.796875 0.828125 9.1015625 9.28125 7.8984375 6.7265625 6.015625 97.984375 44.1171875
20241215040000 63064.0 41.916672 -69.75 5.1875 355.4765625 0.1640625 1.015625 -999.9 0.890625 9.1015625 9.3046875 7.421875 5.5703125 4.5234375 92.4296875 49.0625 0.296875 3.1875 3.0859375 2.515625 2.3046875 2.1484375 356.015625 20.203125 0.8359375 9.1015625 9.3046875 8.03125 6.7578125 5.96875 99.875 43.453125
20241215050000 63064.0 41.916672 -69.75 5.0546875 354.6953125 0.15625 1.0 -999.9 0.8984375 9.1015625 9.3515625 7.640625 5.71875 4.6171875 95.7890625 47.8203125 0.2734375 3.1875 3.046875 2.4140625 2.21875 2.0625 354.859375 20.2109375 0.8515625 9.1015625 9.3515625 8.1640625 6.8046875 5.9765625 101.46875 42.9140625
20241215060000 63064.0 41.916672 -69.75 4.9140625 353.8671875 0.15625 0.9921875 -999.9 0.90625 9.1015625 9.4296875 7.8671875 5.90625 4.7421875 98.890625 46.4140625 0.2578125 2.8984375 2.9296875 2.3828125 2.1953125 2.046875 354.2421875 19.890625 0.8671875 9.1015625 9.4296875 8.34375 6.9296875 6.0390625 103.578125 41.7578125
20241215070000 63064.0 41.916672 -69.75 4.6953125 357.15625 0.1484375 0.96875 -999.9 0.9140625 10.015625 9.8203125 8.0859375 6.125 4.9140625 101.5234375 44.96875 0.21875 2.8984375 2.7890625 2.21875 2.046875 1.9140625 356.2265625 19.9296875 0.890625 10.015625 9.8203125 8.4375 6.9609375 6.0390625 104.5 41.9140625
20241215080000 63064.0 41.916672 -69.75 4.46875 0.78125 0.140625 0.9453125 -999.9 0.9296875 11.015625 10.7265625 8.265625 6.3359375 5.09375 103.40625 43.7734375 0.1875 2.640625 2.5625 2.1484375 1.984375 1.8515625 359.8828125 18.2734375 0.90625 11.015625 10.7265625 8.53125 7.0 6.0234375 105.453125 41.703125
20241215090000 63064.0 41.916672 -69.75 4.2421875 4.765625 0.1328125 0.9296875 -999.9 0.9453125 11.015625 10.96875 8.390625 6.515625 5.2734375 104.359375 43.1640625 0.1640625 2.3984375 2.3984375 2.03125 1.8828125 1.765625 3.109375 18.296875 0.9296875 11.015625 10.96875 8.5859375 7.03125 6.03125 105.6484375 41.9140625
20241215100000 63064.0 41.916672 -69.75 4.234375 5.234375 0.125 0.921875 -999.9 0.9609375 11.015625 11.1015625 8.453125 6.625 5.40625 104.3515625 43.234375 0.15625 2.3984375 2.359375 2.0234375 1.8828125 1.765625 3.4765625 18.5859375 0.953125 11.015625 11.1015625 8.6171875 7.1015625 6.1328125 105.4921875 42.1484375
20241215110000 63064.0 41.916672 -69.75 4.2265625 5.703125 0.125 0.921875 -999.9 0.984375 11.015625 11.125 8.4609375 6.6953125 5.5 103.7578125 43.65625 0.1484375 2.3984375 2.3515625 2.0078125 1.8671875 1.75 5.1484375 18.296875 0.96875 11.015625 11.125 8.609375 7.125 6.1875 104.765625 42.7734375
20241215120000 63064.0 41.916672 -69.75 4.21875 6.1796875 0.125 0.921875 -999.9 1.0 11.015625 11.0859375 8.46875 6.7421875 5.578125 103.2109375 43.96875 0.1484375 2.3984375 2.3515625 2.0078125 1.8671875 1.75 5.4296875 18.4453125 0.9921875 11.015625 11.0859375 8.609375 7.15625 6.234375 104.1484375 43.1796875
20241215130000 63064.0 41.916672 -69.75 4.03125 10.96875 0.1171875 0.8984375 -999.9 1.015625 11.015625 11.0390625 8.5 6.828125 5.6796875 103.28125 43.8984375 0.1171875 2.3984375 2.28125 1.8984375 1.7734375 1.6640625 11.5703125 17.4609375 1.0078125 11.015625 11.0390625 8.59375 7.1171875 6.171875 103.8203125 43.5078125
20241215140000 63064.0 41.916672 -69.75 3.8359375 16.296875 0.1171875 0.8828125 -999.9 1.0234375 11.015625 11.0 8.5625 6.9296875 5.8046875 104.0625 43.4375 0.1015625 2.1796875 2.125 1.8671875 1.7421875 1.6328125 17.5546875 14.609375 1.015625 11.015625 11.0 8.625 7.140625 6.1640625 104.40625 43.21875
20241215150000 63064.0 41.916672 -69.75 3.640625 22.15625 0.109375 0.8671875 -999.9 1.0234375 11.015625 10.9609375 8.640625 7.0546875 5.9375 105.3203125 42.7109375 0.078125 1.984375 0.0 1.75 1.640625 1.5390625 23.296875 13.609375 1.015625 11.015625 10.9609375 8.6796875 7.203125 6.203125 105.46875 42.625
20241215160000 63064.0 41.916672 -69.75 2.0078125 71.484375 0.0546875 0.7109375 -999.9 1.015625 11.015625 10.921875 8.7265625 7.1875 6.078125 106.8515625 41.7421875 0.0 1.0 0.0 1.0 1.0 1.0 180.0 0.0 1.015625 11.015625 10.921875 8.7265625 7.1875 6.078125 106.8515625 41.7421875
20241215170000 63064.0 41.916672 -69.75 1.1328125 77.8125 0.03125 0.6015625 -999.9 1.0078125 11.015625 10.890625 8.8125 7.3203125 6.203125 108.421875 40.59375 0.0 1.0 0.0 1.0 1.0 1.0 180.0 0.0 1.0078125 11.015625 10.890625 8.8125 7.3203125 6.203125 108.421875 40.59375
20241215180000 63064.0 41.916672 -69.75 0.6640625 10.1015625 0.015625 0.53125 -999.9 1.0078125 11.015625 10.8671875 8.8984375 7.4453125 6.328125 109.9140625 39.3203125 0.0 1.0 0.0 1.0 1.0 1.0 180.0 0.0 1.0078125 11.015625 10.8671875 8.8984375 7.4453125 6.328125 109.9140625 39.3203125
20241215190000 63064.0 41.916672 -69.75 1.078125 19.28125 0.0234375 0.59375 -999.9 1.0 11.015625 10.8359375 8.9765625 7.5703125 6.4453125 111.2734375 37.9453125 0.0 1.0 0.0 1.0 1.0 1.0 180.0 0.0 1.0 11.015625 10.8359375 8.9765625 7.5703125 6.4453125 111.2734375 37.9453125
20241215200000 63064.0 41.916672 -69.75 1.4375 47.0703125 0.0390625 0.640625 -999.9 0.9921875 11.015625 10.8125 9.046875 7.6796875 6.5625 112.421875 36.5859375 0.0 1.0 0.0 1.0 1.0 1.0 180.0 0.0 0.9921875 11.015625 10.8125 9.046875 7.6796875 6.5625 112.421875 36.5859375
20241215210000 63064.0 41.916672 -69.75 2.09375 75.6875 0.0546875 0.71875 -999.9 0.984375 11.015625 10.78125 9.1015625 7.78125 6.671875 113.3515625 35.3203125 0.0 1.0 0.0 1.0 1.0 1.0 180.0 0.0 0.984375 11.015625 10.78125 9.1015625 7.78125 6.671875 113.3515625 35.3203125
20241215220000 63064.0 41.916672 -69.75 2.46875 49.9453125 0.0703125 0.75 -999.9 0.9765625 11.015625 10.75 9.1484375 7.875 6.7734375 114.09375 34.1484375 0.0 1.0 0.0 1.0 1.0 1.0 180.0 0.0 0.9765625 11.015625 10.75 9.1484375 7.875 6.7734375 114.09375 34.1484375
20241215230000 63064.0 41.916672 -69.75 2.4140625 82.5 0.0625 0.75 -999.9 0.96875 11.015625 10.7109375 9.1875 7.953125 6.875 114.7109375 33.0546875 0.0 1.0 0.0 1.0 1.0 1.0 180.0 0.0 0.96875 11.015625 10.7109375 9.1875 7.953125 6.875 114.7109375 33.0546875
20241216000000 63064.0 41.916672 -69.75 2.2265625 114.1328125 0.0625 0.7265625 -999.9 0.9609375 11.015625 10.6640625 9.21875 8.03125 6.96875 115.2578125 32.0234375 0.0 1.0 0.0 1.0 1.0 1.0 180.0 0.0 0.9609375 11.015625 10.6640625 9.21875 8.03125 6.96875 115.2578125 32.0234375
20241216010000 63064.0 41.916672 -69.75 2.8828125 131.25 0.078125 0.7890625 -999.9 0.953125 11.015625 10.6171875 9.2421875 8.109375 7.0703125 115.75 31.03125 0.0 1.0 0.0 1.0 1.0 1.0 180.0 0.0 0.953125 11.015625 10.6171875 9.2421875 8.109375 7.0703125 115.75 31.03125
20241216020000 63064.0 41.916672 -69.75 3.390625 154.3515625 0.09375 0.828125 -999.9 0.9375 11.015625 10.5625 9.265625 8.1796875 7.171875 116.25 30.046875 0.0 1.984375 0.0 1.6484375 1.546875 1.4609375 153.015625 11.328125 0.9375 11.015625 10.5625 9.265625 8.1796875 7.171875 116.25 30.046875
20241216030000 63064.0 41.916672 -69.75 3.78125 165.25 0.109375 0.859375 -999.9 0.9296875 11.015625 10.5 9.296875 8.265625 7.2890625 116.75 29.046875 0.0 1.984375 0.0 1.703125 1.59375 1.5 162.6015625 16.2734375 0.9296875 11.015625 10.5 9.296875 8.265625 7.2890625 116.75 29.046875
20241216040000 63064.0 41.916672 -69.75 4.0234375 160.375 0.1171875 0.875 -999.9 0.921875 10.015625 10.3984375 9.3203125 8.34375 7.40625 117.25 28.046875 0.0078125 1.984375 0.0 1.734375 1.625 1.53125 158.8515625 17.6171875 0.921875 10.015625 10.3984375 9.3203125 8.34375 7.40625 117.25 28.046875
20241216050000 63064.0 41.916672 -69.75 4.3359375 156.0390625 0.1328125 0.90625 -999.9 0.9140625 10.015625 10.3125 9.34375 8.4140625 7.515625 117.734375 27.0390625 0.0078125 1.984375 0.0 1.78125 1.65625 1.5546875 151.1640625 20.6015625 0.9140625 10.015625 10.3125 9.34375 8.421875 7.5234375 117.734375 27.0390625
20241216060000 63064.0 41.916672 -69.75 4.4765625 170.1796875 0.1328125 0.9140625 -999.9 0.8984375 10.015625 10.25 9.359375 8.484375 7.6171875 118.1640625 26.0625 0.015625 1.984375 0.0 1.75 1.6328125 1.53125 163.390625 16.6171875 0.8984375 10.015625 10.25 9.359375 8.4921875 7.640625 118.1640625 26.0625
20241216070000 63064.0 41.916672 -69.75 4.640625 185.1328125 0.140625 0.921875 -999.9 0.890625 10.015625 10.203125 9.3671875 8.5390625 7.6953125 118.546875 25.1328125 0.0234375 1.984375 0.0 1.734375 1.6171875 1.515625 171.0078125 16.5859375 0.890625 10.015625 10.203125 9.375 8.5625 7.75 118.5390625 25.125
20241216080000 63064.0 41.916672 -69.75 4.734375 187.3203125 0.1484375 0.9296875 -999.9 0.875 10.015625 10.15625 9.375 8.5703125 7.7265625 118.8828125 24.2421875 0.03125 1.984375 0.0 1.7109375 1.6015625 1.5078125 174.8671875 15.8828125 0.875 10.015625 10.15625 9.3828125 8.625 7.859375 118.8671875 24.2265625
20241216090000 63064.0 41.916672 -69.75 4.9140625 186.46875 0.1484375 0.953125 -999.9 0.8671875 10.015625 10.109375 9.359375 8.53125 7.5625 119.1796875 23.421875 0.0546875 1.984375 0.0 1.6953125 1.5859375 1.4921875 176.5234375 14.3203125 0.859375 10.015625 10.109375 9.390625 8.6796875 7.96875 119.140625 23.375
20241216100000 63064.0 41.916672 -69.75 4.2734375 154.9765625 0.1328125 0.9140625 -999.9 0.8515625 10.015625 10.0703125 9.3203125 8.3671875 7.15625 119.421875 22.7109375 0.078125 1.984375 0.0 1.671875 1.5625 1.4765625 171.3046875 11.921875 0.8515625 10.015625 10.0703125 9.390625 8.7109375 8.03125 119.3359375 22.6328125
20241216110000 63064.0 41.916672 -69.75 4.71875 148.5546875 0.1484375 0.9609375 -999.9 0.84375 10.015625 10.03125 9.234375 8.0546875 6.515625 119.6640625 22.1875 0.1171875 1.984375 0.0 1.671875 1.5703125 1.4765625 167.6171875 15.59375 0.8359375 10.015625 10.03125 9.375 8.71875 8.03125 119.5078125 22.0390625
20241216120000 63064.0 41.916672 -69.75 4.7734375 153.4140625 0.1484375 0.9921875 -999.9 0.84375 10.015625 9.984375 8.9921875 7.2734375 5.4765625 120.8203125 23.21875 0.1796875 1.984375 0.0 1.8046875 1.6796875 1.578125 177.2265625 18.2265625 0.828125 10.015625 9.984375 9.3125 8.5703125 7.7734375 120.015625 22.2734375
20241216130000 63064.0 41.916672 -69.75 5.328125 153.7578125 0.171875 1.03125 -999.9 0.84375 10.015625 9.9453125 8.7578125 6.8359375 5.15625 122.671875 24.8203125 0.2265625 2.3984375 2.328125 2.0703125 1.9296875 1.8125 175.765625 17.421875 0.8125 10.015625 9.9453125 9.28125 8.5390625 7.7578125 120.3359375 22.4296875
20241216140000 63064.0 41.916672 -69.75 5.765625 160.8515625 0.1875 1.0625 -999.9 0.84375 10.015625 9.90625 8.546875 6.5625 5.03125 124.4609375 26.046875 0.28125 2.640625 2.5625 2.328125 2.171875 2.046875 176.546875 18.8984375 0.796875 10.015625 9.90625 9.296875 8.6875 8.078125 120.109375 21.5625
20241216150000 63064.0 41.916672 -69.75 5.671875 162.1484375 0.1875 1.046875 -999.9 0.84375 10.015625 9.859375 8.390625 6.40625 4.9921875 125.6796875 26.5078125 0.3046875 2.640625 2.734375 2.484375 2.328125 2.1953125 173.9296875 18.25 0.7890625 10.015625 9.859375 9.2578125 8.6484375 8.0546875 120.2890625 21.546875
20241216160000 63064.0 41.916672 -69.75 5.71875 159.453125 0.1875 1.0546875 -999.9 0.8359375 10.015625 9.8203125 8.2578125 6.2578125 4.890625 126.28125 26.3359375 0.3203125 2.8984375 2.859375 2.5703125 2.390625 2.25 170.3828125 18.296875 0.7734375 10.015625 9.8203125 9.21875 8.625 8.0703125 120.4375 21.484375
20241216170000 63064.0 41.916672 -69.75 6.140625 160.7421875 0.203125 1.09375 -999.9 0.8359375 10.015625 9.7734375 8.0234375 5.953125 4.65625 127.3828125 26.4453125 0.359375 2.8984375 2.9453125 2.671875 2.484375 2.328125 168.2890625 19.0859375 0.7578125 10.015625 9.7734375 9.2421875 8.734375 8.28125 119.953125 20.4140625
20241216180000 63064.0 41.916672 -69.75 6.3671875 161.1015625 0.2109375 1.1171875 -999.9 0.84375 10.015625 9.71875 7.7109375 5.6015625 4.40625 129.109375 27.015625 0.40625 3.1875 3.1171875 2.78125 2.578125 2.40625 166.171875 19.8046875 0.7421875 10.015625 9.71875 9.2265625 8.7421875 8.328125 119.7890625 20.109375
20241216190000 63064.0 41.916672 -69.75 6.5859375 157.9609375 0.2265625 1.140625 -999.9 0.859375 10.015625 9.65625 7.390625 5.28125 4.1953125 130.8046875 27.4453125 0.4609375 3.1875 3.21875 2.8828125 2.6640625 2.4765625 163.3671875 20.5859375 0.7265625 10.015625 9.65625 9.1796875 8.703125 8.296875 119.890625 20.4453125
20241216200000 63064.0 41.916672 -69.75 7.1171875 147.8984375 0.2421875 1.1953125 -999.9 0.875 10.015625 9.5703125 7.015625 4.9609375 3.984375 132.21875 27.4140625 0.515625 3.5078125 3.3828125 2.9765625 2.734375 2.5390625 158.1640625 21.4296875 0.7109375 10.015625 9.5703125 9.09375 8.546875 8.0546875 120.6015625 21.875
20241216210000 63064.0 41.916672 -69.75 8.2734375 142.109375 0.296875 1.296875 -999.9 0.9296875 9.1015625 9.4765625 6.4609375 4.5546875 3.7421875 134.125 27.2109375 0.625 3.5078125 3.5078125 3.140625 2.8671875 2.65625 153.578125 23.015625 0.6953125 9.1015625 9.4765625 9.125 8.6328125 8.171875 120.21875 21.546875
20241216220000 63064.0 41.916672 -69.75 8.90625 139.515625 0.328125 1.3671875 -999.9 1.0078125 9.1015625 9.390625 5.9296875 4.3046875 3.6328125 135.9296875 27.234375 0.75 3.859375 3.7890625 3.390625 3.078125 2.84375 149.5625 24.3359375 0.671875 9.1015625 9.390625 9.1328125 8.6328125 8.1640625 120.2734375 22.2265625
20241216230000 63064.0 41.916672 -69.75 9.7265625 143.1796875 0.3671875 1.4375 -999.9 1.109375 9.1015625 9.328125 5.5234375 4.1953125 3.6328125 137.9375 27.484375 0.90625 4.25 4.1015625 3.6953125 3.3359375 3.0703125 147.9609375 25.1640625 0.640625 9.1015625 9.328125 9.1796875 8.671875 8.140625 119.2265625 22.234375
20241217000000 63064.0 41.916672 -69.75 9.84375 151.2734375 0.375 1.4453125 -999.9 1.2109375 9.1015625 9.2734375 5.3203125 4.21875 3.71875 140.7109375 28.0078125 1.03125 4.25 4.390625 3.9140625 3.546875 3.265625 150.0625 25.09375 0.640625 9.1015625 9.2734375 8.96875 8.2734375 7.5234375 117.5625 21.96875
20241217010000 63064.0 41.916672 -69.75 9.8515625 156.015625 0.375 1.4375 -999.9 1.2890625 4.671875 4.6484375 5.25 4.2890625 3.8125 143.359375 28.4140625 1.1171875 4.671875 4.640625 4.109375 3.734375 3.4375 152.5703125 24.6328125 0.6484375 9.1015625 9.2265625 8.6796875 7.8046875 6.953125 116.21875 22.3046875
20241217020000 63064.0 41.916672 -69.75 9.6015625 153.75 0.359375 1.421875 -999.9 1.34375 5.140625 4.9375 5.25 4.359375 3.890625 144.109375 28.375 1.171875 5.140625 4.9140625 4.265625 3.8671875 3.546875 152.1953125 24.3671875 0.6484375 9.1015625 9.1875 8.4765625 7.5390625 6.6953125 117.1875 25.484375
20241217030000 63064.0 41.916672 -69.75 10.0 153.1328125 0.3828125 1.453125 -999.9 1.390625 5.140625 5.0546875 5.21875 4.390625 3.921875 143.8359375 27.984375 1.2421875 5.140625 5.046875 4.3984375 3.96875 3.6328125 150.7578125 24.5390625 0.625 9.1015625 9.15625 8.5078125 7.578125 6.7421875 115.78125 24.875
20241217040000 63064.0 41.916672 -69.75 10.46875 156.140625 0.40625 1.5 -999.9 1.4609375 5.140625 5.1328125 5.1875 4.4140625 3.9609375 144.21875 27.8671875 1.328125 5.140625 5.125 4.5078125 4.0625 3.71875 150.7109375 24.5 0.609375 9.1015625 9.1484375 8.3671875 7.3515625 6.4765625 113.28125 23.5234375
20241217050000 63064.0 41.916672 -69.75 10.734375 161.703125 0.421875 1.5234375 -999.9 1.53125 5.140625 5.28125 5.1875 4.453125 4.0078125 145.4375 28.2734375 1.390625 5.140625 5.2421875 4.59375 4.140625 3.7890625 152.65625 24.421875 0.640625 9.1015625 9.1171875 7.9765625 6.9375 6.1328125 111.0390625 21.1640625
20241217060000 63064.0 41.916672 -69.75 10.9765625 166.5234375 0.4296875 1.5546875 -999.9 1.5859375 5.65625 5.46875 5.203125 4.5 4.0546875 146.7890625 28.8671875 1.4296875 5.65625 5.421875 4.65625 4.1953125 3.8359375 155.09375 24.3984375 0.6875 9.1015625 9.09375 7.5859375 6.609375 5.9140625 110.3046875 19.1796875
20241217070000 63064.0 41.916672 -69.75 11.5546875 172.203125 0.4609375 1.5859375 -999.9 1.6484375 5.65625 5.5546875 5.2265625 4.5625 4.140625 148.578125 29.4765625 1.4921875 5.65625 5.515625 4.7421875 4.28125 3.921875 157.3984375 24.6640625 0.7109375 9.1015625 9.0625 7.3515625 6.4375 5.8203125 109.921875 17.6640625
20241217080000 63064.0 41.916672 -69.75 11.421875 180.1640625 0.453125 1.578125 -999.9 1.6875 5.65625 5.625 5.2578125 4.609375 4.1875 150.6875 30.5859375 1.46875 5.65625 5.5234375 4.703125 4.25 3.890625 163.0625 24.4375 0.84375 6.21875 6.375 6.9375 6.2421875 5.7890625 113.7109375 16.1171875
20241217090000 63064.0 41.916672 -69.75 12.03125 184.953125 0.484375 1.640625 -999.9 1.734375 5.65625 5.6796875 5.2578125 4.625 4.1953125 153.8671875 31.8046875 1.5 5.65625 5.5546875 4.7265625 4.25 3.890625 167.21875 25.1484375 0.875 6.21875 6.390625 6.84375 6.2265625 5.8359375 114.96875 15.578125
20241217100000 63064.0 41.916672 -69.75 12.9921875 190.65625 0.546875 1.75 -999.9 1.828125 5.65625 5.7265625 5.25 4.6328125 4.2109375 158.4140625 32.8046875 1.59375 5.65625 5.5625 4.7578125 4.28125 3.921875 171.4765625 25.9921875 0.8828125 6.21875 6.296875 6.84375 6.2890625 5.9375 116.375 15.421875
20241217110000 63064.0 41.916672 -69.75 14.203125 191.7578125 0.6171875 1.890625 -999.9 1.96875 5.65625 5.8359375 5.2734375 4.671875 4.25 163.1484375 32.8984375 1.7890625 5.65625 5.6875 4.90625 4.4140625 4.0390625 172.9765625 27.0703125 0.8203125 6.8359375 6.6171875 7.0390625 6.484375 6.140625 115.3828125 15.8046875
20241217120000 63064.0 41.916672 -69.75 13.90625 204.1640625 0.6015625 1.859375 -999.9 2.03125 6.21875 6.0234375 5.359375 4.765625 4.3359375 167.546875 33.765625 1.7578125 5.65625 5.75 4.90625 4.40625 4.03125 181.875 26.015625 1.0078125 6.21875 6.390625 6.7578125 6.3046875 5.9921875 124.28125 16.015625
20241217130000 63064.0 41.916672 -69.75 12.9140625 214.25 0.5390625 1.7421875 -999.9 1.96875 6.21875 6.1171875 5.4296875 4.8203125 4.375 170.1640625 34.71875 1.59375 5.65625 5.8515625 4.8046875 4.3046875 3.9296875 190.1171875 25.3125 1.15625 6.8359375 6.6015625 6.6328125 6.2421875 5.9609375 132.875 17.8984375
20241217140000 63064.0 41.916672 -69.75 12.296875 223.203125 0.5 1.671875 -999.9 1.8828125 6.21875 6.1875 5.4453125 4.8046875 4.3515625 171.953125 35.9765625 1.3984375 5.65625 5.609375 4.546875 4.0625 3.7109375 198.765625 25.7265625 1.2578125 6.21875 6.4921875 6.5546875 6.203125 5.9453125 140.6875 19.890625
20241217150000 63064.0 41.916672 -69.75 11.4375 230.40625 0.453125 1.59375 -999.9 1.7890625 6.21875 6.2578125 5.4453125 4.78125 4.328125 173.90625 37.8984375 1.21875 5.65625 5.5 4.2421875 3.8046875 3.484375 208.6953125 27.40625 1.3125 6.21875 6.4765625 6.4921875 6.15625 5.9296875 146.7734375 21.6484375
20241217160000 63064.0 41.916672 -69.75 10.515625 233.8671875 0.40625 1.515625 -999.9 1.6875 6.21875 6.328125 5.4609375 4.7578125 4.2734375 174.7265625 39.0859375 1.0625 4.25 4.2421875 3.9453125 3.546875 3.25 216.84375 28.171875 1.3125 6.21875 6.421875 6.4453125 6.1171875 5.90625 150.9609375 23.3125
20241217170000 63064.0 41.916672 -69.75 9.953125 235.1953125 0.3828125 1.453125 -999.9 1.578125 6.21875 6.3984375 5.4609375 4.71875 4.2265625 174.21875 39.15625 0.953125 4.25 4.1796875 3.7578125 3.390625 3.109375 219.1875 27.546875 1.2578125 6.21875 6.4375 6.4296875 6.0859375 5.8515625 152.4140625 24.6640625
20241217180000 63064.0 41.916672 -69.75 9.421875 239.125 0.3515625 1.40625 -999.9 1.46875 6.21875 6.46875 5.4453125 4.6640625 4.15625 173.578125 39.5625 0.84375 3.859375 3.984375 3.578125 3.2265625 2.96875 222.7578125 26.9921875 1.1953125 6.21875 6.4765625 6.3828125 6.0 5.7421875 153.078125 25.1484375
20241217190000 63064.0 41.916672 -69.75 8.6953125 239.0390625 0.3203125 1.3359375 -999.9 1.3515625 6.8359375 6.5390625 5.4296875 4.609375 4.09375 172.3984375 40.15625 0.75 3.859375 3.9140625 3.390625 3.078125 2.84375 225.359375 26.7421875 1.125 6.8359375 6.5390625 6.3359375 5.9296875 5.6640625 153.234375 26.40625
20241217200000 63064.0 41.916672 -69.75 8.5390625 238.0078125 0.3125 1.3203125 -999.9 1.2578125 6.8359375 6.578125 5.40625 4.546875 4.0234375 171.296875 40.640625 0.6953125 3.859375 3.765625 3.296875 2.9921875 2.765625 225.3515625 26.59375 1.046875 6.8359375 6.578125 6.34375 5.8984375 5.625 152.03125 26.9296875
20241217210000 63064.0 41.916672 -69.75 8.203125 234.8828125 0.296875 1.2890625 -999.9 1.1875 6.8359375 6.609375 5.390625 4.5 3.96875 170.1328125 40.703125 0.6640625 3.859375 3.765625 3.2578125 2.9609375 2.7421875 222.5390625 26.609375 0.984375 6.8359375 6.609375 6.375 5.9140625 5.6328125 150.328125 27.3046875
20241217220000 63064.0 41.916672 -69.75 7.140625 236.7890625 0.25 1.1953125 -999.9 1.109375 6.8359375 6.609375 5.4453125 4.5390625 3.984375 167.0703125 39.96875 0.546875 3.5078125 3.3828125 3.0 2.75 2.5546875 228.0546875 24.640625 0.96875 6.8359375 6.609375 6.2265625 5.71875 5.4140625 152.1171875 28.4609375
20241217230000 63064.0 41.916672 -69.75 6.9609375 246.4140625 0.2421875 1.171875 -999.9 1.0390625 6.8359375 6.5859375 5.515625 4.5703125 4.0 163.890625 39.65625 0.4609375 3.1875 3.15625 2.8125 2.5859375 2.4140625 234.984375 24.3984375 0.9296875 6.8359375 6.5859375 6.171875 5.6171875 5.28125 151.8828125 28.2109375
20241218000000 63064.0 41.916672 -69.75 6.6953125 251.3828125 0.2265625 1.1484375 -999.9 0.9765625 6.8359375 6.546875 5.5703125 4.5859375 4.0078125 161.3828125 40.0234375 0.40625 2.8984375 3.0078125 2.6796875 2.484375 2.3203125 241.0546875 24.03125 0.890625 6.8359375 6.546875 6.1640625 5.5703125 5.21875 150.859375 28.4765625
20241218010000 63064.0 41.916672 -69.75 6.6640625 252.1875 0.2265625 1.140625 -999.9 0.9375 6.21875 6.46875 5.5703125 4.5625 3.9765625 160.0390625 41.625 0.390625 2.8984375 2.890625 2.625 2.4375 2.2890625 245.8828125 24.8671875 0.8515625 6.21875 6.46875 6.1796875 5.5625 5.2109375 149.4140625 29.203125
20241218020000 63064.0 41.916672 -69.75 6.4296875 259.6015625 0.21875 1.1171875 -999.9 0.90625 6.21875 6.3828125 5.5703125 4.546875 3.96875 158.6484375 43.5390625 0.3671875 2.8984375 2.8671875 2.5859375 2.4140625 2.2734375 256.84375 24.9765625 0.828125 6.21875 6.3828125 6.15625 5.5078125 5.1328125 148.6484375 29.734375
20241218030000 63064.0 41.916672 -69.75 5.9921875 275.765625 0.1953125 1.078125 -999.9 0.8671875 6.21875 6.3203125 5.6171875 4.5859375 3.9921875 156.140625 44.6015625 0.328125 2.8984375 2.8515625 2.5625 2.3828125 2.2421875 271.875 23.109375 0.8046875 6.21875 6.3203125 6.1328125 5.4296875 5.015625 148.25 30.109375
20241218040000 63064.0 41.916672 -69.75 5.3515625 285.9609375 0.171875 1.015625 -999.9 0.84375 6.21875 6.28125 5.7109375 4.6796875 4.078125 152.8671875 44.4140625 0.28125 2.640625 2.75 2.4921875 2.3203125 2.1796875 282.125 21.1015625 0.7890625 6.21875 6.28125 6.1171875 5.375 4.9296875 147.671875 32.546875
20241218050000 63064.0 41.916672 -69.75 5.015625 286.7734375 0.15625 0.9921875 -999.9 0.8203125 6.21875 6.2734375 5.78125 4.75 4.140625 150.65625 44.6328125 0.25 2.640625 2.6796875 2.3828125 2.2265625 2.09375 285.875 20.15625 0.78125 6.21875 6.2734375 6.125 5.3671875 4.9375 146.84375 35.3828125
20241218060000 63064.0 41.916672 -69.75 5.046875 286.0546875 0.15625 0.9921875 -999.9 0.8125 6.21875 6.296875 5.8515625 4.8203125 4.1953125 149.09375 44.8828125 0.2421875 2.640625 2.625 2.359375 2.2109375 2.0859375 287.1171875 21.859375 0.78125 6.21875 6.296875 6.1953125 5.453125 5.0234375 145.59375 35.859375
20241218070000 63064.0 41.916672 -69.75 5.3125 285.25 0.171875 1.015625 -999.9 0.8203125 6.21875 6.375 5.90625 4.859375 4.2109375 147.546875 46.265625 0.2578125 2.640625 2.5625 2.34375 2.1875 2.0625 289.421875 23.2109375 0.78125 6.21875 6.375 6.28125 5.5859375 5.1640625 144.1015625 36.8984375
20241218080000 63064.0 41.916672 -69.75 5.59375 281.3046875 0.1796875 1.0390625 -999.9 0.859375 6.8359375 6.546875 5.8125 4.765625 4.140625 149.09375 52.6796875 0.3046875 2.8984375 2.7734375 2.4921875 2.328125 2.1875 285.015625 23.8671875 0.8046875 6.8359375 6.546875 6.28125 5.59375 5.1875 143.1953125 42.421875
20241218090000 63064.0 41.916672 -69.75 5.6484375 280.5234375 0.1796875 1.0390625 -999.9 0.8828125 6.8359375 6.765625 5.84375 4.828125 4.21875 148.203125 54.90625 0.3046875 2.8984375 2.8203125 2.5234375 2.3515625 2.2109375 284.1171875 23.28125 0.8359375 6.8359375 6.765625 6.2890625 5.609375 5.2109375 142.2265625 46.046875
20241218100000 63064.0 41.916672 -69.75 6.109375 276.265625 0.203125 1.078125 -999.9 0.8984375 6.8359375 6.859375 5.8828125 4.84375 4.2109375 147.109375 55.4296875 0.3125 2.640625 2.7578125 2.4921875 2.3203125 2.1796875 284.703125 23.9765625 0.84375 6.8359375 6.859375 6.34375 5.6796875 5.2890625 141.2421875 46.5625
20241218110000 63064.0 41.916672 -69.75 6.546875 273.9609375 0.21875 1.125 -999.9 0.9140625 6.8359375 6.8984375 5.8515625 4.765625 4.1171875 147.765625 56.9375 0.3359375 2.640625 2.6875 2.484375 2.3203125 2.1796875 285.0546875 24.7890625 0.8515625 6.8359375 6.8984375 6.375 5.6953125 5.3125 140.90625 47.125
20241218120000 63064.0 41.916672 -69.75 6.515625 274.171875 0.21875 1.125 -999.9 0.9296875 6.8359375 6.921875 5.8046875 4.6953125 4.0625 149.0625 58.828125 0.359375 2.640625 2.7109375 2.5390625 2.359375 2.21875 283.7890625 25.890625 0.8515625 6.8359375 6.921875 6.375 5.6796875 5.2890625 140.671875 48.4765625
20241218130000 63064.0 41.916672 -69.75 6.140625 273.453125 0.203125 1.09375 -999.9 0.921875 6.8359375 6.9375 5.828125 4.703125 4.0703125 149.1484375 59.3046875 0.34375 2.640625 2.703125 2.515625 2.3359375 2.1953125 279.875 25.2421875 0.859375 6.8359375 6.9375 6.3515625 5.6171875 5.21875 140.6015625 50.5625
20241218140000 63064.0 41.916672 -69.75 5.640625 264.140625 0.1796875 1.0546875 -999.9 0.8984375 6.8359375 6.9375 5.8984375 4.7578125 4.109375 148.0625 58.4453125 0.296875 2.640625 2.640625 2.390625 2.21875 2.0859375 269.53125 23.1875 0.8515625 6.8359375 6.9375 6.3125 5.5078125 5.0703125 140.71875 52.875
20241218150000 63064.0 41.916672 -69.75 5.296875 249.9765625 0.171875 1.0234375 -999.9 0.875 6.8359375 6.9296875 5.9921875 4.8203125 4.140625 146.6171875 56.2890625 0.25 2.3984375 2.4921875 2.2578125 2.1015625 1.96875 257.21875 22.0 0.8359375 6.8359375 6.9296875 6.328125 5.4609375 4.984375 140.859375 52.71875
20241218160000 63064.0 41.916672 -69.75 5.4375 252.2890625 0.171875 1.0390625 -999.9 0.8515625 6.8359375 6.9140625 6.015625 4.7578125 4.046875 146.859375 54.4921875 0.265625 2.3984375 2.4375 2.2421875 2.078125 1.953125 255.2421875 24.75 0.8046875 6.8359375 6.9140625 6.4375 5.546875 5.0703125 140.4140625 50.0078125
20241218170000 63064.0 41.916672 -69.75 5.265625 253.2109375 0.171875 1.0234375 -999.9 0.828125 6.8359375 6.890625 6.078125 4.7734375 4.0625 146.796875 52.8828125 0.2578125 2.3984375 2.4921875 2.2578125 2.1015625 1.9765625 253.3984375 23.8359375 0.78125 6.8359375 6.890625 6.4921875 5.546875 5.0390625 140.4609375 48.2109375
20241218180000 63064.0 41.916672 -69.75 4.5078125 236.1875 0.140625 0.953125 -999.9 0.7890625 6.8359375 6.859375 6.2265625 4.90625 4.1640625 144.8046875 49.8515625 0.203125 2.3984375 2.390625 2.1328125 1.9921875 1.875 238.9453125 18.84375 0.765625 6.8359375 6.859375 6.5078125 5.453125 4.8828125 140.921875 47.5625
20241218190000 63064.0 41.916672 -69.75 4.1171875 231.015625 0.125 0.9140625 -999.9 0.7578125 6.8359375 6.8203125 6.375 5.0234375 4.265625 143.1640625 46.65625 0.15625 2.3984375 2.34375 2.0078125 1.8828125 1.765625 233.9375 16.984375 0.7421875 6.8359375 6.8203125 6.5625 5.4296875 4.8046875 141.03125 45.3203125
20241218200000 63064.0 41.916672 -69.75 3.9765625 211.6171875 0.1171875 0.8984375 -999.9 0.7265625 6.8359375 6.7734375 6.5625 5.203125 4.3984375 141.1328125 42.328125 0.1171875 2.1796875 2.2265625 1.921875 1.796875 1.6953125 215.0390625 15.90625 0.71875 6.8359375 6.7734375 6.6875 5.484375 4.796875 140.0859375 41.796875
20241218210000 63064.0 41.916672 -69.75 4.3046875 191.0 0.1328125 0.921875 -999.9 0.703125 6.8359375 6.734375 6.7421875 5.375 4.5234375 139.2890625 37.9375 0.125 2.640625 2.5234375 2.0078125 1.8671875 1.75 197.109375 15.7265625 0.6953125 6.8359375 6.734375 6.8828125 5.703125 4.9765625 138.25 37.5234375
20241218220000 63064.0 41.916672 -69.75 5.2890625 183.65625 0.1640625 1.0078125 -999.9 0.6953125 6.8359375 6.6953125 6.796875 5.3359375 4.3984375 138.40625 34.46875 0.1796875 1.984375 0.0 2.203125 1.984375 1.8359375 185.453125 19.9921875 0.6640625 6.8359375 6.6953125 7.140625 6.09375 5.4453125 136.2265625 33.6171875
20241218230000 63064.0 41.916672 -69.75 6.390625 170.3203125 0.21875 1.140625 -999.9 0.7109375 6.8359375 6.6484375 6.46875 4.71875 3.7734375 140.296875 32.5078125 0.3203125 2.1796875 2.28125 2.53125 2.2265625 2.0390625 170.1015625 21.578125 0.640625 6.8359375 6.6484375 7.453125 6.546875 6.0 134.5546875 31.453125
20241219000000 63064.0 41.916672 -69.75 6.5390625 161.9765625 0.21875 1.125 -999.9 0.734375 6.8359375 6.6171875 6.21875 4.5859375 3.8125 141.671875 30.4140625 0.3984375 2.8984375 2.7890625 2.796875 2.546875 2.3671875 161.7109375 21.3359375 0.625 6.8359375 6.6171875 7.59375 6.765625 6.3125 134.2265625 30.203125
20241219010000 63064.0 41.916672 -69.75 6.9609375 153.375 0.234375 1.1640625 -999.9 0.7734375 6.8359375 6.625 5.9375 4.390625 3.6953125 141.9296875 28.796875 0.4765625 3.1875 3.1640625 3.015625 2.75 2.546875 154.8515625 21.640625 0.609375 6.8359375 6.625 7.75 6.984375 6.578125 134.2421875 29.8828125
20241219020000 63064.0 41.916672 -69.75 6.7265625 149.890625 0.2265625 1.1640625 -999.9 0.8125 12.1171875 12.2109375 5.6953125 4.25 3.6171875 141.8984375 27.90625 0.5390625 3.5078125 3.453125 3.1171875 2.84375 2.6328125 151.6015625 21.6484375 0.609375 12.1171875 12.2109375 7.6796875 6.8828125 6.4609375 134.625 29.8125
20241219030000 63064.0 41.916672 -69.75 5.0234375 152.3828125 0.1640625 1.015625 -999.9 0.828125 12.1171875 12.15625 5.671875 4.328125 3.71875 141.71875 27.9453125 0.3359375 3.1875 3.0859375 2.4765625 2.28125 2.1328125 152.5 20.8203125 0.7578125 12.1171875 12.15625 6.3125 5.265625 4.828125 139.9140625 28.5625
20241219040000 63064.0 41.916672 -69.75 3.59375 137.5546875 0.109375 0.8828125 -999.9 0.8515625 12.1171875 12.1171875 5.6640625 4.453125 3.8828125 142.203125 28.0 0.125 1.984375 0.0 1.75 1.640625 1.546875 136.703125 13.953125 0.84375 12.1171875 12.1171875 5.75 4.6328125 4.1328125 142.2421875 28.078125
20241219050000 63064.0 41.916672 -69.75 0.9609375 212.7421875 0.0234375 0.5859375 -999.9 0.9140625 12.1171875 12.078125 5.59375 4.5625 4.046875 144.265625 27.78125 0.0 1.0 0.0 1.0 1.0 1.0 180.0 0.0 0.9140625 12.1171875 12.078125 5.59375 4.5625 4.046875 144.265625 27.78125
20241219060000 63064.0 41.916672 -69.75 5.0859375 326.2265625 0.15625 0.953125 -999.9 1.0625 5.65625 5.671875 5.609375 4.7890625 4.3125 148.0625 27.140625 0.015625 2.8984375 2.8046875 2.515625 2.3828125 2.2578125 332.921875 17.296875 1.0625 5.65625 5.671875 5.609375 4.796875 4.3203125 148.0625 27.078125
20241219070000 63064.0 41.916672 -69.75 6.640625 343.3359375 0.21875 1.0625 -999.9 1.21875 6.21875 6.0703125 5.78125 5.078125 4.609375 150.3984375 26.2265625 0.0390625 2.1796875 2.109375 2.1328125 1.9375 1.796875 342.296875 19.2890625 1.21875 6.21875 6.0703125 5.7890625 5.0859375 4.6171875 150.40625 26.0703125
20241219080000 63064.0 41.916672 -69.75 7.515625 346.9765625 0.2578125 1.171875 -999.9 1.265625 6.21875 6.2734375 5.875 5.078125 4.484375 150.4375 27.1015625 0.1640625 1.984375 0.0 1.84375 1.703125 1.59375 346.3046875 17.2734375 1.25 6.21875 6.2734375 5.9453125 5.2578125 4.78125 150.546875 25.640625
20241219090000 63064.0 41.916672 -69.75 7.9375 339.609375 0.2734375 1.21875 -999.9 1.25 6.21875 6.34375 5.703125 4.796875 4.234375 148.0625 41.515625 0.3984375 2.640625 2.71875 2.5390625 2.3984375 2.28125 342.3984375 24.8046875 1.1875 6.21875 6.34375 6.0625 5.40625 4.9765625 149.484375 25.7421875
20241219100000 63064.0 41.916672 -69.75 7.7421875 324.8046875 0.2734375 1.21875 -999.9 1.203125 6.21875 6.3828125 5.5859375 4.6484375 4.09375 145.703125 50.09375 0.484375 3.1875 3.1171875 2.828125 2.6484375 2.484375 334.453125 23.5234375 1.1015625 6.21875 6.3828125 6.1171875 5.453125 5.0234375 147.2890625 27.2734375
20241219110000 63064.0 41.916672 -69.75 8.3046875 310.5078125 0.296875 1.2890625 -999.9 1.171875 6.21875 6.4140625 5.453125 4.4921875 3.953125 144.140625 58.203125 0.5546875 3.5078125 3.359375 2.9765625 2.7421875 2.5546875 324.78125 22.15625 1.0234375 6.21875 6.4140625 6.1875 5.53125 5.140625 144.3203125 30.734375
20241219120000 63064.0 41.916672 -69.75 9.390625 302.0390625 0.3515625 1.3984375 -999.9 1.171875 6.21875 6.4375 5.2890625 4.3203125 3.796875 144.546875 66.875 0.6640625 3.5078125 3.515625 3.125 2.8671875 2.65625 319.421875 23.0390625 0.96875 6.21875 6.4375 6.2890625 5.65625 5.2890625 142.1875 32.28125
20241219130000 63064.0 41.916672 -69.75 10.7109375 302.359375 0.4140625 1.515625 -999.9 1.234375 6.21875 6.453125 5.0703125 4.171875 3.6953125 153.40625 76.8828125 0.8203125 3.859375 3.8125 3.359375 3.0703125 2.84375 318.140625 24.5625 0.9140625 6.21875 6.453125 6.453125 5.875 5.5546875 141.2421875 31.3046875
20241219140000 63064.0 41.916672 -69.75 11.71875 308.890625 0.46875 1.6171875 -999.9 1.3515625 4.25 4.265625 4.9140625 4.140625 3.71875 319.4765625 74.6484375 1.0390625 4.25 4.21875 3.7109375 3.3828125 3.125 320.734375 24.9765625 0.8671875 6.21875 6.4765625 6.6328125 6.1171875 5.84375 141.25 28.3515625
20241219150000 63064.0 41.916672 -69.75 11.71875 314.234375 0.46875 1.625 -999.9 1.4765625 4.671875 4.703125 4.921875 4.25 3.84375 326.0546875 65.984375 1.21875 4.671875 4.65625 4.078125 3.7109375 3.4140625 323.5859375 24.28125 0.828125 6.21875 6.5078125 6.7578125 6.265625 6.0 140.6328125 28.65625
20241219160000 63064.0 41.916672 -69.75 11.1328125 319.6484375 0.4453125 1.5703125 -999.9 1.546875 5.140625 5.09375 5.0234375 4.3984375 3.984375 330.1953125 60.8671875 1.328125 5.140625 5.03125 4.3671875 3.953125 3.6328125 326.5625 23.46875 0.796875 6.8359375 6.6484375 6.8515625 6.375 6.109375 139.8046875 29.921875
20241219170000 63064.0 41.916672 -69.75 10.3046875 323.765625 0.3984375 1.5 -999.9 1.5546875 5.140625 5.2890625 5.1171875 4.484375 4.0625 334.40625 58.828125 1.34375 5.140625 5.171875 4.5 4.0625 3.7109375 329.1171875 22.65625 0.796875 6.8359375 6.6875 6.875 6.390625 6.078125 137.1875 36.78125
20241219180000 63064.0 41.916672 -69.75 9.390625 323.7890625 0.3515625 1.4140625 -999.9 1.5234375 5.65625 5.5390625 5.2109375 4.5546875 4.1171875 338.4609375 59.2265625 1.2734375 5.140625 5.34375 4.5234375 4.078125 3.7265625 330.4609375 21.7109375 0.828125 6.8359375 6.734375 6.8515625 6.359375 6.0078125 131.515625 46.8984375
20241219190000 63064.0 41.916672 -69.75 8.7578125 322.4296875 0.3203125 1.3515625 -999.9 1.46875 5.65625 5.640625 5.3046875 4.6171875 4.1484375 342.2109375 61.5703125 1.171875 5.65625 5.40625 4.453125 4.0 3.65625 330.6015625 20.9375 0.8828125 6.8359375 6.6953125 6.8125 6.3203125 5.9453125 124.796875 55.4765625
20241219200000 63064.0 41.916672 -69.75 8.3984375 322.234375 0.3046875 1.3125 -999.9 1.421875 5.65625 5.6953125 5.3984375 4.65625 4.171875 346.3359375 64.7578125 1.0703125 5.140625 5.34375 4.328125 3.8828125 3.5390625 330.546875 20.484375 0.9296875 6.8359375 6.5625 6.796875 6.3203125 5.9609375 121.3984375 59.6328125
20241219210000 63064.0 41.916672 -69.75 8.484375 321.34375 0.3046875 1.3203125 -999.9 1.3828125 5.65625 5.734375 5.453125 4.671875 4.1640625 350.1796875 67.1953125 1.0234375 5.140625 5.2265625 4.2578125 3.8125 3.46875 331.3046875 20.5 0.9375 6.8359375 6.6875 6.859375 6.3671875 6.0 124.84375 58.171875
20241219220000 63064.0 41.916672 -69.75 8.4140625 327.046875 0.3046875 1.3125 -999.9 1.359375 5.65625 5.6875 5.46875 4.6640625 4.1484375 353.78125 68.1328125 1.0078125 5.140625 5.125 4.21875 3.7734375 3.4453125 333.59375 20.78125 0.921875 6.8359375 6.890625 6.9609375 6.4765625 6.125 129.4296875 55.4765625
20241219230000 63064.0 41.916672 -69.75 8.21875 334.421875 0.296875 1.2890625 -999.9 1.328125 5.65625 5.4375 5.4609375 4.640625 4.125 358.0703125 68.0078125 0.9921875 5.140625 5.1171875 4.203125 3.7734375 3.4453125 337.0703125 20.90625 0.890625 6.8359375 7.1171875 7.0390625 6.5390625 6.140625 132.78125 53.2265625
20241220000000 63064.0 41.916672 -69.75 8.2109375 346.9765625 0.296875 1.2890625 -999.9 1.296875 5.140625 5.3203125 5.4296875 4.59375 4.078125 3.4140625 67.203125 1.0 5.140625 5.1875 4.2578125 3.8046875 3.46875 343.7890625 20.8359375 0.8203125 7.5234375 7.2734375 7.1640625 6.625 6.203125 141.3828125 46.78125
20241220010000 63064.0 41.916672 -69.75 7.46875 355.3515625 0.2578125 1.2265625 -999.9 1.2421875 5.140625 5.265625 5.421875 4.578125 4.0546875 10.421875 66.84375 0.8359375 5.140625 4.9765625 3.875 3.484375 3.1953125 349.046875 20.6484375 0.9140625 7.5234375 7.3359375 6.71875 6.1875 5.828125 124.140625 67.9765625
20241220020000 63064.0 41.916672 -69.75 6.25 359.640625 0.2109375 1.1171875 -999.9 1.15625 5.140625 5.21875 5.4765625 4.609375 4.0859375 19.2421875 67.3984375 0.5703125 4.25 4.1015625 3.203125 2.9140625 2.6875 355.9609375 21.8203125 1.0078125 5.140625 5.21875 6.1875 5.640625 5.3125 53.875 73.1484375
20241220030000 63064.0 41.916672 -69.75 5.6875 11.625 0.1875 1.0625 -999.9 1.0859375 7.5234375 7.359375 5.515625 4.6328125 4.109375 28.8828125 67.78125 0.40625 3.1875 3.296875 2.796875 2.5546875 2.375 9.609375 21.9375 1.0078125 7.5234375 7.359375 5.9609375 5.3359375 4.9921875 39.8515625 71.3671875
20241220040000 63064.0 41.916672 -69.75 5.53125 30.890625 0.1796875 1.046875 -999.9 1.0390625 7.5234375 7.3515625 5.53125 4.625 4.09375 37.2734375 67.3828125 0.34375 3.1875 3.1875 2.609375 2.3984375 2.234375 25.8046875 21.015625 0.9765625 7.5234375 7.3515625 5.8828125 5.21875 4.84375 41.609375 70.265625
20241220050000 63064.0 41.916672 -69.75 5.9609375 40.78125 0.1953125 1.0859375 -999.9 1.015625 7.5234375 7.3359375 5.4921875 4.5625 4.0234375 42.21875 66.015625 0.375 3.5078125 3.375 2.75 2.5078125 2.328125 32.4765625 20.421875 0.9453125 7.5234375 7.3359375 5.921875 5.2421875 4.8671875 46.984375 69.8046875
20241220060000 63064.0 41.916672 -69.75 6.6875 46.078125 0.2265625 1.1484375 -999.9 1.03125 7.5234375 7.3046875 5.390625 4.4609375 3.9375 43.3515625 63.6328125 0.4609375 3.5078125 3.4609375 2.9921875 2.703125 2.5 35.1171875 21.21875 0.921875 7.5234375 7.3046875 5.9921875 5.3359375 4.9609375 49.8046875 69.4765625
20241220070000 63064.0 41.916672 -69.75 6.9375 51.6015625 0.234375 1.1796875 -999.9 1.0703125 5.140625 5.078125 5.2890625 4.40625 3.8984375 43.2265625 60.875 0.515625 3.5078125 3.59375 3.0546875 2.7734375 2.5625 41.078125 21.9296875 0.9375 5.140625 5.1015625 5.953125 5.3359375 4.984375 44.96875 67.5625
20241220080000 63064.0 41.916672 -69.75 6.796875 59.140625 0.234375 1.171875 -999.9 1.1015625 5.140625 5.109375 5.2578125 4.40625 3.9140625 44.484375 58.78125 0.515625 3.5078125 3.53125 3.0546875 2.7734375 2.5625 49.59375 21.6953125 0.96875 5.140625 5.1171875 5.8828125 5.2890625 4.9609375 41.1484375 64.8203125
20241220090000 63064.0 41.916672 -69.75 7.203125 69.0078125 0.25 1.203125 -999.9 1.125 5.140625 5.140625 5.2421875 4.3984375 3.9140625 48.046875 57.0 0.5390625 3.5078125 3.5390625 3.1015625 2.8125 2.6015625 57.2890625 22.1796875 0.984375 5.140625 5.15625 5.8828125 5.296875 4.96875 42.2265625 62.9375
20241220100000 63064.0 41.916672 -69.75 6.7734375 71.046875 0.234375 1.171875 -999.9 1.140625 5.140625 5.171875 5.2578125 4.4296875 3.9453125 52.375 55.5703125 0.5390625 3.5078125 3.59375 3.0859375 2.8125 2.6015625 63.6484375 22.1640625 1.0 5.140625 5.1796875 5.8828125 5.3125 4.9921875 46.109375 60.984375
20241220110000 63064.0 41.916672 -69.75 7.234375 79.71875 0.25 1.2109375 -999.9 1.15625 5.140625 5.1953125 5.265625 4.4296875 3.9453125 57.8125 54.3359375 0.5703125 3.859375 3.6796875 3.1484375 2.859375 2.6484375 70.0546875 22.9140625 1.0078125 5.140625 5.21875 5.9375 5.359375 5.0390625 50.6953125 59.90625
20241220120000 63064.0 41.916672 -69.75 7.296875 90.1953125 0.2578125 1.21875 -999.9 1.1796875 5.140625 5.1875 5.28125 4.4375 3.9453125 64.6171875 53.3046875 0.578125 3.859375 3.7421875 3.15625 2.8671875 2.65625 80.25 22.78125 1.0234375 5.140625 5.21875 5.9609375 5.3671875 5.0390625 56.046875 58.40625
20241220130000 63064.0 41.916672 -69.75 7.5546875 89.5234375 0.265625 1.2421875 -999.9 1.203125 5.140625 5.1171875 5.3125 4.453125 3.9609375 72.1953125 52.2734375 0.640625 3.859375 3.828125 3.2890625 2.9921875 2.7578125 82.9921875 24.4921875 1.0234375 5.140625 5.203125 6.109375 5.515625 5.1953125 64.6796875 58.703125
20241220140000 63064.0 41.916672 -69.75 8.078125 93.0546875 0.2890625 1.28125 -999.9 1.25 5.140625 5.0 5.328125 4.453125 3.9609375 80.1796875 50.8046875 0.7265625 3.859375 3.9453125 3.4453125 3.125 2.8828125 87.625 25.8671875 1.015625 5.140625 5.1796875 6.2734375 5.6640625 5.3359375 73.5703125 58.625
20241220150000 63064.0 41.916672 -69.75 8.4765625 95.375 0.3046875 1.3203125 -999.9 1.3046875 4.671875 4.859375 5.3359375 4.46875 3.984375 87.6953125 48.859375 0.8125 4.25 4.171875 3.609375 3.28125 3.0234375 91.8046875 26.71875 1.0234375 7.5234375 7.671875 6.4296875 5.8046875 5.46875 83.15625 58.0859375
20241220160000 63064.0 41.916672 -69.75 10.0546875 89.421875 0.3828125 1.4453125 -999.9 1.3984375 4.671875 4.71875 5.2734375 4.4375 3.96875 92.9296875 45.875 1.015625 4.671875 4.46875 3.921875 3.5546875 3.2734375 87.859375 29.9609375 0.9609375 8.2734375 7.953125 6.7890625 6.1484375 5.78125 102.515625 57.71875
20241220170000 63064.0 41.916672 -69.75 10.875 82.59375 0.421875 1.5234375 -999.9 1.5234375 4.671875 4.796875 5.2265625 4.4609375 4.0234375 93.84375 43.1640625 1.2265625 4.671875 4.7109375 4.2265625 3.84375 3.5390625 80.9609375 31.3359375 0.90625 8.2734375 8.1328125 7.078125 6.3828125 5.9296875 127.3125 50.1953125
20241220180000 63064.0 41.916672 -69.75 9.2734375 78.109375 0.34375 1.390625 -999.9 1.5703125 5.140625 5.0625 5.3203125 4.6015625 4.1640625 93.6875 42.7109375 1.1953125 5.140625 4.9453125 4.28125 3.8984375 3.59375 77.828125 27.875 1.015625 8.2734375 8.1875 6.75 6.1015625 5.6953125 123.7734375 48.578125
20241220190000 63064.0 41.916672 -69.75 9.828125 66.9140625 0.375 1.4296875 -999.9 1.59375 5.140625 5.15625 5.359375 4.6484375 4.203125 91.8515625 42.9140625 1.234375 5.140625 5.0703125 4.421875 4.015625 3.6875 67.53125 27.65625 1.0078125 8.2734375 8.171875 6.765625 6.109375 5.6875 133.796875 36.375
20241220200000 63064.0 41.916672 -69.75 11.6796875 73.0625 0.4609375 1.578125 -999.9 1.703125 5.140625 5.2421875 5.3046875 4.6484375 4.2265625 87.875 41.9140625 1.4296875 5.140625 5.1640625 4.5703125 4.1640625 3.8359375 71.6796875 29.8828125 0.9296875 8.2734375 8.1171875 7.0390625 6.4140625 5.984375 135.765625 40.0859375
20241220210000 63064.0 41.916672 -69.75 12.859375 73.5 0.53125 1.6953125 -999.9 1.8671875 5.65625 5.484375 5.3046875 4.703125 4.296875 85.3203125 39.9375 1.640625 5.65625 5.4296875 4.796875 4.3515625 4.0078125 73.21875 29.9296875 0.8828125 8.2734375 8.046875 7.0546875 6.5 6.1171875 138.34375 39.09375
20241220220000 63064.0 41.916672 -69.75 12.25 72.7734375 0.5 1.65625 -999.9 1.984375 5.65625 5.6796875 5.4296875 4.859375 4.4453125 85.3046875 38.6796875 1.75 5.65625 5.6015625 4.9765625 4.53125 4.171875 73.9375 28.65625 0.9453125 7.5234375 7.828125 6.984375 6.4765625 6.1015625 135.8828125 39.890625
20241220230000 63064.0 41.916672 -69.75 11.8671875 64.5625 0.4765625 1.6171875 -999.9 2.0625 6.21875 6.0 5.578125 5.0078125 4.578125 85.0859375 38.515625 1.78125 5.65625 5.7890625 5.09375 4.625 4.25 69.7578125 27.7421875 1.046875 7.5234375 7.4609375 6.9765625 6.5390625 6.2109375 135.0625 29.9609375
20241221000000 63064.0 41.916672 -69.75 12.0390625 52.78125 0.484375 1.6328125 -999.9 2.140625 6.21875 6.171875 5.6953125 5.109375 4.6640625 82.15625 39.15625 1.7890625 6.21875 5.9765625 5.140625 4.6640625 4.2734375 61.9453125 27.09375 1.1796875 7.5234375 7.2421875 6.984375 6.59375 6.2734375 131.0546875 21.078125
20241221010000 63064.0 41.916672 -69.75 13.0078125 42.984375 0.5390625 1.7109375 -999.9 2.2578125 6.21875 6.3203125 5.78125 5.203125 4.765625 75.8203125 40.03125 1.890625 6.21875 6.0703125 5.2421875 4.75 4.359375 54.71875 26.859375 1.2421875 7.5234375 7.265625 7.0546875 6.7109375 6.4375 127.40625 19.734375
20241221020000 63064.0 41.916672 -69.75 13.546875 33.7890625 0.5703125 1.78125 -999.9 2.390625 6.8359375 6.5234375 5.8671875 5.2890625 4.8359375 67.7109375 40.7734375 2.015625 6.21875 6.171875 5.359375 4.8515625 4.4453125 46.984375 26.6875 1.2890625 7.5234375 7.3125 7.109375 6.78125 6.5234375 122.6640625 20.9296875
20241221030000 63064.0 41.916672 -69.75 14.4375 29.6484375 0.625 1.8828125 -999.9 2.5546875 6.8359375 6.6796875 5.9453125 5.375 4.921875 58.453125 40.7421875 2.21875 6.21875 6.375 5.5390625 5.015625 4.59375 41.0 27.03125 1.2578125 7.5234375 7.421875 7.2109375 6.9140625 6.671875 120.25 21.7109375
20241221040000 63064.0 41.916672 -69.75 14.265625 23.0078125 0.609375 1.828125 -999.9 2.6875 6.8359375 6.828125 6.109375 5.5546875 5.109375 50.09375 40.25 2.359375 6.8359375 6.65625 5.765625 5.2421875 4.8125 34.0078125 26.296875 1.2890625 7.5234375 7.4375 7.2578125 6.9609375 6.734375 114.203125 23.515625
20241221050000 63064.0 41.916672 -69.75 13.796875 15.4921875 0.5859375 1.7890625 -999.9 2.7734375 6.8359375 7.0234375 6.2734375 5.703125 5.25 42.5703125 39.9453125 2.421875 6.8359375 6.8359375 5.9609375 5.3984375 4.953125 26.421875 25.359375 1.3515625 7.5234375 7.5234375 7.2890625 6.9921875 6.7421875 105.71875 25.5625
20241221060000 63064.0 41.916672 -69.75 13.3046875 10.9609375 0.5546875 1.734375 -999.9 2.8125 7.5234375 7.2890625 6.4140625 5.828125 5.3515625 36.9609375 39.625 2.4375 6.8359375 7.03125 6.0859375 5.5 5.0390625 20.5546875 24.78125 1.40625 7.5234375 7.6328125 7.40625 7.1015625 6.8515625 97.5078125 27.7265625
20241221070000 63064.0 41.916672 -69.75 12.578125 5.6640625 0.515625 1.6875 -999.9 2.8046875 7.5234375 7.390625 6.4921875 5.875 5.375 33.3828125 39.5 2.390625 7.5234375 7.234375 6.125 5.515625 5.0234375 15.875 24.2421875 1.4609375 7.5234375 7.734375 7.4609375 7.140625 6.875 89.9921875 28.8984375
20241221080000 63064.0 41.916672 -69.75 12.4765625 1.9140625 0.5078125 1.671875 -999.9 2.765625 7.5234375 7.4375 6.515625 5.8828125 5.375 31.09375 39.3671875 2.328125 7.5234375 7.2578125 6.09375 5.46875 4.9765625 12.4609375 24.0234375 1.5 7.5234375 7.8203125 7.53125 7.203125 6.9375 84.078125 29.09375
20241221090000 63064.0 41.916672 -69.75 12.8828125 356.953125 0.53125 1.7109375 -999.9 2.7421875 7.5234375 7.453125 6.5 5.8515625 5.3359375 28.7890625 39.2109375 2.28125 7.5234375 7.21875 6.015625 5.390625 4.8984375 9.328125 24.1328125 1.5234375 8.2734375 7.90625 7.59375 7.265625 6.9921875 79.21875 28.5390625
20241221100000 63064.0 41.916672 -69.75 12.234375 351.2265625 0.5 1.65625 -999.9 2.6953125 7.5234375 7.46875 6.5078125 5.8515625 5.328125 27.3125 39.4921875 2.1328125 6.8359375 7.0078125 5.8359375 5.21875 4.75 3.9375 23.71875 1.65625 8.2734375 7.9375 7.6171875 7.3125 7.0546875 70.4375 29.03125
20241221110000 63064.0 41.916672 -69.75 11.96875 345.0 0.484375 1.6484375 -999.9 2.6328125 7.5234375 7.5078125 6.5 5.8203125 5.28125 26.3671875 40.4296875 2.0078125 6.8359375 6.8125 5.6796875 5.0625 4.59375 359.4765625 24.0625 1.7109375 8.2734375 7.9609375 7.6328125 7.328125 7.0703125 66.3984375 29.15625
20241221120000 63064.0 41.916672 -69.75 11.5625 337.8203125 0.4609375 1.609375 -999.9 2.5703125 7.5234375 7.578125 6.5078125 5.8125 5.265625 26.0390625 41.5078125 1.8203125 6.8359375 6.59375 5.421875 4.828125 4.3828125 353.0078125 23.828125 1.8203125 8.2734375 7.9296875 7.6015625 7.296875 7.0390625 60.6796875 30.0234375
20241221130000 63064.0 41.916672 -69.75 11.375 331.15625 0.453125 1.5859375 -999.9 2.5078125 7.5234375 7.671875 6.515625 5.8046875 5.2421875 25.578125 42.5625 1.6484375 6.21875 6.21875 5.140625 4.5859375 4.1640625 346.0078125 23.515625 1.890625 7.5234375 7.84375 7.5625 7.265625 7.0234375 56.0625 30.75
20241221140000 63064.0 41.916672 -69.75 11.140625 328.265625 0.4453125 1.578125 -999.9 2.453125 7.5234375 7.7578125 6.5234375 5.78125 5.203125 25.203125 43.2578125 1.5703125 6.21875 6.1015625 4.9921875 4.453125 4.0390625 342.5 23.703125 1.8828125 7.5234375 7.8515625 7.578125 7.2890625 7.046875 54.671875 30.890625
20241221150000 63064.0 41.916672 -69.75 11.015625 323.0 0.4375 1.5703125 -999.9 2.40625 7.5234375 7.828125 6.53125 5.765625 5.1796875 24.8828125 43.7890625 1.484375 6.21875 5.953125 4.84375 4.3203125 3.921875 338.3515625 23.4296875 1.890625 7.5234375 7.875 7.5703125 7.265625 7.0234375 52.7578125 31.0
20241221160000 63064.0 41.916672 -69.75 11.0703125 318.1484375 0.4375 1.5703125 -999.9 2.359375 8.2734375 7.8984375 6.5390625 5.75 5.1484375 24.328125 44.421875 1.421875 5.65625 5.8046875 4.7265625 4.21875 3.828125 334.703125 23.40625 1.8828125 8.2734375 7.9140625 7.5703125 7.2578125 7.0078125 51.390625 31.234375
20241221170000 63064.0 41.916672 -69.75 11.1171875 315.5234375 0.4453125 1.578125 -999.9 2.3203125 8.2734375 7.9296875 6.5390625 5.7265625 5.1171875 23.40625 45.1875 1.4140625 5.65625 5.75 4.7109375 4.1953125 3.8125 333.21875 23.9140625 1.84375 8.2734375 7.9453125 7.6171875 7.296875 7.0546875 51.6796875 31.34375
20241221180000 63064.0 41.916672 -69.75 11.34375 315.4375 0.453125 1.5859375 -999.9 2.296875 8.2734375 7.9609375 6.5390625 5.71875 5.1171875 21.96875 46.1484375 1.4296875 5.65625 5.71875 4.7109375 4.21875 3.84375 332.328125 24.265625 1.796875 8.2734375 7.96875 7.6875 7.3671875 7.1328125 52.3515625 31.953125
20241221190000 63064.0 41.916672 -69.75 11.3984375 315.4140625 0.453125 1.5859375 -999.9 2.2890625 8.2734375 8.0 6.546875 5.703125 5.1015625 20.71875 47.3515625 1.453125 5.65625 5.7265625 4.734375 4.234375 3.8671875 331.7265625 24.4609375 1.7734375 8.2734375 8.0078125 7.7734375 7.4453125 7.2109375 53.59375 33.1328125
20241221200000 63064.0 41.916672 -69.75 11.390625 314.578125 0.453125 1.5859375 -999.9 2.2890625 8.2734375 8.0625 6.578125 5.7109375 5.1015625 20.046875 48.890625 1.4765625 5.65625 5.734375 4.7578125 4.265625 3.890625 331.046875 24.53125 1.75 8.2734375 8.078125 7.8671875 7.5234375 7.28125 55.6171875 34.7734375
20241221210000 63064.0 41.916672 -69.75 11.6953125 313.84375 0.46875 1.6171875 -999.9 2.296875 8.2734375 8.1640625 6.5859375 5.703125 5.0859375 18.875 50.6015625 1.5078125 5.65625 5.7265625 4.78125 4.2890625 3.9140625 330.2265625 24.6015625 1.7265625 8.2734375 8.1875 7.953125 7.6015625 7.3515625 58.140625 36.4453125
20241221220000 63064.0 41.916672 -69.75 12.3359375 311.484375 0.5 1.65625 -999.9 2.3125 8.2734375 8.3515625 6.5625 5.6875 5.09375 16.0390625 52.1015625 1.5625 5.65625 5.7265625 4.828125 4.3515625 3.9921875 329.0703125 24.6171875 1.703125 8.2734375 8.390625 8.0234375 7.6640625 7.40625 60.3515625 37.828125
20241221230000 63064.0 41.916672 -69.75 13.171875 310.9453125 0.546875 1.71875 -999.9 2.34375 9.1015625 8.6953125 6.5 5.6484375 5.078125 10.7734375 52.9296875 1.6796875 5.65625 5.8671875 4.9609375 4.4921875 4.125 329.1953125 25.0 1.6328125 9.1015625 8.703125 8.125 7.765625 7.515625 64.0 38.1875
20241222000000 63064.0 41.916672 -69.75 13.234375 311.2734375 0.546875 1.7265625 -999.9 2.359375 6.21875 6.296875 6.4453125 5.625 5.0703125 5.8203125 52.9140625 1.7578125 6.21875 5.984375 5.0546875 4.578125 4.2109375 328.8671875 24.8515625 1.578125 9.1015625 8.78125 8.1640625 7.8125 7.5625 65.265625 38.96875
20241222010000 63064.0 41.916672 -69.75 13.1640625 311.203125 0.546875 1.71875 -999.9 2.3515625 6.21875 6.296875 6.40625 5.6015625 5.0546875 1.7734375 52.5390625 1.796875 6.21875 6.0703125 5.140625 4.65625 4.28125 328.5703125 24.40625 1.5234375 9.1015625 8.8359375 8.171875 7.8125 7.5546875 65.921875 39.796875
20241222020000 63064.0 41.916672 -69.75 12.796875 311.78125 0.53125 1.7109375 -999.9 2.3203125 6.21875 6.3125 6.34375 5.53125 4.9765625 358.5234375 52.1953125 1.8046875 6.21875 6.109375 5.1640625 4.65625 4.265625 328.3984375 24.3359375 1.453125 9.1015625 8.875 8.1640625 7.7890625 7.515625 66.765625 40.609375
20241222030000 63064.0 41.916672 -69.75 12.4375 315.0078125 0.5078125 1.671875 -999.9 2.265625 6.21875 6.3125 6.296875 5.4921875 4.9453125 356.6875 51.6015625 1.796875 6.21875 6.1171875 5.1875 4.671875 4.28125 329.140625 24.1171875 1.3828125 9.1015625 8.8984375 8.1640625 7.78125 7.515625 67.609375 41.4921875
20241222040000 63064.0 41.916672 -69.75 12.1171875 316.2578125 0.4921875 1.640625 -999.9 2.2109375 6.21875 6.3203125 6.25 5.453125 4.9140625 355.625 50.859375 1.765625 6.21875 6.125 5.1953125 4.6796875 4.28125 330.0 23.8203125 1.328125 9.1015625 8.8984375 8.125 7.734375 7.4453125 67.546875 42.3828125
20241222050000 63064.0 41.916672 -69.75 12.0078125 317.1640625 0.484375 1.6328125 -999.9 2.1640625 6.21875 6.3203125 6.1875 5.40625 4.8671875 354.5 50.0234375 1.75 6.21875 6.1328125 5.1875 4.671875 4.265625 330.8203125 23.703125 1.2734375 9.1015625 8.8828125 8.0859375 7.6875 7.3828125 67.2109375 43.25
20241222060000 63064.0 41.916672 -69.75 11.8359375 317.75 0.4765625 1.640625 -999.9 2.1328125 6.21875 6.3046875 6.1171875 5.328125 4.7734375 353.390625 49.2265625 1.7421875 6.21875 6.1328125 5.1640625 4.6328125 4.21875 331.40625 23.703125 1.2265625 9.1015625 8.8515625 8.0234375 7.59375 7.25 66.4921875 44.15625
20241222070000 63064.0 41.916672 -69.75 11.4453125 316.984375 0.4609375 1.59375 -999.9 2.078125 6.21875 6.296875 6.078125 5.2890625 4.75 353.0546875 48.8046875 1.6875 6.21875 6.125 5.140625 4.609375 4.1953125 331.46875 23.5234375 1.203125 9.1015625 8.8125 7.9296875 7.4765625 7.109375 64.0078125 45.3359375
20241222080000 63064.0 41.916672 -69.75 11.1953125 315.8046875 0.4453125 1.5703125 -999.9 2.0078125 6.21875 6.2734375 6.0390625 5.25 4.7109375 353.0078125 48.765625 1.609375 6.21875 6.0703125 5.0546875 4.53125 4.125 330.53125 23.1796875 1.203125 9.1015625 8.7734375 7.7890625 7.328125 6.96875 59.4140625 46.4453125
20241222090000 63064.0 41.916672 -69.75 11.09375 315.78125 0.4375 1.578125 -999.9 1.9609375 6.21875 6.234375 5.9765625 5.1640625 4.6171875 352.859375 48.8046875 1.5703125 6.21875 6.0390625 4.9921875 4.453125 4.0390625 330.7578125 23.359375 1.171875 9.1015625 8.7421875 7.75 7.2578125 6.8671875 59.546875 47.015625
20241222100000 63064.0 41.916672 -69.75 11.109375 313.75 0.4375 1.578125 -999.9 1.9140625 6.21875 6.203125 5.921875 5.109375 4.5625 352.4765625 48.875 1.53125 6.21875 6.015625 4.9296875 4.390625 3.984375 330.1328125 23.3828125 1.15625 7.5234375 7.328125 7.65625 7.140625 6.734375 57.734375 47.5546875
20241222110000 63064.0 41.916672 -69.75 10.984375 316.53125 0.4375 1.5625 -999.9 1.875 6.21875 6.171875 5.875 5.0625 4.5234375 352.53125 48.7890625 1.5078125 6.21875 5.9375 4.890625 4.3671875 3.9609375 331.125 23.625 1.1171875 6.8359375 7.0546875 7.6640625 7.15625 6.7578125 59.4609375 48.015625
20241222120000 63064.0 41.916672 -69.75 10.6796875 321.03125 0.421875 1.53125 -999.9 1.8359375 6.21875 6.140625 5.8359375 5.03125 4.4921875 353.5703125 48.453125 1.4765625 5.65625 5.8125 4.8515625 4.328125 3.9296875 332.578125 23.4765625 1.09375 6.8359375 6.9609375 7.640625 7.1328125 6.75 59.265625 48.5703125
20241222130000 63064.0 41.916672 -69.75 10.3125 325.1015625 0.3984375 1.5 -999.9 1.796875 6.21875 6.1171875 5.8203125 5.015625 4.4765625 355.5703125 48.0703125 1.453125 5.65625 5.8046875 4.8359375 4.328125 3.9375 335.3828125 23.5859375 1.0546875 6.8359375 6.9453125 7.6640625 7.1328125 6.6953125 61.6484375 48.78125
20241222140000 63064.0 41.916672 -69.75 10.125 328.859375 0.390625 1.4765625 -999.9 1.765625 6.21875 6.09375 5.796875 4.9921875 4.453125 357.9609375 47.5546875 1.421875 5.65625 5.7265625 4.8203125 4.3046875 3.9140625 337.8046875 23.4765625 1.0390625 6.8359375 6.9375 7.6171875 7.0859375 6.6484375 61.7734375 48.546875
20241222150000 63064.0 41.916672 -69.75 9.9765625 330.875 0.3828125 1.4609375 -999.9 1.734375 6.21875 6.09375 5.7734375 4.96875 4.4375 0.328125 46.921875 1.3828125 5.65625 5.6796875 4.765625 4.2578125 3.875 339.5234375 23.4609375 1.046875 6.8359375 6.859375 7.5234375 7.0 6.5859375 58.7890625 48.0625
20241222160000 63064.0 41.916672 -69.75 10.0 332.296875 0.3828125 1.4609375 -999.9 1.71875 6.21875 6.1015625 5.7421875 4.953125 4.421875 2.34375 46.1015625 1.3828125 5.65625 5.6953125 4.765625 4.2578125 3.875 342.421875 23.9921875 1.0234375 6.8359375 6.890625 7.5234375 7.0078125 6.6015625 59.4375 47.6328125
20241222170000 63064.0 41.916672 -69.75 10.2109375 334.1328125 0.390625 1.484375 -999.9 1.7265625 6.21875 6.1171875 5.703125 4.921875 4.40625 3.625 45.03125 1.390625 5.65625 5.6640625 4.765625 4.2578125 3.8671875 344.2578125 24.15625 1.0234375 6.8359375 6.890625 7.453125 6.9375 6.53125 58.3671875 46.6015625
20241222180000 63064.0 41.916672 -69.75 10.125 335.46875 0.390625 1.4765625 -999.9 1.7265625 6.21875 6.1328125 5.6796875 4.9140625 4.3984375 4.640625 44.0 1.3984375 5.65625 5.640625 4.7578125 4.2578125 3.875 346.203125 24.4609375 1.015625 6.8359375 6.8359375 7.421875 6.921875 6.515625 56.8671875 46.1875
20241222190000 63064.0 41.916672 -69.75 9.8515625 334.6796875 0.375 1.453125 -999.9 1.703125 6.21875 6.171875 5.6640625 4.90625 4.390625 5.65625 43.3203125 1.34375 5.65625 5.6640625 4.6953125 4.203125 3.8203125 345.84375 24.15625 1.046875 6.8359375 6.8046875 7.25 6.765625 6.3828125 51.3203125 44.8828125
20241222200000 63064.0 41.916672 -69.75 9.71875 332.4375 0.3671875 1.4375 -999.9 1.671875 6.21875 6.1875 5.640625 4.8828125 4.3671875 6.2109375 43.0078125 1.2734375 5.65625 5.5859375 4.6015625 4.1015625 3.7265625 343.9765625 23.7578125 1.0859375 6.8359375 6.6796875 7.0625 6.6015625 6.265625 46.3828125 43.140625
20241222210000 63064.0 41.916672 -69.75 9.796875 330.5859375 0.375 1.4453125 -999.9 1.640625 6.21875 6.1875 5.59375 4.8359375 4.328125 6.0390625 42.828125 1.2421875 5.65625 5.5625 4.53125 4.046875 3.6796875 343.2421875 24.0234375 1.078125 6.8359375 6.6875 7.0 6.53125 6.1875 44.6796875 42.4609375
20241222220000 63064.0 41.916672 -69.75 9.7734375 325.609375 0.375 1.4453125 -999.9 1.6171875 6.21875 6.1796875 5.5546875 4.796875 4.296875 5.3203125 42.8203125 1.1796875 5.65625 5.46875 4.40625 3.9296875 3.578125 339.625 23.8046875 1.109375 6.8359375 6.5625 6.8359375 6.375 6.046875 40.5234375 40.859375
20241222230000 63064.0 41.916672 -69.75 9.59375 328.7578125 0.359375 1.4296875 -999.9 1.59375 6.21875 6.171875 5.53125 4.78125 4.28125 5.125 42.5703125 1.171875 5.140625 5.359375 4.3984375 3.921875 3.578125 340.4296875 24.328125 1.078125 6.8359375 6.546875 6.8671875 6.421875 6.1171875 40.59375 40.875
20241223000000 63064.0 41.916672 -69.75 9.3828125 333.3515625 0.3515625 1.40625 -999.9 1.5703125 6.21875 6.1640625 5.515625 4.765625 4.2734375 5.9375 41.8828125 1.1875 5.65625 5.515625 4.453125 3.9765625 3.625 343.71875 24.4609375 1.03125 6.8359375 6.6328125 6.9375 6.4921875 6.171875 42.8515625 41.2578125
20241223010000 63064.0 41.916672 -69.75 9.46875 340.484375 0.3515625 1.40625 -999.9 1.5625 6.21875 6.15625 5.5 4.75 4.2578125 7.2421875 40.7421875 1.2421875 5.65625 5.5703125 4.5625 4.078125 3.71875 349.5703125 24.7265625 0.9453125 6.8359375 6.6875 7.140625 6.6640625 6.2890625 47.640625 42.828125
20241223020000 63064.0 41.916672 -69.75 9.4296875 349.1796875 0.3515625 1.40625 -999.9 1.578125 6.21875 6.140625 5.5 4.7578125 4.2578125 9.2578125 39.1796875 1.3203125 5.65625 5.7265625 4.7265625 4.2265625 3.84375 355.7265625 24.15625 0.859375 6.8359375 6.8203125 7.328125 6.765625 6.296875 54.2890625 44.8125
20241223030000 63064.0 41.916672 -69.75 9.078125 355.0546875 0.3359375 1.375 -999.9 1.5859375 6.21875 6.1640625 5.5390625 4.796875 4.3046875 11.9609375 37.7421875 1.3203125 5.65625 5.7109375 4.75 4.2578125 3.8671875 359.5234375 23.4609375 0.8828125 6.8359375 6.828125 7.3203125 6.765625 6.2890625 51.125 45.0
20241223040000 63064.0 41.916672 -69.75 8.515625 358.703125 0.3125 1.3203125 -999.9 1.578125 6.21875 6.21875 5.609375 4.8671875 4.359375 14.6015625 36.859375 1.2265625 5.65625 5.671875 4.625 4.1484375 3.7734375 0.9296875 22.7421875 1.0 6.8359375 6.7734375 7.109375 6.6015625 6.1953125 41.21875 42.9921875
20241223050000 63064.0 41.916672 -69.75 8.09375 1.296875 0.2890625 1.28125 -999.9 1.5546875 6.21875 6.2578125 5.6796875 4.921875 4.40625 16.5859375 36.46875 1.09375 5.65625 5.5 4.40625 3.9453125 3.59375 1.453125 22.875 1.109375 6.21875 6.484375 6.9140625 6.4609375 6.1171875 34.0546875 40.7578125
20241223060000 63064.0 41.916672 -69.75 7.71875 4.4140625 0.2734375 1.2421875 -999.9 1.5234375 6.21875 6.2734375 5.734375 4.9609375 4.4296875 18.109375 36.390625 0.953125 5.140625 5.296875 4.140625 3.7109375 3.390625 4.484375 23.234375 1.1875 6.21875 6.359375 6.765625 6.3359375 6.0078125 28.3828125 40.3359375
20241223070000 63064.0 41.916672 -69.75 7.3125 5.5234375 0.2578125 1.2109375 -999.9 1.484375 6.21875 6.2734375 5.78125 4.984375 4.4453125 19.5625 36.5390625 0.796875 5.140625 4.9453125 3.7578125 3.3828125 3.109375 5.171875 23.875 1.25 6.21875 6.2734375 6.6015625 6.1640625 5.859375 26.0703125 39.0390625
20241223080000 63064.0 41.916672 -69.75 6.8671875 5.9375 0.234375 1.171875 -999.9 1.4375 6.21875 6.2578125 5.828125 5.0078125 4.4609375 21.234375 36.828125 0.671875 4.671875 4.46875 3.4453125 3.125 2.8828125 5.640625 24.3828125 1.2734375 6.21875 6.2578125 6.484375 6.0234375 5.7109375 25.9140625 38.4609375
20241223090000 63064.0 41.916672 -69.75 6.2421875 4.1875 0.2109375 1.109375 -999.9 1.3828125 6.21875 6.25 5.8828125 5.046875 4.4921875 23.2421875 37.1875 0.5390625 3.859375 3.8671875 3.140625 2.859375 2.640625 4.0625 23.9921875 1.2734375 6.21875 6.25 6.375 5.8515625 5.5234375 26.8203125 38.078125
20241223100000 63064.0 41.916672 -69.75 6.3125 4.3203125 0.2109375 1.1171875 -999.9 1.3359375 6.21875 6.2421875 5.921875 5.0546875 4.484375 25.4375 37.5234375 0.5234375 3.859375 3.8828125 3.125 2.84375 2.625 3.7734375 24.078125 1.234375 6.21875 6.2421875 6.4140625 5.875 5.53125 29.4453125 38.2265625
20241223110000 63064.0 41.916672 -69.75 5.765625 6.96875 0.1875 1.0703125 -999.9 1.2890625 6.21875 6.234375 5.9609375 5.0703125 4.4921875 27.90625 37.859375 0.421875 3.5078125 3.46875 2.84375 2.59375 2.40625 5.3359375 22.921875 1.21875 6.21875 6.234375 6.328125 5.71875 5.3515625 30.5859375 38.3828125
20241223120000 63064.0 41.916672 -69.75 4.9765625 5.1171875 0.15625 1.0 -999.9 1.234375 6.21875 6.2265625 6.0234375 5.125 4.546875 30.7734375 38.1875 0.28125 3.1875 3.0390625 2.421875 2.2265625 2.078125 2.6640625 21.921875 1.203125 6.21875 6.2265625 6.2265625 5.53125 5.1171875 32.171875 38.3125
20241223130000 63064.0 41.916672 -69.75 4.3359375 4.1015625 0.1328125 0.9375 -999.9 1.1875 6.21875 6.21875 6.1015625 5.1953125 4.6171875 33.9140625 38.4375 0.1796875 2.640625 2.515625 2.0625 1.921875 1.8046875 1.15625 19.71875 1.171875 6.21875 6.21875 6.1953125 5.4140625 4.953125 34.4765625 38.453125
20241223140000 63064.0 41.916672 -69.75 3.5703125 1.859375 0.1015625 0.8671875 -999.9 1.1328125 6.21875 6.2265625 6.1796875 5.265625 4.6875 37.21875 38.5859375 0.09375 1.984375 0.0 1.7578125 1.6484375 1.5546875 1.59375 12.421875 1.1328125 6.21875 6.2265625 6.2109375 5.34375 4.8203125 37.3203125 38.5859375
20241223150000 63064.0 41.916672 -69.75 3.0 346.1328125 0.0859375 0.8125 -999.9 1.09375 6.21875 6.25 6.2578125 5.3203125 4.734375 40.4921875 38.65625 0.0 1.0 0.0 1.0 1.0 1.0 180.0 0.0 1.09375 6.21875 6.25 6.2578125 5.3203125 4.734375 40.4921875 38.65625
20241223160000 63064.0 41.916672 -69.75 2.6640625 338.34375 0.078125 0.78125 -999.9 1.0546875 6.21875 6.265625 6.328125 5.3671875 4.78125 43.515625 38.6796875 0.0 1.0 0.0 1.0 1.0 1.0 180.0 0.0 1.0546875 6.21875 6.265625 6.328125 5.3671875 4.78125 43.515625 38.6796875
20241223170000 63064.0 41.916672 -69.75 2.3046875 322.7734375 0.0625 0.7421875 -999.9 1.015625 11.015625 10.8203125 6.390625 5.4140625 4.8125 46.3125 38.75 0.0 1.0 0.0 1.0 1.0 1.0 180.0 0.0 1.015625 11.015625 10.8203125 6.390625 5.4140625 4.8125 46.3125 38.75
20241223180000 63064.0 41.916672 -69.75 1.9140625 286.078125 0.046875 0.6953125 -999.9 0.9765625 11.015625 10.78125 6.4609375 5.453125 4.84375 49.03125 38.8828125 0.0 1.0 0.0 1.0 1.0 1.0 180.0 0.0 0.9765625 11.015625 10.78125 6.4609375 5.453125 4.84375 49.03125 38.8828125
20241223190000 63064.0 41.916672 -69.75 2.34375 249.2265625 0.0625 0.734375 -999.9 0.9375 11.015625 10.7265625 6.5234375 5.4921875 4.875 51.765625 39.0390625 0.0 1.0 0.0 1.0 1.0 1.0 180.0 0.0 0.9375 11.015625 10.7265625 6.5234375 5.4921875 4.875 51.765625 39.0390625
20241223200000 63064.0 41.916672 -69.75 2.984375 221.109375 0.0859375 0.796875 -999.9 0.8984375 11.015625 10.6640625 6.59375 5.5390625 4.90625 54.4921875 39.1953125 0.0 1.0 0.0 1.0 1.0 1.0 180.0 0.0 0.8984375 11.015625 10.6640625 6.59375 5.5390625 4.90625 54.4921875 39.1953125
20241223210000 63064.0 41.916672 -69.75 4.0390625 215.3671875 0.1171875 0.8828125 -999.9 0.859375 11.015625 10.5859375 6.6640625 5.5859375 4.953125 57.1875 39.359375 0.0 1.984375 0.0 1.75 1.6328125 1.5390625 216.9765625 17.3125 0.859375 11.015625 10.5859375 6.6640625 5.5859375 4.953125 57.1875 39.359375
20241223220000 63064.0 41.916672 -69.75 3.859375 211.03125 0.1171875 0.8671875 -999.9 0.828125 10.015625 10.421875 6.7421875 5.640625 5.0 59.84375 39.5078125 0.0078125 1.984375 0.0 1.734375 1.6171875 1.5234375 213.4140625 14.984375 0.828125 10.015625 10.421875 6.7421875 5.640625 5.0 59.84375 39.5
20241223230000 63064.0 41.916672 -69.75 5.34375 198.0078125 0.1640625 0.9765625 -999.9 0.7890625 10.015625 10.1953125 6.8203125 5.703125 5.046875 62.4921875 39.6171875 0.015625 1.984375 0.0 1.8515625 1.7109375 1.6015625 203.484375 20.5625 0.7890625 10.015625 10.1953125 6.8203125 5.7109375 5.0546875 62.4921875 39.609375
20241224000000 63064.0 41.916672 -69.75 6.421875 208.0234375 0.2109375 1.046875 -999.9 0.7578125 10.015625 10.0703125 6.890625 5.75 5.0625 65.203125 39.8125 0.0390625 1.984375 0.0 1.859375 1.703125 1.59375 205.5234375 19.5390625 0.7578125 10.015625 10.0703125 6.90625 5.78125 5.125 65.15625 39.6953125
20241224010000 63064.0 41.916672 -69.75 7.140625 210.96875 0.2421875 1.1328125 -999.9 0.7421875 10.015625 9.984375 6.8359375 5.4453125 4.5390625 68.2578125 40.84375 0.125 1.984375 0.0 1.765625 1.6328125 1.53125 207.625 17.7890625 0.7265625 10.015625 9.984375 6.9921875 5.8671875 5.203125 67.84375 39.7734375
20241224020000 63064.0 41.916672 -69.75 7.703125 207.6171875 0.2734375 1.2265625 -999.9 0.8515625 10.015625 9.9296875 5.6171875 4.046875 3.4140625 98.484375 64.109375 0.484375 2.8984375 2.8203125 2.5546875 2.40625 2.2734375 209.4140625 30.0703125 0.703125 10.015625 9.9296875 7.1015625 6.0390625 5.4453125 71.3515625 41.1171875
20241224030000 63064.0 41.916672 -69.75 8.6484375 204.640625 0.3125 1.2890625 -999.9 0.84375 10.015625 9.8828125 5.578125 4.1015625 3.5 115.140625 63.90625 0.5234375 3.1875 3.09375 2.8046875 2.6171875 2.4609375 203.515625 25.7734375 0.6640625 10.015625 9.8828125 7.2734375 6.2734375 5.7265625 74.4765625 40.3984375
20241224040000 63064.0 41.916672 -69.75 9.4140625 203.5390625 0.3515625 1.375 -999.9 0.890625 10.015625 9.8515625 5.265625 3.9140625 3.3828125 139.9140625 62.0078125 0.6171875 3.5078125 3.3671875 2.9921875 2.765625 2.578125 198.3984375 24.109375 0.6328125 10.015625 9.8515625 7.4453125 6.5078125 6.015625 78.1953125 39.5625
20241224050000 63064.0 41.916672 -69.75 10.109375 201.78125 0.390625 1.46875 -999.9 0.96875 10.015625 9.8203125 4.9296875 3.78125 3.3046875 159.8984375 57.0390625 0.7578125 3.5078125 3.65625 3.2265625 2.953125 2.7421875 194.8515625 24.65625 0.609375 10.015625 9.8203125 7.6015625 6.6875 6.1953125 82.0625 39.3828125
20241224060000 63064.0 41.916672 -69.75 10.2890625 201.53125 0.3984375 1.484375 -999.9 1.046875 3.859375 3.9296875 4.78125 3.7890625 3.359375 169.46875 51.8046875 0.8671875 3.859375 3.890625 3.453125 3.1640625 2.921875 193.1875 24.84375 0.5859375 10.015625 9.796875 7.6875 6.75 6.1875 87.1015625 39.921875
20241224070000 63064.0 41.916672 -69.75 10.125 203.90625 0.390625 1.46875 -999.9 1.1015625 4.25 4.2109375 4.75 3.8515625 3.4375 174.484375 47.7109375 0.9453125 4.25 4.1796875 3.6484375 3.328125 3.078125 193.2109375 24.4453125 0.5703125 10.015625 9.7734375 7.7265625 6.734375 6.078125 93.3125 39.4453125
20241224080000 63064.0 41.916672 -69.75 10.34375 203.9921875 0.3984375 1.484375 -999.9 1.1484375 4.25 4.390625 4.734375 3.90625 3.5 177.5703125 44.296875 1.0078125 4.25 4.34375 3.796875 3.453125 3.1875 192.796875 24.140625 0.5546875 10.015625 9.75 7.8203125 6.84375 6.171875 97.8984375 38.90625
20241224090000 63064.0 41.916672 -69.75 10.75 204.7890625 0.421875 1.5234375 -999.9 1.203125 4.671875 4.5625 4.71875 3.9453125 3.546875 179.109375 41.2421875 1.0703125 4.671875 4.546875 3.9140625 3.5546875 3.2734375 192.015625 24.15625 0.546875 10.015625 9.7265625 7.84375 6.859375 6.171875 103.2109375 37.6328125
20241224100000 63064.0 41.916672 -69.75 10.5859375 204.1015625 0.4140625 1.5078125 -999.9 1.234375 4.671875 4.640625 4.734375 3.9921875 3.59375 178.7890625 39.1015625 1.109375 4.671875 4.6171875 4.0 3.625 3.3359375 190.59375 24.3125 0.5390625 10.015625 9.6953125 7.796875 6.828125 6.1328125 108.6953125 36.6953125
20241224110000 63064.0 41.916672 -69.75 11.078125 205.78125 0.4375 1.5546875 -999.9 1.265625 4.671875 4.703125 4.7265625 4.0078125 3.609375 178.6328125 37.4765625 1.1484375 4.671875 4.671875 4.0546875 3.671875 3.375 189.6953125 24.6640625 0.546875 10.015625 9.671875 7.7109375 6.734375 6.0 113.2421875 34.625
20241224120000 63064.0 41.916672 -69.75 10.921875 205.078125 0.4296875 1.546875 -999.9 1.296875 4.671875 4.828125 4.75 4.046875 3.6484375 178.1640625 36.3046875 1.171875 4.671875 4.7578125 4.109375 3.71875 3.4140625 188.734375 25.0390625 0.5546875 10.015625 9.640625 7.6328125 6.7421875 6.109375 117.4140625 33.28125
20241224130000 63064.0 41.916672 -69.75 11.3828125 208.90625 0.453125 1.5859375 -999.9 1.328125 5.140625 4.953125 4.75 4.0625 3.6640625 178.5703125 35.78125 1.1953125 5.140625 4.90625 4.140625 3.734375 3.4296875 189.46875 25.5703125 0.578125 10.015625 9.6015625 7.40625 6.53125 5.8984375 122.328125 30.890625
20241224140000 63064.0 41.916672 -69.75 10.8828125 215.4765625 0.4296875 1.546875 -999.9 1.328125 5.140625 5.03125 4.78125 4.09375 3.6875 179.3671875 36.5 1.140625 4.671875 4.8828125 4.0625 3.6640625 3.3671875 194.2890625 26.171875 0.6875 5.65625 5.7265625 6.78125 6.0390625 5.5390625 134.2734375 29.1796875
20241224150000 63064.0 41.916672 -69.75 10.1171875 231.9375 0.390625 1.4765625 -999.9 1.2734375 5.140625 5.09375 4.8125 4.09375 3.6796875 180.625 39.234375 0.921875 4.671875 4.59375 3.703125 3.3359375 3.0703125 210.15625 27.296875 0.875 5.65625 5.453125 6.0546875 5.4765625 5.1328125 149.359375 27.0703125
20241224160000 63064.0 41.916672 -69.75 9.765625 259.078125 0.3671875 1.4296875 -999.9 1.1953125 5.140625 5.1328125 4.8125 4.046875 3.625 184.265625 45.1484375 0.703125 3.5078125 3.5 3.15625 2.890625 2.6796875 242.234375 27.234375 0.96875 5.140625 5.1640625 5.6796875 5.1171875 4.8046875 159.921875 29.0234375
20241224170000 63064.0 41.916672 -69.75 9.7109375 270.671875 0.3671875 1.421875 -999.9 1.140625 5.140625 5.1171875 4.75 3.953125 3.53125 191.6953125 52.8046875 0.6875 3.5078125 3.4453125 3.0625 2.828125 2.6328125 262.7890625 27.8203125 0.90625 5.140625 5.1328125 5.734375 5.140625 4.8359375 160.453125 31.15625
20241224180000 63064.0 41.916672 -69.75 9.359375 274.6875 0.3515625 1.3984375 -999.9 1.078125 5.140625 5.03125 4.703125 3.8828125 3.46875 201.53125 59.5703125 0.703125 3.5078125 3.46875 3.125 2.875 2.671875 275.203125 28.640625 0.8203125 5.140625 5.0703125 5.8671875 5.21875 4.90625 158.5546875 34.1015625
20241224190000 63064.0 41.916672 -69.75 8.5703125 287.21875 0.3125 1.3359375 -999.9 1.0234375 4.671875 4.6796875 4.6875 3.84375 3.4375 217.1328125 66.3125 0.6953125 3.5078125 3.515625 3.234375 2.953125 2.7421875 290.9765625 26.4453125 0.75 9.1015625 9.1171875 5.9453125 5.1875 4.8125 157.3046875 37.4921875
20241224200000 63064.0 41.916672 -69.75 7.9296875 307.40625 0.28125 1.2734375 -999.9 0.9765625 4.671875 4.5390625 4.7109375 3.8515625 3.4375 248.8828125 71.609375 0.6953125 3.859375 3.71875 3.390625 3.078125 2.84375 305.6640625 22.015625 0.6875 9.1015625 9.078125 6.0703125 5.1796875 4.734375 154.4765625 40.953125
20241224210000 63064.0 41.916672 -69.75 8.0390625 326.0 0.2890625 1.28125 -999.9 0.9453125 9.1015625 9.0546875 4.7265625 3.8359375 3.4140625 296.203125 72.2578125 0.703125 3.859375 3.8203125 3.4765625 3.1484375 2.8984375 316.6171875 19.40625 0.625 9.1015625 9.0546875 6.296875 5.28125 4.75 149.2421875 43.484375
20241224220000 63064.0 41.916672 -69.75 8.40625 345.7265625 0.3046875 1.3046875 -999.9 0.9140625 9.1015625 9.03125 4.7109375 3.78125 3.3515625 329.515625 69.6171875 0.703125 3.859375 3.8359375 3.453125 3.125 2.875 326.640625 19.2890625 0.59375 9.1015625 9.03125 6.46875 5.3671875 4.765625 143.90625 48.6796875
20241224230000 63064.0 41.916672 -69.75 9.3671875 350.0703125 0.3515625 1.390625 -999.9 0.9453125 3.859375 3.90625 4.578125 3.6953125 3.2890625 345.6484375 63.703125 0.7734375 3.859375 3.84375 3.4453125 3.125 2.8828125 333.84375 22.5234375 0.546875 9.1015625 9.0234375 6.890625 5.8515625 5.265625 135.1171875 44.0
20241225000000 63064.0 41.916672 -69.75 9.84375 354.5 0.375 1.4375 -999.9 1.03125 4.25 4.1484375 4.5 3.7109375 3.328125 352.8671875 56.5390625 0.890625 4.25 4.0625 3.5859375 3.265625 3.015625 341.6171875 24.5703125 0.5234375 9.1015625 9.015625 7.1328125 6.1328125 5.5390625 129.9296875 43.40625
20241225010000 63064.0 41.916672 -69.75 9.9609375 358.8828125 0.3828125 1.453125 -999.9 1.1328125 4.25 4.4375 4.53125 3.828125 3.4609375 358.625 50.09375 1.0078125 4.25 4.3828125 3.8125 3.4765625 3.2109375 349.3984375 24.765625 0.515625 9.1015625 9.0234375 7.2578125 6.2421875 5.6171875 125.53125 46.6484375
20241225020000 63064.0 41.916672 -69.75 9.796875 0.5390625 0.375 1.4375 -999.9 1.2109375 4.671875 4.6328125 4.625 3.96875 3.6015625 4.0 45.421875 1.1015625 4.671875 4.625 4.0390625 3.6796875 3.390625 355.734375 24.5078125 0.5078125 9.1015625 9.03125 7.390625 6.359375 5.703125 119.7265625 47.140625
20241225030000 63064.0 41.916672 -69.75 9.5078125 1.796875 0.359375 1.40625 -999.9 1.28125 5.140625 4.9375 4.7578125 4.1171875 3.734375 8.4921875 42.203125 1.171875 5.140625 4.921875 4.2421875 3.8515625 3.5390625 0.765625 24.234375 0.515625 9.1015625 9.046875 7.390625 6.34375 5.6484375 110.7890625 49.828125
20241225040000 63064.0 41.916672 -69.75 9.3203125 3.765625 0.3515625 1.390625 -999.9 1.3359375 5.140625 5.1015625 4.890625 4.25 3.84375 11.75 40.0390625 1.21875 5.140625 5.078125 4.40625 3.984375 3.65625 4.0546875 24.1875 0.546875 9.1015625 9.078125 7.34375 6.3359375 5.640625 98.25 51.3125
20241225050000 63064.0 41.916672 -69.75 9.1875 2.171875 0.34375 1.3828125 -999.9 1.390625 5.65625 5.40625 5.0234375 4.3671875 3.9453125 13.59375 38.453125 1.2578125 5.140625 5.328125 4.5390625 4.09375 3.75 4.6796875 23.765625 0.59375 9.1015625 9.109375 7.1953125 6.21875 5.5234375 84.9140625 47.390625
20241225060000 63064.0 41.916672 -69.75 9.1015625 358.9765625 0.3359375 1.375 -999.9 1.4375 5.65625 5.546875 5.1328125 4.4609375 4.03125 14.40625 37.4296875 1.2734375 5.65625 5.5 4.6171875 4.15625 3.7890625 4.375 23.3203125 0.65625 6.8359375 6.796875 7.09375 6.2265625 5.6171875 73.734375 44.9921875
20241225070000 63064.0 41.916672 -69.75 9.1796875 355.640625 0.34375 1.3828125 -999.9 1.46875 5.65625 5.6328125 5.2109375 4.53125 4.0859375 14.65625 36.84375 1.28125 5.65625 5.5546875 4.6484375 4.1796875 3.8046875 2.9375 23.0390625 0.71875 6.8359375 6.8046875 6.9765625 6.1953125 5.6328125 65.5703125 41.4453125
20241225080000 63064.0 41.916672 -69.75 9.5546875 354.046875 0.359375 1.4140625 -999.9 1.515625 5.65625 5.7109375 5.265625 4.578125 4.125 14.40625 36.296875 1.3203125 5.65625 5.609375 4.703125 4.2109375 3.8359375 2.3046875 23.21875 0.75 6.8359375 6.78125 7.0 6.265625 5.734375 63.7578125 38.890625
20241225090000 63064.0 41.916672 -69.75 9.921875 352.8515625 0.375 1.453125 -999.9 1.578125 5.65625 5.828125 5.3203125 4.6328125 4.171875 13.9765625 35.703125 1.3984375 5.65625 5.703125 4.8125 4.3046875 3.921875 3.1171875 23.828125 0.734375 6.8359375 6.90625 7.1796875 6.421875 5.859375 66.1484375 37.953125
20241225100000 63064.0 41.916672 -69.75 10.21875 350.359375 0.390625 1.4765625 -999.9 1.6484375 6.21875 6.0078125 5.3828125 4.703125 4.234375 13.5859375 35.265625 1.453125 5.65625 5.8125 4.8671875 4.359375 3.9609375 2.3046875 24.1328125 0.78125 6.8359375 6.9375 7.171875 6.46875 5.9140625 62.3359375 35.984375
20241225110000 63064.0 41.916672 -69.75 10.2265625 346.65625 0.390625 1.484375 -999.9 1.703125 6.21875 6.1015625 5.453125 4.7734375 4.296875 13.2265625 35.25 1.453125 5.65625 5.859375 4.875 4.3515625 3.9609375 359.671875 24.0703125 0.8828125 6.8359375 6.8984375 7.03125 6.4453125 6.0 56.0234375 33.203125
20241225120000 63064.0 41.916672 -69.75 10.1953125 344.9609375 0.390625 1.484375 -999.9 1.734375 6.21875 6.1640625 5.515625 4.828125 4.3515625 12.9453125 35.4921875 1.4453125 6.21875 5.9375 4.859375 4.34375 3.953125 357.96875 24.390625 0.953125 6.8359375 6.890625 7.0234375 6.4921875 6.0703125 52.2890625 32.4921875
20241225130000 63064.0 41.916672 -69.75 10.2890625 345.359375 0.3984375 1.484375 -999.9 1.75 6.21875 6.2109375 5.546875 4.859375 4.375 12.8046875 35.75 1.4609375 6.21875 5.953125 4.875 4.359375 3.96875 357.6953125 24.7578125 0.96875 6.8359375 6.90625 7.0859375 6.578125 6.1640625 51.96875 32.7109375
20241225140000 63064.0 41.916672 -69.75 10.3515625 348.0625 0.3984375 1.4921875 -999.9 1.7734375 6.21875 6.25 5.578125 4.8828125 4.3984375 13.0625 35.8359375 1.4921875 6.21875 5.96875 4.9140625 4.390625 3.9921875 358.6015625 24.8359375 0.9609375 6.8359375 7.015625 7.15625 6.671875 6.28125 53.046875 33.75
20241225150000 63064.0 41.916672 -69.75 10.078125 352.203125 0.3828125 1.46875 -999.9 1.78125 6.21875 6.2890625 5.6171875 4.921875 4.4296875 14.296875 35.71875 1.5078125 6.21875 6.0078125 4.953125 4.4375 4.0390625 1.1875 25.03125 0.9453125 6.8359375 7.0703125 7.296875 6.796875 6.375 53.8046875 36.109375
20241225160000 63064.0 41.916672 -69.75 9.734375 352.203125 0.3671875 1.4375 -999.9 1.7734375 6.21875 6.3515625 5.6640625 4.953125 4.453125 16.0 35.734375 1.4453125 6.21875 5.9921875 4.8984375 4.3828125 3.9765625 0.6171875 24.40625 1.0234375 6.8359375 7.0625 7.1796875 6.71875 6.34375 51.265625 34.7421875
20241225170000 63064.0 41.916672 -69.75 9.5859375 350.859375 0.359375 1.421875 -999.9 1.75 6.21875 6.4296875 5.6875 4.96875 4.46875 17.421875 35.9296875 1.390625 6.21875 5.9765625 4.828125 4.3203125 3.921875 0.1796875 24.5234375 1.0625 6.8359375 6.9609375 7.15625 6.6953125 6.3125 50.1171875 33.6015625
20241225180000 63064.0 41.916672 -69.75 9.53125 351.4765625 0.359375 1.4140625 -999.9 1.7265625 6.21875 6.484375 5.703125 4.96875 4.4609375 18.5078125 36.09375 1.359375 6.21875 5.96875 4.7890625 4.28125 3.890625 0.390625 24.625 1.0703125 6.8359375 6.9609375 7.1484375 6.6953125 6.3046875 50.4765625 33.1640625
20241225190000 63064.0 41.916672 -69.75 9.6171875 354.1328125 0.359375 1.421875 -999.9 1.7109375 6.21875 6.484375 5.6875 4.9453125 4.4296875 19.3671875 36.109375 1.3671875 5.65625 5.8125 4.8125 4.296875 3.90625 2.3203125 24.8984375 1.03125 6.8359375 7.0078125 7.21875 6.7421875 6.328125 52.9140625 33.5703125
20241225200000 63064.0 41.916672 -69.75 9.3828125 359.6796875 0.3515625 1.3984375 -999.9 1.6875 6.21875 6.4375 5.671875 4.921875 4.4140625 20.65625 35.8515625 1.359375 6.21875 5.9609375 4.8046875 4.296875 3.90625 5.2890625 24.5625 1.0078125 6.8359375 7.0234375 7.2421875 6.734375 6.2890625 53.078125 36.09375
20241225210000 63064.0 41.916672 -69.75 9.0390625 3.40625 0.3359375 1.3671875 -999.9 1.6640625 6.21875 6.390625 5.671875 4.921875 4.40625 22.484375 35.4453125 1.3125 6.21875 5.9375 4.7421875 4.25 3.8671875 7.4453125 24.1484375 1.0234375 6.8359375 6.9453125 7.1875 6.65625 6.1875 51.25 37.0078125
20241225220000 63064.0 41.916672 -69.75 8.40625 356.609375 0.3046875 1.3125 -999.9 1.625 6.21875 6.375 5.6953125 4.9453125 4.4296875 24.1640625 35.328125 1.1171875 5.65625 5.421875 4.40625 3.9453125 3.59375 0.6171875 23.640625 1.1796875 6.8359375 6.734375 6.84375 6.390625 6.03125 46.0078125 31.8203125
20241225230000 63064.0 41.916672 -69.75 8.59375 356.25 0.3125 1.3203125 -999.9 1.6015625 6.21875 6.390625 5.7109375 4.9453125 4.421875 25.46875 35.2734375 1.109375 5.65625 5.5546875 4.4453125 3.96875 3.609375 1.6484375 23.859375 1.1484375 6.8359375 6.78125 6.90625 6.4375 6.0703125 48.5234375 30.7265625
20241226000000 63064.0 41.916672 -69.75 8.890625 359.9296875 0.328125 1.3515625 -999.9 1.59375 6.21875 6.40625 5.6875 4.9140625 4.3828125 26.4296875 35.0859375 1.1796875 5.65625 5.7578125 4.5625 4.0703125 3.703125 6.1171875 24.4609375 1.0625 6.8359375 6.8671875 7.078125 6.6015625 6.203125 52.875 30.9765625
20241226010000 63064.0 41.916672 -69.75 8.8125 5.015625 0.3203125 1.34375 -999.9 1.5703125 6.21875 6.3828125 5.6484375 4.8671875 4.34375 27.546875 34.84375 1.1796875 5.65625 5.6328125 4.546875 4.0546875 3.6875 9.1328125 24.28125 1.0390625 6.8359375 6.828125 7.078125 6.5703125 6.1640625 53.3046875 32.7109375
20241226020000 63064.0 41.916672 -69.75 8.4375 10.2421875 0.3046875 1.3125 -999.9 1.53125 6.21875 6.3046875 5.609375 4.828125 4.3125 29.1484375 34.6796875 1.140625 5.65625 5.5703125 4.5 4.03125 3.671875 12.453125 23.859375 1.015625 6.8359375 6.765625 7.0 6.4296875 5.96875 52.4296875 35.1328125
20241226030000 63064.0 41.916672 -69.75 8.3359375 16.3671875 0.296875 1.296875 -999.9 1.484375 6.21875 6.203125 5.5625 4.7734375 4.2578125 31.0234375 34.59375 1.1171875 5.65625 5.5546875 4.4921875 4.0234375 3.65625 17.21875 23.40625 0.9765625 6.8359375 6.6875 6.9609375 6.3203125 5.8125 52.0703125 38.25
20241226040000 63064.0 41.916672 -69.75 7.875 22.1953125 0.28125 1.2578125 -999.9 1.4296875 6.21875 6.1328125 5.53125 4.7265625 4.21875 33.359375 34.6640625 0.9765625 5.65625 5.40625 4.2109375 3.7734375 3.4453125 21.4921875 23.203125 1.046875 6.21875 6.3046875 6.6875 6.0859375 5.640625 45.421875 39.28125
20241226050000 63064.0 41.916672 -69.75 7.4296875 25.9375 0.2578125 1.21875 -999.9 1.375 6.21875 6.09375 5.5234375 4.7109375 4.1953125 36.2109375 34.875 0.8125 5.140625 4.96875 3.8359375 3.4453125 3.15625 25.8671875 23.640625 1.109375 6.21875 6.09375 6.4296875 5.859375 5.46875 42.4140625 38.3671875
20241226060000 63064.0 41.916672 -69.75 6.890625 26.3984375 0.234375 1.171875 -999.9 1.328125 6.21875 6.0859375 5.5625 4.734375 4.2109375 39.796875 35.140625 0.6640625 4.671875 4.5078125 3.46875 3.140625 2.890625 26.234375 23.921875 1.1484375 6.21875 6.0859375 6.2578125 5.6796875 5.3046875 44.5859375 37.0078125
20241226070000 63064.0 41.916672 -69.75 6.46875 21.765625 0.21875 1.1328125 -999.9 1.296875 6.21875 6.1328125 5.671875 4.8125 4.265625 44.5546875 35.1875 0.5546875 4.25 4.09375 3.21875 2.921875 2.703125 20.9921875 23.9140625 1.171875 6.21875 6.1328125 6.21875 5.625 5.234375 49.859375 35.34375
20241226080000 63064.0 41.916672 -69.75 6.4375 19.109375 0.21875 1.125 -999.9 1.3046875 6.21875 6.296875 5.8125 4.9296875 4.359375 49.796875 34.671875 0.53125 4.25 4.078125 3.171875 2.8828125 2.6640625 18.5859375 23.7890625 1.1953125 6.21875 6.296875 6.3359375 5.734375 5.3359375 55.7265625 33.6328125
20241226090000 63064.0 41.916672 -69.75 6.453125 16.328125 0.21875 1.125 -999.9 1.328125 6.8359375 6.625 5.953125 5.046875 4.453125 54.1796875 33.7578125 0.53125 4.25 4.0546875 3.1640625 2.875 2.65625 15.21875 23.8125 1.21875 6.8359375 6.625 6.484375 5.890625 5.484375 60.828125 31.1640625
20241226100000 63064.0 41.916672 -69.75 6.25 11.5625 0.2109375 1.109375 -999.9 1.359375 6.8359375 6.84375 6.1328125 5.1953125 4.5703125 57.578125 32.6875 0.5 3.859375 3.8203125 3.1015625 2.8203125 2.6015625 10.7578125 22.3046875 1.2578125 6.8359375 6.84375 6.609375 5.984375 5.5625 63.8671875 29.046875
20241226110000 63064.0 41.916672 -69.75 6.109375 9.5234375 0.203125 1.1015625 -999.9 1.390625 6.8359375 7.140625 6.328125 5.359375 4.703125 60.2109375 31.5078125 0.484375 3.859375 3.7734375 3.0625 2.78125 2.5703125 8.890625 21.953125 1.3046875 6.8359375 7.140625 6.78125 6.1484375 5.7265625 66.015625 27.265625
20241226120000 63064.0 41.916672 -69.75 6.25 2.1796875 0.2109375 1.109375 -999.9 1.421875 8.2734375 8.40625 6.5078125 5.5 4.8046875 61.9375 30.640625 0.4921875 3.859375 3.796875 3.0859375 2.8046875 2.59375 3.2890625 22.1796875 1.3359375 8.2734375 8.40625 6.9765625 6.328125 5.8828125 68.078125 24.515625
20241226130000 63064.0 41.916672 -69.75 6.28125 1.203125 0.2109375 1.1171875 -999.9 1.453125 9.1015625 8.6875 6.65625 5.609375 4.890625 63.0703125 30.125 0.5 3.859375 3.765625 3.09375 2.8046875 2.59375 1.4921875 22.1796875 1.359375 9.1015625 8.6875 7.1328125 6.484375 6.03125 69.2109375 23.2109375
20241226140000 63064.0 41.916672 -69.75 6.1953125 357.8046875 0.203125 1.109375 -999.9 1.46875 9.1015625 8.7734375 6.8046875 5.7265625 4.96875 63.953125 29.765625 0.484375 3.859375 3.703125 3.0625 2.78125 2.5703125 358.796875 21.6328125 1.390625 9.1015625 8.7734375 7.2578125 6.578125 6.1015625 69.7109375 22.6640625
20241226150000 63064.0 41.916672 -69.75 6.2734375 351.9453125 0.2109375 1.1171875 -999.9 1.484375 9.1015625 8.8828125 6.9375 5.8203125 5.0390625 64.546875 29.625 0.484375 3.859375 3.7578125 3.0625 2.78125 2.5703125 354.734375 21.8515625 1.40625 9.1015625 8.8828125 7.40625 6.703125 6.2109375 70.328125 21.4609375
20241226160000 63064.0 41.916672 -69.75 6.5 351.2109375 0.21875 1.1328125 -999.9 1.5 9.1015625 8.9765625 7.046875 5.8828125 5.0703125 64.671875 29.765625 0.515625 3.859375 3.734375 3.125 2.828125 2.6171875 354.3984375 22.3203125 1.40625 9.1015625 8.9765625 7.5703125 6.8671875 6.3828125 71.0859375 20.265625
20241226170000 63064.0 41.916672 -69.75 6.71875 354.2265625 0.2265625 1.15625 -999.9 1.515625 9.1015625 9.0390625 7.125 5.9140625 5.078125 64.3828125 30.0 0.5546875 3.859375 3.8515625 3.21875 2.9140625 2.6875 356.515625 22.8359375 1.4140625 9.1015625 9.0390625 7.734375 7.046875 6.5625 71.765625 19.15625
20241226180000 63064.0 41.916672 -69.75 6.578125 354.3984375 0.21875 1.1484375 -999.9 1.53125 9.1015625 9.09375 7.203125 5.9609375 5.1171875 64.1328125 29.9140625 0.5546875 3.859375 3.8125 3.1953125 2.8984375 2.671875 355.5234375 22.4921875 1.421875 9.1015625 9.09375 7.8046875 7.0859375 6.59375 71.2421875 19.421875
20241226190000 63064.0 41.916672 -69.75 6.203125 352.2578125 0.203125 1.109375 -999.9 1.53125 9.1015625 9.1484375 7.3046875 6.0546875 5.1953125 64.2265625 29.28125 0.5 3.859375 3.7421875 3.078125 2.796875 2.5859375 353.21875 21.625 1.4453125 9.1015625 9.1484375 7.8203125 7.0390625 6.5234375 70.0625 20.546875
20241226200000 63064.0 41.916672 -69.75 5.8046875 349.03125 0.1875 1.078125 -999.9 1.5234375 9.1015625 9.21875 7.421875 6.171875 5.296875 64.578125 28.21875 0.4296875 3.5078125 3.5703125 2.875 2.625 2.4296875 350.859375 21.4453125 1.4609375 9.1015625 9.21875 7.8125 6.9765625 6.4296875 68.7109375 21.8359375
20241226210000 63064.0 41.916672 -69.75 5.5859375 344.5234375 0.1796875 1.0546875 -999.9 1.5078125 9.1015625 9.3046875 7.546875 6.28125 5.3984375 64.9453125 27.0390625 0.375 3.5078125 3.3828125 2.7578125 2.515625 2.328125 346.484375 20.484375 1.4609375 9.1015625 9.3046875 7.8671875 6.984375 6.4140625 68.1484375 21.4609375
20241226220000 63064.0 41.916672 -69.75 5.8046875 340.6328125 0.1875 1.0703125 -999.9 1.5 9.1015625 9.453125 7.6484375 6.359375 5.4453125 65.09375 26.1875 0.3828125 3.5078125 3.4140625 2.796875 2.546875 2.359375 345.015625 20.828125 1.4453125 9.1015625 9.453125 7.9921875 7.1015625 6.5234375 68.453125 19.6328125
20241226230000 63064.0 41.916672 -69.75 5.9453125 342.921875 0.1953125 1.0859375 -999.9 1.484375 10.015625 9.8125 7.734375 6.40625 5.4609375 65.0390625 25.6640625 0.390625 3.5078125 3.3671875 2.796875 2.5546875 2.3671875 347.6015625 21.453125 1.4296875 10.015625 9.8125 8.109375 7.2265625 6.6640625 68.609375 18.6640625
20241227000000 63064.0 41.916672 -69.75 5.703125 343.6484375 0.1875 1.0625 -999.9 1.46875 10.015625 10.4765625 7.8359375 6.4765625 5.515625 65.1328125 24.9375 0.3671875 3.1875 3.2265625 2.734375 2.4921875 2.3125 347.0 20.421875 1.421875 10.015625 10.4765625 8.1875 7.265625 6.671875 68.3203125 18.53125
20241227010000 63064.0 41.916672 -69.75 5.4140625 344.3515625 0.171875 1.0390625 -999.9 1.4453125 11.015625 10.609375 7.953125 6.5859375 5.609375 65.4609375 23.9375 0.328125 3.1875 3.0859375 2.59375 2.3828125 2.21875 347.828125 20.3984375 1.40625 11.015625 10.609375 8.2421875 7.28125 6.6640625 67.9375 18.9453125
20241227020000 63064.0 41.916672 -69.75 5.75 347.09375 0.1875 1.0625 -999.9 1.421875 11.015625 10.640625 8.0390625 6.640625 5.625 65.6171875 23.3046875 0.3515625 3.1875 3.171875 2.703125 2.46875 2.2890625 352.0234375 20.6953125 1.3828125 11.015625 10.640625 8.390625 7.46875 6.875 68.5859375 17.2734375
20241227030000 63064.0 41.916672 -69.75 6.0625 354.84375 0.203125 1.09375 -999.9 1.4140625 11.015625 10.6328125 8.0625 6.609375 5.5625 65.4140625 23.2265625 0.3984375 3.1875 3.3046875 2.8125 2.5625 2.3828125 359.09375 21.4375 1.3515625 11.015625 10.6328125 8.5078125 7.6328125 7.0703125 69.15625 16.21875
20241227040000 63064.0 41.916672 -69.75 5.78125 3.2421875 0.1875 1.0703125 -999.9 1.3984375 11.015625 10.5859375 8.078125 6.6015625 5.5546875 65.34375 22.84375 0.3984375 3.5078125 3.3671875 2.796875 2.5546875 2.375 4.5234375 21.0703125 1.3359375 11.015625 10.5859375 8.5390625 7.65625 7.09375 69.0 16.7265625
20241227050000 63064.0 41.916672 -69.75 5.0859375 1.5390625 0.1640625 1.0078125 -999.9 1.375 11.015625 10.5078125 8.125 6.6796875 5.640625 65.7265625 21.96875 0.296875 2.8984375 3.0078125 2.4609375 2.2734375 2.125 2.5078125 20.2578125 1.34375 11.015625 10.5078125 8.40625 7.390625 6.734375 67.7109375 18.6953125
20241227060000 63064.0 41.916672 -69.75 4.890625 354.2578125 0.15625 0.9921875 -999.9 1.359375 10.015625 10.390625 8.1640625 6.765625 5.734375 66.1953125 21.125 0.265625 2.8984375 2.84375 2.390625 2.2109375 2.0625 356.9296875 19.78125 1.328125 10.015625 10.390625 8.390625 7.359375 6.6796875 67.796875 18.0390625
20241227070000 63064.0 41.916672 -69.75 4.8359375 351.9296875 0.1484375 0.984375 -999.9 1.3359375 10.015625 10.3125 8.1953125 6.8203125 5.796875 66.59375 20.4765625 0.2421875 2.8984375 2.7734375 2.3515625 2.1640625 2.0234375 355.40625 19.15625 1.3125 10.015625 10.3125 8.390625 7.3671875 6.6875 68.0 17.59375
20241227080000 63064.0 41.916672 -69.75 4.859375 347.3984375 0.15625 0.984375 -999.9 1.3203125 10.015625 10.25 8.203125 6.8515625 5.8203125 66.921875 20.03125 0.234375 2.640625 2.6796875 2.3125 2.1328125 1.9921875 352.765625 18.578125 1.296875 10.015625 10.25 8.390625 7.3671875 6.671875 68.1953125 17.1796875
20241227090000 63064.0 41.916672 -69.75 4.734375 342.8828125 0.1484375 0.96875 -999.9 1.296875 10.015625 10.1875 8.203125 6.875 5.84375 67.2109375 19.6875 0.203125 2.640625 2.5625 2.1875 2.03125 1.8984375 349.7109375 18.046875 1.28125 10.015625 10.1875 8.359375 7.3125 6.6015625 68.1796875 17.390625
20241227100000 63064.0 41.916672 -69.75 3.9296875 331.7734375 0.1171875 0.8984375 -999.9 1.2734375 10.015625 10.125 8.2265625 6.953125 5.9765625 67.6015625 19.140625 0.125 2.1796875 2.1640625 1.8828125 1.7578125 1.65625 338.3671875 14.3125 1.265625 10.015625 10.125 8.2890625 7.1640625 6.359375 67.8828125 18.3671875
20241227110000 63064.0 41.916672 -69.75 4.5546875 319.6484375 0.140625 0.9375 -999.9 1.25 10.015625 10.0625 8.234375 6.9921875 6.0234375 67.953125 18.765625 0.1328125 2.1796875 2.1875 2.0 1.8515625 1.734375 337.0625 14.265625 1.2421875 10.015625 10.0625 8.3046875 7.2265625 6.4453125 68.328125 17.65625
20241227120000 63064.0 41.916672 -69.75 4.9296875 316.6640625 0.15625 0.9765625 -999.9 1.2265625 10.015625 10.015625 8.2109375 6.9609375 5.953125 68.1640625 18.8359375 0.1484375 2.1796875 2.1796875 2.0078125 1.859375 1.734375 337.6328125 14.75 1.21875 10.015625 10.015625 8.3046875 7.2578125 6.4921875 68.640625 17.421875
20241227130000 63064.0 41.916672 -69.75 4.875 318.6875 0.1484375 0.9765625 -999.9 1.203125 10.015625 9.96875 8.1796875 6.890625 5.8359375 68.2578125 19.2421875 0.1640625 2.1796875 2.15625 1.984375 1.8359375 1.71875 336.296875 15.7734375 1.1875 10.015625 9.96875 8.2890625 7.25 6.5 68.828125 17.53125
20241227140000 63064.0 41.916672 -69.75 4.140625 323.3046875 0.125 0.921875 -999.9 1.171875 10.015625 9.9296875 8.1640625 6.890625 5.8515625 68.421875 19.421875 0.140625 2.1796875 2.1328125 1.8828125 1.7578125 1.6484375 331.90625 15.2421875 1.1640625 10.015625 9.9296875 8.25 7.1875 6.40625 68.8125 18.171875
20241227150000 63064.0 41.916672 -69.75 3.140625 323.84375 0.09375 0.828125 -999.9 1.1484375 10.015625 9.8984375 8.171875 6.9609375 5.984375 68.75 19.1796875 0.0 1.0 0.0 1.0 1.0 1.0 180.0 0.0 1.1484375 10.015625 9.8984375 8.171875 6.9609375 5.984375 68.75 19.1796875
20241227160000 63064.0 41.916672 -69.75 2.8125 306.7734375 0.078125 0.7890625 -999.9 1.1171875 10.015625 9.859375 8.1796875 7.015625 6.078125 69.140625 18.9765625 0.0 1.0 0.0 1.0 1.0 1.0 180.0 0.0 1.1171875 10.015625 9.859375 8.1796875 7.015625 6.078125 69.140625 18.9765625
20241227170000 63064.0 41.916672 -69.75 3.8359375 285.0 0.109375 0.8671875 -999.9 1.09375 10.015625 9.8203125 8.1875 7.0546875 6.1484375 69.5859375 18.859375 0.0390625 1.984375 0.0 1.6875 1.578125 1.4921875 306.2578125 7.6875 1.09375 10.015625 9.8203125 8.1953125 7.0859375 6.2109375 69.6015625 18.796875
20241227180000 63064.0 41.916672 -69.75 3.8046875 275.78125 0.109375 0.8671875 -999.9 1.0703125 10.015625 9.7734375 8.2109375 7.1015625 6.21875 70.1015625 18.7890625 0.0234375 1.984375 0.0 1.65625 1.5546875 1.46875 300.640625 7.390625 1.0703125 10.015625 9.7734375 8.2109375 7.1171875 6.2421875 70.1015625 18.7578125
20241227190000 63064.0 41.916672 -69.75 3.484375 258.46875 0.1015625 0.8359375 -999.9 1.046875 10.015625 9.7421875 8.234375 7.1484375 6.28125 70.6796875 18.7265625 0.0 1.984375 0.0 1.6484375 1.546875 1.4609375 262.015625 12.109375 1.046875 10.015625 9.7421875 8.234375 7.1484375 6.28125 70.6796875 18.7265625
20241227200000 63064.0 41.916672 -69.75 3.359375 236.3671875 0.09375 0.828125 -999.9 1.03125 10.015625 9.7109375 8.265625 7.203125 6.359375 71.3203125 18.6640625 0.0 1.984375 0.0 1.6484375 1.546875 1.4609375 240.859375 9.328125 1.03125 10.015625 9.7109375 8.265625 7.203125 6.359375 71.3203125 18.6640625
20241227210000 63064.0 41.916672 -69.75 3.65625 223.9453125 0.109375 0.8515625 -999.9 1.015625 10.015625 9.703125 8.296875 7.265625 6.4375 72.0078125 18.5625 0.0 1.984375 0.0 1.6953125 1.5859375 1.5 226.84375 13.6796875 1.015625 10.015625 9.703125 8.296875 7.265625 6.4375 72.0078125 18.5625
20241227220000 63064.0 41.916672 -69.75 4.65625 220.1953125 0.140625 0.921875 -999.9 1.0078125 10.015625 9.6953125 8.328125 7.328125 6.5234375 72.7265625 18.3828125 0.0078125 1.984375 0.0 1.8125 1.6796875 1.578125 222.0234375 19.296875 1.0078125 10.015625 9.6953125 8.328125 7.328125 6.5234375 72.7265625 18.3828125
20241227230000 63064.0 41.916672 -69.75 5.6015625 220.1328125 0.1796875 0.9921875 -999.9 0.9921875 10.015625 9.6953125 8.3671875 7.390625 6.609375 73.4609375 18.140625 0.0234375 1.984375 0.0 1.8515625 1.703125 1.59375 221.0703125 19.4609375 0.9921875 10.015625 9.6953125 8.3671875 7.40625 6.625 73.4609375 18.09375
20241228000000 63064.0 41.916672 -69.75 6.65625 227.2890625 0.21875 1.0625 -999.9 0.984375 10.015625 9.6875 8.375 7.375 6.5234375 74.2109375 18.140625 0.0625 1.984375 0.0 1.8125 1.6640625 1.5625 223.8671875 18.203125 0.984375 10.015625 9.6875 8.3984375 7.4765625 6.734375 74.1796875 17.75
20241228010000 63064.0 41.916672 -69.75 7.1953125 237.4921875 0.25 1.2109375 -999.9 0.9921875 10.015625 9.6875 8.1015625 6.4375 4.96875 75.21875 21.625 0.21875 1.984375 0.0 1.7578125 1.6328125 1.53125 229.296875 20.5859375 0.96875 10.015625 9.6875 8.421875 7.546875 6.8515625 74.8671875 17.3984375
20241228020000 63064.0 41.916672 -69.75 6.7421875 242.7734375 0.2265625 1.140625 -999.9 1.0390625 10.015625 9.671875 7.5390625 5.7109375 4.6015625 78.328125 43.3125 0.390625 2.640625 2.7265625 2.5078125 2.3671875 2.2421875 242.234375 26.1015625 0.9609375 10.015625 9.671875 8.3671875 7.4453125 6.7109375 76.171875 20.0390625
20241228030000 63064.0 41.916672 -69.75 6.6328125 247.078125 0.21875 1.125 -999.9 1.03125 10.015625 9.65625 7.5390625 5.7890625 4.71875 78.75 44.375 0.390625 2.8984375 2.8671875 2.640625 2.4765625 2.3359375 244.546875 24.3984375 0.953125 10.015625 9.65625 8.359375 7.46875 6.78125 76.734375 20.9609375
20241228040000 63064.0 41.916672 -69.75 6.5859375 248.9375 0.21875 1.1171875 -999.9 1.0078125 10.015625 9.640625 7.609375 5.9140625 4.828125 79.4296875 42.3359375 0.359375 2.8984375 2.8359375 2.59375 2.4375 2.3046875 242.7265625 24.2265625 0.9375 10.015625 9.640625 8.34375 7.484375 6.8203125 77.3671875 21.15625
20241228050000 63064.0 41.916672 -69.75 7.0078125 248.4765625 0.234375 1.1484375 -999.9 0.9921875 10.015625 9.609375 7.5625 5.84375 4.7578125 80.5390625 42.7734375 0.3671875 2.8984375 2.796875 2.5546875 2.40625 2.28125 239.8828125 27.203125 0.921875 10.015625 9.609375 8.3515625 7.5390625 6.9375 77.921875 20.875
20241228060000 63064.0 41.916672 -69.75 7.4765625 251.4296875 0.2578125 1.1796875 -999.9 0.984375 10.015625 9.578125 7.4375 5.6875 4.6328125 81.8125 45.359375 0.390625 2.8984375 2.8046875 2.578125 2.4296875 2.3046875 240.578125 28.8671875 0.90625 10.015625 9.578125 8.3203125 7.5234375 6.953125 78.6875 21.7890625
20241228070000 63064.0 41.916672 -69.75 6.90625 249.359375 0.234375 1.1484375 -999.9 0.9765625 9.1015625 9.515625 7.3984375 5.65625 4.625 82.6796875 46.1171875 0.375 2.8984375 2.8125 2.5703125 2.4140625 2.2890625 240.1640625 27.625 0.8984375 9.1015625 9.515625 8.2421875 7.390625 6.8046875 79.4140625 25.0234375
20241228080000 63064.0 41.916672 -69.75 7.2890625 249.03125 0.25 1.171875 -999.9 0.9609375 9.1015625 9.4375 7.3203125 5.5703125 4.5390625 83.796875 47.2890625 0.390625 2.8984375 2.84375 2.6015625 2.4453125 2.3046875 237.4609375 28.4375 0.8828125 9.1015625 9.4375 8.265625 7.4765625 6.9375 79.546875 23.8984375
20241228090000 63064.0 41.916672 -69.75 6.890625 247.78125 0.234375 1.1484375 -999.9 0.953125 9.1015625 9.3671875 7.265625 5.5078125 4.4921875 84.8828125 48.3984375 0.390625 2.8984375 2.875 2.625 2.453125 2.3125 235.84375 26.546875 0.8671875 9.1015625 9.3671875 8.2109375 7.3984375 6.84375 79.9921875 25.8359375
20241228100000 63064.0 41.916672 -69.75 6.9609375 248.5859375 0.234375 1.15625 -999.9 0.9296875 9.1015625 9.3046875 7.25 5.4921875 4.46875 84.9765625 48.6484375 0.390625 2.8984375 2.875 2.6171875 2.4453125 2.3046875 236.765625 26.21875 0.8515625 9.1015625 9.3046875 8.21875 7.421875 6.875 80.125 25.6484375
20241228110000 63064.0 41.916672 -69.75 6.7578125 242.1953125 0.2265625 1.1328125 -999.9 0.9140625 9.1015625 9.2578125 7.2109375 5.4453125 4.4296875 84.1796875 49.421875 0.3828125 2.8984375 2.8515625 2.6015625 2.4375 2.296875 237.2265625 26.5859375 0.8359375 9.1015625 9.2578125 8.1796875 7.3515625 6.7578125 79.453125 27.015625
20241228120000 63064.0 41.916672 -69.75 7.0546875 237.0546875 0.2421875 1.15625 -999.9 0.8984375 9.1015625 9.21875 7.15625 5.375 4.3671875 84.578125 50.3671875 0.390625 2.8984375 2.859375 2.6328125 2.46875 2.328125 233.171875 27.5390625 0.8125 9.1015625 9.21875 8.2109375 7.3828125 6.7578125 78.59375 26.15625
20241228130000 63064.0 41.916672 -69.75 6.53125 231.1640625 0.21875 1.1171875 -999.9 0.875 9.1015625 9.1796875 7.1796875 5.40625 4.3984375 86.1640625 49.296875 0.3671875 2.8984375 2.8515625 2.609375 2.453125 2.3125 226.25 25.28125 0.796875 9.1015625 9.1796875 8.1640625 7.3046875 6.6484375 79.1171875 27.5703125
20241228140000 63064.0 41.916672 -69.75 5.8671875 222.5625 0.1875 1.0625 -999.9 0.8515625 9.1015625 9.15625 7.28125 5.546875 4.5078125 87.109375 46.453125 0.3359375 2.8984375 2.84375 2.578125 2.4140625 2.28125 217.8671875 22.328125 0.78125 9.1015625 9.15625 8.125 7.2421875 6.5625 79.96875 28.453125
20241228150000 63064.0 41.916672 -69.75 6.25 219.4375 0.203125 1.09375 -999.9 0.8359375 9.1015625 9.1328125 7.25 5.4921875 4.4453125 88.5078125 45.7109375 0.34375 2.8984375 2.8515625 2.59375 2.4296875 2.2890625 211.1328125 22.671875 0.7578125 9.1015625 9.1328125 8.203125 7.3984375 6.7578125 79.7890625 25.7421875
20241228160000 63064.0 41.916672 -69.75 6.328125 214.0703125 0.2109375 1.1015625 -999.9 0.828125 9.1015625 9.109375 7.125 5.328125 4.3125 91.2265625 46.703125 0.359375 2.8984375 2.890625 2.625 2.453125 2.3046875 205.9921875 21.6875 0.7421875 9.1015625 9.109375 8.203125 7.421875 6.7890625 80.09375 25.171875
20241228170000 63064.0 41.916672 -69.75 6.21875 212.5390625 0.203125 1.1015625 -999.9 0.8203125 9.1015625 9.09375 7.0234375 5.2265625 4.2265625 94.09375 47.125 0.375 2.8984375 2.9921875 2.65625 2.46875 2.3125 202.7109375 20.78125 0.7265625 9.1015625 9.09375 8.171875 7.390625 6.78125 81.25 25.4140625
20241228180000 63064.0 41.916672 -69.75 6.1484375 207.25 0.203125 1.09375 -999.9 0.8125 9.1015625 9.078125 6.953125 5.1640625 4.1875 96.5703125 46.9453125 0.3828125 3.1875 3.1171875 2.7109375 2.515625 2.3515625 197.9921875 19.984375 0.7109375 9.1015625 9.078125 8.1875 7.453125 6.8828125 81.765625 24.4296875
20241228190000 63064.0 41.916672 -69.75 6.4140625 199.390625 0.2109375 1.1171875 -999.9 0.8046875 9.1015625 9.0546875 6.8203125 5.0390625 4.09375 99.84375 47.4296875 0.421875 3.1875 3.171875 2.8125 2.6015625 2.4296875 192.3671875 19.7734375 0.6875 9.1015625 9.0546875 8.2890625 7.671875 7.1953125 80.9296875 21.046875
20241228200000 63064.0 41.916672 -69.75 6.7109375 193.296875 0.2265625 1.1484375 -999.9 0.8125 9.1015625 9.0390625 6.6171875 4.84375 3.9609375 104.5546875 48.5625 0.4609375 3.1875 3.234375 2.890625 2.6640625 2.484375 188.2734375 19.7734375 0.671875 9.1015625 9.0390625 8.3359375 7.8046875 7.3984375 80.53125 19.2734375
20241228210000 63064.0 41.916672 -69.75 7.1640625 193.5 0.25 1.1953125 -999.9 0.8359375 9.1015625 9.015625 6.3359375 4.6171875 3.8125 111.140625 50.2421875 0.5078125 3.5078125 3.3671875 2.96875 2.734375 2.546875 186.21875 20.3359375 0.65625 9.1015625 9.015625 8.3515625 7.8515625 7.5 80.4375 18.3515625
20241228220000 63064.0 41.916672 -69.75 6.5 198.6015625 0.21875 1.1484375 -999.9 0.828125 9.1015625 8.9921875 6.2578125 4.578125 3.7890625 113.5 50.7265625 0.5 3.5078125 3.421875 2.9609375 2.71875 2.53125 188.4609375 20.03125 0.6640625 9.1015625 8.9921875 8.1015625 7.421875 6.9140625 83.6640625 24.171875
20241228230000 63064.0 41.916672 -69.75 6.6484375 202.9921875 0.2265625 1.15625 -999.9 0.8203125 9.1015625 8.96875 6.203125 4.5390625 3.7578125 114.4921875 51.0390625 0.4921875 3.5078125 3.4296875 2.953125 2.703125 2.5078125 190.1640625 20.03125 0.6640625 9.1015625 8.96875 7.984375 7.2265625 6.6640625 85.1171875 25.84375
20241229000000 63064.0 41.916672 -69.75 6.546875 209.46875 0.21875 1.1484375 -999.9 0.8125 9.1015625 8.9453125 6.125 4.484375 3.7265625 116.4921875 51.578125 0.46875 3.5078125 3.421875 2.9140625 2.6640625 2.46875 193.625 19.65625 0.671875 9.1015625 8.9453125 7.7109375 6.765625 6.09375 88.9609375 30.453125
20241229010000 63064.0 41.916672 -69.75 6.0703125 223.203125 0.203125 1.1015625 -999.9 0.796875 9.1015625 8.921875 6.140625 4.5234375 3.765625 116.34375 51.359375 0.375 3.5078125 3.390625 2.7109375 2.46875 2.28125 204.421875 17.4765625 0.703125 9.1015625 8.921875 7.09375 5.8984375 5.2109375 99.4375 39.4375
20241229020000 63064.0 41.916672 -69.75 5.5546875 236.859375 0.1796875 1.046875 -999.9 0.7734375 9.1015625 8.8984375 6.21875 4.6328125 3.8515625 114.703125 50.5 0.265625 2.8984375 2.84375 2.3515625 2.15625 2.0078125 217.109375 16.65625 0.7265625 9.1015625 8.8984375 6.71875 5.4453125 4.7734375 107.2734375 44.6640625
20241229030000 63064.0 41.916672 -69.75 5.421875 241.9921875 0.171875 1.03125 -999.9 0.75 9.1015625 8.875 6.2734375 4.703125 3.90625 113.3203125 49.8359375 0.2265625 2.3984375 2.4609375 2.203125 2.0234375 1.890625 222.3125 17.421875 0.71875 9.1015625 8.875 6.6875 5.4296875 4.7734375 108.1640625 45.234375
20241229040000 63064.0 41.916672 -69.75 5.0703125 250.109375 0.1640625 1.0 -999.9 0.7265625 9.1015625 8.84375 6.328125 4.765625 3.953125 112.1015625 49.3984375 0.1875 2.1796875 2.234375 2.046875 1.890625 1.765625 231.2890625 18.1484375 0.703125 9.1015625 8.84375 6.6484375 5.375 4.7109375 109.046875 46.0703125
20241229050000 63064.0 41.916672 -69.75 4.640625 251.3984375 0.140625 0.9609375 -999.9 0.703125 9.1015625 8.8046875 6.390625 4.8359375 4.0 110.671875 48.921875 0.1640625 2.1796875 2.125 1.9375 1.796875 1.6875 237.296875 19.953125 0.6875 9.1015625 8.8046875 6.65625 5.3828125 4.703125 108.7265625 46.40625
20241229060000 63064.0 41.916672 -69.75 4.140625 246.109375 0.125 0.9140625 -999.9 0.6796875 9.1015625 8.75 6.46875 4.953125 4.109375 108.9296875 48.421875 0.1328125 1.984375 0.0 1.8359375 1.7109375 1.609375 238.2890625 17.84375 0.6640625 9.1015625 8.75 6.6484375 5.34375 4.640625 107.90625 47.0390625
20241229070000 63064.0 41.916672 -69.75 4.15625 251.78125 0.125 0.90625 -999.9 0.65625 9.1015625 8.671875 6.578125 5.1015625 4.2578125 107.0625 47.375 0.1015625 1.984375 0.0 1.8046875 1.6796875 1.578125 242.46875 19.84375 0.6484375 9.1015625 8.671875 6.703125 5.3984375 4.6640625 106.5078125 46.453125
20241229080000 63064.0 41.916672 -69.75 3.9296875 263.5859375 0.1171875 0.8828125 -999.9 0.625 8.2734375 8.5703125 6.7109375 5.2890625 4.4453125 104.9375 45.78125 0.0703125 1.984375 0.0 1.734375 1.6171875 1.5234375 255.46875 19.0859375 0.625 8.2734375 8.5703125 6.765625 5.4375 4.65625 104.8125 45.4296875
20241229090000 63064.0 41.916672 -69.75 2.9921875 261.5 0.0859375 0.796875 -999.9 0.59375 8.2734375 8.5 6.859375 5.5 4.671875 102.484375 43.984375 0.0 1.0 0.0 1.0 1.0 1.0 180.0 0.0 0.59375 8.2734375 8.5 6.859375 5.5 4.671875 102.484375 43.984375
20241229100000 63064.0 41.916672 -69.75 2.140625 252.1953125 0.0546875 0.71875 -999.9 0.5703125 8.2734375 8.4453125 6.9921875 5.6796875 4.84375 99.984375 42.234375 0.0 1.0 0.0 1.0 1.0 1.0 180.0 0.0 0.5703125 8.2734375 8.4453125 6.9921875 5.6796875 4.84375 99.984375 42.234375
20241229110000 63064.0 41.916672 -69.75 2.359375 228.78125 0.0625 0.7421875 -999.9 0.546875 8.2734375 8.4140625 7.125 5.8359375 5.0 97.734375 40.453125 0.0 1.0 0.0 1.0 1.0 1.0 180.0 0.0 0.546875 8.2734375 8.4140625 7.125 5.8359375 5.0 97.734375 40.453125
20241229120000 63064.0 41.916672 -69.75 3.1640625 216.4921875 0.09375 0.8125 -999.9 0.53125 8.2734375 8.3984375 7.2421875 5.9765625 5.1328125 95.9453125 38.75 0.0 1.0 0.0 1.0 1.0 1.0 180.0 0.0 0.53125 8.2734375 8.3984375 7.2421875 5.9765625 5.1328125 95.9453125 38.75
20241229130000 63064.0 41.916672 -69.75 3.0859375 215.1796875 0.0859375 0.8046875 -999.9 0.515625 8.2734375 8.3828125 7.3515625 6.109375 5.25 94.6015625 37.1796875 0.0 1.0 0.0 1.0 1.0 1.0 180.0 0.0 0.515625 8.2734375 8.3828125 7.3515625 6.109375 5.25 94.6015625 37.1796875
20241229140000 63064.0 41.916672 -69.75 2.78125 212.6015625 0.078125 0.78125 -999.9 0.5078125 8.2734375 8.3828125 7.4609375 6.2265625 5.3671875 93.640625 35.8203125 0.0 1.0 0.0 1.0 1.0 1.0 180.0 0.0 0.5078125 8.2734375 8.3828125 7.4609375 6.2265625 5.3671875 93.640625 35.8203125
20241229150000 63064.0 41.916672 -69.75 3.21875 211.0546875 0.09375 0.8203125 -999.9 0.4921875 8.2734375 8.390625 7.5625 6.34375 5.4765625 92.9375 34.640625 0.0 1.0 0.0 1.0 1.0 1.0 180.0 0.0 0.4921875 8.2734375 8.390625 7.5625 6.34375 5.4765625 92.9375 34.640625
20241229160000 63064.0 41.916672 -69.75 4.2109375 209.1796875 0.125 0.8984375 -999.9 0.4921875 8.2734375 8.3984375 7.671875 6.4375 5.5390625 92.390625 33.609375 0.046875 2.3984375 2.3515625 2.0 1.859375 1.75 195.2421875 10.15625 0.484375 8.2734375 8.3984375 7.7265625 6.6171875 5.8359375 91.984375 32.9609375
20241229170000 63064.0 41.916672 -69.75 4.9765625 211.1796875 0.15625 0.9609375 -999.9 0.484375 8.2734375 8.40625 7.7109375 6.34375 5.2890625 92.1796875 33.09375 0.0859375 2.8984375 2.8203125 2.1484375 1.9609375 1.828125 190.6640625 11.59375 0.4765625 8.2734375 8.40625 7.890625 6.84375 6.078125 90.8671875 31.046875
20241229180000 63064.0 41.916672 -69.75 5.625 216.5234375 0.1796875 1.03125 -999.9 0.5078125 8.2734375 8.421875 7.390625 5.3984375 4.1171875 94.0859375 35.515625 0.1640625 1.984375 0.0 2.03125 1.84375 1.71875 191.84375 13.7734375 0.4765625 8.2734375 8.421875 8.0234375 6.984375 6.2109375 90.203125 29.53125
20241229190000 63064.0 41.916672 -69.75 5.5234375 216.5859375 0.1796875 1.0390625 -999.9 0.546875 8.2734375 8.4375 6.7890625 4.640625 3.625 103.671875 43.296875 0.234375 2.3984375 2.40625 2.203125 2.0390625 1.9140625 195.1640625 17.5234375 0.4921875 8.2734375 8.4375 7.8046875 6.46875 5.5625 93.515625 32.1015625
20241229200000 63064.0 41.916672 -69.75 5.421875 208.6015625 0.171875 1.03125 -999.9 0.5703125 10.015625 9.84375 6.5703125 4.5546875 3.65625 110.28125 45.8125 0.265625 2.8984375 2.8203125 2.421875 2.234375 2.09375 192.8125 17.796875 0.5078125 10.015625 9.84375 7.734375 6.4140625 5.59375 95.7890625 33.5078125
20241229210000 63064.0 41.916672 -69.75 5.6328125 203.0234375 0.1796875 1.046875 -999.9 0.6015625 10.015625 9.8828125 6.3984375 4.453125 3.6171875 115.5859375 47.109375 0.3203125 3.1875 3.0703125 2.6015625 2.3984375 2.234375 188.9296875 17.859375 0.5078125 10.015625 9.8828125 7.859375 6.671875 5.921875 95.2421875 32.5234375
20241229220000 63064.0 41.916672 -69.75 5.84375 201.6484375 0.1953125 1.0703125 -999.9 0.6328125 10.015625 9.8828125 6.21875 4.3515625 3.5625 120.7421875 48.0 0.359375 3.1875 3.15625 2.703125 2.484375 2.3125 187.59375 17.8828125 0.5234375 10.015625 9.8828125 7.875 6.734375 6.0390625 96.0546875 32.921875
20241229230000 63064.0 41.916672 -69.75 6.453125 199.3125 0.21875 1.125 -999.9 0.671875 10.015625 9.8671875 5.9921875 4.2109375 3.484375 127.015625 48.90625 0.4296875 3.5078125 3.3515625 2.890625 2.640625 2.453125 185.125 18.3671875 0.515625 10.015625 9.8671875 8.1875 7.2265625 6.5625 92.2734375 28.6484375
20241230000000 63064.0 41.916672 -69.75 6.6484375 192.2578125 0.2265625 1.15625 -999.9 0.71875 10.015625 9.828125 5.78125 4.109375 3.4453125 133.4296875 49.09375 0.5 3.5078125 3.5 3.046875 2.78125 2.578125 182.953125 18.796875 0.5078125 10.015625 9.828125 8.4453125 7.703125 7.171875 89.3125 25.046875
20241230010000 63064.0 41.916672 -69.75 7.171875 184.3828125 0.25 1.203125 -999.9 0.765625 10.015625 9.7734375 5.5625 4.0234375 3.4140625 139.5625 48.421875 0.578125 3.5078125 3.625 3.1953125 2.9140625 2.6953125 180.375 19.4453125 0.5 10.015625 9.7734375 8.7265625 8.21875 7.859375 86.109375 20.5859375
20241230020000 63064.0 41.916672 -69.75 7.96875 182.1484375 0.28125 1.28125 -999.9 0.84375 10.015625 9.703125 5.296875 3.9375 3.390625 146.6640625 47.078125 0.671875 3.859375 3.7890625 3.3359375 3.0390625 2.8046875 179.328125 20.1015625 0.5 10.015625 9.703125 8.796875 8.3515625 8.0234375 85.1796875 18.5078125
20241230030000 63064.0 41.916672 -69.75 8.640625 178.3828125 0.3125 1.34375 -999.9 0.9296875 10.015625 9.609375 5.09375 3.90625 3.4140625 152.765625 45.15625 0.7734375 3.859375 3.9296875 3.5 3.1875 2.9375 178.2890625 21.0546875 0.5078125 10.015625 9.609375 8.8203125 8.375 7.9921875 84.796875 18.1953125
20241230040000 63064.0 41.916672 -69.75 8.9453125 175.9296875 0.328125 1.3671875 -999.9 1.0078125 4.25 4.1875 5.0 3.9453125 3.4765625 156.21875 43.296875 0.8671875 4.25 4.1875 3.671875 3.3359375 3.0703125 177.1484375 21.6875 0.515625 9.1015625 9.4609375 8.765625 8.28125 7.828125 85.125 19.734375
20241230050000 63064.0 41.916672 -69.75 9.2109375 172.8125 0.34375 1.390625 -999.9 1.078125 4.25 4.328125 4.9609375 4.0 3.546875 157.5078125 41.703125 0.9375 4.25 4.328125 3.8125 3.4609375 3.1875 175.515625 22.1015625 0.5234375 9.1015625 9.328125 8.703125 8.1171875 7.4765625 85.4375 21.421875
20241230060000 63064.0 41.916672 -69.75 9.5234375 174.3984375 0.359375 1.4140625 -999.9 1.140625 4.671875 4.5390625 4.9453125 4.046875 3.6015625 158.5390625 40.3984375 1.0078125 4.671875 4.53125 3.9296875 3.5625 3.28125 174.640625 22.3046875 0.53125 9.1015625 9.2421875 8.640625 8.015625 7.3515625 85.734375 20.8359375
20241230070000 63064.0 41.916672 -69.75 9.484375 174.6953125 0.359375 1.4140625 -999.9 1.1796875 4.671875 4.6171875 4.9609375 4.1015625 3.6640625 158.9921875 39.6015625 1.0546875 4.671875 4.6171875 4.0234375 3.6484375 3.359375 174.046875 22.375 0.5390625 9.1015625 9.1796875 8.5234375 7.796875 7.03125 86.53125 22.0234375
20241230080000 63064.0 41.916672 -69.75 9.546875 167.7265625 0.359375 1.4140625 -999.9 1.2109375 4.671875 4.6796875 4.96875 4.140625 3.703125 157.7890625 38.7890625 1.0859375 4.671875 4.671875 4.09375 3.7109375 3.40625 171.5625 22.7890625 0.5390625 9.1015625 9.1328125 8.4921875 7.7890625 7.015625 86.8203125 25.9609375
20241230090000 63064.0 41.916672 -69.75 10.2734375 165.90625 0.3984375 1.4765625 -999.9 1.2734375 4.671875 4.7578125 4.9453125 4.15625 3.7265625 156.9765625 37.4765625 1.15625 4.671875 4.75 4.1640625 3.765625 3.4609375 169.375 23.2578125 0.5390625 9.1015625 9.09375 8.515625 7.8125 7.015625 85.9765625 22.875
20241230100000 63064.0 41.916672 -69.75 11.4375 165.3671875 0.453125 1.59375 -999.9 1.3984375 5.140625 4.96875 4.921875 4.1953125 3.78125 157.6875 35.703125 1.2890625 5.140625 4.96875 4.2890625 3.8828125 3.5625 167.71875 23.875 0.5390625 9.1015625 9.0625 8.5546875 7.9296875 7.265625 85.25 20.578125
20241230110000 63064.0 41.916672 -69.75 11.5625 165.4453125 0.4609375 1.59375 -999.9 1.5078125 5.140625 5.09375 5.0 4.3359375 3.9296875 157.984375 34.46875 1.40625 5.140625 5.09375 4.484375 4.0703125 3.7421875 166.4296875 24.2109375 0.546875 9.1015625 9.03125 8.4296875 7.75 7.0703125 85.890625 22.828125
20241230120000 63064.0 41.916672 -69.75 11.578125 164.8359375 0.4609375 1.59375 -999.9 1.6015625 5.140625 5.3046875 5.09375 4.453125 4.046875 157.4296875 33.6171875 1.5 5.140625 5.296875 4.65625 4.21875 3.875 165.0546875 24.2890625 0.5546875 9.1015625 9.0 8.2578125 7.4921875 6.7734375 86.7265625 24.46875
20241230130000 63064.0 41.916672 -69.75 11.5859375 161.9375 0.4609375 1.59375 -999.9 1.6796875 5.65625 5.53125 5.1796875 4.5546875 4.140625 156.1875 32.7421875 1.578125 5.65625 5.5234375 4.796875 4.3515625 3.9921875 162.9296875 24.40625 0.5625 9.1015625 8.96875 8.1875 7.34375 6.5390625 86.8359375 26.125
20241230140000 63064.0 41.916672 -69.75 12.375 170.375 0.5078125 1.6796875 -999.9 1.7890625 5.65625 5.6171875 5.2421875 4.6328125 4.2109375 157.0078125 32.140625 1.6875 5.65625 5.609375 4.921875 4.453125 4.078125 163.9609375 24.0390625 0.59375 9.1015625 8.9375 7.8359375 6.8984375 6.140625 87.90625 17.9921875
20241230150000 63064.0 41.916672 -69.75 12.4375 170.3125 0.5078125 1.6875 -999.9 1.890625 5.65625 5.8046875 5.34375 4.7421875 4.3203125 157.96875 31.8359375 1.7890625 5.65625 5.7890625 5.0703125 4.5859375 4.1953125 164.453125 24.1796875 0.609375 9.1015625 8.8984375 7.703125 6.8046875 6.109375 89.390625 20.3828125
20241230160000 63064.0 41.916672 -69.75 13.0234375 168.1484375 0.5390625 1.734375 -999.9 2.015625 6.21875 6.0625 5.46875 4.8828125 4.453125 158.1171875 30.953125 1.9296875 6.21875 6.0546875 5.2421875 4.7421875 4.3515625 163.46875 24.3515625 0.59375 9.1015625 8.8671875 7.796875 6.9296875 6.234375 88.3984375 21.2421875
20241230170000 63064.0 41.916672 -69.75 15.0234375 175.6640625 0.6640625 1.9765625 -999.9 2.3046875 6.21875 6.234375 5.6171875 5.03125 4.5859375 160.8515625 29.96875 2.21875 6.21875 6.2265625 5.4609375 4.9296875 4.515625 165.328125 24.3828125 0.6171875 9.1015625 8.84375 7.609375 6.75 6.109375 89.0703125 15.21875
20241230180000 63064.0 41.916672 -69.75 13.390625 197.6171875 0.5625 1.78125 -999.9 2.3515625 6.8359375 6.671875 5.859375 5.25 4.78125 164.859375 31.234375 2.125 6.8359375 6.625 5.6171875 5.0625 4.6171875 174.765625 22.6171875 1.0078125 8.2734375 8.0078125 6.9453125 6.2890625 5.8125 115.375 22.46875
20241230190000 63064.0 41.916672 -69.75 10.3984375 210.3359375 0.40625 1.5234375 -999.9 2.1484375 6.8359375 6.8046875 5.9921875 5.3046875 4.796875 163.984375 32.71875 1.4921875 6.21875 6.4296875 5.0390625 4.453125 4.0234375 188.8515625 21.1875 1.5546875 7.5234375 7.203125 6.8671875 6.453125 6.125 140.953125 25.453125
20241230200000 63064.0 41.916672 -69.75 9.953125 208.671875 0.3828125 1.4609375 -999.9 1.96875 6.8359375 6.9453125 6.046875 5.296875 4.75 161.953125 33.359375 1.2421875 5.65625 5.828125 4.65625 4.1015625 3.7109375 190.4921875 22.5 1.53125 7.5234375 7.265625 6.9609375 6.5625 6.2578125 143.3671875 26.921875
20241230210000 63064.0 41.916672 -69.75 9.40625 206.1953125 0.3515625 1.40625 -999.9 1.828125 6.8359375 7.046875 6.0390625 5.234375 4.671875 160.1640625 34.0625 1.1015625 5.65625 5.640625 4.3671875 3.859375 3.5078125 190.796875 23.0546875 1.4609375 7.5234375 7.2421875 6.9921875 6.5703125 6.265625 143.1328125 28.1015625
20241230220000 63064.0 41.916672 -69.75 8.8515625 203.0 0.328125 1.359375 -999.9 1.703125 6.8359375 7.15625 6.0546875 5.1953125 4.6171875 157.96875 34.578125 0.9921875 5.65625 5.40625 4.140625 3.6875 3.359375 190.109375 23.203125 1.390625 7.5234375 7.203125 7.03125 6.5703125 6.25 141.9609375 29.03125
20241230230000 63064.0 41.916672 -69.75 9.6640625 206.546875 0.3671875 1.421875 -999.9 1.640625 8.2734375 7.984375 6.0234375 5.09375 4.5 157.421875 35.40625 1.0 5.140625 5.0625 4.140625 3.6640625 3.3359375 189.25 23.40625 1.296875 8.2734375 8.0 7.140625 6.625 6.2734375 139.0859375 29.171875
20241231000000 63064.0 41.916672 -69.75 9.9609375 222.0859375 0.3828125 1.4453125 -999.9 1.6015625 8.2734375 8.25 6.0078125 5.0234375 4.4140625 158.375 37.015625 0.890625 4.25 4.3203125 3.7578125 3.359375 3.078125 199.375 23.84375 1.328125 8.2734375 8.25 7.015625 6.4453125 6.0703125 141.5234375 29.0234375
20241231010000 63064.0 41.916672 -69.75 9.8125 236.4765625 0.375 1.4296875 -999.9 1.5546875 8.2734375 8.53125 6.0625 5.015625 4.390625 159.0625 39.0859375 0.7734375 3.859375 3.84375 3.421875 3.09375 2.84375 213.2578125 24.890625 1.3515625 8.2734375 8.53125 6.921875 6.2890625 5.90625 144.2890625 29.484375
20241231020000 63064.0 41.916672 -69.75 10.140625 243.328125 0.390625 1.4609375 -999.9 1.5390625 9.1015625 8.828125 6.09375 4.9765625 4.328125 161.171875 42.421875 0.7734375 3.859375 3.6953125 3.3125 3.015625 2.7890625 224.59375 28.1640625 1.328125 9.1015625 8.828125 7.03125 6.3671875 5.984375 144.7890625 29.859375
20241231030000 63064.0 41.916672 -69.75 10.1015625 242.5078125 0.390625 1.4765625 -999.9 1.53125 9.1015625 9.0234375 6.140625 4.953125 4.296875 163.828125 45.0625 0.8125 3.5078125 3.640625 3.328125 3.0390625 2.8125 230.0234375 30.1328125 1.296875 9.1015625 9.0234375 7.234375 6.5625 6.1953125 144.59375 30.0625
20241231040000 63064.0 41.916672 -69.75 9.71875 238.96875 0.3671875 1.4375 -999.9 1.5078125 9.1015625 9.2421875 6.25 5.015625 4.328125 164.328125 45.0703125 0.8125 3.5078125 3.6328125 3.3671875 3.0703125 2.84375 228.296875 30.3515625 1.2734375 9.1015625 9.2421875 7.421875 6.734375 6.3515625 144.5703125 30.4375
20241231050000 63064.0 41.916672 -69.75 9.6875 238.6640625 0.3671875 1.4375 -999.9 1.4921875 9.1015625 9.484375 6.359375 5.0625 4.3515625 164.28125 44.5625 0.796875 3.5078125 3.59375 3.359375 3.0625 2.8359375 226.453125 29.84375 1.2578125 9.1015625 9.484375 7.5703125 6.8671875 6.46875 144.71875 30.578125
20241231060000 63064.0 41.916672 -69.75 9.4453125 241.4453125 0.3515625 1.40625 -999.9 1.46875 10.015625 9.5703125 6.4453125 5.109375 4.375 164.1171875 44.4609375 0.7734375 3.5078125 3.671875 3.3046875 3.0234375 2.796875 228.53125 29.3515625 1.25 10.015625 9.5703125 7.6328125 6.921875 6.515625 145.40625 30.5390625
20241231070000 63064.0 41.916672 -69.75 9.109375 245.078125 0.3359375 1.375 -999.9 1.4453125 10.015625 9.5546875 6.5234375 5.1640625 4.4140625 163.546875 44.8359375 0.734375 3.859375 3.703125 3.25 2.9765625 2.7578125 233.015625 29.3515625 1.2421875 10.015625 9.5546875 7.65625 6.9375 6.515625 145.9375 30.5078125
20241231080000 63064.0 41.916672 -69.75 8.6171875 249.09375 0.3125 1.3359375 -999.9 1.40625 9.1015625 9.4375 6.609375 5.2421875 4.4609375 162.015625 45.1953125 0.6640625 3.5078125 3.5 3.1328125 2.875 2.671875 239.765625 28.8828125 1.234375 9.1015625 9.4375 7.625 6.890625 6.453125 146.6015625 31.015625
20241231090000 63064.0 41.916672 -69.75 8.0 251.1875 0.2890625 1.2734375 -999.9 1.359375 9.1015625 9.265625 6.71875 5.34375 4.5390625 159.3125 44.8828125 0.6015625 3.5078125 3.4140625 3.0234375 2.7890625 2.59375 243.359375 28.234375 1.21875 9.1015625 9.265625 7.6171875 6.8828125 6.4296875 146.203125 31.625
20241231100000 63064.0 41.916672 -69.75 7.515625 252.96875 0.265625 1.2265625 -999.9 1.3125 9.1015625 9.1328125 6.828125 5.46875 4.640625 156.2421875 44.046875 0.5390625 3.1875 3.3125 2.9296875 2.703125 2.5234375 246.3984375 27.2421875 1.1953125 9.1015625 9.1328125 7.6171875 6.890625 6.4296875 145.3984375 31.734375
20241231110000 63064.0 41.916672 -69.75 7.1171875 253.7578125 0.2421875 1.1796875 -999.9 1.265625 9.1015625 9.0390625 6.9453125 5.609375 4.7578125 153.2734375 42.921875 0.4765625 3.1875 3.15625 2.8203125 2.609375 2.4453125 248.0859375 26.03125 1.1796875 9.1015625 9.0390625 7.609375 6.8984375 6.4453125 144.5234375 32.0859375
20241231120000 63064.0 41.916672 -69.75 6.7734375 255.8359375 0.2265625 1.1484375 -999.9 1.2265625 9.1015625 8.96875 7.0234375 5.734375 4.875 150.7421875 42.1015625 0.421875 3.1875 3.078125 2.734375 2.546875 2.390625 250.859375 25.3671875 1.15625 9.1015625 8.96875 7.6015625 6.8984375 6.4375 143.5859375 32.265625
20241231130000 63064.0 41.916672 -69.75 6.59375 258.171875 0.21875 1.125 -999.9 1.1953125 9.1015625 8.8984375 7.078125 5.8125 4.9453125 148.7578125 41.75 0.390625 2.8984375 2.921875 2.65625 2.484375 2.3359375 254.6875 24.9765625 1.1328125 9.1015625 8.8984375 7.59375 6.8984375 6.4375 142.6953125 32.484375
20241231140000 63064.0 41.916672 -69.75 6.265625 260.3359375 0.2109375 1.1015625 -999.9 1.171875 9.1015625 8.828125 7.125 5.8984375 5.0234375 146.875 41.328125 0.3515625 2.8984375 2.8515625 2.5859375 2.421875 2.28125 258.65625 24.875 1.1171875 9.1015625 8.828125 7.578125 6.890625 6.4296875 141.8984375 32.8359375
20241231150000 63064.0 41.916672 -69.75 6.0078125 258.4375 0.1953125 1.078125 -999.9 1.1484375 9.1015625 8.75 7.15625 5.96875 5.1015625 145.3359375 40.8125 0.3203125 2.8984375 2.8046875 2.5078125 2.3515625 2.2265625 257.7265625 24.171875 1.1015625 9.1015625 8.75 7.5546875 6.8671875 6.40625 141.109375 33.6171875
20241231160000 63064.0 41.916672 -69.75 5.4296875 255.640625 0.171875 1.0234375 -999.9 1.125 8.2734375 8.625 7.1953125 6.0625 5.2109375 143.875 39.7734375 0.28125 2.640625 2.65625 2.3984375 2.2578125 2.1328125 255.375 21.90625 1.09375 8.2734375 8.625 7.5078125 6.8046875 6.328125 140.671875 34.5
20241231170000 63064.0 41.916672 -69.75 4.328125 245.484375 0.1328125 0.9296875 -999.9 1.1015625 8.2734375 8.4921875 7.2578125 6.21875 5.3984375 142.2421875 37.984375 0.1875 2.640625 2.53125 2.171875 2.0390625 1.921875 246.7109375 16.34375 1.0859375 8.2734375 8.4921875 7.40625 6.625 6.0546875 140.8046875 36.0078125
20241231180000 63064.0 41.916672 -69.75 3.84375 222.1015625 0.1171875 0.8828125 -999.9 1.0859375 8.2734375 8.40625 7.28125 6.3203125 5.53125 141.078125 36.5078125 0.109375 2.1796875 2.1796875 1.90625 1.78125 1.671875 226.71875 12.6796875 1.078125 8.2734375 8.40625 7.3359375 6.484375 5.828125 140.7265625 36.171875
20241231190000 63064.0 41.916672 -69.75 3.609375 199.25 0.109375 0.859375 -999.9 1.0625 8.2734375 8.34375 7.3125 6.4296875 5.671875 139.875 34.4765625 0.0625 1.984375 0.0 1.7421875 1.6328125 1.5390625 206.734375 11.0703125 1.0625 8.2734375 8.34375 7.328125 6.4921875 5.7890625 139.8046875 34.4296875
20241231200000 63064.0 41.916672 -69.75 3.9296875 180.6484375 0.1171875 0.8828125 -999.9 1.046875 8.2734375 8.2890625 7.328125 6.53125 5.8203125 138.8359375 32.59375 0.0625 2.1796875 2.1015625 1.8671875 1.734375 1.6328125 187.625 16.625 1.0390625 8.2734375 8.2890625 7.3515625 6.6015625 5.9609375 138.75 32.5546875
20241231210000 63064.0 41.916672 -69.75 4.625 176.7421875 0.140625 0.9375 -999.9 1.0234375 8.2734375 8.25 7.3125 6.5703125 5.90625 138.078125 31.375 0.1015625 2.640625 2.6796875 2.171875 1.9921875 1.859375 179.6640625 18.875 1.0234375 8.2734375 8.25 7.3671875 6.734375 6.21875 137.7890625 31.2734375
20241231220000 63064.0 41.916672 -69.75 4.5234375 185.4921875 0.140625 0.9375 -999.9 1.0078125 8.2734375 8.203125 7.25 6.5 5.8125 137.5546875 30.8828125 0.125 1.984375 0.0 2.03125 1.859375 1.734375 184.6328125 16.9375 1.0 8.2734375 8.203125 7.328125 6.75 6.3125 137.171875 30.703125
20241231230000 63064.0 41.916672 -69.75 5.1484375 178.953125 0.1640625 1.0 -999.9 1.0 8.2734375 8.15625 7.140625 6.28125 5.46875 137.25 30.875 0.1796875 1.984375 0.0 2.15625 1.953125 1.8125 177.0703125 19.5234375 0.984375 8.2734375 8.15625 7.3046875 6.78125 6.40625 136.4453125 30.5859375
