20241001010000 63064.0 41.916672 -69.75 2.6796875 52.734375 0.078125 0.765625 -999.9 0.8984375 9.1015625 9.4375 8.375 7.640625 7.1640625 80.2265625 22.7109375 0.0 1.0 0.0 1.0 1.0 1.0 180.0 0.0 0.8984375 9.1015625 9.4375 8.375 7.640625 7.1640625 80.2265625 22.7109375
20241001020000 63064.0 41.916672 -69.75 2.953125 53.5078125 0.0859375 0.7890625 -999.9 0.890625 9.1015625 9.46875 8.3984375 7.6484375 7.1640625 80.5 22.9140625 0.0 1.0 0.0 1.0 1.0 1.0 180.0 0.0 0.890625 9.1015625 9.46875 8.3984375 7.6484375 7.1640625 80.5 22.9140625
20241001030000 63064.0 41.916672 -69.75 3.3203125 53.7890625 0.09375 0.8203125 -999.9 0.8828125 9.1015625 9.4765625 8.421875 7.6640625 7.1640625 80.7734375 23.109375 0.0078125 1.984375 0.0 1.6484375 1.546875 1.4609375 53.609375 8.328125 0.8828125 9.1015625 9.4765625 8.421875 7.6640625 7.1640625 80.7734375 23.109375
20241001040000 63064.0 41.916672 -69.75 3.5546875 52.734375 0.1015625 0.84375 -999.9 0.8828125 9.1015625 9.4609375 8.4453125 7.6796875 7.1640625 81.0390625 23.2578125 0.0078125 2.1796875 2.109375 1.7890625 1.6796875 1.5859375 52.6796875 9.3359375 0.8828125 9.1015625 9.4609375 8.4453125 7.6796875 7.171875 81.0390625 23.2578125
20241001050000 63064.0 41.916672 -69.75 3.765625 52.6171875 0.109375 0.859375 -999.9 0.875 9.1015625 9.4453125 8.46875 7.703125 7.1796875 81.2734375 23.3515625 0.0078125 2.1796875 2.109375 1.796875 1.6796875 1.5859375 54.734375 11.859375 0.875 9.1015625 9.4453125 8.46875 7.703125 7.1875 81.2734375 23.3515625
20241001060000 63064.0 41.916672 -69.75 4.125 52.375 0.125 0.8828125 -999.9 0.875 9.1015625 9.4296875 8.5 7.7265625 7.1953125 81.46875 23.375 0.015625 2.3984375 2.34375 1.9296875 1.796875 1.6875 56.7421875 12.171875 0.875 9.1015625 9.4296875 8.5 7.734375 7.2109375 81.46875 23.375
20241001070000 63064.0 41.916672 -69.75 4.59375 50.15625 0.140625 0.921875 -999.9 0.8671875 9.1015625 9.4296875 8.5234375 7.7421875 7.1875 81.6171875 23.328125 0.0234375 2.640625 2.71875 2.0625 1.875 1.7421875 60.0390625 12.6015625 0.8671875 9.1015625 9.4296875 8.53125 7.765625 7.2421875 81.625 23.328125
20241001080000 63064.0 41.916672 -69.75 5.125 49.8125 0.15625 0.96875 -999.9 0.8671875 9.1015625 9.46875 8.53125 7.6875 6.9921875 81.6875 23.2265625 0.0625 1.984375 0.0 1.96875 1.7734375 1.6484375 60.7265625 13.6015625 0.8671875 9.1015625 9.46875 8.5546875 7.8046875 7.2890625 81.734375 23.21875
20241001090000 63064.0 41.916672 -69.75 5.53125 51.71875 0.1796875 1.046875 -999.9 0.8828125 10.015625 9.546875 8.3671875 7.0078125 5.65625 81.5546875 23.1328125 0.1640625 1.984375 0.0 1.859375 1.6875 1.578125 60.234375 17.9140625 0.8671875 10.015625 9.546875 8.59375 7.859375 7.359375 81.8046875 23.078125
20241001100000 63064.0 41.916672 -69.75 5.4296875 59.3984375 0.171875 1.046875 -999.9 0.9140625 10.015625 9.6328125 7.9375 6.1328125 4.8359375 80.40625 23.6484375 0.28125 2.3984375 2.421875 2.2421875 2.09375 1.96875 63.75 22.0703125 0.8671875 10.015625 9.6328125 8.5546875 7.765625 7.1953125 81.734375 23.3046875
20241001110000 63064.0 41.916672 -69.75 6.1171875 66.7421875 0.203125 1.078125 -999.9 0.921875 10.015625 9.6875 7.7890625 6.03125 4.890625 80.109375 23.6875 0.34375 2.640625 2.765625 2.625 2.4453125 2.3046875 69.0546875 22.9921875 0.859375 10.015625 9.6875 8.6015625 7.859375 7.3125 81.6328125 23.40625
20241001120000 63064.0 41.916672 -69.75 6.9140625 76.2734375 0.234375 1.1484375 -999.9 0.9609375 10.015625 9.7109375 7.4375 5.59375 4.53125 79.734375 23.6484375 0.4375 2.8984375 3.0390625 2.8828125 2.6484375 2.4765625 72.9453125 22.84375 0.8515625 10.015625 9.7109375 8.6484375 7.9140625 7.359375 81.3359375 23.578125
20241001130000 63064.0 41.916672 -69.75 7.6015625 82.0703125 0.265625 1.2265625 -999.9 1.015625 10.015625 9.7109375 6.9453125 5.109375 4.1796875 79.2265625 23.953125 0.578125 3.5078125 3.375 3.203125 2.890625 2.671875 75.5625 23.203125 0.84375 10.015625 9.7109375 8.6953125 7.96875 7.390625 80.796875 24.1015625
20241001140000 63064.0 41.916672 -69.75 7.6875 85.421875 0.2734375 1.25 -999.9 1.0859375 10.015625 9.703125 6.53125 4.84375 4.0390625 78.40625 24.71875 0.6796875 3.859375 3.7109375 3.375 3.0546875 2.8203125 77.140625 23.734375 0.8515625 10.015625 9.703125 8.53125 7.6953125 7.03125 79.1640625 25.25
20241001150000 63064.0 41.916672 -69.75 7.546875 86.390625 0.265625 1.234375 -999.9 1.1484375 10.015625 9.6875 6.3046875 4.78125 4.0625 77.359375 25.6171875 0.7265625 3.859375 3.953125 3.515625 3.1796875 2.9296875 79.0 23.53125 0.8828125 10.015625 9.6875 8.171875 7.21875 6.5546875 76.3046875 26.7890625
20241001160000 63064.0 41.916672 -69.75 7.2734375 84.3515625 0.25 1.2109375 -999.9 1.1875 10.015625 9.6640625 6.203125 4.8046875 4.125 76.2734375 26.296875 0.734375 4.25 4.203125 3.59375 3.25 2.9921875 79.5 23.171875 0.9296875 10.015625 9.6640625 7.8203125 6.8359375 6.203125 74.3203125 27.796875
20241001170000 63064.0 41.916672 -69.75 7.3984375 80.859375 0.2578125 1.2109375 -999.9 1.2265625 10.015625 9.640625 6.125 4.828125 4.171875 75.328125 26.6328125 0.765625 4.671875 4.4609375 3.7109375 3.3515625 3.078125 77.03125 23.1484375 0.953125 10.015625 9.640625 7.6875 6.734375 6.1171875 74.2421875 28.5078125
20241001180000 63064.0 41.916672 -69.75 7.6953125 76.5859375 0.2734375 1.234375 -999.9 1.2734375 10.015625 9.6171875 6.046875 4.8203125 4.1875 74.4765625 26.71875 0.8515625 4.671875 4.6796875 3.9296875 3.5390625 3.2421875 74.078125 22.9609375 0.953125 10.015625 9.6171875 7.734375 6.7890625 6.1484375 74.796875 29.265625
20241001190000 63064.0 41.916672 -69.75 7.8515625 73.984375 0.28125 1.25 -999.9 1.3203125 10.015625 9.59375 5.9921875 4.828125 4.2109375 73.7734375 26.765625 0.90625 5.140625 4.921875 4.0546875 3.6484375 3.3359375 72.2890625 23.109375 0.9609375 10.015625 9.59375 7.71875 6.8046875 6.15625 75.1328125 29.484375
20241001200000 63064.0 41.916672 -69.75 7.65625 72.15625 0.265625 1.234375 -999.9 1.34375 10.015625 9.5703125 5.984375 4.8515625 4.2421875 73.4296875 26.875 0.890625 5.140625 5.0078125 4.046875 3.6328125 3.3203125 71.125 22.6015625 1.0 10.015625 9.5703125 7.515625 6.625 6.015625 75.3046875 29.609375
20241001210000 63064.0 41.916672 -69.75 7.6640625 71.390625 0.265625 1.234375 -999.9 1.3515625 10.015625 9.5546875 5.9765625 4.8671875 4.2578125 73.46875 26.9921875 0.890625 5.140625 5.046875 4.0625 3.6484375 3.328125 71.0546875 22.4765625 1.015625 10.015625 9.5546875 7.4609375 6.5703125 5.9609375 75.390625 29.7890625
20241001220000 63064.0 41.916672 -69.75 6.5546875 70.265625 0.21875 1.140625 -999.9 1.328125 9.1015625 9.515625 6.046875 4.9375 4.328125 73.859375 27.234375 0.6171875 4.25 4.1875 3.3515625 3.0390625 2.796875 70.25 22.9296875 1.1796875 9.1015625 9.515625 6.7734375 5.9609375 5.484375 74.8125 28.1484375
20241001230000 63064.0 41.916672 -69.75 6.6953125 70.09375 0.2265625 1.1484375 -999.9 1.3125 9.1015625 9.46875 6.1015625 4.984375 4.359375 74.4765625 27.390625 0.6171875 4.25 4.375 3.421875 3.09375 2.8515625 69.640625 23.5 1.15625 9.1015625 9.46875 6.859375 6.03125 5.5390625 75.8046875 28.203125
20241002000000 63064.0 41.916672 -69.75 6.8203125 72.3203125 0.234375 1.15625 -999.9 1.296875 9.1015625 9.4453125 6.1171875 4.984375 4.3515625 75.171875 27.4921875 0.625 4.671875 4.5234375 3.46875 3.125 2.875 71.9140625 23.5859375 1.1328125 9.1015625 9.4453125 6.9375 6.1015625 5.6015625 76.140625 28.4453125
20241002010000 63064.0 41.916672 -69.75 7.15625 74.15625 0.25 1.1875 -999.9 1.296875 9.1015625 9.4453125 6.109375 4.9609375 4.3203125 75.9375 27.578125 0.71875 5.140625 4.9609375 3.765625 3.3671875 3.078125 73.0546875 22.578125 1.078125 9.1015625 9.4453125 7.1484375 6.2734375 5.71875 77.21875 29.34375
20241002020000 63064.0 41.916672 -69.75 7.4453125 75.8671875 0.2578125 1.2109375 -999.9 1.296875 9.1015625 9.4765625 6.078125 4.9140625 4.28125 76.765625 27.640625 0.7578125 5.140625 4.984375 3.8046875 3.40625 3.1171875 75.109375 23.1640625 1.0546875 9.1015625 9.4765625 7.25 6.375 5.8203125 77.6328125 29.5625
20241002030000 63064.0 41.916672 -69.75 7.4453125 81.1875 0.2578125 1.21875 -999.9 1.3125 10.015625 9.5390625 6.046875 4.890625 4.265625 77.8671875 27.703125 0.765625 5.140625 4.96875 3.796875 3.3984375 3.109375 79.2734375 23.140625 1.0625 10.015625 9.5390625 7.2265625 6.3515625 5.796875 77.125 29.6875
20241002040000 63064.0 41.916672 -69.75 7.171875 83.328125 0.25 1.1953125 -999.9 1.3203125 10.015625 9.5859375 6.0546875 4.9140625 4.2890625 79.171875 27.7578125 0.734375 4.671875 4.796875 3.7265625 3.34375 3.0625 81.8046875 22.4140625 1.09375 10.015625 9.5859375 7.09375 6.2265625 5.6796875 77.9765625 29.671875
20241002050000 63064.0 41.916672 -69.75 7.0390625 83.296875 0.2421875 1.1796875 -999.9 1.328125 10.015625 9.625 6.0859375 4.9609375 4.3359375 80.5 27.7265625 0.7109375 4.671875 4.625 3.6796875 3.3046875 3.03125 82.578125 22.6328125 1.125 10.015625 9.625 7.046875 6.1953125 5.6796875 79.671875 29.3828125
20241002060000 63064.0 41.916672 -69.75 6.9296875 82.359375 0.234375 1.171875 -999.9 1.34375 10.015625 9.6640625 6.125 5.0078125 4.3828125 81.7734375 27.6171875 0.6484375 4.671875 4.515625 3.46875 3.140625 2.890625 82.1015625 23.7890625 1.171875 10.015625 9.6640625 6.9375 6.1328125 5.6484375 81.6796875 28.6171875
20241002070000 63064.0 41.916672 -69.75 7.140625 82.59375 0.2421875 1.1875 -999.9 1.359375 10.015625 9.6796875 6.15625 5.046875 4.40625 82.9375 27.421875 0.7109375 4.671875 4.765625 3.703125 3.3203125 3.0390625 82.171875 22.828125 1.15625 10.015625 9.6796875 7.078125 6.2734375 5.765625 83.2265625 28.8828125
20241002080000 63064.0 41.916672 -69.75 7.375 82.6640625 0.2578125 1.2109375 -999.9 1.3828125 6.21875 6.0703125 6.171875 5.0546875 4.4140625 83.9375 27.1875 0.7578125 5.140625 4.96875 3.796875 3.40625 3.1171875 82.25 23.2421875 1.15625 6.21875 6.0703125 7.1875 6.390625 5.8671875 84.6640625 28.609375
20241002090000 63064.0 41.916672 -69.75 7.5703125 82.3515625 0.265625 1.2265625 -999.9 1.40625 6.21875 6.1875 6.171875 5.0625 4.421875 84.75 26.921875 0.828125 5.140625 5.0546875 3.96875 3.546875 3.2421875 82.2265625 22.875 1.140625 6.21875 6.3671875 7.328125 6.5234375 5.96875 86.078125 28.65625
20241002100000 63064.0 41.916672 -69.75 5.859375 84.578125 0.1953125 1.0859375 -999.9 1.4140625 6.21875 6.3203125 6.2890625 5.2109375 4.5703125 85.5703125 26.7890625 0.4609375 3.5078125 3.59375 2.90625 2.65625 2.46875 84.1328125 22.9296875 1.3359375 6.21875 6.3203125 6.6953125 5.890625 5.421875 85.7265625 27.1640625
20241002110000 63064.0 41.916672 -69.75 5.03125 79.6171875 0.15625 1.0078125 -999.9 1.40625 6.8359375 6.53125 6.4375 5.390625 4.7421875 86.3125 26.546875 0.296875 2.8984375 2.953125 2.4296875 2.2421875 2.09375 79.0 21.5703125 1.375 6.8359375 6.53125 6.6171875 5.7578125 5.265625 86.5859375 26.671875
20241002120000 63064.0 41.916672 -69.75 5.3203125 72.5078125 0.171875 1.0234375 -999.9 1.40625 6.8359375 6.8671875 6.5390625 5.5 4.8359375 86.90625 26.234375 0.3203125 3.5078125 3.34375 2.609375 2.390625 2.21875 71.359375 21.2578125 1.3671875 6.8359375 6.8671875 6.7578125 5.921875 5.4296875 87.625 26.234375
20241002130000 63064.0 41.916672 -69.75 6.2734375 78.4296875 0.2109375 1.1015625 -999.9 1.4140625 6.8359375 7.03125 6.578125 5.515625 4.8203125 87.3046875 25.953125 0.4609375 4.25 4.046875 3.1015625 2.8125 2.59375 77.71875 23.265625 1.3359375 6.8359375 7.03125 7.0 6.234375 5.75 88.359375 26.03125
20241002140000 63064.0 41.916672 -69.75 6.78125 83.1484375 0.2265625 1.1484375 -999.9 1.421875 6.8359375 7.1015625 6.5625 5.46875 4.7578125 87.6015625 25.734375 0.5703125 4.671875 4.4609375 3.3828125 3.046875 2.796875 82.296875 23.4921875 1.3046875 6.8359375 7.1015625 7.1796875 6.4609375 5.984375 88.5625 26.015625
20241002150000 63064.0 41.916672 -69.75 7.0 85.21875 0.2421875 1.171875 -999.9 1.4375 6.8359375 7.1328125 6.5234375 5.40625 4.703125 87.859375 25.625 0.640625 4.671875 4.5234375 3.53125 3.1640625 2.90625 84.2734375 22.9609375 1.2890625 6.8359375 7.1328125 7.2578125 6.546875 6.0625 88.703125 26.140625
20241002160000 63064.0 41.916672 -69.75 6.625 87.5703125 0.2265625 1.1484375 -999.9 1.4375 6.8359375 7.1171875 6.5078125 5.3984375 4.6953125 88.09375 25.6328125 0.59375 4.25 4.140625 3.34375 3.015625 2.7734375 86.328125 23.0078125 1.3125 6.8359375 7.1171875 7.15625 6.4296875 5.9609375 88.4375 26.0859375
20241002170000 63064.0 41.916672 -69.75 5.9375 86.0546875 0.1953125 1.0859375 -999.9 1.4296875 6.8359375 7.09375 6.5390625 5.4453125 4.7578125 88.265625 25.6953125 0.453125 3.859375 3.703125 2.9296875 2.671875 2.4765625 84.546875 23.296875 1.3515625 6.8359375 7.09375 6.953125 6.171875 5.6953125 88.640625 25.890625
20241002180000 63064.0 41.916672 -69.75 5.6171875 81.328125 0.1796875 1.0546875 -999.9 1.40625 6.8359375 7.046875 6.5859375 5.5078125 4.8203125 88.3359375 25.734375 0.390625 3.5078125 3.421875 2.796875 2.5546875 2.3671875 80.6875 22.328125 1.3515625 6.8359375 7.046875 6.90625 6.1015625 5.609375 88.8984375 25.875
20241002190000 63064.0 41.916672 -69.75 5.703125 79.046875 0.1875 1.0625 -999.9 1.390625 6.8359375 7.0 6.6171875 5.5390625 4.84375 88.3515625 25.7578125 0.390625 3.5078125 3.484375 2.8359375 2.5859375 2.3984375 77.515625 22.4375 1.3359375 6.8359375 7.0 6.953125 6.1484375 5.6640625 89.1875 25.8203125
20241002200000 63064.0 41.916672 -69.75 6.0234375 81.4140625 0.1953125 1.0859375 -999.9 1.375 6.8359375 6.96875 6.6328125 5.53125 4.8203125 88.34375 25.796875 0.4375 3.859375 3.7109375 2.9609375 2.6875 2.4921875 79.6484375 23.2265625 1.3046875 6.8359375 6.96875 7.0390625 6.2578125 5.78125 89.2109375 25.890625
20241002210000 63064.0 41.916672 -69.75 5.9296875 85.171875 0.1953125 1.078125 -999.9 1.359375 10.015625 9.5859375 6.6328125 5.515625 4.796875 88.421875 25.8984375 0.421875 3.859375 3.6953125 2.8984375 2.6484375 2.453125 83.1015625 23.234375 1.2890625 10.015625 9.5859375 7.03125 6.234375 5.7421875 88.9296875 26.078125
20241002220000 63064.0 41.916672 -69.75 5.2421875 87.078125 0.1640625 1.0234375 -999.9 1.3359375 10.015625 9.6796875 6.6640625 5.5546875 4.84375 88.6328125 26.0859375 0.3203125 3.1875 3.0859375 2.5703125 2.359375 2.1953125 86.0078125 21.6015625 1.296875 10.015625 9.6796875 6.9140625 6.0546875 5.546875 88.7734375 26.28125
20241002230000 63064.0 41.916672 -69.75 5.0078125 86.5390625 0.15625 1.0 -999.9 1.3125 10.015625 9.7421875 6.7109375 5.609375 4.8984375 88.921875 26.3046875 0.2734375 2.8984375 2.9375 2.421875 2.2265625 2.078125 84.34375 21.7578125 1.28125 10.015625 9.7421875 6.8984375 6.015625 5.4921875 89.0859375 26.4375
20241003000000 63064.0 41.916672 -69.75 4.84375 86.65625 0.1484375 0.984375 -999.9 1.2890625 10.015625 9.7890625 6.75 5.65625 4.953125 89.265625 26.546875 0.2421875 2.8984375 2.796875 2.3515625 2.171875 2.0234375 86.34375 20.890625 1.265625 10.015625 9.7890625 6.9140625 6.015625 5.4765625 89.34375 26.6796875
20241003010000 63064.0 41.916672 -69.75 4.0859375 82.3515625 0.125 0.9140625 -999.9 1.265625 10.015625 9.8125 6.8046875 5.734375 5.0390625 89.6640625 26.8125 0.1484375 2.3984375 2.3203125 1.9765625 1.8359375 1.7265625 81.171875 17.609375 1.2578125 10.015625 9.8125 6.8671875 5.9140625 5.3359375 89.734375 26.859375
20241003020000 63064.0 41.916672 -69.75 3.703125 78.8125 0.109375 0.875 -999.9 1.25 10.015625 9.8203125 6.8515625 5.8125 5.1328125 90.1328125 27.1015625 0.1015625 2.1796875 2.0859375 1.7734375 1.65625 1.5625 77.15625 14.8515625 1.2421875 10.015625 9.8203125 6.8828125 5.90625 5.3046875 90.1640625 27.1171875
20241003030000 63064.0 41.916672 -69.75 3.7109375 80.6328125 0.109375 0.875 -999.9 1.234375 10.015625 9.8203125 6.890625 5.8828125 5.2109375 90.640625 27.4375 0.09375 2.1796875 2.078125 1.7734375 1.65625 1.5625 82.140625 14.9921875 1.2265625 10.015625 9.8203125 6.921875 5.96875 5.3671875 90.65625 27.453125
20241003040000 63064.0 41.916672 -69.75 3.46875 77.9765625 0.1015625 0.8515625 -999.9 1.21875 10.015625 9.8203125 6.921875 5.9453125 5.28125 91.1953125 27.828125 0.0703125 1.984375 0.0 1.671875 1.5625 1.4765625 79.3671875 12.546875 1.21875 10.015625 9.8203125 6.9453125 5.9921875 5.3828125 91.203125 27.828125
20241003050000 63064.0 41.916672 -69.75 3.265625 73.59375 0.09375 0.8359375 -999.9 1.2109375 10.015625 9.8046875 6.953125 6.0 5.3515625 91.796875 28.265625 0.046875 1.984375 0.0 1.6484375 1.546875 1.4609375 72.3828125 7.0 1.2109375 10.015625 9.8046875 6.9609375 6.0234375 5.3984375 91.8046875 28.265625
20241003060000 63064.0 41.916672 -69.75 3.078125 67.9375 0.0859375 0.8203125 -999.9 1.203125 10.015625 9.7890625 6.984375 6.046875 5.40625 92.484375 28.7421875 0.0 1.0 0.0 1.0 1.0 1.0 180.0 0.0 1.203125 10.015625 9.7890625 6.984375 6.046875 5.40625 92.484375 28.7421875
20241003070000 63064.0 41.916672 -69.75 3.0234375 62.78125 0.0859375 0.8125 -999.9 1.203125 10.015625 9.7734375 7.0078125 6.09375 5.46875 93.2265625 29.2109375 0.0 1.0 0.0 1.0 1.0 1.0 180.0 0.0 1.203125 10.015625 9.7734375 7.0078125 6.09375 5.46875 93.2265625 29.2109375
20241003080000 63064.0 41.916672 -69.75 3.015625 65.2890625 0.0859375 0.8125 -999.9 1.1953125 10.015625 9.7578125 7.03125 6.1328125 5.5234375 94.0234375 29.65625 0.0 1.0 0.0 1.0 1.0 1.0 180.0 0.0 1.1953125 10.015625 9.7578125 7.03125 6.1328125 5.5234375 94.0234375 29.65625
20241003090000 63064.0 41.916672 -69.75 3.3125 73.1953125 0.09375 0.8359375 -999.9 1.1953125 10.015625 9.734375 7.0546875 6.1796875 5.5703125 94.828125 30.03125 0.046875 1.984375 0.0 1.6484375 1.546875 1.4609375 72.4296875 9.90625 1.1953125 10.015625 9.734375 7.0625 6.203125 5.625 94.8359375 30.03125
20241003100000 63064.0 41.916672 -69.75 2.5625 64.109375 0.0703125 0.765625 -999.9 1.1875 10.015625 9.71875 7.078125 6.21875 5.625 95.59375 30.3125 0.0 1.0 0.0 1.0 1.0 1.0 180.0 0.0 1.1875 10.015625 9.71875 7.078125 6.21875 5.625 95.59375 30.3125
20241003110000 63064.0 41.916672 -69.75 2.4296875 57.59375 0.0703125 0.75 -999.9 1.1875 10.015625 9.6953125 7.1015625 6.2578125 5.671875 96.28125 30.515625 0.0 1.0 0.0 1.0 1.0 1.0 180.0 0.0 1.1875 10.015625 9.6953125 7.1015625 6.2578125 5.671875 96.28125 30.515625
20241003120000 63064.0 41.916672 -69.75 2.25 45.078125 0.0625 0.734375 -999.9 1.1875 10.015625 9.6640625 7.1328125 6.3046875 5.71875 96.8671875 30.640625 0.0 1.0 0.0 1.0 1.0 1.0 180.0 0.0 1.1875 10.015625 9.6640625 7.1328125 6.3046875 5.71875 96.8671875 30.640625
20241003130000 63064.0 41.916672 -69.75 2.015625 34.34375 0.0546875 0.7109375 -999.9 1.1796875 10.015625 9.6328125 7.15625 6.34375 5.7734375 97.3203125 30.703125 0.0 1.0 0.0 1.0 1.0 1.0 180.0 0.0 1.1796875 10.015625 9.6328125 7.15625 6.34375 5.7734375 97.3203125 30.703125
20241003140000 63064.0 41.916672 -69.75 1.421875 45.9609375 0.0390625 0.640625 -999.9 1.1796875 10.015625 9.59375 7.1875 6.3828125 5.8203125 97.625 30.703125 0.0 1.0 0.0 1.0 1.0 1.0 180.0 0.0 1.1796875 10.015625 9.59375 7.1875 6.3828125 5.8203125 97.625 30.703125
20241003150000 63064.0 41.916672 -69.75 0.78125 67.5703125 0.015625 0.546875 -999.9 1.1796875 10.015625 9.5625 7.21875 6.4296875 5.8671875 97.8203125 30.65625 0.0 1.0 0.0 1.0 1.0 1.0 180.0 0.0 1.1796875 10.015625 9.5625 7.21875 6.4296875 5.8671875 97.8203125 30.65625
20241003160000 63064.0 41.916672 -69.75 0.46875 136.6953125 0.0078125 0.515625 -999.9 1.1796875 9.1015625 9.4921875 7.2578125 6.46875 5.9140625 97.9140625 30.5859375 0.0 1.0 0.0 1.0 1.0 1.0 180.0 0.0 1.1796875 9.1015625 9.4921875 7.2578125 6.46875 5.9140625 97.9140625 30.5859375
20241003170000 63064.0 41.916672 -69.75 1.1015625 168.9140625 0.0234375 0.59375 -999.9 1.171875 9.1015625 9.390625 7.296875 6.515625 5.9609375 97.9296875 30.5078125 0.0 1.0 0.0 1.0 1.0 1.0 180.0 0.0 1.171875 9.1015625 9.390625 7.296875 6.515625 5.9609375 97.9296875 30.5078125
20241003180000 63064.0 41.916672 -69.75 1.6640625 177.8671875 0.046875 0.6640625 -999.9 1.171875 9.1015625 9.3125 7.3359375 6.5625 6.0078125 97.9296875 30.4375 0.0 1.0 0.0 1.0 1.0 1.0 180.0 0.0 1.171875 9.1015625 9.3125 7.3359375 6.5625 6.0078125 97.9296875 30.4375
20241003190000 63064.0 41.916672 -69.75 2.0234375 184.140625 0.0546875 0.703125 -999.9 1.171875 9.1015625 9.2421875 7.3828125 6.609375 6.0625 97.9375 30.390625 0.0 1.0 0.0 1.0 1.0 1.0 180.0 0.0 1.171875 9.1015625 9.2421875 7.3828125 6.609375 6.0625 97.9375 30.390625
20241003200000 63064.0 41.916672 -69.75 2.4140625 184.3515625 0.0625 0.7421875 -999.9 1.171875 9.1015625 9.15625 7.4296875 6.65625 6.109375 97.9765625 30.375 0.0 1.0 0.0 1.0 1.0 1.0 180.0 0.0 1.171875 9.1015625 9.15625 7.4296875 6.65625 6.109375 97.9765625 30.375
20241003210000 63064.0 41.916672 -69.75 2.8515625 185.734375 0.078125 0.7890625 -999.9 1.171875 9.1015625 9.078125 7.4765625 6.703125 6.1640625 98.03125 30.375 0.0 1.0 0.0 1.0 1.0 1.0 180.0 0.0 1.171875 9.1015625 9.078125 7.4765625 6.703125 6.1640625 98.03125 30.375
20241003220000 63064.0 41.916672 -69.75 2.7734375 189.2421875 0.078125 0.78125 -999.9 1.171875 9.1015625 9.0 7.515625 6.75 6.21875 98.1015625 30.3828125 0.0 1.0 0.0 1.0 1.0 1.0 180.0 0.0 1.171875 9.1015625 9.0 7.515625 6.75 6.21875 98.1015625 30.3828125
20241003230000 63064.0 41.916672 -69.75 3.328125 186.3671875 0.09375 0.828125 -999.9 1.171875 9.1015625 8.9453125 7.5546875 6.7890625 6.2578125 98.1796875 30.390625 0.0234375 1.984375 0.0 1.6484375 1.546875 1.4609375 179.65625 6.671875 1.171875 9.1015625 8.9453125 7.5625 6.796875 6.28125 98.1796875 30.390625
20241004000000 63064.0 41.916672 -69.75 3.53125 187.4453125 0.1015625 0.84375 -999.9 1.1640625 9.1015625 8.8984375 7.5859375 6.828125 6.3046875 98.2890625 30.40625 0.03125 1.984375 0.0 1.703125 1.59375 1.5 179.125 9.28125 1.1640625 9.1015625 8.8984375 7.59375 6.84375 6.328125 98.28125 30.3984375
20241004010000 63064.0 41.916672 -69.75 3.7109375 189.71875 0.109375 0.859375 -999.9 1.15625 9.1015625 8.8671875 7.6171875 6.859375 6.3359375 98.421875 30.4140625 0.03125 1.984375 0.0 1.765625 1.65625 1.5546875 177.96875 8.1328125 1.15625 9.1015625 8.8671875 7.6171875 6.875 6.3671875 98.40625 30.3984375
20241004020000 63064.0 41.916672 -69.75 3.9140625 193.2421875 0.1171875 0.875 -999.9 1.15625 9.1015625 8.84375 7.6328125 6.8828125 6.3671875 98.6171875 30.4375 0.0390625 2.1796875 2.1328125 1.8671875 1.7421875 1.640625 178.0390625 8.90625 1.15625 9.1015625 8.84375 7.640625 6.90625 6.4140625 98.5859375 30.40625
20241004030000 63064.0 41.916672 -69.75 4.0546875 199.9296875 0.1171875 0.8828125 -999.9 1.1484375 9.1015625 8.8203125 7.6484375 6.90625 6.390625 98.9140625 30.484375 0.03125 2.1796875 2.125 1.8515625 1.7265625 1.625 179.53125 9.3359375 1.1484375 9.1015625 8.8203125 7.65625 6.921875 6.4375 98.890625 30.453125
20241004040000 63064.0 41.916672 -69.75 4.140625 209.0 0.125 0.890625 -999.9 1.140625 9.1015625 8.7890625 7.6640625 6.921875 6.4140625 99.296875 30.53125 0.03125 1.984375 0.0 1.796875 1.6796875 1.578125 184.765625 9.4765625 1.140625 9.1015625 8.7890625 7.671875 6.9375 6.453125 99.28125 30.515625
20241004050000 63064.0 41.916672 -69.75 4.1953125 212.7109375 0.125 0.890625 -999.9 1.125 9.1015625 8.75 7.671875 6.9375 6.4375 99.7578125 30.59375 0.03125 1.984375 0.0 1.8203125 1.6953125 1.59375 186.71875 10.1328125 1.125 9.1015625 8.75 7.6796875 6.953125 6.46875 99.7421875 30.5703125
20241004060000 63064.0 41.916672 -69.75 4.1328125 217.609375 0.125 0.890625 -999.9 1.1171875 9.1015625 8.6953125 7.6796875 6.953125 6.453125 100.265625 30.6484375 0.0234375 1.984375 0.0 1.75 1.6328125 1.5390625 193.1953125 12.15625 1.1171875 9.1015625 8.6953125 7.6796875 6.9609375 6.4765625 100.2578125 30.6328125
20241004070000 63064.0 41.916672 -69.75 3.875 219.1484375 0.1171875 0.8671875 -999.9 1.1015625 8.2734375 8.5859375 7.671875 6.953125 6.46875 100.796875 30.6796875 0.015625 1.984375 0.0 1.7109375 1.6015625 1.515625 199.4140625 13.1640625 1.1015625 8.2734375 8.5859375 7.671875 6.9609375 6.4765625 100.7890625 30.671875
20241004080000 63064.0 41.916672 -69.75 3.6640625 216.34375 0.109375 0.8515625 -999.9 1.09375 8.2734375 8.46875 7.6640625 6.953125 6.46875 101.328125 30.6796875 0.015625 1.984375 0.0 1.65625 1.5546875 1.46875 199.015625 12.8203125 1.09375 8.2734375 8.46875 7.6640625 6.9609375 6.4765625 101.328125 30.6796875
20241004090000 63064.0 41.916672 -69.75 3.4609375 212.2578125 0.1015625 0.8359375 -999.9 1.078125 8.2734375 8.3671875 7.6484375 6.9453125 6.46875 101.8203125 30.65625 0.0078125 1.984375 0.0 1.6484375 1.546875 1.4609375 197.5859375 6.640625 1.078125 8.2734375 8.3671875 7.6484375 6.9453125 6.4765625 101.8203125 30.65625
20241004100000 63064.0 41.916672 -69.75 3.09375 213.625 0.0859375 0.8046875 -999.9 1.0546875 8.2734375 8.2890625 7.6328125 6.9296875 6.4609375 102.2578125 30.59375 0.0 1.0 0.0 1.0 1.0 1.0 180.0 0.0 1.0546875 8.2734375 8.2890625 7.6328125 6.9296875 6.4609375 102.2578125 30.59375
20241004110000 63064.0 41.916672 -69.75 3.0546875 207.6953125 0.0859375 0.8046875 -999.9 1.0390625 8.2734375 8.2265625 7.609375 6.90625 6.4453125 102.6484375 30.5078125 0.0 1.0 0.0 1.0 1.0 1.0 180.0 0.0 1.0390625 8.2734375 8.2265625 7.609375 6.90625 6.4453125 102.6484375 30.5078125
20241004120000 63064.0 41.916672 -69.75 2.9921875 195.625 0.0859375 0.796875 -999.9 1.0234375 8.2734375 8.1796875 7.5859375 6.890625 6.421875 103.0 30.390625 0.0 1.0 0.0 1.0 1.0 1.0 180.0 0.0 1.0234375 8.2734375 8.1796875 7.5859375 6.890625 6.421875 103.0 30.390625
20241004130000 63064.0 41.916672 -69.75 3.4921875 177.5703125 0.1015625 0.8359375 -999.9 1.0 8.2734375 8.140625 7.5625 6.8671875 6.40625 103.328125 30.2578125 0.0234375 1.984375 0.0 1.6484375 1.546875 1.4609375 174.2109375 11.2109375 1.0 8.2734375 8.140625 7.5703125 6.875 6.4375 103.3203125 30.25
20241004140000 63064.0 41.916672 -69.75 4.2734375 174.7265625 0.125 0.8984375 -999.9 0.984375 8.2734375 8.1171875 7.5390625 6.828125 6.359375 103.65625 30.1171875 0.0546875 2.640625 2.5234375 2.109375 1.96875 1.8515625 168.171875 13.4453125 0.984375 8.2734375 8.1171875 7.5625 6.890625 6.4765625 103.5234375 30.0078125
20241004150000 63064.0 41.916672 -69.75 4.65625 177.0 0.140625 0.9296875 -999.9 0.96875 8.2734375 8.09375 7.5078125 6.7734375 6.25 104.0390625 29.9921875 0.078125 2.640625 2.734375 2.171875 2.0 1.8671875 167.4375 13.5390625 0.9609375 8.2734375 8.09375 7.546875 6.8828125 6.4921875 103.7734375 29.78125
20241004160000 63064.0 41.916672 -69.75 4.7578125 178.6484375 0.1484375 0.9453125 -999.9 0.953125 8.2734375 8.078125 7.4609375 6.65625 6.0234375 104.46875 29.90625 0.1015625 1.984375 0.0 2.0390625 1.8671875 1.734375 168.0625 13.140625 0.9453125 8.2734375 8.078125 7.53125 6.8671875 6.46875 104.09375 29.59375
20241004170000 63064.0 41.916672 -69.75 4.765625 179.765625 0.1484375 0.96875 -999.9 0.9375 8.2734375 8.0703125 7.40625 6.4765625 5.6875 104.9453125 29.8515625 0.1328125 1.984375 0.0 1.9296875 1.765625 1.6484375 169.0 13.609375 0.9296875 8.2734375 8.0703125 7.515625 6.84375 6.4453125 104.421875 29.40625
20241004180000 63064.0 41.916672 -69.75 4.7578125 178.2109375 0.1484375 0.9765625 -999.9 0.9296875 8.2734375 8.078125 7.3359375 6.2890625 5.375 105.4921875 29.8359375 0.1640625 1.984375 0.0 1.9140625 1.7578125 1.640625 168.1328125 16.40625 0.9140625 8.2734375 8.078125 7.5078125 6.8359375 6.4375 104.734375 29.1953125
20241004190000 63064.0 41.916672 -69.75 4.3828125 176.6796875 0.1328125 0.953125 -999.9 0.9140625 8.2734375 8.09375 7.3046875 6.203125 5.2578125 105.9609375 29.734375 0.1640625 1.984375 0.0 1.859375 1.7265625 1.6171875 168.5703125 16.609375 0.8984375 8.2734375 8.09375 7.484375 6.78125 6.3515625 105.203125 29.0859375
20241004200000 63064.0 41.916672 -69.75 4.15625 172.4921875 0.125 0.9296875 -999.9 0.8984375 8.2734375 8.1171875 7.3359375 6.2734375 5.3671875 106.21875 29.4296875 0.1484375 1.984375 0.0 1.828125 1.703125 1.6015625 168.296875 15.890625 0.890625 8.2734375 8.1171875 7.4765625 6.7578125 6.296875 105.625 28.9296875
20241004210000 63064.0 41.916672 -69.75 4.3046875 166.890625 0.1328125 0.9375 -999.9 0.8828125 10.015625 9.8984375 7.375 6.3671875 5.5 106.359375 29.0078125 0.140625 1.984375 0.0 1.84375 1.7109375 1.609375 163.7421875 17.171875 0.875 10.015625 9.8984375 7.5078125 6.8203125 6.40625 105.84375 28.6015625
20241004220000 63064.0 41.916672 -69.75 4.5390625 164.75 0.140625 0.953125 -999.9 0.875 10.015625 9.859375 7.3984375 6.3828125 5.5 106.609375 28.640625 0.140625 1.984375 0.0 1.890625 1.734375 1.6171875 161.4921875 17.2890625 0.859375 10.015625 9.859375 7.5390625 6.875 6.484375 106.0625 28.2265625
20241004230000 63064.0 41.916672 -69.75 5.078125 162.9609375 0.1640625 1.015625 -999.9 0.8671875 10.015625 9.8203125 7.359375 6.2265625 5.2109375 107.078125 28.3984375 0.171875 1.984375 0.0 1.9765625 1.78125 1.6484375 158.1171875 18.6640625 0.8515625 10.015625 9.8203125 7.5859375 6.9453125 6.578125 106.2265625 27.796875
20241005000000 63064.0 41.916672 -69.75 5.578125 159.3984375 0.1796875 1.0859375 -999.9 0.875 10.015625 9.7734375 7.203125 5.78125 4.640625 108.4765625 28.8984375 0.25 1.984375 0.0 2.1953125 1.9453125 1.7890625 155.46875 21.140625 0.84375 10.015625 9.7734375 7.65625 7.0390625 6.6875 106.2109375 27.3984375
20241005010000 63064.0 41.916672 -69.75 5.8203125 157.890625 0.1953125 1.0859375 -999.9 0.8828125 10.015625 9.734375 7.1328125 5.6875 4.6171875 109.953125 29.125 0.28125 2.1796875 2.2421875 2.3359375 2.109375 1.9609375 153.78125 20.90625 0.8359375 10.015625 9.734375 7.6875 7.078125 6.7265625 106.5078125 27.03125
20241005020000 63064.0 41.916672 -69.75 5.7734375 161.890625 0.1875 1.0703125 -999.9 0.8828125 10.015625 9.6953125 7.0703125 5.609375 4.59375 111.1953125 29.15625 0.3046875 2.3984375 2.484375 2.390625 2.1953125 2.0546875 154.8828125 20.8828125 0.828125 10.015625 9.6953125 7.6875 7.0546875 6.6796875 106.953125 26.5078125
20241005030000 63064.0 41.916672 -69.75 5.7578125 161.1484375 0.1875 1.0625 -999.9 0.8828125 8.2734375 8.421875 7.0546875 5.6171875 4.6484375 111.96875 29.0 0.3125 2.640625 2.6171875 2.4765625 2.296875 2.15625 154.609375 20.9296875 0.828125 8.2734375 8.421875 7.6953125 7.0390625 6.6328125 107.34375 26.1328125
20241005040000 63064.0 41.916672 -69.75 5.265625 165.2109375 0.1640625 1.015625 -999.9 0.875 8.2734375 8.4453125 7.09375 5.703125 4.75 112.0625 28.53125 0.2734375 2.640625 2.6328125 2.4296875 2.265625 2.1328125 158.0859375 19.6640625 0.828125 8.2734375 8.4453125 7.6171875 6.8515625 6.359375 108.1640625 25.859375
20241005050000 63064.0 41.916672 -69.75 4.6328125 173.3828125 0.140625 0.9609375 -999.9 0.8671875 8.2734375 8.4765625 7.203125 5.875 4.9375 111.578125 27.71875 0.203125 2.640625 2.5859375 2.25 2.1015625 1.9765625 166.7734375 16.75 0.84375 8.2734375 8.4765625 7.4921875 6.5703125 5.9453125 109.390625 25.8359375
20241005060000 63064.0 41.916672 -69.75 3.8515625 179.53125 0.1171875 0.8828125 -999.9 0.8515625 8.2734375 8.5 7.3359375 6.109375 5.2109375 110.9375 26.703125 0.1171875 2.1796875 2.2421875 1.921875 1.796875 1.6875 176.546875 13.25 0.84375 8.2734375 8.5 7.4375 6.390625 5.671875 110.3984375 26.1171875
20241005070000 63064.0 41.916672 -69.75 3.5546875 183.78125 0.1015625 0.8515625 -999.9 0.84375 8.2734375 8.515625 7.4609375 6.3125 5.453125 110.484375 25.796875 0.0703125 1.984375 0.0 1.75 1.640625 1.546875 180.328125 10.375 0.8359375 8.2734375 8.515625 7.5 6.453125 5.703125 110.3359375 25.625
20241005080000 63064.0 41.916672 -69.75 3.3046875 184.25 0.09375 0.828125 -999.9 0.8359375 8.2734375 8.4921875 7.5625 6.46875 5.640625 110.2109375 25.0390625 0.0390625 1.984375 0.0 1.6484375 1.546875 1.4609375 183.3125 8.1015625 0.8359375 8.2734375 8.4921875 7.578125 6.5234375 5.75 110.1875 25.0078125
20241005090000 63064.0 41.916672 -69.75 2.765625 196.5625 0.078125 0.78125 -999.9 0.828125 8.2734375 8.453125 7.6640625 6.59375 5.796875 110.0859375 24.40625 0.0 1.0 0.0 1.0 1.0 1.0 180.0 0.0 0.828125 8.2734375 8.453125 7.6640625 6.59375 5.796875 110.0859375 24.40625
20241005100000 63064.0 41.916672 -69.75 2.515625 195.640625 0.0703125 0.7578125 -999.9 0.828125 8.2734375 8.3984375 7.7578125 6.703125 5.9296875 110.078125 23.8515625 0.0 1.0 0.0 1.0 1.0 1.0 180.0 0.0 0.828125 8.2734375 8.3984375 7.7578125 6.703125 5.9296875 110.078125 23.8515625
20241005110000 63064.0 41.916672 -69.75 2.5859375 205.7734375 0.0703125 0.7578125 -999.9 0.828125 8.2734375 8.359375 7.859375 6.796875 6.0390625 110.1796875 23.375 0.0 1.0 0.0 1.0 1.0 1.0 180.0 0.0 0.828125 8.2734375 8.359375 7.859375 6.796875 6.0390625 110.1796875 23.375
20241005120000 63064.0 41.916672 -69.75 2.59375 221.015625 0.0703125 0.7578125 -999.9 0.828125 8.2734375 8.34375 7.9609375 6.8828125 6.1484375 110.3984375 22.953125 0.0 1.0 0.0 1.0 1.0 1.0 180.0 0.0 0.828125 8.2734375 8.34375 7.9609375 6.8828125 6.1484375 110.3984375 22.953125
20241005130000 63064.0 41.916672 -69.75 2.71875 239.875 0.078125 0.7734375 -999.9 0.8359375 8.2734375 8.3359375 8.0625 6.96875 6.25 110.6953125 22.5703125 0.0 1.0 0.0 1.0 1.0 1.0 180.0 0.0 0.8359375 8.2734375 8.3359375 8.0625 6.96875 6.25 110.6953125 22.5703125
20241005140000 63064.0 41.916672 -69.75 3.40625 268.7578125 0.1015625 0.828125 -999.9 0.84375 8.2734375 8.3515625 8.171875 7.046875 6.3359375 111.0390625 22.21875 0.0 1.984375 0.0 1.6484375 1.546875 1.4609375 269.4765625 10.9765625 0.84375 8.2734375 8.3515625 8.171875 7.046875 6.3359375 111.0390625 22.21875
20241005150000 63064.0 41.916672 -69.75 3.75 296.0703125 0.109375 0.859375 -999.9 0.84375 8.2734375 8.390625 8.28125 7.1328125 6.421875 111.3984375 21.8828125 0.0 1.984375 0.0 1.7109375 1.6015625 1.5078125 293.6875 14.1328125 0.84375 8.2734375 8.390625 8.28125 7.1328125 6.421875 111.3984375 21.8828125
20241005160000 63064.0 41.916672 -69.75 4.765625 319.21875 0.1484375 0.9296875 -999.9 0.8515625 8.2734375 8.4609375 8.40625 7.21875 6.5078125 111.71875 21.578125 0.0078125 1.984375 0.0 1.828125 1.6953125 1.5859375 311.0390625 17.5546875 0.8515625 8.2734375 8.4609375 8.40625 7.2265625 6.515625 111.7265625 21.5546875
20241005170000 63064.0 41.916672 -69.75 6.140625 336.515625 0.1953125 1.03125 -999.9 0.8671875 8.2734375 8.5234375 8.515625 7.234375 6.4140625 111.9609375 21.609375 0.0546875 1.984375 0.0 1.8515625 1.6953125 1.578125 321.5859375 16.4921875 0.859375 8.2734375 8.5234375 8.546875 7.328125 6.6171875 112.0 21.234375
20241005180000 63064.0 41.916672 -69.75 6.515625 345.8125 0.21875 1.1484375 -999.9 0.9140625 8.2734375 8.5546875 8.03125 5.84375 4.546875 109.5390625 35.1328125 0.2890625 2.3984375 2.3828125 2.15625 2.0 1.875 327.671875 19.2578125 0.8671875 8.2734375 8.5546875 8.6796875 7.4296875 6.71875 112.2421875 21.4921875
20241005190000 63064.0 41.916672 -69.75 6.765625 349.578125 0.2265625 1.125 -999.9 0.953125 8.2734375 8.5390625 7.9140625 5.78125 4.6796875 106.2421875 43.078125 0.359375 2.8984375 2.8359375 2.59375 2.4296875 2.296875 333.90625 20.34375 0.8828125 8.2734375 8.5390625 8.7890625 7.46875 6.734375 112.421875 23.71875
20241005200000 63064.0 41.916672 -69.75 6.484375 353.53125 0.21875 1.1171875 -999.9 0.96875 8.2734375 8.515625 7.9453125 5.7578125 4.6484375 104.71875 44.65625 0.3828125 2.8984375 2.96875 2.6875 2.5078125 2.3515625 339.1796875 20.109375 0.890625 8.2734375 8.515625 8.90625 7.5390625 6.78125 112.4375 25.4765625
20241005210000 63064.0 41.916672 -69.75 5.8359375 358.1015625 0.1875 1.0703125 -999.9 0.9765625 14.6640625 14.984375 8.1171875 5.8984375 4.765625 104.84375 43.71875 0.3515625 2.8984375 3.0390625 2.6640625 2.4609375 2.3046875 346.7578125 18.953125 0.9140625 14.6640625 14.984375 8.9296875 7.4453125 6.65625 111.859375 30.21875
20241005220000 63064.0 41.916672 -69.75 5.3671875 17.2265625 0.171875 1.0234375 -999.9 0.9765625 14.6640625 14.9375 8.375 6.15625 4.96875 105.9453125 41.078125 0.265625 2.8984375 2.8828125 2.4609375 2.2578125 2.109375 3.671875 16.78125 0.9453125 14.6640625 14.9375 8.8359375 7.1171875 6.1953125 110.046875 35.953125
20241005230000 63064.0 41.916672 -69.75 4.9296875 18.2109375 0.15625 0.984375 -999.9 0.984375 14.6640625 14.8515625 8.640625 6.4375 5.1953125 107.1640625 38.0 0.2265625 2.8984375 2.8046875 2.3359375 2.15625 2.0078125 11.046875 16.921875 0.953125 14.6640625 14.8515625 9.0078125 7.265625 6.328125 110.0078125 34.5
20241006000000 63064.0 41.916672 -69.75 4.4765625 9.390625 0.140625 0.9453125 -999.9 0.984375 14.6640625 14.7109375 8.9296875 6.78125 5.5078125 108.5546875 34.7109375 0.1875 2.640625 2.6328125 2.2109375 2.046875 1.9140625 9.609375 17.0078125 0.96875 14.6640625 14.7109375 9.1875 7.4453125 6.5078125 110.2734375 32.1328125
20241006010000 63064.0 41.916672 -69.75 4.6015625 353.609375 0.140625 0.9453125 -999.9 0.9921875 14.6640625 14.5625 9.203125 7.1171875 5.8203125 109.8671875 31.5546875 0.1875 2.8984375 2.7890625 2.28125 2.109375 1.96875 356.03125 17.8828125 0.9765625 14.6640625 14.5625 9.453125 7.7890625 6.859375 111.3515625 27.96875
20241006020000 63064.0 41.916672 -69.75 5.2734375 346.8125 0.1640625 1.0 -999.9 1.0078125 14.6640625 14.4453125 9.390625 7.2734375 5.890625 110.671875 29.7265625 0.234375 2.8984375 2.9140625 2.5234375 2.3203125 2.1640625 351.2265625 19.578125 0.9765625 14.6640625 14.4453125 9.796875 8.328125 7.4921875 113.078125 21.546875
20241006030000 63064.0 41.916672 -69.75 5.8046875 351.0078125 0.1875 1.0546875 -999.9 1.0390625 14.6640625 14.3671875 9.4375 7.1796875 5.71875 110.4765625 30.6015625 0.28125 2.8984375 2.8359375 2.515625 2.328125 2.1796875 354.328125 20.7578125 1.0 14.6640625 14.3671875 9.9921875 8.6171875 7.8515625 113.8125 19.5078125
20241006040000 63064.0 41.916672 -69.75 6.5859375 1.8671875 0.21875 1.1171875 -999.9 1.078125 14.6640625 14.3125 9.3359375 6.890625 5.4453125 108.703125 34.0078125 0.3515625 2.8984375 2.828125 2.609375 2.4453125 2.3046875 359.765625 21.3828125 1.0234375 14.6640625 14.3125 10.140625 8.8359375 8.1484375 114.265625 18.8828125
20241006050000 63064.0 41.916672 -69.75 7.1484375 12.6796875 0.2421875 1.1796875 -999.9 1.140625 14.6640625 14.2734375 9.0859375 6.484375 5.0859375 105.296875 37.375 0.453125 3.1875 3.0703125 2.8125 2.609375 2.4375 9.3359375 22.5703125 1.046875 14.6640625 14.2734375 10.25 8.9609375 8.2734375 114.46875 19.1328125
20241006060000 63064.0 41.916672 -69.75 7.609375 16.8203125 0.265625 1.2421875 -999.9 1.2265625 14.6640625 14.2421875 8.6953125 6.0390625 4.7734375 99.9453125 40.3984375 0.578125 3.5078125 3.4453125 3.0546875 2.8125 2.6171875 18.328125 23.6796875 1.078125 14.6640625 14.2421875 10.3203125 9.03125 8.34375 114.40625 19.5
20241006070000 63064.0 41.916672 -69.75 7.9296875 15.625 0.28125 1.28125 -999.9 1.3046875 14.6640625 14.203125 8.375 5.8046875 4.65625 95.1171875 42.109375 0.6796875 3.859375 3.7421875 3.2578125 2.984375 2.765625 21.4765625 24.6953125 1.1171875 14.6640625 14.203125 10.2421875 8.890625 8.1640625 113.34375 20.4296875
20241006080000 63064.0 41.916672 -69.75 8.1875 14.890625 0.296875 1.296875 -999.9 1.3984375 14.6640625 14.140625 8.1171875 5.703125 4.6484375 90.53125 43.3125 0.765625 4.25 4.0546875 3.4765625 3.171875 2.9296875 22.7109375 25.359375 1.1640625 14.6640625 14.140625 10.109375 8.6875 7.9375 111.7421875 21.8828125
20241006090000 63064.0 41.916672 -69.75 8.109375 15.0546875 0.2890625 1.2890625 -999.9 1.4765625 14.6640625 14.0625 7.953125 5.703125 4.71875 86.8359375 44.0 0.8203125 4.25 4.2421875 3.65625 3.3203125 3.0625 22.1796875 24.84375 1.2265625 14.6640625 14.0625 9.8828125 8.3984375 7.625 109.28125 24.5234375
20241006100000 63064.0 41.916672 -69.75 6.6953125 14.8515625 0.2265625 1.1640625 -999.9 1.515625 13.328125 13.90625 8.0390625 5.8984375 4.921875 86.609375 43.6328125 0.6875 4.25 4.2109375 3.4765625 3.15625 2.9140625 15.9140625 22.734375 1.3515625 13.328125 13.90625 9.21875 7.6015625 6.8203125 101.140625 32.9765625
20241006110000 63064.0 41.916672 -69.75 6.859375 12.4921875 0.234375 1.1640625 -999.9 1.53125 13.328125 13.6953125 8.1640625 6.046875 5.0546875 87.0078125 43.5546875 0.65625 4.671875 4.453125 3.4765625 3.1484375 2.8984375 13.578125 23.2734375 1.3828125 13.328125 13.6953125 9.2109375 7.625 6.8671875 99.859375 33.84375
20241006120000 63064.0 41.916672 -69.75 6.9765625 11.1640625 0.2421875 1.171875 -999.9 1.546875 13.328125 13.546875 8.25 6.125 5.1015625 87.1796875 43.9921875 0.65625 4.671875 4.4609375 3.4921875 3.15625 2.8984375 12.71875 23.8203125 1.3984375 13.328125 13.546875 9.3046875 7.7421875 6.96875 99.9765625 34.3046875
20241006130000 63064.0 41.916672 -69.75 6.953125 11.71875 0.234375 1.171875 -999.9 1.5625 13.328125 13.4453125 8.3359375 6.1875 5.140625 87.6484375 44.328125 0.65625 4.671875 4.4765625 3.46875 3.1328125 2.8828125 12.828125 23.828125 1.4140625 13.328125 13.4453125 9.3671875 7.8046875 7.015625 100.078125 35.2265625
20241006140000 63064.0 41.916672 -69.75 6.8359375 9.6171875 0.234375 1.1640625 -999.9 1.5625 13.328125 13.375 8.4296875 6.265625 5.1953125 88.40625 44.4140625 0.6328125 4.25 4.34375 3.4296875 3.1015625 2.859375 10.6171875 23.4609375 1.4296875 13.328125 13.375 9.3984375 7.8125 6.984375 99.96875 35.5546875
20241006150000 63064.0 41.916672 -69.75 6.578125 5.03125 0.21875 1.140625 -999.9 1.5703125 13.328125 13.3359375 8.546875 6.3671875 5.265625 89.5234375 44.265625 0.5703125 4.25 4.109375 3.2890625 2.9765625 2.7421875 6.15625 23.2734375 1.4609375 13.328125 13.3359375 9.359375 7.734375 6.8984375 98.890625 36.5234375
20241006160000 63064.0 41.916672 -69.75 6.2890625 1.4375 0.2109375 1.1171875 -999.9 1.5625 13.328125 13.3203125 8.6875 6.5 5.3671875 91.140625 43.8671875 0.5078125 3.859375 3.890625 3.1015625 2.8203125 2.609375 1.9453125 23.140625 1.4765625 13.328125 13.3203125 9.3515625 7.6796875 6.8359375 98.28125 37.3984375
20241006170000 63064.0 41.916672 -69.75 6.0234375 0.1171875 0.1953125 1.09375 -999.9 1.5546875 13.328125 13.3203125 8.8515625 6.6484375 5.4765625 93.1640625 43.1640625 0.4375 3.5078125 3.609375 2.921875 2.65625 2.4609375 0.1484375 22.375 1.484375 13.328125 13.3203125 9.375 7.65625 6.7734375 98.4140625 38.140625
20241006180000 63064.0 41.916672 -69.75 5.4765625 3.953125 0.1796875 1.0390625 -999.9 1.53125 13.328125 13.328125 9.0546875 6.8515625 5.640625 95.640625 41.953125 0.3515625 3.1875 3.2890625 2.640625 2.421875 2.2578125 2.2421875 22.1796875 1.4921875 13.328125 13.328125 9.4140625 7.625 6.703125 98.8359375 38.8828125
20241006190000 63064.0 41.916672 -69.75 5.0703125 4.2109375 0.1640625 1.0 -999.9 1.515625 13.328125 13.34375 9.2734375 7.0859375 5.8359375 98.2421875 40.3515625 0.28125 2.8984375 2.9921875 2.4375 2.2421875 2.09375 1.703125 21.375 1.4921875 13.328125 13.34375 9.515625 7.671875 6.6875 100.140625 38.328125
20241006200000 63064.0 41.916672 -69.75 4.5859375 7.7734375 0.140625 0.9609375 -999.9 1.4921875 13.328125 13.359375 9.4921875 7.3359375 6.0546875 100.6875 38.515625 0.2109375 2.640625 2.625 2.2265625 2.0625 1.9296875 5.171875 19.7734375 1.484375 13.328125 13.359375 9.640625 7.734375 6.671875 101.6484375 37.4609375
20241006210000 63064.0 41.916672 -69.75 3.921875 13.2890625 0.1171875 0.8984375 -999.9 1.4765625 13.328125 13.3671875 9.7109375 7.609375 6.3125 102.828125 36.5625 0.125 2.1796875 2.1796875 1.890625 1.7578125 1.65625 12.5859375 16.1875 1.46875 13.328125 13.3671875 9.765625 7.78125 6.625 103.046875 36.328125
20241006220000 63064.0 41.916672 -69.75 3.3125 2.65625 0.09375 0.84375 -999.9 1.4609375 13.328125 13.3671875 9.8984375 7.859375 6.5703125 104.5859375 34.6484375 0.0546875 1.984375 0.0 1.6484375 1.546875 1.4609375 1.96875 10.125 1.4609375 13.328125 13.3671875 9.9140625 7.90625 6.6640625 104.6015625 34.625
20241006230000 63064.0 41.916672 -69.75 2.65625 8.3203125 0.0703125 0.78125 -999.9 1.453125 13.328125 13.3515625 10.0703125 8.0859375 6.7890625 105.984375 32.859375 0.0 1.0 0.0 1.0 1.0 1.0 180.0 0.0 1.453125 13.328125 13.3515625 10.0703125 8.0859375 6.7890625 105.984375 32.859375
20241007000000 63064.0 41.916672 -69.75 2.2421875 16.5 0.0625 0.734375 -999.9 1.4375 13.328125 13.34375 10.2265625 8.2890625 6.984375 107.09375 31.203125 0.0 1.0 0.0 1.0 1.0 1.0 180.0 0.0 1.4375 13.328125 13.34375 10.2265625 8.2890625 6.984375 107.09375 31.203125
20241007010000 63064.0 41.916672 -69.75 2.1484375 43.609375 0.0546875 0.7265625 -999.9 1.4375 13.328125 13.3359375 10.3671875 8.46875 7.171875 107.953125 29.71875 0.0 1.0 0.0 1.0 1.0 1.0 180.0 0.0 1.4375 13.328125 13.3359375 10.3671875 8.46875 7.171875 107.953125 29.71875
20241007020000 63064.0 41.916672 -69.75 2.53125 81.265625 0.0703125 0.7578125 -999.9 1.4375 13.328125 13.3359375 10.5078125 8.6484375 7.359375 108.609375 28.4140625 0.0 1.0 0.0 1.0 1.0 1.0 180.0 0.0 1.4375 13.328125 13.3359375 10.5078125 8.6484375 7.359375 108.609375 28.4140625
20241007030000 63064.0 41.916672 -69.75 2.4609375 110.78125 0.0703125 0.75 -999.9 1.4375 13.328125 13.359375 10.640625 8.8125 7.53125 109.0859375 27.2890625 0.0 1.0 0.0 1.0 1.0 1.0 180.0 0.0 1.4375 13.328125 13.359375 10.640625 8.8125 7.53125 109.0859375 27.2890625
20241007040000 63064.0 41.916672 -69.75 2.640625 136.375 0.0703125 0.765625 -999.9 1.4453125 13.328125 13.40625 10.7734375 8.9765625 7.703125 109.421875 26.328125 0.0 1.0 0.0 1.0 1.0 1.0 180.0 0.0 1.4453125 13.328125 13.40625 10.7734375 8.9765625 7.703125 109.421875 26.328125
20241007050000 63064.0 41.916672 -69.75 2.2109375 171.7578125 0.0625 0.71875 -999.9 1.4609375 13.328125 13.4765625 10.921875 9.140625 7.875 109.671875 25.5078125 0.0 1.0 0.0 1.0 1.0 1.0 180.0 0.0 1.4609375 13.328125 13.4765625 10.921875 9.140625 7.875 109.671875 25.5078125
20241007060000 63064.0 41.916672 -69.75 2.4375 204.6015625 0.0625 0.7421875 -999.9 1.46875 13.328125 13.6015625 11.09375 9.3125 8.0546875 109.8359375 24.8125 0.0 1.0 0.0 1.0 1.0 1.0 180.0 0.0 1.46875 13.328125 13.6015625 11.09375 9.3125 8.0546875 109.8359375 24.8125
20241007070000 63064.0 41.916672 -69.75 2.9296875 217.3359375 0.0859375 0.7890625 -999.9 1.484375 13.328125 13.8046875 11.28125 9.5 8.234375 109.8828125 24.25 0.0 1.0 0.0 1.0 1.0 1.0 180.0 0.0 1.484375 13.328125 13.8046875 11.28125 9.5 8.234375 109.8828125 24.25
20241007080000 63064.0 41.916672 -69.75 3.1015625 222.9765625 0.0859375 0.8046875 -999.9 1.5 14.6640625 14.0859375 11.46875 9.6796875 8.4140625 109.8125 23.8046875 0.0 1.0 0.0 1.0 1.0 1.0 180.0 0.0 1.5 14.6640625 14.0859375 11.46875 9.6796875 8.4140625 109.8125 23.8046875
20241007090000 63064.0 41.916672 -69.75 3.4375 199.1875 0.1015625 0.8359375 -999.9 1.5234375 14.6640625 14.2578125 11.6484375 9.8359375 8.578125 109.6171875 23.4609375 0.0 1.984375 0.0 1.6484375 1.546875 1.4609375 200.2265625 12.1640625 1.5234375 14.6640625 14.2578125 11.6484375 9.8359375 8.578125 109.6171875 23.4609375
20241007100000 63064.0 41.916672 -69.75 2.71875 180.0078125 0.078125 0.7734375 -999.9 1.5546875 14.6640625 14.3828125 11.8046875 9.96875 8.7109375 109.3359375 23.203125 0.0 1.0 0.0 1.0 1.0 1.0 180.0 0.0 1.5546875 14.6640625 14.3828125 11.8046875 9.96875 8.7109375 109.3359375 23.203125
20241007110000 63064.0 41.916672 -69.75 4.28125 165.6875 0.125 0.8984375 -999.9 1.578125 14.6640625 14.515625 11.9296875 10.078125 8.8125 109.0546875 22.9765625 0.0078125 1.984375 0.0 1.734375 1.6171875 1.5234375 149.453125 24.0546875 1.578125 14.6640625 14.515625 11.9296875 10.078125 8.8203125 109.0546875 22.9765625
20241007120000 63064.0 41.916672 -69.75 5.515625 159.703125 0.171875 0.984375 -999.9 1.6015625 14.6640625 14.7109375 12.03125 10.1796875 8.9140625 108.8515625 22.75 0.03125 1.984375 0.0 2.125 1.890625 1.7421875 131.3984375 22.234375 1.6015625 14.6640625 14.7109375 12.0390625 10.1875 8.953125 108.8515625 22.75
20241007130000 63064.0 41.916672 -69.75 6.625 156.7734375 0.21875 1.0625 -999.9 1.625 14.6640625 15.109375 12.1171875 10.2421875 8.9375 108.765625 22.53125 0.0703125 4.25 4.09375 2.5234375 2.1328125 1.921875 133.203125 22.5859375 1.625 14.6640625 15.109375 12.140625 10.3203125 9.125 108.734375 22.515625
20241007140000 63064.0 41.916672 -69.75 7.375 155.5390625 0.25 1.171875 -999.9 1.65625 16.125 15.5234375 12.1015625 9.859375 7.8984375 108.875 22.40625 0.1875 1.984375 0.0 2.2421875 1.859375 1.6875 140.7578125 23.3125 1.6484375 16.125 15.5234375 12.234375 10.46875 9.3046875 108.6953125 22.28125
20241007150000 63064.0 41.916672 -69.75 7.5703125 161.09375 0.265625 1.21875 -999.9 1.7109375 16.125 15.6640625 11.765625 8.8515625 6.734375 110.6875 24.1328125 0.3984375 2.640625 2.609375 2.484375 2.3046875 2.171875 156.9140625 27.0546875 1.6640625 16.125 15.6640625 12.296875 10.5703125 9.46875 108.796875 22.0546875
20241007160000 63064.0 41.916672 -69.75 7.3125 167.5703125 0.25 1.1796875 -999.9 1.734375 16.125 15.7265625 11.7265625 8.84375 6.84375 111.5625 24.7734375 0.4296875 2.8984375 2.90625 2.7109375 2.5390625 2.3984375 163.0546875 24.1796875 1.6796875 16.125 15.7265625 12.3203125 10.578125 9.4296875 108.984375 21.84375
20241007170000 63064.0 41.916672 -69.75 7.7109375 166.6953125 0.2734375 1.2265625 -999.9 1.7578125 16.125 15.734375 11.59375 8.5859375 6.59375 112.6640625 25.640625 0.5 3.1875 3.1484375 2.8828125 2.671875 2.5 163.984375 24.4375 1.6796875 16.125 15.734375 12.375 10.6953125 9.609375 109.1640625 21.734375
20241007180000 63064.0 41.916672 -69.75 8.3671875 162.1015625 0.3046875 1.296875 -999.9 1.78125 16.125 15.703125 11.359375 8.1875 6.2265625 114.1875 26.8125 0.6015625 3.5078125 3.3984375 3.046875 2.8046875 2.609375 162.5078125 26.03125 1.6796875 16.125 15.703125 12.4140625 10.828125 9.828125 109.421875 21.8125
20241007190000 63064.0 41.916672 -69.75 9.15625 156.0546875 0.34375 1.3828125 -999.9 1.8203125 16.125 15.6171875 11.0078125 7.7109375 5.859375 116.0859375 27.90625 0.7265625 3.5078125 3.5703125 3.2890625 2.984375 2.7578125 158.5078125 27.3984375 1.671875 16.125 15.6171875 12.4609375 10.9765625 10.0234375 109.703125 21.9921875
20241007200000 63064.0 41.916672 -69.75 10.2890625 150.125 0.3984375 1.484375 -999.9 1.8671875 16.125 15.4453125 10.546875 7.21875 5.5390625 118.265625 28.6640625 0.890625 3.859375 3.8359375 3.6875 3.28125 3.0078125 151.578125 28.765625 1.640625 16.125 15.4453125 12.5703125 11.1953125 10.25 109.9921875 22.2578125
20241007210000 63064.0 41.916672 -69.75 10.859375 150.2265625 0.421875 1.5390625 -999.9 1.921875 14.6640625 15.03125 10.0703125 6.8515625 5.3515625 120.390625 29.2265625 1.03125 4.25 4.1484375 3.8984375 3.4765625 3.1875 149.6484375 28.796875 1.625 14.6640625 15.03125 12.5546875 11.2578125 10.3515625 110.2265625 22.1015625
20241007220000 63064.0 41.916672 -69.75 11.375 149.46875 0.453125 1.578125 -999.9 1.9765625 14.6640625 14.78125 9.640625 6.609375 5.265625 122.3671875 29.6875 1.171875 4.25 4.3515625 4.1796875 3.71875 3.40625 147.2421875 29.140625 1.59375 14.6640625 14.78125 12.5859375 11.3671875 10.5 110.515625 22.2109375
20241007230000 63064.0 41.916672 -69.75 10.7578125 158.1328125 0.421875 1.5234375 -999.9 2.015625 14.6640625 14.640625 9.390625 6.5234375 5.2578125 123.953125 30.3828125 1.1796875 4.671875 4.578125 4.0859375 3.7109375 3.4140625 153.265625 27.6328125 1.6328125 14.6640625 14.640625 12.1640625 10.78125 9.78125 110.4296875 21.4765625
20241008000000 63064.0 41.916672 -69.75 9.921875 168.3984375 0.375 1.453125 -999.9 2.0 14.6640625 14.5546875 9.375 6.59375 5.3359375 124.859375 31.296875 1.109375 4.671875 4.6171875 4.0546875 3.6953125 3.40625 161.1875 25.4453125 1.65625 14.6640625 14.5546875 11.765625 10.1875 9.0625 110.5390625 20.859375
20241008010000 63064.0 41.916672 -69.75 8.8984375 178.3671875 0.328125 1.359375 -999.9 1.953125 14.6640625 14.4921875 9.5 6.765625 5.4609375 124.5546875 31.875 0.9921875 4.671875 4.6015625 3.9765625 3.6171875 3.328125 168.953125 22.9609375 1.6796875 14.6640625 14.4921875 11.4453125 9.75 8.5859375 111.109375 20.75
20241008020000 63064.0 41.916672 -69.75 7.8046875 190.2734375 0.2734375 1.2578125 -999.9 1.890625 14.6640625 14.421875 9.71875 7.0234375 5.640625 122.734375 31.7421875 0.8203125 4.671875 4.53125 3.78125 3.421875 3.140625 177.96875 20.234375 1.703125 14.6640625 14.421875 11.078125 9.2578125 8.0625 112.328125 21.4609375
20241008030000 63064.0 41.916672 -69.75 6.484375 205.0078125 0.21875 1.140625 -999.9 1.828125 14.6640625 14.3359375 9.9765625 7.3828125 5.921875 119.7265625 30.71875 0.515625 4.25 4.046875 3.140625 2.8359375 2.6171875 192.3359375 18.2421875 1.7578125 14.6640625 14.3359375 10.5546875 8.546875 7.34375 115.328125 25.2890625
20241008040000 63064.0 41.916672 -69.75 5.0234375 228.5 0.15625 1.0 -999.9 1.78125 14.6640625 14.203125 10.21875 7.8359375 6.328125 116.25 29.0859375 0.2421875 2.640625 2.6484375 2.296875 2.1171875 1.9765625 213.6015625 15.8984375 1.765625 14.6640625 14.203125 10.3671875 8.2578125 6.96875 115.3984375 27.4765625
20241008050000 63064.0 41.916672 -69.75 4.765625 270.9296875 0.1484375 0.9453125 -999.9 1.7578125 14.6640625 14.0 10.3984375 8.28125 6.78125 112.9609375 27.5859375 0.09375 1.984375 0.0 1.8515625 1.71875 1.6171875 239.171875 10.421875 1.7578125 14.6640625 14.0 10.421875 8.3671875 6.9453125 112.90625 27.3828125
20241008060000 63064.0 41.916672 -69.75 6.0078125 301.25 0.1953125 1.015625 -999.9 1.75 13.328125 13.5078125 10.5 8.640625 7.2109375 109.984375 26.59375 0.046875 1.984375 0.0 1.75 1.6171875 1.5234375 273.7109375 24.1328125 1.75 13.328125 13.5078125 10.5078125 8.6640625 7.265625 109.9765625 26.546875
20241008070000 63064.0 41.916672 -69.75 6.5078125 313.875 0.2109375 1.0703125 -999.9 1.7578125 13.328125 13.2890625 10.5234375 8.8046875 7.3359375 107.2578125 26.125 0.1015625 1.984375 0.0 1.7734375 1.640625 1.5390625 303.2734375 17.625 1.75 13.328125 13.2890625 10.5546875 8.9453125 7.625 107.28125 25.8828125
20241008080000 63064.0 41.916672 -69.75 6.671875 318.5703125 0.2265625 1.1484375 -999.9 1.7890625 13.328125 13.171875 10.296875 8.28125 6.609375 103.765625 30.9921875 0.3359375 2.640625 2.5546875 2.359375 2.2109375 2.09375 319.5625 20.9453125 1.7578125 13.328125 13.171875 10.5859375 9.2109375 8.078125 104.796875 25.390625
20241008090000 63064.0 41.916672 -69.75 6.7265625 323.859375 0.2265625 1.1328125 -999.9 1.8046875 13.328125 13.109375 10.1953125 8.265625 6.703125 100.703125 32.9921875 0.3984375 2.8984375 2.921875 2.703125 2.53125 2.3828125 323.7734375 20.5 1.7578125 13.328125 13.109375 10.5859375 9.3828125 8.3828125 102.5625 25.0234375
20241008100000 63064.0 41.916672 -69.75 5.9453125 328.2890625 0.1953125 1.0859375 -999.9 1.8125 13.328125 13.0546875 10.140625 8.3046875 6.7890625 98.3359375 33.25 0.4140625 3.1875 3.1484375 2.796875 2.59375 2.421875 326.4296875 18.8125 1.765625 13.328125 13.0546875 10.5390625 9.4375 8.5546875 100.46875 25.359375
20241008110000 63064.0 41.916672 -69.75 6.3203125 332.8828125 0.2109375 1.1171875 -999.9 1.8125 13.328125 12.984375 10.0546875 8.25 6.7421875 96.1953125 33.5546875 0.4453125 3.1875 3.2734375 2.8984375 2.6640625 2.4765625 329.3359375 19.03125 1.7578125 13.328125 12.984375 10.5078125 9.5234375 8.75 98.8671875 24.6171875
20241008120000 63064.0 41.916672 -69.75 6.5546875 341.2890625 0.21875 1.140625 -999.9 1.8125 13.328125 12.90625 9.9140625 8.078125 6.578125 93.90625 34.65625 0.484375 3.5078125 3.421875 2.984375 2.734375 2.53125 333.3984375 19.0546875 1.75 13.328125 12.90625 10.4453125 9.515625 8.8046875 97.4140625 24.671875
20241008130000 63064.0 41.916672 -69.75 6.65625 343.25 0.2265625 1.15625 -999.9 1.8125 13.328125 12.78125 9.7578125 7.8984375 6.421875 91.703125 35.78125 0.5234375 3.5078125 3.5 3.0546875 2.796875 2.5859375 336.0625 19.984375 1.734375 13.328125 12.78125 10.3671875 9.484375 8.8359375 96.09375 24.71875
20241008140000 63064.0 41.916672 -69.75 7.015625 339.25 0.2421875 1.1953125 -999.9 1.8046875 12.1171875 12.1328125 9.5703125 7.671875 6.2265625 89.34375 37.390625 0.5859375 3.859375 3.6875 3.171875 2.8984375 2.6796875 336.2890625 21.328125 1.7109375 12.1171875 12.1328125 10.3125 9.484375 8.8984375 95.0234375 23.8984375
20241008150000 63064.0 41.916672 -69.75 7.2109375 334.140625 0.25 1.2109375 -999.9 1.8046875 12.1171875 11.8828125 9.3828125 7.453125 6.046875 86.9453125 39.15625 0.6328125 3.859375 3.7890625 3.2890625 3.0 2.765625 335.7578125 21.546875 1.6953125 12.1171875 11.8828125 10.234375 9.4140625 8.8203125 93.9453125 23.6015625
20241008160000 63064.0 41.916672 -69.75 7.4453125 328.1015625 0.2578125 1.2265625 -999.9 1.8046875 12.1171875 11.8203125 9.2109375 7.265625 5.90625 84.75 40.75 0.671875 3.859375 3.875 3.3828125 3.078125 2.84375 334.15625 21.421875 1.671875 12.1171875 11.8203125 10.140625 9.2734375 8.609375 92.828125 23.640625
20241008170000 63064.0 41.916672 -69.75 7.40625 323.6328125 0.2578125 1.2265625 -999.9 1.7890625 12.1171875 11.7890625 9.078125 7.140625 5.828125 82.9609375 41.78125 0.6796875 3.859375 3.9921875 3.421875 3.109375 2.8671875 331.953125 21.03125 1.65625 12.1171875 11.7890625 10.015625 9.1015625 8.4140625 91.453125 24.46875
20241008180000 63064.0 41.916672 -69.75 6.9375 320.203125 0.2421875 1.1875 -999.9 1.765625 12.1171875 11.765625 9.0390625 7.140625 5.8515625 82.21875 41.3984375 0.6171875 4.25 4.0625 3.3515625 3.0390625 2.796875 328.6171875 19.84375 1.65625 12.1171875 11.765625 9.828125 8.8046875 8.0546875 89.375 26.9453125
20241008190000 63064.0 41.916672 -69.75 6.171875 316.921875 0.203125 1.1171875 -999.9 1.734375 12.1171875 11.7421875 9.078125 7.265625 5.984375 82.46875 39.65625 0.4921875 3.859375 3.84375 3.09375 2.796875 2.578125 323.578125 18.9921875 1.6640625 12.1171875 11.7421875 9.609375 8.4453125 7.625 86.8046875 30.5
20241008200000 63064.0 41.916672 -69.75 5.46875 313.4453125 0.1796875 1.046875 -999.9 1.6953125 12.1171875 11.7265625 9.1640625 7.4375 6.1796875 83.1015625 37.3828125 0.3359375 3.5078125 3.34375 2.5859375 2.3671875 2.203125 318.4453125 19.7734375 1.65625 12.1171875 11.7265625 9.4375 8.1640625 7.296875 84.90625 33.15625
20241008210000 63064.0 41.916672 -69.75 4.7734375 311.015625 0.1484375 0.984375 -999.9 1.65625 12.1171875 11.6953125 9.25 7.640625 6.4140625 83.8515625 35.0546875 0.2421875 2.640625 2.625 2.28125 2.109375 1.96875 314.9296875 18.2578125 1.6328125 12.1171875 11.6953125 9.40625 8.109375 7.2265625 84.671875 32.84375
20241008220000 63064.0 41.916672 -69.75 3.9375 312.765625 0.1171875 0.90625 -999.9 1.6171875 12.1171875 11.6640625 9.34375 7.859375 6.6953125 84.6484375 32.8046875 0.140625 2.1796875 2.21875 1.9140625 1.7890625 1.6875 313.6796875 14.90625 1.609375 12.1171875 11.6640625 9.40625 8.078125 7.125 84.8515625 32.2109375
20241008230000 63064.0 41.916672 -69.75 2.9375 309.3828125 0.0859375 0.8046875 -999.9 1.578125 12.1171875 11.6171875 9.421875 8.0546875 6.96875 85.4140625 30.8125 0.0 1.0 0.0 1.0 1.0 1.0 180.0 0.0 1.578125 12.1171875 11.6171875 9.421875 8.0546875 6.96875 85.4140625 30.8125
20241009000000 63064.0 41.916672 -69.75 1.953125 302.6015625 0.0546875 0.703125 -999.9 1.546875 12.1171875 11.5546875 9.4765625 8.203125 7.171875 86.0703125 29.1015625 0.0 1.0 0.0 1.0 1.0 1.0 180.0 0.0 1.546875 12.1171875 11.5546875 9.4765625 8.203125 7.171875 86.0703125 29.1015625
20241009010000 63064.0 41.916672 -69.75 0.7109375 260.7578125 0.015625 0.53125 -999.9 1.515625 11.015625 11.421875 9.515625 8.3046875 7.3359375 86.640625 27.625 0.0 1.0 0.0 1.0 1.0 1.0 180.0 0.0 1.515625 11.015625 11.421875 9.515625 8.3046875 7.3359375 86.640625 27.625
20241009020000 63064.0 41.916672 -69.75 1.625 180.7265625 0.0390625 0.65625 -999.9 1.484375 11.015625 11.3046875 9.53125 8.390625 7.46875 87.140625 26.3359375 0.0 1.0 0.0 1.0 1.0 1.0 180.0 0.0 1.484375 11.015625 11.3046875 9.53125 8.390625 7.46875 87.140625 26.3359375
20241009030000 63064.0 41.916672 -69.75 3.046875 171.59375 0.0859375 0.796875 -999.9 1.453125 11.015625 11.2109375 9.5390625 8.453125 7.578125 87.578125 25.1796875 0.0 1.0 0.0 1.0 1.0 1.0 180.0 0.0 1.453125 11.015625 11.2109375 9.5390625 8.453125 7.578125 87.578125 25.1796875
20241009040000 63064.0 41.916672 -69.75 4.046875 175.171875 0.1171875 0.8828125 -999.9 1.421875 11.015625 11.140625 9.5390625 8.5078125 7.6796875 87.9375 24.1484375 0.0078125 2.3984375 2.3671875 2.1796875 2.09375 2.0078125 176.390625 11.765625 1.421875 11.015625 11.140625 9.5390625 8.5078125 7.6796875 87.9375 24.1484375
20241009050000 63064.0 41.916672 -69.75 4.6171875 181.5078125 0.140625 0.921875 -999.9 1.390625 11.015625 11.0859375 9.53125 8.5546875 7.765625 88.21875 23.265625 0.015625 2.8984375 2.7734375 2.46875 2.3359375 2.21875 177.4375 12.8203125 1.390625 11.015625 11.0859375 9.53125 8.5546875 7.7734375 88.203125 23.25
20241009060000 63064.0 41.916672 -69.75 4.90625 191.2890625 0.1484375 0.9453125 -999.9 1.3515625 11.015625 11.0390625 9.515625 8.578125 7.8359375 88.40625 22.5234375 0.0234375 2.8984375 2.78125 2.3046875 2.1015625 1.9453125 182.1328125 12.65625 1.3515625 11.015625 11.0390625 9.5234375 8.5859375 7.8515625 88.3984375 22.4921875
20241009070000 63064.0 41.916672 -69.75 5.1484375 202.2109375 0.15625 0.9609375 -999.9 1.3203125 11.015625 11.0 9.4921875 8.59375 7.8671875 88.53125 21.921875 0.03125 1.984375 0.0 2.015625 1.828125 1.6953125 187.6484375 14.625 1.3203125 11.015625 11.0 9.5 8.609375 7.9140625 88.515625 21.875
20241009080000 63064.0 41.916672 -69.75 5.65625 214.1875 0.1796875 1.0 -999.9 1.2890625 11.015625 10.9609375 9.4609375 8.5703125 7.8359375 88.609375 21.4609375 0.046875 1.984375 0.0 1.8359375 1.6875 1.578125 197.7734375 17.203125 1.2890625 11.015625 10.9609375 9.4765625 8.6171875 7.9609375 88.5859375 21.375
20241009090000 63064.0 41.916672 -69.75 6.125 239.609375 0.1953125 1.03125 -999.9 1.2578125 11.015625 10.9140625 9.4140625 8.484375 7.625 88.6796875 21.203125 0.078125 1.984375 0.0 1.7421875 1.6171875 1.515625 215.5625 19.078125 1.25 11.015625 10.9140625 9.4453125 8.625 8.0 88.6328125 20.96875
20241009100000 63064.0 41.916672 -69.75 4.953125 243.890625 0.15625 0.9765625 -999.9 1.2265625 11.015625 10.875 9.34375 8.28125 7.15625 88.765625 21.28125 0.1171875 1.984375 0.0 1.7265625 1.609375 1.5078125 228.2578125 18.6328125 1.21875 11.015625 10.875 9.4140625 8.609375 8.0 88.6796875 20.6796875
20241009110000 63064.0 41.916672 -69.75 3.828125 220.734375 0.1171875 0.890625 -999.9 1.203125 11.015625 10.828125 9.2890625 8.203125 7.0546875 88.9453125 21.5 0.1171875 1.984375 0.0 1.7109375 1.59375 1.5078125 217.7734375 14.8828125 1.1953125 11.015625 10.828125 9.359375 8.53125 7.8828125 88.84375 20.953125
20241009120000 63064.0 41.916672 -69.75 4.6640625 191.4140625 0.140625 0.953125 -999.9 1.171875 11.015625 10.7734375 9.234375 8.171875 7.078125 89.1953125 21.7265625 0.1328125 1.984375 0.0 1.9765625 1.8125 1.6875 199.2265625 15.640625 1.1640625 11.015625 10.7734375 9.328125 8.5546875 7.953125 88.8515625 20.5078125
20241009130000 63064.0 41.916672 -69.75 5.3046875 206.84375 0.171875 1.03125 -999.9 1.15625 11.015625 10.71875 9.1328125 7.8671875 6.5078125 89.5390625 22.375 0.1796875 1.984375 0.0 1.9765625 1.8046875 1.6796875 200.25 15.6015625 1.140625 11.015625 10.71875 9.3046875 8.5859375 8.0859375 88.8828125 20.046875
20241009140000 63064.0 41.916672 -69.75 5.6953125 263.2265625 0.1796875 1.015625 -999.9 1.1328125 11.015625 10.6484375 9.046875 7.6875 6.2890625 89.921875 23.53125 0.1328125 1.984375 0.0 1.84375 1.7109375 1.609375 227.578125 16.0 1.125 11.015625 10.6484375 9.140625 8.078125 7.0234375 89.6953125 22.2109375
20241009150000 63064.0 41.916672 -69.75 7.1640625 300.03125 0.234375 1.1015625 -999.9 1.1015625 11.015625 10.5625 9.0859375 7.9296875 6.703125 89.4765625 22.3984375 0.09375 1.984375 0.0 1.8984375 1.7421875 1.625 289.7890625 32.171875 1.1015625 11.015625 10.5625 9.140625 8.140625 7.125 89.53125 21.625
20241009160000 63064.0 41.916672 -69.75 6.3125 306.84375 0.2109375 1.1484375 -999.9 1.1171875 10.015625 10.4375 8.625 6.71875 5.1640625 86.9765625 31.96875 0.3125 2.3984375 2.3671875 2.1796875 2.0234375 1.8984375 309.078125 21.1953125 1.0703125 10.015625 10.4375 9.1640625 8.3515625 7.6171875 89.21875 20.65625
20241009170000 63064.0 41.916672 -69.75 5.125 301.5078125 0.1640625 1.0078125 -999.9 1.09375 10.015625 10.3125 8.578125 6.9296875 5.6171875 85.3984375 34.078125 0.28125 2.640625 2.6953125 2.3984375 2.25 2.1171875 310.59375 18.6875 1.0625 10.015625 10.3125 9.015625 8.109375 7.390625 87.8203125 24.4453125
20241009180000 63064.0 41.916672 -69.75 3.90625 294.5390625 0.1171875 0.8984375 -999.9 1.0703125 10.015625 10.2265625 8.65625 7.2265625 6.046875 85.8125 31.71875 0.1328125 2.1796875 2.2265625 1.8984375 1.7734375 1.671875 297.0703125 15.140625 1.0625 10.015625 10.2265625 8.7578125 7.578125 6.6796875 86.0625 30.4140625
20241009190000 63064.0 41.916672 -69.75 3.296875 283.078125 0.09375 0.8359375 -999.9 1.046875 10.015625 10.15625 8.671875 7.3984375 6.3515625 86.5390625 30.1875 0.046875 1.984375 0.0 1.6484375 1.546875 1.4609375 282.828125 6.7890625 1.046875 10.015625 10.15625 8.6796875 7.453125 6.453125 86.546875 30.1328125
20241009200000 63064.0 41.916672 -69.75 3.2109375 266.8203125 0.09375 0.8203125 -999.9 1.03125 10.015625 10.09375 8.625 7.4375 6.484375 87.4296875 29.640625 0.0 1.0 0.0 1.0 1.0 1.0 180.0 0.0 1.03125 10.015625 10.09375 8.625 7.4375 6.484375 87.4296875 29.640625
20241009210000 63064.0 41.916672 -69.75 3.8828125 256.2265625 0.1171875 0.8671875 -999.9 1.015625 10.015625 10.046875 8.5625 7.4140625 6.53125 88.296875 29.546875 0.03125 1.984375 0.0 1.6953125 1.5859375 1.4921875 281.625 8.484375 1.015625 10.015625 10.046875 8.5625 7.4375 6.578125 88.296875 29.5078125
20241009220000 63064.0 41.916672 -69.75 4.875 251.265625 0.1484375 0.9453125 -999.9 1.0 10.015625 10.0 8.5 7.375 6.5234375 88.953125 29.515625 0.0390625 1.984375 0.0 1.7578125 1.6328125 1.5390625 272.953125 31.828125 1.0 10.015625 10.0 8.5078125 7.4140625 6.6015625 88.9609375 29.4375
20241009230000 63064.0 41.916672 -69.75 5.1796875 245.1796875 0.1640625 0.9609375 -999.9 0.984375 10.015625 9.9609375 8.4453125 7.328125 6.4765625 89.4375 29.375 0.046875 1.984375 0.0 1.7890625 1.6640625 1.5625 236.53125 34.7265625 0.984375 10.015625 9.9609375 8.4609375 7.3828125 6.6015625 89.4140625 29.2421875
20241010000000 63064.0 41.916672 -69.75 5.5625 259.765625 0.1796875 1.0 -999.9 0.96875 10.015625 9.90625 8.3828125 7.2109375 6.2734375 89.734375 29.3359375 0.078125 1.984375 0.0 1.7734375 1.6484375 1.546875 280.078125 26.2109375 0.9609375 10.015625 9.90625 8.4296875 7.375 6.625 89.75 28.9296875
20241010010000 63064.0 41.916672 -69.75 6.1015625 283.390625 0.203125 1.1015625 -999.9 0.96875 10.015625 9.8515625 8.125 6.5 5.1796875 89.2265625 32.3203125 0.21875 1.984375 0.0 2.109375 1.8984375 1.7578125 305.0078125 20.515625 0.9375 10.015625 9.8515625 8.453125 7.484375 6.796875 90.2734375 27.0234375
20241010020000 63064.0 41.916672 -69.75 6.03125 306.1015625 0.203125 1.09375 -999.9 0.984375 10.015625 9.7734375 7.7265625 5.90625 4.734375 84.9453125 41.59375 0.34375 2.8984375 2.8515625 2.5546875 2.3515625 2.1953125 315.6875 19.15625 0.921875 10.015625 9.7734375 8.46875 7.5390625 6.859375 90.453125 25.8828125
20241010030000 63064.0 41.916672 -69.75 5.953125 315.109375 0.1953125 1.0859375 -999.9 0.984375 10.015625 9.671875 7.4921875 5.6953125 4.6328125 80.4375 45.765625 0.3984375 3.1875 3.1796875 2.78125 2.5625 2.390625 320.8125 18.09375 0.90625 10.015625 9.671875 8.4140625 7.484375 6.8125 89.53125 27.171875
20241010040000 63064.0 41.916672 -69.75 5.859375 319.9765625 0.1953125 1.0859375 -999.9 0.984375 10.015625 9.546875 7.359375 5.578125 4.5546875 77.3046875 47.6640625 0.4140625 3.5078125 3.34375 2.84375 2.609375 2.4296875 322.703125 17.8828125 0.890625 10.015625 9.546875 8.34375 7.4140625 6.7890625 88.21875 29.265625
20241010050000 63064.0 41.916672 -69.75 5.5546875 318.625 0.1796875 1.0546875 -999.9 0.96875 9.1015625 9.40625 7.328125 5.5703125 4.5625 76.125 47.8359375 0.390625 3.5078125 3.359375 2.78125 2.5546875 2.375 322.734375 17.828125 0.8828125 9.1015625 9.40625 8.21875 7.2578125 6.640625 86.28125 32.5078125
20241010060000 63064.0 41.916672 -69.75 6.2109375 310.40625 0.203125 1.109375 -999.9 0.953125 9.1015625 9.3203125 7.2578125 5.46875 4.4609375 74.8359375 48.5703125 0.421875 3.5078125 3.4140625 2.8671875 2.625 2.4375 322.7734375 18.140625 0.859375 9.1015625 9.3203125 8.3203125 7.4140625 6.796875 87.1640625 29.0390625
20241010070000 63064.0 41.916672 -69.75 7.3125 310.1875 0.2578125 1.203125 -999.9 0.96875 9.1015625 9.2578125 6.9765625 5.1484375 4.203125 69.4140625 52.3671875 0.5 3.5078125 3.4296875 2.96875 2.71875 2.5234375 323.875 19.65625 0.828125 9.1015625 9.2578125 8.4453125 7.640625 7.0703125 88.5 25.125
20241010080000 63064.0 41.916672 -69.75 8.3359375 306.421875 0.3046875 1.3046875 -999.9 1.0078125 9.1015625 9.2109375 6.5546875 4.78125 3.9453125 57.9921875 57.6015625 0.59375 3.5078125 3.484375 3.078125 2.8203125 2.6171875 321.953125 21.34375 0.8125 9.1015625 9.2109375 8.4453125 7.671875 7.1171875 88.0078125 24.7578125
20241010090000 63064.0 41.916672 -69.75 7.96875 313.328125 0.2890625 1.28125 -999.9 1.03125 9.1015625 9.171875 6.3203125 4.6484375 3.8828125 47.78125 59.796875 0.65625 3.859375 3.6796875 3.21875 2.9375 2.7265625 322.4140625 22.28125 0.7890625 9.1015625 9.171875 8.46875 7.7578125 7.265625 87.71875 24.5703125
20241010100000 63064.0 41.916672 -69.75 8.171875 324.171875 0.296875 1.296875 -999.9 1.046875 9.1015625 9.1328125 6.140625 4.5546875 3.84375 38.4609375 59.8671875 0.7109375 3.859375 3.8125 3.34375 3.0546875 2.8203125 326.0390625 21.8984375 0.7734375 9.1015625 9.1328125 8.5234375 7.8671875 7.421875 88.125 23.78125
20241010110000 63064.0 41.916672 -69.75 9.1328125 326.546875 0.34375 1.3828125 -999.9 1.109375 9.1015625 9.09375 5.8359375 4.40625 3.7734375 23.890625 59.265625 0.8125 3.859375 3.953125 3.4921875 3.1875 2.9453125 328.296875 22.109375 0.75 9.1015625 9.09375 8.546875 7.9453125 7.5390625 88.0234375 22.6796875
20241010120000 63064.0 41.916672 -69.75 10.046875 327.875 0.3828125 1.46875 -999.9 1.203125 9.1015625 9.0546875 5.5234375 4.3125 3.7578125 7.8671875 56.890625 0.953125 4.25 4.21875 3.71875 3.390625 3.125 329.5859375 22.703125 0.734375 9.1015625 9.0546875 8.5546875 7.96875 7.5859375 87.7265625 22.4609375
20241010130000 63064.0 41.916672 -69.75 10.3515625 327.234375 0.3984375 1.4921875 -999.9 1.3125 4.671875 4.5703125 5.3671875 4.3359375 3.8359375 357.859375 53.578125 1.09375 4.671875 4.5625 3.96875 3.6171875 3.328125 330.3671875 23.0078125 0.7265625 9.1015625 8.9921875 8.5078125 7.8984375 7.46875 86.8125 23.3984375
20241010140000 63064.0 41.916672 -69.75 10.1484375 325.7734375 0.390625 1.4765625 -999.9 1.3828125 4.671875 4.8203125 5.34375 4.4140625 3.921875 353.390625 51.03125 1.1796875 4.671875 4.7890625 4.1875 3.796875 3.4921875 330.8125 22.8125 0.7265625 9.1015625 8.921875 8.3984375 7.6796875 7.09375 85.21875 24.859375
20241010150000 63064.0 41.916672 -69.75 9.90625 324.2421875 0.375 1.453125 -999.9 1.4140625 5.140625 5.0390625 5.359375 4.46875 3.984375 351.8125 49.390625 1.2109375 5.140625 5.0234375 4.3203125 3.9140625 3.5859375 331.078125 22.3984375 0.7265625 9.1015625 8.8046875 8.25 7.46875 6.8359375 82.3515625 27.53125
20241010160000 63064.0 41.916672 -69.75 9.59375 325.375 0.359375 1.421875 -999.9 1.4140625 5.140625 5.109375 5.3828125 4.5078125 4.015625 352.3671875 48.5 1.2109375 5.140625 5.078125 4.3828125 3.953125 3.6171875 331.9453125 22.1328125 0.734375 8.2734375 8.625 8.125 7.3046875 6.671875 79.4921875 30.4609375
20241010170000 63064.0 41.916672 -69.75 8.78125 324.1875 0.3203125 1.3515625 -999.9 1.3671875 5.140625 5.15625 5.4296875 4.5390625 4.0390625 355.1953125 48.6015625 1.125 5.140625 5.09375 4.328125 3.8984375 3.5625 331.5234375 21.21875 0.78125 8.2734375 8.4765625 7.7265625 6.8828125 6.3046875 69.4453125 37.8671875
20241010180000 63064.0 41.916672 -69.75 8.3828125 319.328125 0.3046875 1.3125 -999.9 1.3046875 5.140625 5.1640625 5.4765625 4.5390625 4.0234375 358.96875 49.3671875 1.0 5.140625 5.0390625 4.1875 3.765625 3.4375 329.7578125 20.6796875 0.8359375 8.2734375 8.390625 7.3515625 6.4921875 5.921875 59.1171875 41.5625
20241010190000 63064.0 41.916672 -69.75 8.4765625 316.1015625 0.3046875 1.3125 -999.9 1.25 5.140625 5.125 5.4765625 4.5 3.9765625 1.546875 50.0859375 0.9296875 5.140625 4.9921875 4.0625 3.640625 3.328125 328.6484375 20.796875 0.8359375 8.2734375 8.3359375 7.2421875 6.375 5.8359375 56.921875 41.5234375
20241010200000 63064.0 41.916672 -69.75 9.3984375 313.59375 0.3515625 1.3984375 -999.9 1.25 5.140625 5.0546875 5.375 4.3984375 3.890625 359.71875 50.234375 0.984375 5.140625 4.9296875 4.0625 3.6484375 3.328125 329.6015625 22.09375 0.78125 8.2734375 8.3046875 7.453125 6.5625 5.9921875 64.5859375 37.671875
20241010210000 63064.0 41.916672 -69.75 10.21875 313.796875 0.390625 1.46875 -999.9 1.3046875 5.140625 4.9609375 5.234375 4.328125 3.8515625 354.578125 49.3203125 1.0703125 4.671875 4.8046875 4.09375 3.6875 3.3828125 329.671875 23.3984375 0.7421875 8.2734375 8.2734375 7.625 6.7578125 6.2109375 68.3203125 35.8046875
20241010220000 63064.0 41.916672 -69.75 10.21875 319.140625 0.390625 1.4765625 -999.9 1.359375 5.140625 5.0 5.1875 4.3359375 3.875 351.46875 47.7109375 1.15625 5.140625 4.921875 4.1953125 3.796875 3.484375 331.234375 23.9609375 0.7109375 8.2734375 8.2578125 7.8203125 7.0078125 6.46875 72.140625 34.375
20241010230000 63064.0 41.916672 -69.75 10.8828125 320.1328125 0.4296875 1.5390625 -999.9 1.421875 5.140625 5.0546875 5.140625 4.34375 3.8984375 348.7734375 45.7890625 1.25 5.140625 5.015625 4.3125 3.8984375 3.5703125 332.65625 24.1953125 0.671875 8.2734375 8.2421875 8.046875 7.25 6.7109375 77.1015625 31.03125
20241011000000 63064.0 41.916672 -69.75 11.75 322.84375 0.46875 1.6015625 -999.9 1.515625 5.140625 5.125 5.1328125 4.4140625 3.9921875 345.921875 43.1875 1.3828125 5.140625 5.109375 4.4609375 4.0546875 3.734375 333.8203125 24.3046875 0.6328125 8.2734375 8.2265625 8.3046875 7.5390625 7.015625 81.609375 27.328125
20241011010000 63064.0 41.916672 -69.75 11.71875 326.546875 0.46875 1.609375 -999.9 1.609375 5.140625 5.375 5.1875 4.5 4.0859375 344.8203125 40.859375 1.4921875 5.140625 5.34375 4.6328125 4.2109375 3.8671875 335.0390625 24.171875 0.6171875 8.2734375 8.203125 8.3671875 7.5859375 7.03125 82.1953125 27.890625
20241011020000 63064.0 41.916672 -69.75 11.34375 327.453125 0.453125 1.578125 -999.9 1.6640625 5.65625 5.5546875 5.2734375 4.6015625 4.171875 344.9296875 39.390625 1.5390625 5.65625 5.53125 4.78125 4.328125 3.96875 335.8359375 23.7734375 0.625 8.2734375 8.1328125 8.2578125 7.4140625 6.8203125 78.5546875 31.1015625
20241011030000 63064.0 41.916672 -69.75 11.1640625 322.9375 0.4453125 1.5625 -999.9 1.6875 5.65625 5.640625 5.3359375 4.65625 4.2109375 344.484375 38.8203125 1.5390625 5.65625 5.59375 4.8203125 4.3515625 3.984375 334.234375 23.1875 0.6953125 6.8359375 7.015625 7.8671875 7.0234375 6.4375 65.046875 36.5703125
20241011040000 63064.0 41.916672 -69.75 11.3515625 318.7265625 0.453125 1.578125 -999.9 1.7109375 5.65625 5.734375 5.3828125 4.6875 4.2421875 343.40625 38.484375 1.5546875 5.65625 5.65625 4.875 4.390625 4.015625 333.0703125 23.390625 0.7109375 6.8359375 7.0234375 7.7734375 6.9140625 6.3046875 60.109375 37.3984375
20241011050000 63064.0 41.916672 -69.75 11.421875 315.53125 0.453125 1.5859375 -999.9 1.7265625 5.65625 5.84375 5.40625 4.71875 4.265625 342.4140625 38.2578125 1.5390625 5.65625 5.6796875 4.859375 4.375 3.9921875 330.8984375 23.3203125 0.78125 6.8359375 6.8671875 7.546875 6.8046875 6.3125 48.5 39.078125
20241011060000 63064.0 41.916672 -69.75 11.4453125 314.4453125 0.453125 1.59375 -999.9 1.734375 6.21875 5.921875 5.421875 4.7265625 4.2734375 341.90625 38.109375 1.5390625 5.65625 5.703125 4.8671875 4.375 3.9921875 330.390625 23.7421875 0.7890625 6.8359375 6.859375 7.5546875 6.84375 6.3828125 45.3828125 39.40625
20241011070000 63064.0 41.916672 -69.75 11.40625 314.4609375 0.453125 1.5859375 -999.9 1.71875 6.21875 5.9296875 5.421875 4.71875 4.2578125 341.5703125 38.0 1.53125 5.65625 5.6953125 4.8515625 4.359375 3.984375 330.2734375 24.03125 0.78125 6.8359375 6.84375 7.59375 6.8828125 6.4296875 44.0703125 39.8671875
20241011080000 63064.0 41.916672 -69.75 11.1796875 314.4609375 0.4453125 1.5625 -999.9 1.6875 5.65625 5.875 5.3984375 4.6953125 4.234375 341.3203125 38.0078125 1.5078125 5.65625 5.6796875 4.828125 4.3359375 3.9609375 330.2890625 24.0859375 0.765625 6.8359375 6.8515625 7.6328125 6.875 6.3671875 44.171875 40.6015625
20241011090000 63064.0 41.916672 -69.75 10.8671875 315.140625 0.4296875 1.5546875 -999.9 1.640625 5.65625 5.796875 5.359375 4.625 4.15625 341.0625 38.1484375 1.4609375 5.65625 5.65625 4.75 4.2578125 3.875 329.8515625 23.859375 0.7578125 6.8359375 6.8203125 7.59375 6.8046875 6.28125 42.4375 41.7421875
20241011100000 63064.0 41.916672 -69.75 9.7890625 314.171875 0.375 1.453125 -999.9 1.5546875 5.65625 5.75 5.3515625 4.6015625 4.125 341.828125 38.7890625 1.3125 5.65625 5.546875 4.6015625 4.125 3.7578125 327.6484375 22.90625 0.8203125 6.8359375 6.6015625 7.2734375 6.53125 6.046875 32.0234375 41.9609375
20241011110000 63064.0 41.916672 -69.75 9.59375 311.765625 0.359375 1.421875 -999.9 1.453125 5.65625 5.6875 5.3125 4.5234375 4.046875 342.546875 39.9140625 1.1953125 5.65625 5.4609375 4.453125 3.984375 3.625 326.2109375 22.578125 0.8203125 6.21875 6.3828125 7.1484375 6.3671875 5.8828125 29.8046875 42.265625
20241011120000 63064.0 41.916672 -69.75 9.5546875 310.65625 0.359375 1.421875 -999.9 1.3828125 5.65625 5.59375 5.25 4.4296875 3.9609375 342.5859375 41.0078125 1.140625 5.140625 5.3125 4.3359375 3.8828125 3.5390625 325.921875 22.828125 0.78125 6.21875 6.234375 7.1796875 6.3359375 5.8359375 32.109375 43.625
20241011130000 63064.0 41.916672 -69.75 8.953125 306.859375 0.328125 1.3671875 -999.9 1.3046875 5.65625 5.4765625 5.21875 4.3671875 3.8984375 343.125 42.5390625 1.0 5.140625 5.0625 4.109375 3.6796875 3.359375 321.9453125 22.3359375 0.828125 6.21875 6.0 6.859375 6.0390625 5.578125 24.8359375 43.625
20241011140000 63064.0 41.916672 -69.75 8.6484375 298.4453125 0.3125 1.3359375 -999.9 1.2109375 5.140625 5.34375 5.2109375 4.3046875 3.8203125 343.8203125 44.9140625 0.8515625 5.140625 4.9453125 3.8203125 3.4140625 3.125 315.8515625 22.3046875 0.859375 5.65625 5.6875 6.578125 5.7578125 5.3203125 18.6484375 44.0625
20241011150000 63064.0 41.916672 -69.75 8.1015625 292.078125 0.2890625 1.2890625 -999.9 1.1171875 5.140625 5.21875 5.234375 4.25 3.7578125 345.1015625 47.78125 0.703125 4.671875 4.53125 3.484375 3.125 2.875 308.7421875 22.5703125 0.8671875 5.65625 5.40625 6.390625 5.5546875 5.1484375 14.328125 45.5546875
20241011160000 63064.0 41.916672 -69.75 7.7578125 285.8515625 0.2734375 1.25 -999.9 1.03125 5.140625 5.1171875 5.2890625 4.203125 3.703125 347.0390625 50.9609375 0.6015625 3.5078125 3.515625 3.234375 2.9140625 2.6875 302.578125 22.65625 0.84375 5.140625 5.203125 6.3359375 5.421875 5.0 14.3125 47.78125
20241011170000 63064.0 41.916672 -69.75 7.9375 279.84375 0.28125 1.2578125 -999.9 0.96875 5.140625 5.0078125 5.328125 4.140625 3.625 348.0703125 54.453125 0.546875 3.1875 3.3125 3.0703125 2.78125 2.5703125 297.953125 23.40625 0.796875 5.140625 5.0703125 6.40625 5.3984375 4.953125 17.6484375 50.5234375
20241011180000 63064.0 41.916672 -69.75 7.7578125 272.7265625 0.2734375 1.2421875 -999.9 0.9140625 4.671875 4.8359375 5.390625 4.1015625 3.5625 349.0625 58.0234375 0.4921875 3.1875 3.125 2.875 2.625 2.4453125 290.15625 23.6796875 0.765625 4.671875 4.8828125 6.4296875 5.3359375 4.8828125 19.125 53.1875
20241011190000 63064.0 41.916672 -69.75 7.546875 262.1171875 0.265625 1.21875 -999.9 0.8671875 4.671875 4.6796875 5.484375 4.0859375 3.53125 351.0078125 61.9375 0.4453125 2.8984375 2.9765625 2.71875 2.5078125 2.34375 279.9609375 24.2109375 0.7421875 4.671875 4.6875 6.46875 5.265625 4.7734375 21.328125 55.8828125
20241011200000 63064.0 41.916672 -69.75 7.8125 252.3125 0.2734375 1.234375 -999.9 0.828125 12.1171875 12.03125 5.5390625 4.03125 3.46875 350.546875 66.9921875 0.4296875 2.8984375 2.96875 2.640625 2.4453125 2.296875 266.921875 26.015625 0.703125 12.1171875 12.03125 6.609375 5.3046875 4.78125 26.84375 58.546875
20241011210000 63064.0 41.916672 -69.75 7.984375 247.9609375 0.28125 1.2421875 -999.9 0.8125 12.1171875 12.0 5.515625 3.96875 3.421875 339.59375 73.546875 0.4609375 3.1875 3.09375 2.7265625 2.5390625 2.390625 252.421875 28.25 0.6640625 12.1171875 12.0 6.8671875 5.453125 4.8828125 37.84375 60.46875
20241011220000 63064.0 41.916672 -69.75 6.9296875 241.859375 0.234375 1.15625 -999.9 0.78125 12.1171875 11.96875 5.625 4.0234375 3.46875 328.1015625 79.5859375 0.4453125 3.1875 3.078125 2.75 2.5703125 2.421875 237.5625 25.6953125 0.640625 12.1171875 11.96875 6.984375 5.484375 4.875 50.0234375 63.734375
20241011230000 63064.0 41.916672 -69.75 7.53125 243.3125 0.2578125 1.203125 -999.9 0.7734375 12.1171875 11.9375 5.640625 3.9921875 3.4296875 178.4296875 77.609375 0.4609375 2.8984375 3.0078125 2.796875 2.6015625 2.4453125 232.9140625 27.78125 0.6171875 12.1171875 11.9375 7.234375 5.7109375 5.0859375 68.1015625 63.5234375
20241012000000 63064.0 41.916672 -69.75 8.078125 246.875 0.2890625 1.25 -999.9 0.78125 12.1171875 11.90625 5.4921875 3.8828125 3.34375 191.0390625 73.875 0.5078125 3.1875 3.0703125 2.8359375 2.640625 2.4765625 234.96875 29.8828125 0.6015625 12.1171875 11.90625 7.375 5.8359375 5.203125 83.765625 62.921875
20241012010000 63064.0 41.916672 -69.75 8.4609375 250.0859375 0.3046875 1.2890625 -999.9 0.8125 12.1171875 11.875 5.3203125 3.7890625 3.28125 204.25 71.234375 0.5546875 3.1875 3.1875 2.8984375 2.6875 2.5234375 241.2578125 31.953125 0.59375 12.1171875 11.875 7.4453125 5.890625 5.2421875 96.8828125 61.734375
20241012020000 63064.0 41.916672 -69.75 9.03125 254.296875 0.328125 1.3359375 -999.9 0.84375 12.1171875 11.828125 5.15625 3.7109375 3.234375 217.5703125 68.953125 0.609375 3.1875 3.265625 2.96875 2.75 2.578125 247.390625 32.6484375 0.578125 12.1171875 11.828125 7.59375 6.0625 5.4140625 104.65625 59.875
20241012030000 63064.0 41.916672 -69.75 9.3515625 255.65625 0.34375 1.375 -999.9 0.875 3.5078125 3.4765625 5.0625 3.6796875 3.21875 225.640625 66.90625 0.65625 3.5078125 3.40625 3.0390625 2.8125 2.625 251.1484375 32.8203125 0.5703125 12.1171875 11.7578125 7.7265625 6.1953125 5.5390625 110.2421875 58.5625
20241012040000 63064.0 41.916672 -69.75 9.4453125 252.6171875 0.3515625 1.390625 -999.9 0.890625 3.5078125 3.515625 5.03125 3.6796875 3.21875 226.2265625 65.234375 0.6875 3.5078125 3.4375 3.09375 2.859375 2.6640625 248.3125 33.1171875 0.5703125 12.1171875 11.6484375 7.828125 6.2578125 5.5546875 110.0078125 59.4375
20241012050000 63064.0 41.916672 -69.75 9.7734375 249.09375 0.3671875 1.421875 -999.9 0.921875 3.5078125 3.578125 4.9921875 3.671875 3.2265625 222.84375 62.9765625 0.7265625 3.5078125 3.484375 3.15625 2.9140625 2.7109375 242.796875 33.640625 0.5703125 11.015625 11.3671875 7.9765625 6.390625 5.6796875 110.359375 59.7421875
20241012060000 63064.0 41.916672 -69.75 10.3984375 246.328125 0.3984375 1.4765625 -999.9 0.9765625 3.859375 3.7421875 4.921875 3.671875 3.2421875 219.3828125 59.71875 0.7890625 3.5078125 3.640625 3.25 2.984375 2.7734375 237.328125 33.6015625 0.5703125 11.015625 11.109375 8.0859375 6.5078125 5.7890625 114.03125 59.3671875
20241012070000 63064.0 41.916672 -69.75 10.9140625 242.2890625 0.4296875 1.53125 -999.9 1.046875 3.859375 3.828125 4.8515625 3.703125 3.28125 216.046875 55.78125 0.875 3.859375 3.7890625 3.375 3.1015625 2.875 231.625 33.2421875 0.5703125 11.015625 10.984375 8.265625 6.6953125 5.9296875 117.9453125 57.9765625
20241012080000 63064.0 41.916672 -69.75 11.6484375 242.234375 0.46875 1.609375 -999.9 1.1328125 4.25 4.0625 4.796875 3.7421875 3.3359375 214.7734375 52.453125 0.96875 3.859375 3.984375 3.5078125 3.2109375 2.9765625 229.5625 33.5859375 0.578125 11.015625 10.9140625 8.40625 6.90625 6.140625 125.125 54.03125
20241012090000 63064.0 41.916672 -69.75 11.7890625 247.296875 0.4765625 1.625 -999.9 1.203125 4.25 4.171875 4.8046875 3.8125 3.40625 216.671875 51.5546875 1.03125 4.25 4.125 3.59375 3.2890625 3.046875 234.109375 34.8515625 0.6171875 11.015625 10.8984375 8.1640625 6.7578125 6.0390625 136.9609375 47.8359375
20241012100000 63064.0 41.916672 -69.75 11.1796875 252.84375 0.4453125 1.5703125 -999.9 1.2109375 4.25 4.1796875 4.8671875 3.875 3.46875 220.8203125 53.03125 1.0078125 4.25 4.0546875 3.5859375 3.2890625 3.046875 243.5625 35.34375 0.6796875 11.015625 10.9296875 7.671875 6.3828125 5.78125 148.7109375 45.7734375
20241012110000 63064.0 41.916672 -69.75 11.671875 255.6640625 0.46875 1.6171875 -999.9 1.21875 4.25 4.1328125 4.875 3.875 3.4609375 226.015625 54.453125 1.015625 3.859375 3.9921875 3.578125 3.28125 3.0390625 249.5078125 36.1875 0.6796875 11.015625 11.03125 7.75 6.484375 5.8984375 149.328125 45.25
20241012120000 63064.0 41.916672 -69.75 11.9296875 259.265625 0.484375 1.640625 -999.9 1.2421875 4.25 4.1328125 4.859375 3.8828125 3.46875 232.3671875 55.4921875 1.0390625 3.859375 3.9765625 3.59375 3.296875 3.0546875 255.2421875 36.484375 0.6875 11.015625 11.21875 7.75 6.5 5.9140625 150.1640625 46.171875
20241012130000 63064.0 41.916672 -69.75 11.6640625 266.921875 0.46875 1.6171875 -999.9 1.2578125 4.25 4.1796875 4.875 3.90625 3.5 242.40625 57.125 1.0390625 4.25 4.0859375 3.6171875 3.3125 3.0703125 267.2421875 35.3828125 0.7109375 11.015625 11.515625 7.5390625 6.2890625 5.7109375 155.5625 45.515625
20241012140000 63064.0 41.916672 -69.75 11.171875 278.3046875 0.4453125 1.5703125 -999.9 1.265625 4.25 4.21875 4.90625 3.9609375 3.546875 260.5859375 58.765625 1.0390625 4.25 4.1328125 3.71875 3.390625 3.1328125 284.265625 31.6328125 0.71875 12.1171875 11.796875 7.4140625 6.109375 5.5234375 159.7421875 44.8671875
20241012150000 63064.0 41.916672 -69.75 9.84375 287.5234375 0.375 1.453125 -999.9 1.2265625 4.25 4.3203125 5.0234375 4.0390625 3.6015625 280.4140625 59.9453125 1.0078125 4.25 4.2109375 3.828125 3.46875 3.1875 297.0390625 27.5 0.703125 12.1171875 11.78125 7.4921875 6.140625 5.5078125 157.25 51.5234375
20241012160000 63064.0 41.916672 -69.75 8.625 292.171875 0.3125 1.34375 -999.9 1.140625 4.25 4.359375 5.1875 4.1015625 3.625 293.8046875 61.4375 0.90625 4.25 4.2734375 3.765625 3.40625 3.1328125 302.375 24.765625 0.6953125 12.1171875 11.734375 7.5703125 6.2578125 5.578125 147.0703125 63.0390625
20241012170000 63064.0 41.916672 -69.75 8.09375 295.203125 0.2890625 1.2890625 -999.9 1.046875 12.1171875 11.65625 5.3203125 4.109375 3.6015625 303.0390625 63.2734375 0.8046875 4.25 4.15625 3.6484375 3.296875 3.03125 305.234375 22.9921875 0.671875 12.1171875 11.65625 7.734375 6.3984375 5.6484375 131.3125 66.1171875
20241012180000 63064.0 41.916672 -69.75 7.6328125 297.875 0.265625 1.2421875 -999.9 0.984375 11.015625 11.4921875 5.421875 4.1171875 3.578125 312.46875 64.6171875 0.734375 4.25 4.1015625 3.5390625 3.1953125 2.9453125 308.171875 21.9921875 0.6484375 11.015625 11.4921875 7.8359375 6.515625 5.7421875 117.3828125 66.71875
20241012190000 63064.0 41.916672 -69.75 7.0703125 300.3046875 0.2421875 1.1953125 -999.9 0.9375 11.015625 11.265625 5.5234375 4.1640625 3.6015625 322.765625 65.3984375 0.65625 3.859375 3.9453125 3.3984375 3.078125 2.8359375 310.265625 21.265625 0.6640625 11.015625 11.265625 7.578125 6.3125 5.625 93.28125 70.7265625
20241012200000 63064.0 41.916672 -69.75 6.4921875 304.28125 0.21875 1.140625 -999.9 0.90625 11.015625 11.125 5.625 4.2421875 3.65625 333.078125 65.625 0.5625 3.859375 3.8359375 3.1875 2.8984375 2.6796875 311.5703125 20.8359375 0.7109375 11.015625 11.125 7.140625 5.953125 5.3515625 49.625 72.4921875
20241012210000 63064.0 41.916672 -69.75 6.1953125 310.1484375 0.203125 1.109375 -999.9 0.875 11.015625 11.046875 5.7109375 4.3203125 3.7109375 342.3125 65.3984375 0.5 3.859375 3.71875 3.0625 2.7890625 2.5859375 315.75 20.6328125 0.71875 11.015625 11.046875 6.9921875 5.8671875 5.3203125 35.2578125 71.2265625
20241012220000 63064.0 41.916672 -69.75 5.671875 306.53125 0.1875 1.0625 -999.9 0.859375 11.015625 11.0 5.8046875 4.4140625 3.7890625 350.3671875 65.109375 0.390625 3.5078125 3.3828125 2.765625 2.5390625 2.359375 313.3828125 20.2421875 0.7578125 11.015625 11.0 6.6171875 5.5 4.984375 16.8203125 68.109375
20241012230000 63064.0 41.916672 -69.75 6.125 303.0859375 0.203125 1.1015625 -999.9 0.84375 11.015625 10.96875 5.8203125 4.421875 3.7890625 355.0859375 64.53125 0.3984375 3.5078125 3.4296875 2.84375 2.5859375 2.390625 315.140625 19.5 0.7421875 11.015625 10.96875 6.6796875 5.5703125 5.03125 23.8203125 67.0546875
20241013000000 63064.0 41.916672 -69.75 6.859375 305.7734375 0.234375 1.1640625 -999.9 0.859375 11.015625 10.9453125 5.6953125 4.3125 3.6953125 354.7578125 63.2265625 0.5 4.25 4.109375 3.15625 2.8359375 2.609375 321.4296875 19.328125 0.6953125 11.015625 10.9453125 6.9921875 5.8828125 5.3125 44.0625 66.953125
20241013010000 63064.0 41.916672 -69.75 6.9140625 311.5 0.234375 1.171875 -999.9 0.875 11.015625 10.921875 5.5390625 4.21875 3.6328125 353.75 61.3046875 0.546875 4.25 4.09375 3.21875 2.90625 2.6796875 324.8828125 19.984375 0.6796875 11.015625 10.921875 7.0546875 5.96875 5.421875 48.3359375 66.2421875
20241013020000 63064.0 41.916672 -69.75 7.0078125 319.9453125 0.2421875 1.1796875 -999.9 0.890625 11.015625 10.8984375 5.4140625 4.15625 3.609375 354.03125 58.9921875 0.6171875 4.25 4.2109375 3.390625 3.0546875 2.8125 330.03125 19.890625 0.6484375 11.015625 10.8984375 7.2265625 6.140625 5.5703125 58.9765625 65.3515625
20241013030000 63064.0 41.916672 -69.75 7.296875 332.234375 0.25 1.2109375 -999.9 0.9296875 11.015625 10.875 5.2734375 4.1171875 3.6015625 355.2578125 55.765625 0.7265625 4.671875 4.5390625 3.6484375 3.2890625 3.0234375 337.84375 19.828125 0.5859375 11.015625 10.875 7.75 6.65625 5.9921875 86.1640625 62.5390625
20241013040000 63064.0 41.916672 -69.75 7.6875 341.78125 0.2734375 1.25 -999.9 0.9921875 11.015625 10.8515625 5.1484375 4.1015625 3.6171875 357.3359375 51.6015625 0.828125 4.671875 4.6640625 3.8515625 3.4765625 3.1875 344.3828125 19.9765625 0.546875 11.015625 10.8515625 8.15625 7.0859375 6.359375 101.53125 58.3046875
20241013050000 63064.0 41.916672 -69.75 7.640625 346.0625 0.2734375 1.2421875 -999.9 1.046875 5.140625 4.9140625 5.1171875 4.1484375 3.6796875 0.140625 48.4140625 0.875 4.671875 4.75 3.9375 3.5546875 3.2578125 347.9765625 20.109375 0.5703125 11.015625 10.828125 7.859375 6.8359375 6.1796875 86.171875 60.5
20241013060000 63064.0 41.916672 -69.75 7.890625 343.9765625 0.28125 1.265625 -999.9 1.078125 5.140625 5.0234375 5.109375 4.1796875 3.7109375 1.84375 46.609375 0.8984375 4.671875 4.8359375 3.9921875 3.59375 3.296875 348.90625 20.8515625 0.5859375 11.015625 10.7890625 7.75 6.7734375 6.125 77.53125 57.84375
20241013070000 63064.0 41.916672 -69.75 6.7109375 344.703125 0.2265625 1.1640625 -999.9 1.0546875 5.140625 5.109375 5.1875 4.25 3.7734375 4.078125 46.71875 0.703125 4.671875 4.4921875 3.5546875 3.2265625 2.9765625 346.6640625 20.859375 0.78125 5.140625 5.2890625 6.53125 5.7578125 5.34375 27.7421875 54.9765625
20241013080000 63064.0 41.916672 -69.75 5.8984375 341.5625 0.1953125 1.0859375 -999.9 0.9921875 5.140625 5.140625 5.3046875 4.328125 3.828125 6.9921875 48.140625 0.4765625 3.859375 3.71875 2.9375 2.6875 2.4921875 343.1953125 21.9375 0.8671875 5.140625 5.140625 6.0078125 5.2734375 4.9375 16.3984375 51.1015625
20241013090000 63064.0 41.916672 -69.75 4.9765625 342.1796875 0.15625 1.0 -999.9 0.921875 5.140625 5.109375 5.4375 4.3984375 3.875 10.453125 50.125 0.296875 2.8984375 2.8984375 2.4375 2.25 2.1015625 340.71875 20.7734375 0.8671875 5.140625 5.109375 5.7890625 4.953125 4.5703125 14.5703125 51.1953125
20241013100000 63064.0 41.916672 -69.75 2.484375 333.796875 0.0703125 0.7734375 -999.9 0.84375 5.140625 5.046875 5.609375 4.515625 3.9921875 14.9921875 52.515625 0.0 1.0 0.0 1.0 1.0 1.0 180.0 0.0 0.84375 5.140625 5.046875 5.609375 4.515625 3.9921875 14.9921875 52.515625
20241013110000 63064.0 41.916672 -69.75 0.96875 257.625 0.0234375 0.578125 -999.9 0.7890625 10.015625 10.2890625 5.7734375 4.59375 4.046875 20.5390625 55.015625 0.0 1.0 0.0 1.0 1.0 1.0 180.0 0.0 0.7890625 10.015625 10.2890625 5.7734375 4.59375 4.046875 20.5390625 55.015625
20241013120000 63064.0 41.916672 -69.75 2.390625 239.3359375 0.0625 0.7421875 -999.9 0.734375 10.015625 10.203125 5.9609375 4.6796875 4.09375 27.4609375 57.4140625 0.0 1.0 0.0 1.0 1.0 1.0 180.0 0.0 0.734375 10.015625 10.203125 5.9609375 4.6796875 4.09375 27.4609375 57.4140625
20241013130000 63064.0 41.916672 -69.75 3.5859375 292.546875 0.1015625 0.8515625 -999.9 0.6875 10.015625 10.1484375 6.1640625 4.765625 4.1484375 36.0859375 59.4921875 0.0546875 1.984375 0.0 1.7109375 1.6015625 1.5078125 302.4765625 8.6875 0.6875 10.015625 10.1484375 6.1953125 4.8359375 4.25 36.3046875 59.4375
20241013140000 63064.0 41.916672 -69.75 3.3203125 323.7578125 0.09375 0.8359375 -999.9 0.65625 10.015625 10.109375 6.390625 4.8671875 4.1953125 46.3671875 60.9765625 0.0546875 1.984375 0.0 1.6484375 1.546875 1.4609375 321.0234375 9.3671875 0.65625 10.015625 10.109375 6.421875 4.9453125 4.3203125 46.5234375 60.953125
20241013150000 63064.0 41.916672 -69.75 1.3671875 339.84375 0.03125 0.6328125 -999.9 0.625 10.015625 10.0859375 6.6328125 4.984375 4.2578125 57.96875 61.71875 0.0 1.0 0.0 1.0 1.0 1.0 180.0 0.0 0.625 10.015625 10.0859375 6.6328125 4.984375 4.2578125 57.96875 61.71875
20241013160000 63064.0 41.916672 -69.75 1.9609375 95.5234375 0.0546875 0.6953125 -999.9 0.6015625 10.015625 10.078125 6.8984375 5.125 4.3359375 70.1796875 61.578125 0.0 1.0 0.0 1.0 1.0 1.0 180.0 0.0 0.6015625 10.015625 10.078125 6.8984375 5.125 4.3359375 70.1796875 61.578125
20241013170000 63064.0 41.916672 -69.75 4.2421875 116.125 0.125 0.8984375 -999.9 0.578125 10.015625 10.0859375 7.203125 5.3125 4.4453125 82.4765625 60.4609375 0.015625 1.984375 0.0 1.7421875 1.625 1.53125 94.3671875 22.96875 0.578125 10.015625 10.0859375 7.2109375 5.3203125 4.4609375 82.46875 60.46875
20241013180000 63064.0 41.916672 -69.75 4.796875 111.5703125 0.1484375 0.9375 -999.9 0.5625 10.015625 10.109375 7.53125 5.53125 4.578125 93.4453125 58.390625 0.0390625 1.984375 0.0 1.8203125 1.6953125 1.59375 79.7734375 21.0859375 0.5625 10.015625 10.109375 7.5546875 5.59375 4.65625 93.4921875 58.4375
20241013190000 63064.0 41.916672 -69.75 5.484375 102.8203125 0.171875 0.984375 -999.9 0.5546875 10.015625 10.15625 7.8359375 5.7265625 4.65625 102.3203125 55.5390625 0.0703125 1.984375 0.0 1.9609375 1.8046875 1.6875 71.6171875 19.3203125 0.546875 10.015625 10.15625 7.9296875 5.9375 4.9375 102.7421875 55.671875
20241013200000 63064.0 41.916672 -69.75 7.0390625 110.9375 0.234375 1.1171875 -999.9 0.5546875 10.015625 10.25 7.8828125 5.390625 4.109375 109.0078125 51.8984375 0.140625 1.984375 0.0 1.8984375 1.734375 1.6171875 87.3515625 30.8671875 0.5390625 10.015625 10.25 8.296875 6.3046875 5.203125 109.875 52.2578125
20241013210000 63064.0 41.916672 -69.75 9.140625 118.6640625 0.3359375 1.3203125 -999.9 0.6953125 10.015625 10.40625 6.046875 3.765625 3.109375 118.8671875 42.59375 0.453125 2.640625 2.6640625 2.546875 2.359375 2.234375 123.421875 30.40625 0.5234375 10.015625 10.40625 8.6171875 6.6796875 5.5859375 115.0078125 48.5390625
20241013220000 63064.0 41.916672 -69.75 9.046875 129.671875 0.328125 1.3203125 -999.9 0.765625 11.015625 10.765625 5.6796875 3.78125 3.21875 125.8515625 36.671875 0.5703125 3.1875 3.1484375 2.9453125 2.71875 2.5546875 131.7734375 27.6640625 0.515625 11.015625 10.765625 8.984375 7.1484375 5.96875 117.7421875 43.6015625
20241013230000 63064.0 41.916672 -69.75 7.453125 148.0546875 0.2578125 1.234375 -999.9 0.8125 11.015625 10.8515625 5.5859375 3.8359375 3.2734375 132.5859375 33.546875 0.609375 3.5078125 3.4765625 3.109375 2.8671875 2.6640625 143.296875 24.203125 0.546875 11.015625 10.8515625 8.6875 6.65625 5.4375 118.1171875 38.2578125
20241014000000 63064.0 41.916672 -69.75 6.9375 177.171875 0.2421875 1.1796875 -999.9 0.8359375 11.015625 10.875 5.6328125 3.921875 3.3515625 139.4140625 33.2890625 0.5625 3.859375 3.7109375 3.1875 2.90625 2.6875 163.0 18.71875 0.6171875 11.015625 10.875 7.6875 5.5546875 4.59375 119.3203125 30.8515625
20241014010000 63064.0 41.916672 -69.75 6.7109375 202.328125 0.2265625 1.1484375 -999.9 0.84375 11.015625 10.8828125 5.703125 4.0078125 3.4296875 144.859375 34.15625 0.484375 3.859375 3.7578125 3.109375 2.8046875 2.578125 181.75 15.7109375 0.6875 11.015625 10.8828125 6.953125 5.0625 4.3203125 128.203125 27.7890625
20241014020000 63064.0 41.916672 -69.75 6.734375 215.515625 0.2265625 1.1484375 -999.9 0.84375 11.015625 10.8828125 5.765625 4.0703125 3.4765625 148.8203125 35.109375 0.4453125 3.859375 3.75 3.0078125 2.7109375 2.4921875 193.1796875 17.1328125 0.71875 11.015625 10.8828125 6.84375 5.0625 4.3671875 133.6953125 27.1328125
20241014030000 63064.0 41.916672 -69.75 6.71875 209.9609375 0.2265625 1.15625 -999.9 0.8515625 11.015625 10.8828125 5.8125 4.125 3.515625 152.2265625 35.2734375 0.484375 3.859375 3.765625 3.046875 2.7578125 2.546875 194.296875 19.296875 0.703125 11.015625 10.8828125 7.1328125 5.3984375 4.6796875 134.6171875 25.6015625
20241014040000 63064.0 41.916672 -69.75 7.140625 206.5546875 0.25 1.1953125 -999.9 0.875 11.015625 10.8828125 5.7890625 4.15625 3.546875 156.03125 34.5 0.5390625 3.859375 3.828125 3.1640625 2.8671875 2.640625 191.8125 20.09375 0.6875 11.015625 10.8828125 7.4140625 5.7578125 5.015625 136.1015625 24.9609375
20241014050000 63064.0 41.916672 -69.75 6.8125 208.3203125 0.234375 1.171875 -999.9 0.9140625 11.015625 10.875 5.7890625 4.2421875 3.640625 159.234375 33.1328125 0.5390625 3.859375 3.8828125 3.1796875 2.875 2.6484375 193.3984375 19.140625 0.734375 11.015625 10.875 7.203125 5.734375 5.0859375 142.2578125 25.953125
20241014060000 63064.0 41.916672 -69.75 5.6171875 207.2734375 0.1796875 1.0703125 -999.9 0.921875 11.015625 10.875 5.8984375 4.4375 3.8203125 159.6015625 31.5 0.3984375 3.1875 3.3125 2.75 2.5078125 2.328125 200.3046875 19.5703125 0.8359375 11.015625 10.875 6.609375 5.359375 4.8515625 151.9609375 27.7734375
20241014070000 63064.0 41.916672 -69.75 6.1875 208.1875 0.203125 1.109375 -999.9 0.9453125 11.015625 10.8671875 5.9375 4.5078125 3.8828125 159.953125 30.8046875 0.4453125 3.5078125 3.6015625 2.9921875 2.703125 2.5 196.4921875 18.6484375 0.828125 11.015625 10.8671875 6.765625 5.5546875 5.015625 150.8515625 26.828125
20241014080000 63064.0 41.916672 -69.75 5.59375 216.703125 0.1796875 1.0625 -999.9 0.9609375 11.015625 10.859375 5.9453125 4.59375 3.96875 160.28125 30.6171875 0.34375 3.1875 3.140625 2.6328125 2.40625 2.234375 205.3984375 18.2109375 0.8984375 11.015625 10.859375 6.4296875 5.2890625 4.796875 155.0078125 27.640625
20241014090000 63064.0 41.916672 -69.75 4.3359375 217.171875 0.1328125 0.9453125 -999.9 0.96875 11.015625 10.84375 6.0625 4.7890625 4.171875 159.484375 30.4765625 0.1953125 2.640625 2.515625 2.078125 1.9375 1.8203125 213.2109375 17.0234375 0.953125 11.015625 10.84375 6.234375 5.1171875 4.625 158.0546875 29.546875
20241014100000 63064.0 41.916672 -69.75 4.234375 193.7578125 0.1328125 0.9296875 -999.9 0.9765625 11.015625 10.828125 6.171875 4.9609375 4.34375 158.5078125 31.5390625 0.1796875 2.3984375 2.5 2.0703125 1.9296875 1.8046875 196.1640625 16.703125 0.9609375 11.015625 10.828125 6.3203125 5.25 4.7578125 157.640625 31.3203125
20241014110000 63064.0 41.916672 -69.75 5.3046875 207.078125 0.171875 1.0234375 -999.9 0.9765625 11.015625 10.8046875 6.234375 5.0 4.34375 157.5234375 34.0625 0.265625 3.1875 3.09375 2.53125 2.3046875 2.140625 198.9765625 16.9765625 0.9453125 11.015625 10.8046875 6.53125 5.5234375 5.0234375 154.7265625 33.296875
20241014120000 63064.0 41.916672 -69.75 4.6328125 212.0078125 0.140625 0.9609375 -999.9 0.9765625 11.015625 10.78125 6.3125 5.0703125 4.3984375 155.78125 37.203125 0.203125 2.640625 2.6171875 2.1953125 2.0234375 1.8984375 203.2421875 15.9296875 0.953125 11.015625 10.78125 6.5 5.4453125 4.9140625 154.1640625 36.78125
20241014130000 63064.0 41.916672 -69.75 5.0234375 227.9453125 0.15625 0.984375 -999.9 0.9609375 11.015625 10.7421875 6.390625 5.1328125 4.4453125 153.4765625 39.875 0.1796875 2.640625 2.515625 2.1640625 1.9921875 1.859375 208.25 13.7109375 0.9453125 11.015625 10.7421875 6.546875 5.4453125 4.8828125 152.046875 39.46875
20241014140000 63064.0 41.916672 -69.75 4.015625 228.0703125 0.1171875 0.8984375 -999.9 0.953125 11.015625 10.6875 6.4765625 5.2421875 4.546875 151.078125 41.6015625 0.1171875 2.1796875 2.125 1.8671875 1.7421875 1.6328125 215.546875 12.3828125 0.9453125 11.015625 10.6875 6.546875 5.40625 4.8046875 150.6015625 41.4296875
20241014150000 63064.0 41.916672 -69.75 3.4765625 235.8359375 0.1015625 0.8515625 -999.9 0.953125 11.015625 10.625 6.546875 5.359375 4.6796875 148.9375 42.7890625 0.0546875 1.984375 0.0 1.6484375 1.546875 1.4609375 224.5859375 9.921875 0.953125 11.015625 10.625 6.5703125 5.40625 4.7578125 148.8984375 42.7734375
20241014160000 63064.0 41.916672 -69.75 4.7421875 243.46875 0.1484375 0.9453125 -999.9 0.953125 11.015625 10.53125 6.59375 5.4453125 4.765625 147.2578125 43.9453125 0.0859375 1.984375 0.0 1.890625 1.75 1.640625 214.90625 10.078125 0.953125 11.015625 10.53125 6.6328125 5.5390625 4.9140625 146.984375 43.8515625
20241014170000 63064.0 41.916672 -69.75 4.90625 260.109375 0.1484375 0.953125 -999.9 0.96875 10.015625 10.1953125 6.625 5.5234375 4.8515625 145.859375 45.4296875 0.0625 1.984375 0.0 1.7578125 1.640625 1.5390625 227.8125 20.0 0.96875 10.015625 10.1953125 6.6484375 5.5703125 4.9375 145.7578125 45.3828125
20241014180000 63064.0 41.916672 -69.75 4.125 267.9140625 0.125 0.890625 -999.9 0.9921875 7.5234375 7.7265625 6.6484375 5.609375 4.9609375 144.3359375 47.515625 0.03125 1.984375 0.0 1.6640625 1.5625 1.46875 248.4453125 23.015625 0.9921875 7.5234375 7.7265625 6.65625 5.625 4.9921875 144.3203125 47.5
20241014190000 63064.0 41.916672 -69.75 4.6953125 265.65625 0.140625 0.9296875 -999.9 1.015625 8.2734375 7.90625 6.65625 5.6640625 5.0390625 142.5078125 49.96875 0.0390625 1.984375 0.0 1.703125 1.59375 1.5 246.578125 29.828125 1.0078125 8.2734375 7.90625 6.6640625 5.6875 5.078125 142.484375 49.9453125
20241014200000 63064.0 41.916672 -69.75 5.2734375 271.96875 0.1640625 0.96875 -999.9 1.03125 8.2734375 8.1328125 6.6328125 5.6796875 5.0625 140.765625 51.9375 0.0546875 1.984375 0.0 1.7734375 1.6484375 1.546875 288.3828125 36.1015625 1.03125 8.2734375 8.1328125 6.640625 5.71875 5.1328125 140.734375 51.859375
20241014210000 63064.0 41.916672 -69.75 4.515625 276.671875 0.140625 0.921875 -999.9 1.0390625 8.2734375 8.296875 6.6015625 5.6640625 5.0546875 139.8828125 52.78125 0.0546875 1.984375 0.0 1.7109375 1.6015625 1.5078125 285.34375 27.25 1.0390625 8.2734375 8.296875 6.6171875 5.703125 5.125 139.8515625 52.7265625
20241014220000 63064.0 41.916672 -69.75 6.1171875 292.3203125 0.1953125 1.0390625 -999.9 1.0390625 10.015625 9.6328125 6.578125 5.6015625 4.953125 139.96875 52.7421875 0.125 2.8984375 2.8984375 2.2109375 1.984375 1.828125 322.7578125 18.515625 1.0390625 10.015625 9.6328125 6.640625 5.75 5.1953125 140.0078125 51.921875
20241014230000 63064.0 41.916672 -69.75 6.0 294.9375 0.1953125 1.0859375 -999.9 1.046875 10.015625 9.6328125 6.46875 5.296875 4.5 140.3515625 53.375 0.2109375 1.984375 0.0 2.0390625 1.8515625 1.71875 319.1015625 18.703125 1.03125 10.015625 9.6328125 6.65625 5.765625 5.2109375 140.3046875 51.2421875
20241015000000 63064.0 41.916672 -69.75 5.0703125 291.8046875 0.1640625 1.0078125 -999.9 1.046875 10.015625 9.625 6.4296875 5.234375 4.46875 140.03125 54.671875 0.2109375 2.3984375 2.296875 2.03125 1.8828125 1.765625 310.4140625 19.3671875 1.0234375 10.015625 9.625 6.6171875 5.671875 5.1015625 139.6328125 52.3828125
20241015010000 63064.0 41.916672 -69.75 4.9140625 287.5859375 0.15625 0.9921875 -999.9 1.0234375 10.015625 9.6171875 6.46875 5.296875 4.5546875 139.3203125 54.25 0.1796875 2.1796875 2.2578125 1.9765625 1.828125 1.7109375 304.703125 18.015625 1.0078125 10.015625 9.6171875 6.609375 5.6328125 5.0625 138.921875 52.7578125
20241015020000 63064.0 41.916672 -69.75 7.609375 284.140625 0.265625 1.2265625 -999.9 1.03125 10.015625 9.625 6.328125 4.9921875 4.171875 139.4765625 56.015625 0.3046875 2.3984375 2.40625 2.21875 2.0234375 1.8828125 313.0546875 23.234375 0.984375 10.015625 9.625 6.7265625 5.8125 5.2890625 138.859375 50.328125
20241015030000 63064.0 41.916672 -69.75 10.6015625 297.046875 0.3984375 1.4296875 -999.9 1.1015625 10.015625 9.625 5.828125 4.484375 3.828125 144.0 67.0859375 0.5625 2.8984375 2.9921875 2.8046875 2.5859375 2.421875 314.765625 31.40625 0.9453125 10.015625 9.625 6.8984375 6.0703125 5.6015625 140.375 45.890625
20241015040000 63064.0 41.916672 -69.75 11.75 308.40625 0.46875 1.5703125 -999.9 1.2578125 10.015625 9.609375 5.296875 4.2265625 3.71875 238.078125 80.2109375 0.859375 3.859375 3.75 3.34375 3.0859375 2.875 318.6484375 30.5625 0.9140625 10.015625 9.609375 7.0390625 6.2890625 5.875 141.5859375 43.7421875
20241015050000 63064.0 41.916672 -69.75 11.8046875 308.453125 0.4765625 1.625 -999.9 1.3984375 4.25 4.3359375 5.125 4.234375 3.7890625 318.8828125 71.59375 1.078125 4.25 4.234375 3.7421875 3.4296875 3.171875 319.640625 28.203125 0.8984375 10.015625 9.546875 7.109375 6.421875 6.0625 140.21875 45.5078125
20241015060000 63064.0 41.916672 -69.75 11.109375 312.5234375 0.4375 1.5625 -999.9 1.46875 4.671875 4.6953125 5.171875 4.359375 3.9140625 323.2578125 66.984375 1.1796875 4.671875 4.625 4.0390625 3.6796875 3.390625 322.7578125 26.1953125 0.875 9.1015625 9.265625 7.2421875 6.59375 6.21875 142.140625 44.09375
20241015070000 63064.0 41.916672 -69.75 10.625 318.796875 0.4140625 1.5234375 -999.9 1.515625 5.140625 5.0234375 5.265625 4.484375 4.0234375 325.90625 63.921875 1.2578125 5.140625 4.984375 4.2890625 3.8828125 3.5703125 326.015625 24.0 0.8515625 9.1015625 9.1015625 7.40625 6.7578125 6.3359375 146.1875 39.609375
20241015080000 63064.0 41.916672 -69.75 10.1171875 319.375 0.390625 1.4765625 -999.9 1.5390625 5.140625 5.171875 5.3671875 4.5859375 4.109375 327.4140625 62.453125 1.28125 5.140625 5.1171875 4.4375 4.0078125 3.6640625 326.921875 22.4296875 0.8515625 9.1015625 9.0234375 7.46875 6.8203125 6.359375 146.0390625 41.9296875
20241015090000 63064.0 41.916672 -69.75 9.9296875 315.484375 0.3828125 1.453125 -999.9 1.5390625 5.65625 5.3828125 5.4375 4.640625 4.1484375 328.640625 62.0703125 1.265625 5.140625 5.265625 4.4921875 4.0390625 3.6875 326.671875 21.6953125 0.875 9.1015625 8.9921875 7.421875 6.7421875 6.2578125 142.8125 48.546875
20241015100000 63064.0 41.916672 -69.75 9.90625 307.3828125 0.375 1.453125 -999.9 1.515625 5.65625 5.4765625 5.4609375 4.6484375 4.1484375 328.3671875 62.1484375 1.2109375 5.140625 5.3671875 4.4296875 3.9765625 3.625 324.1875 21.578125 0.9140625 9.1015625 8.9921875 7.25 6.5546875 6.0625 134.3359375 58.921875
20241015110000 63064.0 41.916672 -69.75 9.7578125 303.0546875 0.3671875 1.4375 -999.9 1.4765625 5.65625 5.5078125 5.453125 4.625 4.1171875 327.4375 62.5390625 1.140625 5.140625 5.3046875 4.34375 3.890625 3.546875 321.640625 21.9921875 0.9375 9.1015625 9.0 7.109375 6.4296875 5.9453125 125.875 64.453125
20241015120000 63064.0 41.916672 -69.75 9.3984375 300.984375 0.3515625 1.40625 -999.9 1.421875 5.65625 5.484375 5.4296875 4.5859375 4.078125 326.9296875 63.265625 1.0625 5.140625 5.15625 4.21875 3.7734375 3.4453125 319.640625 22.4140625 0.9375 9.1015625 8.9921875 6.9921875 6.328125 5.8671875 117.8359375 67.859375
20241015130000 63064.0 41.916672 -69.75 9.3203125 296.5234375 0.3515625 1.390625 -999.9 1.359375 5.65625 5.3984375 5.375 4.5234375 4.015625 325.796875 64.03125 0.984375 5.140625 5.0390625 4.0703125 3.640625 3.3203125 316.6796875 22.703125 0.9375 9.1015625 8.9765625 6.8125 6.1640625 5.734375 106.65625 70.421875
20241015140000 63064.0 41.916672 -69.75 9.140625 294.6953125 0.3359375 1.375 -999.9 1.3125 5.140625 5.2734375 5.3046875 4.453125 3.953125 324.125 64.484375 0.9296875 5.140625 4.953125 3.9375 3.5234375 3.21875 313.9921875 22.953125 0.9296875 9.1015625 8.9375 6.6796875 6.0625 5.671875 97.765625 71.875
20241015150000 63064.0 41.916672 -69.75 8.515625 291.7265625 0.3125 1.3203125 -999.9 1.25 5.140625 5.2265625 5.2734375 4.4140625 3.921875 322.953125 65.359375 0.8125 4.671875 4.6953125 3.71875 3.328125 3.046875 308.765625 22.5234375 0.9453125 5.65625 5.5546875 6.40625 5.8203125 5.46875 63.578125 74.265625
20241015160000 63064.0 41.916672 -69.75 7.984375 289.0078125 0.28125 1.2734375 -999.9 1.171875 5.140625 5.1953125 5.2578125 4.390625 3.890625 321.8203125 67.0 0.703125 4.671875 4.5703125 3.5 3.140625 2.890625 305.390625 22.6640625 0.9296875 5.65625 5.40625 6.2578125 5.6796875 5.328125 47.0234375 75.125
20241015170000 63064.0 41.916672 -69.75 7.78125 280.0859375 0.2734375 1.25 -999.9 1.09375 5.140625 5.1484375 5.234375 4.3359375 3.828125 318.7421875 69.2265625 0.59375 3.5078125 3.5 3.2421875 2.9140625 2.6875 298.4765625 22.71875 0.9140625 5.140625 5.234375 6.078125 5.46875 5.1015625 30.859375 75.5859375
20241015180000 63064.0 41.916672 -69.75 8.0234375 274.5 0.2890625 1.265625 -999.9 1.03125 5.140625 5.078125 5.1796875 4.25 3.734375 311.375 71.1484375 0.5546875 3.1875 3.296875 3.0859375 2.7890625 2.578125 293.6484375 23.734375 0.8671875 5.140625 5.1484375 6.03125 5.3984375 5.015625 44.875 76.7734375
20241015190000 63064.0 41.916672 -69.75 8.4921875 269.3515625 0.3046875 1.296875 -999.9 0.9921875 5.140625 4.9765625 5.078125 4.125 3.625 299.296875 71.765625 0.5546875 3.1875 3.2109375 3.03125 2.75 2.546875 289.1015625 25.578125 0.8203125 8.2734375 8.546875 6.015625 5.359375 4.9765625 72.234375 77.3046875
20241015200000 63064.0 41.916672 -69.75 9.0 270.046875 0.328125 1.34375 -999.9 0.984375 8.2734375 8.3984375 4.9140625 3.984375 3.515625 286.6640625 70.484375 0.6171875 3.1875 3.3359375 3.1015625 2.8203125 2.6171875 287.171875 29.0 0.765625 8.2734375 8.3984375 6.078125 5.4296875 5.0703125 108.75 75.7578125
20241015210000 63064.0 41.916672 -69.75 9.5546875 274.6328125 0.359375 1.3984375 -999.9 1.015625 4.671875 4.59375 4.7265625 3.8671875 3.4375 281.4765625 67.515625 0.71875 3.5078125 3.5625 3.25 2.9609375 2.7421875 289.0234375 31.5390625 0.71875 8.2734375 8.25 6.1953125 5.5625 5.2109375 130.125 71.8203125
20241015220000 63064.0 41.916672 -69.75 10.3828125 275.8515625 0.3984375 1.4765625 -999.9 1.0703125 4.25 4.2890625 4.5703125 3.796875 3.3984375 283.8359375 63.609375 0.8359375 3.859375 3.8046875 3.4375 3.125 2.890625 292.796875 32.2890625 0.671875 8.2734375 8.1015625 6.296875 5.65625 5.28125 140.125 67.015625
20241015230000 63064.0 41.916672 -69.75 10.671875 275.7734375 0.4140625 1.5078125 -999.9 1.1328125 4.25 4.34375 4.5 3.8046875 3.421875 286.7421875 60.34375 0.90625 4.25 4.0703125 3.53125 3.2109375 2.96875 292.125 32.328125 0.6796875 8.2734375 7.9453125 6.2265625 5.640625 5.296875 139.171875 70.4296875
20241016000000 63064.0 41.916672 -69.75 10.4375 273.1484375 0.40625 1.4921875 -999.9 1.1484375 4.671875 4.4921875 4.5078125 3.828125 3.4453125 287.359375 59.015625 0.90625 4.25 4.140625 3.546875 3.2265625 2.9765625 289.3515625 32.171875 0.703125 5.140625 5.109375 6.1015625 5.5390625 5.2109375 130.2734375 76.15625
20241016010000 63064.0 41.916672 -69.75 10.265625 270.5625 0.390625 1.4765625 -999.9 1.1328125 4.671875 4.515625 4.5234375 3.828125 3.4453125 285.984375 58.7890625 0.875 4.25 4.0546875 3.515625 3.1953125 2.9453125 286.6796875 32.1328125 0.7109375 5.140625 5.1015625 6.03125 5.46875 5.125 122.6484375 78.96875
20241016020000 63064.0 41.916672 -69.75 10.703125 269.5390625 0.4140625 1.5078125 -999.9 1.125 4.25 4.3515625 4.4921875 3.796875 3.4140625 283.578125 57.9765625 0.8984375 3.859375 3.8828125 3.53125 3.2109375 2.9609375 286.0625 32.984375 0.6796875 7.5234375 7.671875 6.1640625 5.59375 5.2421875 139.578125 76.796875
20241016030000 63064.0 41.916672 -69.75 11.1875 272.765625 0.4453125 1.5625 -999.9 1.1640625 4.25 4.2265625 4.4453125 3.78125 3.40625 283.9453125 55.828125 0.9765625 4.25 4.078125 3.6328125 3.296875 3.046875 288.6796875 32.984375 0.6328125 7.5234375 7.6484375 6.359375 5.7890625 5.4140625 147.546875 71.3671875
20241016040000 63064.0 41.916672 -69.75 11.2734375 272.8359375 0.4453125 1.5703125 -999.9 1.203125 4.25 4.2578125 4.4375 3.8125 3.4453125 285.6875 53.7578125 1.0234375 4.25 4.1796875 3.7109375 3.3671875 3.109375 288.5625 32.390625 0.6328125 7.5234375 7.625 6.328125 5.7734375 5.3984375 144.5234375 73.9921875
20241016050000 63064.0 41.916672 -69.75 11.3359375 271.3671875 0.453125 1.578125 -999.9 1.2265625 4.25 4.296875 4.4453125 3.828125 3.4609375 285.9140625 52.734375 1.046875 4.25 4.2265625 3.7421875 3.3984375 3.140625 287.4140625 32.7734375 0.640625 7.5234375 7.5859375 6.3203125 5.78125 5.3984375 137.578125 76.5625
20241016060000 63064.0 41.916672 -69.75 11.453125 269.0859375 0.453125 1.59375 -999.9 1.2265625 4.25 4.2890625 4.421875 3.8203125 3.4609375 284.6484375 52.125 1.0546875 4.25 4.1875 3.75 3.40625 3.140625 285.34375 33.2265625 0.6328125 7.5234375 7.5234375 6.28125 5.734375 5.3515625 128.7109375 78.3515625
20241016070000 63064.0 41.916672 -69.75 11.671875 269.5546875 0.46875 1.6171875 -999.9 1.2421875 4.25 4.2890625 4.3984375 3.796875 3.4453125 283.6640625 51.171875 1.078125 4.25 4.1953125 3.765625 3.4140625 3.1484375 285.0703125 33.171875 0.6171875 7.5234375 7.4140625 6.3046875 5.7734375 5.40625 143.7890625 77.21875
20241016080000 63064.0 41.916672 -69.75 11.671875 270.46875 0.46875 1.6171875 -999.9 1.2578125 4.25 4.3046875 4.390625 3.8125 3.453125 284.4296875 50.015625 1.1015625 4.25 4.28125 3.8203125 3.4609375 3.1875 286.328125 32.7421875 0.6015625 7.5234375 7.2421875 6.3359375 5.78125 5.390625 150.984375 75.8359375
20241016090000 63064.0 41.916672 -69.75 11.6875 273.0859375 0.46875 1.6171875 -999.9 1.2734375 4.25 4.3203125 4.40625 3.8359375 3.4765625 286.4140625 48.8203125 1.140625 4.25 4.3046875 3.90625 3.5390625 3.2578125 289.25 32.078125 0.578125 6.8359375 7.015625 6.3671875 5.7421875 5.28125 155.078125 72.015625
20241016100000 63064.0 41.916672 -69.75 12.0625 273.640625 0.4921875 1.65625 -999.9 1.3125 4.25 4.4296875 4.421875 3.859375 3.5 288.71875 47.4453125 1.1875 4.25 4.3828125 3.96875 3.5859375 3.296875 290.4296875 31.9296875 0.5703125 6.8359375 7.0 6.3515625 5.7578125 5.3203125 149.453125 74.2421875
20241016110000 63064.0 41.916672 -69.75 12.046875 278.78125 0.4921875 1.65625 -999.9 1.3515625 4.671875 4.6328125 4.4609375 3.90625 3.5546875 292.84375 45.796875 1.234375 4.671875 4.6484375 4.09375 3.6796875 3.375 295.7578125 30.3359375 0.546875 6.8359375 7.0078125 6.3359375 5.6796875 5.21875 160.28125 68.1171875
20241016120000 63064.0 41.916672 -69.75 11.6015625 284.5078125 0.46875 1.6171875 -999.9 1.3671875 4.671875 4.7890625 4.515625 3.96875 3.609375 298.328125 44.0625 1.2578125 4.671875 4.8203125 4.1796875 3.7578125 3.4453125 300.75 28.265625 0.546875 6.8359375 6.8984375 6.3125 5.6328125 5.171875 163.4765625 69.2421875
20241016130000 63064.0 41.916672 -69.75 11.3828125 286.171875 0.453125 1.59375 -999.9 1.3671875 5.140625 4.9375 4.5546875 4.0 3.640625 302.390625 42.5234375 1.2578125 5.140625 4.921875 4.21875 3.796875 3.4765625 303.3671875 27.046875 0.546875 6.8359375 6.8203125 6.3359375 5.640625 5.1328125 154.328125 74.7890625
20241016140000 63064.0 41.916672 -69.75 11.203125 285.59375 0.4453125 1.5703125 -999.9 1.359375 5.140625 5.03125 4.578125 4.015625 3.6484375 304.9609375 41.5546875 1.2421875 5.140625 4.9921875 4.234375 3.8046875 3.484375 304.4296875 26.59375 0.546875 6.8359375 6.7578125 6.328125 5.6328125 5.1171875 77.328125 78.765625
20241016150000 63064.0 41.916672 -69.75 11.1796875 288.640625 0.4453125 1.5703125 -999.9 1.359375 5.140625 5.140625 4.59375 4.03125 3.65625 307.6328125 40.5390625 1.25 5.140625 5.03125 4.28125 3.8359375 3.5078125 306.9453125 25.96875 0.53125 6.8359375 6.828125 6.328125 5.6015625 5.0703125 77.5390625 77.8984375
20241016160000 63064.0 41.916672 -69.75 11.140625 295.03125 0.4375 1.5703125 -999.9 1.3828125 5.140625 5.25 4.6328125 4.0703125 3.6953125 311.390625 38.796875 1.296875 5.140625 5.1953125 4.375 3.921875 3.578125 311.296875 24.9765625 0.484375 6.8359375 6.8515625 6.453125 5.6328125 5.0703125 127.96875 74.0390625
20241016170000 63064.0 41.916672 -69.75 10.8515625 300.5 0.4296875 1.546875 -999.9 1.3984375 5.140625 5.3515625 4.6796875 4.125 3.7421875 315.5078125 36.9453125 1.3125 5.140625 5.265625 4.4375 3.984375 3.640625 314.921875 23.828125 0.4765625 6.8359375 6.875 6.546875 5.6796875 5.0546875 106.515625 74.9453125
20241016180000 63064.0 41.916672 -69.75 10.9921875 304.265625 0.4375 1.5546875 -999.9 1.4140625 5.65625 5.4140625 4.7109375 4.15625 3.765625 318.984375 35.265625 1.3359375 5.140625 5.3828125 4.484375 4.0234375 3.671875 317.8828125 23.09375 0.453125 6.8359375 6.828125 6.6484375 5.78125 5.140625 81.8671875 73.5078125
20241016190000 63064.0 41.916672 -69.75 10.984375 308.359375 0.4375 1.5625 -999.9 1.4375 5.65625 5.453125 4.7421875 4.1875 3.8046875 322.21875 33.7890625 1.375 5.65625 5.4375 4.546875 4.078125 3.71875 321.046875 22.8125 0.4296875 6.8359375 6.8828125 6.78125 5.859375 5.1796875 86.3046875 71.1328125
20241016200000 63064.0 41.916672 -69.75 10.34375 312.75 0.3984375 1.5 -999.9 1.421875 5.65625 5.5 4.78125 4.2265625 3.8359375 325.421875 33.078125 1.3515625 5.65625 5.46875 4.5625 4.1015625 3.7421875 323.5546875 22.4140625 0.4453125 6.8359375 6.828125 6.7734375 5.921875 5.2734375 51.0546875 69.0546875
20241016210000 63064.0 41.916672 -69.75 9.65625 318.203125 0.3671875 1.4296875 -999.9 1.359375 5.65625 5.515625 4.78125 4.21875 3.8203125 328.7265625 32.96875 1.28125 5.65625 5.4765625 4.546875 4.078125 3.71875 326.34375 21.84375 0.453125 6.8359375 6.75 6.6640625 5.765625 5.0859375 37.6484375 66.6953125
20241016220000 63064.0 41.916672 -69.75 7.703125 317.5703125 0.2734375 1.2578125 -999.9 1.2265625 5.65625 5.546875 4.796875 4.2109375 3.8046875 332.5390625 34.1171875 0.984375 5.140625 5.078125 4.140625 3.71875 3.3984375 323.40625 20.640625 0.7265625 6.21875 6.046875 6.0078125 5.546875 5.1953125 354.8359375 44.671875
20241016230000 63064.0 41.916672 -69.75 7.6015625 316.75 0.265625 1.234375 -999.9 1.109375 5.65625 5.546875 4.765625 4.140625 3.7265625 336.1796875 35.28125 0.84375 5.140625 5.0234375 3.9375 3.53125 3.2265625 324.6015625 20.765625 0.71875 5.65625 5.7890625 5.8984375 5.4296875 5.0703125 356.328125 43.1640625
20241017000000 63064.0 41.916672 -69.75 7.640625 316.9296875 0.265625 1.2421875 -999.9 1.046875 5.65625 5.5 4.6953125 4.0546875 3.6484375 338.96875 35.7265625 0.8046875 5.140625 5.0 3.890625 3.4765625 3.171875 326.7734375 20.296875 0.6640625 5.65625 5.78125 5.875 5.375 5.0 1.8671875 43.8046875
20241017010000 63064.0 41.916672 -69.75 8.15625 327.4921875 0.2890625 1.28125 -999.9 1.0390625 5.65625 5.3984375 4.6171875 3.984375 3.5859375 341.5 34.9609375 0.9140625 5.140625 5.1171875 4.09375 3.65625 3.328125 334.6484375 20.71875 0.5078125 6.21875 6.1328125 6.3125 5.6796875 5.21875 18.90625 52.84375
20241017020000 63064.0 41.916672 -69.75 7.640625 335.984375 0.265625 1.2421875 -999.9 1.046875 5.140625 5.2890625 4.609375 4.0 3.609375 345.015625 34.0390625 0.890625 5.140625 5.0234375 4.015625 3.609375 3.296875 338.359375 20.4921875 0.546875 5.65625 5.8984375 6.171875 5.625 5.21875 11.828125 50.125
20241017030000 63064.0 41.916672 -69.75 7.65625 348.2265625 0.2734375 1.2421875 -999.9 1.046875 5.140625 5.2578125 4.609375 4.0078125 3.6171875 349.0390625 33.390625 0.8984375 5.140625 5.0546875 4.078125 3.65625 3.34375 345.2890625 20.2890625 0.5234375 6.21875 6.0390625 6.203125 5.6171875 5.171875 7.34375 53.8671875
20241017040000 63064.0 41.916672 -69.75 7.0859375 358.9296875 0.2421875 1.1875 -999.9 1.015625 5.140625 5.2578125 4.625 4.0234375 3.6328125 352.9375 33.3515625 0.765625 5.140625 4.9375 3.7890625 3.3984375 3.1171875 353.203125 19.890625 0.671875 5.65625 5.6796875 5.7265625 5.2890625 4.984375 352.5 44.765625
20241017050000 63064.0 41.916672 -69.75 6.0703125 6.8671875 0.203125 1.1015625 -999.9 0.96875 5.140625 5.25 4.671875 4.0625 3.6640625 356.3046875 34.0546875 0.5078125 3.859375 3.8359375 3.09375 2.8125 2.6015625 2.40625 21.7265625 0.8203125 5.140625 5.25 5.2890625 4.9140625 4.6640625 353.78125 37.2109375
20241017060000 63064.0 41.916672 -69.75 6.3984375 14.609375 0.2109375 1.125 -999.9 0.9140625 5.140625 5.234375 4.6640625 4.03125 3.625 359.6484375 34.8046875 0.5078125 4.25 4.1015625 3.1484375 2.8515625 2.6328125 7.75 22.1875 0.765625 5.140625 5.234375 5.328125 4.9375 4.671875 355.8046875 38.2421875
20241017070000 63064.0 41.916672 -69.75 5.734375 22.78125 0.1875 1.0703125 -999.9 0.8671875 5.140625 5.1953125 4.640625 4.0078125 3.6015625 2.7578125 35.7890625 0.3828125 3.1875 3.2109375 2.75 2.515625 2.3359375 19.8671875 21.53125 0.7734375 5.140625 5.1953125 5.109375 4.703125 4.4453125 358.5390625 37.1875
20241017080000 63064.0 41.916672 -69.75 5.1640625 30.4609375 0.1640625 1.015625 -999.9 0.8125 5.140625 5.140625 4.6328125 3.9921875 3.59375 5.65625 37.1171875 0.296875 2.8984375 2.96875 2.4921875 2.2890625 2.140625 29.2578125 20.3359375 0.7578125 5.140625 5.140625 4.96875 4.5234375 4.2578125 2.1875 37.75
20241017090000 63064.0 41.916672 -69.75 5.828125 29.984375 0.1875 1.0703125 -999.9 0.7734375 5.140625 5.0546875 4.5625 3.90625 3.5 9.0859375 38.4375 0.359375 3.1875 3.2265625 2.7421875 2.5 2.3203125 27.453125 22.3828125 0.6796875 5.140625 5.0546875 5.0703125 4.6328125 4.3671875 3.78125 40.203125
20241017100000 63064.0 41.916672 -69.75 4.7265625 54.5703125 0.1484375 0.9765625 -999.9 0.7265625 4.671875 4.8828125 4.53125 3.875 3.484375 12.453125 40.0703125 0.2265625 2.640625 2.6796875 2.25 2.0859375 1.953125 49.234375 17.5078125 0.6875 4.671875 4.8828125 4.78125 4.2734375 3.984375 9.0390625 40.015625
20241017110000 63064.0 41.916672 -69.75 5.65625 40.1015625 0.1796875 1.0546875 -999.9 0.6875 4.671875 4.7421875 4.4609375 3.7734375 3.375 16.40625 41.515625 0.3203125 2.8984375 3.0 2.6171875 2.390625 2.21875 38.296875 21.875 0.609375 4.671875 4.7421875 4.96875 4.484375 4.21875 10.0859375 43.3359375
20241017120000 63064.0 41.916672 -69.75 6.953125 39.4609375 0.234375 1.1640625 -999.9 0.6875 4.671875 4.6328125 4.25 3.546875 3.171875 22.1484375 41.5234375 0.4765625 4.25 4.140625 3.125 2.8046875 2.578125 30.53125 22.8359375 0.4921875 5.140625 5.0703125 5.2890625 4.6953125 4.375 11.5078125 51.0
20241017130000 63064.0 41.916672 -69.75 7.0703125 49.6953125 0.2421875 1.1875 -999.9 0.7109375 4.25 4.3046875 4.0703125 3.4140625 3.078125 27.671875 40.8046875 0.5078125 3.5078125 3.5234375 3.0546875 2.765625 2.5625 37.6953125 23.0234375 0.5 4.671875 4.78125 5.140625 4.53125 4.2109375 13.359375 50.296875
20241017140000 63064.0 41.916672 -69.75 6.75 56.078125 0.2265625 1.1640625 -999.9 0.7265625 4.25 4.0703125 4.0 3.3828125 3.0546875 32.0546875 40.7265625 0.5078125 3.5078125 3.5390625 3.0234375 2.75 2.5390625 45.3671875 22.8125 0.515625 4.25 4.4296875 4.9375 4.3515625 4.046875 15.640625 48.2265625
20241017150000 63064.0 41.916672 -69.75 6.34375 59.7890625 0.2109375 1.125 -999.9 0.7109375 3.859375 4.0 3.9921875 3.390625 3.0625 35.6328125 41.2890625 0.4609375 3.5078125 3.53125 2.9296875 2.6640625 2.46875 53.0078125 22.5703125 0.5390625 4.25 4.28125 4.7734375 4.234375 3.953125 20.078125 46.3125
20241017160000 63064.0 41.916672 -69.75 6.3125 55.5390625 0.2109375 1.1171875 -999.9 0.6953125 3.859375 3.9609375 3.984375 3.375 3.0546875 38.8984375 41.8984375 0.46875 3.5078125 3.53125 2.9765625 2.7109375 2.5078125 51.375 23.625 0.515625 4.25 4.2890625 4.8359375 4.265625 3.96875 25.0859375 49.3671875
20241017170000 63064.0 41.916672 -69.75 5.8984375 50.6171875 0.1953125 1.0859375 -999.9 0.671875 3.859375 3.921875 3.984375 3.3671875 3.046875 41.46875 42.6953125 0.421875 3.5078125 3.5 2.8828125 2.6328125 2.4375 50.359375 22.71875 0.5234375 4.25 4.21875 4.7109375 4.1328125 3.8359375 33.7890625 50.03125
20241017180000 63064.0 41.916672 -69.75 6.3828125 33.0625 0.2109375 1.1171875 -999.9 0.6640625 3.859375 3.8671875 3.9453125 3.3203125 3.0 42.8046875 43.15625 0.5 3.859375 3.8125 3.1640625 2.875 2.6484375 33.0234375 22.65625 0.4296875 4.671875 4.671875 5.015625 4.2109375 3.8046875 65.375 56.5
20241017190000 63064.0 41.916672 -69.75 7.1484375 27.5703125 0.25 1.1875 -999.9 0.6796875 3.859375 3.7890625 3.84375 3.2421875 2.9296875 41.4453125 42.53125 0.5859375 3.859375 3.8125 3.328125 3.0 2.7578125 28.234375 22.9140625 0.34375 6.21875 6.4921875 5.34375 4.1875 3.6640625 107.2890625 49.375
20241017200000 63064.0 41.916672 -69.75 7.9765625 22.65625 0.28125 1.265625 -999.9 0.734375 3.859375 3.7421875 3.75 3.203125 2.9140625 37.5 40.78125 0.65625 3.859375 3.7578125 3.3359375 3.03125 2.796875 25.9765625 23.7421875 0.3125 6.8359375 6.828125 5.578125 4.3046875 3.7421875 117.9765625 38.8984375
20241017210000 63064.0 41.916672 -69.75 8.953125 19.8828125 0.328125 1.359375 -999.9 0.8203125 3.859375 3.8125 3.7265625 3.2421875 2.96875 32.65625 38.375 0.765625 3.859375 3.8203125 3.4140625 3.109375 2.875 24.3046875 24.5078125 0.296875 6.8359375 7.046875 5.796875 4.515625 3.9375 121.7109375 34.625
20241017220000 63064.0 41.916672 -69.75 8.3828125 20.859375 0.3046875 1.3125 -999.9 0.8671875 3.859375 3.96875 3.8125 3.34375 3.0703125 31.0234375 37.578125 0.8046875 3.859375 3.9609375 3.5234375 3.21875 2.9765625 23.609375 24.578125 0.3203125 6.8359375 7.140625 5.6328125 4.4921875 3.953125 113.7265625 43.5546875
20241017230000 63064.0 41.916672 -69.75 8.625 23.3515625 0.3125 1.328125 -999.9 0.8984375 4.25 4.125 3.8671875 3.40625 3.125 31.6484375 37.1328125 0.8359375 4.25 4.1171875 3.59375 3.28125 3.0390625 25.3515625 25.2265625 0.3203125 7.5234375 7.2109375 5.671875 4.546875 3.9921875 113.265625 48.15625
20241018000000 63064.0 41.916672 -69.75 8.7109375 27.8671875 0.3203125 1.3359375 -999.9 0.921875 4.25 4.1875 3.9140625 3.4609375 3.171875 33.984375 36.421875 0.8671875 4.25 4.171875 3.6640625 3.34375 3.0859375 28.75 25.4453125 0.328125 7.5234375 7.25 5.6484375 4.546875 3.9921875 111.03125 53.3046875
20241018010000 63064.0 41.916672 -69.75 9.328125 28.9453125 0.3515625 1.390625 -999.9 0.9765625 4.25 4.2421875 3.953125 3.5078125 3.21875 36.875 35.3671875 0.921875 4.25 4.2265625 3.734375 3.40625 3.1484375 31.9921875 26.078125 0.3203125 7.5234375 7.2578125 5.78125 4.6875 4.1328125 113.9375 49.4921875
20241018020000 63064.0 41.916672 -69.75 9.5078125 33.421875 0.359375 1.40625 -999.9 1.046875 4.25 4.390625 4.046875 3.6015625 3.3046875 40.9609375 34.4375 0.984375 4.25 4.359375 3.84375 3.5078125 3.234375 36.625 26.296875 0.3359375 5.65625 5.5 5.765625 4.7421875 4.1875 111.0625 50.84375
20241018030000 63064.0 41.916672 -69.75 9.7578125 34.359375 0.3671875 1.4296875 -999.9 1.1171875 4.671875 4.5859375 4.1640625 3.71875 3.4140625 45.2421875 33.8203125 1.0625 4.671875 4.5625 3.96875 3.6171875 3.3359375 40.640625 26.609375 0.359375 5.65625 5.5390625 5.8046875 4.875 4.3359375 110.0 46.40625
20241018040000 63064.0 41.916672 -69.75 10.453125 32.9765625 0.40625 1.4921875 -999.9 1.21875 4.671875 4.7109375 4.2890625 3.8359375 3.515625 48.09375 33.625 1.140625 4.671875 4.6484375 4.0703125 3.703125 3.4140625 41.859375 26.859375 0.4296875 5.65625 5.6015625 5.8515625 5.1796875 4.7421875 105.4765625 36.328125
20241018050000 63064.0 41.916672 -69.75 10.7421875 34.265625 0.421875 1.5234375 -999.9 1.3359375 5.140625 5.0 4.4609375 3.9921875 3.65625 50.671875 33.671875 1.25 5.140625 4.9296875 4.234375 3.8515625 3.5390625 44.203125 27.265625 0.4765625 5.65625 5.859375 5.96875 5.359375 4.9296875 105.53125 34.953125
20241018060000 63064.0 41.916672 -69.75 11.046875 30.953125 0.4375 1.5546875 -999.9 1.4453125 5.140625 5.1640625 4.6328125 4.1484375 3.796875 52.265625 34.125 1.328125 5.140625 5.0625 4.3671875 3.9609375 3.640625 43.6640625 27.515625 0.578125 6.21875 5.9453125 6.0703125 5.578125 5.203125 103.6015625 27.7265625
20241018070000 63064.0 41.916672 -69.75 11.7578125 26.8671875 0.4765625 1.625 -999.9 1.578125 5.65625 5.421875 4.7890625 4.2890625 3.9140625 51.8671875 35.09375 1.421875 5.140625 5.1796875 4.46875 4.046875 3.7109375 40.7265625 27.96875 0.6875 6.21875 6.140625 6.1796875 5.765625 5.4375 102.046875 21.578125
20241018080000 63064.0 41.916672 -69.75 12.1171875 26.1171875 0.4921875 1.65625 -999.9 1.7109375 5.65625 5.5703125 4.96875 4.4609375 4.0859375 50.8046875 36.203125 1.5234375 5.65625 5.421875 4.609375 4.1796875 3.84375 38.359375 28.46875 0.7734375 6.21875 6.375 6.375 6.015625 5.7421875 101.421875 21.6484375
20241018090000 63064.0 41.916672 -69.75 12.203125 26.1796875 0.4921875 1.6484375 -999.9 1.8359375 5.65625 5.7109375 5.1640625 4.640625 4.25 50.140625 37.3046875 1.6171875 5.65625 5.53125 4.765625 4.328125 3.9765625 36.4296875 28.6171875 0.859375 6.8359375 6.53125 6.578125 6.234375 5.9609375 101.5703125 23.140625
20241018100000 63064.0 41.916672 -69.75 11.59375 23.4140625 0.4609375 1.59375 -999.9 1.9140625 6.21875 5.9609375 5.359375 4.8046875 4.3984375 50.4453125 38.890625 1.625 5.65625 5.6015625 4.84375 4.3984375 4.046875 32.6171875 27.96875 1.0078125 6.8359375 6.625 6.6953125 6.3515625 6.0703125 99.71875 24.375
20241018110000 63064.0 41.916672 -69.75 11.4140625 23.9453125 0.453125 1.5703125 -999.9 1.9765625 6.21875 6.09375 5.546875 4.953125 4.5234375 51.765625 40.59375 1.6484375 5.65625 5.703125 4.9296875 4.4765625 4.109375 31.6796875 27.9296875 1.09375 6.8359375 6.796875 6.9296875 6.5546875 6.2578125 101.328125 27.453125
20241018120000 63064.0 41.916672 -69.75 11.203125 24.78125 0.4453125 1.5546875 -999.9 2.046875 6.21875 6.1875 5.734375 5.1015625 4.640625 54.046875 42.390625 1.6640625 5.65625 5.8125 4.9921875 4.5234375 4.1484375 31.1640625 27.984375 1.1875 6.8359375 6.984375 7.1875 6.78125 6.46875 103.515625 29.6875
20241018130000 63064.0 41.916672 -69.75 11.1640625 24.1484375 0.4453125 1.5703125 -999.9 2.1171875 6.21875 6.2578125 5.9140625 5.21875 4.71875 56.4140625 44.203125 1.6796875 5.65625 5.90625 5.0234375 4.5390625 4.15625 30.09375 28.3671875 1.2890625 7.5234375 7.2421875 7.4375 7.0 6.6484375 105.6015625 30.375
20241018140000 63064.0 41.916672 -69.75 10.9921875 23.6640625 0.4296875 1.5546875 -999.9 2.1796875 6.21875 6.296875 6.0703125 5.34375 4.8203125 58.21875 45.609375 1.6640625 5.65625 5.8828125 5.0234375 4.53125 4.1484375 27.25 28.015625 1.40625 7.5234375 7.3203125 7.546875 7.109375 6.7578125 105.0 31.0
20241018150000 63064.0 41.916672 -69.75 10.8046875 22.7734375 0.421875 1.53125 -999.9 2.21875 6.21875 6.3203125 6.1875 5.4296875 4.8984375 59.3515625 46.4375 1.6640625 6.21875 5.9375 5.046875 4.5546875 4.1640625 26.0 28.1015625 1.46875 7.5234375 7.515625 7.6484375 7.203125 6.8515625 105.15625 31.4765625
20241018160000 63064.0 41.916672 -69.75 10.75 20.515625 0.421875 1.5234375 -999.9 2.234375 6.21875 6.3359375 6.2734375 5.4921875 4.9453125 60.0625 46.875 1.6328125 6.21875 5.921875 5.0234375 4.53125 4.1328125 22.8671875 27.4921875 1.53125 7.5234375 7.6328125 7.6875 7.2421875 6.890625 103.7109375 30.453125
20241018170000 63064.0 41.916672 -69.75 10.7421875 18.7421875 0.421875 1.5234375 -999.9 2.25 6.21875 6.3359375 6.359375 5.546875 4.984375 60.8203125 47.1484375 1.6328125 6.21875 5.9375 5.0234375 4.53125 4.140625 21.6796875 27.578125 1.5546875 7.5234375 7.8125 7.8125 7.359375 6.9921875 104.2578125 28.6953125
20241018180000 63064.0 41.916672 -69.75 10.578125 18.9375 0.4140625 1.5078125 -999.9 2.25 6.21875 6.3359375 6.4296875 5.59375 5.015625 61.9921875 47.140625 1.609375 6.21875 5.9375 5.0234375 4.5234375 4.1328125 21.78125 27.2421875 1.578125 8.2734375 8.296875 7.90625 7.4296875 7.0546875 104.40625 28.765625
20241018190000 63064.0 41.916672 -69.75 10.5625 20.7578125 0.4140625 1.5078125 -999.9 2.2421875 6.21875 6.3359375 6.46875 5.609375 5.015625 62.9765625 46.71875 1.59375 6.21875 5.9296875 5.0078125 4.515625 4.1171875 22.859375 27.0625 1.5703125 9.1015625 8.703125 7.96875 7.4765625 7.0859375 104.4375 28.6640625
20241018200000 63064.0 41.916672 -69.75 10.3828125 23.46875 0.3984375 1.4921875 -999.9 2.2109375 9.1015625 8.7421875 6.4765625 5.609375 5.0078125 63.828125 45.9609375 1.578125 5.65625 5.8984375 5.0078125 4.5 4.109375 25.2578125 26.8359375 1.5546875 9.1015625 8.7578125 7.9921875 7.4921875 7.09375 104.125 29.703125
20241018210000 63064.0 41.916672 -69.75 9.9921875 25.9609375 0.3828125 1.453125 -999.9 2.171875 9.1015625 8.7734375 6.4921875 5.609375 5.0078125 65.1171875 44.984375 1.5234375 6.21875 5.953125 4.9765625 4.46875 4.078125 27.3203125 26.1640625 1.5546875 9.1015625 8.7734375 7.953125 7.4296875 7.0 102.5859375 31.109375
20241018220000 63064.0 41.916672 -69.75 8.4296875 26.2109375 0.3046875 1.3125 -999.9 2.09375 9.1015625 8.7734375 6.5703125 5.6796875 5.0703125 68.1875 43.96875 1.2265625 5.65625 5.6953125 4.6171875 4.140625 3.78125 25.5390625 23.34375 1.6953125 9.1015625 8.7734375 7.5859375 7.0390625 6.6328125 91.8203125 37.3671875
20241018230000 63064.0 41.916672 -69.75 8.3203125 30.3984375 0.296875 1.296875 -999.9 2.015625 9.1015625 8.75 6.6171875 5.7109375 5.078125 71.2109375 42.734375 1.140625 5.65625 5.6484375 4.5546875 4.078125 3.7109375 29.6640625 23.6015625 1.65625 9.1015625 8.75 7.59375 7.0390625 6.6171875 91.8671875 37.1796875
20241019000000 63064.0 41.916672 -69.75 7.984375 33.5 0.28125 1.265625 -999.9 1.9453125 9.1015625 8.703125 6.640625 5.7109375 5.0625 73.5234375 41.3203125 0.9765625 5.65625 5.46875 4.203125 3.765625 3.4375 32.453125 24.03125 1.6796875 9.1015625 8.703125 7.4609375 6.9140625 6.5078125 87.9765625 37.859375
20241019010000 63064.0 41.916672 -69.75 7.4609375 35.5546875 0.2578125 1.21875 -999.9 1.8671875 8.2734375 8.6015625 6.6640625 5.71875 5.0625 75.6875 39.7734375 0.8046875 5.140625 4.9296875 3.8046875 3.4296875 3.1484375 34.9140625 24.2421875 1.6875 8.2734375 8.6015625 7.3125 6.75 6.34375 85.140625 37.59375
20241019020000 63064.0 41.916672 -69.75 6.90625 37.84375 0.234375 1.171875 -999.9 1.8046875 8.2734375 8.4765625 6.703125 5.7578125 5.0859375 77.9140625 38.140625 0.6640625 4.671875 4.484375 3.4765625 3.1484375 2.8984375 37.0078125 24.1796875 1.671875 8.2734375 8.4765625 7.2109375 6.6171875 6.1953125 84.2265625 36.5546875
20241019030000 63064.0 41.916672 -69.75 6.453125 42.21875 0.21875 1.1328125 -999.9 1.7421875 8.2734375 8.40625 6.765625 5.8125 5.125 80.1171875 36.484375 0.546875 4.25 4.0703125 3.171875 2.8828125 2.6640625 41.3359375 24.1328125 1.65625 8.2734375 8.40625 7.15625 6.5234375 6.0859375 84.09375 35.53125
20241019040000 63064.0 41.916672 -69.75 6.0546875 48.0390625 0.203125 1.09375 -999.9 1.6953125 8.2734375 8.3671875 6.8359375 5.875 5.171875 82.265625 34.84375 0.4765625 3.859375 3.7578125 3.0390625 2.7578125 2.5546875 47.25 23.0390625 1.625 8.2734375 8.3671875 7.15625 6.5 6.03125 85.0625 34.3046875
20241019050000 63064.0 41.916672 -69.75 5.4296875 52.3046875 0.171875 1.0390625 -999.9 1.6484375 8.2734375 8.359375 6.921875 5.9609375 5.25 84.34375 33.28125 0.3515625 3.5078125 3.3515625 2.6484375 2.4296875 2.2578125 51.828125 22.6484375 1.609375 8.2734375 8.359375 7.125 6.3984375 5.8984375 85.6875 33.0546875
20241019060000 63064.0 41.916672 -69.75 4.5703125 54.75 0.140625 0.9609375 -999.9 1.6171875 8.2734375 8.3671875 7.015625 6.0703125 5.3671875 86.3203125 31.8125 0.2265625 2.640625 2.6796875 2.21875 2.0546875 1.921875 54.953125 20.3359375 1.6015625 8.2734375 8.3671875 7.1015625 6.3125 5.765625 86.7734375 31.75
20241019070000 63064.0 41.916672 -69.75 3.578125 53.6484375 0.109375 0.875 -999.9 1.578125 8.2734375 8.375 7.09375 6.1796875 5.4921875 88.1015625 30.4296875 0.1015625 1.984375 0.0 1.75 1.640625 1.546875 53.3125 13.25 1.578125 8.2734375 8.375 7.1171875 6.2578125 5.6328125 88.15625 30.421875
20241019080000 63064.0 41.916672 -69.75 2.8984375 43.296875 0.0859375 0.8046875 -999.9 1.5546875 8.2734375 8.3828125 7.171875 6.2734375 5.5859375 89.6640625 29.140625 0.0 1.0 0.0 1.0 1.0 1.0 180.0 0.0 1.5546875 8.2734375 8.3828125 7.171875 6.2734375 5.5859375 89.6640625 29.140625
20241019090000 63064.0 41.916672 -69.75 2.890625 29.515625 0.0859375 0.8046875 -999.9 1.53125 8.2734375 8.390625 7.234375 6.3515625 5.6640625 91.0859375 27.9609375 0.0 1.0 0.0 1.0 1.0 1.0 180.0 0.0 1.53125 8.2734375 8.390625 7.234375 6.3515625 5.6640625 91.0859375 27.9609375
20241019100000 63064.0 41.916672 -69.75 2.2890625 16.0390625 0.0625 0.75 -999.9 1.515625 8.2734375 8.40625 7.3046875 6.4296875 5.7421875 92.40625 26.8359375 0.0 1.0 0.0 1.0 1.0 1.0 180.0 0.0 1.515625 8.2734375 8.40625 7.3046875 6.4296875 5.7421875 92.40625 26.8359375
20241019110000 63064.0 41.916672 -69.75 2.0703125 14.8515625 0.0546875 0.71875 -999.9 1.5078125 8.2734375 8.4609375 7.375 6.5078125 5.8203125 93.6484375 25.7734375 0.0 1.0 0.0 1.0 1.0 1.0 180.0 0.0 1.5078125 8.2734375 8.4609375 7.375 6.5078125 5.8203125 93.6484375 25.7734375
20241019120000 63064.0 41.916672 -69.75 1.6171875 23.671875 0.0390625 0.671875 -999.9 1.4921875 8.2734375 8.53125 7.4375 6.578125 5.8984375 94.78125 24.7578125 0.0 1.0 0.0 1.0 1.0 1.0 180.0 0.0 1.4921875 8.2734375 8.53125 7.4375 6.578125 5.8984375 94.78125 24.7578125
20241019130000 63064.0 41.916672 -69.75 1.0078125 22.1953125 0.0234375 0.5859375 -999.9 1.484375 8.2734375 8.6328125 7.5 6.65625 5.9765625 95.8046875 23.8046875 0.0 1.0 0.0 1.0 1.0 1.0 180.0 0.0 1.484375 8.2734375 8.6328125 7.5 6.65625 5.9765625 95.8046875 23.8046875
20241019140000 63064.0 41.916672 -69.75 0.6015625 322.1875 0.015625 0.5234375 -999.9 1.484375 9.1015625 8.71875 7.5546875 6.71875 6.0546875 96.7421875 22.9296875 0.0 1.0 0.0 1.0 1.0 1.0 180.0 0.0 1.484375 9.1015625 8.71875 7.5546875 6.71875 6.0546875 96.7421875 22.9296875
20241019150000 63064.0 41.916672 -69.75 1.203125 273.984375 0.03125 0.609375 -999.9 1.4765625 9.1015625 8.7734375 7.609375 6.7890625 6.125 97.5859375 22.1328125 0.0 1.0 0.0 1.0 1.0 1.0 180.0 0.0 1.4765625 9.1015625 8.7734375 7.609375 6.7890625 6.125 97.5859375 22.1328125
20241019160000 63064.0 41.916672 -69.75 1.71875 263.2109375 0.046875 0.671875 -999.9 1.46875 9.1015625 8.8203125 7.6640625 6.8515625 6.1953125 98.3359375 21.421875 0.0 1.0 0.0 1.0 1.0 1.0 180.0 0.0 1.46875 9.1015625 8.8203125 7.6640625 6.8515625 6.1953125 98.3359375 21.421875
20241019170000 63064.0 41.916672 -69.75 2.0 255.109375 0.0546875 0.703125 -999.9 1.4609375 9.1015625 8.8671875 7.71875 6.9140625 6.265625 99.0078125 20.7734375 0.0 1.0 0.0 1.0 1.0 1.0 180.0 0.0 1.4609375 9.1015625 8.8671875 7.71875 6.9140625 6.265625 99.0078125 20.7734375
20241019180000 63064.0 41.916672 -69.75 2.0390625 234.3984375 0.0546875 0.703125 -999.9 1.4609375 9.1015625 8.90625 7.7578125 6.96875 6.328125 99.59375 20.1796875 0.0 1.0 0.0 1.0 1.0 1.0 180.0 0.0 1.4609375 9.1015625 8.90625 7.7578125 6.96875 6.328125 99.59375 20.1796875
20241019190000 63064.0 41.916672 -69.75 2.515625 207.265625 0.0703125 0.75 -999.9 1.453125 9.1015625 8.9375 7.8046875 7.015625 6.3828125 100.09375 19.640625 0.0 1.0 0.0 1.0 1.0 1.0 180.0 0.0 1.453125 9.1015625 8.9375 7.8046875 7.015625 6.3828125 100.09375 19.640625
20241019200000 63064.0 41.916672 -69.75 3.5078125 195.4296875 0.1015625 0.84375 -999.9 1.4453125 9.1015625 8.9609375 7.8359375 7.0703125 6.4453125 100.5234375 19.1484375 0.0078125 1.984375 0.0 1.6484375 1.546875 1.4609375 174.7265625 5.359375 1.4453125 9.1015625 8.9609375 7.8359375 7.0703125 6.4453125 100.5234375 19.1484375
20241019210000 63064.0 41.916672 -69.75 4.2421875 197.125 0.125 0.8984375 -999.9 1.4296875 9.1015625 8.9765625 7.875 7.1171875 6.5078125 100.921875 18.703125 0.03125 1.984375 0.0 1.75 1.6328125 1.5390625 165.828125 7.84375 1.4296875 9.1015625 8.9765625 7.8828125 7.125 6.53125 100.921875 18.6875
20241019220000 63064.0 41.916672 -69.75 4.8359375 198.5546875 0.1484375 0.9375 -999.9 1.421875 9.1015625 8.9921875 7.9140625 7.1640625 6.5625 101.296875 18.2890625 0.046875 1.984375 0.0 1.8671875 1.734375 1.6328125 161.7890625 10.6640625 1.421875 9.1015625 8.9921875 7.9140625 7.1875 6.6171875 101.2734375 18.2421875
20241019230000 63064.0 41.916672 -69.75 5.4296875 203.359375 0.171875 0.984375 -999.9 1.40625 9.1015625 9.0078125 7.9375 7.203125 6.59375 101.65625 17.9296875 0.0546875 1.984375 0.0 1.890625 1.7421875 1.6328125 166.453125 15.6484375 1.40625 9.1015625 9.0078125 7.9453125 7.234375 6.6796875 101.625 17.859375
20241020000000 63064.0 41.916672 -69.75 5.75 208.8359375 0.1796875 1.0078125 -999.9 1.3984375 9.1015625 9.015625 7.9453125 7.2109375 6.5859375 101.9921875 17.6640625 0.0703125 1.984375 0.0 1.84375 1.703125 1.59375 177.71875 21.734375 1.390625 9.1015625 9.015625 7.9609375 7.265625 6.71875 101.9375 17.546875
20241020010000 63064.0 41.916672 -69.75 5.9375 213.9453125 0.1875 1.03125 -999.9 1.3828125 9.1015625 9.015625 7.9375 7.15625 6.4375 102.3203125 17.5703125 0.1015625 1.984375 0.0 1.7578125 1.6328125 1.53125 194.8359375 23.1484375 1.375 9.1015625 9.015625 7.96875 7.2890625 6.75 102.234375 17.28125
20241020020000 63064.0 41.916672 -69.75 6.234375 220.7890625 0.2109375 1.125 -999.9 1.3671875 9.1015625 9.0 7.8515625 6.828125 5.7734375 102.7421875 17.9765625 0.1875 1.984375 0.0 1.6875 1.578125 1.484375 205.921875 23.1796875 1.3515625 9.1015625 9.0 7.96875 7.3046875 6.796875 102.5234375 17.0859375
20241020030000 63064.0 41.916672 -69.75 6.3828125 226.28125 0.21875 1.1640625 -999.9 1.375 9.1015625 8.984375 7.6015625 6.28125 5.1484375 104.8359375 25.3046875 0.3203125 2.3984375 2.359375 2.1015625 1.9453125 1.8203125 225.0546875 29.4453125 1.3359375 9.1015625 8.984375 7.921875 7.2265625 6.6953125 103.15625 17.609375
20241020040000 63064.0 41.916672 -69.75 6.6328125 229.6015625 0.21875 1.125 -999.9 1.3671875 9.1015625 8.96875 7.5078125 6.265625 5.3125 106.671875 29.6640625 0.359375 2.640625 2.6796875 2.4609375 2.3203125 2.1953125 226.6328125 26.109375 1.3203125 9.1015625 8.96875 7.8828125 7.171875 6.6328125 103.734375 18.2109375
20241020050000 63064.0 41.916672 -69.75 6.6640625 230.109375 0.2265625 1.1171875 -999.9 1.3359375 9.1015625 8.953125 7.53125 6.359375 5.4453125 106.7578125 29.28125 0.34375 2.640625 2.75 2.5234375 2.3828125 2.2578125 225.375 25.046875 1.2890625 9.1015625 8.953125 7.8984375 7.234375 6.7421875 103.765625 17.7109375
20241020060000 63064.0 41.916672 -69.75 6.6171875 228.3125 0.21875 1.1171875 -999.9 1.3125 9.1015625 8.9296875 7.4765625 6.28125 5.3671875 107.25 31.34375 0.3671875 2.8984375 2.8203125 2.5859375 2.4375 2.3125 226.546875 26.046875 1.2578125 9.1015625 8.9296875 7.890625 7.2578125 6.7890625 103.71875 18.375
20241020070000 63064.0 41.916672 -69.75 6.578125 228.21875 0.21875 1.1171875 -999.9 1.2890625 9.1015625 8.9140625 7.4140625 6.2109375 5.3046875 107.890625 32.3984375 0.3828125 2.8984375 2.8671875 2.640625 2.4765625 2.34375 225.140625 25.734375 1.234375 9.1015625 8.9140625 7.875 7.25 6.8046875 103.8359375 18.5859375
20241020080000 63064.0 41.916672 -69.75 6.6171875 228.5390625 0.21875 1.1171875 -999.9 1.265625 9.1015625 8.890625 7.3671875 6.1640625 5.25 108.4765625 32.28125 0.3828125 2.8984375 2.8671875 2.6328125 2.4765625 2.3359375 222.34375 25.375 1.203125 9.1015625 8.890625 7.84375 7.2421875 6.8125 104.109375 18.171875
20241020090000 63064.0 41.916672 -69.75 6.765625 229.34375 0.2265625 1.1328125 -999.9 1.2421875 9.1015625 8.8671875 7.2890625 6.0625 5.1484375 109.3515625 32.8671875 0.390625 2.8984375 2.8671875 2.6328125 2.46875 2.328125 220.3125 25.171875 1.1796875 9.1015625 8.8671875 7.8046875 7.203125 6.7890625 104.484375 18.21875
20241020100000 63064.0 41.916672 -69.75 6.8984375 227.9375 0.234375 1.1484375 -999.9 1.2265625 9.1015625 8.8359375 7.1875 5.921875 5.0234375 110.46875 34.3046875 0.4140625 2.8984375 2.9375 2.6796875 2.5 2.3515625 217.953125 25.7890625 1.15625 9.1015625 8.8359375 7.7578125 7.1640625 6.765625 104.7109375 18.7734375
20241020110000 63064.0 41.916672 -69.75 7.046875 231.359375 0.2421875 1.1640625 -999.9 1.203125 9.1015625 8.8046875 7.078125 5.7890625 4.8984375 111.5703125 35.90625 0.4140625 2.8984375 3.0078125 2.6796875 2.5 2.3515625 219.875 26.046875 1.1328125 9.1015625 8.8046875 7.671875 7.0625 6.6484375 105.3671875 20.125
20241020120000 63064.0 41.916672 -69.75 6.796875 235.625 0.2265625 1.1484375 -999.9 1.1796875 9.1015625 8.765625 7.0 5.71875 4.8359375 112.171875 36.953125 0.40625 2.8984375 3.0234375 2.65625 2.4765625 2.328125 224.1640625 26.1796875 1.1015625 9.1015625 8.765625 7.5859375 6.9375 6.5078125 106.1796875 21.625
20241020130000 63064.0 41.916672 -69.75 6.5546875 239.953125 0.21875 1.125 -999.9 1.1484375 9.1015625 8.71875 6.9609375 5.6875 4.8125 112.203125 37.4609375 0.3828125 2.8984375 2.9765625 2.6015625 2.4296875 2.28125 230.7734375 26.140625 1.078125 9.1015625 8.71875 7.5 6.8125 6.359375 107.015625 23.1796875
20241020140000 63064.0 41.916672 -69.75 6.46875 243.140625 0.21875 1.1171875 -999.9 1.109375 9.1015625 8.671875 6.921875 5.6484375 4.78125 112.1484375 38.046875 0.3671875 2.8984375 2.859375 2.5859375 2.4140625 2.265625 234.7421875 26.6484375 1.046875 9.1015625 8.671875 7.453125 6.765625 6.296875 107.21875 23.6328125
20241020150000 63064.0 41.916672 -69.75 6.171875 244.5859375 0.203125 1.09375 -999.9 1.078125 8.2734375 8.5625 6.890625 5.6328125 4.78125 112.0703125 38.3359375 0.34375 2.8984375 2.8046875 2.5390625 2.3671875 2.234375 239.109375 26.34375 1.0234375 8.2734375 8.5625 7.390625 6.6875 6.21875 107.703125 24.8671875
20241020160000 63064.0 41.916672 -69.75 5.609375 243.796875 0.1796875 1.046875 -999.9 1.0390625 8.2734375 8.4765625 6.8984375 5.6796875 4.828125 111.6796875 37.46875 0.3046875 2.640625 2.6953125 2.453125 2.2890625 2.15625 240.375 24.5390625 0.9921875 8.2734375 8.4765625 7.3125 6.578125 6.0859375 108.2109375 26.796875
20241020170000 63064.0 41.916672 -69.75 5.1953125 240.8671875 0.1640625 1.0078125 -999.9 1.0 8.2734375 8.4140625 6.9140625 5.71875 4.875 111.390625 36.25 0.265625 2.640625 2.6328125 2.3671875 2.21875 2.0859375 240.578125 23.1953125 0.96875 8.2734375 8.4140625 7.2578125 6.5078125 6.0078125 108.5703125 27.4453125
20241020180000 63064.0 41.916672 -69.75 5.03125 232.21875 0.15625 0.984375 -999.9 0.96875 8.2734375 8.3515625 6.8828125 5.7265625 4.90625 111.6015625 36.6875 0.2421875 2.640625 2.7109375 2.4296875 2.265625 2.125 232.234375 21.0390625 0.9375 8.2734375 8.3515625 7.1875 6.3984375 5.859375 108.640625 29.5703125
20241020190000 63064.0 41.916672 -69.75 5.5625 220.84375 0.1796875 1.03125 -999.9 0.9296875 8.2734375 8.3046875 6.875 5.71875 4.875 111.921875 34.4296875 0.2734375 2.8984375 2.8359375 2.515625 2.328125 2.1796875 216.8671875 22.984375 0.890625 8.2734375 8.3046875 7.28125 6.609375 6.1328125 107.6328125 25.3359375
20241020200000 63064.0 41.916672 -69.75 6.71875 217.9609375 0.2265625 1.1328125 -999.9 0.9140625 8.2734375 8.2578125 6.65625 5.359375 4.4921875 115.4296875 35.6484375 0.3515625 2.8984375 2.859375 2.6015625 2.40625 2.25 207.7890625 22.984375 0.84375 8.2734375 8.2578125 7.359375 6.8046875 6.4296875 107.2578125 20.109375
20241020210000 63064.0 41.916672 -69.75 7.515625 222.6640625 0.2578125 1.2109375 -999.9 0.9296875 8.2734375 8.2265625 6.2578125 4.90625 4.109375 122.71875 40.1015625 0.4375 3.1875 3.1171875 2.75 2.5390625 2.375 204.578125 21.9921875 0.8125 8.2734375 8.2265625 7.2890625 6.7421875 6.390625 108.4375 19.453125
20241020220000 63064.0 41.916672 -69.75 7.21875 222.40625 0.25 1.203125 -999.9 0.9296875 8.2734375 8.203125 6.015625 4.703125 3.9765625 128.3359375 42.078125 0.46875 3.1875 3.2109375 2.8203125 2.59375 2.4140625 205.21875 21.078125 0.8046875 8.2734375 8.203125 7.1015625 6.4921875 6.125 111.4140625 22.3359375
20241020230000 63064.0 41.916672 -69.75 7.8203125 225.4375 0.2734375 1.25 -999.9 0.921875 8.2734375 8.1796875 5.8046875 4.515625 3.8359375 133.46875 43.859375 0.5078125 3.5078125 3.3828125 2.9140625 2.671875 2.4765625 204.4140625 21.8515625 0.7734375 8.2734375 8.1796875 7.0625 6.46875 6.109375 112.1328125 22.078125
20241021000000 63064.0 41.916672 -69.75 8.1875 231.140625 0.296875 1.28125 -999.9 0.921875 8.2734375 8.1640625 5.6015625 4.3515625 3.71875 139.1640625 45.90625 0.53125 3.5078125 3.390625 2.921875 2.6796875 2.484375 208.1484375 22.4609375 0.7578125 8.2734375 8.1640625 6.90625 6.2734375 5.8984375 114.9921875 24.4453125
20241021010000 63064.0 41.916672 -69.75 8.125 236.9765625 0.2890625 1.2734375 -999.9 0.9140625 8.2734375 8.1484375 5.46875 4.265625 3.65625 143.5859375 47.7421875 0.5234375 3.5078125 3.421875 2.90625 2.6640625 2.4765625 213.984375 23.8125 0.75 8.2734375 8.1484375 6.7265625 6.0546875 5.65625 118.6328125 27.34375
20241021020000 63064.0 41.916672 -69.75 8.015625 242.1328125 0.28125 1.2578125 -999.9 0.8984375 8.2734375 8.1328125 5.390625 4.2109375 3.6171875 146.703125 49.7109375 0.515625 3.5078125 3.390625 2.875 2.640625 2.453125 220.84375 25.9453125 0.7421875 8.2734375 8.1328125 6.59375 5.890625 5.4921875 121.6875 29.75
20241021030000 63064.0 41.916672 -69.75 7.9765625 242.1953125 0.28125 1.2578125 -999.9 0.8828125 8.2734375 8.1171875 5.3125 4.1484375 3.578125 149.6328125 51.6015625 0.5234375 3.5078125 3.359375 2.8828125 2.65625 2.4765625 223.7734375 27.78125 0.7109375 8.2734375 8.1171875 6.609375 5.921875 5.53125 121.8515625 30.25
20241021040000 63064.0 41.916672 -69.75 7.84375 242.9609375 0.2734375 1.25 -999.9 0.8671875 8.2734375 8.09375 5.265625 4.109375 3.546875 151.78125 52.796875 0.5078125 3.1875 3.2109375 2.84375 2.625 2.4453125 227.578125 28.1328125 0.703125 8.2734375 8.09375 6.5390625 5.8515625 5.4765625 123.671875 32.1796875
20241021050000 63064.0 41.916672 -69.75 7.8203125 244.9609375 0.2734375 1.2421875 -999.9 0.8515625 8.2734375 8.0703125 5.2265625 4.0703125 3.5234375 153.421875 53.96875 0.5078125 3.1875 3.1953125 2.8515625 2.6328125 2.4609375 229.6953125 28.9453125 0.6796875 8.2734375 8.0703125 6.5546875 5.859375 5.46875 123.53125 32.3125
20241021060000 63064.0 41.916672 -69.75 7.6640625 251.5859375 0.265625 1.2265625 -999.9 0.8359375 8.2734375 8.046875 5.2109375 4.0546875 3.5078125 153.9296875 55.6328125 0.4765625 3.1875 3.0859375 2.7578125 2.5546875 2.390625 240.265625 29.859375 0.6875 8.2734375 8.046875 6.3984375 5.65625 5.2578125 127.375 34.90625
20241021070000 63064.0 41.916672 -69.75 7.3828125 254.796875 0.2578125 1.1953125 -999.9 0.8203125 8.2734375 8.0234375 5.21875 4.0703125 3.5234375 153.1640625 58.171875 0.453125 2.8984375 2.9609375 2.7265625 2.5390625 2.390625 249.421875 30.71875 0.6796875 8.2734375 8.0234375 6.3359375 5.5625 5.140625 127.9765625 37.4140625
20241021080000 63064.0 41.916672 -69.75 7.015625 256.0234375 0.2421875 1.1640625 -999.9 0.796875 8.2734375 8.0 5.2734375 4.109375 3.5546875 150.3359375 59.46875 0.421875 2.8984375 2.921875 2.6875 2.5078125 2.359375 255.546875 29.671875 0.671875 8.2734375 8.0 6.3125 5.515625 5.078125 127.6796875 39.5390625
20241021090000 63064.0 41.916672 -69.75 6.6484375 256.921875 0.2265625 1.125 -999.9 0.765625 8.2734375 7.9609375 5.375 4.1796875 3.6015625 145.625 59.4296875 0.390625 2.8984375 2.8828125 2.625 2.453125 2.3046875 259.3125 28.15625 0.6640625 8.2734375 7.9609375 6.328125 5.515625 5.0703125 126.8515625 40.984375
20241021100000 63064.0 41.916672 -69.75 5.5078125 257.3125 0.1796875 1.03125 -999.9 0.7265625 8.2734375 7.9296875 5.59375 4.3671875 3.75 138.0625 56.875 0.3046875 2.8984375 2.8203125 2.484375 2.328125 2.1953125 260.9140625 24.0078125 0.65625 8.2734375 7.9296875 6.2578125 5.3828125 4.890625 126.734375 44.3046875
20241021110000 63064.0 41.916672 -69.75 5.4296875 257.2265625 0.171875 1.0234375 -999.9 0.6953125 8.2734375 7.8828125 5.796875 4.546875 3.875 131.96875 53.5 0.265625 2.640625 2.703125 2.3984375 2.25 2.1171875 260.15625 23.4453125 0.640625 8.2734375 7.8828125 6.375 5.4921875 4.9921875 124.1484375 42.4375
20241021120000 63064.0 41.916672 -69.75 5.6328125 261.1015625 0.1796875 1.0390625 -999.9 0.6796875 7.5234375 7.4921875 5.8671875 4.5546875 3.8515625 129.203125 52.4296875 0.2734375 2.640625 2.6171875 2.3671875 2.21875 2.09375 266.15625 24.546875 0.625 7.5234375 7.4921875 6.53125 5.6875 5.1796875 122.234375 38.3203125
20241021130000 63064.0 41.916672 -69.75 5.890625 262.234375 0.1953125 1.0625 -999.9 0.6875 7.5234375 7.3671875 5.8046875 4.4765625 3.78125 128.765625 55.125 0.296875 2.640625 2.640625 2.4375 2.2890625 2.1640625 269.6796875 25.734375 0.6171875 7.5234375 7.3671875 6.6015625 5.7734375 5.265625 120.609375 37.21875
20241021140000 63064.0 41.916672 -69.75 5.734375 265.40625 0.1875 1.046875 -999.9 0.6796875 7.5234375 7.3125 5.8203125 4.4921875 3.796875 127.5234375 55.828125 0.296875 2.640625 2.671875 2.46875 2.3125 2.1875 272.1875 24.625 0.609375 7.5234375 7.3125 6.609375 5.765625 5.2421875 119.890625 37.734375
20241021150000 63064.0 41.916672 -69.75 5.2890625 264.734375 0.171875 1.015625 -999.9 0.671875 7.5234375 7.28125 5.890625 4.546875 3.8359375 125.6015625 54.6640625 0.265625 2.640625 2.625 2.390625 2.234375 2.109375 272.09375 23.1328125 0.6171875 7.5234375 7.28125 6.546875 5.6484375 5.1015625 119.671875 40.609375
20241021160000 63064.0 41.916672 -69.75 4.9765625 256.8046875 0.15625 0.984375 -999.9 0.6640625 7.5234375 7.2890625 5.9765625 4.640625 3.9140625 124.5625 52.7109375 0.21875 2.640625 2.5234375 2.25 2.1015625 1.9765625 261.5625 22.5546875 0.625 7.5234375 7.2890625 6.4375 5.4609375 4.8984375 119.75 44.7109375
20241021170000 63064.0 41.916672 -69.75 5.171875 242.6953125 0.1640625 1.0 -999.9 0.65625 7.5234375 7.3203125 6.078125 4.7109375 3.9296875 124.2421875 48.9375 0.21875 2.3984375 2.4375 2.203125 2.046875 1.921875 246.2421875 24.0 0.6171875 7.5234375 7.3203125 6.546875 5.59375 5.015625 119.0546875 41.7734375
20241021180000 63064.0 41.916672 -69.75 5.9765625 233.5625 0.1953125 1.0859375 -999.9 0.671875 7.5234375 7.4140625 5.90625 4.3984375 3.609375 128.4375 49.4609375 0.28125 2.3984375 2.4140625 2.265625 2.1015625 1.96875 236.515625 26.65625 0.609375 7.5234375 7.4140625 6.7109375 5.8203125 5.2265625 118.3125 37.359375
20241021190000 63064.0 41.916672 -69.75 6.8984375 230.453125 0.234375 1.140625 -999.9 0.7109375 7.5234375 7.578125 5.5859375 4.21875 3.578125 141.3359375 55.265625 0.375 2.8984375 2.84375 2.6171875 2.453125 2.3203125 232.765625 26.5859375 0.6015625 7.5234375 7.578125 6.7421875 5.8671875 5.28125 118.5234375 37.421875
20241021200000 63064.0 41.916672 -69.75 7.5703125 234.125 0.265625 1.1953125 -999.9 0.7421875 7.5234375 7.7890625 5.40625 4.1015625 3.5078125 149.8671875 54.7421875 0.4453125 2.8984375 2.9921875 2.734375 2.5625 2.421875 231.2421875 27.625 0.59375 7.5234375 7.7890625 6.890625 6.140625 5.640625 119.8515625 30.0703125
20241021210000 63064.0 41.916672 -69.75 7.828125 239.5703125 0.2734375 1.2265625 -999.9 0.765625 8.2734375 7.90625 5.2890625 4.0234375 3.4609375 155.0703125 53.5859375 0.4765625 3.1875 3.09375 2.78125 2.6015625 2.4453125 230.03125 27.75 0.6015625 8.2734375 7.90625 6.875 6.171875 5.7421875 122.46875 26.78125
20241021220000 63064.0 41.916672 -69.75 7.2890625 243.2265625 0.25 1.1953125 -999.9 0.78125 8.2734375 7.9453125 5.28125 4.046875 3.484375 156.15625 52.625 0.4609375 3.1875 3.0859375 2.75 2.5625 2.40625 233.3125 27.015625 0.625 8.2734375 7.9453125 6.6328125 5.859375 5.4453125 127.8828125 30.3671875
20241021230000 63064.0 41.916672 -69.75 7.3671875 245.4375 0.2578125 1.1953125 -999.9 0.78125 8.2734375 7.96875 5.2890625 4.0546875 3.4921875 156.6875 52.4765625 0.4609375 3.1875 3.0703125 2.75 2.5546875 2.390625 234.1875 28.1640625 0.6328125 8.2734375 7.96875 6.6015625 5.84375 5.4375 129.46875 31.1484375
20241022000000 63064.0 41.916672 -69.75 7.453125 249.4921875 0.2578125 1.203125 -999.9 0.7890625 8.2734375 7.9921875 5.28125 4.046875 3.4921875 158.28125 53.6484375 0.453125 2.8984375 3.03125 2.7265625 2.53125 2.375 240.0078125 28.96875 0.6484375 8.2734375 7.9921875 6.53125 5.734375 5.3203125 131.9140625 32.78125
20241022010000 63064.0 41.916672 -69.75 7.1640625 252.7109375 0.25 1.1875 -999.9 0.796875 8.2734375 8.0078125 5.296875 4.0625 3.5078125 159.15625 55.2109375 0.4453125 2.8984375 3.0 2.71875 2.5234375 2.3671875 246.4453125 28.765625 0.65625 8.2734375 8.0078125 6.5 5.671875 5.2421875 133.4765625 34.6875
20241022020000 63064.0 41.916672 -69.75 6.875 257.1484375 0.234375 1.15625 -999.9 0.78125 8.2734375 8.03125 5.3984375 4.1328125 3.5546875 157.2578125 55.984375 0.4296875 2.8984375 2.984375 2.703125 2.515625 2.359375 253.4140625 27.84375 0.65625 8.2734375 8.03125 6.53125 5.671875 5.2109375 133.9921875 34.7734375
20241022030000 63064.0 41.916672 -69.75 6.3515625 263.546875 0.2109375 1.109375 -999.9 0.7578125 8.2734375 8.0625 5.578125 4.2578125 3.6484375 152.0390625 55.7890625 0.375 2.8984375 2.9140625 2.6328125 2.453125 2.3046875 262.6640625 24.7109375 0.6640625 8.2734375 8.0625 6.5390625 5.609375 5.109375 134.6484375 36.1484375
20241022040000 63064.0 41.916672 -69.75 5.7890625 269.765625 0.1875 1.0625 -999.9 0.734375 8.2734375 8.1328125 5.8203125 4.4375 3.765625 144.765625 54.6171875 0.3359375 2.8984375 2.8671875 2.5625 2.3984375 2.2578125 268.578125 23.2421875 0.65625 8.2734375 8.1328125 6.6640625 5.6953125 5.140625 132.546875 36.4453125
20241022050000 63064.0 41.916672 -69.75 5.234375 277.1796875 0.1640625 1.0078125 -999.9 0.7109375 8.2734375 8.296875 6.109375 4.671875 3.9375 137.1875 52.5234375 0.28125 2.8984375 2.8125 2.4765625 2.3203125 2.1796875 276.6328125 20.7265625 0.6484375 8.2734375 8.296875 6.7890625 5.7734375 5.1796875 130.265625 37.4140625
20241022060000 63064.0 41.916672 -69.75 4.546875 282.9140625 0.140625 0.9453125 -999.9 0.6796875 9.1015625 8.6875 6.453125 5.0 4.1796875 130.3515625 48.1796875 0.203125 2.640625 2.6015625 2.265625 2.1171875 1.9921875 281.828125 16.5625 0.6484375 9.1015625 8.6875 6.859375 5.765625 5.109375 127.796875 39.9453125
20241022070000 63064.0 41.916672 -69.75 3.859375 291.0859375 0.1171875 0.890625 -999.9 0.6640625 9.1015625 8.765625 6.71875 5.28125 4.3828125 126.3046875 44.1171875 0.125 2.3984375 2.2890625 1.953125 1.828125 1.7265625 290.546875 12.28125 0.65625 9.1015625 8.765625 6.8984375 5.6796875 4.9140625 125.8671875 41.4375
20241022080000 63064.0 41.916672 -69.75 3.2578125 298.5625 0.09375 0.8359375 -999.9 0.65625 9.1015625 8.8203125 6.9765625 5.59375 4.625 123.7578125 39.203125 0.0546875 1.984375 0.0 1.6484375 1.546875 1.4609375 296.2890625 7.15625 0.6484375 9.1015625 8.8203125 7.015625 5.6796875 4.7578125 123.75 39.0625
20241022090000 63064.0 41.916672 -69.75 2.765625 310.375 0.078125 0.7890625 -999.9 0.640625 9.1015625 8.84375 7.2578125 5.9921875 4.984375 121.8671875 32.4375 0.0 1.0 0.0 1.0 1.0 1.0 180.0 0.0 0.640625 9.1015625 8.84375 7.2578125 5.9921875 4.984375 121.8671875 32.4375
20241022100000 63064.0 41.916672 -69.75 2.4296875 340.671875 0.0703125 0.75 -999.9 0.6328125 9.1015625 8.8515625 7.484375 6.3984375 5.421875 120.6953125 26.390625 0.0 1.0 0.0 1.0 1.0 1.0 180.0 0.0 0.6328125 9.1015625 8.8515625 7.484375 6.3984375 5.421875 120.6953125 26.390625
20241022110000 63064.0 41.916672 -69.75 2.4453125 356.6875 0.0703125 0.75 -999.9 0.6328125 9.1015625 8.8359375 7.640625 6.7578125 5.90625 120.0234375 22.203125 0.0 1.0 0.0 1.0 1.0 1.0 180.0 0.0 0.6328125 9.1015625 8.8359375 7.640625 6.7578125 5.90625 120.0234375 22.203125
20241022120000 63064.0 41.916672 -69.75 2.0390625 17.0390625 0.0546875 0.703125 -999.9 0.6328125 9.1015625 8.7890625 7.7265625 7.015625 6.3515625 119.6484375 19.9453125 0.0 1.0 0.0 1.0 1.0 1.0 180.0 0.0 0.6328125 9.1015625 8.7890625 7.7265625 7.015625 6.3515625 119.6484375 19.9453125
20241022130000 63064.0 41.916672 -69.75 1.375 46.4765625 0.03125 0.625 -999.9 0.6328125 9.1015625 8.7265625 7.7734375 7.1484375 6.625 119.40625 18.9765625 0.0 1.0 0.0 1.0 1.0 1.0 180.0 0.0 0.6328125 9.1015625 8.7265625 7.7734375 7.1484375 6.625 119.40625 18.9765625
20241022140000 63064.0 41.916672 -69.75 1.0546875 75.5234375 0.0234375 0.5859375 -999.9 0.6328125 8.2734375 8.625 7.78125 7.203125 6.7421875 119.21875 18.546875 0.0 1.0 0.0 1.0 1.0 1.0 180.0 0.0 0.6328125 8.2734375 8.625 7.78125 7.203125 6.7421875 119.21875 18.546875
20241022150000 63064.0 41.916672 -69.75 0.9296875 86.0546875 0.0234375 0.5625 -999.9 0.640625 8.2734375 8.5234375 7.78125 7.21875 6.78125 119.046875 18.265625 0.0 1.0 0.0 1.0 1.0 1.0 180.0 0.0 0.640625 8.2734375 8.5234375 7.78125 7.21875 6.78125 119.046875 18.265625
20241022160000 63064.0 41.916672 -69.75 0.8359375 79.4375 0.0234375 0.546875 -999.9 0.640625 8.2734375 8.4609375 7.7734375 7.2265625 6.796875 118.8828125 18.046875 0.0 1.0 0.0 1.0 1.0 1.0 180.0 0.0 0.640625 8.2734375 8.4609375 7.7734375 7.2265625 6.796875 118.8828125 18.046875
20241022170000 63064.0 41.916672 -69.75 0.9140625 67.7109375 0.0234375 0.5625 -999.9 0.640625 8.2734375 8.421875 7.765625 7.2265625 6.8046875 118.7109375 17.8515625 0.0 1.0 0.0 1.0 1.0 1.0 180.0 0.0 0.640625 8.2734375 8.421875 7.765625 7.2265625 6.8046875 118.7109375 17.8515625
20241022180000 63064.0 41.916672 -69.75 1.1328125 75.0390625 0.03125 0.59375 -999.9 0.640625 8.2734375 8.390625 7.75 7.21875 6.8046875 118.53125 17.671875 0.0 1.0 0.0 1.0 1.0 1.0 180.0 0.0 0.640625 8.2734375 8.390625 7.75 7.21875 6.8046875 118.53125 17.671875
20241022190000 63064.0 41.916672 -69.75 1.515625 93.203125 0.0390625 0.6484375 -999.9 0.640625 8.2734375 8.359375 7.734375 7.2109375 6.8046875 118.359375 17.484375 0.0 1.0 0.0 1.0 1.0 1.0 180.0 0.0 0.640625 8.2734375 8.359375 7.734375 7.2109375 6.8046875 118.359375 17.484375
20241022200000 63064.0 41.916672 -69.75 1.7578125 105.484375 0.046875 0.671875 -999.9 0.640625 8.2734375 8.328125 7.7265625 7.2109375 6.8046875 118.1875 17.3125 0.0 1.0 0.0 1.0 1.0 1.0 180.0 0.0 0.640625 8.2734375 8.328125 7.7265625 7.2109375 6.8046875 118.1875 17.3125
20241022210000 63064.0 41.916672 -69.75 1.8203125 109.2421875 0.046875 0.6796875 -999.9 0.6328125 8.2734375 8.296875 7.71875 7.2109375 6.8125 118.0078125 17.1328125 0.0 1.0 0.0 1.0 1.0 1.0 180.0 0.0 0.6328125 8.2734375 8.296875 7.71875 7.2109375 6.8125 118.0078125 17.1328125
20241022220000 63064.0 41.916672 -69.75 2.8671875 118.8671875 0.078125 0.78125 -999.9 0.6328125 8.2734375 8.265625 7.7109375 7.21875 6.8203125 117.8203125 16.9609375 0.0 1.0 0.0 1.0 1.0 1.0 180.0 0.0 0.6328125 8.2734375 8.265625 7.7109375 7.21875 6.8203125 117.8203125 16.9609375
20241022230000 63064.0 41.916672 -69.75 3.3359375 128.8515625 0.09375 0.828125 -999.9 0.6328125 8.2734375 8.2421875 7.7109375 7.2265625 6.84375 117.6171875 16.796875 0.0078125 1.984375 0.0 1.6484375 1.546875 1.4609375 139.484375 4.75 0.6328125 8.2734375 8.2421875 7.7109375 7.2265625 6.84375 117.6171875 16.796875
20241023000000 63064.0 41.916672 -69.75 3.640625 140.6171875 0.109375 0.8515625 -999.9 0.6328125 8.2734375 8.2265625 7.71875 7.234375 6.859375 117.390625 16.6484375 0.0234375 1.984375 0.0 1.7578125 1.6484375 1.546875 153.34375 7.8515625 0.6328125 8.2734375 8.2265625 7.7265625 7.265625 6.9296875 117.3828125 16.6328125
20241023010000 63064.0 41.916672 -69.75 3.921875 150.984375 0.1171875 0.875 -999.9 0.640625 8.2734375 8.2109375 7.7265625 7.2421875 6.8671875 117.15625 16.5078125 0.03125 2.1796875 2.1875 1.890625 1.765625 1.65625 160.1484375 10.921875 0.6328125 8.2734375 8.2109375 7.7421875 7.3046875 7.015625 117.109375 16.4453125
20241023020000 63064.0 41.916672 -69.75 4.1640625 156.40625 0.125 0.890625 -999.9 0.640625 8.2734375 8.203125 7.7265625 7.234375 6.8203125 116.921875 16.3828125 0.046875 2.3984375 2.359375 1.9921875 1.84375 1.734375 163.578125 12.1484375 0.640625 8.2734375 8.203125 7.7578125 7.34375 7.078125 116.8046875 16.2265625
20241023030000 63064.0 41.916672 -69.75 4.2578125 163.4296875 0.125 0.8984375 -999.9 0.640625 8.2734375 8.203125 7.7265625 7.1953125 6.6953125 116.6953125 16.28125 0.0546875 1.984375 0.0 1.96875 1.8203125 1.703125 166.4140625 12.6796875 0.640625 8.2734375 8.203125 7.7734375 7.3671875 7.1171875 116.515625 16.015625
20241023040000 63064.0 41.916672 -69.75 4.1875 168.2890625 0.125 0.8984375 -999.9 0.640625 8.2734375 8.203125 7.71875 7.125 6.5 116.4765625 16.2109375 0.0703125 1.984375 0.0 1.8671875 1.7265625 1.6171875 167.0625 12.09375 0.640625 8.2734375 8.203125 7.78125 7.3828125 7.1328125 116.265625 15.890625
20241023050000 63064.0 41.916672 -69.75 4.5703125 172.234375 0.140625 0.9375 -999.9 0.6484375 8.2734375 8.21875 7.6796875 6.9375 6.078125 116.3203125 16.2421875 0.09375 1.984375 0.0 1.890625 1.734375 1.6171875 169.015625 12.59375 0.640625 8.2734375 8.21875 7.8046875 7.421875 7.1875 115.9140625 15.578125
20241023060000 63064.0 41.916672 -69.75 5.125 176.7578125 0.1640625 1.015625 -999.9 0.6640625 8.2734375 8.2265625 7.4921875 6.2734375 5.0 116.5546875 16.96875 0.15625 1.984375 0.0 1.890625 1.71875 1.6015625 170.609375 15.3203125 0.640625 8.2734375 8.2265625 7.8359375 7.46875 7.25 115.5234375 15.1640625
20241023070000 63064.0 41.916672 -69.75 5.640625 181.7734375 0.1875 1.0859375 -999.9 0.703125 8.2734375 8.2421875 6.890625 5.109375 3.953125 120.828125 23.3515625 0.28125 2.1796875 2.2578125 2.140625 1.9765625 1.8515625 173.8984375 20.703125 0.6484375 8.2734375 8.2421875 7.796875 7.328125 6.953125 115.1953125 14.7734375
20241023080000 63064.0 41.916672 -69.75 6.1953125 187.328125 0.203125 1.09375 -999.9 0.7265625 8.2734375 8.25 6.703125 5.0546875 4.078125 124.0703125 27.28125 0.3203125 2.640625 2.6015625 2.4375 2.28125 2.15625 177.328125 21.9609375 0.6484375 8.2734375 8.25 7.7578125 7.2265625 6.78125 115.015625 14.7578125
20241023090000 63064.0 41.916672 -69.75 6.7890625 190.921875 0.2265625 1.1328125 -999.9 0.75 8.2734375 8.265625 6.4921875 4.90625 4.03125 127.03125 30.1640625 0.375 2.8984375 2.8515625 2.640625 2.46875 2.328125 178.7421875 22.46875 0.65625 8.2734375 8.265625 7.7421875 7.21875 6.796875 114.734375 15.0078125
20241023100000 63064.0 41.916672 -69.75 7.2265625 196.09375 0.25 1.1796875 -999.9 0.7890625 8.2734375 8.2890625 6.203125 4.640625 3.84375 130.8359375 33.0234375 0.4296875 3.1875 3.046875 2.765625 2.5625 2.40625 181.2890625 21.921875 0.6640625 8.2734375 8.2890625 7.65625 7.0546875 6.5703125 114.796875 15.8125
20241023110000 63064.0 41.916672 -69.75 6.5546875 195.3984375 0.21875 1.140625 -999.9 0.8125 8.2734375 8.3046875 6.0703125 4.5703125 3.8125 132.4921875 34.15625 0.4375 3.1875 3.171875 2.8125 2.59375 2.421875 183.796875 21.125 0.6796875 8.2734375 8.3046875 7.4453125 6.734375 6.21875 116.1015625 18.265625
20241023120000 63064.0 41.916672 -69.75 7.5625 198.703125 0.265625 1.2265625 -999.9 0.84375 8.2734375 8.3359375 5.859375 4.40625 3.6953125 135.4375 35.8125 0.5078125 3.5078125 3.3828125 2.9296875 2.6875 2.5 182.3203125 22.296875 0.671875 8.2734375 8.3359375 7.5078125 6.8515625 6.359375 114.8046875 17.8203125
20241023130000 63064.0 41.916672 -69.75 7.3984375 197.59375 0.2578125 1.2265625 -999.9 0.875 8.2734375 8.375 5.6875 4.3125 3.6484375 138.375 36.96875 0.546875 3.5078125 3.453125 3.015625 2.765625 2.5625 182.796875 22.5546875 0.6796875 8.2734375 8.375 7.421875 6.75 6.265625 115.0546875 18.796875
20241023140000 63064.0 41.916672 -69.75 7.4140625 197.4765625 0.2578125 1.2265625 -999.9 0.890625 8.2734375 8.4140625 5.609375 4.28125 3.640625 139.7734375 37.328125 0.5703125 3.5078125 3.5078125 3.078125 2.8125 2.6015625 183.0546875 22.5625 0.6875 8.2734375 8.4140625 7.3359375 6.6484375 6.1640625 115.484375 19.4609375
20241023150000 63064.0 41.916672 -69.75 7.03125 198.9609375 0.2421875 1.1953125 -999.9 0.890625 8.2734375 8.4453125 5.625 4.3125 3.671875 139.4609375 37.1796875 0.5390625 3.5078125 3.53125 3.0390625 2.7734375 2.5703125 185.28125 21.8984375 0.703125 8.2734375 8.4453125 7.1328125 6.3984375 5.90625 117.4921875 21.0625
20241023160000 63064.0 41.916672 -69.75 6.953125 197.6484375 0.2421875 1.1875 -999.9 0.875 8.2734375 8.453125 5.65625 4.34375 3.6953125 138.484375 36.8125 0.5234375 3.5078125 3.53125 3.0234375 2.7578125 2.5546875 184.7890625 21.9140625 0.703125 8.2734375 8.453125 7.1328125 6.3984375 5.9140625 117.4375 21.0625
20241023170000 63064.0 41.916672 -69.75 7.0625 195.3984375 0.2421875 1.1953125 -999.9 0.875 8.2734375 8.4296875 5.65625 4.3359375 3.6796875 138.15625 36.5234375 0.53125 3.5078125 3.5078125 3.0390625 2.7734375 2.5625 183.2421875 22.0078125 0.6953125 8.2734375 8.4296875 7.1875 6.484375 5.9921875 116.546875 20.1953125
20241023180000 63064.0 41.916672 -69.75 7.2734375 194.421875 0.25 1.2109375 -999.9 0.875 8.2734375 8.390625 5.609375 4.2890625 3.6484375 138.59375 36.4765625 0.546875 3.5078125 3.5234375 3.0625 2.796875 2.5859375 181.6484375 22.296875 0.6796875 8.2734375 8.390625 7.265625 6.6015625 6.140625 115.53125 19.125
20241023190000 63064.0 41.916672 -69.75 7.5234375 194.046875 0.265625 1.234375 -999.9 0.8828125 8.2734375 8.34375 5.5390625 4.2421875 3.6171875 139.5703125 36.6640625 0.578125 3.5078125 3.546875 3.1015625 2.8359375 2.625 180.1953125 22.890625 0.671875 8.2734375 8.34375 7.34375 6.7109375 6.2578125 114.4921875 18.140625
20241023200000 63064.0 41.916672 -69.75 7.90625 194.578125 0.28125 1.2734375 -999.9 0.8984375 8.2734375 8.3046875 5.4375 4.171875 3.5703125 141.2265625 37.1171875 0.6015625 3.5078125 3.546875 3.125 2.8515625 2.640625 180.515625 23.15625 0.6640625 8.2734375 8.3046875 7.328125 6.6953125 6.2421875 114.28125 17.65625
20241023210000 63064.0 41.916672 -69.75 8.0234375 196.1875 0.2890625 1.28125 -999.9 0.9140625 8.2734375 8.28125 5.3671875 4.1328125 3.546875 142.6484375 37.6484375 0.625 3.5078125 3.5859375 3.1484375 2.875 2.6640625 181.3203125 23.5234375 0.671875 8.2734375 8.28125 7.2890625 6.640625 6.1953125 114.3359375 17.6015625
20241023220000 63064.0 41.916672 -69.75 7.75 203.34375 0.2734375 1.2578125 -999.9 0.90625 8.2734375 8.265625 5.3828125 4.1484375 3.5625 142.734375 38.46875 0.5859375 3.5078125 3.546875 3.078125 2.8125 2.609375 187.0390625 22.90625 0.6953125 8.2734375 8.265625 7.0078125 6.2265625 5.71875 116.96875 19.46875
20241023230000 63064.0 41.916672 -69.75 7.703125 202.7265625 0.2734375 1.25 -999.9 0.8984375 8.2734375 8.2578125 5.4140625 4.1640625 3.5703125 142.421875 39.21875 0.578125 3.5078125 3.53125 3.0703125 2.8046875 2.59375 188.09375 23.3984375 0.6875 8.2734375 8.2578125 7.0625 6.3125 5.84375 116.2421875 19.5546875
20241024000000 63064.0 41.916672 -69.75 7.4296875 202.4140625 0.2578125 1.2265625 -999.9 0.890625 8.2734375 8.2734375 5.453125 4.1875 3.5859375 141.5703125 39.5625 0.5625 3.5078125 3.5234375 3.0625 2.796875 2.59375 188.484375 23.375 0.6875 8.2734375 8.2734375 7.09375 6.328125 5.828125 115.546875 19.78125
20241024010000 63064.0 41.916672 -69.75 7.375 200.484375 0.2578125 1.21875 -999.9 0.8828125 8.2734375 8.2890625 5.5 4.203125 3.59375 140.578125 39.71875 0.5546875 3.5078125 3.5078125 3.046875 2.7890625 2.5859375 188.0859375 23.2421875 0.6796875 8.2734375 8.2890625 7.15625 6.4140625 5.9453125 114.6328125 19.9765625
20241024020000 63064.0 41.916672 -69.75 7.5 198.421875 0.265625 1.234375 -999.9 0.8828125 8.2734375 8.328125 5.4921875 4.1953125 3.5859375 140.34375 39.8828125 0.5703125 3.5078125 3.5234375 3.078125 2.8125 2.609375 185.9921875 23.5625 0.6640625 8.2734375 8.328125 7.28125 6.5859375 6.109375 112.75 19.234375
20241024030000 63064.0 41.916672 -69.75 7.4921875 198.015625 0.265625 1.234375 -999.9 0.8828125 8.2734375 8.375 5.4765625 4.1875 3.578125 140.3203125 40.03125 0.578125 3.5078125 3.5234375 3.0859375 2.8203125 2.6171875 185.5234375 23.3828125 0.671875 8.2734375 8.375 7.2734375 6.5703125 6.09375 112.3203125 19.734375
20241024040000 63064.0 41.916672 -69.75 7.1875 200.484375 0.25 1.2109375 -999.9 0.8828125 8.2734375 8.4375 5.515625 4.21875 3.609375 139.2734375 40.1640625 0.5546875 3.5078125 3.5078125 3.0390625 2.78125 2.578125 187.8203125 22.7734375 0.6875 8.2734375 8.4375 7.125 6.3671875 5.8828125 113.5703125 21.28125
20241024050000 63064.0 41.916672 -69.75 6.7421875 202.7890625 0.2265625 1.1640625 -999.9 0.8671875 8.2734375 8.53125 5.609375 4.296875 3.65625 136.8828125 40.0625 0.5 3.5078125 3.453125 2.9609375 2.703125 2.5 191.53125 21.546875 0.703125 8.2734375 8.53125 6.953125 6.1171875 5.59375 115.2265625 23.2578125
20241024060000 63064.0 41.916672 -69.75 6.3203125 204.1171875 0.2109375 1.125 -999.9 0.8359375 8.2734375 8.65625 5.75 4.390625 3.71875 133.53125 39.515625 0.4453125 3.5078125 3.4140625 2.859375 2.609375 2.421875 193.5859375 20.71875 0.7109375 8.2734375 8.65625 6.8984375 6.0234375 5.4765625 115.5859375 24.5078125
20241024070000 63064.0 41.916672 -69.75 6.2734375 198.7734375 0.2109375 1.1171875 -999.9 0.8125 9.1015625 8.71875 5.8671875 4.46875 3.7578125 130.4453125 38.703125 0.4375 3.5078125 3.40625 2.8515625 2.609375 2.4140625 189.921875 21.1171875 0.6875 9.1015625 8.71875 7.078125 6.2578125 5.7265625 112.7421875 23.015625
20241024080000 63064.0 41.916672 -69.75 6.046875 198.078125 0.203125 1.1015625 -999.9 0.796875 9.1015625 8.75 5.9765625 4.5390625 3.796875 127.65625 37.6875 0.40625 3.1875 3.25 2.7734375 2.5390625 2.3515625 189.5859375 20.5078125 0.6875 9.1015625 8.75 7.09375 6.265625 5.71875 112.1015625 22.9375
20241024090000 63064.0 41.916672 -69.75 4.796875 224.140625 0.1484375 0.984375 -999.9 0.765625 9.1015625 8.7578125 6.21875 4.796875 4.0 122.96875 35.5390625 0.21875 2.640625 2.6171875 2.1875 2.015625 1.8828125 212.03125 16.671875 0.734375 9.1015625 8.7578125 6.578125 5.46875 4.828125 119.1015625 30.59375
20241024100000 63064.0 41.916672 -69.75 3.109375 235.2734375 0.0859375 0.828125 -999.9 0.7265625 9.1015625 8.7578125 6.53125 5.1953125 4.3671875 117.78125 31.7734375 0.0 1.0 0.0 1.0 1.0 1.0 180.0 0.0 0.7265625 9.1015625 8.7578125 6.53125 5.1953125 4.3671875 117.78125 31.7734375
20241024110000 63064.0 41.916672 -69.75 2.46875 255.4375 0.0703125 0.75 -999.9 0.6953125 9.1015625 8.7578125 6.78125 5.5546875 4.703125 113.921875 28.2421875 0.0 1.0 0.0 1.0 1.0 1.0 180.0 0.0 0.6953125 9.1015625 8.7578125 6.78125 5.5546875 4.703125 113.921875 28.2421875
20241024120000 63064.0 41.916672 -69.75 3.0625 287.9375 0.0859375 0.8046875 -999.9 0.6796875 9.1015625 8.7421875 6.9609375 5.8515625 5.03125 111.234375 25.390625 0.0 1.0 0.0 1.0 1.0 1.0 180.0 0.0 0.6796875 9.1015625 8.7421875 6.9609375 5.8515625 5.03125 111.234375 25.390625
20241024130000 63064.0 41.916672 -69.75 5.0234375 322.046875 0.15625 0.953125 -999.9 0.6640625 9.1015625 8.7265625 7.0859375 6.1015625 5.328125 109.40625 23.3125 0.0078125 1.984375 0.0 2.015625 1.84375 1.7109375 313.2890625 17.390625 0.6640625 9.1015625 8.7265625 7.0859375 6.1015625 5.328125 109.40625 23.2890625
20241024140000 63064.0 41.916672 -69.75 6.375 343.2578125 0.203125 1.0390625 -999.9 0.6484375 9.1015625 8.6953125 7.15625 6.2578125 5.5234375 108.1015625 22.0234375 0.03125 1.984375 0.0 1.9296875 1.7578125 1.640625 330.9921875 20.8828125 0.6484375 9.1015625 8.6953125 7.171875 6.296875 5.5859375 108.140625 21.7734375
20241024150000 63064.0 41.916672 -69.75 7.4453125 359.0390625 0.25 1.1328125 -999.9 0.6484375 8.2734375 8.65625 7.046875 5.8671875 4.828125 106.6875 23.25 0.1171875 1.984375 0.0 1.8125 1.6640625 1.5625 342.15625 19.6953125 0.6328125 8.2734375 8.65625 7.234375 6.453125 5.8046875 107.25 20.6796875
20241024160000 63064.0 41.916672 -69.75 8.7890625 3.8984375 0.3125 1.28125 -999.9 0.75 8.2734375 8.5703125 5.8046875 4.2421875 3.5234375 84.6640625 50.1328125 0.4140625 2.640625 2.6640625 2.4921875 2.3515625 2.2265625 354.4296875 25.359375 0.625 8.2734375 8.5703125 7.2578125 6.5546875 6.0234375 106.453125 23.375
20241024170000 63064.0 41.916672 -69.75 9.78125 5.875 0.3671875 1.3828125 -999.9 0.8515625 8.2734375 8.5078125 5.21875 3.9375 3.390625 60.609375 54.40625 0.59375 3.1875 3.1796875 2.90625 2.7109375 2.546875 359.078125 25.9140625 0.6171875 8.2734375 8.5078125 7.34375 6.765625 6.34375 105.9140625 22.3125
20241024180000 63064.0 41.916672 -69.75 9.9609375 12.0390625 0.3828125 1.4609375 -999.9 1.0 8.2734375 8.4453125 4.796875 3.796875 3.3359375 40.4140625 52.359375 0.7890625 3.859375 3.71875 3.265625 3.0 2.78125 4.203125 26.59375 0.609375 8.2734375 8.4453125 7.328125 6.7734375 6.375 105.515625 27.375
20241024190000 63064.0 41.916672 -69.75 9.8125 9.9375 0.375 1.4453125 -999.9 1.1171875 4.25 4.1484375 4.7265625 3.9140625 3.4921875 31.2109375 49.3515625 0.9375 4.25 4.1328125 3.6171875 3.3125 3.0625 6.0625 26.7109375 0.6171875 8.2734375 8.3984375 7.2890625 6.7265625 6.2890625 105.0859375 29.9375
20241024200000 63064.0 41.916672 -69.75 9.8671875 4.1953125 0.375 1.4375 -999.9 1.21875 4.671875 4.4921875 4.7734375 4.0546875 3.6484375 24.8359375 47.7109375 1.046875 4.671875 4.4609375 3.8984375 3.5625 3.2890625 4.125 26.046875 0.625 8.2734375 8.359375 7.203125 6.5703125 6.078125 104.140625 30.3828125
20241024210000 63064.0 41.916672 -69.75 10.015625 1.2890625 0.3828125 1.453125 -999.9 1.3046875 4.671875 4.671875 4.8515625 4.171875 3.765625 20.1171875 46.96875 1.1328125 4.671875 4.6484375 4.109375 3.7421875 3.453125 2.09375 25.7421875 0.640625 8.2734375 8.3125 7.2265625 6.53125 5.984375 104.8828125 30.6015625
20241024220000 63064.0 41.916672 -69.75 8.9921875 357.3828125 0.328125 1.359375 -999.9 1.328125 5.140625 4.921875 5.0078125 4.3046875 3.8828125 19.3203125 48.3203125 1.125 4.671875 4.859375 4.2109375 3.828125 3.5234375 359.6015625 24.296875 0.703125 8.2734375 8.265625 7.0390625 6.265625 5.703125 100.46875 38.8671875
20241024230000 63064.0 41.916672 -69.75 8.8359375 357.8203125 0.3203125 1.34375 -999.9 1.3203125 5.140625 5.0 5.171875 4.3984375 3.9453125 22.1328125 50.96875 1.1015625 5.140625 4.96875 4.2421875 3.8515625 3.5390625 359.4375 24.1875 0.734375 8.2734375 8.21875 7.234375 6.4140625 5.8203125 104.9609375 39.390625
20241025000000 63064.0 41.916672 -69.75 9.015625 357.8515625 0.3359375 1.359375 -999.9 1.34375 5.140625 5.0078125 5.34375 4.4765625 3.9921875 27.03125 53.875 1.09375 5.140625 4.96875 4.234375 3.828125 3.515625 0.015625 24.09375 0.78125 8.2734375 8.1875 7.5 6.6484375 6.0390625 111.171875 37.7734375
20241025010000 63064.0 41.916672 -69.75 9.171875 1.40625 0.3359375 1.375 -999.9 1.390625 5.140625 4.9921875 5.578125 4.6015625 4.078125 34.859375 56.734375 1.109375 5.140625 4.9609375 4.234375 3.8359375 3.515625 2.8203125 24.3984375 0.8359375 8.2734375 8.203125 7.9296875 7.0859375 6.46875 120.140625 34.3828125
20241025020000 63064.0 41.916672 -69.75 9.859375 3.6328125 0.375 1.4375 -999.9 1.5 5.140625 5.0 5.890625 4.7890625 4.2109375 44.71875 58.7578125 1.171875 5.140625 4.96875 4.28125 3.875 3.5625 6.140625 24.8828125 0.9296875 11.015625 10.7265625 8.453125 7.65625 7.0234375 127.328125 28.1640625
20241025030000 63064.0 41.916672 -69.75 10.2578125 4.359375 0.390625 1.4765625 -999.9 1.6640625 11.015625 10.671875 6.2890625 5.0703125 4.4375 55.4375 59.6328125 1.265625 5.140625 5.046875 4.3828125 3.96875 3.640625 8.4765625 24.8671875 1.0859375 11.015625 10.671875 8.8671875 8.125 7.515625 129.46875 25.15625
20241025040000 63064.0 41.916672 -69.75 10.5546875 3.515625 0.40625 1.5078125 -999.9 1.859375 11.015625 10.5546875 6.6875 5.390625 4.6953125 65.0234375 59.5 1.359375 5.140625 5.15625 4.53125 4.09375 3.75 10.328125 25.0859375 1.265625 11.015625 10.5546875 9.1875 8.5078125 7.953125 129.8046875 23.09375
20241025050000 63064.0 41.916672 -69.75 10.703125 359.0703125 0.421875 1.5234375 -999.9 2.03125 10.015625 10.328125 6.9765625 5.65625 4.9140625 69.6015625 59.03125 1.4375 5.65625 5.421875 4.6484375 4.203125 3.84375 9.2734375 25.0625 1.4375 10.015625 10.328125 9.28125 8.609375 8.0703125 126.7734375 25.078125
20241025060000 63064.0 41.916672 -69.75 10.7734375 0.1328125 0.421875 1.53125 -999.9 2.1640625 10.015625 10.2890625 7.140625 5.828125 5.0703125 69.3203125 58.3125 1.515625 5.65625 5.578125 4.8046875 4.328125 3.953125 9.2734375 25.1875 1.546875 10.015625 10.2890625 9.3828125 8.7265625 8.21875 124.484375 26.25
20241025070000 63064.0 41.916672 -69.75 10.34375 2.5 0.3984375 1.4921875 -999.9 2.25 10.015625 10.4375 7.2734375 5.9765625 5.2109375 68.734375 57.234375 1.5546875 5.65625 5.7109375 4.921875 4.4296875 4.046875 9.8671875 25.1015625 1.625 10.015625 10.4375 9.4375 8.7890625 8.28125 121.421875 28.453125
20241025080000 63064.0 41.916672 -69.75 10.1640625 2.546875 0.390625 1.4765625 -999.9 2.28125 11.015625 10.59375 7.3671875 6.0703125 5.2890625 67.84375 56.25 1.5625 6.21875 5.9296875 5.0 4.5 4.1015625 9.9453125 25.0 1.6640625 11.015625 10.59375 9.4609375 8.796875 8.265625 118.28125 29.875
20241025090000 63064.0 41.916672 -69.75 10.0625 358.5703125 0.3828125 1.4609375 -999.9 2.2890625 11.015625 10.6640625 7.40625 6.109375 5.3203125 66.0078125 55.703125 1.53125 6.21875 5.96875 4.9765625 4.46875 4.0703125 7.3828125 24.8671875 1.703125 11.015625 10.6640625 9.3671875 8.6875 8.15625 113.0234375 32.5625
20241025100000 63064.0 41.916672 -69.75 9.4921875 1.3046875 0.359375 1.4140625 -999.9 2.265625 11.015625 10.6796875 7.453125 6.1484375 5.359375 65.109375 55.0390625 1.46875 5.65625 5.8984375 4.9296875 4.421875 4.03125 6.6875 24.3125 1.734375 11.015625 10.6796875 9.2578125 8.546875 8.0 108.1796875 36.5
20241025110000 63064.0 41.916672 -69.75 9.5078125 358.96875 0.359375 1.40625 -999.9 2.2421875 11.015625 10.6640625 7.4765625 6.1640625 5.359375 64.6015625 54.4140625 1.4140625 6.21875 5.96875 4.8828125 4.375 3.984375 5.2734375 24.203125 1.734375 11.015625 10.6640625 9.203125 8.46875 7.921875 104.796875 37.0703125
20241025120000 63064.0 41.916672 -69.75 9.1953125 357.0546875 0.34375 1.3828125 -999.9 2.203125 11.015625 10.625 7.5078125 6.1796875 5.3671875 64.5390625 53.9375 1.3359375 6.21875 5.9375 4.7734375 4.2734375 3.890625 3.1328125 24.0625 1.7578125 11.015625 10.625 9.0859375 8.328125 7.765625 100.46875 38.703125
20241025130000 63064.0 41.916672 -69.75 8.8984375 357.78125 0.328125 1.3515625 -999.9 2.171875 11.015625 10.5546875 7.5546875 6.2109375 5.3828125 65.3125 53.3515625 1.25 5.65625 5.7265625 4.65625 4.1640625 3.7890625 2.125 23.921875 1.7734375 11.015625 10.5546875 9.0 8.2265625 7.6796875 97.015625 40.171875
20241025140000 63064.0 41.916672 -69.75 8.5 359.1796875 0.3125 1.3203125 -999.9 2.1328125 10.015625 10.4765625 7.625 6.2578125 5.421875 66.6796875 52.5 1.15625 5.65625 5.59375 4.5234375 4.0390625 3.6796875 1.7109375 23.546875 1.7890625 10.015625 10.4765625 8.9140625 8.109375 7.5703125 93.6953125 41.40625
20241025150000 63064.0 41.916672 -69.75 7.9609375 356.1640625 0.28125 1.2734375 -999.9 2.09375 10.015625 10.4140625 7.71875 6.3359375 5.4765625 68.484375 51.46875 0.9765625 5.65625 5.4296875 4.171875 3.734375 3.4140625 357.21875 23.3984375 1.8515625 10.015625 10.4140625 8.7109375 7.8671875 7.3359375 87.4921875 43.109375
20241025160000 63064.0 41.916672 -69.75 7.3203125 351.5625 0.2578125 1.21875 -999.9 2.0625 10.015625 10.3828125 7.8515625 6.453125 5.578125 70.671875 50.2578125 0.7890625 4.671875 4.8125 3.7421875 3.375 3.1015625 351.6875 23.1953125 1.90625 10.015625 10.3828125 8.5625 7.65625 7.1171875 82.7421875 44.1953125
20241025170000 63064.0 41.916672 -69.75 6.4609375 344.4765625 0.21875 1.140625 -999.9 2.0234375 10.015625 10.359375 8.015625 6.6171875 5.71875 73.140625 48.78125 0.5859375 3.859375 4.0234375 3.2421875 2.9453125 2.7265625 345.375 21.765625 1.9375 10.015625 10.359375 8.4453125 7.453125 6.8828125 79.53125 44.9921875
20241025180000 63064.0 41.916672 -69.75 5.5234375 338.8125 0.1796875 1.0546875 -999.9 1.984375 10.015625 10.34375 8.1796875 6.8046875 5.8984375 75.5625 47.078125 0.3984375 3.5078125 3.375 2.734375 2.5078125 2.3359375 339.4375 20.875 1.9453125 10.015625 10.34375 8.4140625 7.3359375 6.7109375 78.3515625 45.0546875
20241025190000 63064.0 41.916672 -69.75 5.015625 330.03125 0.15625 1.0078125 -999.9 1.9375 10.015625 10.3359375 8.3203125 6.9609375 6.0546875 77.4921875 45.390625 0.296875 3.1875 3.0390625 2.4453125 2.25 2.1015625 332.3046875 19.0234375 1.9140625 10.015625 10.3359375 8.4609375 7.328125 6.6484375 78.8671875 44.109375
20241025200000 63064.0 41.916672 -69.75 4.046875 325.4453125 0.125 0.9140625 -999.9 1.8828125 10.015625 10.34375 8.4296875 7.109375 6.21875 78.96875 43.8046875 0.15625 2.3984375 2.3046875 1.9375 1.8125 1.703125 326.4921875 16.7421875 1.875 10.015625 10.34375 8.4765625 7.265625 6.515625 79.2421875 43.4921875
20241025210000 63064.0 41.916672 -69.75 2.296875 319.75 0.0625 0.75 -999.9 1.8203125 10.015625 10.390625 8.4921875 7.21875 6.34375 80.1015625 42.421875 0.0 1.0 0.0 1.0 1.0 1.0 180.0 0.0 1.8203125 10.015625 10.390625 8.4921875 7.21875 6.34375 80.1015625 42.421875
20241025220000 63064.0 41.916672 -69.75 0.9921875 239.8203125 0.0234375 0.5703125 -999.9 1.75 10.015625 10.484375 8.53125 7.2734375 6.40625 81.0234375 41.25 0.0 1.0 0.0 1.0 1.0 1.0 180.0 0.0 1.75 10.015625 10.484375 8.53125 7.2734375 6.40625 81.0234375 41.25
20241025230000 63064.0 41.916672 -69.75 2.8203125 203.9453125 0.078125 0.78125 -999.9 1.6796875 11.015625 11.0234375 8.546875 7.3125 6.453125 81.828125 40.140625 0.0 1.0 0.0 1.0 1.0 1.0 180.0 0.0 1.6796875 11.015625 11.0234375 8.546875 7.3125 6.453125 81.828125 40.140625
20241026000000 63064.0 41.916672 -69.75 4.7109375 203.203125 0.140625 0.9296875 -999.9 1.609375 11.015625 10.9609375 8.5703125 7.359375 6.5 82.65625 39.0625 0.0078125 1.984375 0.0 1.84375 1.7109375 1.6015625 204.2734375 19.828125 1.609375 11.015625 10.9609375 8.5703125 7.359375 6.5 82.65625 39.0625
20241026010000 63064.0 41.916672 -69.75 6.1171875 217.9453125 0.1953125 1.0234375 -999.9 1.5390625 11.015625 10.8828125 8.6015625 7.40625 6.5546875 83.53125 38.046875 0.0234375 1.984375 0.0 1.9296875 1.7578125 1.640625 213.796875 20.515625 1.5390625 11.015625 10.8828125 8.609375 7.40625 6.5625 83.5234375 38.03125
20241026020000 63064.0 41.916672 -69.75 6.859375 229.421875 0.2265625 1.0859375 -999.9 1.46875 11.015625 10.8046875 8.625 7.3984375 6.4921875 84.4921875 37.1953125 0.078125 1.984375 0.0 1.828125 1.6796875 1.5703125 221.171875 19.2578125 1.46875 11.015625 10.8046875 8.6484375 7.46875 6.6328125 84.453125 37.078125
20241026030000 63064.0 41.916672 -69.75 7.0 232.65625 0.2578125 1.3125 -999.9 1.4453125 11.015625 10.7265625 8.34375 6.453125 5.0078125 86.4453125 39.2265625 0.328125 2.1796875 2.078125 1.859375 1.7265625 1.625 227.109375 22.6953125 1.40625 11.015625 10.7265625 8.6953125 7.5703125 6.8046875 85.484375 36.2421875
20241026040000 63064.0 41.916672 -69.75 6.8359375 234.5703125 0.234375 1.140625 -999.9 1.40625 11.015625 10.6171875 8.2109375 6.484375 5.359375 89.984375 45.09375 0.3984375 2.8984375 2.8046875 2.5859375 2.4375 2.3125 234.234375 26.4609375 1.34375 11.015625 10.6171875 8.7109375 7.609375 6.8671875 87.0546875 36.0078125
20241026050000 63064.0 41.916672 -69.75 6.84375 240.5546875 0.234375 1.1328125 -999.9 1.34375 10.015625 10.4609375 8.234375 6.5234375 5.3984375 91.546875 44.8515625 0.3828125 2.8984375 2.859375 2.625 2.46875 2.3359375 234.2421875 24.671875 1.2890625 10.015625 10.4609375 8.734375 7.6484375 6.90625 88.484375 35.734375
20241026060000 63064.0 41.916672 -69.75 6.875 242.8125 0.234375 1.1328125 -999.9 1.28125 10.015625 10.34375 8.2578125 6.546875 5.40625 93.2421875 44.3046875 0.359375 2.8984375 2.8203125 2.5625 2.4140625 2.28125 232.9921875 25.2109375 1.2265625 10.015625 10.34375 8.75 7.6875 6.96875 90.1328125 35.6328125
20241026070000 63064.0 41.916672 -69.75 6.9453125 245.109375 0.234375 1.1484375 -999.9 1.234375 10.015625 10.25 8.2265625 6.4609375 5.3046875 95.53125 44.8671875 0.3671875 2.8984375 2.796875 2.546875 2.390625 2.265625 232.3671875 26.1015625 1.1796875 10.015625 10.25 8.765625 7.7265625 7.0234375 91.921875 35.640625
20241026080000 63064.0 41.916672 -69.75 7.15625 251.515625 0.2421875 1.171875 -999.9 1.1953125 10.015625 10.1953125 8.140625 6.3046875 5.1328125 97.9765625 46.3671875 0.375 2.640625 2.7265625 2.5234375 2.3671875 2.2421875 238.3359375 27.609375 1.1328125 10.015625 10.1953125 8.7578125 7.7109375 7.015625 94.203125 36.15625
20241026090000 63064.0 41.916672 -69.75 6.984375 256.5546875 0.234375 1.1640625 -999.9 1.15625 10.015625 10.140625 8.0625 6.15625 4.9765625 100.0078125 47.984375 0.375 2.640625 2.7578125 2.5234375 2.359375 2.21875 246.8359375 29.5625 1.09375 10.015625 10.140625 8.7265625 7.6328125 6.90625 96.5390625 37.1953125
20241026100000 63064.0 41.916672 -69.75 6.0703125 257.3828125 0.203125 1.0859375 -999.9 1.109375 10.015625 10.09375 8.125 6.265625 5.078125 101.015625 47.5546875 0.328125 2.640625 2.703125 2.4765625 2.3125 2.171875 252.0234375 27.6171875 1.0625 10.015625 10.09375 8.6640625 7.484375 6.6796875 98.5078125 39.0
20241026110000 63064.0 41.916672 -69.75 6.0625 260.3125 0.203125 1.078125 -999.9 1.0625 10.015625 10.0390625 8.2265625 6.390625 5.1484375 101.8984375 46.3046875 0.296875 2.640625 2.625 2.390625 2.234375 2.1015625 257.5234375 27.1328125 1.0234375 10.015625 10.0390625 8.71875 7.5859375 6.7890625 100.0546875 38.46875
20241026120000 63064.0 41.916672 -69.75 6.3671875 264.0078125 0.2109375 1.1015625 -999.9 1.0390625 10.015625 9.9765625 8.2109375 6.3125 5.0546875 102.7421875 47.265625 0.3203125 2.640625 2.6171875 2.4296875 2.2734375 2.140625 266.0625 28.484375 0.984375 10.015625 9.9765625 8.8125 7.7578125 6.984375 101.171875 37.2109375
20241026130000 63064.0 41.916672 -69.75 6.7265625 263.0 0.2265625 1.125 -999.9 1.015625 10.015625 9.90625 8.1328125 6.1875 4.9375 104.0546875 49.2265625 0.34375 2.640625 2.6484375 2.4921875 2.3359375 2.2109375 267.3203125 28.875 0.953125 10.015625 9.90625 8.8828125 7.90625 7.1796875 102.03125 36.6796875
20241026140000 63064.0 41.916672 -69.75 6.71875 262.0546875 0.2265625 1.1328125 -999.9 1.0 10.015625 9.84375 8.0390625 6.0546875 4.828125 105.9296875 51.1875 0.3671875 2.640625 2.7578125 2.5390625 2.3828125 2.25 267.1796875 28.953125 0.9296875 10.015625 9.84375 8.8828125 7.9296875 7.203125 103.2578125 37.1953125
20241026150000 63064.0 41.916672 -69.75 6.9609375 263.6875 0.234375 1.1484375 -999.9 0.984375 10.015625 9.78125 7.9296875 5.90625 4.7109375 107.8515625 53.3046875 0.390625 2.8984375 2.84375 2.609375 2.453125 2.3125 269.375 29.1875 0.90625 10.015625 9.78125 8.90625 7.984375 7.265625 104.6484375 36.984375
20241026160000 63064.0 41.916672 -69.75 6.9140625 268.515625 0.234375 1.1484375 -999.9 0.9765625 10.015625 9.7265625 7.8125 5.78125 4.625 109.3828125 55.4296875 0.40625 2.8984375 2.9375 2.6875 2.515625 2.375 273.734375 28.328125 0.8828125 10.015625 9.7265625 8.9140625 8.015625 7.296875 106.15625 36.8828125
20241026170000 63064.0 41.916672 -69.75 6.671875 275.453125 0.2265625 1.125 -999.9 0.9609375 10.015625 9.6640625 7.765625 5.7421875 4.5859375 109.671875 56.4921875 0.4140625 2.8984375 3.03125 2.71875 2.5390625 2.390625 279.59375 27.421875 0.8671875 10.015625 9.6640625 8.8984375 8.0078125 7.265625 107.4375 37.21875
20241026180000 63064.0 41.916672 -69.75 5.953125 280.0078125 0.1953125 1.0703125 -999.9 0.9375 10.015625 9.5859375 7.828125 5.84375 4.6640625 108.375 55.7578125 0.359375 2.8984375 2.9140625 2.6484375 2.4609375 2.3125 286.0 24.296875 0.859375 10.015625 9.5859375 8.75 7.734375 6.9375 107.9296875 40.8125
20241026190000 63064.0 41.916672 -69.75 5.71875 286.6640625 0.1875 1.0546875 -999.9 0.90625 9.1015625 9.515625 7.90625 5.9609375 4.75 107.34375 54.625 0.3359375 2.8984375 2.8671875 2.59375 2.40625 2.2578125 294.2265625 21.765625 0.84375 9.1015625 9.515625 8.734375 7.7421875 6.9609375 108.4765625 41.4296875
20241026200000 63064.0 41.916672 -69.75 5.5546875 292.28125 0.1796875 1.0390625 -999.9 0.890625 9.1015625 9.453125 7.9375 6.0078125 4.7734375 106.90625 53.9296875 0.3203125 2.8984375 2.859375 2.5625 2.3828125 2.234375 298.8125 20.625 0.828125 9.1015625 9.453125 8.7578125 7.828125 7.0625 108.8125 40.796875
20241026210000 63064.0 41.916672 -69.75 6.171875 300.65625 0.203125 1.09375 -999.9 0.8828125 9.1015625 9.3984375 7.8046875 5.8046875 4.5859375 105.6875 55.5625 0.3828125 2.8984375 2.96875 2.75 2.53125 2.3671875 307.671875 20.0234375 0.796875 9.1015625 9.3984375 9.0 8.359375 7.765625 110.734375 34.2890625
20241026220000 63064.0 41.916672 -69.75 6.6328125 315.5234375 0.2265625 1.140625 -999.9 0.8984375 9.1015625 9.359375 7.4921875 5.453125 4.3359375 100.6875 59.9140625 0.4609375 3.1875 3.1796875 2.9296875 2.6875 2.5078125 315.640625 19.203125 0.7734375 9.1015625 9.359375 9.1015625 8.5390625 7.9375 112.15625 30.625
20241026230000 63064.0 41.916672 -69.75 8.6640625 328.7734375 0.3125 1.328125 -999.9 0.9765625 9.1015625 9.328125 6.7421875 4.796875 3.9140625 75.265625 67.90625 0.6171875 3.5078125 3.5 3.140625 2.8828125 2.671875 323.6875 20.015625 0.7578125 9.1015625 9.328125 9.1484375 8.671875 8.1484375 112.9453125 28.9375
20241027000000 63064.0 41.916672 -69.75 10.34375 338.640625 0.3984375 1.4921875 -999.9 1.140625 9.1015625 9.3125 5.90625 4.3828125 3.734375 20.671875 66.2578125 0.8671875 3.859375 4.015625 3.515625 3.2109375 2.9609375 332.96875 22.1015625 0.7421875 9.1015625 9.3125 9.1796875 8.7734375 8.3515625 113.4140625 28.359375
20241027010000 63064.0 41.916672 -69.75 11.2265625 341.8125 0.4453125 1.5859375 -999.9 1.34375 9.1015625 9.3046875 5.5078125 4.375 3.84375 5.4296875 57.578125 1.125 4.671875 4.5234375 3.953125 3.6015625 3.328125 341.640625 24.0859375 0.734375 9.1015625 9.3046875 9.1953125 8.8359375 8.4609375 113.6953125 28.0546875
20241027020000 63064.0 41.916672 -69.75 10.796875 343.375 0.421875 1.5390625 -999.9 1.4921875 5.140625 4.96875 5.4765625 4.515625 4.015625 3.6484375 52.234375 1.296875 5.140625 4.96875 4.3203125 3.921875 3.6015625 346.4453125 24.75 0.734375 9.1015625 9.3125 9.0859375 8.625 8.1171875 111.9765625 30.71875
20241027030000 63064.0 41.916672 -69.75 9.921875 342.578125 0.375 1.4609375 -999.9 1.5390625 5.140625 5.203125 5.578125 4.6640625 4.1484375 4.3984375 50.296875 1.3359375 5.140625 5.1875 4.515625 4.0859375 3.7421875 347.4921875 23.9453125 0.7734375 9.1015625 9.3203125 8.7421875 8.109375 7.484375 104.484375 37.6484375
20241027040000 63064.0 41.916672 -69.75 9.390625 338.8359375 0.3515625 1.40625 -999.9 1.5234375 5.65625 5.4609375 5.671875 4.7421875 4.2109375 5.5078125 50.078125 1.28125 5.140625 5.359375 4.5390625 4.09375 3.734375 346.0625 22.8203125 0.8359375 9.1015625 9.34375 8.328125 7.6015625 6.9609375 91.921875 44.046875
20241027050000 63064.0 41.916672 -69.75 9.2421875 331.5546875 0.34375 1.390625 -999.9 1.4921875 5.65625 5.5234375 5.71875 4.765625 4.21875 5.8203125 50.625 1.1953125 5.140625 5.2734375 4.4609375 4.0078125 3.65625 342.9375 22.140625 0.8984375 9.1015625 9.375 7.9765625 7.1953125 6.5703125 79.203125 47.6796875
20241027060000 63064.0 41.916672 -69.75 9.421875 323.828125 0.3515625 1.40625 -999.9 1.4765625 5.65625 5.515625 5.71875 4.7421875 4.1875 4.84375 51.4296875 1.140625 5.140625 5.1953125 4.3671875 3.9140625 3.5703125 339.3125 22.0390625 0.9296875 9.1015625 9.4296875 7.75 6.9453125 6.3515625 71.5390625 49.125
20241027070000 63064.0 41.916672 -69.75 10.125 316.78125 0.390625 1.46875 -999.9 1.484375 5.65625 5.4375 5.65625 4.6796875 4.140625 1.6171875 51.953125 1.1640625 5.140625 5.140625 4.3359375 3.8828125 3.546875 336.7578125 23.0703125 0.921875 9.1015625 9.5078125 7.78125 6.96875 6.375 72.2265625 49.0625
20241027080000 63064.0 41.916672 -69.75 11.3359375 315.71875 0.4453125 1.5703125 -999.9 1.5546875 5.140625 5.3515625 5.5625 4.6484375 4.140625 355.984375 51.0703125 1.2890625 5.140625 5.1796875 4.421875 3.984375 3.65625 336.234375 24.515625 0.8671875 10.015625 9.5859375 8.0546875 7.3125 6.7421875 80.4375 47.3203125
20241027090000 63064.0 41.916672 -69.75 11.6953125 319.1640625 0.46875 1.6015625 -999.9 1.6484375 5.65625 5.484375 5.53125 4.6875 4.203125 352.25 49.0234375 1.421875 5.65625 5.390625 4.5859375 4.140625 3.796875 337.03125 24.921875 0.828125 10.015625 9.640625 8.3125 7.6796875 7.1953125 86.9375 45.3671875
20241027100000 63064.0 41.916672 -69.75 11.109375 321.9375 0.4375 1.5703125 -999.9 1.6875 5.65625 5.59375 5.5625 4.7421875 4.2421875 351.09375 47.8125 1.46875 5.65625 5.5078125 4.6875 4.2265625 3.859375 337.0390625 24.4765625 0.828125 10.015625 9.65625 8.296875 7.6875 7.1953125 85.1328125 46.3125
20241027110000 63064.0 41.916672 -69.75 10.0625 324.8203125 0.3828125 1.4765625 -999.9 1.6484375 5.65625 5.640625 5.625 4.7890625 4.2734375 351.8671875 47.8671875 1.3984375 5.65625 5.53125 4.6796875 4.2109375 3.84375 336.2421875 23.3984375 0.875 10.015625 9.6484375 8.046875 7.3984375 6.8671875 75.5234375 49.7109375
20241027120000 63064.0 41.916672 -69.75 9.796875 326.9453125 0.375 1.4453125 -999.9 1.6015625 5.65625 5.6484375 5.65625 4.796875 4.265625 353.0390625 48.203125 1.3515625 5.65625 5.546875 4.6875 4.203125 3.828125 337.1484375 22.7578125 0.8515625 10.015625 9.625 8.109375 7.46875 6.9375 78.234375 49.5078125
20241027130000 63064.0 41.916672 -69.75 8.8515625 325.6328125 0.328125 1.359375 -999.9 1.53125 5.65625 5.65625 5.703125 4.8203125 4.28125 354.90625 49.109375 1.2109375 5.65625 5.46875 4.515625 4.046875 3.6875 334.7890625 21.7578125 0.9375 10.015625 9.578125 7.6875 7.046875 6.5546875 59.4765625 52.96875
20241027140000 63064.0 41.916672 -69.75 8.3671875 320.9453125 0.3046875 1.3125 -999.9 1.453125 5.65625 5.671875 5.7578125 4.828125 4.2734375 357.1796875 50.53125 1.046875 5.140625 5.3515625 4.296875 3.84375 3.5 331.1875 21.140625 1.0078125 6.21875 6.2421875 7.34375 6.6796875 6.2109375 45.859375 53.296875
20241027150000 63064.0 41.916672 -69.75 7.8125 315.3046875 0.28125 1.265625 -999.9 1.375 5.65625 5.6875 5.8203125 4.84375 4.265625 359.8671875 52.1484375 0.8515625 5.140625 5.015625 3.9609375 3.53125 3.21875 325.6796875 20.71875 1.078125 6.21875 5.9921875 6.9921875 6.328125 5.8828125 33.609375 53.203125
20241027160000 63064.0 41.916672 -69.75 7.1953125 302.3046875 0.25 1.203125 -999.9 1.2890625 5.65625 5.6796875 5.8984375 4.8671875 4.265625 3.7265625 54.125 0.6171875 3.859375 3.984375 3.3984375 3.0390625 2.7890625 315.21875 20.0546875 1.1328125 5.65625 5.71875 6.640625 5.9296875 5.4921875 23.4921875 53.21875
20241027170000 63064.0 41.916672 -69.75 7.1953125 287.3671875 0.25 1.1953125 -999.9 1.2109375 9.1015625 9.3203125 5.96875 4.8671875 4.234375 8.296875 56.4609375 0.4921875 3.5078125 3.359375 3.03125 2.734375 2.5234375 305.6953125 19.96875 1.1015625 9.1015625 9.3203125 6.546875 5.7578125 5.296875 23.8046875 54.421875
20241027180000 63064.0 41.916672 -69.75 7.140625 276.4609375 0.2421875 1.1796875 -999.9 1.1328125 9.1015625 9.2890625 6.03125 4.8515625 4.1953125 13.7421875 59.0703125 0.421875 2.8984375 3.0078125 2.796875 2.546875 2.359375 297.4375 20.8359375 1.046875 9.1015625 9.2890625 6.5546875 5.6953125 5.2109375 28.0234375 56.1640625
20241027190000 63064.0 41.916672 -69.75 7.0078125 263.8046875 0.2421875 1.1640625 -999.9 1.0546875 9.1015625 9.28125 6.109375 4.8515625 4.1640625 21.015625 61.875 0.359375 2.8984375 2.78125 2.5625 2.359375 2.2109375 285.0546875 21.8984375 0.9921875 9.1015625 9.28125 6.578125 5.6328125 5.1171875 33.140625 58.1875
20241027200000 63064.0 41.916672 -69.75 7.3671875 257.265625 0.2578125 1.1875 -999.9 1.0 9.1015625 9.265625 6.15625 4.7890625 4.0859375 29.109375 65.2109375 0.3671875 2.640625 2.7109375 2.5078125 2.3359375 2.1953125 275.3046875 23.71875 0.9296875 9.1015625 9.265625 6.7109375 5.703125 5.1640625 42.625 59.6953125
20241027210000 63064.0 41.916672 -69.75 7.71875 260.53125 0.265625 1.21875 -999.9 0.9609375 9.1015625 9.2578125 6.109375 4.65625 3.953125 35.1171875 69.2890625 0.421875 2.8984375 2.875 2.65625 2.46875 2.3203125 272.9921875 26.3828125 0.8671875 9.1015625 9.2578125 6.9375 5.9140625 5.3671875 55.5625 59.9453125
20241027220000 63064.0 41.916672 -69.75 7.3984375 252.65625 0.2578125 1.1953125 -999.9 0.9375 9.1015625 9.2421875 6.0859375 4.578125 3.8828125 46.5703125 72.8671875 0.4296875 2.8984375 2.9765625 2.6875 2.5 2.3515625 261.6015625 25.0 0.828125 9.1015625 9.2421875 7.0078125 5.921875 5.3359375 63.2421875 61.0703125
20241027230000 63064.0 41.916672 -69.75 7.2734375 256.2578125 0.25 1.1875 -999.9 0.8984375 9.1015625 9.21875 6.125 4.5625 3.8515625 68.7265625 74.609375 0.4453125 2.8984375 2.984375 2.7109375 2.53125 2.375 259.71875 25.875 0.78125 9.1015625 9.21875 7.21875 6.1328125 5.5390625 74.921875 60.4296875
20241028000000 63064.0 41.916672 -69.75 7.84375 255.375 0.2734375 1.2265625 -999.9 0.8671875 9.1015625 9.1875 6.1484375 4.5078125 3.78125 95.4375 74.9765625 0.4609375 2.8984375 2.9375 2.7265625 2.546875 2.3984375 259.5078125 28.4609375 0.7421875 9.1015625 9.1875 7.4609375 6.390625 5.78125 85.7734375 58.234375
20241028010000 63064.0 41.916672 -69.75 8.4765625 259.9921875 0.3046875 1.2734375 -999.9 0.8671875 9.1015625 9.15625 6.03125 4.3671875 3.6640625 119.28125 76.0 0.5078125 2.8984375 2.9609375 2.8046875 2.6171875 2.453125 264.8359375 31.421875 0.703125 9.1015625 9.15625 7.703125 6.6953125 6.078125 95.3203125 54.546875
20241028020000 63064.0 41.916672 -69.75 8.9140625 262.625 0.3203125 1.3203125 -999.9 0.8828125 9.1015625 9.1171875 5.7890625 4.1796875 3.53125 158.4921875 77.9375 0.5703125 3.1875 3.171875 2.9296875 2.703125 2.53125 270.1171875 32.4609375 0.671875 9.1015625 9.1171875 7.8671875 6.9140625 6.3046875 101.09375 51.046875
20241028030000 63064.0 41.916672 -69.75 9.125 263.9375 0.3359375 1.359375 -999.9 0.9140625 9.1015625 9.09375 5.5546875 4.046875 3.4453125 223.5859375 77.2890625 0.640625 3.5078125 3.390625 3.0390625 2.796875 2.609375 272.640625 31.734375 0.65625 9.1015625 9.09375 7.9609375 7.0546875 6.4453125 104.1640625 48.859375
20241028040000 63064.0 41.916672 -69.75 8.9609375 267.125 0.328125 1.3515625 -999.9 0.921875 9.1015625 9.0625 5.4609375 4.015625 3.4296875 241.390625 76.234375 0.65625 3.5078125 3.421875 3.0859375 2.84375 2.6484375 274.671875 31.046875 0.640625 9.1015625 9.0625 7.9296875 7.03125 6.3984375 105.84375 49.015625
20241028050000 63064.0 41.916672 -69.75 8.6015625 271.984375 0.3125 1.3203125 -999.9 0.8984375 9.1015625 9.046875 5.46875 4.0234375 3.4453125 253.546875 76.8828125 0.6484375 3.5078125 3.4140625 3.1171875 2.859375 2.6640625 280.984375 30.1484375 0.6328125 9.1015625 9.046875 7.9296875 7.0 6.3359375 108.859375 47.609375
20241028060000 63064.0 41.916672 -69.75 8.375 275.0 0.3046875 1.296875 -999.9 0.8828125 9.1015625 9.0234375 5.4921875 4.0390625 3.453125 274.28125 77.5859375 0.625 3.5078125 3.3984375 3.1171875 2.859375 2.6640625 286.2734375 28.953125 0.6171875 9.1015625 9.0234375 7.9375 7.015625 6.328125 109.171875 46.828125
20241028070000 63064.0 41.916672 -69.75 8.5390625 290.7890625 0.3125 1.3125 -999.9 0.8828125 9.1015625 9.015625 5.3984375 3.9921875 3.4296875 311.5703125 75.203125 0.6640625 3.5078125 3.53125 3.25 2.96875 2.75 298.921875 25.7265625 0.578125 9.1015625 9.015625 8.21875 7.328125 6.5234375 114.0703125 36.78125
20241028080000 63064.0 41.916672 -69.75 8.765625 331.0859375 0.3203125 1.328125 -999.9 0.9375 9.1015625 9.0 5.203125 3.9609375 3.4375 335.8828125 67.359375 0.734375 3.859375 3.84375 3.5078125 3.1875 2.9453125 317.9453125 18.9453125 0.5859375 9.1015625 9.0 7.890625 6.4140625 5.2265625 118.8203125 42.265625
20241028090000 63064.0 41.916672 -69.75 9.3828125 10.078125 0.34375 1.3515625 -999.9 0.9453125 9.1015625 8.9921875 5.15625 3.9375 3.40625 356.6953125 63.0859375 0.6796875 3.859375 3.90625 3.46875 3.1171875 2.859375 338.6953125 18.3828125 0.6484375 9.1015625 8.9921875 7.0078125 5.515625 4.625 109.8984375 66.40625
20241028100000 63064.0 41.916672 -69.75 9.078125 31.015625 0.3359375 1.359375 -999.9 0.96875 9.1015625 8.9765625 5.0 3.8515625 3.3671875 20.015625 57.421875 0.6640625 3.5078125 3.640625 3.234375 2.9375 2.7109375 8.890625 24.1796875 0.703125 9.1015625 8.9765625 6.578125 5.3359375 4.671875 60.125 71.3515625
20241028110000 63064.0 41.916672 -69.75 7.75 34.2109375 0.2734375 1.265625 -999.9 1.0234375 9.1015625 8.9609375 4.9921875 4.0078125 3.5546875 29.5625 50.40625 0.7421875 4.25 4.125 3.5390625 3.203125 2.953125 23.328125 22.4453125 0.7109375 9.1015625 8.9609375 6.5390625 5.484375 4.921875 47.8125 66.6953125
20241028120000 63064.0 41.916672 -69.75 7.390625 27.390625 0.2578125 1.21875 -999.9 1.078125 4.671875 4.65625 5.1015625 4.2109375 3.7421875 31.1953125 46.078125 0.796875 4.671875 4.5546875 3.796875 3.4375 3.15625 22.3515625 21.921875 0.7265625 9.1015625 8.953125 6.6640625 5.765625 5.234375 53.15625 60.8984375
20241028130000 63064.0 41.916672 -69.75 7.5234375 22.5078125 0.265625 1.2265625 -999.9 1.1328125 5.140625 5.0546875 5.1953125 4.3359375 3.859375 30.046875 43.59375 0.828125 5.140625 4.9453125 3.9140625 3.5234375 3.2265625 19.859375 22.015625 0.7734375 9.1015625 8.9375 6.65625 5.90625 5.40625 50.2109375 56.03125
20241028140000 63064.0 41.916672 -69.75 7.3828125 14.96875 0.2578125 1.2109375 -999.9 1.171875 5.140625 5.296875 5.2578125 4.4296875 3.9375 28.96875 42.296875 0.8125 5.140625 4.953125 3.8671875 3.4765625 3.1796875 15.1484375 22.234375 0.8515625 5.65625 5.671875 6.53125 5.890625 5.453125 47.2421875 50.5625
20241028150000 63064.0 41.916672 -69.75 6.5703125 9.6796875 0.21875 1.140625 -999.9 1.171875 5.65625 5.4765625 5.3671875 4.5390625 4.03125 29.796875 41.6328125 0.6171875 4.25 4.2421875 3.3671875 3.046875 2.8046875 9.4140625 22.9296875 1.0 5.65625 5.4765625 6.1171875 5.5546875 5.203125 38.9296875 44.3046875
20241028160000 63064.0 41.916672 -69.75 6.28125 5.9609375 0.2109375 1.1171875 -999.9 1.15625 5.65625 5.546875 5.453125 4.6171875 4.09375 31.703125 41.203125 0.515625 4.25 4.0546875 3.1171875 2.8359375 2.625 5.265625 23.5 1.03125 5.65625 5.546875 6.046875 5.4921875 5.1484375 39.1171875 42.15625
20241028170000 63064.0 41.916672 -69.75 6.1328125 2.5859375 0.203125 1.1015625 -999.9 1.125 5.65625 5.578125 5.4921875 4.640625 4.1171875 33.4921875 41.0234375 0.4765625 3.859375 3.71875 3.0390625 2.765625 2.5546875 2.140625 23.015625 1.015625 5.65625 5.578125 6.046875 5.4765625 5.1171875 40.90625 41.1875
20241028180000 63064.0 41.916672 -69.75 5.7421875 0.921875 0.1875 1.0625 -999.9 1.0859375 5.65625 5.6015625 5.5390625 4.671875 4.1328125 35.1796875 41.125 0.4140625 3.5078125 3.515625 2.8515625 2.609375 2.421875 0.140625 22.453125 1.0078125 5.65625 5.6015625 5.9921875 5.390625 5.03125 41.2421875 40.953125
20241028190000 63064.0 41.916672 -69.75 5.359375 1.8359375 0.171875 1.03125 -999.9 1.046875 5.65625 5.578125 5.59375 4.703125 4.15625 37.03125 41.421875 0.3359375 3.1875 3.1640625 2.6171875 2.3984375 2.234375 359.4296875 21.6640625 0.9921875 5.65625 5.578125 5.9375 5.2890625 4.9140625 41.234375 41.2421875
20241028200000 63064.0 41.916672 -69.75 4.9921875 0.7109375 0.15625 0.9921875 -999.9 1.0 5.65625 5.53125 5.671875 4.7578125 4.1953125 39.1796875 41.828125 0.2734375 2.8984375 2.9609375 2.421875 2.2265625 2.078125 357.796875 21.046875 0.9609375 5.65625 5.53125 5.9375 5.234375 4.84375 42.203125 41.578125
20241028210000 63064.0 41.916672 -69.75 4.6484375 2.6640625 0.140625 0.9609375 -999.9 0.953125 5.65625 5.4765625 5.765625 4.8203125 4.25 41.71875 42.2734375 0.21875 2.8984375 2.7734375 2.234375 2.0703125 1.9375 359.5859375 20.515625 0.9296875 5.65625 5.4765625 5.9609375 5.203125 4.7890625 43.6640625 42.140625
20241028220000 63064.0 41.916672 -69.75 3.8359375 3.7421875 0.1171875 0.890625 -999.9 0.9140625 9.1015625 8.8828125 5.8984375 4.921875 4.3515625 44.75 42.7265625 0.1171875 2.1796875 2.1015625 1.8515625 1.7265625 1.625 0.4453125 15.7578125 0.90625 9.1015625 8.8828125 5.96875 5.0859375 4.6015625 45.15625 42.7109375
20241028230000 63064.0 41.916672 -69.75 3.3828125 14.3671875 0.1015625 0.84375 -999.9 0.8671875 9.1015625 8.890625 6.046875 5.03125 4.4453125 48.25 43.1875 0.0546875 1.984375 0.0 1.6484375 1.546875 1.4609375 14.734375 11.59375 0.8671875 9.1015625 8.890625 6.0703125 5.078125 4.53125 48.28125 43.1875
20241029000000 63064.0 41.916672 -69.75 3.1640625 22.8359375 0.09375 0.828125 -999.9 0.828125 9.1015625 8.90625 6.21875 5.1328125 4.5234375 52.2109375 43.578125 0.0 1.0 0.0 1.0 1.0 1.0 180.0 0.0 0.828125 9.1015625 8.90625 6.21875 5.1328125 4.5234375 52.2109375 43.578125
20241029010000 63064.0 41.916672 -69.75 3.453125 31.0 0.1015625 0.84375 -999.9 0.796875 9.1015625 8.9296875 6.40625 5.25 4.6015625 56.734375 43.765625 0.0546875 1.984375 0.0 1.6484375 1.546875 1.4609375 31.234375 14.4453125 0.796875 9.1015625 8.9296875 6.4296875 5.3125 4.7109375 56.7578125 43.78125
20241029020000 63064.0 41.916672 -69.75 3.828125 39.25 0.109375 0.875 -999.9 0.765625 9.1015625 8.953125 6.6171875 5.375 4.6796875 61.6328125 43.625 0.0859375 2.1796875 2.1015625 1.84375 1.7265625 1.625 42.0546875 14.28125 0.7578125 9.1015625 8.953125 6.671875 5.515625 4.8984375 61.765625 43.703125
20241029030000 63064.0 41.916672 -69.75 4.203125 49.15625 0.125 0.90625 -999.9 0.734375 9.1015625 8.984375 6.84375 5.5 4.7421875 66.796875 43.0390625 0.109375 2.3984375 2.3671875 2.0234375 1.8828125 1.765625 50.3671875 16.734375 0.7265625 9.1015625 8.984375 6.953125 5.75 5.109375 67.0859375 43.234375
20241029040000 63064.0 41.916672 -69.75 4.4140625 61.4296875 0.1328125 0.9296875 -999.9 0.7109375 9.1015625 9.015625 7.0625 5.609375 4.7578125 71.90625 41.9609375 0.125 2.640625 2.53125 2.046875 1.8984375 1.78125 60.3984375 17.78125 0.703125 9.1015625 9.015625 7.21875 5.9609375 5.28125 72.1875 42.25
20241029050000 63064.0 41.916672 -69.75 4.5546875 73.3515625 0.140625 0.9453125 -999.9 0.6875 9.1015625 9.0546875 7.265625 5.671875 4.7109375 76.6484375 40.453125 0.140625 2.640625 2.53125 2.078125 1.9140625 1.7890625 67.65625 15.515625 0.6796875 9.1015625 9.0546875 7.4765625 6.171875 5.421875 76.9296875 40.84375
20241029060000 63064.0 41.916672 -69.75 4.578125 85.734375 0.140625 0.9453125 -999.9 0.671875 9.1015625 9.1171875 7.4453125 5.71875 4.6484375 80.8359375 38.609375 0.140625 1.984375 0.0 1.9921875 1.8359375 1.71875 73.8203125 14.5234375 0.6640625 9.1015625 9.1171875 7.6875 6.328125 5.5078125 81.046875 38.984375
20241029070000 63064.0 41.916672 -69.75 4.6015625 99.0625 0.140625 0.953125 -999.9 0.6640625 9.1015625 9.203125 7.609375 5.7890625 4.625 84.421875 36.53125 0.1328125 1.984375 0.0 1.9140625 1.7734375 1.65625 81.515625 13.828125 0.6484375 9.1015625 9.203125 7.859375 6.4375 5.5234375 84.4921875 36.8515625
20241029080000 63064.0 41.916672 -69.75 4.3125 110.5078125 0.1328125 0.921875 -999.9 0.6484375 9.1015625 9.3515625 7.8046875 5.96875 4.734375 87.3359375 34.4609375 0.109375 1.984375 0.0 1.8203125 1.6953125 1.59375 91.65625 13.2109375 0.640625 9.1015625 9.3515625 7.9921875 6.484375 5.453125 87.2734375 34.6328125
20241029090000 63064.0 41.916672 -69.75 3.9765625 119.671875 0.1171875 0.890625 -999.9 0.6328125 10.015625 9.65625 8.015625 6.2578125 4.9921875 89.6796875 32.5078125 0.078125 1.984375 0.0 1.734375 1.625 1.53125 103.2421875 12.3515625 0.625 10.015625 9.65625 8.125 6.578125 5.453125 89.6015625 32.5625
20241029100000 63064.0 41.916672 -69.75 3.7109375 126.125 0.109375 0.8671875 -999.9 0.6171875 10.015625 9.8046875 8.21875 6.578125 5.3125 91.5546875 30.640625 0.0546875 1.984375 0.0 1.6875 1.578125 1.4921875 113.4609375 11.375 0.6171875 10.015625 9.8046875 8.265625 6.75 5.578125 91.5078125 30.6484375
20241029110000 63064.0 41.916672 -69.75 3.6640625 131.2890625 0.109375 0.859375 -999.9 0.609375 10.015625 9.859375 8.3828125 6.875 5.625 93.0234375 28.8671875 0.046875 1.984375 0.0 1.6796875 1.578125 1.484375 118.65625 11.4296875 0.609375 10.015625 9.859375 8.4140625 7.0 5.828125 92.9921875 28.8671875
20241029120000 63064.0 41.916672 -69.75 3.90625 139.28125 0.1171875 0.875 -999.9 0.6015625 10.015625 9.875 8.515625 7.125 5.8984375 94.1640625 27.234375 0.0390625 1.984375 0.0 1.703125 1.59375 1.5 123.6015625 13.4765625 0.6015625 10.015625 9.875 8.546875 7.2421875 6.109375 94.1328125 27.234375
20241029130000 63064.0 41.916672 -69.75 4.2890625 143.8046875 0.125 0.8984375 -999.9 0.59375 10.015625 9.875 8.6171875 7.328125 6.1171875 95.0625 25.75 0.0390625 1.984375 0.0 1.75 1.625 1.5234375 127.984375 14.5625 0.59375 10.015625 9.875 8.6484375 7.453125 6.359375 95.0234375 25.734375
20241029140000 63064.0 41.916672 -69.75 4.640625 143.765625 0.140625 0.9296875 -999.9 0.5859375 10.015625 9.8671875 8.6875 7.4609375 6.2421875 95.765625 24.4296875 0.046875 1.984375 0.0 1.75 1.625 1.5234375 129.9765625 16.171875 0.5859375 10.015625 9.8671875 8.734375 7.6484375 6.6171875 95.703125 24.3984375
20241029150000 63064.0 41.916672 -69.75 4.984375 145.3046875 0.15625 0.9609375 -999.9 0.578125 10.015625 9.8515625 8.7109375 7.4296875 6.0859375 96.328125 23.3203125 0.0703125 1.984375 0.0 1.7265625 1.609375 1.5078125 134.4296875 16.8359375 0.578125 10.015625 9.8515625 8.8046875 7.8203125 6.8515625 96.203125 23.2421875
20241029160000 63064.0 41.916672 -69.75 5.2109375 143.625 0.1640625 1.03125 -999.9 0.59375 10.015625 9.828125 8.328125 6.1875 4.4765625 97.6328125 23.59375 0.15625 1.984375 0.0 1.7421875 1.625 1.5234375 150.609375 18.421875 0.5703125 10.015625 9.828125 8.84375 7.9375 7.0234375 96.6328125 22.53125
20241029170000 63064.0 41.916672 -69.75 5.2734375 142.234375 0.171875 1.03125 -999.9 0.6171875 10.015625 9.796875 7.734375 5.3203125 3.953125 103.59375 29.65625 0.2421875 2.3984375 2.3984375 2.1015625 1.9453125 1.828125 155.5078125 18.875 0.5703125 10.015625 9.796875 8.7109375 7.625 6.6015625 98.3125 25.453125
20241029180000 63064.0 41.916672 -69.75 6.2421875 146.4453125 0.203125 1.09375 -999.9 0.6328125 10.015625 9.7578125 7.421875 5.0625 3.8828125 107.546875 32.0703125 0.296875 2.640625 2.5390625 2.328125 2.1875 2.0625 159.9453125 20.3359375 0.5625 10.015625 9.7578125 8.828125 7.96875 7.125 97.265625 23.203125
20241029190000 63064.0 41.916672 -69.75 6.875 152.3359375 0.234375 1.1484375 -999.9 0.6640625 10.015625 9.7109375 7.03125 4.78125 3.7734375 111.921875 34.265625 0.3515625 2.8984375 2.7734375 2.5234375 2.375 2.2421875 160.7109375 20.15625 0.5546875 10.015625 9.7109375 8.859375 8.125 7.4140625 96.5703125 22.25
20241029200000 63064.0 41.916672 -69.75 7.109375 157.6484375 0.2421875 1.171875 -999.9 0.6953125 10.015625 9.6640625 6.59375 4.5 3.6328125 116.9921875 36.6171875 0.421875 2.8984375 2.9375 2.7109375 2.53125 2.375 161.3203125 20.8671875 0.5546875 10.015625 9.6640625 8.8125 8.1015625 7.4375 96.1484375 22.90625
20241029210000 63064.0 41.916672 -69.75 7.3984375 159.546875 0.2578125 1.2109375 -999.9 0.7421875 10.015625 9.6171875 6.1796875 4.265625 3.5234375 122.703125 38.5078125 0.4921875 3.1875 3.171875 2.8828125 2.671875 2.5 162.2734375 21.53125 0.5546875 10.015625 9.6171875 8.765625 8.0546875 7.4453125 95.7265625 23.7578125
20241029220000 63064.0 41.916672 -69.75 7.2421875 159.984375 0.25 1.2109375 -999.9 0.7734375 10.015625 9.5625 5.890625 4.140625 3.4609375 127.1484375 39.5859375 0.5390625 3.5078125 3.40625 3.0078125 2.765625 2.5703125 162.625 22.09375 0.5546875 10.015625 9.5625 8.6640625 7.921875 7.3203125 95.9453125 25.90625
20241029230000 63064.0 41.916672 -69.75 7.8515625 159.1171875 0.28125 1.265625 -999.9 0.8203125 9.1015625 9.5 5.578125 3.9921875 3.390625 132.046875 39.8359375 0.609375 3.5078125 3.5 3.125 2.8671875 2.65625 162.7109375 22.8828125 0.546875 9.1015625 9.5 8.6484375 7.90625 7.2890625 95.515625 26.0546875
20241030000000 63064.0 41.916672 -69.75 8.3203125 161.03125 0.3046875 1.3125 -999.9 0.890625 9.1015625 9.4453125 5.28125 3.90625 3.3671875 137.9609375 39.5078125 0.703125 3.859375 3.7421875 3.296875 3.0078125 2.7890625 163.328125 23.40625 0.5390625 9.1015625 9.4453125 8.6328125 7.859375 7.1953125 95.109375 25.6796875
20241030010000 63064.0 41.916672 -69.75 9.1015625 163.2578125 0.3359375 1.3828125 -999.9 0.9765625 9.1015625 9.3984375 5.03125 3.875 3.390625 144.3203125 38.5546875 0.8203125 3.859375 3.9140625 3.5 3.1875 2.9453125 164.4921875 23.953125 0.53125 9.1015625 9.3984375 8.65625 7.875 7.140625 94.4921875 23.796875
20241030020000 63064.0 41.916672 -69.75 9.40625 161.21875 0.3515625 1.40625 -999.9 1.0703125 4.25 4.2109375 4.90625 3.921875 3.484375 148.6875 37.0078125 0.9296875 4.25 4.203125 3.71875 3.3828125 3.125 164.078125 24.109375 0.5234375 9.1015625 9.359375 8.6015625 7.796875 7.046875 95.2578125 26.453125
20241030030000 63064.0 41.916672 -69.75 9.9375 161.3828125 0.375 1.453125 -999.9 1.171875 4.671875 4.515625 4.859375 4.0078125 3.578125 151.1953125 35.2265625 1.046875 4.671875 4.515625 3.9375 3.578125 3.296875 163.0859375 24.1953125 0.5234375 9.1015625 9.328125 8.5625 7.7109375 6.890625 95.75 27.84375
20241030040000 63064.0 41.916672 -69.75 10.2109375 161.8359375 0.390625 1.4765625 -999.9 1.265625 4.671875 4.6796875 4.8671875 4.1015625 3.6875 152.6640625 33.6640625 1.15625 4.671875 4.6796875 4.140625 3.7578125 3.453125 162.4453125 24.1484375 0.515625 9.1015625 9.3046875 8.5078125 7.625 6.7890625 95.484375 26.3828125
20241030050000 63064.0 41.916672 -69.75 10.0234375 159.3984375 0.3828125 1.4609375 -999.9 1.3359375 5.140625 4.9765625 4.921875 4.203125 3.7890625 152.71875 32.5078125 1.2265625 5.140625 4.96875 4.3046875 3.8984375 3.578125 160.953125 23.90625 0.5234375 9.1015625 9.28125 8.3359375 7.34375 6.421875 97.6796875 30.46875
20241030060000 63064.0 41.916672 -69.75 10.0234375 158.4296875 0.3828125 1.4609375 -999.9 1.3828125 5.140625 5.0859375 4.9765625 4.28125 3.859375 152.0859375 31.5703125 1.28125 5.140625 5.0859375 4.4296875 4.0078125 3.671875 159.390625 23.828125 0.515625 9.1015625 9.2578125 8.296875 7.3046875 6.3984375 98.0234375 30.71875
20241030070000 63064.0 41.916672 -69.75 10.328125 157.5859375 0.3984375 1.484375 -999.9 1.4375 5.140625 5.1875 5.0078125 4.328125 3.90625 151.5 30.7421875 1.34375 5.140625 5.1796875 4.5390625 4.09375 3.7421875 158.046875 23.8203125 0.5078125 9.1015625 9.25 8.2734375 7.265625 6.3359375 97.1796875 29.3515625
20241030080000 63064.0 41.916672 -69.75 10.234375 154.8828125 0.390625 1.484375 -999.9 1.46875 5.140625 5.3671875 5.0546875 4.3828125 3.9609375 150.5703125 30.1640625 1.3828125 5.140625 5.359375 4.625 4.171875 3.8125 156.359375 23.8203125 0.5078125 9.1015625 9.234375 8.1953125 7.0703125 6.0390625 98.25 31.875
20241030090000 63064.0 41.916672 -69.75 10.8203125 152.8203125 0.421875 1.53125 -999.9 1.5234375 5.65625 5.4765625 5.0703125 4.4140625 3.9921875 149.640625 29.5078125 1.4453125 5.65625 5.46875 4.703125 4.234375 3.8671875 154.625 24.0390625 0.484375 9.1015625 9.2265625 8.2890625 7.171875 6.1328125 96.5390625 30.953125
20241030100000 63064.0 41.916672 -69.75 10.9140625 148.265625 0.4296875 1.546875 -999.9 1.5859375 5.65625 5.5390625 5.1015625 4.46875 4.0390625 148.203125 28.9921875 1.5078125 5.65625 5.5390625 4.78125 4.3046875 3.9296875 152.1953125 24.234375 0.484375 9.1015625 9.21875 8.2421875 7.1015625 6.03125 99.171875 36.1875
20241030110000 63064.0 41.916672 -69.75 10.8671875 150.6484375 0.4296875 1.546875 -999.9 1.625 5.65625 5.59375 5.1484375 4.5234375 4.09375 147.296875 28.8125 1.546875 5.65625 5.5859375 4.8515625 4.3671875 3.984375 151.6484375 24.140625 0.5 9.1015625 9.1875 8.0390625 6.859375 5.84375 96.59375 31.1875
20241030120000 63064.0 41.916672 -69.75 10.828125 150.75 0.421875 1.5390625 -999.9 1.65625 5.65625 5.640625 5.1875 4.5625 4.1328125 146.6953125 28.8125 1.578125 5.65625 5.6328125 4.90625 4.4140625 4.03125 151.0625 24.1171875 0.515625 9.1015625 9.1640625 7.84375 6.65625 5.6875 97.125 31.984375
20241030130000 63064.0 41.916672 -69.75 11.296875 153.65625 0.4453125 1.5703125 -999.9 1.7109375 5.65625 5.703125 5.234375 4.6328125 4.2109375 146.59375 28.6640625 1.6328125 5.65625 5.6953125 4.984375 4.5 4.1171875 151.21875 24.09375 0.5234375 9.1015625 9.1484375 7.7109375 6.578125 5.7109375 94.21875 25.875
20241030140000 63064.0 41.916672 -69.75 11.34375 158.375 0.453125 1.578125 -999.9 1.7890625 5.65625 5.890625 5.3203125 4.71875 4.296875 147.484375 28.6796875 1.6953125 5.65625 5.8515625 5.0859375 4.5859375 4.1953125 152.8125 23.6953125 0.5703125 9.1015625 9.1015625 7.390625 6.3515625 5.6015625 94.9765625 21.8046875
20241030150000 63064.0 41.916672 -69.75 11.109375 161.4609375 0.4375 1.578125 -999.9 1.828125 6.21875 6.0546875 5.390625 4.78125 4.328125 148.5703125 28.9375 1.71875 6.21875 6.03125 5.15625 4.640625 4.2265625 154.6796875 23.3984375 0.625 9.1015625 9.0078125 7.15625 6.1953125 5.5078125 97.390625 21.328125
20241030160000 63064.0 41.916672 -69.75 11.40625 164.0 0.453125 1.578125 -999.9 1.875 6.21875 6.125 5.4609375 4.8515625 4.40625 149.625 28.9609375 1.7578125 6.21875 6.09375 5.234375 4.7109375 4.296875 156.0 23.3203125 0.6484375 9.1015625 8.921875 7.109375 6.2421875 5.6171875 98.2421875 19.421875
20241030170000 63064.0 41.916672 -69.75 10.90625 169.1953125 0.4296875 1.5546875 -999.9 1.8828125 6.21875 6.1875 5.515625 4.8828125 4.421875 150.515625 29.1796875 1.734375 6.21875 6.140625 5.2578125 4.7109375 4.28125 158.421875 22.6875 0.734375 7.5234375 7.4765625 6.9375 6.15625 5.59375 103.2734375 19.6640625
20241030180000 63064.0 41.916672 -69.75 9.7109375 176.8046875 0.3671875 1.4453125 -999.9 1.8125 6.21875 6.25 5.5703125 4.921875 4.453125 150.5078125 29.734375 1.5078125 6.21875 6.1171875 5.09375 4.5390625 4.1171875 164.7109375 20.765625 1.0078125 6.8359375 6.90625 6.640625 6.0859375 5.671875 117.4609375 22.046875
20241030190000 63064.0 41.916672 -69.75 8.0546875 185.1484375 0.2890625 1.2890625 -999.9 1.6953125 6.21875 6.3203125 5.640625 4.9765625 4.4921875 149.15625 30.203125 0.9765625 5.65625 5.421875 4.1484375 3.7109375 3.3828125 175.8515625 20.828125 1.3828125 6.21875 6.40625 6.375 5.9921875 5.6875 136.28125 26.09375
20241030200000 63064.0 41.916672 -69.75 7.359375 190.703125 0.2578125 1.2265625 -999.9 1.578125 6.21875 6.3671875 5.6875 5.0 4.4921875 147.4921875 30.375 0.71875 4.25 4.25 3.578125 3.21875 2.953125 182.4375 21.3203125 1.3984375 6.21875 6.3671875 6.25 5.859375 5.5703125 138.9765625 26.4765625
20241030210000 63064.0 41.916672 -69.75 7.390625 194.8671875 0.2578125 1.21875 -999.9 1.4765625 6.21875 6.359375 5.6796875 4.9609375 4.4375 146.3515625 30.734375 0.6640625 4.25 4.1328125 3.4921875 3.1328125 2.875 183.765625 20.796875 1.3203125 6.21875 6.359375 6.2265625 5.8125 5.5 137.7890625 26.53125
20241030220000 63064.0 41.916672 -69.75 7.2109375 199.8984375 0.25 1.203125 -999.9 1.3828125 6.21875 6.328125 5.640625 4.890625 4.359375 145.453125 31.359375 0.5859375 3.859375 3.8125 3.25 2.9375 2.7109375 187.140625 21.1015625 1.2578125 6.21875 6.328125 6.1640625 5.7265625 5.40625 137.453125 26.9140625
20241030230000 63064.0 41.916672 -69.75 7.5078125 201.65625 0.265625 1.2265625 -999.9 1.3125 6.21875 6.28125 5.578125 4.796875 4.2578125 145.0625 32.234375 0.59375 3.859375 3.6875 3.265625 2.9375 2.703125 187.140625 21.4609375 1.171875 6.21875 6.28125 6.1640625 5.703125 5.3828125 135.734375 27.046875
20241031000000 63064.0 41.916672 -69.75 7.8515625 203.8515625 0.28125 1.2578125 -999.9 1.2578125 6.21875 6.2421875 5.484375 4.671875 4.140625 145.5625 33.296875 0.6015625 3.5078125 3.609375 3.2421875 2.921875 2.6953125 188.34375 22.03125 1.109375 6.21875 6.25 6.140625 5.671875 5.34375 134.6171875 27.140625
20241031010000 63064.0 41.916672 -69.75 8.2265625 207.4296875 0.296875 1.2890625 -999.9 1.2265625 6.21875 6.203125 5.375 4.5546875 4.03125 146.9375 34.5390625 0.6328125 3.5078125 3.609375 3.2734375 2.953125 2.71875 189.75 22.7578125 1.0546875 6.21875 6.2109375 6.1171875 5.6484375 5.3359375 133.625 27.015625
20241031020000 63064.0 41.916672 -69.75 8.21875 211.7890625 0.296875 1.2890625 -999.9 1.203125 6.21875 6.1640625 5.2890625 4.46875 3.9609375 148.578125 35.6796875 0.625 3.5078125 3.5859375 3.203125 2.8984375 2.6796875 194.0234375 23.46875 1.0234375 6.21875 6.1640625 6.046875 5.578125 5.2734375 134.328125 27.09375
20241031030000 63064.0 41.916672 -69.75 8.140625 217.1015625 0.2890625 1.28125 -999.9 1.171875 6.21875 6.1171875 5.2265625 4.421875 3.921875 150.1171875 36.6953125 0.6015625 3.5078125 3.546875 3.1484375 2.859375 2.6484375 198.859375 23.984375 1.0078125 6.21875 6.1171875 5.9765625 5.5078125 5.2109375 135.421875 27.1953125
20241031040000 63064.0 41.916672 -69.75 7.953125 223.328125 0.28125 1.265625 -999.9 1.1484375 6.21875 6.0703125 5.1875 4.390625 3.8984375 151.546875 37.7265625 0.5625 3.1875 3.3046875 3.03125 2.765625 2.5625 206.1796875 24.1875 1.0 6.21875 6.0703125 5.8828125 5.40625 5.1171875 137.515625 27.671875
20241031050000 63064.0 41.916672 -69.75 7.859375 229.8046875 0.28125 1.2578125 -999.9 1.1171875 6.21875 6.015625 5.15625 4.359375 3.875 153.046875 39.09375 0.546875 3.1875 3.234375 2.984375 2.734375 2.5390625 212.5078125 25.3046875 0.9765625 6.21875 6.015625 5.828125 5.34375 5.0546875 138.828125 28.0703125
20241031060000 63064.0 41.916672 -69.75 7.8984375 234.296875 0.28125 1.2578125 -999.9 1.09375 6.21875 5.953125 5.109375 4.3203125 3.84375 154.8984375 40.890625 0.53125 3.1875 3.1875 2.9375 2.6953125 2.515625 219.4453125 26.6015625 0.953125 6.21875 5.9609375 5.7890625 5.3125 5.0234375 140.046875 28.609375
20241031070000 63064.0 41.916672 -69.75 8.0 236.734375 0.28125 1.2578125 -999.9 1.0703125 5.65625 5.84375 5.0625 4.265625 3.796875 157.1875 42.9296875 0.546875 3.1875 3.171875 2.9375 2.7109375 2.53125 224.015625 28.0546875 0.921875 5.65625 5.84375 5.796875 5.3203125 5.0546875 140.4140625 28.9453125
20241031080000 63064.0 41.916672 -69.75 7.9921875 237.984375 0.28125 1.2578125 -999.9 1.046875 5.65625 5.7265625 5.0078125 4.2109375 3.75 159.46875 44.6953125 0.546875 3.1875 3.15625 2.9375 2.7109375 2.53125 227.75 28.8125 0.8984375 5.65625 5.7265625 5.7890625 5.328125 5.0703125 140.96875 29.5703125
20241031090000 63064.0 41.916672 -69.75 7.9140625 240.234375 0.28125 1.25 -999.9 1.0234375 5.65625 5.65625 4.96875 4.171875 3.71875 161.4375 46.1484375 0.546875 3.1875 3.15625 2.9140625 2.6953125 2.5234375 231.234375 29.0390625 0.8671875 5.65625 5.65625 5.7734375 5.3046875 5.0546875 141.828125 30.625
20241031100000 63064.0 41.916672 -69.75 7.3515625 243.5078125 0.2578125 1.203125 -999.9 0.9921875 5.65625 5.609375 4.9609375 4.171875 3.71875 162.3515625 47.3125 0.5078125 3.1875 3.1328125 2.84375 2.640625 2.4765625 238.234375 27.765625 0.859375 5.65625 5.609375 5.6953125 5.21875 4.9609375 143.921875 32.421875
20241031110000 63064.0 41.916672 -69.75 7.3671875 243.34375 0.2578125 1.1953125 -999.9 0.9609375 5.65625 5.578125 4.9453125 4.140625 3.6953125 163.21875 48.65625 0.4921875 3.1875 3.1328125 2.8359375 2.640625 2.4765625 240.0625 28.4453125 0.8203125 5.65625 5.578125 5.7109375 5.21875 4.9609375 143.8203125 33.6015625
20241031120000 63064.0 41.916672 -69.75 7.0859375 245.125 0.2421875 1.171875 -999.9 0.921875 5.65625 5.546875 4.9453125 4.125 3.6796875 163.40625 50.0078125 0.46875 3.1875 3.1171875 2.7890625 2.6015625 2.4453125 242.921875 28.5625 0.796875 5.65625 5.546875 5.6796875 5.15625 4.8828125 144.4140625 36.0390625
20241031130000 63064.0 41.916672 -69.75 6.9296875 245.59375 0.234375 1.15625 -999.9 0.8828125 5.65625 5.5234375 4.953125 4.1171875 3.65625 162.8515625 50.46875 0.4375 3.1875 3.0703125 2.7421875 2.5625 2.40625 243.7890625 28.6875 0.765625 5.65625 5.5234375 5.671875 5.125 4.8359375 144.4375 37.1875
20241031140000 63064.0 41.916672 -69.75 6.6875 244.390625 0.2265625 1.1328125 -999.9 0.84375 5.65625 5.484375 4.9609375 4.1015625 3.640625 162.2578125 50.3515625 0.4140625 2.8984375 2.9765625 2.7109375 2.53125 2.3828125 242.2265625 28.8046875 0.734375 5.65625 5.484375 5.6875 5.125 4.8203125 144.171875 37.7421875
20241031150000 63064.0 41.916672 -69.75 6.4609375 241.25 0.21875 1.1171875 -999.9 0.8125 5.65625 5.4375 4.9765625 4.09375 3.625 161.65625 49.953125 0.390625 2.8984375 2.921875 2.6796875 2.4921875 2.34375 238.640625 28.0 0.7109375 5.65625 5.4375 5.6875 5.109375 4.8046875 144.1875 38.9609375
20241031160000 63064.0 41.916672 -69.75 6.671875 237.4921875 0.2265625 1.1328125 -999.9 0.7890625 5.140625 5.3828125 4.953125 4.046875 3.5703125 162.25 49.6640625 0.3984375 2.8984375 2.9140625 2.6875 2.4921875 2.34375 232.4296875 27.9296875 0.6796875 5.140625 5.3828125 5.734375 5.1484375 4.84375 143.2578125 39.3984375
20241031170000 63064.0 41.916672 -69.75 6.9921875 233.03125 0.234375 1.1640625 -999.9 0.78125 5.140625 5.3125 4.8671875 3.953125 3.484375 164.953125 49.4375 0.4375 2.8984375 3.0390625 2.7734375 2.5703125 2.40625 225.0234375 28.25 0.6484375 5.140625 5.3125 5.828125 5.234375 4.921875 141.46875 39.078125
20241031180000 63064.0 41.916672 -69.75 7.21875 232.3046875 0.25 1.1875 -999.9 0.78125 5.140625 5.25 4.7578125 3.8515625 3.40625 168.5390625 48.8828125 0.4609375 3.1875 3.1015625 2.8125 2.6015625 2.4296875 222.953125 27.65625 0.625 5.140625 5.25 5.8125 5.21875 4.9140625 142.2734375 38.515625
20241031190000 63064.0 41.916672 -69.75 7.3515625 228.7734375 0.2578125 1.203125 -999.9 0.7890625 5.140625 5.171875 4.65625 3.78125 3.3515625 171.6328125 47.75 0.5 3.1875 3.1953125 2.8984375 2.6640625 2.484375 218.546875 27.1875 0.609375 5.140625 5.171875 5.828125 5.2421875 4.9453125 142.2734375 37.9609375
20241031200000 63064.0 41.916672 -69.75 8.0625 226.2265625 0.2890625 1.265625 -999.9 0.8046875 5.140625 5.0625 4.5234375 3.6875 3.2734375 175.640625 46.09375 0.5703125 3.5078125 3.3828125 3.0546875 2.796875 2.59375 212.3046875 27.0703125 0.5703125 5.140625 5.1328125 5.9609375 5.3828125 5.0859375 139.4375 36.3828125
20241031210000 63064.0 41.916672 -69.75 8.65625 227.3359375 0.3125 1.3203125 -999.9 0.84375 4.25 4.3671875 4.3828125 3.6171875 3.2265625 180.3359375 44.6015625 0.640625 3.5078125 3.5546875 3.1796875 2.8984375 2.6875 210.1875 27.2109375 0.5546875 5.140625 5.09375 6.0 5.421875 5.125 138.484375 34.7578125
20241031220000 63064.0 41.916672 -69.75 8.3671875 229.625 0.3046875 1.3046875 -999.9 0.8671875 4.25 4.3515625 4.34375 3.6171875 3.2421875 183.1171875 44.015625 0.6484375 3.5078125 3.578125 3.171875 2.8984375 2.6875 213.359375 27.59375 0.578125 5.140625 4.96875 5.8203125 5.2734375 5.0078125 144.0703125 34.390625
20241031230000 63064.0 41.916672 -69.75 9.1484375 229.046875 0.3359375 1.3671875 -999.9 0.890625 4.25 4.328125 4.265625 3.578125 3.21875 186.96875 43.671875 0.703125 3.859375 3.7421875 3.2734375 2.9765625 2.7578125 212.28125 28.515625 0.546875 5.140625 5.0 5.9375 5.375 5.09375 142.046875 34.25
