20241101010000 63064.0 41.916672 -69.75 9.8046875 230.9296875 0.375 1.4375 -999.9 0.984375 4.25 4.3046875 4.171875 3.5625 3.234375 194.75 42.9375 0.8203125 4.25 4.046875 3.4296875 3.125 2.8828125 214.09375 30.203125 0.5390625 5.140625 5.0078125 5.9140625 5.34375 5.0546875 144.2890625 35.40625
20241101020000 63064.0 41.916672 -69.75 9.765625 232.1171875 0.3671875 1.4296875 -999.9 1.0078125 4.25 4.390625 4.1953125 3.6015625 3.265625 196.484375 42.7734375 0.8359375 4.25 4.0859375 3.453125 3.140625 2.90625 216.140625 30.7421875 0.5625 4.671875 4.84375 5.8359375 5.3046875 5.0390625 148.765625 35.3359375
20241101030000 63064.0 41.916672 -69.75 9.9375 231.40625 0.375 1.4453125 -999.9 1.0234375 4.671875 4.4921875 4.21875 3.625 3.2890625 197.171875 42.1328125 0.859375 4.25 4.1640625 3.515625 3.1953125 2.953125 214.7734375 30.84375 0.5546875 5.140625 5.0859375 5.8984375 5.3515625 5.0625 149.4609375 36.65625
20241101040000 63064.0 41.916672 -69.75 10.2265625 230.375 0.390625 1.46875 -999.9 1.0625 4.671875 4.546875 4.2421875 3.6640625 3.3203125 197.1796875 40.8828125 0.8984375 4.25 4.2421875 3.59375 3.2578125 3.0078125 212.78125 30.4296875 0.5546875 5.140625 5.1171875 5.96875 5.421875 5.125 150.3125 37.0546875
20241101050000 63064.0 41.916672 -69.75 10.4609375 230.6953125 0.40625 1.4921875 -999.9 1.1015625 4.671875 4.609375 4.2890625 3.7109375 3.3671875 197.0 39.7265625 0.9453125 4.25 4.3359375 3.6796875 3.3359375 3.0703125 211.2734375 30.15625 0.5625 5.65625 5.4921875 6.03125 5.5 5.1953125 151.140625 36.3515625
20241101060000 63064.0 41.916672 -69.75 10.4765625 232.7578125 0.40625 1.5 -999.9 1.1328125 4.671875 4.6640625 4.34375 3.765625 3.4140625 197.796875 39.5234375 0.953125 4.671875 4.4609375 3.6640625 3.328125 3.0703125 213.96875 30.640625 0.6171875 5.65625 5.484375 5.9921875 5.53125 5.265625 156.421875 33.5078125
20241101070000 63064.0 41.916672 -69.75 10.5859375 232.7265625 0.4140625 1.5078125 -999.9 1.1640625 4.671875 4.71875 4.3984375 3.8046875 3.453125 198.796875 39.484375 0.984375 4.671875 4.484375 3.734375 3.3828125 3.1171875 214.359375 30.96875 0.6171875 5.140625 5.3515625 6.0703125 5.6015625 5.3203125 157.046875 33.5625
20241101080000 63064.0 41.916672 -69.75 11.03125 231.6171875 0.4375 1.5546875 -999.9 1.203125 4.671875 4.7578125 4.4375 3.84375 3.484375 199.40625 38.796875 1.0390625 4.671875 4.578125 3.8203125 3.453125 3.1796875 212.640625 30.90625 0.6015625 5.65625 5.8828125 6.28125 5.796875 5.4765625 156.375 34.7421875
20241101090000 63064.0 41.916672 -69.75 11.484375 232.9140625 0.4609375 1.59375 -999.9 1.2578125 4.671875 4.8359375 4.484375 3.890625 3.5234375 199.9453125 38.09375 1.09375 4.671875 4.6015625 3.890625 3.5078125 3.2265625 212.6796875 30.7265625 0.6171875 5.65625 5.7578125 6.34375 5.875 5.5546875 157.015625 33.0703125
20241101100000 63064.0 41.916672 -69.75 10.5625 231.5 0.4140625 1.515625 -999.9 1.2734375 5.140625 4.9765625 4.59375 3.984375 3.6015625 198.65625 37.4453125 1.078125 4.671875 4.6875 3.921875 3.5390625 3.2578125 212.7265625 29.71875 0.671875 6.21875 6.0703125 6.3203125 5.84375 5.5234375 160.6015625 33.015625
20241101110000 63064.0 41.916672 -69.75 10.921875 229.96875 0.4296875 1.546875 -999.9 1.28125 5.140625 5.0078125 4.65625 4.015625 3.625 198.0625 36.8046875 1.09375 4.671875 4.6796875 3.96875 3.578125 3.28125 211.125 29.296875 0.6640625 5.65625 5.875 6.53125 6.046875 5.71875 159.890625 33.140625
20241101120000 63064.0 41.916672 -69.75 11.5390625 229.265625 0.4609375 1.6015625 -999.9 1.3203125 5.140625 4.96875 4.65625 4.015625 3.625 198.7109375 36.359375 1.15625 4.671875 4.7578125 4.0234375 3.6328125 3.3359375 209.796875 29.421875 0.6328125 8.2734375 7.9453125 6.7890625 6.2734375 5.8828125 157.7578125 33.6015625
20241101130000 63064.0 41.916672 -69.75 12.03125 230.8125 0.4921875 1.65625 -999.9 1.375 5.140625 4.9765625 4.6640625 4.03125 3.6484375 199.9375 36.4921875 1.2265625 4.671875 4.78125 4.09375 3.6875 3.3828125 210.59375 30.140625 0.625 8.2734375 8.0390625 6.8359375 6.3125 5.9296875 156.40625 31.5234375
20241101140000 63064.0 41.916672 -69.75 11.375 230.2265625 0.453125 1.59375 -999.9 1.390625 5.140625 5.046875 4.71875 4.09375 3.703125 199.671875 36.7734375 1.2109375 5.140625 4.9375 4.0859375 3.6953125 3.390625 211.6171875 30.1640625 0.6796875 6.21875 6.203125 6.71875 6.21875 5.8671875 159.4921875 31.9765625
20241101150000 63064.0 41.916672 -69.75 11.625 230.9140625 0.46875 1.6171875 -999.9 1.390625 5.140625 5.0703125 4.7421875 4.1015625 3.703125 199.625 36.8125 1.2109375 5.140625 4.953125 4.09375 3.6953125 3.390625 211.796875 30.296875 0.6875 6.21875 6.21875 6.7578125 6.2578125 5.8984375 159.71875 31.46875
20241101160000 63064.0 41.916672 -69.75 12.046875 234.2265625 0.4921875 1.65625 -999.9 1.4140625 5.140625 5.078125 4.75 4.1015625 3.703125 200.6171875 37.09375 1.2265625 4.671875 4.84375 4.078125 3.6796875 3.375 213.9453125 30.71875 0.7109375 6.21875 6.2265625 6.7265625 6.2421875 5.8984375 160.421875 28.6953125
20241101170000 63064.0 41.916672 -69.75 11.3671875 235.84375 0.453125 1.6015625 -999.9 1.4140625 5.140625 5.1171875 4.8046875 4.1484375 3.7421875 200.75 37.5234375 1.171875 4.671875 4.71875 4.015625 3.625 3.3359375 217.5390625 30.46875 0.7890625 6.21875 6.0703125 6.5625 6.1015625 5.78125 163.953125 27.59375
20241101180000 63064.0 41.916672 -69.75 10.6484375 236.4765625 0.4140625 1.5234375 -999.9 1.3671875 5.140625 5.1484375 4.8671875 4.1796875 3.7578125 200.0859375 37.7578125 1.09375 4.671875 4.84375 3.9375 3.5625 3.2734375 219.59375 30.125 0.8125 6.21875 5.921875 6.546875 6.0859375 5.7734375 165.75 27.34375
20241101190000 63064.0 41.916672 -69.75 10.25 235.8515625 0.3984375 1.484375 -999.9 1.3046875 5.140625 5.1171875 4.90625 4.171875 3.7421875 199.265625 37.7109375 1.015625 4.671875 4.5390625 3.828125 3.4609375 3.1875 220.890625 29.25 0.8203125 5.65625 5.7421875 6.5703125 6.078125 5.7578125 167.0 27.7578125
20241101200000 63064.0 41.916672 -69.75 10.1875 236.15625 0.390625 1.4765625 -999.9 1.2578125 5.140625 5.046875 4.9296875 4.140625 3.703125 198.5859375 37.5859375 0.9765625 4.671875 4.5 3.78125 3.421875 3.1484375 220.078125 28.6171875 0.78125 9.1015625 8.71875 6.71875 6.1796875 5.828125 165.9453125 28.0625
20241101210000 63064.0 41.916672 -69.75 9.28125 240.0078125 0.34375 1.3984375 -999.9 1.1953125 5.140625 5.03125 5.0078125 4.1640625 3.703125 197.2578125 38.046875 0.859375 4.25 4.1796875 3.578125 3.25 2.9921875 225.6953125 27.53125 0.828125 9.1015625 8.8046875 6.5390625 5.9609375 5.6171875 168.765625 27.0
20241101220000 63064.0 41.916672 -69.75 7.5625 250.078125 0.265625 1.2421875 -999.9 1.0859375 9.1015625 8.875 5.203125 4.25 3.75 193.5859375 38.9453125 0.625 3.859375 3.7109375 3.171875 2.890625 2.6796875 239.875 25.078125 0.890625 9.1015625 8.875 6.2109375 5.546875 5.1875 174.015625 27.3984375
20241101230000 63064.0 41.916672 -69.75 6.5 287.0078125 0.21875 1.125 -999.9 0.9609375 9.1015625 8.9296875 5.4921875 4.3984375 3.8203125 187.8203125 40.2421875 0.375 3.1875 3.171875 2.6875 2.4609375 2.2890625 268.703125 20.3671875 0.890625 9.1015625 8.9296875 6.0078125 5.125 4.6484375 178.2578125 30.4765625
20241102000000 63064.0 41.916672 -69.75 7.9765625 316.609375 0.28125 1.2109375 -999.9 0.875 9.1015625 8.96875 5.65625 4.3515625 3.7109375 184.8671875 46.9296875 0.3515625 3.1875 3.09375 2.546875 2.359375 2.2109375 294.3125 20.046875 0.796875 9.1015625 8.96875 6.265625 5.21875 4.6328125 174.875 32.640625
20241102010000 63064.0 41.916672 -69.75 8.6796875 318.28125 0.3125 1.3046875 -999.9 0.890625 9.1015625 9.0 5.3359375 4.0546875 3.5078125 201.9609375 66.5234375 0.546875 3.1875 3.1796875 2.9453125 2.734375 2.5625 314.703125 21.859375 0.703125 9.1015625 9.0 6.765625 5.703125 5.078125 168.28125 32.4375
20241102020000 63064.0 41.916672 -69.75 8.4765625 321.375 0.3125 1.3359375 -999.9 0.9765625 9.1015625 9.015625 4.984375 3.9296875 3.453125 290.640625 71.7734375 0.7421875 3.859375 3.84375 3.3828125 3.09375 2.8671875 323.546875 21.828125 0.640625 9.1015625 9.015625 7.1640625 6.1875 5.6015625 162.6796875 35.40625
20241102030000 63064.0 41.916672 -69.75 7.921875 326.3359375 0.28125 1.28125 -999.9 1.0078125 4.25 4.21875 4.9609375 4.0078125 3.546875 321.4140625 66.625 0.8046875 4.25 4.1796875 3.625 3.296875 3.0390625 328.359375 21.5625 0.609375 9.1015625 9.03125 7.296875 6.40625 5.859375 157.015625 45.0625
20241102040000 63064.0 41.916672 -69.75 7.1640625 327.7734375 0.25 1.203125 -999.9 0.9921875 4.671875 4.5 5.015625 4.0859375 3.625 332.1640625 64.359375 0.7578125 4.25 4.3046875 3.6484375 3.3046875 3.046875 329.96875 20.546875 0.640625 9.1015625 9.015625 6.96875 6.1484375 5.6640625 145.125 63.15625
20241102050000 63064.0 41.916672 -69.75 6.3515625 325.96875 0.2109375 1.125 -999.9 0.9375 4.671875 4.609375 5.09375 4.15625 3.671875 338.6328125 64.515625 0.578125 4.25 4.09375 3.2578125 2.9609375 2.734375 329.125 20.625 0.734375 4.671875 4.7421875 6.234375 5.5234375 5.15625 38.9140625 76.828125
20241102060000 63064.0 41.916672 -69.75 6.1171875 321.2109375 0.203125 1.1015625 -999.9 0.8828125 4.671875 4.6484375 5.140625 4.1640625 3.6640625 344.0234375 65.53125 0.4921875 3.859375 3.8671875 3.1015625 2.8125 2.59375 326.4765625 20.09375 0.7265625 4.671875 4.71875 6.0703125 5.328125 4.9453125 28.0078125 73.9296875
20241102070000 63064.0 41.916672 -69.75 6.25 318.6875 0.2109375 1.109375 -999.9 0.828125 4.671875 4.6328125 5.109375 4.09375 3.59375 348.09375 66.2421875 0.4765625 4.25 4.078125 3.109375 2.8125 2.59375 326.578125 19.5390625 0.6796875 4.671875 4.7421875 6.1015625 5.2890625 4.859375 48.4375 73.46875
20241102080000 63064.0 41.916672 -69.75 6.203125 317.984375 0.203125 1.109375 -999.9 0.796875 4.671875 4.5625 5.0390625 4.0 3.5078125 351.1796875 66.453125 0.4609375 3.859375 3.859375 3.046875 2.75 2.5390625 326.0 19.3046875 0.6484375 4.671875 4.71875 6.046875 5.1875 4.75 54.3515625 72.3828125
20241102090000 63064.0 41.916672 -69.75 6.640625 322.6875 0.2265625 1.1484375 -999.9 0.78125 4.25 4.421875 4.9140625 3.875 3.3984375 352.234375 65.4921875 0.5234375 4.25 4.0859375 3.203125 2.890625 2.65625 330.8203125 20.0859375 0.578125 9.1015625 8.796875 6.3125 5.3984375 4.921875 92.7578125 69.6640625
20241102100000 63064.0 41.916672 -69.75 6.7421875 328.9921875 0.2265625 1.15625 -999.9 0.7734375 4.25 4.2734375 4.765625 3.765625 3.3203125 353.1171875 63.6328125 0.5703125 4.25 4.0703125 3.265625 2.953125 2.71875 335.359375 21.0390625 0.53125 9.1015625 8.7578125 6.484375 5.5 4.9765625 109.2578125 66.2109375
20241102110000 63064.0 41.916672 -69.75 6.75 345.765625 0.2265625 1.15625 -999.9 0.7734375 4.25 4.140625 4.65625 3.6953125 3.265625 357.2265625 61.4765625 0.6015625 4.25 4.0625 3.3359375 3.0234375 2.78125 344.1953125 21.40625 0.4921875 9.1015625 8.7421875 6.6171875 5.515625 4.9140625 127.0 63.9609375
20241102120000 63064.0 41.916672 -69.75 7.8359375 359.3046875 0.28125 1.2578125 -999.9 0.8203125 3.859375 4.0390625 4.453125 3.59375 3.203125 2.765625 56.3828125 0.703125 3.859375 4.015625 3.484375 3.1484375 2.8984375 355.0234375 22.7578125 0.4296875 9.1015625 8.75 7.0234375 5.703125 4.953125 149.7265625 53.1328125
20241102130000 63064.0 41.916672 -69.75 8.3046875 8.9765625 0.296875 1.3046875 -999.9 0.921875 4.25 4.171875 4.3515625 3.625 3.2734375 10.21875 49.3359375 0.8125 4.25 4.15625 3.6484375 3.3125 3.046875 4.5859375 23.0390625 0.4296875 9.1015625 8.7890625 6.9296875 5.6015625 4.90625 149.5546875 58.296875
20241102140000 63064.0 41.916672 -69.75 8.421875 12.5234375 0.3046875 1.3125 -999.9 1.0234375 4.671875 4.484375 4.4140625 3.7734375 3.421875 16.921875 43.96875 0.921875 4.671875 4.46875 3.875 3.515625 3.234375 12.015625 23.1953125 0.4453125 9.1015625 8.859375 6.78125 5.5625 4.9453125 133.9765625 64.4453125
20241102150000 63064.0 41.916672 -69.75 8.0859375 14.484375 0.2890625 1.28125 -999.9 1.0703125 4.671875 4.734375 4.53125 3.90625 3.546875 20.046875 41.3671875 0.953125 4.671875 4.671875 4.0078125 3.6328125 3.3359375 15.046875 22.8515625 0.5 5.65625 5.75 6.484375 5.4296875 4.859375 89.7890625 67.546875
20241102160000 63064.0 41.916672 -69.75 7.3515625 13.8515625 0.2578125 1.2109375 -999.9 1.0625 5.140625 4.953125 4.625 3.984375 3.6015625 20.59375 40.9765625 0.859375 4.671875 4.65625 3.890625 3.5234375 3.234375 14.0 22.125 0.625 5.65625 5.515625 6.0078125 5.265625 4.8515625 44.6015625 58.9921875
20241102170000 63064.0 41.916672 -69.75 6.8046875 11.421875 0.234375 1.1640625 -999.9 1.0078125 5.140625 4.984375 4.671875 4.0 3.609375 20.375 41.6640625 0.6953125 4.671875 4.5 3.578125 3.234375 2.9765625 11.078125 22.4609375 0.734375 5.140625 5.15625 5.6484375 5.0546875 4.734375 32.296875 51.1015625
20241102180000 63064.0 41.916672 -69.75 6.6171875 9.4296875 0.2265625 1.140625 -999.9 0.9609375 5.140625 4.953125 4.6875 3.9765625 3.578125 20.3984375 42.6015625 0.625 4.671875 4.46875 3.484375 3.1484375 2.890625 9.2265625 21.9765625 0.7265625 5.140625 5.109375 5.5703125 4.9375 4.59375 32.1953125 50.7265625
20241102190000 63064.0 41.916672 -69.75 6.4609375 11.3046875 0.21875 1.125 -999.9 0.9140625 4.671875 4.84375 4.6875 3.9453125 3.546875 21.453125 43.3203125 0.5390625 4.25 4.1328125 3.2109375 2.9140625 2.6953125 10.421875 23.703125 0.7421875 4.671875 4.8671875 5.4765625 4.8671875 4.5546875 29.296875 49.296875
20241102200000 63064.0 41.916672 -69.75 6.21875 15.34375 0.203125 1.1015625 -999.9 0.890625 4.671875 4.7578125 4.7265625 3.9609375 3.5546875 24.328125 43.4453125 0.4921875 4.25 4.078125 3.1171875 2.828125 2.609375 14.53125 23.1953125 0.7421875 4.671875 4.8046875 5.4453125 4.8203125 4.515625 30.015625 48.7578125
20241102210000 63064.0 41.916672 -69.75 5.828125 21.2578125 0.1875 1.0703125 -999.9 0.8828125 4.671875 4.7734375 4.828125 4.0390625 3.625 28.7890625 42.671875 0.40625 3.859375 3.6953125 2.8359375 2.59375 2.40625 18.6640625 23.265625 0.7890625 4.671875 4.7734375 5.359375 4.75 4.4453125 31.953125 45.71875
20241102220000 63064.0 41.916672 -69.75 5.9375 9.125 0.1953125 1.078125 -999.9 0.8984375 5.140625 4.9609375 4.9453125 4.1328125 3.6953125 32.4765625 41.0703125 0.40625 3.859375 3.6953125 2.8515625 2.6015625 2.4140625 8.1796875 23.3203125 0.796875 5.140625 4.9609375 5.4921875 4.8828125 4.5859375 39.296875 42.3359375
20241102230000 63064.0 41.916672 -69.75 5.5390625 5.6015625 0.1796875 1.046875 -999.9 0.90625 5.140625 5.3203125 5.0625 4.2421875 3.78125 35.1640625 39.3671875 0.3515625 3.5078125 3.34375 2.65625 2.4375 2.265625 3.359375 22.2109375 0.8359375 5.140625 5.3203125 5.4921875 4.8828125 4.578125 40.640625 39.3515625
20241103000000 63064.0 41.916672 -69.75 5.171875 0.5703125 0.1640625 1.015625 -999.9 0.90625 5.65625 5.53125 5.1875 4.34375 3.8671875 37.578125 37.9609375 0.3046875 3.1875 3.0703125 2.546875 2.34375 2.1796875 359.0703125 20.6015625 0.8515625 5.65625 5.53125 5.53125 4.890625 4.5625 42.1015625 37.2890625
20241103010000 63064.0 41.916672 -69.75 5.1171875 354.59375 0.1640625 1.0078125 -999.9 0.890625 5.65625 5.6171875 5.2578125 4.390625 3.90625 39.515625 37.046875 0.28125 3.1875 3.0546875 2.453125 2.265625 2.109375 353.7421875 20.1875 0.84375 5.65625 5.6171875 5.5703125 4.921875 4.578125 43.8203125 35.7265625
20241103020000 63064.0 41.916672 -69.75 5.59375 350.78125 0.1796875 1.046875 -999.9 0.8671875 5.65625 5.625 5.25 4.34375 3.8359375 40.3046875 36.8203125 0.34375 3.5078125 3.359375 2.7109375 2.4765625 2.296875 351.9140625 19.9609375 0.796875 5.65625 5.625 5.7265625 5.0625 4.7109375 48.0546875 33.6015625
20241103030000 63064.0 41.916672 -69.75 6.15625 348.359375 0.203125 1.1015625 -999.9 0.859375 5.65625 5.609375 5.15625 4.2109375 3.703125 39.125 37.375 0.4140625 3.5078125 3.4609375 2.9375 2.65625 2.453125 351.734375 19.828125 0.75 5.65625 5.609375 5.8515625 5.1484375 4.78125 52.046875 31.3671875
20241103040000 63064.0 41.916672 -69.75 6.6796875 349.953125 0.2265625 1.15625 -999.9 0.8671875 5.65625 5.5859375 5.0078125 4.0625 3.5859375 35.9453125 38.2109375 0.5 3.5078125 3.6171875 3.0625 2.78125 2.5703125 354.90625 21.9765625 0.7109375 5.65625 5.5859375 5.9609375 5.25 4.8828125 54.21875 30.796875
20241103050000 63064.0 41.916672 -69.75 7.046875 350.3671875 0.2421875 1.1875 -999.9 0.8984375 5.65625 5.5390625 4.8671875 3.9609375 3.515625 32.0703125 38.6875 0.5703125 3.859375 3.7421875 3.1640625 2.875 2.65625 356.0234375 23.265625 0.6953125 5.65625 5.546875 6.0 5.296875 4.953125 54.6171875 30.765625
20241103060000 63064.0 41.916672 -69.75 7.4609375 350.1328125 0.2578125 1.2265625 -999.9 0.9296875 5.65625 5.453125 4.7578125 3.9140625 3.484375 28.265625 38.9609375 0.6328125 3.859375 3.8203125 3.296875 2.9921875 2.7578125 356.0078125 24.15625 0.6796875 5.65625 5.484375 6.015625 5.328125 4.9921875 54.9453125 30.4375
20241103070000 63064.0 41.916672 -69.75 7.65625 351.3671875 0.2734375 1.2421875 -999.9 0.96875 4.671875 4.6328125 4.703125 3.90625 3.5 24.828125 39.1015625 0.703125 3.859375 3.9609375 3.4453125 3.125 2.8828125 357.0625 25.3515625 0.671875 5.65625 5.421875 6.0859375 5.3984375 5.0625 55.265625 31.09375
20241103080000 63064.0 41.916672 -69.75 7.640625 352.3359375 0.265625 1.2421875 -999.9 1.0 4.671875 4.640625 4.6875 3.9375 3.53125 22.3828125 38.8984375 0.734375 4.25 4.140625 3.5390625 3.203125 2.953125 356.21875 25.203125 0.6796875 5.65625 5.390625 6.0546875 5.3828125 5.0546875 53.9296875 31.484375
20241103090000 63064.0 41.916672 -69.75 7.6796875 355.40625 0.2734375 1.2421875 -999.9 1.0234375 4.671875 4.734375 4.703125 3.96875 3.5703125 21.2578125 38.2421875 0.7734375 4.25 4.2578125 3.6484375 3.3046875 3.0390625 358.2421875 25.1484375 0.6640625 5.65625 5.4765625 6.109375 5.4375 5.09375 53.609375 32.5859375
20241103100000 63064.0 41.916672 -69.75 7.4140625 8.2578125 0.2578125 1.21875 -999.9 1.0234375 4.671875 4.8671875 4.734375 4.0078125 3.609375 22.3046875 37.046875 0.78125 4.671875 4.5234375 3.7578125 3.3984375 3.125 7.3828125 23.9375 0.6640625 5.65625 5.5546875 6.1015625 5.3671875 4.953125 47.421875 41.3671875
20241103110000 63064.0 41.916672 -69.75 7.4609375 12.6953125 0.2578125 1.21875 -999.9 1.03125 5.140625 4.984375 4.7578125 4.03125 3.625 23.8984375 35.78125 0.796875 4.671875 4.625 3.8203125 3.453125 3.171875 11.9375 23.5234375 0.6484375 5.65625 5.609375 6.171875 5.40625 4.953125 46.1875 42.3046875
20241103120000 63064.0 41.916672 -69.75 7.40625 14.3984375 0.2578125 1.2109375 -999.9 1.03125 5.140625 5.0390625 4.765625 4.0390625 3.6328125 24.9375 34.7890625 0.796875 4.671875 4.6796875 3.8359375 3.453125 3.1640625 13.8515625 22.8515625 0.65625 5.65625 5.609375 6.140625 5.40625 4.9921875 44.84375 41.6640625
20241103130000 63064.0 41.916672 -69.75 7.5859375 11.0703125 0.265625 1.2265625 -999.9 1.0390625 5.140625 5.0625 4.75 4.03125 3.625 25.078125 34.1015625 0.828125 4.671875 4.703125 3.890625 3.5 3.2109375 12.65625 23.0 0.625 5.65625 5.609375 6.2421875 5.4765625 5.03125 50.4296875 38.7109375
20241103140000 63064.0 41.916672 -69.75 7.75 11.5703125 0.2734375 1.2421875 -999.9 1.046875 5.140625 5.0546875 4.71875 4.015625 3.609375 24.78125 33.5390625 0.8671875 4.671875 4.78125 3.9765625 3.578125 3.2734375 14.1171875 22.8984375 0.578125 5.65625 5.671875 6.3828125 5.515625 4.9921875 53.7109375 39.6640625
20241103150000 63064.0 41.916672 -69.75 7.296875 11.734375 0.25 1.203125 -999.9 1.0390625 5.140625 5.0546875 4.7265625 4.0234375 3.625 25.0390625 33.2734375 0.8046875 4.671875 4.671875 3.84375 3.46875 3.1796875 12.6875 22.3671875 0.6484375 5.65625 5.5546875 6.0859375 5.3359375 4.8984375 46.875 37.7578125
20241103160000 63064.0 41.916672 -69.75 6.65625 11.2890625 0.2265625 1.1484375 -999.9 1.0078125 5.140625 5.0625 4.765625 4.0546875 3.6484375 25.890625 33.3046875 0.6484375 4.25 4.375 3.4765625 3.1484375 2.890625 11.21875 22.140625 0.7734375 5.140625 5.1796875 5.671875 5.09375 4.7578125 36.8984375 35.8828125
20241103170000 63064.0 41.916672 -69.75 6.5859375 7.09375 0.21875 1.140625 -999.9 0.96875 5.140625 5.0625 4.7890625 4.0625 3.640625 26.6015625 33.3359375 0.6015625 4.25 4.3359375 3.421875 3.0859375 2.8359375 8.2109375 22.203125 0.7578125 5.140625 5.1640625 5.6640625 5.09375 4.7734375 38.78125 34.25
20241103180000 63064.0 41.916672 -69.75 6.7265625 0.546875 0.2265625 1.1484375 -999.9 0.9453125 5.140625 5.0625 4.78125 4.03125 3.609375 26.7109375 33.421875 0.6015625 4.671875 4.5078125 3.4375 3.1015625 2.8515625 3.4140625 22.3046875 0.7265625 5.140625 5.171875 5.7109375 5.09375 4.7421875 42.9375 31.2421875
20241103190000 63064.0 41.916672 -69.75 6.78125 359.0234375 0.234375 1.15625 -999.9 0.9296875 5.140625 5.0546875 4.7578125 3.9921875 3.5703125 26.6015625 33.5078125 0.6015625 4.671875 4.5078125 3.4140625 3.078125 2.828125 2.9453125 22.3046875 0.703125 5.140625 5.171875 5.734375 5.109375 4.75 43.859375 30.8046875
20241103200000 63064.0 41.916672 -69.75 6.4140625 358.1484375 0.21875 1.125 -999.9 0.90625 5.140625 5.046875 4.7578125 3.9921875 3.5703125 27.171875 33.5 0.515625 3.859375 4.03125 3.109375 2.828125 2.609375 359.9296875 23.0859375 0.7421875 5.140625 5.046875 5.5625 4.9921875 4.6796875 39.625 30.90625
20241103210000 63064.0 41.916672 -69.75 5.890625 354.734375 0.1953125 1.078125 -999.9 0.875 5.140625 5.046875 4.8046875 4.0234375 3.59375 28.59375 33.4375 0.421875 3.5078125 3.4375 2.8359375 2.59375 2.40625 355.6171875 22.3046875 0.765625 5.140625 5.046875 5.390625 4.8203125 4.515625 37.4453125 30.953125
20241103220000 63064.0 41.916672 -69.75 5.640625 351.4453125 0.1796875 1.0546875 -999.9 0.8359375 5.140625 5.0390625 4.859375 4.0546875 3.6171875 30.3046875 33.34375 0.375 3.1875 3.3125 2.75 2.515625 2.3359375 353.3984375 21.53125 0.75 5.140625 5.0390625 5.3828125 4.796875 4.484375 38.390625 30.515625
20241103230000 63064.0 41.916672 -69.75 5.6796875 355.6171875 0.1875 1.0546875 -999.9 0.8046875 5.140625 5.03125 4.890625 4.0625 3.609375 31.96875 33.171875 0.3671875 3.5078125 3.3984375 2.7578125 2.5234375 2.34375 356.6796875 21.6796875 0.71875 5.140625 5.03125 5.4609375 4.8515625 4.53125 40.2265625 30.484375
20241104000000 63064.0 41.916672 -69.75 5.609375 4.78125 0.1796875 1.046875 -999.9 0.7734375 5.140625 5.015625 4.9140625 4.0546875 3.59375 33.7890625 32.8515625 0.359375 3.5078125 3.375 2.734375 2.5 2.3203125 4.484375 21.0859375 0.6875 5.140625 5.015625 5.5 4.875 4.5625 40.890625 31.6640625
20241104010000 63064.0 41.916672 -69.75 5.2265625 14.0859375 0.1640625 1.015625 -999.9 0.7421875 5.140625 4.9921875 4.9609375 4.078125 3.609375 36.1171875 32.4375 0.3046875 3.1875 3.109375 2.5859375 2.375 2.2109375 11.8828125 20.296875 0.6796875 5.140625 4.9921875 5.453125 4.7890625 4.453125 40.6171875 32.4296875
20241104020000 63064.0 41.916672 -69.75 5.2109375 22.921875 0.1640625 1.0078125 -999.9 0.7109375 5.140625 4.9609375 5.0 4.078125 3.6015625 38.65625 32.015625 0.296875 3.1875 3.09375 2.5703125 2.359375 2.1953125 20.8046875 20.421875 0.6484375 5.140625 4.9609375 5.515625 4.8359375 4.5 42.1015625 32.7109375
20241104030000 63064.0 41.916672 -69.75 5.21875 28.1015625 0.1640625 1.015625 -999.9 0.6875 5.140625 4.9375 5.0234375 4.0625 3.5703125 41.171875 31.6328125 0.296875 3.1875 3.1484375 2.5859375 2.3671875 2.203125 25.390625 20.03125 0.6171875 5.140625 4.9375 5.5859375 4.8828125 4.5390625 44.5078125 32.578125
20241104040000 63064.0 41.916672 -69.75 5.0625 38.0078125 0.15625 1.0 -999.9 0.6640625 5.140625 4.9296875 5.046875 4.0546875 3.5546875 43.8046875 31.265625 0.265625 3.1875 3.0390625 2.421875 2.234375 2.0859375 34.15625 21.109375 0.609375 5.140625 4.9296875 5.546875 4.7890625 4.4296875 45.375 32.265625
20241104050000 63064.0 41.916672 -69.75 5.09375 39.578125 0.1640625 1.0 -999.9 0.6484375 5.140625 4.953125 5.078125 4.046875 3.53125 46.375 30.8359375 0.265625 3.1875 3.046875 2.4296875 2.2421875 2.09375 36.4140625 20.9765625 0.5859375 5.140625 4.953125 5.609375 4.8359375 4.4609375 48.109375 31.859375
20241104060000 63064.0 41.916672 -69.75 4.90625 39.3203125 0.15625 0.984375 -999.9 0.625 5.140625 5.0078125 5.109375 4.0546875 3.53125 48.6875 30.421875 0.25 2.8984375 2.8203125 2.3671875 2.1796875 2.03125 37.0625 20.5859375 0.578125 5.140625 5.0078125 5.6171875 4.8203125 4.4453125 50.46875 31.234375
20241104070000 63064.0 41.916672 -69.75 4.703125 44.21875 0.1484375 0.96875 -999.9 0.609375 5.140625 5.0625 5.1640625 4.0859375 3.546875 50.8359375 30.0078125 0.2109375 2.640625 2.7265625 2.234375 2.0703125 1.9375 41.4296875 19.9765625 0.578125 5.140625 5.0625 5.5625 4.7109375 4.3046875 51.8359375 30.65625
20241104080000 63064.0 41.916672 -69.75 4.65625 51.546875 0.140625 0.9609375 -999.9 0.59375 10.015625 10.0390625 5.2109375 4.1171875 3.5625 52.8203125 29.5703125 0.203125 2.640625 2.6484375 2.2109375 2.046875 1.9140625 49.2421875 20.3984375 0.5625 10.015625 10.0390625 5.59375 4.7265625 4.3125 53.171875 30.234375
20241104090000 63064.0 41.916672 -69.75 4.3125 53.4921875 0.1328125 0.9296875 -999.9 0.578125 10.015625 10.0078125 5.265625 4.1640625 3.609375 54.59375 29.1875 0.1640625 2.640625 2.515625 2.0546875 1.90625 1.7890625 52.546875 18.9140625 0.5546875 10.015625 10.0078125 5.5390625 4.625 4.1875 54.7109375 29.625
20241104100000 63064.0 41.916672 -69.75 3.40625 67.6328125 0.1015625 0.8515625 -999.9 0.5625 10.015625 9.9765625 5.359375 4.265625 3.7109375 56.1796875 28.90625 0.0703125 1.984375 0.0 1.6484375 1.546875 1.4609375 68.2734375 12.453125 0.5546875 10.015625 9.9765625 5.4140625 4.390625 3.8828125 56.1484375 28.9296875
20241104110000 63064.0 41.916672 -69.75 3.265625 76.2109375 0.09375 0.8359375 -999.9 0.546875 10.015625 9.953125 5.4375 4.3515625 3.796875 57.578125 28.65625 0.046875 1.984375 0.0 1.6484375 1.546875 1.4609375 77.6328125 7.0 0.546875 10.015625 9.953125 5.46875 4.4140625 3.890625 57.5546875 28.6640625
20241104120000 63064.0 41.916672 -69.75 3.203125 78.5859375 0.09375 0.828125 -999.9 0.53125 10.015625 9.921875 5.5 4.421875 3.859375 58.7734375 28.453125 0.0 1.0 0.0 1.0 1.0 1.0 180.0 0.0 0.53125 10.015625 9.921875 5.5 4.421875 3.859375 58.7734375 28.453125
20241104130000 63064.0 41.916672 -69.75 2.859375 81.171875 0.078125 0.796875 -999.9 0.515625 10.015625 9.890625 5.546875 4.46875 3.9140625 59.7890625 28.2890625 0.0 1.0 0.0 1.0 1.0 1.0 180.0 0.0 0.515625 10.015625 9.890625 5.546875 4.46875 3.9140625 59.7890625 28.2890625
20241104140000 63064.0 41.916672 -69.75 2.1953125 95.1484375 0.0625 0.7265625 -999.9 0.5078125 10.015625 9.8671875 5.5859375 4.515625 3.9609375 60.5859375 28.1796875 0.0 1.0 0.0 1.0 1.0 1.0 180.0 0.0 0.5078125 10.015625 9.8671875 5.5859375 4.515625 3.9609375 60.5859375 28.1796875
20241104150000 63064.0 41.916672 -69.75 3.3828125 117.109375 0.1015625 0.8359375 -999.9 0.5 10.015625 9.8359375 5.609375 4.5546875 4.0078125 61.203125 28.109375 0.03125 1.984375 0.0 1.6484375 1.546875 1.4609375 109.6171875 6.8125 0.5 10.015625 9.8359375 5.625 4.59375 4.0546875 61.171875 28.09375
20241104160000 63064.0 41.916672 -69.75 3.7421875 131.7421875 0.109375 0.859375 -999.9 0.4921875 10.015625 9.8125 5.6328125 4.59375 4.046875 61.59375 28.09375 0.03125 1.984375 0.0 1.7109375 1.6015625 1.5078125 113.75 8.125 0.4921875 10.015625 9.8125 5.6484375 4.640625 4.109375 61.53125 28.0546875
20241104170000 63064.0 41.916672 -69.75 3.78125 151.453125 0.109375 0.859375 -999.9 0.484375 10.015625 9.7890625 5.640625 4.6328125 4.1015625 61.7421875 28.171875 0.015625 1.984375 0.0 1.6796875 1.5703125 1.484375 125.9140625 9.3203125 0.484375 10.015625 9.7890625 5.6484375 4.6484375 4.1171875 61.71875 28.15625
20241104180000 63064.0 41.916672 -69.75 4.8046875 155.8984375 0.1484375 0.9375 -999.9 0.484375 10.015625 9.765625 5.6484375 4.671875 4.140625 61.703125 28.3515625 0.03125 1.984375 0.0 1.8515625 1.7109375 1.6015625 123.1796875 13.078125 0.484375 10.015625 9.765625 5.671875 4.7109375 4.203125 61.59375 28.2578125
20241104190000 63064.0 41.916672 -69.75 5.03125 166.390625 0.15625 0.953125 -999.9 0.484375 10.015625 9.75 5.6484375 4.6953125 4.171875 61.5625 28.6640625 0.03125 1.984375 0.0 1.84375 1.703125 1.59375 138.5234375 19.53125 0.484375 10.015625 9.75 5.671875 4.734375 4.2265625 61.4609375 28.53125
20241104200000 63064.0 41.916672 -69.75 5.6796875 172.34375 0.1796875 1.0 -999.9 0.484375 10.015625 9.734375 5.625 4.6640625 4.125 61.4921875 29.25 0.0546875 1.984375 0.0 1.828125 1.6796875 1.5703125 151.4921875 22.0390625 0.4765625 10.015625 9.734375 5.671875 4.765625 4.28125 61.2421875 28.8359375
20241104210000 63064.0 41.916672 -69.75 6.0546875 174.796875 0.1953125 1.0546875 -999.9 0.4921875 10.015625 9.71875 5.4453125 4.296875 3.625 62.1796875 31.15625 0.1171875 1.984375 0.0 1.75 1.6171875 1.5234375 161.65625 19.328125 0.4765625 10.015625 9.71875 5.6796875 4.796875 4.3203125 61.140625 29.2890625
20241104220000 63064.0 41.916672 -69.75 6.421875 173.8203125 0.21875 1.15625 -999.9 0.578125 10.015625 9.6953125 4.5 3.3203125 2.8359375 84.3046875 52.140625 0.3359375 2.3984375 2.3984375 2.203125 2.0546875 1.9296875 174.8828125 27.625 0.4765625 10.015625 9.6953125 5.6328125 4.765625 4.34375 62.8203125 30.6796875
20241104230000 63064.0 41.916672 -69.75 7.15625 185.703125 0.2421875 1.15625 -999.9 0.59375 10.015625 9.6796875 4.4453125 3.4609375 3.0703125 100.75 57.7421875 0.3671875 2.8984375 2.765625 2.546875 2.4140625 2.2890625 181.1328125 23.671875 0.46875 10.015625 9.6796875 5.6328125 4.765625 4.3359375 64.4609375 32.0390625
20241105000000 63064.0 41.916672 -69.75 7.71875 188.8828125 0.265625 1.2109375 -999.9 0.6328125 2.8984375 3.015625 4.265625 3.390625 3.03125 121.34375 59.8125 0.4453125 2.8984375 2.9609375 2.7421875 2.5703125 2.4296875 182.828125 22.765625 0.453125 10.015625 9.6640625 5.7109375 4.8515625 4.4296875 65.3984375 32.7890625
20241105010000 63064.0 41.916672 -69.75 7.21875 188.375 0.25 1.1953125 -999.9 0.671875 3.1875 3.2421875 4.1640625 3.3671875 3.0234375 137.2578125 58.4375 0.5 3.1875 3.1953125 2.90625 2.6953125 2.515625 183.21875 22.1015625 0.4453125 10.015625 9.6484375 5.75 4.90625 4.515625 68.6875 35.546875
20241105020000 63064.0 41.916672 -69.75 8.2890625 182.65625 0.296875 1.296875 -999.9 0.7265625 3.5078125 3.46875 4.0234375 3.3125 2.984375 150.6328125 54.09375 0.59375 3.5078125 3.4375 3.0546875 2.8125 2.609375 179.890625 23.203125 0.421875 10.015625 9.6328125 5.9609375 5.1484375 4.78125 68.1171875 34.2890625
20241105030000 63064.0 41.916672 -69.75 8.6796875 177.0234375 0.3203125 1.34375 -999.9 0.8046875 3.859375 3.6796875 3.953125 3.328125 3.015625 157.0390625 48.4375 0.6953125 3.5078125 3.625 3.2265625 2.953125 2.734375 176.0 23.7421875 0.40625 10.015625 9.625 6.125 5.3046875 4.9375 69.546875 35.0
20241105040000 63064.0 41.916672 -69.75 8.8359375 172.0234375 0.328125 1.359375 -999.9 0.8671875 3.859375 3.8515625 3.9765625 3.3984375 3.0859375 158.3828125 43.625 0.7734375 3.859375 3.828125 3.3984375 3.1015625 2.875 171.96875 23.890625 0.390625 10.015625 9.6171875 6.25 5.40625 4.9921875 72.6328125 37.1015625
20241105050000 63064.0 41.916672 -69.75 8.6171875 171.890625 0.3125 1.3359375 -999.9 0.90625 4.25 4.078125 4.046875 3.484375 3.171875 158.375 40.3828125 0.8203125 3.859375 4.0390625 3.5390625 3.234375 2.984375 169.6875 23.75 0.390625 10.015625 9.6171875 6.296875 5.4140625 4.9453125 78.5390625 38.4921875
20241105060000 63064.0 41.916672 -69.75 8.875 173.078125 0.328125 1.359375 -999.9 0.953125 4.25 4.203125 4.1015625 3.5625 3.2421875 159.0 37.765625 0.8671875 4.25 4.1796875 3.6640625 3.3359375 3.078125 168.65625 23.5625 0.3828125 10.015625 9.625 6.34375 5.421875 4.9140625 83.5234375 38.1328125
20241105070000 63064.0 41.916672 -69.75 9.3046875 171.859375 0.34375 1.390625 -999.9 1.0078125 4.25 4.3046875 4.15625 3.6328125 3.3125 159.65625 35.3359375 0.9375 4.25 4.28125 3.7890625 3.4453125 3.1796875 167.3984375 23.765625 0.3671875 10.015625 9.640625 6.515625 5.5625 5.0390625 85.71875 37.0546875
20241105080000 63064.0 41.916672 -69.75 9.5078125 175.140625 0.359375 1.40625 -999.9 1.0703125 4.671875 4.53125 4.234375 3.71875 3.3984375 160.59375 33.5078125 1.0 4.671875 4.5 3.9140625 3.5546875 3.2734375 167.625 23.640625 0.3828125 10.015625 9.6484375 6.4765625 5.5 4.9296875 91.8828125 35.109375
20241105090000 63064.0 41.916672 -69.75 8.9921875 181.1640625 0.328125 1.3671875 -999.9 1.0859375 4.671875 4.6171875 4.3203125 3.8046875 3.46875 161.3203125 32.890625 0.9921875 4.671875 4.5859375 3.96875 3.6015625 3.3125 170.1796875 22.8046875 0.4453125 5.65625 5.4296875 6.0859375 5.234375 4.7421875 106.265625 33.2421875
20241105100000 63064.0 41.916672 -69.75 7.8359375 189.7265625 0.28125 1.265625 -999.9 1.046875 4.671875 4.6796875 4.40625 3.859375 3.5078125 160.4453125 33.2734375 0.8359375 4.671875 4.5703125 3.8125 3.453125 3.171875 177.53125 20.671875 0.625 5.140625 5.109375 5.46875 4.8984375 4.546875 127.171875 29.71875
20241105110000 63064.0 41.916672 -69.75 7.0703125 208.4453125 0.2421875 1.1875 -999.9 0.9765625 4.671875 4.7421875 4.484375 3.890625 3.5234375 158.4140625 34.0625 0.578125 4.25 4.2109375 3.3125 2.9765625 2.734375 191.7421875 18.9609375 0.7890625 5.140625 4.8984375 5.1015625 4.640625 4.359375 141.6953125 28.453125
20241105120000 63064.0 41.916672 -69.75 6.296875 221.7109375 0.2109375 1.1171875 -999.9 0.9140625 4.671875 4.8046875 4.5703125 3.9375 3.546875 155.78125 34.40625 0.3984375 3.1875 3.109375 2.7421875 2.5078125 2.328125 204.6015625 19.0625 0.828125 4.671875 4.8046875 4.9921875 4.53125 4.2578125 146.4609375 29.171875
20241105130000 63064.0 41.916672 -69.75 6.7421875 229.34375 0.2265625 1.1484375 -999.9 0.8671875 4.671875 4.859375 4.609375 3.9296875 3.5234375 154.2421875 34.8671875 0.3671875 2.8984375 2.9140625 2.6484375 2.4296875 2.2578125 208.3515625 19.5625 0.7890625 4.671875 4.859375 5.046875 4.5625 4.265625 144.8671875 28.5703125
20241105140000 63064.0 41.916672 -69.75 7.15625 232.1484375 0.2421875 1.1796875 -999.9 0.84375 4.671875 4.890625 4.6015625 3.8828125 3.46875 154.6484375 36.0390625 0.3828125 2.8984375 2.875 2.625 2.4140625 2.25 210.7890625 20.96875 0.75 4.671875 4.890625 5.1171875 4.6171875 4.3203125 143.5625 28.03125
20241105150000 63064.0 41.916672 -69.75 7.3125 228.4453125 0.25 1.1953125 -999.9 0.8359375 5.140625 4.90625 4.546875 3.8203125 3.40625 157.15625 38.359375 0.4296875 2.8984375 2.9140625 2.6953125 2.484375 2.3203125 212.7421875 24.328125 0.71875 5.140625 4.90625 5.203125 4.703125 4.421875 142.28125 27.515625
20241105160000 63064.0 41.916672 -69.75 7.6328125 228.5546875 0.265625 1.21875 -999.9 0.8515625 5.140625 4.8984375 4.4609375 3.7421875 3.359375 163.0234375 42.84375 0.484375 2.8984375 3.0390625 2.8203125 2.609375 2.4453125 218.96875 28.1171875 0.6953125 5.140625 4.90625 5.265625 4.765625 4.4921875 141.7578125 28.0625
20241105170000 63064.0 41.916672 -69.75 8.0390625 227.8984375 0.28125 1.2578125 -999.9 0.859375 4.671875 4.875 4.3984375 3.703125 3.328125 167.53125 43.8984375 0.5390625 3.1875 3.1328125 2.9140625 2.6875 2.5078125 218.6015625 28.375 0.6796875 4.671875 4.8828125 5.328125 4.84375 4.59375 141.7734375 27.9453125
20241105180000 63064.0 41.916672 -69.75 8.828125 223.7109375 0.3203125 1.3203125 -999.9 0.890625 4.671875 4.796875 4.328125 3.65625 3.296875 171.6953125 42.71875 0.6171875 3.1875 3.2421875 3.09375 2.828125 2.6328125 211.1796875 28.7109375 0.6484375 5.140625 4.9375 5.4609375 4.9921875 4.7578125 140.421875 26.796875
20241105190000 63064.0 41.916672 -69.75 9.7265625 224.8515625 0.3671875 1.40625 -999.9 0.953125 4.671875 4.6875 4.25 3.625 3.28125 176.7734375 40.9609375 0.7109375 3.859375 3.7734375 3.2578125 2.9609375 2.7421875 207.453125 28.234375 0.6328125 5.140625 5.0078125 5.5234375 5.078125 4.8671875 141.0234375 25.484375
20241105200000 63064.0 41.916672 -69.75 9.9921875 224.7734375 0.3828125 1.4453125 -999.9 1.0234375 4.671875 4.6328125 4.2421875 3.6640625 3.3203125 181.4453125 39.453125 0.8046875 4.25 4.1328125 3.421875 3.1015625 2.8671875 206.4453125 27.8125 0.6328125 5.140625 5.0546875 5.5625 5.1484375 4.9453125 143.2890625 25.53125
20241105210000 63064.0 41.916672 -69.75 10.40625 226.2265625 0.3984375 1.4921875 -999.9 1.0859375 4.671875 4.6953125 4.2578125 3.703125 3.359375 186.359375 39.03125 0.8828125 4.25 4.234375 3.546875 3.21875 2.96875 208.015625 28.6640625 0.6328125 5.140625 5.109375 5.625 5.2265625 5.03125 145.734375 25.1640625
20241105220000 63064.0 41.916672 -69.75 8.734375 225.7578125 0.3203125 1.3515625 -999.9 1.0703125 4.671875 4.8203125 4.3515625 3.7890625 3.4453125 186.90625 38.6171875 0.8125 4.25 4.2109375 3.4921875 3.1640625 2.921875 212.7421875 27.671875 0.703125 5.140625 5.1328125 5.5078125 5.1484375 4.96875 153.9765625 27.15625
20241105230000 63064.0 41.916672 -69.75 9.421875 224.1484375 0.3515625 1.3984375 -999.9 1.046875 4.671875 4.8828125 4.359375 3.7734375 3.421875 187.7578125 37.765625 0.8515625 4.671875 4.53125 3.640625 3.28125 3.015625 207.703125 27.7109375 0.6171875 5.140625 5.3359375 5.7421875 5.3046875 5.0703125 149.8828125 27.6484375
20241106000000 63064.0 41.916672 -69.75 9.8671875 226.1328125 0.375 1.4375 -999.9 1.0703125 4.671875 4.859375 4.328125 3.7421875 3.390625 189.7109375 36.9375 0.8828125 4.671875 4.5 3.640625 3.28125 3.0234375 208.2890625 27.5390625 0.6015625 5.140625 5.3359375 5.8046875 5.3671875 5.1171875 150.453125 25.3359375
20241106010000 63064.0 41.916672 -69.75 10.359375 228.7109375 0.3984375 1.4921875 -999.9 1.1015625 4.671875 4.828125 4.3046875 3.734375 3.390625 192.1875 36.9296875 0.921875 4.671875 4.5 3.65625 3.296875 3.0390625 210.03125 28.125 0.6015625 5.140625 5.3828125 5.8125 5.390625 5.1484375 151.859375 24.2578125
20241106020000 63064.0 41.916672 -69.75 10.8671875 230.7578125 0.4296875 1.5390625 -999.9 1.15625 4.671875 4.8203125 4.296875 3.7421875 3.40625 195.5078125 37.7734375 0.9765625 4.671875 4.5234375 3.6875 3.3359375 3.0703125 212.6328125 29.609375 0.6171875 5.65625 5.4296875 5.8203125 5.40625 5.171875 153.5625 24.65625
20241106030000 63064.0 41.916672 -69.75 11.1171875 232.15625 0.4375 1.5703125 -999.9 1.203125 4.671875 4.8671875 4.3125 3.7734375 3.4375 198.53125 38.7109375 1.0234375 4.671875 4.5546875 3.734375 3.3828125 3.1171875 215.015625 30.953125 0.6328125 5.65625 5.4765625 5.8359375 5.4375 5.203125 155.4921875 26.4453125
20241106040000 63064.0 41.916672 -69.75 11.46875 232.6328125 0.4609375 1.6015625 -999.9 1.25 5.140625 4.953125 4.3359375 3.8125 3.46875 200.484375 38.84375 1.0703125 4.671875 4.59375 3.7890625 3.4375 3.1640625 215.9375 31.421875 0.640625 5.65625 5.5234375 5.859375 5.46875 5.2421875 157.2265625 28.1484375
20241106050000 63064.0 41.916672 -69.75 11.953125 234.3125 0.484375 1.65625 -999.9 1.3046875 5.140625 5.0 4.359375 3.8359375 3.5 202.171875 38.7421875 1.1328125 4.671875 4.625 3.875 3.5 3.2265625 216.0703125 32.0859375 0.6328125 5.65625 5.515625 5.9375 5.5390625 5.3046875 157.3828125 27.7265625
20241106060000 63064.0 41.916672 -69.75 12.0546875 234.4140625 0.4921875 1.6640625 -999.9 1.34375 5.140625 5.0546875 4.421875 3.890625 3.546875 202.6171875 38.4375 1.171875 4.671875 4.6875 3.9375 3.5546875 3.2734375 215.6640625 32.078125 0.6484375 5.65625 5.765625 5.9921875 5.6015625 5.3671875 159.28125 29.6796875
20241106070000 63064.0 41.916672 -69.75 12.203125 235.2734375 0.5 1.6796875 -999.9 1.375 5.140625 5.1015625 4.4765625 3.9375 3.578125 202.9140625 38.2734375 1.203125 4.671875 4.7890625 3.984375 3.59375 3.3046875 215.6171875 32.1640625 0.6640625 6.21875 6.0 6.0546875 5.6640625 5.4140625 160.8125 30.4296875
20241106080000 63064.0 41.916672 -69.75 12.1875 235.46875 0.5 1.6796875 -999.9 1.40625 5.140625 5.1328125 4.53125 3.984375 3.625 203.1640625 37.984375 1.2265625 4.671875 4.859375 4.03125 3.640625 3.34375 215.7265625 32.015625 0.6875 6.21875 6.1015625 6.1328125 5.75 5.484375 162.03125 30.4921875
20241106090000 63064.0 41.916672 -69.75 12.3125 235.21875 0.5078125 1.6875 -999.9 1.4296875 5.140625 5.1796875 4.5859375 4.03125 3.6640625 203.484375 37.7265625 1.25 5.140625 4.90625 4.0703125 3.671875 3.375 216.09375 31.9296875 0.703125 6.21875 6.203125 6.2265625 5.84375 5.5703125 162.875 29.6171875
20241106100000 63064.0 41.916672 -69.75 11.5078125 240.5625 0.4609375 1.609375 -999.9 1.4140625 5.140625 5.265625 4.65625 4.0859375 3.703125 203.734375 38.40625 1.15625 5.140625 4.9140625 3.9296875 3.5625 3.28125 223.3125 31.921875 0.8203125 6.21875 6.0703125 6.1015625 5.765625 5.5390625 167.3671875 23.765625
20241106110000 63064.0 41.916672 -69.75 11.4921875 236.6875 0.4609375 1.6015625 -999.9 1.3828125 5.140625 5.2578125 4.6640625 4.0703125 3.6953125 204.1640625 38.4375 1.15625 4.671875 4.609375 3.984375 3.6015625 3.3125 220.65625 31.8203125 0.7578125 6.21875 6.25 6.25 5.8671875 5.59375 166.4765625 28.3359375
20241106120000 63064.0 41.916672 -69.75 11.6796875 232.8359375 0.46875 1.625 -999.9 1.3828125 5.140625 5.1015625 4.65625 4.0625 3.6796875 203.6328125 37.28125 1.203125 4.671875 4.7109375 4.078125 3.671875 3.375 215.8515625 30.9453125 0.6875 6.8359375 6.515625 6.4140625 5.9609375 5.625 164.4609375 32.3515625
20241106130000 63064.0 41.916672 -69.75 11.921875 231.90625 0.484375 1.6484375 -999.9 1.40625 5.140625 5.0546875 4.6640625 4.0703125 3.6875 202.4453125 36.015625 1.2265625 5.140625 4.921875 4.1015625 3.703125 3.3984375 213.7265625 30.0859375 0.6796875 6.8359375 6.5390625 6.4921875 6.0390625 5.6875 164.015625 31.1953125
20241106140000 63064.0 41.916672 -69.75 11.8515625 233.15625 0.484375 1.640625 -999.9 1.421875 5.140625 5.078125 4.6953125 4.1015625 3.71875 202.0 35.78125 1.234375 4.671875 4.734375 4.1015625 3.703125 3.3984375 214.6484375 30.0703125 0.7109375 6.8359375 6.5703125 6.4609375 6.03125 5.703125 164.171875 27.2890625
20241106150000 63064.0 41.916672 -69.75 11.9921875 234.9375 0.484375 1.65625 -999.9 1.4375 5.140625 5.09375 4.7109375 4.109375 3.71875 202.625 36.2578125 1.2265625 4.671875 4.7265625 4.078125 3.6796875 3.3828125 216.78125 30.59375 0.7421875 6.8359375 6.609375 6.4453125 6.0546875 5.765625 164.90625 24.9140625
20241106160000 63064.0 41.916672 -69.75 12.1328125 234.421875 0.4921875 1.671875 -999.9 1.4453125 5.140625 5.078125 4.703125 4.109375 3.7265625 203.2109375 36.4296875 1.2578125 4.671875 4.734375 4.109375 3.7109375 3.40625 216.25 31.0 0.71875 6.8359375 6.640625 6.515625 6.109375 5.8046875 164.328125 25.8515625
20241106170000 63064.0 41.916672 -69.75 12.203125 232.0390625 0.5 1.6796875 -999.9 1.4609375 5.140625 5.09375 4.7109375 4.125 3.734375 202.890625 35.8671875 1.296875 5.140625 4.9453125 4.1953125 3.78125 3.46875 213.625 30.734375 0.6796875 6.8359375 6.8125 6.5859375 6.125 5.765625 163.078125 28.4609375
20241106180000 63064.0 41.916672 -69.75 12.5390625 230.2890625 0.515625 1.7109375 -999.9 1.5 5.140625 5.1328125 4.7265625 4.1484375 3.7578125 202.21875 34.9140625 1.34375 5.140625 4.984375 4.2578125 3.8359375 3.515625 211.6953125 30.1796875 0.6640625 6.8359375 6.8046875 6.6640625 6.21875 5.875 162.5234375 28.3359375
20241106190000 63064.0 41.916672 -69.75 12.71875 231.2109375 0.53125 1.734375 -999.9 1.5390625 5.140625 5.1953125 4.7578125 4.1796875 3.7890625 201.828125 34.4140625 1.375 5.140625 5.015625 4.2890625 3.8671875 3.5390625 211.5234375 30.0703125 0.6796875 6.8359375 6.8046875 6.6875 6.28125 5.953125 162.34375 24.8515625
20241106200000 63064.0 41.916672 -69.75 12.578125 231.0625 0.5234375 1.71875 -999.9 1.5546875 5.140625 5.3359375 4.796875 4.2109375 3.8203125 201.484375 34.25 1.390625 5.140625 5.078125 4.3203125 3.890625 3.5625 211.359375 29.9921875 0.6953125 6.8359375 6.8125 6.6953125 6.296875 5.96875 162.625 24.0859375
20241106210000 63064.0 41.916672 -69.75 12.3828125 234.8828125 0.5078125 1.703125 -999.9 1.5390625 5.65625 5.390625 4.796875 4.2109375 3.8125 202.4921875 34.96875 1.3359375 5.140625 4.9140625 4.2265625 3.8125 3.5 215.421875 30.3203125 0.765625 6.8359375 6.71875 6.546875 6.1875 5.8984375 165.015625 20.734375
20241106220000 63064.0 41.916672 -69.75 9.9921875 242.9453125 0.3828125 1.4765625 -999.9 1.40625 5.65625 5.4375 4.828125 4.21875 3.8203125 202.2578125 36.3828125 1.0546875 4.671875 4.5078125 3.8671875 3.5078125 3.234375 227.9140625 29.3125 0.921875 5.65625 5.8203125 6.09375 5.75 5.5078125 172.234375 19.1953125
20241106230000 63064.0 41.916672 -69.75 9.390625 238.0546875 0.3515625 1.40625 -999.9 1.234375 5.140625 5.3828125 4.78125 4.1171875 3.703125 201.1953125 36.703125 0.921875 4.25 4.2890625 3.734375 3.375 3.109375 225.7578125 28.7890625 0.8203125 5.65625 5.7578125 6.1328125 5.7265625 5.4453125 172.2109375 24.4765625
20241107000000 63064.0 41.916672 -69.75 9.5078125 239.53125 0.359375 1.4140625 -999.9 1.1171875 5.140625 5.1328125 4.6484375 3.953125 3.5390625 201.875 37.015625 0.8515625 4.25 4.0859375 3.5859375 3.2421875 2.9921875 225.9375 28.6328125 0.71875 5.65625 5.6484375 6.1484375 5.6875 5.359375 170.7421875 23.96875
20241107010000 63064.0 41.916672 -69.75 9.1328125 245.65625 0.3359375 1.3828125 -999.9 1.03125 5.140625 4.9765625 4.546875 3.828125 3.421875 203.0234375 38.203125 0.7578125 3.859375 3.7578125 3.3359375 3.0390625 2.8125 233.203125 28.109375 0.703125 5.140625 5.21875 5.953125 5.4609375 5.1484375 172.1015625 21.7109375
20241107020000 63064.0 41.916672 -69.75 8.5 252.6171875 0.3125 1.328125 -999.9 0.953125 4.671875 4.8125 4.515625 3.765625 3.359375 203.3671875 39.9609375 0.65625 3.5078125 3.5234375 3.140625 2.875 2.671875 241.7890625 27.2109375 0.6875 5.140625 5.0 5.765625 5.234375 4.9140625 173.8046875 21.6015625
20241107030000 63064.0 41.916672 -69.75 7.6171875 258.1953125 0.265625 1.2421875 -999.9 0.8671875 7.5234375 7.4921875 4.5625 3.7578125 3.34375 201.8828125 41.8984375 0.5546875 3.5078125 3.3671875 2.9609375 2.7265625 2.5390625 249.9921875 26.34375 0.671875 7.5234375 7.4921875 5.65625 5.078125 4.75 175.1328125 23.75
20241107040000 63064.0 41.916672 -69.75 6.5546875 265.75 0.21875 1.140625 -999.9 0.7734375 7.5234375 7.546875 4.6953125 3.8125 3.3671875 197.734375 43.609375 0.4375 3.1875 3.109375 2.75 2.546875 2.375 260.3984375 24.0078125 0.6484375 7.5234375 7.546875 5.578125 4.9296875 4.5703125 176.484375 27.3515625
20241107050000 63064.0 41.916672 -69.75 6.3125 273.78125 0.2109375 1.1015625 -999.9 0.703125 7.5234375 7.578125 4.8359375 3.8671875 3.390625 193.8984375 45.7265625 0.375 2.8984375 2.90625 2.6484375 2.4609375 2.3125 269.6796875 23.734375 0.59375 7.5234375 7.578125 5.6953125 4.96875 4.5625 174.1328125 26.9921875
20241107060000 63064.0 41.916672 -69.75 6.09375 278.8515625 0.203125 1.078125 -999.9 0.6484375 7.5234375 7.609375 4.9296875 3.875 3.375 191.875 49.1796875 0.34375 2.8984375 2.828125 2.5859375 2.421875 2.28125 277.125 23.4765625 0.5546875 7.5234375 7.609375 5.8359375 5.0625 4.625 171.2890625 28.671875
20241107070000 63064.0 41.916672 -69.75 5.7578125 283.75 0.1875 1.0546875 -999.9 0.6171875 7.5234375 7.6328125 4.984375 3.890625 3.375 190.453125 52.9921875 0.3203125 2.8984375 2.8203125 2.5546875 2.390625 2.2578125 284.0234375 22.703125 0.5234375 7.5234375 7.6328125 5.90625 5.1015625 4.6328125 169.34375 33.0234375
20241107080000 63064.0 41.916672 -69.75 5.78125 289.6015625 0.1875 1.0546875 -999.9 0.6015625 7.5234375 7.640625 4.9765625 3.859375 3.34375 191.171875 56.9296875 0.328125 2.8984375 2.8125 2.5703125 2.40625 2.2734375 290.6796875 22.6875 0.5 7.5234375 7.640625 5.9765625 5.15625 4.671875 167.359375 34.984375
20241107090000 63064.0 41.916672 -69.75 5.7421875 285.421875 0.1875 1.0546875 -999.9 0.59375 7.5234375 7.6328125 4.8984375 3.796875 3.296875 194.75 60.6796875 0.328125 2.8984375 2.8203125 2.5703125 2.40625 2.265625 292.1328125 23.421875 0.4921875 7.5234375 7.6328125 5.9375 5.1171875 4.65625 166.6953125 41.3984375
20241107100000 63064.0 41.916672 -69.75 5.03125 288.8828125 0.15625 0.9921875 -999.9 0.578125 7.5234375 7.6015625 4.9296875 3.84375 3.3359375 192.4453125 62.1640625 0.2734375 2.640625 2.71875 2.4375 2.2734375 2.1328125 292.7578125 20.5390625 0.515625 7.5234375 7.6015625 5.6328125 4.7734375 4.3359375 171.2109375 52.2578125
20241107110000 63064.0 41.916672 -69.75 5.359375 284.171875 0.171875 1.0234375 -999.9 0.5625 7.5234375 7.546875 4.9453125 3.8359375 3.3125 188.984375 63.0546875 0.265625 2.640625 2.625 2.3984375 2.2265625 2.09375 292.8515625 22.3828125 0.5 7.5234375 7.546875 5.6796875 4.84375 4.3984375 167.8671875 52.796875
20241107120000 63064.0 41.916672 -69.75 5.2734375 282.09375 0.171875 1.015625 -999.9 0.5546875 7.5234375 7.5 4.8984375 3.765625 3.2421875 188.0078125 64.1171875 0.265625 2.640625 2.5703125 2.328125 2.1640625 2.03125 292.75 21.6796875 0.4921875 7.5234375 7.5 5.6328125 4.7890625 4.34375 166.703125 54.59375
20241107130000 63064.0 41.916672 -69.75 4.9375 276.2890625 0.15625 0.9921875 -999.9 0.546875 7.5234375 7.46875 4.875 3.7578125 3.234375 187.0234375 64.265625 0.2265625 2.3984375 2.4609375 2.2109375 2.0546875 1.9296875 284.890625 21.3125 0.4921875 7.5234375 7.46875 5.453125 4.5625 4.1171875 169.2890625 58.9453125
20241107140000 63064.0 41.916672 -69.75 5.3046875 272.875 0.171875 1.0234375 -999.9 0.53125 7.5234375 7.4609375 4.8671875 3.7109375 3.171875 184.5 62.84375 0.2421875 2.3984375 2.4375 2.234375 2.0703125 1.9375 282.2421875 22.6015625 0.4765625 7.5234375 7.4609375 5.53125 4.640625 4.1875 165.828125 56.046875
20241107150000 63064.0 41.916672 -69.75 5.7890625 272.3203125 0.1875 1.0703125 -999.9 0.5390625 7.5234375 7.4609375 4.703125 3.5390625 3.03125 191.03125 63.15625 0.2890625 2.640625 2.546875 2.3203125 2.1484375 2.015625 282.7734375 24.65625 0.453125 7.5234375 7.4609375 5.640625 4.765625 4.3046875 163.234375 52.078125
20241107160000 63064.0 41.916672 -69.75 6.1171875 269.921875 0.203125 1.078125 -999.9 0.5546875 7.5234375 7.4609375 4.578125 3.53125 3.0859375 202.8125 63.75 0.3203125 2.640625 2.7109375 2.4765625 2.3203125 2.1953125 277.5703125 26.1875 0.453125 7.5234375 7.4609375 5.6328125 4.765625 4.3203125 163.328125 52.9375
20241107170000 63064.0 41.916672 -69.75 5.7890625 274.4921875 0.1875 1.0546875 -999.9 0.5546875 7.5234375 7.4609375 4.5859375 3.5546875 3.1171875 204.296875 63.4921875 0.3203125 2.8984375 2.7890625 2.515625 2.359375 2.2265625 277.78125 24.8671875 0.453125 7.5234375 7.4609375 5.6015625 4.734375 4.2890625 164.671875 53.0625
20241107180000 63064.0 41.916672 -69.75 5.5703125 285.59375 0.1796875 1.0390625 -999.9 0.546875 7.5234375 7.453125 4.640625 3.5859375 3.1328125 201.71875 64.6484375 0.3046875 2.8984375 2.8046875 2.5078125 2.34375 2.203125 288.3125 23.40625 0.453125 7.5234375 7.453125 5.6015625 4.71875 4.2578125 165.6875 51.5234375
20241107190000 63064.0 41.916672 -69.75 5.671875 303.3359375 0.1796875 1.046875 -999.9 0.5546875 7.5234375 7.4375 4.5859375 3.5546875 3.1015625 208.890625 68.75 0.3359375 3.1875 3.046875 2.6484375 2.4609375 2.3125 306.2578125 21.1640625 0.4375 7.5234375 7.4375 5.7421875 4.828125 4.296875 164.28125 45.4140625
20241107200000 63064.0 41.916672 -69.75 5.90625 321.1640625 0.1953125 1.078125 -999.9 0.5859375 7.5234375 7.421875 4.453125 3.484375 3.0546875 238.9296875 73.46875 0.3984375 3.1875 3.2109375 2.828125 2.609375 2.4375 319.7109375 18.09375 0.4296875 7.5234375 7.421875 5.84375 4.875 4.2578125 164.21875 40.53125
20241107210000 63064.0 41.916672 -69.75 7.125 337.796875 0.2421875 1.1796875 -999.9 0.640625 7.5234375 7.3984375 4.234375 3.3828125 3.0 302.6171875 72.0078125 0.4921875 3.5078125 3.375 3.015625 2.7578125 2.5625 329.0 18.3984375 0.40625 7.5234375 7.3984375 6.015625 5.03125 4.3828125 163.7734375 30.734375
20241107220000 63064.0 41.916672 -69.75 7.3125 350.2265625 0.2578125 1.2109375 -999.9 0.703125 3.5078125 3.59375 4.1171875 3.3828125 3.0234375 329.3125 66.1875 0.5703125 3.5078125 3.5625 3.15625 2.8828125 2.671875 337.2421875 18.71875 0.4140625 7.5234375 7.375 5.9296875 5.015625 4.4375 166.8203125 39.828125
20241107230000 63064.0 41.916672 -69.75 6.5703125 351.671875 0.2265625 1.15625 -999.9 0.71875 3.859375 3.7890625 4.140625 3.4453125 3.0859375 338.828125 63.8359375 0.5703125 3.859375 3.7578125 3.21875 2.921875 2.6953125 343.2578125 18.3984375 0.4375 7.5234375 7.328125 5.6953125 4.9140625 4.4609375 171.640625 56.6171875
20241108000000 63064.0 41.916672 -69.75 6.171875 349.7890625 0.203125 1.1171875 -999.9 0.703125 3.859375 3.8984375 4.1953125 3.5 3.140625 344.140625 63.3359375 0.53125 3.859375 3.7578125 3.1484375 2.8671875 2.6484375 344.59375 18.8359375 0.46875 7.5234375 7.2734375 5.5546875 4.921875 4.5703125 166.0390625 69.15625
20241108010000 63064.0 41.916672 -69.75 5.3125 347.671875 0.171875 1.0390625 -999.9 0.6796875 3.859375 4.0390625 4.28125 3.578125 3.203125 348.453125 64.2421875 0.375 3.5078125 3.3984375 2.7109375 2.484375 2.3046875 346.484375 18.5390625 0.5703125 3.859375 4.046875 4.96875 4.4453125 4.1796875 352.890625 74.390625
20241108020000 63064.0 41.916672 -69.75 4.2890625 342.078125 0.1328125 0.9375 -999.9 0.640625 4.25 4.0703125 4.3984375 3.6796875 3.296875 352.71875 66.8828125 0.203125 2.640625 2.5234375 2.0703125 1.921875 1.8046875 342.21875 18.953125 0.609375 4.25 4.0703125 4.65625 4.0859375 3.8203125 355.140625 68.875
20241108030000 63064.0 41.916672 -69.75 4.0625 334.203125 0.125 0.9140625 -999.9 0.59375 3.859375 3.9921875 4.5078125 3.7578125 3.359375 357.921875 70.3828125 0.1484375 2.3984375 2.296875 1.9453125 1.8125 1.703125 335.0859375 17.40625 0.578125 3.859375 3.9921875 4.6796875 4.046875 3.734375 1.3671875 71.421875
20241108040000 63064.0 41.916672 -69.75 4.0703125 327.9453125 0.125 0.90625 -999.9 0.5546875 3.859375 3.8984375 4.59375 3.7890625 3.3671875 7.3671875 73.9375 0.1328125 2.3984375 2.296875 1.9296875 1.796875 1.6875 330.21875 16.515625 0.5390625 3.859375 3.8984375 4.765625 4.0859375 3.75 14.84375 74.765625
20241108050000 63064.0 41.916672 -69.75 3.9296875 323.1640625 0.1171875 0.8984375 -999.9 0.515625 6.8359375 6.9375 4.671875 3.8125 3.3671875 30.78125 76.78125 0.1171875 2.1796875 2.1484375 1.875 1.75 1.6484375 326.265625 14.765625 0.5078125 6.8359375 6.9375 4.8203125 4.0703125 3.703125 44.1015625 77.0078125
20241108060000 63064.0 41.916672 -69.75 3.9609375 320.203125 0.1171875 0.8984375 -999.9 0.4921875 6.8359375 6.9140625 4.7421875 3.828125 3.359375 77.5625 77.6171875 0.109375 2.1796875 2.109375 1.8671875 1.7421875 1.6328125 324.75 14.359375 0.4765625 6.8359375 6.9140625 4.8984375 4.1015625 3.7109375 91.2578125 77.0
20241108070000 63064.0 41.916672 -69.75 3.9453125 318.015625 0.1171875 0.890625 -999.9 0.46875 6.8359375 6.890625 4.796875 3.828125 3.34375 112.6171875 76.3046875 0.109375 2.1796875 2.1015625 1.8515625 1.7265625 1.625 323.71875 13.9609375 0.453125 6.8359375 6.890625 4.9609375 4.109375 3.6953125 117.890625 75.25
20241108080000 63064.0 41.916672 -69.75 4.0546875 309.3671875 0.125 0.8984375 -999.9 0.4453125 6.8359375 6.8828125 4.84375 3.8359375 3.3359375 128.7890625 74.3046875 0.1015625 1.984375 0.0 1.859375 1.734375 1.625 320.9140625 13.546875 0.4296875 6.8359375 6.8828125 5.015625 4.125 3.6875 130.4140625 73.015625
20241108090000 63064.0 41.916672 -69.75 4.0703125 297.7890625 0.125 0.8984375 -999.9 0.421875 6.8359375 6.8671875 4.8984375 3.859375 3.34375 137.9921875 72.0390625 0.0859375 1.984375 0.0 1.8125 1.6875 1.5859375 312.15625 11.90625 0.4140625 6.8359375 6.8671875 5.046875 4.1015625 3.6484375 137.5390625 71.046875
20241108100000 63064.0 41.916672 -69.75 4.484375 289.359375 0.1328125 0.9296875 -999.9 0.40625 6.8359375 6.8671875 4.9453125 3.859375 3.328125 143.9765625 69.8515625 0.09375 1.984375 0.0 1.8984375 1.7578125 1.6484375 308.984375 11.8984375 0.390625 6.8359375 6.8671875 5.1171875 4.1484375 3.671875 142.6015625 68.2734375
20241108110000 63064.0 41.916672 -69.75 4.84375 273.90625 0.1484375 0.953125 -999.9 0.390625 6.8359375 6.859375 4.9453125 3.828125 3.28125 148.2265625 68.2578125 0.09375 1.984375 0.0 1.8671875 1.734375 1.625 301.0 11.1328125 0.3828125 6.8359375 6.859375 5.1328125 4.1328125 3.640625 146.09375 66.734375
20241108120000 63064.0 41.916672 -69.75 5.34375 255.765625 0.1640625 0.984375 -999.9 0.3828125 6.8359375 6.859375 4.9296875 3.7890625 3.234375 151.4765625 67.546875 0.0859375 1.984375 0.0 1.828125 1.6953125 1.59375 290.7109375 12.9765625 0.3671875 6.8359375 6.859375 5.1015625 4.0703125 3.5625 149.015625 66.3984375
20241108130000 63064.0 41.916672 -69.75 7.140625 241.46875 0.234375 1.109375 -999.9 0.3828125 6.8359375 6.859375 4.765625 3.5546875 2.9921875 156.953125 67.953125 0.125 1.984375 0.0 1.84375 1.6953125 1.5859375 267.890625 32.7578125 0.359375 6.8359375 6.859375 5.125 4.109375 3.6171875 150.7109375 66.5390625
20241108140000 63064.0 41.916672 -69.75 8.9765625 236.40625 0.3359375 1.3984375 -999.9 0.5078125 6.8359375 6.875 3.5390625 2.59375 2.2734375 223.359375 63.9921875 0.3671875 2.1796875 2.234375 2.1015625 1.9296875 1.8125 247.109375 30.1640625 0.3515625 6.8359375 6.875 5.125 4.171875 3.7421875 152.734375 69.7421875
20241108150000 63064.0 41.916672 -69.75 9.7890625 236.9140625 0.359375 1.34375 -999.9 0.59375 2.8984375 2.890625 3.5234375 2.9296875 2.6875 226.9296875 52.1171875 0.484375 2.8984375 2.859375 2.6640625 2.5078125 2.3828125 237.421875 29.5703125 0.34375 8.2734375 7.96875 5.2578125 4.40625 4.0078125 156.765625 67.5703125
20241108160000 63064.0 41.916672 -69.75 9.921875 236.2109375 0.375 1.40625 -999.9 0.71875 3.1875 3.265625 3.484375 3.0234375 2.78125 226.96875 45.546875 0.6328125 3.1875 3.2265625 2.9609375 2.75 2.578125 234.2109375 30.015625 0.34375 8.2734375 7.9609375 5.2578125 4.515625 4.1640625 161.34375 64.3359375
20241108170000 63064.0 41.916672 -69.75 10.546875 232.0859375 0.40625 1.4921875 -999.9 0.828125 3.5078125 3.5234375 3.5234375 3.1015625 2.8515625 223.125 41.421875 0.7578125 3.5078125 3.5 3.1640625 2.9140625 2.7109375 228.171875 30.6953125 0.3359375 8.2734375 7.953125 5.3828125 4.6875 4.34375 160.53125 62.3359375
20241108180000 63064.0 41.916672 -69.75 10.5546875 233.3046875 0.40625 1.5078125 -999.9 0.921875 3.859375 3.8046875 3.65625 3.25 2.984375 215.75 39.046875 0.84375 3.859375 3.7734375 3.34375 3.0625 2.84375 221.7890625 30.5390625 0.359375 4.671875 4.765625 5.34375 4.7890625 4.4921875 161.765625 53.328125
20241108190000 63064.0 41.916672 -69.75 10.40625 240.5625 0.3984375 1.4921875 -999.9 0.984375 4.25 4.1484375 3.8203125 3.3984375 3.1171875 211.6953125 38.5 0.859375 3.859375 4.03125 3.421875 3.1328125 2.8984375 223.484375 30.7578125 0.46875 4.671875 4.8515625 5.1484375 4.78125 4.53125 167.5 36.4453125
20241108200000 63064.0 41.916672 -69.75 9.7734375 253.28125 0.3671875 1.4296875 -999.9 1.0 4.25 4.3203125 3.9375 3.5 3.203125 212.84375 40.1640625 0.78125 3.859375 3.7890625 3.296875 3.0234375 2.8046875 238.484375 31.25 0.625 4.671875 4.796875 4.9453125 4.65625 4.453125 176.5625 24.0703125
20241108210000 63064.0 41.916672 -69.75 9.09375 267.2421875 0.3359375 1.375 -999.9 0.9765625 4.671875 4.5625 3.984375 3.5234375 3.21875 218.265625 43.421875 0.6953125 3.5078125 3.5546875 3.1484375 2.890625 2.6875 258.84375 29.0234375 0.6796875 4.671875 4.734375 4.8359375 4.546875 4.3515625 183.046875 21.2265625
20241108220000 63064.0 41.916672 -69.75 8.53125 288.265625 0.3125 1.328125 -999.9 0.921875 3.5078125 3.6171875 3.9765625 3.4921875 3.1875 227.671875 49.0390625 0.640625 3.5078125 3.484375 3.0859375 2.8359375 2.6328125 280.515625 24.796875 0.671875 4.671875 4.84375 4.78125 4.4375 4.203125 187.4140625 22.3515625
20241108230000 63064.0 41.916672 -69.75 8.75 294.296875 0.3203125 1.34375 -999.9 0.890625 3.5078125 3.578125 3.9296875 3.4453125 3.140625 247.984375 55.4140625 0.671875 3.5078125 3.4921875 3.171875 2.90625 2.6953125 295.1015625 24.53125 0.5859375 5.140625 5.0234375 4.921875 4.546875 4.3125 185.9921875 23.953125
20241109000000 63064.0 41.916672 -69.75 9.203125 295.3359375 0.34375 1.3828125 -999.9 0.90625 3.859375 3.8203125 3.8828125 3.4140625 3.125 278.0546875 55.234375 0.7578125 3.859375 3.7421875 3.3515625 3.0546875 2.8203125 304.140625 24.4296875 0.5 5.140625 5.0859375 5.109375 4.7109375 4.4765625 183.515625 30.2890625
20241109010000 63064.0 41.916672 -69.75 10.2421875 296.3203125 0.390625 1.4765625 -999.9 0.9921875 4.25 4.1328125 3.90625 3.46875 3.171875 299.5625 47.2890625 0.8984375 4.25 4.1015625 3.59375 3.265625 3.0078125 309.375 24.078125 0.4140625 5.140625 5.3515625 5.3359375 4.8828125 4.625 179.609375 37.0078125
20241109020000 63064.0 41.916672 -69.75 13.09375 312.375 0.5546875 1.7734375 -999.9 1.2734375 4.671875 4.578125 4.1015625 3.6875 3.3828125 315.3203125 36.359375 1.2265625 4.671875 4.5703125 3.984375 3.6171875 3.3203125 318.140625 23.78125 0.3359375 6.21875 6.15625 5.6015625 5.0234375 4.6640625 176.390625 29.2421875
20241109030000 63064.0 41.916672 -69.75 13.9375 322.1640625 0.609375 1.90625 -999.9 1.609375 5.140625 5.125 4.53125 4.0859375 3.7421875 325.1953125 30.8046875 1.578125 5.140625 5.1171875 4.484375 4.0546875 3.71875 325.9765625 24.3828125 0.2890625 6.8359375 6.8828125 5.890625 5.1875 4.6796875 172.15625 36.71875
20241109040000 63064.0 41.916672 -69.75 13.46875 322.2421875 0.578125 1.8515625 -999.9 1.7890625 5.65625 5.5703125 4.8671875 4.3828125 4.0 330.28125 29.1640625 1.765625 5.65625 5.5703125 4.8359375 4.3671875 3.984375 330.234375 24.7109375 0.2890625 7.5234375 7.3671875 6.15625 5.3828125 4.7890625 146.703125 59.6796875
20241109050000 63064.0 41.916672 -69.75 13.984375 320.0078125 0.609375 1.8828125 -999.9 1.9375 5.65625 5.890625 5.109375 4.59375 4.1953125 332.65625 28.3671875 1.90625 5.65625 5.875 5.0703125 4.5703125 4.1796875 331.96875 24.7421875 0.3359375 7.5234375 7.421875 6.390625 5.609375 4.984375 75.8515625 64.4375
20241109060000 63064.0 41.916672 -69.75 14.7421875 320.421875 0.65625 1.9921875 -999.9 2.140625 6.21875 6.140625 5.328125 4.78125 4.359375 333.8671875 27.78125 2.1171875 6.21875 6.1328125 5.296875 4.765625 4.34375 333.0859375 24.9609375 0.34375 7.5234375 7.265625 6.5078125 5.6796875 5.0078125 58.390625 59.5625
20241109070000 63064.0 41.916672 -69.75 15.46875 323.1640625 0.703125 2.046875 -999.9 2.359375 6.21875 6.390625 5.5703125 5.015625 4.5859375 335.5078125 27.3359375 2.3359375 6.21875 6.3828125 5.546875 5.0 4.5703125 334.9609375 25.2890625 0.3203125 8.2734375 8.0625 6.734375 5.90625 5.2890625 61.9375 59.7109375
20241109080000 63064.0 41.916672 -69.75 15.59375 325.15625 0.703125 2.0546875 -999.9 2.5234375 6.8359375 6.703125 5.7890625 5.2109375 4.7578125 337.2109375 27.0546875 2.5 6.8359375 6.6953125 5.765625 5.1953125 4.7421875 336.484375 25.28125 0.359375 8.2734375 8.1328125 7.0390625 6.171875 5.5 45.90625 52.0234375
20241109090000 63064.0 41.916672 -69.75 15.390625 327.9765625 0.6875 2.015625 -999.9 2.609375 6.8359375 6.8203125 5.953125 5.359375 4.8828125 339.171875 26.78125 2.5859375 6.8359375 6.8203125 5.9375 5.34375 4.875 338.5390625 25.2578125 0.3515625 8.2734375 8.6640625 7.171875 6.1640625 5.4296875 45.515625 51.7734375
20241109100000 63064.0 41.916672 -69.75 13.625 327.90625 0.578125 1.7890625 -999.9 2.5546875 6.8359375 6.9453125 6.09375 5.4921875 5.015625 341.4453125 26.703125 2.4765625 6.8359375 6.8984375 5.9921875 5.4140625 4.953125 339.078125 24.296875 0.609375 8.2734375 8.3203125 7.7109375 7.1015625 6.5703125 27.8515625 30.0625
20241109110000 63064.0 41.916672 -69.75 14.265625 327.859375 0.609375 1.84375 -999.9 2.5390625 6.8359375 7.0078125 6.109375 5.484375 5.0 343.0546875 26.7109375 2.4765625 6.8359375 6.984375 6.0234375 5.421875 4.953125 340.890625 24.5625 0.5625 9.1015625 8.71875 7.734375 6.9921875 6.390625 31.8984375 27.96875
20241109120000 63064.0 41.916672 -69.75 14.6796875 330.7890625 0.640625 1.8984375 -999.9 2.609375 6.8359375 7.0546875 6.140625 5.515625 5.0234375 344.65625 26.625 2.5625 6.8359375 7.046875 6.078125 5.46875 4.9921875 343.0625 24.9140625 0.5 9.1015625 8.9375 7.875 7.046875 6.390625 34.9453125 30.546875
20241109130000 63064.0 41.916672 -69.75 14.25 334.453125 0.609375 1.84375 -999.9 2.6484375 7.5234375 7.1875 6.2265625 5.5859375 5.09375 347.0625 26.484375 2.5859375 7.5234375 7.171875 6.140625 5.53125 5.0546875 345.21875 24.703125 0.5546875 9.1015625 8.9609375 8.0703125 7.28125 6.6015625 33.375 28.765625
20241109140000 63064.0 41.916672 -69.75 14.03125 336.1015625 0.6015625 1.8125 -999.9 2.6484375 7.5234375 7.2578125 6.28125 5.6328125 5.140625 349.4921875 26.4140625 2.5703125 7.5234375 7.234375 6.171875 5.5546875 5.078125 347.1875 24.5078125 0.6171875 9.1015625 8.9609375 8.1796875 7.4453125 6.7890625 33.5390625 24.8203125
20241109150000 63064.0 41.916672 -69.75 13.5703125 336.15625 0.5703125 1.765625 -999.9 2.6171875 7.5234375 7.296875 6.3046875 5.65625 5.15625 351.5 26.5625 2.5234375 7.5234375 7.265625 6.171875 5.5546875 5.078125 348.5859375 24.390625 0.6875 9.1015625 8.9296875 8.1328125 7.4140625 6.78125 34.09375 22.2421875
20241109160000 63064.0 41.916672 -69.75 13.25 334.4765625 0.5546875 1.734375 -999.9 2.5625 7.5234375 7.3125 6.296875 5.6328125 5.1328125 352.8125 26.96875 2.4140625 7.5234375 7.21875 6.078125 5.46875 4.9921875 348.15625 24.1875 0.84375 9.1015625 8.78125 8.09375 7.5078125 6.9921875 31.8828125 18.015625
20241109170000 63064.0 41.916672 -69.75 12.3984375 331.34375 0.5078125 1.671875 -999.9 2.453125 7.5234375 7.3046875 6.25 5.5703125 5.0546875 353.9296875 27.6875 2.2265625 6.8359375 7.03125 5.8828125 5.28125 4.8125 346.390625 24.1171875 1.0390625 8.2734375 8.3828125 7.9375 7.4375 6.96875 28.3984375 16.296875
20241109180000 63064.0 41.916672 -69.75 12.34375 328.03125 0.5 1.6640625 -999.9 2.34375 7.5234375 7.2734375 6.171875 5.484375 4.96875 354.4765625 28.4375 2.0703125 6.8359375 6.8203125 5.734375 5.1328125 4.671875 344.734375 24.2109375 1.1015625 8.2734375 8.2109375 7.71875 7.2421875 6.8046875 28.0859375 14.875
20241109190000 63064.0 41.916672 -69.75 12.15625 331.1953125 0.4921875 1.6484375 -999.9 2.265625 7.5234375 7.171875 6.078125 5.3984375 4.890625 354.78125 28.8046875 2.0 6.8359375 6.7265625 5.6171875 5.0234375 4.5703125 345.0546875 24.6640625 1.0625 8.2734375 8.1171875 7.6953125 7.296875 6.9296875 28.3671875 15.734375
20241109200000 63064.0 41.916672 -69.75 11.4921875 335.21875 0.4609375 1.6015625 -999.9 2.1640625 6.8359375 7.046875 5.9921875 5.3046875 4.7890625 356.09375 28.6875 1.90625 6.8359375 6.65625 5.515625 4.921875 4.46875 346.4453125 24.5234375 1.03125 8.2734375 8.0390625 7.609375 7.2109375 6.8359375 28.5859375 17.453125
20241109210000 63064.0 41.916672 -69.75 11.4765625 334.046875 0.4609375 1.59375 -999.9 2.0859375 6.8359375 6.953125 5.90625 5.2265625 4.71875 357.21875 28.65625 1.8203125 6.8359375 6.578125 5.3984375 4.828125 4.3828125 347.1171875 24.5390625 1.015625 8.2734375 8.0078125 7.53125 7.125 6.71875 29.078125 16.578125
20241109220000 63064.0 41.916672 -69.75 10.7734375 335.1171875 0.421875 1.546875 -999.9 2.0078125 6.8359375 6.9140625 5.8359375 5.1484375 4.6328125 358.65625 28.8515625 1.6875 6.21875 6.296875 5.21875 4.6484375 4.2109375 346.1328125 24.125 1.0859375 7.5234375 7.71875 7.328125 6.9453125 6.5703125 28.0390625 16.765625
20241109230000 63064.0 41.916672 -69.75 10.484375 340.9375 0.40625 1.5078125 -999.9 1.921875 6.8359375 6.8984375 5.78125 5.09375 4.578125 0.9765625 28.6953125 1.640625 6.21875 6.3515625 5.1875 4.625 4.1953125 349.84375 24.4296875 1.0078125 7.5234375 7.65625 7.359375 6.9453125 6.53125 29.9453125 18.546875
20241110000000 63064.0 41.916672 -69.75 10.3203125 345.0390625 0.3984375 1.4921875 -999.9 1.8671875 6.8359375 6.8828125 5.7265625 5.03125 4.5234375 3.625 28.4140625 1.6015625 6.21875 6.2109375 5.1484375 4.5859375 4.1640625 353.1640625 24.34375 0.9609375 7.5234375 7.6171875 7.3359375 6.8984375 6.4375 32.1640625 19.2109375
20241110010000 63064.0 41.916672 -69.75 10.03125 349.0625 0.3828125 1.4609375 -999.9 1.8203125 6.8359375 6.8515625 5.6953125 5.0 4.4921875 6.484375 28.2421875 1.5625 6.21875 6.2734375 5.109375 4.5625 4.140625 356.4921875 24.21875 0.9375 7.5234375 7.609375 7.3203125 6.8515625 6.3671875 34.1796875 20.6171875
20241110020000 63064.0 41.916672 -69.75 9.21875 353.9453125 0.34375 1.390625 -999.9 1.765625 6.8359375 6.859375 5.7109375 5.015625 4.5 10.0546875 28.1015625 1.3984375 6.21875 6.0 4.8671875 4.3515625 3.9609375 357.03125 23.7421875 1.078125 7.5234375 7.3984375 7.1484375 6.7421875 6.3515625 31.734375 21.8515625
20241110030000 63064.0 41.916672 -69.75 8.5078125 357.109375 0.3125 1.3203125 -999.9 1.7109375 6.8359375 6.890625 5.7578125 5.046875 4.53125 13.890625 27.8984375 1.2265625 5.65625 5.7265625 4.609375 4.1328125 3.765625 358.2890625 23.5078125 1.1953125 6.8359375 7.0546875 6.9765625 6.59375 6.2265625 29.8984375 23.4453125
20241110040000 63064.0 41.916672 -69.75 7.71875 359.203125 0.2734375 1.25 -999.9 1.6484375 6.8359375 6.9453125 5.828125 5.1015625 4.5703125 17.53125 27.6015625 0.9609375 5.140625 5.078125 4.09375 3.6796875 3.375 358.953125 23.71875 1.3359375 6.8359375 6.9453125 6.7109375 6.3515625 6.0390625 26.6484375 25.1171875
20241110050000 63064.0 41.916672 -69.75 6.84375 2.625 0.234375 1.171875 -999.9 1.578125 6.8359375 6.9921875 5.8984375 5.1640625 4.625 20.8046875 27.171875 0.6953125 4.671875 4.5 3.5 3.171875 2.921875 1.28125 23.953125 1.421875 6.8359375 6.9921875 6.4765625 6.078125 5.7734375 25.171875 26.09375
20241110060000 63064.0 41.916672 -69.75 5.875 9.1796875 0.1953125 1.078125 -999.9 1.5078125 6.8359375 7.0234375 5.96875 5.2421875 4.6953125 23.7734375 26.5859375 0.453125 3.859375 3.6796875 2.90625 2.6640625 2.4765625 7.03125 23.625 1.4375 6.8359375 7.0234375 6.28125 5.8046875 5.4609375 25.2734375 26.3671875
20241110070000 63064.0 41.916672 -69.75 4.5234375 8.8828125 0.140625 0.9609375 -999.9 1.4296875 6.8359375 7.0703125 6.0390625 5.3203125 4.7890625 26.3515625 25.921875 0.2265625 2.640625 2.59375 2.1953125 2.03125 1.90625 8.6796875 20.2734375 1.4140625 6.8359375 7.0703125 6.1328125 5.5546875 5.1484375 26.6796875 25.90625
20241110080000 63064.0 41.916672 -69.75 3.3046875 7.53125 0.09375 0.8515625 -999.9 1.359375 6.8359375 7.1015625 6.0625 5.375 4.8515625 28.5078125 25.296875 0.0703125 1.984375 0.0 1.6484375 1.546875 1.4609375 7.5546875 10.0390625 1.359375 6.8359375 7.1015625 6.078125 5.4140625 4.921875 28.515625 25.296875
20241110090000 63064.0 41.916672 -69.75 2.4296875 355.4140625 0.0703125 0.765625 -999.9 1.2890625 6.8359375 7.09375 6.0546875 5.375 4.859375 30.3125 24.7734375 0.0 1.0 0.0 1.0 1.0 1.0 180.0 0.0 1.2890625 6.8359375 7.09375 6.0546875 5.375 4.859375 30.3125 24.7734375
20241110100000 63064.0 41.916672 -69.75 0.984375 23.1796875 0.0234375 0.5859375 -999.9 1.21875 6.8359375 7.03125 6.03125 5.3515625 4.84375 31.921875 24.3359375 0.0 1.0 0.0 1.0 1.0 1.0 180.0 0.0 1.21875 6.8359375 7.03125 6.03125 5.3515625 4.84375 31.921875 24.3359375
20241110110000 63064.0 41.916672 -69.75 0.9296875 254.203125 0.0234375 0.5703125 -999.9 1.1484375 6.8359375 6.96875 5.9921875 5.3203125 4.8203125 33.4375 23.953125 0.0 1.0 0.0 1.0 1.0 1.0 180.0 0.0 1.1484375 6.8359375 6.96875 5.9921875 5.3203125 4.8203125 33.4375 23.953125
20241110120000 63064.0 41.916672 -69.75 1.78125 229.046875 0.046875 0.6796875 -999.9 1.0859375 6.8359375 6.90625 5.953125 5.2890625 4.7890625 34.9296875 23.578125 0.0 1.0 0.0 1.0 1.0 1.0 180.0 0.0 1.0859375 6.8359375 6.90625 5.953125 5.2890625 4.7890625 34.9296875 23.578125
20241110130000 63064.0 41.916672 -69.75 3.2265625 222.0234375 0.09375 0.8125 -999.9 1.0234375 6.8359375 6.8515625 5.9140625 5.2578125 4.765625 36.3515625 23.21875 0.0 1.984375 0.0 1.6484375 1.546875 1.4609375 222.5 0.0 1.0234375 6.8359375 6.8515625 5.9140625 5.2578125 4.765625 36.3515625 23.21875
20241110140000 63064.0 41.916672 -69.75 4.4375 221.15625 0.1328125 0.90625 -999.9 0.96875 6.8359375 6.78125 5.875 5.2265625 4.7421875 37.6953125 22.890625 0.0078125 1.984375 0.0 1.8046875 1.671875 1.5703125 221.484375 19.421875 0.96875 6.8359375 6.78125 5.875 5.2265625 4.7421875 37.6953125 22.8828125
20241110150000 63064.0 41.916672 -69.75 5.90625 226.1875 0.1875 1.0078125 -999.9 0.90625 6.8359375 6.734375 5.828125 5.1875 4.7109375 38.9375 22.6640625 0.015625 1.984375 0.0 1.9140625 1.7578125 1.640625 225.796875 21.46875 0.90625 6.8359375 6.734375 5.828125 5.1953125 4.71875 38.9453125 22.625
20241110160000 63064.0 41.916672 -69.75 6.984375 229.859375 0.2265625 1.0859375 -999.9 0.8515625 6.8359375 6.6796875 5.765625 5.109375 4.609375 40.1171875 22.9453125 0.0625 1.984375 0.0 1.8515625 1.6953125 1.5859375 228.15625 20.0859375 0.8515625 6.8359375 6.6796875 5.7890625 5.1640625 4.703125 40.1328125 22.4296875
20241110170000 63064.0 41.916672 -69.75 8.0546875 228.2265625 0.296875 1.3671875 -999.9 0.84375 6.8359375 6.625 5.265625 4.109375 3.3671875 40.921875 33.28125 0.296875 1.984375 0.0 1.8203125 1.6875 1.5859375 228.171875 22.5625 0.7890625 6.8359375 6.625 5.7578125 5.171875 4.765625 41.3125 22.28125
20241110180000 63064.0 41.916672 -69.75 8.1640625 226.640625 0.2890625 1.234375 -999.9 0.859375 6.8359375 6.546875 4.8671875 3.9921875 3.5234375 39.9765625 60.4140625 0.4609375 2.8984375 2.859375 2.65625 2.5 2.3671875 227.3125 28.2265625 0.7265625 6.8359375 6.546875 5.765625 5.2734375 4.9609375 42.4921875 23.1640625
20241110190000 63064.0 41.916672 -69.75 8.9765625 223.703125 0.328125 1.3125 -999.9 0.859375 6.21875 6.3828125 4.6015625 3.796875 3.375 46.9140625 70.640625 0.546875 3.1875 3.1328125 2.8515625 2.65625 2.5 221.4375 25.828125 0.6640625 6.21875 6.3828125 5.7734375 5.3125 5.03125 43.71875 23.0234375
20241110200000 63064.0 41.916672 -69.75 9.6171875 224.2265625 0.359375 1.3984375 -999.9 0.890625 3.5078125 3.4296875 4.328125 3.609375 3.234375 126.734375 78.5859375 0.6484375 3.5078125 3.3984375 3.0078125 2.78125 2.6015625 217.75 25.90625 0.6171875 6.21875 6.1640625 5.7890625 5.359375 5.1328125 45.2578125 24.8203125
20241110210000 63064.0 41.916672 -69.75 9.15625 223.4609375 0.34375 1.3828125 -999.9 0.90625 3.5078125 3.578125 4.1953125 3.5390625 3.1875 187.171875 72.953125 0.703125 3.5078125 3.53125 3.1484375 2.890625 2.6875 214.4375 26.3828125 0.5703125 6.21875 5.984375 5.7890625 5.3515625 5.125 48.3125 29.8671875
20241110220000 63064.0 41.916672 -69.75 7.6953125 218.0 0.2734375 1.2578125 -999.9 0.8671875 3.859375 3.796875 4.2109375 3.5703125 3.21875 180.2265625 69.3515625 0.6640625 3.859375 3.703125 3.203125 2.9375 2.71875 209.6875 25.0078125 0.5546875 5.65625 5.78125 5.6796875 5.1875 4.921875 54.6015625 42.40625
20241110230000 63064.0 41.916672 -69.75 8.3671875 215.7109375 0.3046875 1.3046875 -999.9 0.84375 3.859375 3.8515625 4.1640625 3.5234375 3.171875 179.890625 64.8046875 0.6796875 3.859375 3.765625 3.265625 2.984375 2.765625 203.9375 24.9921875 0.4921875 5.65625 5.3984375 5.875 5.34375 5.0625 54.65625 37.0
20241111000000 63064.0 41.916672 -69.75 8.3359375 215.5 0.3046875 1.3046875 -999.9 0.84375 3.859375 3.8828125 4.1328125 3.484375 3.1484375 181.5859375 59.96875 0.703125 3.859375 3.796875 3.296875 3.0078125 2.78125 201.6875 24.1875 0.46875 5.140625 5.15625 5.9921875 5.3671875 5.0625 61.3515625 41.1015625
20241111010000 63064.0 41.916672 -69.75 8.453125 219.625 0.3046875 1.3125 -999.9 0.8359375 3.859375 3.9140625 4.140625 3.46875 3.125 183.125 56.5546875 0.6953125 3.859375 3.796875 3.2734375 2.9921875 2.765625 202.765625 24.0 0.46875 4.671875 4.8203125 6.03125 5.3046875 4.9765625 76.515625 48.3359375
20241111020000 63064.0 41.916672 -69.75 8.9375 224.65625 0.328125 1.359375 -999.9 0.8515625 3.859375 3.9375 4.1640625 3.453125 3.109375 186.3984375 53.7265625 0.7109375 3.859375 3.8046875 3.2890625 3.0 2.7734375 204.9609375 24.734375 0.46875 4.671875 4.75 6.171875 5.28125 4.890625 89.625 50.296875
20241111030000 63064.0 41.916672 -69.75 8.6015625 223.8359375 0.3125 1.3359375 -999.9 0.859375 4.25 4.0625 4.234375 3.484375 3.140625 188.1015625 51.65625 0.7109375 3.859375 3.8125 3.2890625 3.0078125 2.78125 207.0078125 25.2734375 0.484375 11.015625 11.1328125 6.234375 5.28125 4.8828125 105.984375 52.359375
20241111040000 63064.0 41.916672 -69.75 8.90625 224.0234375 0.328125 1.359375 -999.9 0.875 4.25 4.1328125 4.2734375 3.5 3.15625 189.765625 49.765625 0.75 3.859375 3.90625 3.3671875 3.0703125 2.84375 205.796875 26.2578125 0.4609375 11.015625 11.0546875 6.640625 5.53125 5.0546875 103.40625 50.6640625
20241111050000 63064.0 41.916672 -69.75 9.09375 225.8828125 0.3359375 1.375 -999.9 0.8984375 4.25 4.1796875 4.28125 3.515625 3.171875 191.6015625 47.78125 0.765625 4.25 4.0546875 3.40625 3.1015625 2.8671875 206.953125 26.6328125 0.4609375 11.015625 10.9921875 6.6875 5.5546875 5.0625 112.625 50.0703125
20241111060000 63064.0 41.916672 -69.75 9.3984375 217.7890625 0.3515625 1.3984375 -999.9 0.9296875 4.25 4.2109375 4.265625 3.5390625 3.1953125 191.8125 44.3671875 0.84375 4.25 4.1484375 3.5546875 3.234375 2.984375 201.6796875 26.0078125 0.3984375 11.015625 10.9375 7.484375 6.15625 5.484375 94.6953125 47.2109375
20241111070000 63064.0 41.916672 -69.75 10.6484375 210.1015625 0.4140625 1.515625 -999.9 1.03125 4.25 4.2890625 4.2265625 3.5859375 3.2578125 191.0234375 39.09375 0.9765625 4.25 4.265625 3.734375 3.390625 3.125 196.515625 24.9453125 0.3359375 11.015625 10.875 8.296875 6.8046875 5.8515625 77.96875 40.9453125
20241111080000 63064.0 41.916672 -69.75 11.96875 208.328125 0.484375 1.6484375 -999.9 1.203125 4.671875 4.5859375 4.28125 3.71875 3.390625 190.4375 34.625 1.15625 4.671875 4.578125 3.9609375 3.59375 3.3046875 194.109375 24.984375 0.3203125 11.015625 10.8046875 8.421875 7.0 6.03125 81.3515625 39.296875
20241111090000 63064.0 41.916672 -69.75 13.0546875 214.6328125 0.546875 1.75 -999.9 1.3828125 5.140625 4.9140625 4.40625 3.8828125 3.5390625 192.4609375 33.1171875 1.3359375 5.140625 4.8984375 4.1796875 3.78125 3.4765625 195.828125 26.515625 0.3515625 11.015625 10.7109375 7.734375 6.421875 5.53125 102.3984375 40.5625
20241111100000 63064.0 41.916672 -69.75 13.125 218.234375 0.5546875 1.765625 -999.9 1.5234375 5.140625 5.140625 4.578125 4.0546875 3.6953125 194.640625 33.1875 1.46875 5.140625 5.125 4.3828125 3.953125 3.625 198.234375 28.0234375 0.4140625 6.8359375 6.5234375 7.0703125 5.9765625 5.1875 124.984375 41.921875
20241111110000 63064.0 41.916672 -69.75 12.5234375 223.328125 0.515625 1.7109375 -999.9 1.6015625 5.65625 5.5234375 4.7734375 4.2265625 3.84375 194.40625 33.5703125 1.4921875 5.65625 5.421875 4.5078125 4.0546875 3.7109375 200.4765625 28.5703125 0.5859375 6.8359375 6.703125 6.53125 5.84375 5.3046875 147.6171875 34.9921875
20241111120000 63064.0 41.916672 -69.75 11.7109375 230.2578125 0.46875 1.625 -999.9 1.59375 5.65625 5.734375 4.9453125 4.3515625 3.9375 193.53125 34.40625 1.3359375 5.65625 5.3984375 4.3359375 3.890625 3.5625 207.8671875 29.53125 0.8828125 6.8359375 6.5703125 6.3359375 5.9375 5.6171875 161.8671875 24.34375
20241111130000 63064.0 41.916672 -69.75 11.3203125 240.75 0.4453125 1.5625 -999.9 1.546875 6.21875 6.0625 5.0390625 4.40625 3.9921875 194.2578125 36.1171875 1.125 4.671875 4.515625 4.0 3.609375 3.328125 221.109375 31.046875 1.0625 6.21875 6.3984375 6.1953125 5.8515625 5.5859375 168.0859375 19.6875
20241111140000 63064.0 41.916672 -69.75 10.7578125 245.921875 0.421875 1.53125 -999.9 1.46875 6.21875 6.1328125 5.03125 4.3515625 3.9140625 196.2890625 38.015625 1.0 4.25 4.0703125 3.71875 3.375 3.109375 231.25 31.4765625 1.0703125 6.21875 6.2890625 6.1796875 5.84375 5.6015625 170.8828125 19.7734375
20241111150000 63064.0 41.916672 -69.75 10.171875 244.1171875 0.390625 1.4765625 -999.9 1.359375 5.65625 5.828125 4.9921875 4.2734375 3.8359375 197.765625 38.9296875 0.9375 4.25 4.0703125 3.640625 3.296875 3.0390625 232.5390625 31.3671875 0.984375 6.21875 6.2265625 6.2265625 5.84375 5.5859375 171.2578125 21.875
20241111160000 63064.0 41.916672 -69.75 9.546875 239.71875 0.359375 1.421875 -999.9 1.234375 5.65625 5.4296875 4.9375 4.171875 3.7265625 198.4609375 38.9375 0.8828125 4.25 4.1328125 3.6015625 3.265625 3.0078125 228.8671875 30.8046875 0.8671875 5.65625 5.8125 6.3125 5.859375 5.5625 170.6015625 25.0390625
20241111170000 63064.0 41.916672 -69.75 9.03125 240.09375 0.3359375 1.375 -999.9 1.125 5.140625 5.1171875 4.8671875 4.0625 3.609375 198.8203125 39.15625 0.796875 4.25 4.09375 3.453125 3.140625 2.8984375 229.8125 29.703125 0.796875 5.65625 5.4609375 6.2890625 5.7578125 5.4375 170.8515625 26.390625
20241111180000 63064.0 41.916672 -69.75 8.3125 242.90625 0.296875 1.3046875 -999.9 1.0234375 5.140625 4.984375 4.8515625 3.9921875 3.5390625 198.0078125 39.59375 0.6875 3.5078125 3.59375 3.2421875 2.9609375 2.7421875 233.828125 28.125 0.7578125 5.140625 5.140625 6.1640625 5.5703125 5.234375 172.25 27.46875
20241111190000 63064.0 41.916672 -69.75 7.421875 238.03125 0.2578125 1.2265625 -999.9 0.9296875 8.2734375 8.546875 4.9453125 4.0 3.5234375 194.5859375 39.078125 0.59375 3.5078125 3.53125 3.125 2.859375 2.6484375 230.4375 26.53125 0.71875 8.2734375 8.546875 6.203125 5.5234375 5.1328125 172.0078125 30.1953125
20241111200000 63064.0 41.916672 -69.75 7.1875 234.640625 0.25 1.1953125 -999.9 0.8671875 9.1015625 8.78125 5.0703125 4.0234375 3.5234375 190.6171875 37.5859375 0.546875 3.5078125 3.4140625 3.046875 2.7890625 2.5859375 226.3828125 25.578125 0.6796875 9.1015625 8.78125 6.359375 5.6171875 5.2109375 170.296875 29.1953125
20241111210000 63064.0 41.916672 -69.75 6.8515625 234.546875 0.234375 1.1640625 -999.9 0.8359375 9.1015625 8.984375 5.2109375 4.078125 3.546875 187.1328125 35.765625 0.484375 3.1875 3.2578125 2.9375 2.6875 2.5 225.6875 24.2578125 0.671875 9.1015625 8.984375 6.390625 5.578125 5.140625 169.921875 27.09375
20241111220000 63064.0 41.916672 -69.75 5.3125 232.0390625 0.171875 1.03125 -999.9 0.7890625 9.1015625 9.0859375 5.453125 4.265625 3.6875 182.4609375 33.609375 0.34375 2.8984375 3.015625 2.578125 2.3828125 2.2265625 230.3984375 21.3125 0.7109375 9.1015625 9.0859375 6.125 5.2265625 4.78125 173.6875 28.3203125
20241111230000 63064.0 41.916672 -69.75 5.8203125 225.90625 0.1875 1.0625 -999.9 0.75 9.1015625 9.109375 5.609375 4.34375 3.71875 179.4453125 32.375 0.3515625 3.1875 3.0859375 2.6796875 2.453125 2.2890625 220.3203125 22.8359375 0.6640625 9.1015625 9.109375 6.421875 5.515625 5.03125 170.265625 27.4140625
20241112000000 63064.0 41.916672 -69.75 5.5703125 227.734375 0.1796875 1.046875 -999.9 0.7265625 9.1015625 9.1015625 5.6484375 4.3125 3.671875 178.6328125 32.8203125 0.3203125 2.8984375 2.8046875 2.5078125 2.328125 2.1796875 223.5 23.4921875 0.65625 9.1015625 9.1015625 6.3984375 5.4140625 4.890625 170.3515625 27.8515625
20241112010000 63064.0 41.916672 -69.75 5.1640625 235.9765625 0.1640625 1.0078125 -999.9 0.7109375 9.1015625 9.09375 5.71875 4.3515625 3.7109375 178.375 34.4609375 0.2734375 2.8984375 2.7890625 2.4375 2.265625 2.125 234.453125 23.015625 0.6484375 9.1015625 9.09375 6.3125 5.21875 4.6640625 171.0390625 29.1171875
20241112020000 63064.0 41.916672 -69.75 5.0703125 247.40625 0.15625 0.9921875 -999.9 0.6796875 9.1015625 9.09375 5.953125 4.5234375 3.8203125 174.8046875 32.2109375 0.2265625 2.640625 2.65625 2.3359375 2.1640625 2.03125 244.0625 21.6171875 0.640625 9.1015625 9.09375 6.4140625 5.2578125 4.640625 169.375 26.109375
20241112030000 63064.0 41.916672 -69.75 5.03125 260.25 0.15625 0.9921875 -999.9 0.65625 9.1015625 9.0859375 6.1640625 4.6796875 3.8984375 171.1484375 28.7421875 0.1875 2.640625 2.515625 2.1328125 1.96875 1.84375 250.875 20.859375 0.625 9.1015625 9.0859375 6.5234375 5.3359375 4.6796875 167.7890625 23.3359375
20241112040000 63064.0 41.916672 -69.75 4.6640625 264.8671875 0.1484375 0.96875 -999.9 0.6328125 9.1015625 9.03125 6.265625 4.75 3.8984375 168.796875 26.140625 0.15625 2.1796875 2.125 1.90625 1.7734375 1.6640625 253.109375 18.578125 0.6171875 9.1015625 9.03125 6.5546875 5.34375 4.65625 166.9140625 22.609375
20241112050000 63064.0 41.916672 -69.75 5.0390625 267.7421875 0.1640625 1.015625 -999.9 0.625 9.1015625 8.953125 6.1953125 4.609375 3.71875 167.9609375 25.7578125 0.1796875 1.984375 0.0 1.8359375 1.7109375 1.609375 251.1875 20.9453125 0.6015625 9.1015625 8.953125 6.578125 5.421875 4.7421875 165.8515625 21.6328125
20241112060000 63064.0 41.916672 -69.75 5.4375 266.6328125 0.1796875 1.0859375 -999.9 0.65625 9.1015625 8.84375 5.6953125 4.0234375 3.2421875 172.625 33.296875 0.2734375 2.3984375 2.328125 1.984375 1.8359375 1.7265625 253.6953125 25.6796875 0.59375 9.1015625 8.84375 6.4921875 5.390625 4.78125 166.109375 23.1796875
20241112070000 63064.0 41.916672 -69.75 5.9375 262.890625 0.1953125 1.0859375 -999.9 0.6640625 9.1015625 8.75 5.5078125 4.0 3.3203125 177.5625 40.1640625 0.3203125 2.640625 2.546875 2.28125 2.125 1.9921875 260.7578125 27.0234375 0.578125 9.1015625 8.75 6.46875 5.4375 4.859375 165.0625 22.46875
20241112080000 63064.0 41.916672 -69.75 6.6875 262.65625 0.2265625 1.125 -999.9 0.65625 8.2734375 8.640625 5.4453125 4.0546875 3.4296875 180.46875 43.828125 0.3359375 2.640625 2.6171875 2.4296875 2.28125 2.1640625 263.125 26.1796875 0.5625 8.2734375 8.640625 6.515625 5.59375 5.046875 163.8125 22.5234375
20241112090000 63064.0 41.916672 -69.75 7.75 268.734375 0.265625 1.203125 -999.9 0.6796875 8.2734375 8.5234375 5.2265625 3.9140625 3.3515625 186.84375 48.7109375 0.390625 2.640625 2.734375 2.5390625 2.3984375 2.2734375 268.734375 26.8203125 0.5546875 8.2734375 8.5234375 6.5390625 5.671875 5.15625 163.109375 20.265625
20241112100000 63064.0 41.916672 -69.75 8.4921875 277.578125 0.3046875 1.2578125 -999.9 0.71875 8.2734375 8.484375 4.9609375 3.7734375 3.28125 198.1328125 55.890625 0.4609375 2.8984375 2.90625 2.6953125 2.5390625 2.3984375 279.375 27.8828125 0.5546875 8.2734375 8.484375 6.53125 5.703125 5.203125 162.9921875 20.5
20241112110000 63064.0 41.916672 -69.75 9.15625 285.671875 0.3359375 1.3359375 -999.9 0.796875 8.2734375 8.5234375 4.6796875 3.6484375 3.2109375 224.578125 64.6484375 0.5703125 3.1875 3.1796875 2.921875 2.7109375 2.5390625 294.96875 27.90625 0.5546875 8.2734375 8.5234375 6.5859375 5.8203125 5.3671875 162.453125 23.0078125
20241112120000 63064.0 41.916672 -69.75 9.2265625 290.6015625 0.34375 1.375 -999.9 0.8984375 3.5078125 3.6796875 4.53125 3.65625 3.2421875 266.0 66.1640625 0.703125 3.5078125 3.6328125 3.21875 2.9453125 2.7265625 304.171875 25.5078125 0.5625 9.1015625 8.6796875 6.6328125 5.9375 5.546875 161.1953125 32.125
20241112130000 63064.0 41.916672 -69.75 9.78125 295.734375 0.3671875 1.4375 -999.9 1.0078125 4.25 4.0703125 4.5 3.734375 3.34375 290.9375 62.3671875 0.84375 3.859375 4.0 3.5078125 3.1875 2.9375 309.921875 24.609375 0.5625 9.1015625 8.7109375 6.7421875 6.09375 5.7109375 159.9375 34.2109375
20241112140000 63064.0 41.916672 -69.75 11.28125 308.3828125 0.4453125 1.5859375 -999.9 1.1953125 4.25 4.40625 4.5 3.8515625 3.4765625 308.4453125 55.125 1.0625 4.25 4.3671875 3.8515625 3.4921875 3.2109375 317.0234375 23.65625 0.546875 9.1015625 8.7265625 6.953125 6.2890625 5.859375 160.515625 22.609375
20241112150000 63064.0 41.916672 -69.75 13.453125 324.5 0.578125 1.828125 -999.9 1.515625 5.140625 4.9765625 4.65625 4.1015625 3.7265625 322.0625 45.4296875 1.421875 5.140625 4.96875 4.3125 3.8984375 3.578125 324.828125 23.109375 0.5390625 9.1015625 8.7265625 7.09375 6.3984375 5.8671875 160.84375 21.2109375
20241112160000 63064.0 41.916672 -69.75 13.953125 329.6953125 0.609375 1.8984375 -999.9 1.8203125 5.65625 5.515625 4.9765625 4.4453125 4.0546875 329.71875 39.703125 1.7421875 5.65625 5.5078125 4.765625 4.3125 3.953125 330.7109375 23.765625 0.5234375 9.1015625 8.7265625 7.28125 6.640625 6.125 160.53125 23.96875
20241112170000 63064.0 41.916672 -69.75 13.921875 331.5 0.6015625 1.8828125 -999.9 1.9921875 5.65625 5.8359375 5.2265625 4.6796875 4.265625 334.5 37.3046875 1.921875 5.65625 5.8203125 5.0703125 4.578125 4.1875 334.765625 24.3671875 0.515625 9.1015625 8.6953125 7.4453125 6.828125 6.3359375 158.3671875 30.640625
20241112180000 63064.0 41.916672 -69.75 14.359375 333.2109375 0.6328125 1.9375 -999.9 2.1640625 6.21875 6.1328125 5.4375 4.8671875 4.4296875 337.453125 35.2421875 2.109375 6.21875 6.1171875 5.3046875 4.7890625 4.3671875 337.3828125 24.6015625 0.5078125 9.1015625 8.6953125 7.5546875 6.875 6.3046875 156.1484375 34.9375
20241112190000 63064.0 41.916672 -69.75 14.828125 336.2265625 0.65625 1.953125 -999.9 2.3515625 6.21875 6.3671875 5.65625 5.0859375 4.6484375 340.0234375 33.3359375 2.296875 6.21875 6.3515625 5.5546875 5.0234375 4.59375 339.8046875 24.65625 0.5 9.1015625 8.7578125 7.6640625 6.9765625 6.40625 154.7265625 37.6953125
20241112200000 63064.0 41.916672 -69.75 15.0234375 338.8828125 0.6640625 1.9609375 -999.9 2.5078125 6.8359375 6.6953125 5.859375 5.2734375 4.8125 343.2421875 32.0 2.4609375 6.8359375 6.6875 5.7890625 5.2265625 4.7734375 342.875 24.8046875 0.4921875 9.1015625 8.828125 7.71875 6.953125 6.3203125 151.59375 43.0
20241112210000 63064.0 41.916672 -69.75 15.3828125 341.0703125 0.6796875 1.9765625 -999.9 2.671875 6.8359375 6.8515625 6.0546875 5.46875 5.0 346.546875 30.8046875 2.625 6.8359375 6.84375 6.0 5.421875 4.96875 346.015625 24.9140625 0.484375 9.1015625 8.7890625 7.859375 7.1328125 6.53125 144.578125 48.0546875
20241112220000 63064.0 41.916672 -69.75 15.265625 341.28125 0.6796875 1.9609375 -999.9 2.8046875 7.5234375 7.1796875 6.2421875 5.625 5.140625 349.234375 29.9375 2.7578125 7.5234375 7.1640625 6.1875 5.5859375 5.109375 348.3984375 24.875 0.5078125 9.1015625 8.78125 7.921875 7.140625 6.515625 122.9453125 55.453125
20241112230000 63064.0 41.916672 -69.75 15.4296875 339.0 0.6875 1.984375 -999.9 2.90625 7.5234375 7.3515625 6.3828125 5.7421875 5.2421875 350.6796875 29.3515625 2.84375 7.5234375 7.3359375 6.3125 5.6953125 5.203125 349.2734375 24.6953125 0.5859375 9.1015625 8.984375 8.0234375 7.203125 6.53125 84.6328125 55.5546875
20241113000000 63064.0 41.916672 -69.75 15.5234375 344.5625 0.6875 1.9765625 -999.9 2.9921875 7.5234375 7.4375 6.4921875 5.84375 5.328125 352.78125 28.6328125 2.9375 7.5234375 7.4296875 6.4375 5.8046875 5.296875 351.734375 24.671875 0.5390625 9.1015625 9.140625 8.1484375 7.2578125 6.546875 91.5 57.4765625
20241113010000 63064.0 41.916672 -69.75 15.6171875 352.296875 0.6953125 1.9609375 -999.9 3.0859375 7.5234375 7.5234375 6.6171875 5.9609375 5.453125 356.25 27.7421875 3.0546875 7.5234375 7.515625 6.578125 5.9453125 5.4375 355.734375 24.515625 0.453125 9.1015625 9.0859375 8.0390625 7.03125 6.2890625 123.2109375 59.765625
20241113020000 63064.0 41.916672 -69.75 15.0234375 357.9453125 0.65625 1.890625 -999.9 3.1328125 7.5234375 7.65625 6.734375 6.0703125 5.5546875 0.2734375 27.3828125 3.09375 7.5234375 7.6484375 6.6953125 6.046875 5.5390625 359.7421875 24.4140625 0.4765625 10.015625 9.6328125 8.2109375 7.171875 6.40625 105.671875 64.5859375
20241113030000 63064.0 41.916672 -69.75 14.8125 0.0234375 0.640625 1.859375 -999.9 3.15625 7.5234375 7.828125 6.8203125 6.1484375 5.6171875 4.1171875 27.5078125 3.1171875 7.5234375 7.8125 6.78125 6.125 5.6015625 3.3671875 24.7421875 0.5 9.1015625 9.234375 8.2890625 7.2421875 6.4453125 89.4375 59.4140625
20241113040000 63064.0 41.916672 -69.75 14.625 0.9296875 0.625 1.8359375 -999.9 3.1875 8.2734375 7.96875 6.8984375 6.21875 5.6796875 7.515625 27.8203125 3.1328125 8.2734375 7.9453125 6.8359375 6.171875 5.6484375 6.1875 24.984375 0.609375 9.1015625 9.515625 8.59375 7.640625 6.859375 70.203125 49.7109375
20241113050000 63064.0 41.916672 -69.75 14.4375 1.53125 0.6171875 1.8125 -999.9 3.2109375 8.2734375 8.046875 6.9765625 6.2734375 5.7265625 10.2265625 28.109375 3.1171875 8.2734375 8.0234375 6.8515625 6.1875 5.65625 7.9609375 25.0859375 0.765625 10.015625 9.875 8.9765625 8.1875 7.5 61.359375 38.96875
20241113060000 63064.0 41.916672 -69.75 14.015625 2.7265625 0.59375 1.78125 -999.9 3.203125 8.2734375 8.1015625 7.0234375 6.3125 5.7578125 12.5390625 28.3203125 3.0625 8.2734375 8.0390625 6.84375 6.171875 5.640625 9.1171875 24.875 0.9296875 10.015625 9.6953125 9.03125 8.375 7.7734375 57.015625 33.09375
20241113070000 63064.0 41.916672 -69.75 13.9375 3.5859375 0.5859375 1.7734375 -999.9 3.203125 8.2734375 8.1484375 7.078125 6.34375 5.7734375 15.0546875 28.5625 3.03125 8.2734375 8.0703125 6.84375 6.1640625 5.625 10.8515625 25.0390625 1.03125 10.015625 9.7109375 9.1328125 8.4765625 7.859375 56.5 29.796875
20241113080000 63064.0 41.916672 -69.75 14.125 4.53125 0.59375 1.7890625 -999.9 3.2421875 8.2734375 8.21875 7.1484375 6.390625 5.8125 17.7265625 28.7265625 3.0703125 8.2734375 8.125 6.90625 6.2109375 5.6640625 13.546875 25.5078125 1.03125 10.015625 9.921875 9.3046875 8.6328125 8.0 59.125 28.078125
20241113090000 63064.0 41.916672 -69.75 14.1015625 7.203125 0.59375 1.78125 -999.9 3.28125 8.2734375 8.2890625 7.21875 6.4453125 5.859375 20.34375 28.640625 3.078125 8.2734375 8.1484375 6.9140625 6.2109375 5.6640625 15.65625 25.5078125 1.125 10.015625 9.9765625 9.4921875 8.90625 8.3359375 58.0546875 26.640625
20241113100000 63064.0 41.916672 -69.75 13.6875 8.171875 0.578125 1.765625 -999.9 3.2890625 8.2734375 8.390625 7.28125 6.46875 5.859375 22.78125 28.578125 3.0546875 8.2734375 8.171875 6.9140625 6.1953125 5.6328125 17.4609375 25.40625 1.2265625 10.015625 10.0234375 9.5234375 8.9140625 8.3203125 57.765625 25.421875
20241113110000 63064.0 41.916672 -69.75 13.671875 10.7890625 0.5703125 1.765625 -999.9 3.28125 8.2734375 8.484375 7.3125 6.4921875 5.8671875 24.9375 28.4140625 3.0546875 8.2734375 8.28125 6.9453125 6.21875 5.65625 20.109375 25.5 1.203125 10.015625 10.1484375 9.65625 8.984375 8.296875 58.1015625 26.9765625
20241113120000 63064.0 41.916672 -69.75 13.796875 12.1328125 0.578125 1.7734375 -999.9 3.296875 8.2734375 8.53125 7.328125 6.5 5.875 26.6484375 28.234375 3.078125 8.2734375 8.28125 6.9921875 6.25 5.671875 22.0 25.46875 1.171875 10.015625 10.4765625 9.6640625 8.9609375 8.265625 60.4921875 26.125
20241113130000 63064.0 41.916672 -69.75 13.9453125 12.6640625 0.5859375 1.7890625 -999.9 3.3203125 8.2734375 8.59375 7.3359375 6.5078125 5.8828125 27.8515625 28.109375 3.09375 8.2734375 8.2890625 6.9765625 6.234375 5.6640625 22.9765625 25.4765625 1.2109375 10.015625 10.4453125 9.6875 9.0234375 8.359375 61.0703125 24.3984375
20241113140000 63064.0 41.916672 -69.75 13.671875 15.171875 0.5703125 1.765625 -999.9 3.328125 8.2734375 8.6328125 7.3515625 6.5234375 5.8984375 29.046875 27.921875 3.1171875 8.2734375 8.4140625 7.0234375 6.28125 5.7109375 24.90625 25.3984375 1.1640625 10.015625 10.4140625 9.7265625 8.953125 8.1796875 60.578125 27.7421875
20241113150000 63064.0 41.916672 -69.75 13.3515625 17.5078125 0.5546875 1.7265625 -999.9 3.296875 8.2734375 8.65625 7.3671875 6.53125 5.90625 30.3671875 27.6796875 3.078125 8.2734375 8.4140625 7.03125 6.2890625 5.7109375 26.3515625 25.015625 1.1875 10.015625 10.359375 9.625 8.828125 8.078125 59.6953125 29.6796875
20241113160000 63064.0 41.916672 -69.75 12.9140625 15.9140625 0.53125 1.703125 -999.9 3.25 9.1015625 8.6953125 7.3671875 6.515625 5.875 31.328125 27.640625 2.9453125 8.2734375 8.3046875 6.9140625 6.1796875 5.6015625 25.6796875 24.7734375 1.359375 10.015625 10.0703125 9.484375 8.8046875 8.125 58.984375 25.6171875
20241113170000 63064.0 41.916672 -69.75 12.6953125 14.1171875 0.5234375 1.6796875 -999.9 3.1796875 9.1015625 8.7265625 7.34375 6.484375 5.84375 31.7890625 27.78125 2.7890625 8.2734375 8.171875 6.7421875 6.0234375 5.4609375 23.9609375 24.84375 1.5234375 10.015625 9.921875 9.34375 8.765625 8.1875 58.1953125 21.6015625
20241113180000 63064.0 41.916672 -69.75 12.5234375 12.25 0.5078125 1.6640625 -999.9 3.1015625 9.1015625 8.734375 7.296875 6.4375 5.796875 31.9375 28.0078125 2.671875 8.2734375 8.0703125 6.6015625 5.8984375 5.3515625 22.90625 25.140625 1.5859375 10.015625 9.7578125 9.265625 8.703125 8.125 57.234375 20.3984375
20241113190000 63064.0 41.916672 -69.75 12.703125 11.5 0.5234375 1.6796875 -999.9 3.046875 9.1015625 8.703125 7.234375 6.375 5.734375 31.875 28.265625 2.640625 8.2734375 8.0390625 6.578125 5.859375 5.3125 22.7890625 25.375 1.5234375 10.015625 9.671875 9.203125 8.640625 8.0859375 58.7265625 19.28125
20241113200000 63064.0 41.916672 -69.75 12.8515625 12.2421875 0.53125 1.6953125 -999.9 3.015625 8.2734375 8.6484375 7.1640625 6.3125 5.6796875 31.9921875 28.4609375 2.65625 8.2734375 8.0625 6.5859375 5.8671875 5.3125 23.6171875 25.5078125 1.4296875 10.015625 9.8359375 9.1640625 8.5625 7.9765625 60.5234375 19.75
20241113210000 63064.0 41.916672 -69.75 12.953125 14.2421875 0.53125 1.703125 -999.9 3.0 8.2734375 8.546875 7.1171875 6.265625 5.640625 32.5859375 28.5625 2.6796875 8.2734375 8.0625 6.6015625 5.875 5.328125 25.3125 25.734375 1.3359375 10.015625 9.7265625 9.1953125 8.5859375 7.9609375 61.8984375 21.4296875
20241113220000 63064.0 41.916672 -69.75 12.2109375 15.1953125 0.4921875 1.640625 -999.9 2.9453125 8.2734375 8.5 7.109375 6.265625 5.6484375 33.90625 28.625 2.53125 8.2734375 7.9375 6.4140625 5.7265625 5.1953125 24.5234375 25.390625 1.515625 9.1015625 9.4765625 9.0390625 8.5 7.96875 59.828125 21.65625
20241113230000 63064.0 41.916672 -69.75 12.7734375 19.046875 0.5234375 1.6875 -999.9 2.9296875 8.2734375 8.4765625 7.0859375 6.234375 5.609375 35.3359375 28.4609375 2.6171875 8.2734375 8.046875 6.5625 5.84375 5.2890625 28.328125 25.4296875 1.3203125 10.015625 9.84375 9.1328125 8.5 7.8671875 63.4453125 23.8671875
20241114000000 63064.0 41.916672 -69.75 12.703125 23.3984375 0.5234375 1.6796875 -999.9 2.9453125 8.2734375 8.4609375 7.0859375 6.234375 5.609375 37.1953125 28.0546875 2.6796875 8.2734375 8.1015625 6.6484375 5.921875 5.359375 31.953125 25.015625 1.21875 10.015625 9.9453125 9.1953125 8.4453125 7.7109375 64.25 28.5625
20241114010000 63064.0 41.916672 -69.75 12.53125 28.359375 0.5078125 1.6640625 -999.9 2.9609375 8.2734375 8.5078125 7.1328125 6.2734375 5.6484375 39.6171875 27.5390625 2.734375 8.2734375 8.1796875 6.75 6.0078125 5.4375 35.8046875 24.3984375 1.1484375 10.015625 10.09375 9.25 8.3671875 7.546875 63.703125 33.5078125
20241114020000 63064.0 41.916672 -69.75 12.2578125 31.578125 0.5 1.640625 -999.9 2.9765625 8.2734375 8.6171875 7.1953125 6.328125 5.6953125 42.0625 27.09375 2.6875 8.2734375 8.1953125 6.703125 5.9765625 5.4140625 37.6875 23.8671875 1.2890625 10.015625 10.03125 9.328125 8.53125 7.765625 62.953125 31.734375
20241114030000 63064.0 41.916672 -69.75 11.8359375 32.046875 0.4765625 1.6171875 -999.9 2.9765625 9.1015625 8.7265625 7.2578125 6.3671875 5.7109375 44.0546875 26.9140625 2.6015625 8.2734375 8.125 6.609375 5.890625 5.328125 38.3125 23.8203125 1.4375 10.015625 9.9296875 9.3671875 8.6640625 7.9375 63.7890625 28.2578125
20241114040000 63064.0 41.916672 -69.75 11.4375 31.171875 0.453125 1.578125 -999.9 2.9453125 9.1015625 8.796875 7.3203125 6.4140625 5.7421875 45.515625 26.9296875 2.4375 8.2734375 8.0 6.4296875 5.7265625 5.1875 37.140625 23.8359375 1.65625 10.015625 9.6171875 9.25 8.6640625 8.0546875 63.9453125 24.90625
20241114050000 63064.0 41.916672 -69.75 11.4375 31.9453125 0.453125 1.5703125 -999.9 2.921875 9.1015625 8.84375 7.3515625 6.4296875 5.75 46.5703125 26.96875 2.4140625 8.2734375 8.046875 6.4765625 5.7578125 5.1953125 38.015625 23.6953125 1.6328125 10.015625 9.796875 9.25 8.6328125 8.0078125 65.578125 24.875
20241114060000 63064.0 41.916672 -69.75 11.0078125 29.71875 0.4296875 1.546875 -999.9 2.8828125 9.1015625 8.859375 7.3671875 6.421875 5.7265625 47.3203125 27.1328125 2.1953125 7.5234375 7.59375 6.1171875 5.4375 4.9140625 34.984375 24.3828125 1.8671875 9.1015625 9.2734375 9.0859375 8.578125 8.0625 63.921875 22.078125
20241114070000 63064.0 41.916672 -69.75 11.0390625 29.1875 0.4375 1.5546875 -999.9 2.84375 9.1015625 8.859375 7.3671875 6.4140625 5.7109375 47.8359375 27.3515625 2.1640625 7.5234375 7.59375 6.1328125 5.4375 4.90625 34.71875 24.328125 1.84375 9.1015625 9.3359375 9.0625 8.53125 8.0078125 65.546875 21.4296875
20241114080000 63064.0 41.916672 -69.75 11.0390625 27.9765625 0.4375 1.5546875 -999.9 2.8203125 9.1015625 8.8515625 7.359375 6.390625 5.6875 48.2109375 27.609375 2.1171875 7.5234375 7.5546875 6.0390625 5.3515625 4.8359375 34.1875 24.7265625 1.859375 9.1015625 9.2734375 9.0625 8.5390625 8.03125 65.7890625 21.046875
20241114090000 63064.0 41.916672 -69.75 11.328125 27.71875 0.4453125 1.5625 -999.9 2.8046875 9.1015625 8.84375 7.34375 6.3828125 5.6875 48.421875 27.875 2.1640625 8.2734375 7.890625 6.1171875 5.421875 4.8984375 34.84375 24.8359375 1.7890625 9.1015625 9.3671875 9.125 8.578125 8.0546875 67.5546875 20.7265625
20241114100000 63064.0 41.916672 -69.75 12.15625 33.859375 0.4921875 1.625 -999.9 2.84375 9.1015625 8.8203125 7.2890625 6.3359375 5.65625 48.6796875 27.828125 2.4375 8.2734375 8.0703125 6.5 5.7578125 5.203125 41.0078125 24.8203125 1.4609375 10.015625 9.9921875 9.4765625 8.7734375 8.078125 70.3828125 25.40625
20241114110000 63064.0 41.916672 -69.75 11.90625 36.4921875 0.4765625 1.625 -999.9 2.890625 9.1015625 8.765625 7.2734375 6.328125 5.65625 49.4453125 27.59375 2.4921875 8.2734375 8.078125 6.515625 5.7890625 5.2265625 42.8984375 24.4375 1.4609375 10.015625 9.96875 9.4765625 8.7109375 7.9453125 69.296875 27.9140625
20241114120000 63064.0 41.916672 -69.75 11.4375 34.9609375 0.453125 1.578125 -999.9 2.90625 9.1015625 8.7265625 7.3203125 6.3828125 5.703125 50.3359375 27.484375 2.359375 7.5234375 7.6640625 6.3203125 5.625 5.0859375 40.78125 24.2421875 1.6953125 10.015625 9.6640625 9.265625 8.65625 8.078125 69.078125 24.5703125
20241114130000 63064.0 41.916672 -69.75 11.3984375 35.1015625 0.453125 1.5703125 -999.9 2.921875 9.1015625 8.7265625 7.3828125 6.4375 5.75 51.125 27.453125 2.34375 7.5234375 7.6796875 6.3359375 5.6328125 5.09375 41.0078125 24.2890625 1.734375 10.015625 9.65625 9.296875 8.6953125 8.125 69.609375 23.9375
20241114140000 63064.0 41.916672 -69.75 11.15625 35.3203125 0.4375 1.5625 -999.9 2.9296875 9.1015625 8.7734375 7.453125 6.484375 5.7734375 51.9375 27.40625 2.296875 7.5234375 7.7109375 6.2734375 5.578125 5.0390625 41.078125 24.421875 1.8203125 9.1015625 9.46875 9.328125 8.75 8.1875 69.109375 23.640625
20241114150000 63064.0 41.916672 -69.75 10.015625 27.9921875 0.3828125 1.4609375 -999.9 2.8984375 9.1015625 8.84375 7.578125 6.59375 5.8671875 52.7421875 27.5234375 1.765625 6.8359375 6.84375 5.4375 4.859375 4.4140625 31.21875 24.9921875 2.296875 9.1015625 8.84375 8.8515625 8.359375 7.9453125 64.765625 21.4296875
20241114160000 63064.0 41.916672 -69.75 9.3984375 17.7734375 0.3515625 1.3984375 -999.9 2.8515625 9.1015625 8.9375 7.7109375 6.703125 5.953125 53.3828125 27.765625 1.4921875 6.21875 6.2265625 5.0859375 4.5390625 4.125 21.21875 24.34375 2.4296875 9.1015625 8.9375 8.7109375 8.1796875 7.765625 64.390625 19.5703125
20241114170000 63064.0 41.916672 -69.75 9.6953125 16.921875 0.3671875 1.421875 -999.9 2.8125 9.1015625 9.0234375 7.7890625 6.734375 5.9609375 53.625 28.046875 1.5 6.21875 6.1953125 5.15625 4.5703125 4.140625 20.25 24.328125 2.375 9.1015625 9.0234375 8.8359375 8.3046875 7.890625 65.5390625 18.5390625
20241114180000 63064.0 41.916672 -69.75 9.71875 14.71875 0.3671875 1.4296875 -999.9 2.7734375 9.1015625 9.1015625 7.8125 6.734375 5.9453125 53.5625 28.3984375 1.4921875 6.21875 6.1328125 5.1171875 4.5390625 4.1171875 18.6171875 24.7109375 2.3359375 9.1015625 9.1015625 8.9140625 8.375 7.9609375 66.109375 17.5234375
20241114190000 63064.0 41.916672 -69.75 9.8359375 13.2421875 0.375 1.4375 -999.9 2.734375 9.1015625 9.1640625 7.8203125 6.703125 5.90625 53.296875 28.8203125 1.4765625 5.65625 5.90625 5.0703125 4.4921875 4.0703125 17.109375 24.7421875 2.3046875 9.1015625 9.1640625 8.9453125 8.3984375 7.9765625 66.3046875 17.2109375
20241114200000 63064.0 41.916672 -69.75 10.3359375 17.0234375 0.3984375 1.484375 -999.9 2.6953125 9.1015625 9.203125 7.7734375 6.6328125 5.828125 52.7734375 29.171875 1.59375 6.21875 6.3046875 5.2578125 4.6484375 4.203125 21.078125 25.53125 2.1796875 9.1015625 9.265625 9.109375 8.578125 8.15625 67.7578125 16.7421875
20241114210000 63064.0 41.916672 -69.75 10.515625 18.90625 0.40625 1.5 -999.9 2.671875 9.1015625 9.2109375 7.6953125 6.546875 5.7421875 52.21875 29.34375 1.671875 6.8359375 6.5703125 5.359375 4.7421875 4.2890625 24.1171875 25.9453125 2.0859375 9.1015625 9.3203125 9.2109375 8.6796875 8.2421875 68.5 16.96875
20241114220000 63064.0 41.916672 -69.75 9.0703125 9.2421875 0.3359375 1.375 -999.9 2.609375 9.1015625 9.1875 7.7109375 6.5703125 5.78125 52.4375 29.4140625 1.3359375 5.65625 5.6015625 4.71875 4.2265625 3.8515625 12.71875 24.4375 2.2421875 9.1015625 9.1875 8.7734375 8.1875 7.7578125 64.6953125 18.40625
20241114230000 63064.0 41.916672 -69.75 9.2265625 8.25 0.34375 1.3828125 -999.9 2.5390625 9.1015625 9.140625 7.71875 6.5703125 5.7734375 52.8046875 29.4453125 1.2890625 5.65625 5.5703125 4.6796875 4.1875 3.8125 11.7109375 24.8984375 2.1875 9.1015625 9.140625 8.7734375 8.1953125 7.765625 65.03125 17.671875
20241115000000 63064.0 41.916672 -69.75 9.03125 7.03125 0.3359375 1.3671875 -999.9 2.4765625 9.1015625 9.0859375 7.71875 6.5546875 5.7421875 53.0625 29.453125 1.21875 5.65625 5.4609375 4.5546875 4.0703125 3.7109375 9.8125 24.4453125 2.15625 9.1015625 9.0859375 8.71875 8.1171875 7.6796875 64.71875 17.953125
20241115010000 63064.0 41.916672 -69.75 8.7734375 5.1015625 0.3203125 1.34375 -999.9 2.4296875 9.1015625 9.0390625 7.7265625 6.546875 5.734375 53.5 29.375 1.140625 5.140625 5.2734375 4.3984375 3.9375 3.59375 7.7265625 24.3046875 2.140625 9.1015625 9.0390625 8.671875 8.0625 7.6328125 64.34375 18.1953125
20241115020000 63064.0 41.916672 -69.75 9.1328125 7.2890625 0.3359375 1.375 -999.9 2.390625 9.1015625 9.0390625 7.71875 6.515625 5.6875 53.7109375 29.3515625 1.1796875 5.140625 5.25 4.484375 4.015625 3.6640625 10.2890625 24.875 2.078125 9.1015625 9.0390625 8.765625 8.15625 7.71875 65.484375 17.21875
20241115030000 63064.0 41.916672 -69.75 9.09375 6.5 0.3359375 1.375 -999.9 2.375 11.015625 10.578125 7.71875 6.4921875 5.6640625 53.8671875 29.3515625 1.171875 5.140625 5.1953125 4.4296875 3.96875 3.625 10.09375 24.9296875 2.0703125 11.015625 10.578125 8.7734375 8.1640625 7.7421875 65.6640625 16.984375
20241115040000 63064.0 41.916672 -69.75 8.9765625 4.2578125 0.328125 1.359375 -999.9 2.3671875 11.015625 10.609375 7.734375 6.5 5.671875 54.1328125 29.34375 1.1484375 5.140625 5.1015625 4.375 3.921875 3.5859375 8.96875 24.9765625 2.0703125 11.015625 10.609375 8.7734375 8.15625 7.734375 65.6875 16.7734375
20241115050000 63064.0 41.916672 -69.75 9.03125 1.3046875 0.3359375 1.3671875 -999.9 2.359375 11.015625 10.6328125 7.7578125 6.5078125 5.671875 54.21875 29.515625 1.125 5.140625 5.1015625 4.3359375 3.8828125 3.546875 6.9375 24.671875 2.0703125 11.015625 10.6328125 8.765625 8.1328125 7.7109375 65.6953125 16.5078125
20241115060000 63064.0 41.916672 -69.75 9.4765625 0.7109375 0.3515625 1.40625 -999.9 2.359375 11.015625 10.6484375 7.734375 6.46875 5.625 53.703125 30.0625 1.1796875 5.140625 5.171875 4.4140625 3.953125 3.609375 7.8984375 25.296875 2.0390625 11.015625 10.6484375 8.8515625 8.234375 7.8125 66.34375 15.8984375
20241115070000 63064.0 41.916672 -69.75 9.984375 1.34375 0.3828125 1.453125 -999.9 2.375 11.015625 10.671875 7.671875 6.3984375 5.5625 52.5078125 30.921875 1.2890625 5.140625 5.3203125 4.5859375 4.09375 3.7265625 9.5859375 25.78125 2.0 11.015625 10.671875 8.953125 8.3515625 7.9375 67.28125 15.09375
20241115080000 63064.0 41.916672 -69.75 10.2578125 1.2265625 0.3984375 1.484375 -999.9 2.3984375 11.015625 10.703125 7.6015625 6.3359375 5.515625 51.0078125 31.8046875 1.3671875 5.65625 5.390625 4.7109375 4.1953125 3.8203125 9.8828125 25.859375 1.96875 11.015625 10.703125 9.0 8.40625 7.9921875 67.703125 14.875
20241115090000 63064.0 41.916672 -69.75 10.25 358.046875 0.3984375 1.484375 -999.9 2.4140625 11.015625 10.71875 7.5546875 6.3046875 5.4921875 49.5859375 32.65625 1.375 5.140625 5.3671875 4.6875 4.1875 3.8125 6.5390625 25.4453125 1.984375 11.015625 10.71875 8.9296875 8.3203125 7.9140625 66.921875 15.1640625
20241115100000 63064.0 41.916672 -69.75 9.796875 350.7890625 0.375 1.4453125 -999.9 2.40625 11.015625 10.7265625 7.546875 6.3125 5.515625 48.6015625 33.5078125 1.2890625 5.140625 5.328125 4.53125 4.0625 3.7109375 359.609375 24.4609375 2.03125 11.015625 10.7265625 8.7578125 8.1171875 7.6953125 64.828125 16.625
20241115110000 63064.0 41.916672 -69.75 10.046875 344.28125 0.3828125 1.46875 -999.9 2.3984375 11.015625 10.7265625 7.515625 6.296875 5.5 47.21875 34.6796875 1.28125 5.140625 5.3125 4.53125 4.0546875 3.6953125 355.3828125 24.203125 2.0234375 11.015625 10.7265625 8.71875 8.078125 7.65625 64.1171875 16.8515625
20241115120000 63064.0 41.916672 -69.75 10.09375 338.0 0.390625 1.4765625 -999.9 2.3828125 11.015625 10.71875 7.46875 6.25 5.4609375 45.390625 36.0234375 1.265625 5.140625 5.2734375 4.484375 4.0234375 3.671875 350.6953125 23.984375 2.015625 11.015625 10.71875 8.65625 8.015625 7.609375 62.9140625 17.6484375
20241115130000 63064.0 41.916672 -69.75 10.0546875 327.703125 0.3828125 1.46875 -999.9 2.3515625 11.015625 10.7109375 7.4296875 6.21875 5.4375 43.6953125 37.3828125 1.203125 5.140625 5.171875 4.375 3.921875 3.5859375 343.4921875 23.3359375 2.015625 11.015625 10.7109375 8.5234375 7.859375 7.4296875 60.65625 19.40625
20241115140000 63064.0 41.916672 -69.75 10.1875 315.9140625 0.390625 1.4765625 -999.9 2.3046875 11.015625 10.703125 7.3984375 6.171875 5.390625 42.2109375 38.828125 1.125 5.140625 5.09375 4.21875 3.78125 3.4609375 335.15625 22.96875 2.0078125 11.015625 10.703125 8.3828125 7.6875 7.234375 58.0859375 21.5234375
20241115150000 63064.0 41.916672 -69.75 10.03125 310.21875 0.3828125 1.4609375 -999.9 2.2421875 11.015625 10.703125 7.375 6.140625 5.3515625 41.140625 39.921875 1.046875 5.140625 4.9296875 4.046875 3.6328125 3.328125 328.4609375 23.2890625 1.9765625 11.015625 10.703125 8.296875 7.6015625 7.15625 55.890625 23.421875
20241115160000 63064.0 41.916672 -69.75 9.609375 312.9140625 0.359375 1.4296875 -999.9 2.1640625 11.015625 10.703125 7.359375 6.1171875 5.3203125 40.5 40.2421875 1.0234375 4.671875 4.8046875 4.0 3.59375 3.296875 328.0234375 24.0859375 1.90625 11.015625 10.703125 8.3203125 7.6484375 7.234375 55.546875 23.53125
20241115170000 63064.0 41.916672 -69.75 9.375 318.8203125 0.3515625 1.40625 -999.9 2.09375 11.015625 10.6953125 7.328125 6.078125 5.28125 39.8046875 40.078125 1.03125 4.671875 4.8046875 4.046875 3.640625 3.3359375 331.3984375 24.4140625 1.8203125 11.015625 10.6953125 8.375 7.734375 7.34375 56.1328125 22.7109375
20241115180000 63064.0 41.916672 -69.75 9.0859375 320.8828125 0.3359375 1.375 -999.9 2.0234375 11.015625 10.6796875 7.28125 6.03125 5.2265625 39.125 39.78125 1.0 4.671875 4.7421875 4.0 3.6015625 3.3046875 332.234375 24.0390625 1.7578125 11.015625 10.6796875 8.34375 7.703125 7.3046875 55.484375 22.8984375
20241115190000 63064.0 41.916672 -69.75 8.5234375 320.0078125 0.3125 1.328125 -999.9 1.9375 11.015625 10.65625 7.2578125 6.0 5.203125 39.109375 39.1953125 0.9140625 4.671875 4.6171875 3.859375 3.4765625 3.1875 330.328125 23.328125 1.7109375 11.015625 10.65625 8.21875 7.5546875 7.140625 53.7421875 23.953125
20241115200000 63064.0 41.916672 -69.75 7.8046875 321.609375 0.28125 1.265625 -999.9 1.8515625 11.015625 10.625 7.2578125 6.0078125 5.1953125 39.953125 38.0390625 0.8046875 4.671875 4.5078125 3.6796875 3.328125 3.0546875 328.9375 22.7109375 1.6640625 11.015625 10.625 8.0859375 7.390625 6.9453125 52.15625 24.921875
20241115210000 63064.0 41.916672 -69.75 7.34375 320.7734375 0.2578125 1.21875 -999.9 1.765625 11.015625 10.5859375 7.25 6.0 5.1875 40.9921875 36.7578125 0.7109375 4.25 4.3515625 3.5078125 3.171875 2.9140625 327.6015625 22.1484375 1.6171875 11.015625 10.5859375 7.96875 7.2421875 6.78125 51.125 25.203125
20241115220000 63064.0 41.916672 -69.75 4.7265625 302.546875 0.1484375 0.9921875 -999.9 1.6640625 11.015625 10.53125 7.3203125 6.140625 5.34375 43.203125 34.390625 0.2890625 2.8984375 2.8203125 2.3515625 2.171875 2.03125 305.9453125 18.234375 1.640625 11.015625 10.53125 7.4765625 6.515625 5.9296875 44.7421875 32.1328125
20241115230000 63064.0 41.916672 -69.75 4.9921875 297.0546875 0.15625 1.0 -999.9 1.578125 10.015625 10.3515625 7.34375 6.203125 5.421875 44.875 32.171875 0.265625 2.8984375 2.8203125 2.3671875 2.1875 2.0390625 305.2265625 17.734375 1.5546875 10.015625 10.3515625 7.484375 6.546875 5.953125 46.2265625 29.84375
20241116000000 63064.0 41.916672 -69.75 6.8125 300.734375 0.234375 1.15625 -999.9 1.53125 10.015625 10.1328125 7.2265625 6.03125 5.203125 44.8203125 32.1875 0.421875 3.859375 3.7734375 2.9140625 2.625 2.421875 317.09375 19.21875 1.46875 10.015625 10.1328125 7.5859375 6.75 6.2109375 49.0859375 25.3671875
20241116010000 63064.0 41.916672 -69.75 8.734375 315.5078125 0.3203125 1.328125 -999.9 1.5234375 10.015625 10.0 6.890625 5.609375 4.796875 40.640625 36.125 0.65625 3.859375 3.828125 3.3125 2.9921875 2.7578125 328.7109375 23.6875 1.375 10.015625 10.0 7.71875 7.015625 6.5625 52.03125 21.6328125
20241116020000 63064.0 41.916672 -69.75 9.5078125 328.5078125 0.359375 1.4140625 -999.9 1.5703125 10.015625 9.90625 6.484375 5.25 4.53125 32.90625 40.046875 0.890625 4.25 4.1796875 3.6796875 3.3359375 3.078125 336.328125 26.4765625 1.2890625 10.015625 9.90625 7.828125 7.234375 6.8671875 54.0625 20.03125
20241116030000 63064.0 41.916672 -69.75 9.1796875 332.109375 0.34375 1.390625 -999.9 1.578125 10.015625 9.84375 6.265625 5.125 4.4765625 27.703125 41.2109375 0.9765625 4.671875 4.484375 3.8671875 3.515625 3.2421875 337.6640625 26.1640625 1.2421875 10.015625 9.84375 7.765625 7.1796875 6.796875 53.703125 20.640625
20241116040000 63064.0 41.916672 -69.75 9.421875 333.6484375 0.3515625 1.40625 -999.9 1.5703125 10.015625 9.8046875 6.1015625 5.0234375 4.4140625 23.8046875 41.734375 1.03125 4.671875 4.578125 3.96875 3.6015625 3.3203125 338.0703125 25.8046875 1.1875 10.015625 9.8046875 7.7109375 7.1328125 6.7734375 53.4921875 20.6796875
20241116050000 63064.0 41.916672 -69.75 9.4765625 334.984375 0.359375 1.40625 -999.9 1.5625 7.5234375 7.359375 5.9609375 4.9296875 4.3515625 20.2265625 42.015625 1.0703125 4.671875 4.6640625 4.046875 3.6796875 3.3828125 338.75 25.6640625 1.1328125 7.5234375 7.3671875 7.65625 7.0703125 6.703125 53.359375 21.234375
20241116060000 63064.0 41.916672 -69.75 9.2890625 330.421875 0.34375 1.390625 -999.9 1.5390625 5.140625 4.921875 5.8671875 4.8671875 4.3125 17.3203125 42.390625 1.0546875 4.671875 4.703125 4.078125 3.6875 3.390625 335.484375 23.90625 1.1171875 7.5234375 7.25 7.4609375 6.8046875 6.4140625 51.6171875 21.8828125
20241116070000 63064.0 41.916672 -69.75 9.28125 325.53125 0.34375 1.390625 -999.9 1.5234375 5.140625 5.0546875 5.796875 4.8203125 4.2734375 14.53125 42.96875 1.0546875 4.671875 4.859375 4.1171875 3.71875 3.40625 332.9296875 22.7109375 1.1015625 6.8359375 7.09375 7.3359375 6.6171875 6.1953125 50.4765625 22.8671875
20241116080000 63064.0 41.916672 -69.75 9.1796875 322.84375 0.34375 1.3828125 -999.9 1.5078125 5.140625 5.1171875 5.765625 4.796875 4.2578125 12.703125 43.5 1.0546875 5.140625 4.953125 4.15625 3.75 3.4375 331.9609375 22.4453125 1.078125 6.8359375 6.9140625 7.3125 6.5546875 6.1015625 50.3046875 23.9375
20241116090000 63064.0 41.916672 -69.75 9.03125 321.28125 0.3359375 1.3671875 -999.9 1.5 5.140625 5.15625 5.796875 4.8125 4.265625 12.890625 43.8671875 1.03125 5.140625 4.9609375 4.1328125 3.71875 3.40625 330.734375 22.0078125 1.0859375 6.8359375 6.796875 7.2890625 6.5234375 6.0859375 49.46875 25.34375
20241116100000 63064.0 41.916672 -69.75 8.8671875 314.8359375 0.328125 1.359375 -999.9 1.4921875 5.140625 5.21875 5.859375 4.8515625 4.2890625 14.578125 44.3125 0.9765625 5.140625 4.9296875 4.0546875 3.6484375 3.34375 328.1171875 21.625 1.125 6.8359375 6.7265625 7.2265625 6.453125 6.015625 47.7578125 26.8359375
20241116110000 63064.0 41.916672 -69.75 8.671875 316.3828125 0.3203125 1.3359375 -999.9 1.4765625 5.140625 5.3515625 5.9296875 4.8828125 4.3125 16.421875 44.515625 0.9453125 4.671875 4.8671875 4.0 3.6015625 3.296875 327.9921875 22.0625 1.1328125 6.8359375 6.6484375 7.2734375 6.5 6.0703125 47.9296875 27.5390625
20241116120000 63064.0 41.916672 -69.75 8.7109375 318.7578125 0.3203125 1.34375 -999.9 1.46875 5.65625 5.5390625 5.9765625 4.890625 4.3125 17.25 44.59375 0.9453125 4.671875 4.7734375 3.984375 3.5859375 3.28125 329.0234375 22.359375 1.125 6.8359375 6.578125 7.375 6.578125 6.140625 48.828125 27.7734375
20241116130000 63064.0 41.916672 -69.75 8.78125 321.2734375 0.3203125 1.34375 -999.9 1.4609375 5.65625 5.6015625 6.0078125 4.890625 4.296875 17.1953125 44.78125 0.953125 4.671875 4.75 3.9765625 3.578125 3.28125 330.328125 22.796875 1.109375 6.21875 6.4375 7.4921875 6.671875 6.2265625 49.6171875 28.4453125
20241116140000 63064.0 41.916672 -69.75 8.65625 325.2109375 0.3125 1.3359375 -999.9 1.453125 5.65625 5.6015625 6.046875 4.8984375 4.296875 17.4609375 44.890625 0.953125 4.671875 4.7265625 3.984375 3.59375 3.2890625 331.84375 22.8515625 1.09375 6.21875 6.375 7.609375 6.75 6.3046875 50.625 29.15625
20241116150000 63064.0 41.916672 -69.75 8.53125 328.125 0.3125 1.3203125 -999.9 1.4375 5.65625 5.5859375 6.1015625 4.90625 4.3046875 18.3828125 44.9609375 0.953125 4.671875 4.734375 3.9921875 3.6015625 3.296875 333.875 23.296875 1.078125 6.21875 6.265625 7.7421875 6.8359375 6.359375 51.953125 29.84375
20241116160000 63064.0 41.916672 -69.75 8.4296875 329.109375 0.3046875 1.3125 -999.9 1.421875 11.015625 11.34375 6.15625 4.9140625 4.296875 19.6875 45.171875 0.9296875 4.671875 4.703125 3.9609375 3.5703125 3.28125 334.765625 23.28125 1.0703125 11.015625 11.34375 7.828125 6.875 6.3671875 52.9296875 30.4921875
20241116170000 63064.0 41.916672 -69.75 8.5703125 328.671875 0.3125 1.328125 -999.9 1.40625 11.015625 11.25 6.1953125 4.90625 4.2734375 20.6328125 45.59375 0.921875 4.671875 4.671875 3.9296875 3.546875 3.25 335.078125 23.3359375 1.0546875 11.015625 11.25 7.9140625 6.9140625 6.390625 54.234375 30.71875
20241116180000 63064.0 41.916672 -69.75 8.71875 329.484375 0.3203125 1.3359375 -999.9 1.390625 11.015625 11.15625 6.2109375 4.8828125 4.25 21.1328125 46.0546875 0.9296875 4.671875 4.640625 3.9296875 3.5390625 3.2421875 335.953125 23.5 1.0390625 11.015625 11.15625 8.03125 7.0 6.4609375 56.2890625 30.6171875
20241116190000 63064.0 41.916672 -69.75 7.8046875 332.1171875 0.2734375 1.2578125 -999.9 1.3515625 11.015625 11.078125 6.3359375 4.9453125 4.2890625 24.5546875 45.9609375 0.84375 4.671875 4.609375 3.8046875 3.4296875 3.1484375 335.234375 22.671875 1.0625 11.015625 11.078125 7.9375 6.8671875 6.328125 54.6875 32.609375
20241116200000 63064.0 41.916672 -69.75 6.5390625 336.875 0.21875 1.1484375 -999.9 1.28125 11.015625 10.9921875 6.578125 5.109375 4.3984375 31.359375 44.984375 0.6328125 4.25 4.2890625 3.4296875 3.1015625 2.8515625 335.6328125 21.1796875 1.109375 11.015625 10.9921875 7.609375 6.484375 5.9375 48.84375 38.125
20241116210000 63064.0 41.916672 -69.75 5.5703125 339.1484375 0.1796875 1.0546875 -999.9 1.203125 11.015625 10.8984375 6.8515625 5.3203125 4.546875 38.5 43.3359375 0.3984375 3.5078125 3.390625 2.765625 2.53125 2.359375 336.703125 21.0859375 1.1328125 11.015625 10.8984375 7.359375 6.15625 5.59375 45.2265625 40.65625
20241116220000 63064.0 41.916672 -69.75 4.828125 339.3359375 0.1484375 0.984375 -999.9 1.140625 11.015625 10.8046875 7.1015625 5.5234375 4.703125 44.34375 41.578125 0.2734375 2.8984375 2.84375 2.3984375 2.2109375 2.0625 336.3125 19.0703125 1.109375 11.015625 10.8046875 7.3828125 6.0625 5.4296875 47.4140625 40.0625
20241116230000 63064.0 41.916672 -69.75 6.5078125 345.21875 0.21875 1.125 -999.9 1.1015625 11.015625 10.703125 7.1484375 5.453125 4.5703125 47.0703125 40.765625 0.4765625 4.25 4.09375 3.1640625 2.8515625 2.6171875 345.6796875 22.125 1.0 11.015625 10.703125 8.0546875 6.8828125 6.265625 58.6953125 33.796875
20241117000000 63064.0 41.916672 -69.75 7.6796875 350.5859375 0.2734375 1.234375 -999.9 1.125 11.015625 10.6015625 6.8515625 5.0859375 4.2578125 44.2265625 41.59375 0.671875 4.25 4.3515625 3.5625 3.1953125 2.921875 356.453125 23.53125 0.8984375 11.015625 10.6015625 8.7109375 7.671875 7.0234375 68.3515625 28.4140625
20241117010000 63064.0 41.916672 -69.75 8.46875 349.75 0.3046875 1.3125 -999.9 1.1875 11.015625 10.515625 6.4140625 4.78125 4.0546875 38.1484375 42.0703125 0.828125 4.671875 4.5234375 3.7421875 3.3671875 3.09375 0.2109375 24.296875 0.8515625 11.015625 10.515625 8.9609375 7.96875 7.2734375 72.3515625 26.015625
20241117020000 63064.0 41.916672 -69.75 8.703125 345.8671875 0.3203125 1.34375 -999.9 1.25 10.015625 10.4765625 6.1484375 4.6875 4.03125 33.8359375 41.78125 0.890625 4.671875 4.515625 3.796875 3.4296875 3.15625 358.7734375 24.5859375 0.875 10.015625 10.4765625 8.59375 7.546875 6.875 69.2265625 26.9296875
20241117030000 63064.0 41.916672 -69.75 8.6328125 339.28125 0.3125 1.3359375 -999.9 1.28125 10.015625 10.4609375 6.0390625 4.6796875 4.046875 31.578125 41.875 0.875 4.671875 4.4609375 3.765625 3.3984375 3.125 353.390625 24.4921875 0.9375 10.015625 10.4609375 8.0 6.921875 6.3125 63.1015625 28.3359375
20241117040000 63064.0 41.916672 -69.75 9.078125 336.4453125 0.3359375 1.375 -999.9 1.3125 10.015625 10.46875 5.9296875 4.640625 4.03125 28.6796875 42.5234375 0.90625 4.671875 4.5078125 3.8046875 3.4296875 3.1484375 351.0078125 25.296875 0.9453125 10.015625 10.46875 7.890625 6.859375 6.296875 62.015625 28.296875
20241117050000 63064.0 41.916672 -69.75 9.1796875 335.234375 0.34375 1.3828125 -999.9 1.3359375 10.015625 10.4921875 5.8359375 4.609375 4.03125 25.453125 43.1875 0.9453125 4.671875 4.5546875 3.859375 3.4765625 3.1953125 348.8359375 25.859375 0.9453125 10.015625 10.4921875 7.8125 6.828125 6.296875 61.203125 28.5
20241117060000 63064.0 41.916672 -69.75 8.953125 333.7578125 0.328125 1.3671875 -999.9 1.34375 11.015625 10.5 5.796875 4.6171875 4.0546875 23.3828125 43.671875 0.9453125 4.671875 4.640625 3.875 3.5 3.2109375 345.875 25.75 0.9609375 11.015625 10.5 7.6640625 6.71875 6.2109375 59.125 29.2265625
20241117070000 63064.0 41.916672 -69.75 8.984375 331.875 0.3359375 1.3671875 -999.9 1.3515625 10.015625 10.4921875 5.765625 4.625 4.0625 21.8515625 44.1171875 0.9375 4.671875 4.5703125 3.859375 3.484375 3.203125 342.78125 25.359375 0.9765625 10.015625 10.4921875 7.53125 6.609375 6.1171875 57.234375 29.609375
20241117080000 63064.0 41.916672 -69.75 9.15625 331.8203125 0.34375 1.3828125 -999.9 1.359375 10.015625 10.4453125 5.71875 4.609375 4.0546875 20.1015625 44.4609375 0.953125 4.671875 4.5703125 3.8828125 3.5078125 3.2265625 341.71875 25.4609375 0.96875 10.015625 10.4453125 7.515625 6.6328125 6.15625 57.1484375 29.5703125
20241117090000 63064.0 41.916672 -69.75 9.4453125 333.796875 0.3515625 1.40625 -999.9 1.3828125 5.140625 5.265625 5.65625 4.578125 4.0390625 18.015625 44.53125 1.015625 4.671875 4.6328125 3.9765625 3.59375 3.3046875 343.5078125 26.109375 0.9296875 10.015625 10.375 7.6640625 6.8046875 6.328125 59.71875 28.90625
20241117100000 63064.0 41.916672 -69.75 8.78125 335.21875 0.3203125 1.3515625 -999.9 1.375 5.140625 5.234375 5.6640625 4.609375 4.078125 18.046875 44.328125 0.984375 4.671875 4.6328125 3.953125 3.578125 3.2890625 342.1484375 25.2265625 0.9609375 10.015625 10.296875 7.4765625 6.640625 6.1875 56.8125 30.453125
20241117110000 63064.0 41.916672 -69.75 9.4375 338.203125 0.3515625 1.3984375 -999.9 1.390625 5.140625 5.1640625 5.6171875 4.5859375 4.0546875 17.578125 43.8984375 1.0546875 4.671875 4.7109375 4.0625 3.6796875 3.3828125 346.3203125 26.3984375 0.90625 10.015625 10.2265625 7.71875 6.890625 6.3984375 61.46875 28.5703125
20241117120000 63064.0 41.916672 -69.75 9.9375 339.0703125 0.375 1.4453125 -999.9 1.4375 5.140625 5.109375 5.5390625 4.5625 4.0546875 16.1875 43.234375 1.1328125 4.671875 4.765625 4.1484375 3.7578125 3.453125 348.3203125 26.96875 0.890625 10.015625 10.171875 7.7734375 6.96875 6.4609375 63.0 27.5234375
20241117130000 63064.0 41.916672 -69.75 9.890625 342.1484375 0.375 1.4453125 -999.9 1.484375 5.140625 5.203125 5.5234375 4.59375 4.09375 16.5234375 42.4296875 1.1796875 5.140625 4.9296875 4.2265625 3.828125 3.515625 350.4609375 27.296875 0.90625 10.015625 10.125 7.734375 6.96875 6.4921875 62.9921875 27.484375
20241117140000 63064.0 41.916672 -69.75 9.5078125 342.984375 0.359375 1.4140625 -999.9 1.5 5.65625 5.4140625 5.5625 4.6484375 4.1484375 18.4609375 41.765625 1.1484375 5.140625 4.90625 4.2109375 3.8125 3.5078125 350.0078125 26.609375 0.96875 10.015625 10.09375 7.46875 6.7421875 6.296875 59.578125 27.6328125
20241117150000 63064.0 41.916672 -69.75 9.140625 339.8203125 0.3359375 1.375 -999.9 1.4921875 5.65625 5.640625 5.6171875 4.703125 4.1875 20.5390625 41.53125 1.078125 4.671875 4.8359375 4.1328125 3.734375 3.4296875 347.3515625 25.828125 1.0390625 6.21875 6.1328125 7.2265625 6.5390625 6.1328125 56.0390625 27.25
20241117160000 63064.0 41.916672 -69.75 9.1171875 334.5390625 0.3359375 1.375 -999.9 1.484375 5.65625 5.8125 5.640625 4.71875 4.1953125 21.5234375 41.8046875 1.0234375 4.671875 4.71875 4.046875 3.6484375 3.3515625 343.78125 25.203125 1.078125 6.21875 6.1171875 7.0859375 6.4140625 6.015625 54.0 26.875
20241117170000 63064.0 41.916672 -69.75 9.28125 330.953125 0.34375 1.390625 -999.9 1.4765625 6.21875 5.921875 5.640625 4.7109375 4.1875 21.21875 42.4296875 0.984375 4.671875 4.625 3.953125 3.5703125 3.28125 340.0703125 24.7578125 1.1015625 6.21875 6.09375 7.0 6.34375 5.9609375 52.4453125 27.15625
20241117180000 63064.0 41.916672 -69.75 9.078125 328.3046875 0.3359375 1.375 -999.9 1.4609375 6.21875 5.9453125 5.65625 4.71875 4.1875 21.0859375 43.03125 0.953125 4.671875 4.609375 3.90625 3.53125 3.2421875 337.6796875 24.5859375 1.1015625 6.21875 6.0625 6.9765625 6.3125 5.9296875 51.671875 27.7265625
20241117190000 63064.0 41.916672 -69.75 8.5234375 328.765625 0.3125 1.328125 -999.9 1.421875 6.21875 5.9609375 5.7109375 4.7421875 4.203125 22.6328125 43.109375 0.8984375 4.671875 4.5078125 3.8125 3.4453125 3.171875 336.375 24.2890625 1.1015625 6.21875 6.03125 6.9609375 6.3046875 5.9375 50.734375 28.6484375
20241117200000 63064.0 41.916672 -69.75 7.3671875 334.5859375 0.2578125 1.21875 -999.9 1.3515625 6.21875 5.9921875 5.8359375 4.8359375 4.265625 27.1953125 42.0703125 0.7578125 4.25 4.2890625 3.6015625 3.2578125 3.0 335.875 23.1171875 1.1171875 6.21875 5.9921875 6.859375 6.203125 5.8359375 48.296875 30.875
20241117210000 63064.0 41.916672 -69.75 5.9140625 337.8828125 0.1953125 1.09375 -999.9 1.265625 6.21875 6.046875 6.0390625 5.0 4.390625 33.515625 40.109375 0.46875 3.5078125 3.6171875 2.9140625 2.6640625 2.4765625 336.4765625 22.109375 1.171875 6.21875 6.046875 6.546875 5.828125 5.4375 41.5234375 36.3515625
20241117220000 63064.0 41.916672 -69.75 4.328125 331.8125 0.1328125 0.9453125 -999.9 1.1875 10.015625 9.8984375 6.25 5.2109375 4.5859375 39.171875 37.96875 0.2109375 2.640625 2.53125 2.0859375 1.9375 1.8203125 330.625 18.375 1.1640625 10.015625 9.8984375 6.3828125 5.5078125 5.03125 40.4765625 37.1796875
20241117230000 63064.0 41.916672 -69.75 3.421875 324.40625 0.1015625 0.859375 -999.9 1.125 10.015625 9.875 6.421875 5.3828125 4.75 43.34375 36.2578125 0.0859375 1.984375 0.0 1.6484375 1.546875 1.4609375 324.0390625 13.875 1.1171875 10.015625 9.875 6.4453125 5.46875 4.90625 43.40625 36.203125
20241118000000 63064.0 41.916672 -69.75 3.4921875 317.390625 0.1015625 0.859375 -999.9 1.0703125 10.015625 9.84375 6.5390625 5.5 4.859375 46.484375 35.109375 0.0859375 1.984375 0.0 1.7109375 1.6015625 1.5078125 318.546875 10.9453125 1.0703125 10.015625 9.84375 6.5703125 5.59375 5.0234375 46.609375 34.9765625
20241118010000 63064.0 41.916672 -69.75 4.78125 316.921875 0.1484375 0.9609375 -999.9 1.03125 10.015625 9.8125 6.609375 5.53125 4.84375 48.9375 34.5234375 0.1796875 2.640625 2.71875 2.2109375 2.03125 1.8984375 327.4609375 16.1015625 1.015625 10.015625 9.8125 6.7421875 5.8359375 5.3125 50.2890625 33.1484375
20241118020000 63064.0 41.916672 -69.75 5.7265625 327.1484375 0.1875 1.0625 -999.9 1.0 10.015625 9.78125 6.5703125 5.34375 4.5703125 49.8984375 35.28125 0.296875 3.1875 3.2109375 2.578125 2.328125 2.15625 336.2734375 18.5234375 0.953125 10.015625 9.78125 6.9453125 6.09375 5.59375 54.5 30.953125
20241118030000 63064.0 41.916672 -69.75 5.4375 333.8203125 0.171875 1.0390625 -999.9 0.9765625 10.015625 9.75 6.515625 5.234375 4.46875 50.0546875 36.453125 0.3125 2.8984375 2.9375 2.5390625 2.3359375 2.1796875 337.2578125 19.8125 0.9296875 10.015625 9.75 6.96875 6.09375 5.59375 55.6796875 31.390625
20241118040000 63064.0 41.916672 -69.75 5.234375 337.1640625 0.1640625 1.015625 -999.9 0.953125 10.015625 9.703125 6.53125 5.234375 4.46875 51.171875 36.78125 0.3046875 2.8984375 2.9453125 2.53125 2.328125 2.171875 337.9765625 19.7421875 0.90625 10.015625 9.703125 6.9765625 6.078125 5.5703125 56.6875 31.90625
20241118050000 63064.0 41.916672 -69.75 5.40625 333.5 0.171875 1.03125 -999.9 0.9296875 10.015625 9.6640625 6.546875 5.21875 4.4296875 52.4140625 37.2421875 0.3046875 2.8984375 2.9453125 2.546875 2.34375 2.1875 337.2421875 20.1796875 0.8828125 10.015625 9.6640625 7.0234375 6.109375 5.578125 58.3671875 31.75
20241118060000 63064.0 41.916672 -69.75 5.5 338.0234375 0.1796875 1.0390625 -999.9 0.9140625 10.015625 9.640625 6.5625 5.1875 4.3828125 53.6484375 38.0390625 0.3125 2.8984375 2.9609375 2.5625 2.359375 2.203125 339.265625 20.9296875 0.859375 10.015625 9.640625 7.09375 6.1640625 5.6328125 60.328125 32.109375
20241118070000 63064.0 41.916672 -69.75 4.6328125 350.5546875 0.140625 0.9609375 -999.9 0.890625 10.015625 9.640625 6.6640625 5.2890625 4.484375 56.1796875 38.1640625 0.21875 2.640625 2.7265625 2.25 2.0859375 1.953125 346.65625 18.7109375 0.859375 10.015625 9.640625 6.953125 5.8828125 5.296875 59.21875 36.171875
20241118080000 63064.0 41.916672 -69.75 3.046875 1.046875 0.0859375 0.8203125 -999.9 0.8671875 10.015625 9.65625 6.8359375 5.4921875 4.703125 59.6953125 37.859375 0.0 1.0 0.0 1.0 1.0 1.0 180.0 0.0 0.8671875 10.015625 9.65625 6.8359375 5.4921875 4.703125 59.6953125 37.859375
20241118090000 63064.0 41.916672 -69.75 2.40625 353.3515625 0.0625 0.7578125 -999.9 0.8515625 10.015625 9.6484375 6.9765625 5.65625 4.8671875 63.078125 37.5234375 0.0 1.0 0.0 1.0 1.0 1.0 180.0 0.0 0.8515625 10.015625 9.6484375 6.9765625 5.65625 4.8671875 63.078125 37.5234375
20241118100000 63064.0 41.916672 -69.75 1.9140625 342.0703125 0.046875 0.703125 -999.9 0.8515625 10.015625 9.59375 7.0859375 5.7890625 5.0078125 66.078125 37.0078125 0.0 1.0 0.0 1.0 1.0 1.0 180.0 0.0 0.8515625 10.015625 9.59375 7.0859375 5.7890625 5.0078125 66.078125 37.0078125
20241118110000 63064.0 41.916672 -69.75 2.1953125 296.3046875 0.0625 0.7265625 -999.9 0.8671875 9.1015625 9.4765625 7.15625 5.90625 5.1328125 68.3984375 36.1640625 0.0 1.0 0.0 1.0 1.0 1.0 180.0 0.0 0.8671875 9.1015625 9.4765625 7.15625 5.90625 5.1328125 68.3984375 36.1640625
20241118120000 63064.0 41.916672 -69.75 3.0546875 302.6015625 0.0859375 0.8046875 -999.9 0.890625 9.1015625 9.359375 7.203125 6.0 5.2578125 70.0625 35.125 0.0 1.0 0.0 1.0 1.0 1.0 180.0 0.0 0.890625 9.1015625 9.359375 7.203125 6.0 5.2578125 70.0625 35.125
20241118130000 63064.0 41.916672 -69.75 2.1953125 317.5859375 0.0625 0.7265625 -999.9 0.9140625 9.1015625 9.2734375 7.2578125 6.1015625 5.3671875 71.4609375 34.15625 0.0 1.0 0.0 1.0 1.0 1.0 180.0 0.0 0.9140625 9.1015625 9.2734375 7.2578125 6.1015625 5.3671875 71.4609375 34.15625
20241118140000 63064.0 41.916672 -69.75 1.40625 309.7734375 0.0390625 0.6328125 -999.9 0.9375 9.1015625 9.234375 7.359375 6.2109375 5.4765625 72.8515625 33.3515625 0.0 1.0 0.0 1.0 1.0 1.0 180.0 0.0 0.9375 9.1015625 9.234375 7.359375 6.2109375 5.4765625 72.8515625 33.3515625
20241118150000 63064.0 41.916672 -69.75 1.890625 291.34375 0.046875 0.6875 -999.9 0.953125 9.1015625 9.234375 7.484375 6.328125 5.59375 74.21875 32.671875 0.0 1.0 0.0 1.0 1.0 1.0 180.0 0.0 0.953125 9.1015625 9.234375 7.484375 6.328125 5.59375 74.21875 32.671875
20241118160000 63064.0 41.916672 -69.75 2.8671875 284.546875 0.078125 0.7890625 -999.9 0.9609375 9.1015625 9.2890625 7.6328125 6.4609375 5.703125 75.4921875 32.0625 0.0 1.0 0.0 1.0 1.0 1.0 180.0 0.0 0.9609375 9.1015625 9.2890625 7.6328125 6.4609375 5.703125 75.4921875 32.0625
20241118170000 63064.0 41.916672 -69.75 4.015625 292.5390625 0.1171875 0.8828125 -999.9 0.9609375 9.1015625 9.3828125 7.7734375 6.59375 5.8125 76.625 31.46875 0.03125 2.3984375 2.2890625 1.8828125 1.7578125 1.65625 312.84375 8.671875 0.9609375 9.1015625 9.3828125 7.78125 6.609375 5.84375 76.6484375 31.4140625
20241118180000 63064.0 41.916672 -69.75 5.421875 301.7734375 0.171875 0.984375 -999.9 0.9609375 9.1015625 9.5 7.90625 6.6875 5.859375 77.5546875 30.9921875 0.078125 2.640625 2.546875 2.09375 1.921875 1.796875 326.9296875 15.9921875 0.9609375 9.1015625 9.5 7.9453125 6.8046875 6.0703125 77.8046875 30.4609375
20241118190000 63064.0 41.916672 -69.75 5.6015625 312.921875 0.1796875 1.0234375 -999.9 0.96875 10.015625 9.78125 7.953125 6.5390625 5.5078125 78.0234375 31.1875 0.1484375 1.984375 0.0 1.96875 1.8125 1.6953125 330.265625 20.0625 0.953125 10.015625 9.78125 8.09375 6.96875 6.25 78.7265625 29.7265625
20241118200000 63064.0 41.916672 -69.75 5.6171875 317.890625 0.1875 1.078125 -999.9 0.984375 10.015625 9.890625 7.78125 5.9921875 4.7890625 76.46875 34.53125 0.2578125 2.3984375 2.3203125 2.0703125 1.9296875 1.8125 329.09375 21.1796875 0.953125 10.015625 9.890625 8.1953125 7.0703125 6.3671875 79.1484375 29.265625
20241118210000 63064.0 41.916672 -69.75 5.15625 325.265625 0.1640625 1.015625 -999.9 0.9921875 10.015625 9.9140625 7.828125 6.109375 5.0 75.4375 35.546875 0.2578125 2.640625 2.53125 2.2890625 2.1328125 2.0078125 330.53125 20.2890625 0.953125 10.015625 9.9140625 8.234375 7.078125 6.359375 78.7890625 29.46875
20241118220000 63064.0 41.916672 -69.75 6.46875 329.171875 0.21875 1.1171875 -999.9 1.0 10.015625 9.9140625 7.7578125 5.953125 4.8359375 73.765625 37.1015625 0.328125 2.8984375 2.78125 2.5 2.3203125 2.1796875 338.09375 21.9765625 0.9453125 10.015625 9.9140625 8.3984375 7.34375 6.6953125 79.7734375 27.625
20241118230000 63064.0 41.916672 -69.75 7.8828125 326.8046875 0.2734375 1.234375 -999.9 1.0390625 10.015625 9.9140625 7.3984375 5.4765625 4.453125 67.8203125 42.1640625 0.453125 3.1875 3.078125 2.734375 2.5390625 2.3828125 339.296875 23.25 0.9296875 10.015625 9.9140625 8.484375 7.484375 6.8671875 79.8671875 26.625
20241119000000 63064.0 41.916672 -69.75 8.140625 325.6328125 0.2890625 1.28125 -999.9 1.078125 10.015625 9.921875 7.015625 5.125 4.2109375 60.0078125 47.125 0.5546875 3.1875 3.3046875 2.953125 2.7265625 2.5390625 335.9609375 24.5625 0.921875 10.015625 9.921875 8.484375 7.5078125 6.90625 79.0546875 26.375
20241119010000 63064.0 41.916672 -69.75 7.0 320.9296875 0.2421875 1.1953125 -999.9 1.078125 10.015625 9.9375 6.921875 5.078125 4.1953125 56.4296875 48.8203125 0.5546875 3.5078125 3.46875 3.0234375 2.7734375 2.5703125 329.578125 22.15625 0.921875 10.015625 9.9375 8.3203125 7.25 6.609375 76.2265625 28.3671875
20241119020000 63064.0 41.916672 -69.75 7.3671875 311.3828125 0.2578125 1.2265625 -999.9 1.0625 10.015625 9.96875 6.84375 5.015625 4.1484375 53.796875 50.0078125 0.546875 3.5078125 3.4921875 3.0390625 2.78125 2.578125 325.0546875 21.125 0.90625 10.015625 9.96875 8.2265625 7.09375 6.3828125 74.2890625 29.2578125
20241119030000 63064.0 41.916672 -69.75 9.515625 312.4609375 0.359375 1.40625 -999.9 1.109375 10.015625 10.0078125 6.359375 4.6328125 3.8828125 40.203125 54.0078125 0.703125 3.859375 3.6796875 3.2265625 2.9453125 2.7265625 327.390625 23.546875 0.8671875 10.015625 10.0078125 8.4140625 7.421875 6.796875 75.9921875 26.1953125
20241119040000 63064.0 41.916672 -69.75 10.578125 315.140625 0.4140625 1.515625 -999.9 1.21875 10.015625 10.03125 5.8359375 4.3984375 3.78125 20.1953125 54.90625 0.890625 3.859375 3.984375 3.515625 3.2109375 2.96875 329.1640625 25.1015625 0.8359375 10.015625 10.03125 8.4375 7.5078125 6.9140625 75.515625 25.734375
20241119050000 63064.0 41.916672 -69.75 11.1953125 312.4609375 0.4453125 1.5703125 -999.9 1.328125 10.015625 10.0234375 5.546875 4.3515625 3.8125 5.2421875 53.3046875 1.046875 4.25 4.375 3.796875 3.453125 3.1875 328.21875 25.2890625 0.828125 10.015625 10.0234375 8.3359375 7.421875 6.8203125 73.1171875 27.015625
20241119060000 63064.0 41.916672 -69.75 11.71875 314.0703125 0.46875 1.609375 -999.9 1.4375 4.671875 4.6953125 5.4140625 4.40625 3.9140625 355.3203125 50.5390625 1.1953125 4.671875 4.65625 4.0703125 3.7109375 3.421875 328.46875 25.1953125 0.8046875 10.015625 9.984375 8.3671875 7.5234375 6.9765625 72.625 26.8046875
20241119070000 63064.0 41.916672 -69.75 11.9765625 319.3828125 0.484375 1.6328125 -999.9 1.5390625 5.140625 5.03125 5.359375 4.4765625 4.015625 350.4453125 47.109375 1.3359375 5.140625 4.9921875 4.328125 3.9375 3.625 330.890625 25.15625 0.765625 10.015625 9.9296875 8.5 7.7265625 7.1953125 73.9765625 25.5546875
20241119080000 63064.0 41.916672 -69.75 11.890625 323.359375 0.4765625 1.625 -999.9 1.6328125 5.140625 5.203125 5.375 4.5703125 4.1171875 348.8046875 44.046875 1.4453125 5.140625 5.1640625 4.5390625 4.1171875 3.7890625 333.140625 24.6484375 0.75 10.015625 9.875 8.484375 7.7109375 7.1328125 72.921875 26.6171875
20241119090000 63064.0 41.916672 -69.75 11.6796875 323.828125 0.46875 1.609375 -999.9 1.6796875 5.65625 5.484375 5.40625 4.6484375 4.1953125 348.2421875 41.9609375 1.5078125 5.65625 5.4453125 4.6796875 4.2421875 3.8984375 334.34375 24.3515625 0.75 10.015625 9.8125 8.3671875 7.578125 6.96875 69.875 27.9140625
20241119100000 63064.0 41.916672 -69.75 11.3046875 323.9765625 0.4453125 1.5703125 -999.9 1.6953125 5.65625 5.5625 5.4375 4.6953125 4.234375 348.40625 40.8203125 1.515625 5.65625 5.53125 4.765625 4.3125 3.953125 335.109375 24.296875 0.75 10.015625 9.7578125 8.234375 7.4296875 6.8125 66.234375 29.6953125
20241119110000 63064.0 41.916672 -69.75 11.0859375 324.03125 0.4375 1.5703125 -999.9 1.6875 5.65625 5.609375 5.4296875 4.6796875 4.203125 349.0625 40.1484375 1.5 5.65625 5.5625 4.765625 4.2890625 3.9140625 335.484375 24.265625 0.765625 10.015625 9.6953125 8.0234375 7.21875 6.59375 61.390625 31.0703125
20241119120000 63064.0 41.916672 -69.75 10.7265625 324.8671875 0.421875 1.5390625 -999.9 1.65625 5.65625 5.640625 5.4375 4.6796875 4.203125 350.265625 39.6171875 1.453125 5.65625 5.5546875 4.734375 4.2578125 3.8828125 335.6640625 23.9921875 0.796875 10.015625 9.6328125 7.796875 7.0390625 6.4375 54.5625 32.9453125
20241119130000 63064.0 41.916672 -69.75 11.0 322.0234375 0.4375 1.5625 -999.9 1.6484375 5.65625 5.6484375 5.40625 4.65625 4.1796875 350.4140625 39.21875 1.4453125 5.65625 5.546875 4.703125 4.2265625 3.8515625 335.546875 24.1640625 0.796875 10.015625 9.5546875 7.6875 6.9765625 6.4296875 52.046875 32.0390625
20241119140000 63064.0 41.916672 -69.75 11.0703125 321.5390625 0.4375 1.5703125 -999.9 1.65625 5.65625 5.6484375 5.375 4.640625 4.171875 349.90625 38.8125 1.4453125 5.65625 5.5390625 4.6953125 4.21875 3.84375 335.3515625 24.359375 0.796875 9.1015625 9.4296875 7.6015625 6.921875 6.40625 50.171875 32.0078125
20241119150000 63064.0 41.916672 -69.75 10.953125 323.9921875 0.4296875 1.5625 -999.9 1.6484375 5.65625 5.65625 5.3515625 4.6328125 4.1640625 350.046875 38.25 1.4453125 5.65625 5.5390625 4.6875 4.21875 3.84375 336.03125 24.4375 0.7890625 6.21875 6.484375 7.5703125 6.9296875 6.4375 48.96875 32.3046875
20241119160000 63064.0 41.916672 -69.75 10.5078125 323.21875 0.40625 1.515625 -999.9 1.6171875 5.65625 5.6640625 5.3515625 4.6328125 4.1640625 350.8125 37.9921875 1.40625 5.65625 5.5390625 4.671875 4.1953125 3.828125 336.21875 24.28125 0.796875 6.8359375 6.59375 7.453125 6.8203125 6.3359375 46.3515625 32.3515625
20241119170000 63064.0 41.916672 -69.75 9.6640625 327.5078125 0.3671875 1.4375 -999.9 1.5546875 5.65625 5.6796875 5.359375 4.6328125 4.1640625 352.9296875 37.8984375 1.3046875 5.65625 5.4921875 4.578125 4.109375 3.75 336.296875 23.6015625 0.84375 6.21875 6.4375 7.25 6.6796875 6.265625 40.7265625 33.46875
20241119180000 63064.0 41.916672 -69.75 8.8125 328.78125 0.3203125 1.3515625 -999.9 1.4609375 5.65625 5.6875 5.3828125 4.625 4.140625 356.2265625 37.90625 1.15625 5.65625 5.421875 4.4140625 3.9609375 3.6171875 335.8515625 22.7421875 0.890625 6.21875 6.265625 6.984375 6.421875 6.0078125 34.9375 33.4140625
20241119190000 63064.0 41.916672 -69.75 8.28125 318.5703125 0.296875 1.3046875 -999.9 1.3671875 5.65625 5.6875 5.390625 4.6015625 4.109375 359.0546875 38.4140625 0.921875 5.140625 5.0625 4.03125 3.6015625 3.2890625 328.5546875 21.265625 1.0078125 6.21875 5.984375 6.515625 5.9921875 5.6328125 25.671875 32.1015625
20241119200000 63064.0 41.916672 -69.75 8.34375 310.765625 0.3046875 1.3046875 -999.9 1.2890625 5.65625 5.6640625 5.359375 4.5390625 4.0390625 0.53125 39.3046875 0.828125 5.140625 4.984375 3.8359375 3.421875 3.125 325.2109375 21.1875 0.9921875 5.65625 5.8359375 6.40625 5.8515625 5.4921875 25.1953125 31.9296875
20241119210000 63064.0 41.916672 -69.75 7.7578125 311.375 0.2734375 1.2578125 -999.9 1.21875 5.65625 5.625 5.34375 4.5 3.9921875 2.1875 39.8359375 0.7265625 4.671875 4.625 3.609375 3.234375 2.96875 322.671875 21.2421875 0.9765625 5.65625 5.7265625 6.296875 5.75 5.40625 23.8046875 32.609375
20241119220000 63064.0 41.916672 -69.75 6.640625 306.3984375 0.2265625 1.15625 -999.9 1.140625 5.65625 5.5859375 5.390625 4.53125 4.015625 5.4140625 39.890625 0.546875 3.5078125 3.640625 3.1796875 2.875 2.6484375 315.7890625 20.21875 0.9921875 5.65625 5.5859375 6.0703125 5.4921875 5.15625 19.3359375 34.0390625
20241119230000 63064.0 41.916672 -69.75 6.546875 308.109375 0.21875 1.140625 -999.9 1.0625 5.65625 5.5234375 5.4296875 4.5234375 3.9921875 8.234375 39.9453125 0.5 3.5078125 3.5390625 3.046875 2.765625 2.5546875 317.1015625 20.59375 0.9453125 5.65625 5.5234375 6.0859375 5.5 5.1640625 21.03125 34.40625
20241120000000 63064.0 41.916672 -69.75 7.53125 317.0234375 0.265625 1.2265625 -999.9 1.03125 5.65625 5.4453125 5.3203125 4.3828125 3.8515625 8.0234375 40.3515625 0.6171875 4.25 4.2109375 3.3828125 3.0390625 2.7890625 327.8671875 21.8828125 0.828125 5.65625 5.546875 6.390625 5.796875 5.4453125 29.4296875 33.2734375
20241120010000 63064.0 41.916672 -69.75 8.078125 324.0 0.2890625 1.28125 -999.9 1.0546875 5.140625 5.328125 5.140625 4.2265625 3.734375 5.5546875 40.1171875 0.75 4.671875 4.6484375 3.6484375 3.2734375 3.0 335.5 22.5859375 0.734375 5.65625 5.671875 6.6796875 6.0625 5.6875 37.8203125 32.1328125
20241120020000 63064.0 41.916672 -69.75 8.28125 333.9375 0.296875 1.296875 -999.9 1.09375 5.140625 5.171875 5.015625 4.1640625 3.6953125 4.3046875 38.75 0.859375 4.671875 4.7109375 3.8359375 3.4453125 3.15625 341.7109375 22.9765625 0.671875 5.65625 5.734375 6.9296875 6.296875 5.8984375 44.2734375 31.390625
20241120030000 63064.0 41.916672 -69.75 8.1640625 340.7890625 0.296875 1.2890625 -999.9 1.125 5.140625 5.0859375 4.96875 4.171875 3.7265625 5.34375 37.0859375 0.90625 4.671875 4.71875 3.9375 3.5546875 3.2578125 346.328125 22.9296875 0.65625 5.65625 5.7578125 6.9609375 6.3046875 5.8359375 45.96875 31.4921875
20241120040000 63064.0 41.916672 -69.75 7.828125 343.1875 0.28125 1.2578125 -999.9 1.125 5.140625 5.1484375 4.984375 4.2109375 3.765625 7.8046875 35.9375 0.8828125 4.671875 4.734375 3.90625 3.5234375 3.234375 347.6484375 22.6953125 0.703125 5.65625 5.703125 6.6953125 6.078125 5.6640625 41.875 30.65625
20241120050000 63064.0 41.916672 -69.75 7.796875 344.4296875 0.2734375 1.25 -999.9 1.1328125 5.140625 5.2265625 5.0078125 4.2421875 3.7890625 10.2734375 35.03125 0.8671875 4.671875 4.71875 3.890625 3.515625 3.2265625 349.6328125 23.0625 0.7265625 5.65625 5.6953125 6.6015625 6.03125 5.640625 40.9609375 29.140625
20241120060000 63064.0 41.916672 -69.75 7.703125 345.21875 0.2734375 1.25 -999.9 1.1328125 5.140625 5.296875 5.0234375 4.2578125 3.8046875 12.3359375 34.21875 0.8359375 4.671875 4.7734375 3.8515625 3.46875 3.1796875 350.1953125 22.984375 0.7578125 5.65625 5.6953125 6.453125 5.9140625 5.5546875 39.4765625 27.6015625
20241120070000 63064.0 41.916672 -69.75 7.34375 335.4453125 0.2578125 1.21875 -999.9 1.125 5.65625 5.3828125 5.0390625 4.28125 3.828125 13.6328125 34.0078125 0.71875 4.671875 4.4921875 3.578125 3.2265625 2.9609375 343.0859375 22.25 0.859375 5.65625 5.53125 6.0546875 5.5546875 5.2421875 33.71875 26.0703125
20241120080000 63064.0 41.916672 -69.75 7.328125 331.78125 0.2578125 1.21875 -999.9 1.109375 5.65625 5.4140625 5.0390625 4.28125 3.8203125 14.1640625 34.171875 0.6796875 4.671875 4.4765625 3.5078125 3.15625 2.8984375 340.109375 21.890625 0.875 5.65625 5.53125 5.9609375 5.453125 5.1328125 33.140625 25.40625
20241120090000 63064.0 41.916672 -69.75 7.421875 336.390625 0.2578125 1.21875 -999.9 1.0859375 5.65625 5.3984375 5.0078125 4.25 3.796875 14.40625 34.171875 0.703125 4.671875 4.484375 3.5546875 3.1953125 2.9375 343.375 22.7890625 0.8359375 5.65625 5.5546875 6.0390625 5.5390625 5.234375 34.8359375 25.546875
20241120100000 63064.0 41.916672 -69.75 6.96875 339.890625 0.2421875 1.1796875 -999.9 1.0625 5.140625 5.3671875 5.0078125 4.25 3.7890625 15.5234375 33.8203125 0.640625 4.25 4.2578125 3.40625 3.078125 2.8359375 343.515625 22.6796875 0.84375 5.65625 5.390625 5.9375 5.4453125 5.1484375 32.734375 26.9453125
20241120110000 63064.0 41.916672 -69.75 6.921875 347.421875 0.234375 1.171875 -999.9 1.03125 5.140625 5.328125 5.015625 4.2421875 3.78125 17.2421875 33.21875 0.640625 4.25 4.3203125 3.4140625 3.09375 2.84375 349.2265625 23.3515625 0.8125 5.140625 5.3515625 6.0078125 5.515625 5.2109375 33.6171875 27.9921875
20241120120000 63064.0 41.916672 -69.75 6.875 355.53125 0.234375 1.1640625 -999.9 1.0078125 5.140625 5.3046875 5.0078125 4.2265625 3.7578125 19.2265625 32.40625 0.6484375 4.671875 4.46875 3.4765625 3.140625 2.890625 356.7578125 22.859375 0.7734375 5.140625 5.34375 6.0703125 5.546875 5.203125 34.5546875 29.8828125
20241120130000 63064.0 41.916672 -69.75 6.8984375 2.15625 0.234375 1.171875 -999.9 1.0 5.140625 5.296875 4.9921875 4.203125 3.7421875 21.3515625 31.5078125 0.65625 4.671875 4.5 3.4921875 3.15625 2.90625 2.546875 22.5703125 0.7578125 5.140625 5.34375 6.1171875 5.59375 5.25 35.390625 30.6015625
20241120140000 63064.0 41.916672 -69.75 6.8828125 5.7734375 0.234375 1.171875 -999.9 1.0078125 5.140625 5.3125 4.9921875 4.2109375 3.7421875 23.53125 30.6796875 0.6640625 4.671875 4.515625 3.5078125 3.171875 2.9140625 6.7578125 22.171875 0.7578125 5.140625 5.359375 6.1171875 5.6015625 5.2578125 36.3671875 30.609375
20241120150000 63064.0 41.916672 -69.75 6.765625 6.734375 0.2265625 1.15625 -999.9 1.0234375 5.140625 5.3515625 5.015625 4.2421875 3.7734375 25.671875 30.0390625 0.6484375 4.25 4.421875 3.4765625 3.140625 2.890625 7.46875 22.0234375 0.7890625 5.140625 5.3671875 6.0625 5.5546875 5.2265625 37.765625 29.09375
20241120160000 63064.0 41.916672 -69.75 6.34375 8.34375 0.2109375 1.125 -999.9 1.0234375 5.65625 5.40625 5.078125 4.3125 3.8359375 27.8203125 29.5234375 0.546875 4.25 4.078125 3.1875 2.8984375 2.6796875 9.109375 22.4375 0.8671875 5.65625 5.40625 5.84375 5.359375 5.0625 35.0234375 29.046875
20241120170000 63064.0 41.916672 -69.75 5.8671875 7.796875 0.1953125 1.078125 -999.9 1.0234375 5.65625 5.4765625 5.1640625 4.3984375 3.921875 29.8515625 29.0234375 0.453125 3.859375 3.7109375 2.9140625 2.6640625 2.4765625 7.640625 22.625 0.9140625 5.65625 5.4765625 5.7109375 5.21875 4.921875 34.734375 28.2109375
20241120180000 63064.0 41.916672 -69.75 5.4375 4.265625 0.171875 1.0390625 -999.9 1.0078125 5.65625 5.59375 5.25 4.484375 4.0 31.5859375 28.546875 0.359375 3.1875 3.2578125 2.6484375 2.4375 2.265625 3.8671875 22.4296875 0.9453125 5.65625 5.59375 5.6328125 5.1171875 4.8125 35.0078125 27.515625
20241120190000 63064.0 41.916672 -69.75 4.984375 359.203125 0.15625 1.0 -999.9 0.9921875 5.65625 5.7265625 5.3359375 4.5703125 4.078125 33.0546875 28.0703125 0.28125 2.8984375 3.0 2.4296875 2.2421875 2.09375 358.359375 20.9921875 0.953125 5.65625 5.7265625 5.59375 5.0390625 4.7109375 35.4609375 27.03125
20241120200000 63064.0 41.916672 -69.75 5.25 4.0 0.1640625 1.015625 -999.9 0.984375 5.65625 5.9140625 5.3828125 4.6171875 4.109375 34.21875 27.6015625 0.3125 3.1875 3.109375 2.5703125 2.359375 2.1953125 1.4296875 21.234375 0.9296875 5.65625 5.9140625 5.6953125 5.1640625 4.8359375 37.1484375 26.34375
20241120210000 63064.0 41.916672 -69.75 5.9921875 16.5078125 0.1953125 1.078125 -999.9 0.9765625 6.21875 5.984375 5.375 4.5703125 4.046875 34.9765625 27.171875 0.4140625 3.859375 3.7109375 2.8984375 2.640625 2.4453125 14.6875 23.7421875 0.8828125 6.21875 5.984375 5.9140625 5.4375 5.1328125 38.84375 26.21875
20241120220000 63064.0 41.916672 -69.75 6.0078125 20.0234375 0.1953125 1.0859375 -999.9 0.96875 6.21875 6.03125 5.3359375 4.515625 3.984375 35.6484375 26.828125 0.4296875 3.859375 3.71875 2.9609375 2.6875 2.4921875 18.9609375 22.0859375 0.8671875 6.21875 6.03125 5.921875 5.421875 5.0859375 39.3671875 26.5
20241120230000 63064.0 41.916672 -69.75 7.1015625 29.03125 0.2421875 1.171875 -999.9 0.96875 6.21875 6.046875 5.2109375 4.359375 3.84375 36.1484375 26.4453125 0.6328125 4.671875 4.6640625 3.640625 3.25 2.9609375 26.8359375 21.28125 0.734375 6.21875 6.046875 6.3984375 5.890625 5.5078125 43.1015625 27.828125
20241121000000 63064.0 41.916672 -69.75 6.953125 33.2109375 0.234375 1.171875 -999.9 0.984375 6.21875 6.03125 5.078125 4.2421875 3.75 36.8046875 26.140625 0.6328125 4.671875 4.5078125 3.4375 3.1015625 2.8515625 30.4296875 21.8203125 0.7578125 6.21875 6.03125 6.234375 5.71875 5.359375 41.15625 27.875
20241121010000 63064.0 41.916672 -69.75 6.484375 33.8984375 0.21875 1.1328125 -999.9 0.984375 6.21875 5.984375 5.0390625 4.2265625 3.75 37.796875 26.0859375 0.59375 4.25 4.140625 3.34375 3.0234375 2.78125 32.2265625 20.9765625 0.7890625 6.21875 5.984375 6.0078125 5.46875 5.109375 40.890625 27.984375
20241121020000 63064.0 41.916672 -69.75 6.8125 39.8359375 0.234375 1.1640625 -999.9 0.9921875 6.21875 5.9375 5.015625 4.21875 3.7421875 39.1953125 25.9296875 0.6328125 4.671875 4.484375 3.484375 3.1484375 2.890625 36.8046875 21.234375 0.765625 6.21875 5.9375 6.078125 5.5234375 5.1328125 40.84375 28.4609375
20241121030000 63064.0 41.916672 -69.75 6.6796875 44.984375 0.2265625 1.1484375 -999.9 1.015625 5.65625 5.875 5.0234375 4.234375 3.765625 40.8828125 25.71875 0.625 4.25 4.34375 3.453125 3.125 2.875 40.9921875 21.171875 0.796875 5.65625 5.875 6.0 5.453125 5.0703125 40.8203125 28.03125
20241121040000 63064.0 41.916672 -69.75 5.9453125 50.3046875 0.1953125 1.0859375 -999.9 1.0234375 5.65625 5.8046875 5.1015625 4.328125 3.8515625 42.5703125 25.5703125 0.4609375 3.859375 3.71875 2.9296875 2.6796875 2.4921875 47.3125 22.03125 0.9140625 5.65625 5.8046875 5.6484375 5.1171875 4.78125 41.46875 26.1953125
20241121050000 63064.0 41.916672 -69.75 5.8984375 52.3359375 0.1953125 1.078125 -999.9 1.0390625 5.65625 5.8984375 5.203125 4.421875 3.9375 44.1796875 25.3203125 0.4375 3.859375 3.703125 2.890625 2.640625 2.453125 50.2578125 22.8515625 0.9375 5.65625 5.8984375 5.703125 5.1875 4.859375 42.984375 25.6171875
20241121060000 63064.0 41.916672 -69.75 6.65625 54.625 0.2265625 1.140625 -999.9 1.0625 6.21875 6.0 5.265625 4.46875 3.9609375 45.9453125 24.8828125 0.5859375 4.671875 4.46875 3.4140625 3.078125 2.828125 50.3046875 21.9140625 0.890625 6.21875 6.0 6.046875 5.53125 5.1640625 44.171875 25.7734375
20241121070000 63064.0 41.916672 -69.75 7.4765625 58.3828125 0.2578125 1.21875 -999.9 1.1171875 6.21875 6.1953125 5.28125 4.4609375 3.953125 47.9375 24.390625 0.71875 5.140625 4.9453125 3.7421875 3.34375 3.0546875 50.875 21.46875 0.859375 6.21875 6.1953125 6.359375 5.8359375 5.4296875 45.9140625 25.984375
20241121080000 63064.0 41.916672 -69.75 6.875 63.0546875 0.234375 1.171875 -999.9 1.15625 6.21875 6.390625 5.34375 4.53125 4.015625 49.5234375 24.1875 0.6328125 4.671875 4.484375 3.40625 3.078125 2.828125 57.1171875 22.1953125 0.96875 6.21875 6.390625 6.1640625 5.671875 5.3125 46.5 24.328125
20241121090000 63064.0 41.916672 -69.75 7.140625 66.5703125 0.25 1.1953125 -999.9 1.1796875 6.21875 6.4765625 5.40625 4.5859375 4.0546875 50.78125 24.109375 0.671875 4.671875 4.6171875 3.6015625 3.2265625 2.953125 59.8515625 21.5546875 0.96875 6.21875 6.4765625 6.28125 5.7578125 5.359375 46.609375 24.15625
20241121100000 63064.0 41.916672 -69.75 8.015625 68.0859375 0.2890625 1.265625 -999.9 1.2109375 6.8359375 6.546875 5.3984375 4.5546875 4.0234375 52.109375 24.109375 0.8203125 5.65625 5.4140625 3.96875 3.5234375 3.203125 58.0703125 21.7734375 0.890625 6.8359375 6.546875 6.609375 6.0625 5.6171875 47.1796875 24.8828125
20241121110000 63064.0 41.916672 -69.75 8.3828125 72.734375 0.3046875 1.3046875 -999.9 1.265625 6.8359375 6.6171875 5.3671875 4.53125 4.0078125 53.453125 24.40625 0.90625 5.140625 5.359375 4.125 3.6484375 3.3125 61.015625 21.7109375 0.8828125 6.8359375 6.90625 6.671875 6.0859375 5.6171875 45.6640625 24.75
20241121120000 63064.0 41.916672 -69.75 8.5703125 73.8828125 0.3125 1.3203125 -999.9 1.328125 6.8359375 6.640625 5.359375 4.546875 4.0390625 54.515625 24.9140625 0.984375 5.65625 5.8359375 4.2265625 3.7421875 3.40625 62.0859375 22.2890625 0.890625 6.8359375 6.96875 6.734375 6.140625 5.6640625 45.453125 25.1015625
20241121130000 63064.0 41.916672 -69.75 9.5 71.78125 0.359375 1.3984375 -999.9 1.4140625 6.8359375 6.5703125 5.3203125 4.5390625 4.046875 55.4140625 25.4765625 1.21875 6.21875 6.3125 4.7421875 4.15625 3.75 59.9296875 22.296875 0.71875 8.2734375 7.953125 6.9765625 6.1875 5.5859375 41.8203125 29.3671875
20241121140000 63064.0 41.916672 -69.75 8.5625 75.890625 0.3125 1.328125 -999.9 1.4609375 6.21875 6.390625 5.3671875 4.625 4.140625 55.59375 26.375 1.0625 5.140625 5.0859375 4.2578125 3.8125 3.484375 65.8125 23.59375 1.0 6.8359375 6.84375 6.625 6.0859375 5.6640625 44.296875 25.0546875
20241121150000 63064.0 41.916672 -69.75 8.6328125 73.4765625 0.3125 1.328125 -999.9 1.4921875 6.21875 6.375 5.421875 4.6875 4.203125 55.5390625 27.1875 1.09375 5.65625 5.4296875 4.375 3.9140625 3.5703125 65.1484375 23.8984375 1.0078125 6.8359375 6.859375 6.65625 6.1171875 5.671875 44.3046875 26.8828125
20241121160000 63064.0 41.916672 -69.75 9.4453125 75.3359375 0.3515625 1.3984375 -999.9 1.5390625 6.21875 6.3828125 5.4140625 4.6875 4.1953125 56.15625 27.9609375 1.2421875 6.21875 5.9453125 4.7578125 4.1953125 3.796875 65.0234375 23.7109375 0.8984375 6.8359375 6.9765625 6.6875 6.0546875 5.5625 38.6328125 28.1328125
20241121170000 63064.0 41.916672 -69.75 9.7734375 79.515625 0.3671875 1.4296875 -999.9 1.59375 6.21875 6.359375 5.3984375 4.6875 4.2109375 57.4453125 28.9140625 1.3046875 5.65625 5.8515625 4.7890625 4.2265625 3.8359375 67.4609375 24.5390625 0.9140625 6.8359375 6.78125 6.6484375 6.03125 5.546875 36.5859375 27.1953125
20241121180000 63064.0 41.916672 -69.75 11.0390625 78.1640625 0.4375 1.546875 -999.9 1.6875 6.21875 6.3125 5.3671875 4.6875 4.21875 59.34375 29.6796875 1.5390625 6.21875 5.9765625 5.1640625 4.5234375 4.0859375 65.5859375 25.484375 0.6953125 6.8359375 6.6484375 6.40625 5.6796875 5.1640625 25.6328125 29.8125
20241121190000 63064.0 41.916672 -69.75 10.9921875 74.3359375 0.4296875 1.546875 -999.9 1.7890625 6.21875 6.2734375 5.4140625 4.7578125 4.296875 60.0703125 29.9765625 1.6640625 6.21875 6.0234375 5.2421875 4.6328125 4.1953125 64.2421875 25.859375 0.671875 6.8359375 6.921875 6.4765625 5.6875 5.1328125 29.234375 38.4921875
20241121200000 63064.0 41.916672 -69.75 11.078125 74.421875 0.4375 1.5625 -999.9 1.875 6.21875 6.3515625 5.4921875 4.84375 4.390625 60.1484375 30.3046875 1.734375 6.21875 6.09375 5.3125 4.71875 4.28125 64.625 26.0703125 0.7109375 6.8359375 6.984375 6.53125 5.7890625 5.25 28.6171875 38.0390625
20241121210000 63064.0 41.916672 -69.75 11.515625 77.2578125 0.4609375 1.578125 -999.9 1.9609375 6.21875 6.5 5.578125 4.9453125 4.4921875 60.8046875 30.828125 1.8046875 6.21875 6.203125 5.390625 4.8046875 4.375 66.0234375 26.484375 0.7734375 6.8359375 7.1640625 6.6015625 5.9140625 5.4140625 27.2734375 36.0390625
20241121220000 63064.0 41.916672 -69.75 13.6484375 75.015625 0.5703125 1.7578125 -999.9 2.15625 6.8359375 6.546875 5.6484375 5.0390625 4.6015625 62.296875 30.8515625 2.0859375 6.21875 6.4375 5.59375 5.0078125 4.5703125 64.0234375 28.171875 0.5390625 7.5234375 7.375 6.46875 5.640625 5.078125 24.3125 48.71875
20241121230000 63064.0 41.916672 -69.75 13.3515625 72.734375 0.5546875 1.7421875 -999.9 2.3203125 6.8359375 6.6484375 5.796875 5.1953125 4.75 62.890625 30.9765625 2.25 6.8359375 6.640625 5.765625 5.1796875 4.734375 63.453125 27.8828125 0.5625 8.2734375 7.9296875 6.3359375 5.5078125 5.03125 44.359375 60.9609375
20241122000000 63064.0 41.916672 -69.75 12.5546875 71.5703125 0.515625 1.671875 -999.9 2.359375 6.8359375 6.7265625 5.90625 5.3046875 4.8515625 63.0 31.625 2.2421875 6.8359375 6.671875 5.8203125 5.2421875 4.796875 64.2265625 27.28125 0.734375 7.5234375 7.7890625 6.6796875 5.96875 5.484375 43.4140625 56.1015625
20241122010000 63064.0 41.916672 -69.75 11.84375 76.7421875 0.4765625 1.625 -999.9 2.3359375 6.8359375 6.7734375 5.953125 5.328125 4.859375 63.78125 32.671875 2.109375 6.8359375 6.6015625 5.75 5.15625 4.6953125 69.15625 26.4765625 1.0078125 7.5234375 7.4453125 6.828125 6.296875 5.8671875 32.734375 43.484375
20241122020000 63064.0 41.916672 -69.75 12.6015625 82.859375 0.515625 1.6640625 -999.9 2.359375 6.8359375 6.7734375 5.953125 5.34375 4.8828125 66.28125 33.6171875 2.140625 6.8359375 6.5859375 5.765625 5.1796875 4.7265625 73.109375 27.7421875 0.9921875 7.5234375 7.453125 6.828125 6.296875 5.890625 27.703125 38.6015625
20241122030000 63064.0 41.916672 -69.75 12.7421875 90.3984375 0.5234375 1.6796875 -999.9 2.40625 6.8359375 6.7734375 5.96875 5.3671875 4.90625 70.046875 34.5390625 2.1328125 6.21875 6.453125 5.734375 5.1484375 4.703125 80.640625 27.71875 1.1171875 7.5234375 7.1875 6.8125 6.359375 6.0078125 27.515625 29.515625
20241122040000 63064.0 41.916672 -69.75 12.96875 96.890625 0.5390625 1.703125 -999.9 2.453125 6.8359375 6.8046875 5.9921875 5.3984375 4.9375 74.3828125 35.2578125 2.15625 6.21875 6.46875 5.7421875 5.15625 4.7109375 86.890625 27.859375 1.171875 7.5234375 7.296875 6.8515625 6.421875 6.09375 29.2734375 24.4296875
20241122050000 63064.0 41.916672 -69.75 13.3046875 99.84375 0.546875 1.7109375 -999.9 2.515625 6.8359375 6.84375 6.046875 5.4609375 5.0234375 78.59375 35.3359375 2.2421875 6.8359375 6.625 5.828125 5.2578125 4.8203125 90.1953125 28.0078125 1.1328125 7.5234375 7.3359375 6.890625 6.4609375 6.140625 30.0625 23.65625
20241122060000 63064.0 41.916672 -69.75 13.53125 108.5390625 0.5625 1.734375 -999.9 2.578125 6.8359375 6.890625 6.0859375 5.5078125 5.0546875 83.421875 35.53125 2.2890625 6.8359375 6.703125 5.8671875 5.28125 4.8359375 96.3515625 27.625 1.1953125 7.5234375 7.25 6.9140625 6.515625 6.2109375 33.796875 18.9296875
20241122070000 63064.0 41.916672 -69.75 14.3515625 118.53125 0.609375 1.828125 -999.9 2.6640625 6.8359375 6.9296875 6.109375 5.5234375 5.0703125 89.984375 36.28125 2.3515625 6.8359375 6.71875 5.859375 5.2734375 4.828125 103.8046875 27.8203125 1.25 7.5234375 7.359375 7.0078125 6.625 6.34375 39.1015625 18.0234375
20241122080000 63064.0 41.916672 -69.75 12.1640625 161.6328125 0.4921875 1.640625 -999.9 2.59375 6.8359375 7.046875 6.171875 5.5703125 5.109375 96.953125 40.6328125 1.6484375 6.21875 6.046875 5.1328125 4.5859375 4.1796875 139.5 22.9296875 2.0 7.5234375 7.234375 6.8828125 6.53125 6.2578125 69.296875 25.7890625
20241122090000 63064.0 41.916672 -69.75 11.5234375 211.53125 0.453125 1.53125 -999.9 2.421875 6.8359375 7.1640625 6.234375 5.59375 5.1015625 99.046875 45.6640625 1.015625 5.140625 5.1484375 4.140625 3.6953125 3.375 179.3984375 20.4765625 2.1953125 7.5234375 7.171875 6.6796875 6.2890625 6.0 85.5 34.9921875
20241122100000 63064.0 41.916672 -69.75 9.71875 212.03125 0.3671875 1.4296875 -999.9 2.296875 7.5234375 7.21875 6.265625 5.59375 5.078125 98.2734375 48.3671875 0.90625 4.671875 4.625 3.796875 3.40625 3.125 192.234375 23.453125 2.1015625 7.5234375 7.21875 6.7265625 6.359375 6.1015625 86.40625 37.5390625
20241122110000 63064.0 41.916672 -69.75 9.21875 201.46875 0.34375 1.3828125 -999.9 2.21875 7.5234375 7.25 6.328125 5.640625 5.109375 98.34375 49.453125 0.9609375 5.140625 4.9296875 3.96875 3.5546875 3.25 186.8125 24.2265625 2.0 7.5234375 7.2578125 6.8671875 6.5078125 6.2734375 83.65625 37.5625
20241122120000 63064.0 41.916672 -69.75 9.2734375 199.3203125 0.34375 1.390625 -999.9 2.1953125 7.5234375 7.2734375 6.375 5.6640625 5.1171875 101.1796875 50.890625 0.9921875 5.140625 5.046875 4.1015625 3.65625 3.3359375 185.3984375 23.15625 1.9609375 7.5234375 7.28125 6.9609375 6.59375 6.3515625 84.03125 39.1484375
20241122130000 63064.0 41.916672 -69.75 9.421875 199.7890625 0.3515625 1.40625 -999.9 2.1953125 7.5234375 7.2734375 6.4296875 5.6796875 5.125 106.0078125 52.4296875 1.046875 5.140625 5.140625 4.21875 3.75 3.4140625 185.0859375 22.75 1.9296875 7.5234375 7.296875 7.078125 6.6953125 6.4375 85.84375 41.171875
20241122140000 63064.0 41.916672 -69.75 9.125 196.8125 0.3359375 1.3828125 -999.9 2.1640625 7.5234375 7.2890625 6.4609375 5.6875 5.1171875 109.953125 53.3046875 1.0625 5.140625 5.1640625 4.2734375 3.8046875 3.46875 184.4375 22.484375 1.8828125 7.5234375 7.3125 7.15625 6.75 6.4921875 87.59375 42.875
20241122150000 63064.0 41.916672 -69.75 8.46875 192.875 0.3046875 1.3203125 -999.9 2.078125 7.5234375 7.28125 6.4453125 5.6640625 5.09375 110.6015625 53.5234375 0.9921875 5.140625 5.1953125 4.1484375 3.703125 3.3828125 184.6640625 22.0703125 1.828125 7.5234375 7.28125 7.125 6.7109375 6.4453125 89.4921875 44.5390625
20241122160000 63064.0 41.916672 -69.75 6.71875 189.1484375 0.2265625 1.1640625 -999.9 1.9375 7.5234375 7.21875 6.4453125 5.6796875 5.125 106.8125 52.8984375 0.6875 4.25 4.3671875 3.46875 3.1484375 2.90625 189.3203125 21.5859375 1.8125 7.5234375 7.21875 6.8671875 6.421875 6.1328125 95.890625 48.234375
20241122170000 63064.0 41.916672 -69.75 6.296875 179.1484375 0.2109375 1.1171875 -999.9 1.796875 6.8359375 7.1328125 6.4375 5.6796875 5.1171875 101.515625 51.6796875 0.5390625 4.25 4.0703125 3.171875 2.8828125 2.6640625 182.25 21.484375 1.7109375 6.8359375 7.1328125 6.7578125 6.28125 5.984375 94.0859375 48.71875
20241122180000 63064.0 41.916672 -69.75 6.65625 169.9140625 0.2265625 1.140625 -999.9 1.6875 6.8359375 7.078125 6.390625 5.6015625 5.03125 97.390625 50.3125 0.578125 4.25 4.28125 3.3671875 3.0390625 2.796875 173.4453125 22.1484375 1.578125 6.8359375 7.078125 6.796875 6.3203125 6.015625 87.875 46.3984375
20241122190000 63064.0 41.916672 -69.75 6.296875 162.7578125 0.2109375 1.1171875 -999.9 1.6015625 6.8359375 7.046875 6.3515625 5.546875 4.96875 94.296875 48.8203125 0.5 3.859375 3.890625 3.109375 2.8203125 2.609375 167.6796875 22.515625 1.5234375 6.8359375 7.046875 6.703125 6.203125 5.875 86.9609375 45.8984375
20241122200000 63064.0 41.916672 -69.75 6.234375 157.7890625 0.2109375 1.109375 -999.9 1.5390625 6.8359375 7.015625 6.328125 5.515625 4.9296875 92.0 47.28125 0.4765625 3.859375 3.78125 3.0546875 2.7734375 2.5625 161.8046875 22.65625 1.4609375 6.8359375 7.015625 6.671875 6.1640625 5.828125 85.2734375 44.640625
20241122210000 63064.0 41.916672 -69.75 6.2109375 150.3671875 0.203125 1.1015625 -999.9 1.4921875 6.8359375 6.9921875 6.3046875 5.484375 4.8828125 90.7890625 45.9296875 0.46875 3.859375 3.734375 3.03125 2.75 2.5390625 154.7578125 23.40625 1.421875 6.8359375 6.9921875 6.65625 6.1484375 5.8125 84.3203125 43.6328125
20241122220000 63064.0 41.916672 -69.75 4.9765625 124.25 0.15625 1.0 -999.9 1.4453125 6.8359375 6.9453125 6.3046875 5.5078125 4.9296875 89.625 44.5234375 0.265625 2.8984375 2.8984375 2.390625 2.1953125 2.046875 127.2890625 20.8203125 1.421875 6.8359375 6.9453125 6.4453125 5.8203125 5.4140625 88.34375 44.59375
20241122230000 63064.0 41.916672 -69.75 5.6875 113.5546875 0.1875 1.0546875 -999.9 1.3984375 6.8359375 6.890625 6.28125 5.4765625 4.890625 89.03125 43.1953125 0.3359375 3.5078125 3.3671875 2.7109375 2.4609375 2.2734375 114.484375 21.953125 1.359375 6.8359375 6.890625 6.5 5.9140625 5.5234375 87.4140625 43.6328125
20241123000000 63064.0 41.916672 -69.75 6.25 110.1640625 0.2109375 1.1015625 -999.9 1.3671875 6.8359375 6.828125 6.203125 5.3515625 4.75 89.1171875 41.90625 0.421875 3.5078125 3.6015625 2.9609375 2.671875 2.46875 110.828125 23.3125 1.296875 6.8359375 6.828125 6.546875 5.984375 5.6171875 86.6171875 42.7109375
20241123010000 63064.0 41.916672 -69.75 6.390625 103.6171875 0.2109375 1.125 -999.9 1.3359375 6.8359375 6.7578125 6.109375 5.2265625 4.6171875 89.1640625 40.6328125 0.453125 3.5078125 3.5703125 2.9921875 2.71875 2.5078125 103.8046875 23.3984375 1.2578125 6.8359375 6.7578125 6.515625 5.953125 5.5859375 87.0390625 41.8828125
20241123020000 63064.0 41.916672 -69.75 6.1171875 108.265625 0.203125 1.1015625 -999.9 1.3046875 6.8359375 6.6796875 6.0390625 5.1484375 4.546875 88.8984375 39.5859375 0.4453125 3.5078125 3.5078125 2.9453125 2.671875 2.4765625 106.0 22.78125 1.2265625 6.8359375 6.6796875 6.4453125 5.84375 5.46875 86.5390625 40.6484375
20241123030000 63064.0 41.916672 -69.75 6.46875 114.53125 0.21875 1.125 -999.9 1.28125 6.8359375 6.5859375 5.96875 5.046875 4.453125 88.8046875 38.7421875 0.4765625 3.859375 3.734375 3.0546875 2.765625 2.546875 112.2109375 23.65625 1.1875 6.8359375 6.5859375 6.4296875 5.8203125 5.4375 84.890625 39.4140625
20241123040000 63064.0 41.916672 -69.75 6.671875 105.3828125 0.2265625 1.1484375 -999.9 1.265625 6.21875 6.4921875 5.859375 4.9296875 4.34375 88.5390625 37.8828125 0.53125 3.859375 3.765625 3.1875 2.8828125 2.6640625 104.140625 24.328125 1.1484375 6.21875 6.4921875 6.4375 5.8203125 5.421875 84.953125 39.328125
20241123050000 63064.0 41.916672 -69.75 5.84375 103.75 0.1953125 1.078125 -999.9 1.2578125 6.21875 6.4140625 5.8125 4.8984375 4.3359375 87.15625 37.1015625 0.4296875 3.5078125 3.4921875 2.859375 2.609375 2.4140625 102.71875 22.4453125 1.1796875 6.21875 6.4140625 6.1953125 5.5390625 5.1484375 85.0859375 38.0390625
20241123060000 63064.0 41.916672 -69.75 4.859375 96.34375 0.15625 0.9921875 -999.9 1.2421875 6.21875 6.3359375 5.8203125 4.953125 4.4140625 85.2265625 36.4453125 0.2734375 2.8984375 2.8359375 2.3828125 2.1953125 2.0546875 96.9453125 19.9375 1.2109375 6.21875 6.3359375 5.9921875 5.2890625 4.8828125 84.6875 36.875
20241123070000 63064.0 41.916672 -69.75 3.3125 86.671875 0.09375 0.8515625 -999.9 1.21875 6.21875 6.2734375 5.859375 5.03125 4.515625 84.0703125 35.8203125 0.0703125 1.984375 0.0 1.6484375 1.546875 1.4609375 87.578125 9.90625 1.21875 6.21875 6.2734375 5.875 5.078125 4.5859375 84.0625 35.828125
20241123080000 63064.0 41.916672 -69.75 0.7890625 63.03125 0.015625 0.5546875 -999.9 1.1875 6.21875 6.25 5.90625 5.078125 4.5703125 83.8359375 35.265625 0.0 1.0 0.0 1.0 1.0 1.0 180.0 0.0 1.1875 6.21875 6.25 5.90625 5.078125 4.5703125 83.8359375 35.265625
20241123090000 63064.0 41.916672 -69.75 2.796875 278.171875 0.078125 0.78125 -999.9 1.1484375 6.21875 6.234375 5.953125 5.125 4.609375 83.8984375 34.78125 0.0 1.0 0.0 1.0 1.0 1.0 180.0 0.0 1.1484375 6.21875 6.234375 5.953125 5.125 4.609375 83.8984375 34.78125
20241123100000 63064.0 41.916672 -69.75 6.7421875 324.203125 0.21875 1.0703125 -999.9 1.1171875 6.21875 6.21875 6.0078125 5.1640625 4.6328125 83.75 34.3671875 0.140625 2.640625 2.5859375 2.28125 2.0703125 1.921875 4.4921875 12.34375 1.1015625 6.21875 6.21875 6.0703125 5.2890625 4.8203125 84.46875 33.6953125
20241123110000 63064.0 41.916672 -69.75 7.90625 316.515625 0.2734375 1.1875 -999.9 1.09375 6.21875 6.21875 5.96875 4.984375 4.3515625 82.25 35.203125 0.2265625 2.1796875 2.203125 2.1796875 1.96875 1.828125 353.6875 19.4609375 1.0703125 6.21875 6.21875 6.1328125 5.34375 4.875 84.0078125 33.1171875
20241123120000 63064.0 41.916672 -69.75 9.3515625 317.328125 0.34375 1.3359375 -999.9 1.125 6.21875 6.21875 5.703125 4.6015625 4.0 74.65625 43.4765625 0.4296875 2.640625 2.7421875 2.546875 2.3671875 2.2265625 337.453125 26.390625 1.0390625 6.21875 6.21875 6.234375 5.4921875 5.0703125 83.3984375 32.359375
20241123130000 63064.0 41.916672 -69.75 10.359375 322.125 0.3984375 1.453125 -999.9 1.1953125 6.21875 6.2265625 5.3671875 4.3203125 3.7890625 59.109375 52.21875 0.65625 3.5078125 3.359375 2.984375 2.7578125 2.578125 334.59375 27.9609375 1.0 6.21875 6.234375 6.390625 5.7109375 5.359375 82.65625 31.4921875
20241123140000 63064.0 41.916672 -69.75 11.21875 324.734375 0.4453125 1.5625 -999.9 1.3203125 6.21875 6.2421875 5.0859375 4.203125 3.75 34.6015625 55.765625 0.8984375 3.859375 3.859375 3.4296875 3.15625 2.9296875 335.265625 28.0390625 0.9609375 6.21875 6.25 6.53125 5.90625 5.6015625 80.96875 30.9140625
20241123150000 63064.0 41.916672 -69.75 11.5078125 318.2890625 0.4609375 1.5859375 -999.9 1.46875 4.671875 4.6015625 5.0546875 4.3125 3.8984375 15.359375 54.140625 1.09375 4.671875 4.453125 3.8671875 3.5390625 3.2734375 332.4140625 26.078125 0.984375 6.21875 6.1328125 6.515625 5.9140625 5.609375 74.6015625 31.9921875
20241123160000 63064.0 41.916672 -69.75 11.734375 310.5 0.46875 1.6015625 -999.9 1.65625 5.140625 5.1953125 5.1875 4.5390625 4.1328125 5.15625 50.859375 1.25 5.140625 4.953125 4.25 3.859375 3.5546875 328.9140625 24.7109375 1.0859375 5.65625 5.8515625 6.4296875 5.9140625 5.6484375 62.25 34.4609375
20241123170000 63064.0 41.916672 -69.75 12.9375 312.6953125 0.5390625 1.7265625 -999.9 1.921875 5.65625 5.8125 5.390625 4.78125 4.359375 358.3515625 46.765625 1.5390625 5.65625 5.5078125 4.703125 4.2421875 3.8828125 331.5390625 25.5078125 1.1484375 6.21875 6.2890625 6.6328125 6.2109375 5.9921875 57.46875 33.3515625
20241123180000 63064.0 41.916672 -69.75 13.3046875 318.265625 0.5546875 1.7578125 -999.9 2.1640625 6.21875 6.2265625 5.65625 5.0625 4.6328125 354.53125 42.5703125 1.8359375 6.21875 6.015625 5.1484375 4.6484375 4.2578125 335.4765625 25.5078125 1.15625 6.8359375 6.703125 6.9296875 6.546875 6.34375 55.421875 32.78125
20241123190000 63064.0 41.916672 -69.75 13.953125 320.75 0.6015625 1.84375 -999.9 2.3828125 6.8359375 6.65625 5.8828125 5.265625 4.8046875 352.3046875 39.0 2.1015625 6.8359375 6.5390625 5.5 4.9453125 4.515625 338.6953125 25.5234375 1.125 6.8359375 7.078125 7.234375 6.8359375 6.59375 53.8046875 33.0
20241123200000 63064.0 41.916672 -69.75 14.515625 317.109375 0.625 1.8671875 -999.9 2.5390625 6.8359375 6.859375 6.0859375 5.4609375 4.9921875 350.0546875 36.9921875 2.25 6.8359375 6.734375 5.71875 5.1484375 4.703125 337.7421875 25.0234375 1.1796875 7.5234375 7.3515625 7.421875 7.0234375 6.765625 46.7265625 32.9609375
20241123210000 63064.0 41.916672 -69.75 14.9453125 312.5390625 0.65625 1.921875 -999.9 2.6171875 6.8359375 7.0 6.1640625 5.5234375 5.0390625 347.1015625 36.5 2.3046875 6.8359375 6.796875 5.7578125 5.171875 4.7265625 334.765625 25.1640625 1.234375 7.5234375 7.6875 7.59375 7.1953125 6.90625 40.0390625 33.09375
20241123220000 63064.0 41.916672 -69.75 15.203125 309.0078125 0.671875 1.953125 -999.9 2.6328125 6.8359375 7.0546875 6.1796875 5.5234375 5.03125 344.484375 36.59375 2.328125 6.8359375 6.828125 5.765625 5.171875 4.7265625 332.4375 25.6328125 1.234375 7.5234375 7.7734375 7.65625 7.2421875 6.9375 37.4609375 33.46875
20241123230000 63064.0 41.916672 -69.75 15.0390625 308.3828125 0.6640625 1.9375 -999.9 2.6171875 6.8359375 7.0625 6.1875 5.5234375 5.03125 342.984375 36.7421875 2.296875 6.8359375 6.7734375 5.7265625 5.140625 4.6953125 330.421875 25.6796875 1.2578125 7.5234375 7.6796875 7.734375 7.3515625 7.078125 34.2890625 33.546875
20241124000000 63064.0 41.916672 -69.75 14.671875 308.671875 0.640625 1.8984375 -999.9 2.59375 6.8359375 7.1015625 6.21875 5.546875 5.046875 342.71875 37.0234375 2.2578125 6.8359375 6.765625 5.6875 5.109375 4.671875 329.2421875 25.5703125 1.2890625 8.2734375 7.9453125 7.8515625 7.4921875 7.2265625 32.6015625 33.3046875
20241124010000 63064.0 41.916672 -69.75 14.5546875 306.5390625 0.6328125 1.875 -999.9 2.578125 7.5234375 7.1796875 6.25 5.5703125 5.0625 342.984375 37.734375 2.203125 6.8359375 6.7578125 5.65625 5.078125 4.640625 327.75 25.3203125 1.3359375 8.2734375 7.984375 7.859375 7.515625 7.265625 32.2734375 32.3828125
20241124020000 63064.0 41.916672 -69.75 14.7890625 304.5859375 0.6484375 1.90625 -999.9 2.5859375 7.5234375 7.2265625 6.265625 5.5703125 5.0546875 342.7890625 38.4609375 2.1796875 6.8359375 6.703125 5.6015625 5.03125 4.59375 325.9609375 25.1875 1.390625 7.5234375 7.796875 7.8984375 7.5703125 7.328125 31.6640625 31.890625
20241124030000 63064.0 41.916672 -69.75 14.6484375 299.7734375 0.6328125 1.8828125 -999.9 2.5625 7.5234375 7.2578125 6.2734375 5.5703125 5.0546875 342.2578125 39.46875 2.09375 6.8359375 6.640625 5.4921875 4.9296875 4.5078125 322.578125 24.859375 1.46875 7.5234375 7.765625 7.8671875 7.53125 7.2734375 28.7734375 31.9140625
20241124040000 63064.0 41.916672 -69.75 14.171875 295.0 0.6015625 1.8203125 -999.9 2.46875 7.5234375 7.2890625 6.28125 5.546875 5.0234375 342.0703125 40.84375 1.9453125 6.8359375 6.59375 5.3515625 4.796875 4.390625 318.8671875 24.546875 1.515625 7.5234375 7.75 7.8046875 7.4609375 7.1875 26.0234375 32.8203125
20241124050000 63064.0 41.916672 -69.75 13.609375 289.984375 0.5703125 1.75 -999.9 2.328125 7.5234375 7.296875 6.2578125 5.4921875 4.9609375 342.03125 42.5859375 1.7421875 6.21875 6.25 5.109375 4.578125 4.1953125 314.0390625 24.421875 1.546875 7.5234375 7.6015625 7.703125 7.34375 7.0703125 22.3046875 34.3671875
20241124060000 63064.0 41.916672 -69.75 12.953125 283.5625 0.53125 1.703125 -999.9 2.1640625 7.5234375 7.28125 6.1875 5.375 4.8203125 341.6640625 44.7421875 1.53125 6.21875 6.0546875 4.8125 4.296875 3.921875 308.125 25.0625 1.53125 7.5234375 7.453125 7.5625 7.15625 6.8671875 19.0078125 36.015625
20241124070000 63064.0 41.916672 -69.75 13.359375 277.0078125 0.546875 1.6875 -999.9 2.0234375 7.5234375 7.2265625 6.0703125 5.2421875 4.7109375 339.265625 47.171875 1.40625 6.21875 5.9296875 4.578125 4.1171875 3.7890625 302.328125 26.984375 1.453125 7.5234375 7.34375 7.46875 7.0234375 6.7109375 17.703125 37.4765625
20241124080000 63064.0 41.916672 -69.75 13.5703125 274.5 0.5703125 1.7578125 -999.9 1.9375 6.8359375 6.9140625 5.859375 4.9921875 4.46875 333.5390625 49.4453125 1.40625 5.65625 5.6484375 4.4296875 3.96875 3.6484375 297.5546875 29.5 1.3359375 7.5234375 7.234375 7.4296875 6.9609375 6.6640625 18.3359375 38.625
20241124090000 63064.0 41.916672 -69.75 13.9140625 273.515625 0.5859375 1.796875 -999.9 1.8828125 6.8359375 6.5234375 5.6640625 4.8203125 4.328125 326.3828125 50.6484375 1.4296875 5.65625 5.4375 4.3828125 3.9453125 3.6328125 294.5703125 31.1328125 1.2265625 6.8359375 6.9921875 7.40625 6.9140625 6.6171875 18.859375 40.484375
20241124100000 63064.0 41.916672 -69.75 13.578125 269.0078125 0.5703125 1.765625 -999.9 1.8203125 6.21875 6.1953125 5.5234375 4.7109375 4.234375 319.359375 51.703125 1.390625 4.671875 4.7578125 4.28125 3.875 3.578125 288.03125 32.484375 1.171875 6.8359375 6.7265625 7.2578125 6.7421875 6.4296875 13.9296875 42.0625
20241124110000 63064.0 41.916672 -69.75 14.09375 271.8359375 0.609375 1.859375 -999.9 1.796875 6.21875 5.9609375 5.3203125 4.53125 4.078125 311.3359375 51.5 1.4765625 5.140625 5.0703125 4.3359375 3.90625 3.59375 289.53125 33.7421875 1.0234375 6.8359375 6.6953125 7.3828125 6.8046875 6.4609375 19.5703125 46.5234375
20241124120000 63064.0 41.916672 -69.75 14.2734375 270.046875 0.6171875 1.8828125 -999.9 1.796875 5.65625 5.6640625 5.2109375 4.4609375 4.0234375 305.7421875 50.3046875 1.5078125 4.671875 4.8203125 4.328125 3.9140625 3.6015625 287.0234375 34.0546875 0.9765625 6.21875 6.3515625 7.28125 6.65625 6.28125 14.53125 47.8984375
20241124130000 63064.0 41.916672 -69.75 14.8828125 271.265625 0.65625 1.9453125 -999.9 1.828125 5.65625 5.4921875 5.109375 4.4140625 3.9921875 300.7578125 48.734375 1.609375 5.140625 5.3515625 4.4296875 4.0078125 3.6875 288.515625 34.7578125 0.8671875 6.21875 6.5078125 7.4453125 6.75 6.328125 20.0859375 52.1171875
20241124140000 63064.0 41.916672 -69.75 14.9453125 275.3359375 0.6640625 1.9609375 -999.9 1.8671875 5.65625 5.4140625 5.0859375 4.421875 4.0234375 299.3984375 46.7421875 1.6953125 5.140625 5.2734375 4.5625 4.125 3.796875 292.2734375 34.296875 0.7890625 6.8359375 6.78125 7.4921875 6.6640625 6.1328125 29.1484375 59.546875
20241124150000 63064.0 41.916672 -69.75 14.71875 278.96875 0.6484375 1.9375 -999.9 1.890625 5.65625 5.4453125 5.1015625 4.4609375 4.0625 301.21875 44.40625 1.7421875 5.65625 5.4609375 4.6640625 4.2109375 3.8671875 296.546875 32.671875 0.75 9.1015625 9.328125 7.5 6.609375 6.0703125 34.1015625 64.6640625
20241124160000 63064.0 41.916672 -69.75 14.109375 280.28125 0.609375 1.8671875 -999.9 1.859375 5.65625 5.53125 5.1328125 4.4765625 4.0703125 303.9140625 42.5234375 1.7109375 5.65625 5.5390625 4.703125 4.234375 3.8828125 299.40625 31.0390625 0.734375 6.8359375 7.09375 7.46875 6.546875 5.96875 26.0546875 64.703125
20241124170000 63064.0 41.916672 -69.75 13.7265625 281.0703125 0.5859375 1.8203125 -999.9 1.796875 5.65625 5.5546875 5.1171875 4.4609375 4.046875 305.6484375 41.2265625 1.65625 5.65625 5.546875 4.6953125 4.21875 3.8671875 301.0546875 30.1328125 0.6953125 6.8359375 7.09375 7.484375 6.515625 5.90625 22.28125 63.21875
20241124180000 63064.0 41.916672 -69.75 14.0625 282.0390625 0.609375 1.859375 -999.9 1.796875 5.65625 5.546875 5.0703125 4.421875 4.015625 306.0234375 39.75 1.671875 5.65625 5.5390625 4.6953125 4.21875 3.859375 302.03125 29.71875 0.6484375 6.8359375 7.0390625 7.5859375 6.578125 5.953125 24.3828125 62.7109375
20241124190000 63064.0 41.916672 -69.75 14.1640625 284.359375 0.6171875 1.875 -999.9 1.8359375 5.65625 5.6328125 5.0859375 4.453125 4.046875 307.375 37.984375 1.734375 5.65625 5.6015625 4.78125 4.2890625 3.9296875 304.2265625 29.171875 0.6015625 10.015625 9.953125 7.625 6.515625 5.8046875 29.546875 63.046875
20241124200000 63064.0 41.916672 -69.75 14.5703125 286.3046875 0.640625 1.921875 -999.9 1.8984375 5.65625 5.78125 5.1328125 4.5078125 4.1015625 309.2890625 36.03125 1.8125 5.65625 5.75 4.875 4.375 4.0 306.671875 28.3984375 0.5703125 6.8359375 6.90625 7.6484375 6.5625 5.8671875 28.6484375 62.6953125
20241124210000 63064.0 41.916672 -69.75 15.0703125 290.125 0.671875 1.9765625 -999.9 2.0 6.21875 5.9765625 5.2109375 4.6015625 4.1796875 311.484375 33.921875 1.9296875 6.21875 5.9609375 5.0234375 4.5078125 4.1171875 309.7890625 27.484375 0.515625 10.015625 10.0390625 7.7734375 6.484375 5.6328125 41.296875 64.8203125
20241124220000 63064.0 41.916672 -69.75 13.0546875 290.78125 0.546875 1.7734375 -999.9 1.9453125 6.21875 6.1015625 5.3125 4.6875 4.2578125 313.7109375 33.109375 1.8359375 6.21875 6.046875 5.0546875 4.5390625 4.140625 310.3203125 26.03125 0.640625 7.5234375 7.3984375 7.4296875 6.4765625 5.796875 6.234375 54.875
20241124230000 63064.0 41.916672 -69.75 13.0 289.640625 0.5390625 1.7421875 -999.9 1.8203125 6.21875 6.1015625 5.2421875 4.6015625 4.1640625 314.328125 33.2578125 1.7109375 6.21875 6.03125 4.9765625 4.4375 4.046875 310.5078125 25.8671875 0.6171875 7.5234375 7.46875 7.3359375 6.3359375 5.6484375 7.140625 53.25
20241125000000 63064.0 41.916672 -69.75 14.0078125 289.65625 0.6015625 1.8359375 -999.9 1.8125 6.21875 6.03125 5.1484375 4.515625 4.09375 314.25 33.1875 1.734375 6.21875 5.9921875 4.9296875 4.3984375 4.0078125 311.3203125 26.6015625 0.5390625 7.5234375 7.53125 7.4296875 6.2421875 5.46875 19.046875 55.9921875
20241125010000 63064.0 41.916672 -69.75 14.3515625 291.9453125 0.625 1.8828125 -999.9 1.8984375 6.21875 6.0234375 5.1640625 4.5546875 4.1328125 315.3984375 32.7109375 1.8203125 6.21875 6.0 4.9765625 4.453125 4.0625 312.8203125 26.875 0.5234375 6.8359375 7.1328125 7.4375 6.3203125 5.6015625 20.6328125 55.9375
20241125020000 63064.0 41.916672 -69.75 14.1875 290.9140625 0.6171875 1.875 -999.9 1.9296875 6.21875 6.0625 5.2109375 4.6015625 4.1796875 316.6015625 32.7890625 1.828125 6.21875 6.0234375 4.984375 4.46875 4.078125 313.0078125 27.0859375 0.6015625 7.5234375 7.3671875 7.28125 6.34375 5.65625 9.7109375 49.1171875
20241125030000 63064.0 41.916672 -69.75 14.203125 290.3515625 0.6171875 1.875 -999.9 1.9375 6.21875 6.1015625 5.2265625 4.6171875 4.1875 317.40625 32.9921875 1.8203125 6.21875 6.0078125 4.96875 4.453125 4.0703125 312.9140625 27.3515625 0.65625 7.5234375 7.3125 7.1484375 6.3671875 5.7734375 5.84375 44.4140625
20241125040000 63064.0 41.916672 -69.75 14.015625 291.1015625 0.6015625 1.8515625 -999.9 1.9375 6.21875 6.1171875 5.2421875 4.6328125 4.2109375 318.09375 32.96875 1.8203125 6.21875 6.046875 4.9921875 4.4765625 4.0859375 313.6953125 27.5390625 0.65625 7.5234375 7.2578125 7.171875 6.40625 5.8125 5.6484375 44.328125
20241125050000 63064.0 41.916672 -69.75 14.0078125 293.1171875 0.6015625 1.8515625 -999.9 1.9375 6.21875 6.125 5.25 4.6484375 4.21875 318.5703125 32.4921875 1.8359375 6.21875 6.046875 5.03125 4.5 4.1015625 314.625 27.1796875 0.625 6.8359375 6.984375 7.1328125 6.375 5.828125 7.3359375 45.6015625
20241125060000 63064.0 41.916672 -69.75 13.4765625 295.140625 0.5703125 1.796875 -999.9 1.921875 6.21875 6.1484375 5.2734375 4.6640625 4.234375 319.4140625 31.6875 1.8125 6.21875 6.0625 5.03125 4.5078125 4.1171875 315.2578125 26.3671875 0.640625 7.5234375 7.1796875 7.15625 6.4296875 5.8515625 5.0546875 43.6015625
20241125070000 63064.0 41.916672 -69.75 13.2890625 293.8828125 0.5625 1.7734375 -999.9 1.8828125 6.21875 6.1640625 5.265625 4.6484375 4.21875 319.8671875 31.203125 1.7734375 6.21875 6.078125 5.0234375 4.5 4.1015625 315.4296875 26.015625 0.6328125 7.5234375 7.21875 7.1015625 6.3359375 5.75 5.1484375 40.65625
20241125080000 63064.0 41.916672 -69.75 13.1875 292.828125 0.5546875 1.765625 -999.9 1.8515625 6.21875 6.15625 5.234375 4.625 4.1875 319.84375 31.1015625 1.734375 6.21875 6.046875 4.9921875 4.4609375 4.0625 314.8203125 25.9765625 0.6484375 7.5234375 7.2421875 6.96875 6.2578125 5.734375 4.1171875 37.2421875
20241125090000 63064.0 41.916672 -69.75 13.296875 292.7421875 0.5625 1.7734375 -999.9 1.8359375 6.21875 6.140625 5.2109375 4.6015625 4.171875 319.859375 31.03125 1.71875 6.21875 6.0390625 4.96875 4.4375 4.0390625 314.7890625 26.15625 0.640625 7.5234375 7.2421875 6.9453125 6.25 5.734375 3.8203125 35.90625
20241125100000 63064.0 41.916672 -69.75 13.3359375 291.4453125 0.5625 1.7734375 -999.9 1.8359375 6.21875 6.1484375 5.203125 4.59375 4.1640625 319.84375 31.1015625 1.703125 6.21875 6.015625 4.9296875 4.40625 4.015625 313.9921875 26.375 0.6796875 6.8359375 6.953125 6.921875 6.296875 5.7890625 1.578125 32.3359375
20241125110000 63064.0 41.916672 -69.75 13.4453125 291.09375 0.5703125 1.7890625 -999.9 1.8359375 6.21875 6.140625 5.1796875 4.578125 4.15625 319.4765625 31.21875 1.703125 6.21875 6.0 4.9140625 4.390625 4.0 313.578125 26.625 0.6796875 6.8359375 6.9296875 6.8828125 6.2734375 5.7734375 1.3671875 31.6484375
20241125120000 63064.0 41.916672 -69.75 13.578125 296.3046875 0.578125 1.8046875 -999.9 1.859375 6.21875 6.125 5.1796875 4.5859375 4.1640625 319.9609375 30.484375 1.78125 6.21875 6.0546875 5.015625 4.484375 4.0859375 316.671875 26.5078125 0.5390625 7.5234375 7.234375 6.96875 6.125 5.5078125 8.4453125 40.609375
20241125130000 63064.0 41.916672 -69.75 13.484375 302.375 0.5703125 1.8046875 -999.9 1.90625 6.21875 6.125 5.2265625 4.6484375 4.2265625 321.90625 29.0703125 1.8515625 6.21875 6.1015625 5.125 4.5859375 4.1796875 319.96875 25.53125 0.453125 7.5234375 7.4140625 7.046875 5.984375 5.2890625 15.078125 48.5625
20241125140000 63064.0 41.916672 -69.75 12.84375 305.8203125 0.5390625 1.7421875 -999.9 1.90625 6.21875 6.1484375 5.28125 4.6953125 4.265625 324.03125 27.953125 1.8515625 6.21875 6.125 5.171875 4.640625 4.2265625 322.0546875 24.5078125 0.4453125 7.5234375 7.4140625 7.109375 6.0234375 5.2734375 15.390625 45.9296875
20241125150000 63064.0 41.916672 -69.75 12.3828125 308.265625 0.5078125 1.6875 -999.9 1.8515625 6.21875 6.140625 5.2734375 4.6875 4.2578125 325.7734375 27.2890625 1.796875 6.21875 6.1171875 5.1640625 4.625 4.2109375 323.609375 23.828125 0.4375 7.5234375 7.4296875 7.109375 6.03125 5.2890625 17.0078125 42.4453125
20241125160000 63064.0 41.916672 -69.75 11.5078125 309.5 0.4609375 1.59375 -999.9 1.7578125 6.21875 6.1015625 5.234375 4.6484375 4.21875 327.375 27.109375 1.6796875 6.21875 6.0625 5.0703125 4.546875 4.1484375 324.03125 23.0390625 0.515625 7.5234375 7.1953125 6.9140625 6.0390625 5.4296875 12.0 35.46875
20241125170000 63064.0 41.916672 -69.75 10.453125 309.4609375 0.40625 1.515625 -999.9 1.625 6.21875 6.0625 5.140625 4.5390625 4.1015625 329.0234375 27.4296875 1.515625 6.21875 5.984375 4.9140625 4.390625 3.9921875 323.9765625 22.5 0.5859375 7.5234375 7.1796875 6.6875 5.875 5.25 7.65625 31.421875
20241125180000 63064.0 41.916672 -69.75 9.5703125 307.3671875 0.359375 1.421875 -999.9 1.46875 6.21875 5.984375 5.0390625 4.4296875 4.0 330.765625 28.0703125 1.2890625 5.65625 5.6796875 4.6328125 4.1328125 3.75 322.0859375 22.0078125 0.7109375 6.8359375 6.7265625 6.3984375 5.8125 5.375 1.2890625 27.109375
20241125190000 63064.0 41.916672 -69.75 8.9375 304.9765625 0.328125 1.3671875 -999.9 1.328125 5.65625 5.78125 4.921875 4.3046875 3.8828125 332.5390625 28.8515625 1.0859375 5.65625 5.453125 4.3359375 3.859375 3.5078125 320.03125 21.78125 0.765625 6.21875 6.3125 6.1015625 5.5859375 5.203125 358.25 25.71875
20241125200000 63064.0 41.916672 -69.75 8.34375 305.125 0.3046875 1.3046875 -999.9 1.2109375 5.65625 5.65625 4.8125 4.1875 3.7734375 334.4921875 29.5078125 0.9296875 5.140625 5.2109375 4.078125 3.6328125 3.3125 319.2421875 21.703125 0.765625 6.21875 6.1328125 5.8984375 5.3984375 5.0234375 357.1484375 26.046875
20241125210000 63064.0 41.916672 -69.75 7.765625 305.0 0.2734375 1.2578125 -999.9 1.109375 5.65625 5.5703125 4.7265625 4.09375 3.6875 336.78125 30.09375 0.7734375 5.140625 4.9296875 3.734375 3.34375 3.0546875 317.3828125 21.8515625 0.7890625 5.65625 5.75 5.6875 5.2421875 4.921875 355.125 26.109375
20241125220000 63064.0 41.916672 -69.75 6.28125 298.4609375 0.2109375 1.125 -999.9 1.0 5.65625 5.421875 4.7109375 4.0703125 3.6640625 340.2734375 30.65625 0.4921875 3.5078125 3.46875 2.96875 2.703125 2.5078125 307.0078125 21.5859375 0.8671875 5.65625 5.421875 5.2734375 4.8671875 4.6015625 349.734375 26.625
20241125230000 63064.0 41.916672 -69.75 5.4609375 294.15625 0.1796875 1.046875 -999.9 0.890625 5.140625 5.265625 4.734375 4.078125 3.6640625 344.546875 30.9921875 0.3359375 2.8984375 2.9453125 2.5546875 2.359375 2.1953125 300.1640625 20.2890625 0.828125 5.140625 5.265625 5.1015625 4.6484375 4.375 350.453125 27.609375
20241126000000 63064.0 41.916672 -69.75 5.2109375 295.0546875 0.1640625 1.015625 -999.9 0.8125 5.140625 5.203125 4.7421875 4.0625 3.640625 348.640625 31.2734375 0.28125 2.8984375 2.7890625 2.4296875 2.2421875 2.1015625 301.5546875 19.90625 0.7578125 5.140625 5.203125 5.0703125 4.578125 4.2890625 353.625 28.328125
20241126010000 63064.0 41.916672 -69.75 5.2265625 306.234375 0.1640625 1.015625 -999.9 0.75 5.140625 5.1328125 4.7265625 4.0078125 3.578125 351.921875 31.59375 0.2890625 2.8984375 2.796875 2.46875 2.2734375 2.1171875 310.8125 19.8828125 0.6953125 5.140625 5.1328125 5.109375 4.609375 4.328125 357.46875 29.0859375
20241126020000 63064.0 41.916672 -69.75 5.609375 311.6953125 0.1796875 1.0546875 -999.9 0.71875 5.140625 5.0234375 4.640625 3.8828125 3.4609375 354.0703125 32.09375 0.328125 2.8984375 2.875 2.59375 2.375 2.2109375 318.8046875 20.0 0.640625 5.140625 5.0234375 5.1640625 4.6484375 4.3671875 1.7421875 29.53125
20241126030000 63064.0 41.916672 -69.75 5.4140625 320.125 0.171875 1.0390625 -999.9 0.6953125 4.671875 4.859375 4.5625 3.796875 3.3828125 356.0625 32.46875 0.328125 2.8984375 2.96875 2.5625 2.359375 2.1953125 323.484375 19.8359375 0.609375 4.671875 4.859375 5.125 4.59375 4.328125 4.0 30.4609375
20241126040000 63064.0 41.916672 -69.75 4.578125 334.171875 0.140625 0.9609375 -999.9 0.6640625 4.671875 4.7734375 4.578125 3.8203125 3.4140625 359.296875 32.53125 0.234375 2.8984375 2.765625 2.265625 2.1015625 1.96875 332.171875 18.28125 0.6171875 4.671875 4.7734375 4.90625 4.3203125 4.03125 2.390625 32.46875
20241126050000 63064.0 41.916672 -69.75 3.3125 339.671875 0.09375 0.84375 -999.9 0.625 4.671875 4.734375 4.6640625 3.90625 3.5078125 3.25 32.4921875 0.0703125 1.984375 0.0 1.6484375 1.546875 1.4609375 336.5859375 9.96875 0.6171875 4.671875 4.734375 4.703125 3.984375 3.6171875 3.3125 32.5
20241126060000 63064.0 41.916672 -69.75 2.421875 343.2109375 0.0703125 0.7578125 -999.9 0.59375 4.671875 4.765625 4.734375 3.9765625 3.578125 7.2578125 32.3515625 0.0 1.0 0.0 1.0 1.0 1.0 180.0 0.0 0.59375 4.671875 4.765625 4.734375 3.9765625 3.578125 7.2578125 32.3515625
20241126070000 63064.0 41.916672 -69.75 1.7265625 1.640625 0.046875 0.6796875 -999.9 0.5703125 5.140625 5.3125 4.8046875 4.0390625 3.640625 11.171875 31.984375 0.0 1.0 0.0 1.0 1.0 1.0 180.0 0.0 0.5703125 5.140625 5.3125 4.8046875 4.0390625 3.640625 11.171875 31.984375
20241126080000 63064.0 41.916672 -69.75 1.171875 46.03125 0.03125 0.609375 -999.9 0.5703125 5.65625 5.3984375 4.875 4.125 3.71875 14.9296875 31.21875 0.0 1.0 0.0 1.0 1.0 1.0 180.0 0.0 0.5703125 5.65625 5.3984375 4.875 4.125 3.71875 14.9296875 31.21875
20241126090000 63064.0 41.916672 -69.75 1.5703125 93.0546875 0.0390625 0.65625 -999.9 0.5703125 5.65625 5.4140625 4.9296875 4.203125 3.8046875 18.2890625 30.171875 0.0 1.0 0.0 1.0 1.0 1.0 180.0 0.0 0.5703125 5.65625 5.4140625 4.9296875 4.203125 3.8046875 18.2890625 30.171875
20241126100000 63064.0 41.916672 -69.75 2.1015625 89.90625 0.0546875 0.71875 -999.9 0.578125 5.65625 5.40625 4.96875 4.2578125 3.8671875 20.8515625 29.2890625 0.0 1.0 0.0 1.0 1.0 1.0 180.0 0.0 0.578125 5.65625 5.40625 4.96875 4.2578125 3.8671875 20.8515625 29.2890625
20241126110000 63064.0 41.916672 -69.75 3.4921875 113.703125 0.1015625 0.8359375 -999.9 0.5703125 5.140625 5.34375 4.984375 4.28125 3.8984375 22.609375 28.9453125 0.0 1.984375 0.0 1.6484375 1.546875 1.4609375 97.796875 7.7109375 0.5703125 5.140625 5.34375 4.984375 4.28125 3.8984375 22.609375 28.9453125
20241126120000 63064.0 41.916672 -69.75 4.3359375 132.3359375 0.1328125 0.90625 -999.9 0.5546875 5.140625 5.203125 4.9921875 4.2890625 3.90625 23.84375 29.2265625 0.0078125 1.984375 0.0 1.734375 1.6171875 1.5234375 111.4921875 23.2109375 0.5546875 5.140625 5.203125 4.9921875 4.2890625 3.90625 23.8359375 29.21875
20241126130000 63064.0 41.916672 -69.75 5.0078125 144.5703125 0.15625 0.953125 -999.9 0.5390625 5.140625 5.1015625 5.0078125 4.28125 3.90625 24.9140625 29.9765625 0.015625 2.1796875 2.203125 1.953125 1.8046875 1.6953125 168.0234375 26.6875 0.5390625 5.140625 5.1015625 5.0078125 4.2890625 3.9140625 24.890625 29.8828125
20241126140000 63064.0 41.916672 -69.75 5.9453125 148.9375 0.1875 1.015625 -999.9 0.515625 5.140625 4.9921875 5.0234375 4.265625 3.8671875 26.21875 31.125 0.0390625 1.984375 0.0 2.0859375 1.890625 1.75 170.7578125 24.7421875 0.515625 5.140625 4.9921875 5.046875 4.296875 3.921875 26.09375 30.53125
20241126150000 63064.0 41.916672 -69.75 7.1875 150.9296875 0.2421875 1.1171875 -999.9 0.5 5.140625 4.8984375 4.921875 3.9765625 3.46875 28.59375 34.3359375 0.1171875 1.984375 0.0 1.890625 1.7109375 1.59375 162.7109375 23.7578125 0.484375 5.140625 4.8984375 5.1015625 4.3125 3.9296875 27.609375 31.078125
20241126160000 63064.0 41.916672 -69.75 7.7421875 153.5703125 0.2734375 1.21875 -999.9 0.6640625 2.8984375 2.8828125 3.890625 3.1640625 2.875 95.2578125 63.71875 0.46875 2.8984375 2.859375 2.65625 2.4921875 2.359375 155.1640625 27.8203125 0.4609375 4.671875 4.8515625 5.171875 4.3984375 4.0703125 29.953125 38.1171875
20241126170000 63064.0 41.916672 -69.75 6.734375 159.1484375 0.2265625 1.1484375 -999.9 0.6640625 3.1875 3.25 3.921875 3.25 2.953125 113.9609375 62.15625 0.484375 3.1875 3.1796875 2.875 2.6640625 2.5 159.4296875 23.9453125 0.453125 4.671875 4.78125 5.1484375 4.3515625 4.0390625 38.046875 44.0390625
20241126180000 63064.0 41.916672 -69.75 6.65625 151.6796875 0.2265625 1.1484375 -999.9 0.65625 3.5078125 3.421875 3.9296875 3.2421875 2.9453125 123.0546875 60.234375 0.4921875 3.1875 3.3046875 2.9296875 2.6953125 2.515625 157.2578125 23.3515625 0.4296875 4.671875 4.578125 5.2265625 4.3984375 4.1015625 41.3046875 50.984375
20241126190000 63064.0 41.916672 -69.75 7.8984375 146.21875 0.28125 1.2578125 -999.9 0.6796875 3.5078125 3.4609375 3.828125 3.1796875 2.890625 134.1015625 55.7578125 0.5546875 3.5078125 3.3984375 2.9921875 2.7578125 2.5703125 155.6953125 25.21875 0.390625 4.671875 4.4765625 5.4921875 4.5625 4.2421875 40.1953125 51.015625
20241126200000 63064.0 41.916672 -69.75 9.1875 147.8984375 0.34375 1.375 -999.9 0.78125 3.5078125 3.6015625 3.7265625 3.171875 2.8984375 144.5078125 48.2578125 0.6953125 3.5078125 3.546875 3.171875 2.9140625 2.703125 156.9140625 26.265625 0.359375 4.671875 4.6171875 5.828125 4.7734375 4.4296875 41.6953125 45.265625
20241126210000 63064.0 41.916672 -69.75 8.6953125 159.2734375 0.3203125 1.34375 -999.9 0.859375 3.859375 3.8515625 3.8125 3.296875 3.0234375 151.1015625 43.1796875 0.78125 3.859375 3.8203125 3.3984375 3.109375 2.8828125 160.078125 25.6328125 0.34375 4.671875 4.6328125 5.9140625 4.703125 4.28125 51.5703125 45.6484375
20241126220000 63064.0 41.916672 -69.75 6.671875 187.203125 0.2265625 1.1640625 -999.9 0.828125 4.25 4.1015625 3.9609375 3.4140625 3.125 155.21875 43.046875 0.6328125 4.25 4.0703125 3.4140625 3.1015625 2.8515625 177.1171875 18.0859375 0.53125 4.25 4.2265625 4.734375 3.9765625 3.6640625 112.1015625 45.390625
20241126230000 63064.0 41.916672 -69.75 9.0546875 274.9296875 0.3203125 1.2265625 -999.9 0.7578125 4.25 4.15625 4.0625 3.4375 3.125 155.7578125 45.328125 0.2109375 2.3984375 2.421875 2.2109375 2.0234375 1.8828125 228.15625 15.6171875 0.7265625 4.25 4.15625 4.21875 3.65625 3.3984375 151.375 43.4375
20241127000000 63064.0 41.916672 -69.75 12.2265625 303.734375 0.4765625 1.5078125 -999.9 0.796875 4.25 4.1640625 3.765625 3.125 2.8515625 182.3828125 64.9609375 0.4609375 2.640625 2.640625 2.46875 2.3203125 2.1953125 284.40625 26.703125 0.6484375 4.25 4.1640625 4.40625 3.78125 3.5234375 149.9140625 44.2734375
20241127010000 63064.0 41.916672 -69.75 11.03125 306.7890625 0.4296875 1.5390625 -999.9 0.9296875 3.5078125 3.578125 3.7109375 3.2109375 2.9609375 283.296875 66.4765625 0.7421875 3.5078125 3.4609375 3.09375 2.859375 2.65625 301.984375 26.0234375 0.5625 4.25 4.1640625 4.8046875 4.109375 3.90625 145.2734375 45.0078125
20241127020000 63064.0 41.916672 -69.75 10.5546875 302.953125 0.4140625 1.5234375 -999.9 1.015625 3.859375 3.9375 3.8515625 3.359375 3.1015625 304.4921875 55.875 0.890625 3.859375 3.859375 3.4296875 3.140625 2.9140625 307.78125 25.7265625 0.4921875 4.25 4.21875 5.2265625 4.375 4.1640625 138.6953125 47.7578125
20241127030000 63064.0 41.916672 -69.75 10.234375 300.1875 0.390625 1.484375 -999.9 1.046875 4.25 4.1953125 3.9921875 3.484375 3.203125 312.3125 49.4609375 0.9453125 4.25 4.1640625 3.6328125 3.3125 3.0625 311.59375 24.828125 0.453125 4.25 4.3515625 5.6015625 4.5390625 4.2421875 127.296875 54.5703125
20241127040000 63064.0 41.916672 -69.75 10.390625 297.4140625 0.3984375 1.4921875 -999.9 1.078125 4.25 4.328125 4.1015625 3.5703125 3.2734375 315.5078125 45.421875 0.984375 4.25 4.2890625 3.7421875 3.40625 3.140625 313.140625 24.4453125 0.4375 4.671875 4.65625 5.9296875 4.7578125 4.4140625 110.3359375 61.4765625
20241127050000 63064.0 41.916672 -69.75 10.703125 297.4296875 0.4140625 1.515625 -999.9 1.125 4.671875 4.53125 4.203125 3.65625 3.3515625 316.234375 42.2734375 1.046875 4.671875 4.5 3.859375 3.5078125 3.2265625 313.765625 24.3828125 0.4296875 5.140625 4.9609375 6.2265625 4.9375 4.5390625 99.90625 63.9921875
20241127060000 63064.0 41.916672 -69.75 10.515625 298.59375 0.40625 1.5 -999.9 1.1640625 4.671875 4.625 4.3125 3.75 3.421875 316.7578125 40.0703125 1.0859375 4.671875 4.6015625 3.9765625 3.6015625 3.3125 314.3828125 24.2109375 0.421875 5.140625 5.140625 6.5390625 5.109375 4.640625 91.5625 65.6640625
20241127070000 63064.0 41.916672 -69.75 10.1640625 298.84375 0.390625 1.46875 -999.9 1.171875 4.671875 4.7109375 4.3984375 3.8046875 3.46875 317.8828125 38.8359375 1.078125 4.671875 4.6640625 4.015625 3.6328125 3.3359375 314.3984375 23.546875 0.453125 5.65625 5.578125 6.6015625 5.25 4.734375 54.0859375 67.1484375
20241127080000 63064.0 41.916672 -69.75 9.828125 297.515625 0.375 1.4375 -999.9 1.1484375 4.671875 4.7890625 4.453125 3.8203125 3.46875 318.7734375 38.484375 1.046875 4.671875 4.7265625 4.0234375 3.625 3.3203125 314.3515625 23.21875 0.4609375 5.65625 5.7578125 6.6640625 5.3046875 4.7890625 36.796875 64.8515625
20241127090000 63064.0 41.916672 -69.75 9.625 296.65625 0.359375 1.421875 -999.9 1.109375 4.671875 4.7890625 4.46875 3.8046875 3.4453125 319.203125 38.875 1.0 4.671875 4.6796875 3.9609375 3.5703125 3.2734375 313.609375 23.1875 0.484375 5.65625 5.609375 6.6484375 5.3046875 4.75 25.2578125 62.21875
20241127100000 63064.0 41.916672 -69.75 9.0625 296.1875 0.3359375 1.375 -999.9 1.0703125 4.671875 4.765625 4.5 3.7890625 3.4296875 320.015625 40.25 0.9296875 4.671875 4.6171875 3.859375 3.4765625 3.1875 312.4375 23.1328125 0.5234375 5.65625 5.5546875 6.53125 5.3125 4.8125 13.5234375 59.5546875
20241127110000 63064.0 41.916672 -69.75 7.8359375 287.9453125 0.28125 1.265625 -999.9 0.9765625 4.671875 4.7890625 4.59375 3.7890625 3.40625 321.2578125 43.9140625 0.7265625 4.25 4.21875 3.4921875 3.1484375 2.8984375 304.4140625 22.9375 0.6640625 5.140625 5.203125 5.9140625 5.015625 4.640625 351.53125 51.7578125
20241127120000 63064.0 41.916672 -69.75 7.6328125 278.984375 0.265625 1.2421875 -999.9 0.8984375 4.671875 4.828125 4.703125 3.7734375 3.359375 320.7890625 49.0078125 0.5703125 3.5078125 3.4921875 3.1328125 2.8359375 2.6171875 294.75 23.421875 0.6953125 5.140625 5.046875 5.765625 4.8671875 4.5 346.53125 52.890625
20241127130000 63064.0 41.916672 -69.75 7.640625 272.125 0.265625 1.234375 -999.9 0.84375 4.671875 4.78125 4.7890625 3.7421875 3.3203125 317.8671875 54.0625 0.515625 3.1875 3.265625 2.9609375 2.703125 2.5078125 288.59375 24.1875 0.6640625 5.140625 4.9296875 5.8828125 4.875 4.4765625 347.2890625 57.9375
20241127140000 63064.0 41.916672 -69.75 7.984375 265.640625 0.28125 1.2578125 -999.9 0.8046875 4.671875 4.671875 4.828125 3.6953125 3.265625 312.0234375 58.171875 0.4921875 3.1875 3.125 2.8515625 2.6171875 2.4375 281.984375 25.0 0.640625 4.671875 4.734375 6.015625 4.9140625 4.4921875 348.4453125 62.5
20241127150000 63064.0 41.916672 -69.75 8.421875 261.6171875 0.3046875 1.2890625 -999.9 0.796875 4.671875 4.53125 4.8046875 3.625 3.1953125 302.2734375 60.7265625 0.515625 3.1875 3.15625 2.84375 2.6171875 2.4375 276.53125 26.953125 0.609375 4.671875 4.6015625 6.21875 5.015625 4.59375 352.203125 66.734375
20241127160000 63064.0 41.916672 -69.75 8.2734375 263.3203125 0.296875 1.2890625 -999.9 0.7890625 4.25 4.15625 4.78125 3.5859375 3.1640625 291.4921875 61.9453125 0.5390625 3.1875 3.203125 2.8828125 2.65625 2.4765625 272.4609375 29.1328125 0.578125 4.671875 4.5 6.4375 5.1640625 4.7265625 357.5078125 70.5546875
20241127170000 63064.0 41.916672 -69.75 8.0859375 268.40625 0.2890625 1.265625 -999.9 0.7734375 3.5078125 3.4296875 4.8046875 3.578125 3.1640625 285.8046875 62.5703125 0.5546875 3.1875 3.2109375 2.9453125 2.7109375 2.53125 275.4765625 30.4140625 0.546875 4.671875 4.4765625 6.71875 5.3359375 4.875 17.0703125 75.0546875
20241127180000 63064.0 41.916672 -69.75 7.5546875 273.796875 0.265625 1.21875 -999.9 0.75 3.5078125 3.59375 4.890625 3.6015625 3.171875 287.9765625 63.1171875 0.53125 3.1875 3.1875 2.9375 2.703125 2.5234375 281.640625 29.1796875 0.5234375 4.25 4.390625 6.8671875 5.40625 4.90625 38.78125 77.1796875
20241127190000 63064.0 41.916672 -69.75 6.9140625 276.6953125 0.234375 1.171875 -999.9 0.7109375 3.859375 3.75 5.03125 3.640625 3.1796875 294.0390625 63.8984375 0.484375 3.1875 3.2109375 2.8671875 2.640625 2.4609375 286.015625 26.921875 0.5234375 4.25 4.28125 6.875 5.375 4.859375 25.234375 77.1328125
20241127200000 63064.0 41.916672 -69.75 6.5859375 277.9375 0.21875 1.140625 -999.9 0.6796875 3.859375 3.75 5.171875 3.671875 3.1875 299.84375 64.7578125 0.4375 2.8984375 3.03125 2.796875 2.5703125 2.3984375 287.96875 25.0703125 0.515625 14.6640625 15.0 6.90625 5.3515625 4.8203125 17.4453125 75.9296875
20241127210000 63064.0 41.916672 -69.75 6.2109375 280.3828125 0.203125 1.109375 -999.9 0.6484375 14.6640625 14.8359375 5.3125 3.7265625 3.2109375 305.78125 65.65625 0.40625 2.8984375 3.015625 2.7265625 2.5078125 2.34375 290.1171875 24.15625 0.5078125 14.6640625 14.8359375 6.9375 5.34375 4.78125 14.15625 74.96875
20241127220000 63064.0 41.916672 -69.75 5.6328125 290.046875 0.1796875 1.0546875 -999.9 0.6171875 14.6640625 14.7265625 5.5 3.8125 3.265625 314.3359375 66.7890625 0.3515625 2.8984375 2.9765625 2.625 2.4296875 2.265625 294.40625 22.3515625 0.5078125 14.6640625 14.7265625 6.8671875 5.234375 4.65625 6.21875 74.203125
20241127230000 63064.0 41.916672 -69.75 5.21875 292.1015625 0.1640625 1.015625 -999.9 0.59375 14.6640625 14.6484375 5.71875 3.921875 3.328125 324.40625 68.140625 0.296875 2.8984375 2.875 2.5 2.3125 2.1640625 296.265625 21.484375 0.5078125 14.6640625 14.6484375 6.8203125 5.1640625 4.5703125 5.0390625 72.921875
20241128000000 63064.0 41.916672 -69.75 4.6015625 294.28125 0.140625 0.9609375 -999.9 0.5625 14.6640625 14.5859375 5.9609375 4.0703125 3.4296875 336.28125 69.5078125 0.21875 2.640625 2.609375 2.25 2.0859375 1.9609375 295.9921875 19.5859375 0.515625 14.6640625 14.5859375 6.6171875 4.90625 4.3125 357.6328125 71.578125
20241128010000 63064.0 41.916672 -69.75 4.0703125 293.5859375 0.125 0.9140625 -999.9 0.5390625 14.6640625 14.53125 6.21875 4.2421875 3.546875 350.765625 70.5859375 0.1484375 2.3984375 2.3046875 1.9609375 1.828125 1.71875 295.2578125 17.0859375 0.515625 14.6640625 14.53125 6.5625 4.7578125 4.1328125 359.6875 71.0859375
20241128020000 63064.0 41.916672 -69.75 2.875 287.9296875 0.078125 0.8046875 -999.9 0.5078125 14.6640625 14.4765625 6.5 4.4609375 3.7109375 8.5546875 71.1875 0.0 1.0 0.0 1.0 1.0 1.0 180.0 0.0 0.5078125 14.6640625 14.4765625 6.5 4.4609375 3.7109375 8.5546875 71.1875
20241128030000 63064.0 41.916672 -69.75 2.28125 264.515625 0.0625 0.734375 -999.9 0.484375 14.6640625 14.4296875 6.796875 4.671875 3.859375 28.5390625 71.0234375 0.0 1.0 0.0 1.0 1.0 1.0 180.0 0.0 0.484375 14.6640625 14.4296875 6.796875 4.671875 3.859375 28.5390625 71.0234375
20241128040000 63064.0 41.916672 -69.75 2.125 234.3203125 0.0546875 0.71875 -999.9 0.4609375 14.6640625 14.3828125 7.078125 4.875 4.0078125 46.828125 69.9609375 0.0 1.0 0.0 1.0 1.0 1.0 180.0 0.0 0.4609375 14.6640625 14.3828125 7.078125 4.875 4.0078125 46.828125 69.9609375
20241128050000 63064.0 41.916672 -69.75 2.734375 212.828125 0.078125 0.7734375 -999.9 0.4375 14.6640625 14.34375 7.34375 5.0625 4.1484375 60.8359375 68.140625 0.0 1.0 0.0 1.0 1.0 1.0 180.0 0.0 0.4375 14.6640625 14.34375 7.34375 5.0625 4.1484375 60.8359375 68.140625
20241128060000 63064.0 41.916672 -69.75 2.9140625 215.375 0.078125 0.7890625 -999.9 0.421875 14.6640625 14.3046875 7.609375 5.25 4.2890625 70.3671875 65.671875 0.0 1.0 0.0 1.0 1.0 1.0 180.0 0.0 0.421875 14.6640625 14.3046875 7.609375 5.25 4.2890625 70.3671875 65.671875
20241128070000 63064.0 41.916672 -69.75 2.6171875 208.3984375 0.0703125 0.765625 -999.9 0.3984375 14.6640625 14.2734375 7.875 5.453125 4.4296875 76.6640625 62.8359375 0.0 1.0 0.0 1.0 1.0 1.0 180.0 0.0 0.3984375 14.6640625 14.2734375 7.875 5.453125 4.4296875 76.6640625 62.8359375
20241128080000 63064.0 41.916672 -69.75 3.0234375 203.0078125 0.0859375 0.796875 -999.9 0.390625 11.015625 11.1171875 8.125 5.65625 4.578125 81.0625 59.9296875 0.0 1.0 0.0 1.0 1.0 1.0 180.0 0.0 0.390625 11.015625 11.1171875 8.125 5.65625 4.578125 81.0625 59.9296875
20241128090000 63064.0 41.916672 -69.75 3.1796875 167.3203125 0.09375 0.8125 -999.9 0.375 11.015625 11.1171875 8.359375 5.8671875 4.734375 84.2109375 57.1328125 0.0 1.0 0.0 1.0 1.0 1.0 180.0 0.0 0.375 11.015625 11.1171875 8.359375 5.8671875 4.734375 84.2109375 57.1328125
20241128100000 63064.0 41.916672 -69.75 3.5078125 142.984375 0.1015625 0.8359375 -999.9 0.3671875 11.015625 11.125 8.5703125 6.078125 4.890625 86.4765625 54.515625 0.0078125 1.984375 0.0 1.65625 1.5546875 1.4609375 161.9609375 8.4921875 0.3671875 11.015625 11.125 8.5703125 6.0859375 4.8984375 86.4765625 54.515625
20241128110000 63064.0 41.916672 -69.75 5.5859375 138.109375 0.1796875 0.9921875 -999.9 0.359375 11.015625 11.140625 8.765625 6.28125 5.03125 88.40625 51.953125 0.0390625 3.1875 3.0625 2.53125 2.328125 2.171875 168.5859375 12.828125 0.3515625 11.015625 11.140625 8.859375 6.4375 5.203125 87.2890625 51.625
20241128120000 63064.0 41.916672 -69.75 6.953125 139.421875 0.2265625 1.0859375 -999.9 0.3515625 11.015625 11.171875 8.703125 5.8984375 4.484375 91.34375 49.6640625 0.109375 3.859375 3.9140625 2.8125 2.3828125 2.125 164.265625 16.6484375 0.3359375 11.015625 11.171875 9.3203125 6.9921875 5.625 85.078125 47.59375
20241128130000 63064.0 41.916672 -69.75 9.1015625 133.1875 0.3359375 1.375 -999.9 0.5390625 11.015625 11.1953125 5.09375 2.9765625 2.5078125 127.4140625 44.625 0.4296875 2.640625 2.5703125 2.484375 2.234375 2.078125 149.34375 24.296875 0.3203125 11.015625 11.1953125 9.6640625 7.1953125 5.7109375 84.125 45.8828125
20241128140000 63064.0 41.916672 -69.75 9.015625 128.5234375 0.328125 1.3203125 -999.9 0.640625 3.1875 3.1328125 4.640625 3.2109375 2.828125 131.0078125 38.203125 0.546875 3.1875 3.125 2.8984375 2.6796875 2.5078125 140.703125 25.5625 0.328125 11.015625 11.2265625 9.34375 6.8671875 5.5078125 94.90625 49.3203125
20241128150000 63064.0 41.916672 -69.75 9.7578125 120.140625 0.3671875 1.421875 -999.9 0.7734375 3.5078125 3.484375 4.2890625 3.234375 2.890625 128.3359375 34.1015625 0.6953125 3.5078125 3.4765625 3.140625 2.875 2.671875 132.4921875 26.0859375 0.34375 11.015625 11.2421875 9.0625 6.6015625 5.3671875 104.25 50.90625
20241128160000 63064.0 41.916672 -69.75 11.4140625 122.7265625 0.453125 1.59375 -999.9 0.984375 3.859375 3.890625 4.1484375 3.3984375 3.078125 125.8046875 31.5390625 0.9375 3.859375 3.8828125 3.4921875 3.1875 2.953125 128.6875 27.6796875 0.3203125 11.015625 11.2578125 9.7421875 7.5 6.1328125 94.171875 45.921875
20241128170000 63064.0 41.916672 -69.75 11.6015625 115.84375 0.4609375 1.6015625 -999.9 1.1953125 4.25 4.3828125 4.3125 3.6953125 3.375 122.609375 30.765625 1.140625 4.25 4.375 3.875 3.546875 3.28125 123.203125 27.5703125 0.359375 11.015625 11.2578125 8.7265625 6.4765625 5.375 113.71875 52.2890625
20241128180000 63064.0 41.916672 -69.75 12.171875 108.421875 0.4921875 1.6640625 -999.9 1.3984375 4.671875 4.7890625 4.5390625 3.9765625 3.6328125 117.578125 30.3125 1.34375 4.671875 4.7734375 4.2421875 3.859375 3.5625 116.2578125 27.2578125 0.3984375 11.015625 11.265625 7.8125 5.875 5.0546875 139.078125 50.5390625
20241128190000 63064.0 41.916672 -69.75 11.3671875 117.2734375 0.453125 1.59375 -999.9 1.578125 5.140625 5.1875 4.828125 4.28125 3.9140625 116.6796875 30.3125 1.515625 5.140625 5.1640625 4.59375 4.1796875 3.8515625 117.484375 27.4765625 0.4296875 5.65625 5.75 7.78125 5.96875 5.0546875 101.3515625 52.84375
20241128200000 63064.0 41.916672 -69.75 9.578125 149.4375 0.359375 1.421875 -999.9 1.6875 5.65625 5.625 5.1484375 4.578125 4.1796875 123.828125 32.671875 1.421875 5.65625 5.5546875 4.8046875 4.34375 3.9765625 139.3515625 23.15625 0.9140625 6.21875 5.9921875 5.9765625 5.2734375 4.859375 84.7734375 21.0390625
20241128210000 63064.0 41.916672 -69.75 9.390625 205.0078125 0.34375 1.3671875 -999.9 1.7578125 6.21875 6.0390625 5.4140625 4.8203125 4.3984375 131.6640625 36.46875 0.8671875 5.140625 5.3203125 4.1328125 3.625 3.2734375 176.8671875 16.765625 1.53125 6.21875 6.0703125 5.8203125 5.390625 5.0859375 117.75 30.296875
20241128220000 63064.0 41.916672 -69.75 11.71875 218.65625 0.4609375 1.5546875 -999.9 1.8359375 6.21875 6.2265625 5.5390625 4.8984375 4.4375 138.671875 40.3046875 1.015625 6.21875 5.9453125 4.234375 3.7109375 3.3671875 187.0078125 21.3828125 1.5234375 6.21875 6.28125 6.125 5.703125 5.4140625 118.53125 30.0390625
20241128230000 63064.0 41.916672 -69.75 11.609375 223.5078125 0.4609375 1.578125 -999.9 1.890625 6.21875 6.4921875 5.6484375 4.9765625 4.5 144.5859375 43.1015625 1.0625 4.671875 4.4921875 4.0703125 3.6171875 3.3046875 197.4296875 24.7421875 1.5625 6.8359375 6.578125 6.375 6.0078125 5.7734375 122.6640625 31.015625
20241129000000 63064.0 41.916672 -69.75 11.8203125 230.3203125 0.46875 1.59375 -999.9 1.890625 6.8359375 6.6640625 5.7265625 5.015625 4.5234375 147.1796875 44.6171875 1.0234375 4.25 4.234375 3.8671875 3.4765625 3.1953125 205.59375 26.2421875 1.5859375 6.8359375 6.6796875 6.5 6.15625 5.9296875 126.1640625 32.0703125
20241129010000 63064.0 41.916672 -69.75 11.765625 247.84375 0.46875 1.578125 -999.9 1.859375 6.8359375 6.71875 5.7109375 4.96875 4.46875 151.3203125 49.3046875 0.9453125 3.859375 3.828125 3.5625 3.25 3.015625 228.3203125 30.5703125 1.6015625 6.8359375 6.71875 6.4609375 6.09375 5.859375 131.6171875 34.1015625
20241129020000 63064.0 41.916672 -69.75 12.5 285.7421875 0.5 1.578125 -999.9 1.8046875 6.8359375 6.75 5.671875 4.9375 4.46875 155.296875 58.0546875 0.875 3.859375 3.828125 3.4609375 3.21875 3.0078125 272.2578125 27.6640625 1.578125 6.8359375 6.75 6.3515625 5.9140625 5.6328125 138.09375 37.7890625
20241129030000 63064.0 41.916672 -69.75 13.84375 302.3359375 0.5859375 1.796875 -999.9 1.84375 6.8359375 6.78125 5.4609375 4.7265625 4.265625 171.7421875 72.1484375 1.140625 4.25 4.234375 3.7890625 3.4765625 3.234375 296.84375 26.078125 1.4453125 6.8359375 6.78125 6.5078125 6.0859375 5.8359375 137.25 38.1796875
20241129040000 63064.0 41.916672 -69.75 13.5234375 300.5546875 0.578125 1.8046875 -999.9 1.9140625 6.8359375 6.7734375 5.3671875 4.6796875 4.2421875 296.578125 76.828125 1.3984375 4.671875 4.734375 4.171875 3.8046875 3.515625 310.859375 27.3359375 1.3046875 6.8359375 6.8359375 6.7265625 6.3359375 6.125 134.734375 38.2890625
20241129050000 63064.0 41.916672 -69.75 13.8125 300.4296875 0.5859375 1.8203125 -999.9 1.9453125 5.140625 5.1953125 5.375 4.7109375 4.2734375 317.3046875 69.859375 1.5390625 5.140625 5.09375 4.4296875 4.0234375 3.703125 314.515625 26.5390625 1.203125 6.8359375 6.9296875 6.921875 6.53125 6.3046875 132.078125 39.6171875
20241129060000 63064.0 41.916672 -69.75 13.53125 301.7578125 0.5703125 1.765625 -999.9 2.078125 6.21875 6.0 5.5625 4.9296875 4.4921875 322.875 61.0546875 1.75 5.65625 5.6875 4.921875 4.4453125 4.0859375 318.4296875 24.625 1.1171875 7.5234375 7.1953125 7.125 6.71875 6.4609375 129.3515625 42.734375
20241129070000 63064.0 41.916672 -69.75 12.625 296.328125 0.515625 1.671875 -999.9 2.1484375 6.21875 6.4453125 5.8125 5.15625 4.6796875 327.9375 55.796875 1.7734375 6.21875 6.171875 5.1640625 4.640625 4.234375 319.25 23.765625 1.203125 7.5234375 7.421875 7.234375 6.8046875 6.4921875 102.0859375 61.953125
20241129080000 63064.0 41.916672 -69.75 12.2578125 291.53125 0.4921875 1.6328125 -999.9 2.1015625 6.8359375 6.7265625 5.9296875 5.21875 4.71875 332.7734375 54.484375 1.578125 6.21875 6.1015625 4.9453125 4.421875 4.0390625 316.0390625 24.5625 1.390625 7.5234375 7.1875 7.1875 6.796875 6.5 39.46875 64.8671875
20241129090000 63064.0 41.916672 -69.75 11.609375 294.40625 0.4609375 1.6015625 -999.9 2.0625 6.8359375 6.8125 5.984375 5.234375 4.703125 336.3828125 53.8046875 1.4765625 6.21875 6.046875 4.8046875 4.2734375 3.8828125 315.328125 25.4453125 1.4375 7.5234375 7.1875 7.2421875 6.890625 6.6328125 27.9609375 61.2421875
20241129100000 63064.0 41.916672 -69.75 11.5234375 302.9375 0.4609375 1.5859375 -999.9 2.0234375 6.8359375 6.84375 6.015625 5.234375 4.6953125 338.8359375 52.984375 1.5546875 6.21875 6.1796875 4.984375 4.421875 4.015625 321.609375 25.3671875 1.296875 7.5234375 7.4296875 7.484375 7.0859375 6.78125 44.5078125 62.2734375
20241129110000 63064.0 41.916672 -69.75 10.671875 301.1015625 0.421875 1.5390625 -999.9 1.9609375 6.8359375 6.84375 6.0234375 5.2109375 4.6484375 340.765625 53.0078125 1.375 6.21875 5.984375 4.6796875 4.1484375 3.765625 317.375 24.171875 1.390625 7.5234375 7.171875 7.328125 6.9453125 6.6484375 27.6953125 58.9765625
20241129120000 63064.0 41.916672 -69.75 10.234375 295.4375 0.3984375 1.4921875 -999.9 1.8515625 6.8359375 6.8203125 6.015625 5.171875 4.59375 342.203125 54.4140625 1.2265625 5.65625 5.890625 4.4609375 3.9609375 3.59375 313.8671875 23.96875 1.390625 6.8359375 7.015625 7.21875 6.78125 6.453125 24.4375 58.21875
20241129130000 63064.0 41.916672 -69.75 10.0 286.0703125 0.3828125 1.4609375 -999.9 1.7421875 6.8359375 6.765625 5.984375 5.09375 4.5078125 343.140625 56.609375 1.03125 5.65625 5.53125 4.078125 3.6171875 3.296875 305.6875 24.0546875 1.40625 6.8359375 6.8515625 7.015625 6.5390625 6.203125 18.640625 57.640625
20241129140000 63064.0 41.916672 -69.75 9.921875 278.515625 0.375 1.453125 -999.9 1.640625 6.8359375 6.6875 5.953125 5.015625 4.421875 343.71875 59.0234375 0.921875 4.25 4.1796875 3.8203125 3.40625 3.109375 299.4765625 25.1484375 1.359375 6.8359375 6.7421875 6.9453125 6.4296875 6.09375 19.0703125 58.4609375
20241129150000 63064.0 41.916672 -69.75 9.7265625 274.78125 0.3671875 1.4296875 -999.9 1.5546875 6.8359375 6.578125 5.9296875 4.9453125 4.34375 343.8359375 61.328125 0.8515625 3.859375 3.8515625 3.6171875 3.2421875 2.9765625 293.8203125 26.5 1.3046875 6.8359375 6.609375 6.9140625 6.3671875 6.03125 20.375 59.609375
20241129160000 63064.0 41.916672 -69.75 9.328125 273.375 0.3515625 1.3984375 -999.9 1.46875 6.21875 6.40625 5.9140625 4.8828125 4.28125 344.0859375 63.6328125 0.7890625 3.859375 3.7421875 3.4609375 3.1171875 2.875 289.7265625 27.6171875 1.2421875 6.21875 6.4140625 6.9140625 6.3359375 6.0 23.1640625 61.1875
20241129170000 63064.0 41.916672 -69.75 8.8359375 269.9140625 0.328125 1.3515625 -999.9 1.3828125 6.21875 6.3046875 5.921875 4.84375 4.2265625 345.328125 66.03125 0.71875 3.5078125 3.5625 3.3046875 3.0 2.7734375 284.96875 28.0625 1.1796875 6.21875 6.3046875 6.890625 6.265625 5.9140625 26.171875 62.8125
20241129180000 63064.0 41.916672 -69.75 8.8125 262.8515625 0.3203125 1.34375 -999.9 1.3046875 6.21875 6.2421875 5.921875 4.78125 4.15625 346.046875 68.7109375 0.65625 3.5078125 3.4609375 3.1328125 2.8671875 2.6640625 277.0 28.3984375 1.125 6.21875 6.2421875 6.859375 6.171875 5.7890625 29.0859375 64.28125
20241129190000 63064.0 41.916672 -69.75 9.171875 257.875 0.3359375 1.3671875 -999.9 1.234375 6.21875 6.2734375 5.8515625 4.6640625 4.0390625 341.28125 71.625 0.6484375 3.5078125 3.40625 3.0859375 2.828125 2.6328125 270.2734375 29.2109375 1.0546875 6.21875 6.2734375 6.890625 6.1484375 5.7578125 36.2109375 65.71875
20241129200000 63064.0 41.916672 -69.75 9.2734375 259.3359375 0.34375 1.3828125 -999.9 1.1875 6.21875 6.453125 5.734375 4.5078125 3.90625 325.2421875 74.2265625 0.671875 3.5078125 3.453125 3.109375 2.859375 2.65625 267.828125 31.1328125 0.9765625 6.21875 6.453125 6.984375 6.2265625 5.84375 49.5546875 67.109375
20241129210000 63064.0 41.916672 -69.75 8.9296875 263.125 0.328125 1.359375 -999.9 1.140625 10.015625 9.6328125 5.6484375 4.3984375 3.8125 302.5390625 75.5390625 0.671875 3.5078125 3.46875 3.1171875 2.8671875 2.6640625 268.140625 31.609375 0.9140625 10.015625 9.6328125 7.03125 6.21875 5.8125 65.046875 68.65625
20241129220000 63064.0 41.916672 -69.75 7.9765625 271.078125 0.28125 1.2734375 -999.9 1.0625 9.1015625 9.53125 5.703125 4.40625 3.8046875 293.375 76.6875 0.6171875 3.5078125 3.4296875 3.078125 2.8203125 2.625 275.453125 29.625 0.8671875 9.1015625 9.53125 7.0234375 6.125 5.6796875 84.8671875 69.96875
20241129230000 63064.0 41.916672 -69.75 7.4140625 273.1875 0.2578125 1.21875 -999.9 0.9921875 9.1015625 9.4140625 5.8203125 4.4453125 3.8125 288.7265625 78.1953125 0.5546875 3.1875 3.3046875 3.015625 2.7734375 2.578125 280.53125 27.8828125 0.8203125 9.1015625 9.4140625 7.1015625 6.140625 5.6484375 97.5859375 69.296875
20241130000000 63064.0 41.916672 -69.75 6.109375 261.4765625 0.203125 1.1015625 -999.9 0.90625 9.1015625 9.3515625 6.0703125 4.6015625 3.9140625 178.8046875 80.1953125 0.40625 3.1875 3.109375 2.6953125 2.4921875 2.328125 267.5703125 23.8203125 0.8125 9.1015625 9.3515625 6.90625 5.8125 5.2734375 94.875 72.7109375
20241130010000 63064.0 41.916672 -69.75 5.890625 245.1171875 0.1953125 1.0703125 -999.9 0.828125 9.1015625 9.296875 6.3828125 4.796875 4.03125 136.6171875 75.9140625 0.3125 2.8984375 2.859375 2.515625 2.3359375 2.1953125 253.9609375 21.7578125 0.765625 9.1015625 9.296875 7.0234375 5.828125 5.1875 106.671875 71.15625
20241130020000 63064.0 41.916672 -69.75 6.3359375 241.984375 0.2109375 1.1015625 -999.9 0.7734375 9.1015625 9.2421875 6.5390625 4.828125 3.984375 141.9921875 71.6796875 0.3125 2.640625 2.71875 2.4609375 2.296875 2.15625 249.390625 23.5078125 0.7109375 9.1015625 9.2421875 7.3203125 6.1328125 5.453125 116.7578125 66.4765625
20241130030000 63064.0 41.916672 -69.75 7.4921875 242.6015625 0.2578125 1.1875 -999.9 0.78125 9.1015625 9.1796875 6.28125 4.5234375 3.75 163.2578125 69.8046875 0.3984375 2.8984375 2.84375 2.609375 2.4453125 2.3046875 248.640625 27.1953125 0.671875 9.1015625 9.1796875 7.5546875 6.4140625 5.71875 122.765625 62.0625
20241130040000 63064.0 41.916672 -69.75 8.1484375 247.5390625 0.2890625 1.25 -999.9 0.8046875 9.1015625 9.1171875 5.890625 4.234375 3.5625 185.7109375 67.3984375 0.484375 3.1875 3.0859375 2.7890625 2.609375 2.4609375 249.015625 28.1484375 0.640625 9.1015625 9.1171875 7.6953125 6.6328125 5.96875 128.4296875 58.0703125
20241130050000 63064.0 41.916672 -69.75 8.296875 257.2265625 0.296875 1.2734375 -999.9 0.8203125 9.1015625 9.046875 5.6640625 4.09375 3.4765625 197.125 65.7578125 0.5390625 3.1875 3.1640625 2.8828125 2.6796875 2.515625 256.1171875 28.53125 0.6171875 9.1015625 9.046875 7.734375 6.7265625 6.125 135.21875 53.203125
20241130060000 63064.0 41.916672 -69.75 8.5078125 269.0390625 0.3046875 1.296875 -999.9 0.828125 9.1015625 8.984375 5.484375 3.984375 3.40625 208.1328125 66.2734375 0.5625 3.1875 3.234375 2.9453125 2.7265625 2.546875 269.1171875 28.671875 0.609375 9.1015625 8.984375 7.640625 6.5703125 5.9296875 142.140625 48.6953125
20241130070000 63064.0 41.916672 -69.75 8.34375 285.3515625 0.296875 1.2890625 -999.9 0.859375 9.1015625 8.9140625 5.296875 3.9296875 3.390625 232.3203125 69.4921875 0.6015625 3.5078125 3.3828125 3.078125 2.8359375 2.6484375 289.28125 26.7890625 0.609375 9.1015625 8.9140625 7.4765625 6.3046875 5.6015625 147.921875 46.28125
20241130080000 63064.0 41.916672 -69.75 8.4453125 298.1875 0.3046875 1.3125 -999.9 0.90625 9.1015625 8.84375 5.09375 3.8828125 3.390625 274.734375 70.0859375 0.6796875 3.859375 3.6796875 3.28125 3.0 2.78125 305.0 24.25 0.59375 9.1015625 8.84375 7.484375 6.3359375 5.640625 149.1796875 45.25
20241130090000 63064.0 41.916672 -69.75 8.8359375 301.2265625 0.328125 1.3515625 -999.9 0.9609375 3.859375 3.890625 4.9375 3.8671875 3.40625 300.609375 65.9921875 0.7734375 3.859375 3.8984375 3.4609375 3.1484375 2.90625 311.71875 23.2421875 0.578125 9.1015625 8.75 7.578125 6.5625 5.90625 146.5703125 45.9765625
20241130100000 63064.0 41.916672 -69.75 9.0234375 306.265625 0.3359375 1.375 -999.9 1.0234375 4.25 4.1953125 4.84375 3.8984375 3.4609375 311.4453125 61.0859375 0.8515625 4.25 4.171875 3.640625 3.3046875 3.046875 315.6953125 22.265625 0.5546875 8.2734375 8.6015625 7.671875 6.7734375 6.1796875 144.46875 46.2109375
20241130110000 63064.0 41.916672 -69.75 9.15625 304.546875 0.34375 1.3828125 -999.9 1.0703125 4.25 4.40625 4.8125 3.9453125 3.515625 316.0546875 57.515625 0.9140625 4.25 4.359375 3.765625 3.4140625 3.140625 317.0859375 21.984375 0.5546875 8.2734375 8.453125 7.625 6.8203125 6.28125 140.078125 50.78125
20241130120000 63064.0 41.916672 -69.75 9.2109375 301.4609375 0.34375 1.3828125 -999.9 1.09375 4.671875 4.578125 4.8046875 3.9765625 3.546875 317.5625 55.5859375 0.921875 4.671875 4.515625 3.8125 3.453125 3.171875 316.3046875 21.8671875 0.578125 8.2734375 8.3515625 7.34375 6.546875 6.0078125 131.1875 60.21875
20241130130000 63064.0 41.916672 -69.75 9.3046875 297.640625 0.34375 1.390625 -999.9 1.09375 4.671875 4.640625 4.78125 3.9765625 3.5546875 317.8828125 54.6796875 0.9296875 4.671875 4.5625 3.8359375 3.46875 3.1875 315.5859375 22.2890625 0.5859375 8.2734375 8.265625 7.15625 6.328125 5.734375 124.1640625 64.078125
20241130140000 63064.0 41.916672 -69.75 9.3984375 294.5078125 0.3515625 1.3984375 -999.9 1.1015625 4.671875 4.6796875 4.765625 3.96875 3.546875 317.640625 54.1484375 0.9140625 4.671875 4.546875 3.796875 3.421875 3.140625 313.5546875 22.765625 0.6171875 8.2734375 8.1875 6.875 6.1015625 5.6015625 104.2421875 70.2578125
20241130150000 63064.0 41.916672 -69.75 8.9609375 291.71875 0.328125 1.359375 -999.9 1.0859375 4.671875 4.7265625 4.7734375 3.9765625 3.5546875 317.484375 54.5 0.8671875 4.671875 4.5234375 3.734375 3.3671875 3.0859375 311.109375 23.0546875 0.65625 5.65625 5.4140625 6.5859375 5.84375 5.375 66.9609375 73.3828125
20241130160000 63064.0 41.916672 -69.75 8.40625 288.0625 0.3046875 1.3125 -999.9 1.0390625 4.671875 4.8125 4.8046875 3.984375 3.546875 317.375 56.0 0.7734375 4.671875 4.4765625 3.5859375 3.234375 2.96875 307.484375 23.3671875 0.6953125 5.140625 5.265625 6.3046875 5.59375 5.171875 23.7734375 72.4921875
20241130170000 63064.0 41.916672 -69.75 8.125 282.71875 0.2890625 1.28125 -999.9 0.9921875 5.140625 4.90625 4.8359375 3.9765625 3.5234375 316.6484375 58.1328125 0.6640625 4.25 4.125 3.359375 3.0234375 2.7890625 301.796875 23.84375 0.7265625 5.140625 5.1640625 6.0625 5.375 4.984375 2.0234375 69.9921875
20241130180000 63064.0 41.916672 -69.75 7.734375 276.1796875 0.2734375 1.2421875 -999.9 0.9375 5.140625 4.921875 4.8671875 3.9609375 3.5078125 315.015625 60.6796875 0.5625 3.5078125 3.4296875 3.1015625 2.8125 2.6015625 293.9296875 24.328125 0.75 5.140625 5.0546875 5.875 5.1796875 4.796875 351.75 68.59375
20241130190000 63064.0 41.916672 -69.75 7.515625 268.8359375 0.265625 1.21875 -999.9 0.890625 4.671875 4.890625 4.890625 3.9453125 3.4765625 311.5546875 63.5078125 0.4921875 3.1875 3.15625 2.8671875 2.625 2.4375 284.5703125 24.875 0.7421875 5.140625 4.9296875 5.78125 5.0625 4.6953125 347.1171875 69.0625
20241130200000 63064.0 41.916672 -69.75 7.703125 261.34375 0.2734375 1.234375 -999.9 0.8515625 7.5234375 7.6171875 4.8828125 3.890625 3.421875 303.5859375 66.1171875 0.46875 3.1875 3.0859375 2.7734375 2.5546875 2.3828125 276.0546875 26.4375 0.7109375 7.5234375 7.6171875 5.796875 5.0390625 4.65625 348.375 71.375
20241130210000 63064.0 41.916672 -69.75 8.3125 257.796875 0.296875 1.2734375 -999.9 0.8359375 7.5234375 7.5546875 4.78125 3.78125 3.328125 288.875 67.4453125 0.5 3.1875 3.1015625 2.7890625 2.578125 2.4140625 269.4296875 29.4296875 0.671875 7.5234375 7.5546875 5.890625 5.1015625 4.71875 357.4453125 74.59375
20241130220000 63064.0 41.916672 -69.75 8.0859375 260.6875 0.2890625 1.2578125 -999.9 0.828125 7.5234375 7.5 4.703125 3.71875 3.296875 273.5 67.59375 0.5234375 3.1875 3.125 2.8359375 2.6328125 2.46875 264.3828125 30.8828125 0.640625 7.5234375 7.5 5.9453125 5.1328125 4.7578125 15.7421875 77.609375
20241130230000 63064.0 41.916672 -69.75 8.2890625 267.09375 0.296875 1.2734375 -999.9 0.8125 7.5234375 7.4453125 4.6484375 3.671875 3.2578125 266.796875 67.15625 0.5546875 3.1875 3.1796875 2.9296875 2.7109375 2.53125 271.84375 32.3125 0.6015625 7.5234375 7.4453125 6.1015625 5.265625 4.8828125 119.3125 76.640625
