,time,wh_4061,wp_peak,wvdir,water_depth,water_depth_mean,water_variation,FES2022_heightm_interp,EOT20_heightm_interp,GOT5.5_heightm_interp,GOT5.6_heightm_interp
0,2025-01-23 00:00:00,0.863451746394266,5.847953216374269,70.0,21.358337,21.049526994047618,0.30881000595238106,0.39330953,0.44989616,0.4399735,0.45125264
1,2025-01-23 01:00:00,0.8261279046513119,5.847953216374269,74.0,21.028902,21.049526994047618,-0.020624994047619083,0.17247556,0.20966722,0.18085416,0.19065839
2,2025-01-23 02:00:00,0.8060274640602956,5.361930294906166,64.0,20.666761,21.049526994047618,-0.3827659940476167,-0.11584554,-0.09407593,-0.13816378,-0.13202813
3,2025-01-23 03:00:00,0.8367405253063531,5.847953216374269,78.0,20.400822,21.049526994047618,-0.6487049940476162,-0.38855746,-0.38269868,-0.43025693,-0.42905885
4,2025-01-23 04:00:00,0.7072487580760023,5.361930294906166,74.0,20.270443,21.049526994047618,-0.7790839940476175,-0.5658237,-0.5777897,-0.614723,-0.61864144
5,2025-01-23 05:00:00,0.7019387186734314,5.361930294906166,74.0,20.325024,21.049526994047618,-0.7245029940476186,-0.5964146,-0.62759966,-0.63867563,-0.64682627
6,2025-01-23 06:00:00,0.6798162979355985,5.847953216374269,78.0,20.54282,21.049526994047618,-0.5067069940476188,-0.47118285,-0.51472354,-0.49084276,-0.5014495
7,2025-01-23 07:00:00,0.6746231569281113,5.361930294906166,70.0,20.895338,21.049526994047618,-0.15418899404761888,-0.22094241,-0.2552433,-0.20372099,-0.21441336
8,2025-01-23 08:00:00,0.6739087775422885,5.361930294906166,76.0,21.282381,21.049526994047618,0.23285400595238315,0.09628232,0.09510601,0.1556021,0.14736052
9,2025-01-23 09:00:00,0.6819706528842389,6.430868167202571,82.0,21.62777,21.049526994047618,0.578243005952384,0.41038752,0.4496306,0.5024123,0.49878287
10,2025-01-23 10:00:00,0.7325623992647238,7.142857142857142,88.0,21.81703,21.049526994047618,0.7675030059523813,0.6519872,0.71776426,0.75437444,0.7565734
11,2025-01-23 11:00:00,0.7288744804980167,6.430868167202571,86.0,21.830776,21.049526994047618,0.7812490059523824,0.7637814,0.83102834,0.8503162,0.8581726
12,2025-01-23 12:00:00,0.7361201242312126,7.142857142857142,92.0,21.665148,21.049526994047618,0.6156210059523808,0.71297574,0.7628875,0.7644599,0.77628475
13,2025-01-23 13:00:00,0.7839008825969634,7.142857142857142,86.0,21.351524,21.049526994047618,0.30199700595238355,0.5032386,0.5327777,0.5133383,0.52622867
14,2025-01-23 14:00:00,0.7672269982724057,8.032128514056225,94.0,20.948198,21.049526994047618,-0.1013289940476163,0.1796143,0.19229028,0.15319413,0.16375774
15,2025-01-23 15:00:00,0.6774643567665212,8.032128514056225,94.0,20.569693,21.049526994047618,-0.47983399404761684,-0.18020904,-0.18435,-0.23277986,-0.22746423
16,2025-01-23 16:00:00,0.6962802690183048,7.142857142857142,88.0,20.306326,21.049526994047618,-0.7432009940476192,-0.4881952,-0.5103769,-0.5550984,-0.55658793
17,2025-01-23 17:00:00,0.6585460556348304,7.142857142857142,92.0,20.19463,21.049526994047618,-0.8548969940476177,-0.673124,-0.7132749,-0.74108565,-0.7490616
18,2025-01-23 18:00:00,0.694323483723177,7.142857142857142,90.0,20.260624,21.049526994047618,-0.7889029940476178,-0.70046276,-0.7537105,-0.7534288,-0.76576
19,2025-01-23 19:00:00,0.7489026393673568,6.430868167202571,92.0,20.495705,21.049526994047618,-0.5538219940476168,-0.5774629,-0.6258423,-0.59856975,-0.6119426
20,2025-01-23 20:00:00,0.7970007589336198,5.361930294906166,100.0,20.828482,21.049526994047618,-0.22104499404761668,-0.3449724,-0.36201167,-0.3230878,-0.33398882
21,2025-01-23 21:00:00,0.8110683315493171,5.847953216374269,102.0,21.181427,21.049526994047618,0.1319000059523816,-0.06351368,-0.03325937,-0.00031415687,-0.006031746
22,2025-01-23 22:00:00,0.8525674309949609,5.361930294906166,114.0,21.448832,21.049526994047618,0.3993050059523817,0.19978267,0.2718986,0.28822583,0.28890163
23,2025-01-23 23:00:00,0.8697429609839026,5.847953216374269,110.0,21.587881,21.049526994047618,0.5383540059523817,0.38230652,0.47437775,0.47188357,0.47845274
24,2025-01-24 00:00:00,0.8188702835465309,5.847953216374269,110.0,21.569149,21.049526994047618,0.5196220059523817,0.43780777,0.5262009,0.50696737,0.5175048
25,2025-01-24 01:00:00,0.7747591207195439,5.847953216374269,112.0,21.371315,21.049526994047618,0.32178800595238144,0.34957618,0.42300972,0.38722962,0.39900535
26,2025-01-24 02:00:00,0.7238055157271833,5.847953216374269,110.0,21.071203,21.049526994047618,0.021676005952382837,0.14006473,0.19723566,0.14642163,0.15662436
27,2025-01-24 03:00:00,0.6787884894180515,5.847953216374269,110.0,20.723331,21.049526994047618,-0.326195994047616,-0.13072135,-0.09307132,-0.14884019,-0.14247967
28,2025-01-24 04:00:00,0.680210997784969,5.361930294906166,112.0,20.48085,21.049526994047618,-0.5686769940476175,-0.38164765,-0.36929452,-0.4155968,-0.41439575
29,2025-01-24 05:00:00,0.6155825609464025,5.847953216374269,102.0,20.374142,21.049526994047618,-0.6753849940476186,-0.5365297,-0.5525333,-0.5767867,-0.5809307
30,2025-01-24 06:00:00,0.5861501175903417,5.361930294906166,108.0,20.450035,21.049526994047618,-0.599491994047618,-0.5482585,-0.5909965,-0.58262116,-0.5911779
31,2025-01-24 07:00:00,0.6636191860163843,4.950495049504951,22.0,20.678547,21.049526994047618,-0.3709799940476195,-0.41059288,-0.467121,-0.424175,-0.43526465
32,2025-01-24 08:00:00,0.7758301903387972,5.361930294906166,28.0,21.013744,21.049526994047618,-0.035782994047618644,-0.15514462,-0.19904442,-0.1351346,-0.14624886
33,2025-01-24 09:00:00,0.7549061001632723,5.361930294906166,18.0,21.394583,21.049526994047618,0.34505600595238306,0.16086668,0.15400875,0.2178433,0.20937164
34,2025-01-24 10:00:00,0.7205819980634729,5.361930294906166,2.0,21.708069,21.049526994047618,0.6585420059523805,0.46841797,0.50452095,0.5521324,0.5485404
35,2025-01-24 11:00:00,0.7134299829260222,5.361930294906166,2.0,21.88086,21.049526994047618,0.8313330059523807,0.6985866,0.7638372,0.7884479,0.7909385
36,2025-01-24 12:00:00,0.7325517622863215,5.361930294906166,2.0,21.87956,21.049526994047618,0.8300330059523837,0.7942321,0.86583734,0.86848724,0.87678546
37,2025-01-24 13:00:00,0.7579567248431354,5.361930294906166,2.0,21.694384,21.049526994047618,0.6448570059523817,0.72353536,0.78510475,0.7682827,0.7805401
38,2025-01-24 14:00:00,0.7078693340372435,4.950495049504951,2.0,21.365938,21.049526994047618,0.31641100595238214,0.4926928,0.539594,0.5050416,0.5182011
39,2025-01-24 15:00:00,0.6621541822924214,4.950495049504951,2.0,20.96416,21.049526994047618,-0.08536699404761805,0.15032566,0.17972322,0.13515265,0.14573327
40,2025-01-24 16:00:00,0.6567272124150959,4.950495049504951,2.0,20.594517,21.049526994047618,-0.455009994047618,-0.22272415,-0.2169684,-0.25794804,-0.25285643
41,2025-01-24 17:00:00,0.6119044766024309,4.950495049504951,2.0,20.314373,21.049526994047618,-0.7351539940476179,-0.5369845,-0.55846906,-0.5843772,-0.58622843
42,2025-01-24 18:00:00,0.5937029096879558,4.950495049504951,2.0,20.20636,21.049526994047618,-0.8431669940476176,-0.7216688,-0.76900727,-0.7713888,-0.77971464
43,2025-01-24 19:00:00,0.5858025132267627,10.6951871657754,86.0,20.273046,21.049526994047618,-0.776480994047617,-0.7436386,-0.8076886,-0.78236604,-0.7949028
44,2025-01-24 20:00:00,0.5816253771403455,9.174311926605505,90.0,20.50957,21.049526994047618,-0.5399569940476177,-0.61152345,-0.6698372,-0.62506384,-0.63843507
45,2025-01-24 21:00:00,0.6069855438940832,9.174311926605505,98.0,20.827244,21.049526994047618,-0.22228299404761742,-0.36740282,-0.39247227,-0.34730375,-0.3580222
46,2025-01-24 22:00:00,0.5736816679302262,10.6951871657754,88.0,21.162275,21.049526994047618,0.11274800595238332,-0.07353881,-0.050836682,-0.022954358,-0.028404048
47,2025-01-24 23:00:00,0.5489567623639119,9.174311926605505,98.0,21.416128,21.049526994047618,0.36660100595238276,0.2002199,0.26514223,0.26665497,0.2675661
48,2025-01-25 00:00:00,0.5540149437014728,9.174311926605505,100.0,21.554268,21.049526994047618,0.5047410059523827,0.38819438,0.4759595,0.4512801,0.45796254
49,2025-01-25 01:00:00,0.6041002085229404,9.174311926605505,100.0,21.508259,21.049526994047618,0.45873200595238117,0.44233418,0.53297,0.48736706,0.49786657
50,2025-01-25 02:00:00,0.6799549528751428,4.024144869215292,2.0,21.304653,21.049526994047618,0.25512600595238055,0.3468552,0.43002966,0.36865795,0.3802773
51,2025-01-25 03:00:00,0.6934263846146967,4.597701149425287,2.0,20.994535,21.049526994047618,-0.054991994047618675,0.12792628,0.19792944,0.12936063,0.13935912
52,2025-01-25 04:00:00,0.7905115479641821,4.950495049504951,2.0,20.690733,21.049526994047618,-0.35879399404761614,-0.14949988,-0.102265805,-0.16256666,-0.15638433
53,2025-01-25 05:00:00,0.8188218492810281,5.847953216374269,2.0,20.461908,21.049526994047618,-0.5876189940476166,-0.40029016,-0.3848513,-0.42234465,-0.42124504
54,2025-01-25 06:00:00,0.8401486207026323,5.361930294906166,2.0,20.38333,21.049526994047618,-0.6661969940476169,-0.5466388,-0.56568384,-0.57175684,-0.57590693
55,2025-01-25 07:00:00,0.7654737644386638,5.361930294906166,2.0,20.48069,21.049526994047618,-0.5688369940476186,-0.54224724,-0.5913683,-0.5616049,-0.5700782
56,2025-01-25 08:00:00,0.8383806162202264,5.361930294906166,18.0,20.752071,21.049526994047618,-0.2974559940476169,-0.3833192,-0.44596207,-0.3854805,-0.3964142
57,2025-01-25 09:00:00,0.9008288257413498,5.361930294906166,2.0,21.123857,21.049526994047618,0.07433000595238326,-0.10488989,-0.15349329,-0.08065698,-0.09156332
58,2025-01-25 10:00:00,0.8545630697622336,5.361930294906166,20.0,21.522675,21.049526994047618,0.4731480059523818,0.23150449,0.219507,0.28279504,0.2745558
59,2025-01-25 11:00:00,0.8341063886983067,5.361930294906166,2.0,21.837185,21.049526994047618,0.7876580059523839,0.55169135,0.58109826,0.61982626,0.6164479
60,2025-01-25 12:00:00,0.7644239043685834,5.361930294906166,18.0,22.003967,21.049526994047618,0.9544400059523817,0.7816826,0.84064984,0.84986645,0.8524901
61,2025-01-25 13:00:00,0.7945447262617915,5.361930294906166,2.0,21.972445,21.049526994047618,0.9229180059523827,0.861305,0.9311037,0.9143915,0.9226742
62,2025-01-25 14:00:00,0.7034646015943606,5.361930294906166,2.0,21.741253,21.049526994047618,0.6917260059523826,0.75975114,0.826897,0.790538,0.80258584
63,2025-01-25 15:00:00,0.7491732226873117,4.950495049504951,358.0,21.358065,21.049526994047618,0.3085380059523821,0.48890275,0.5468151,0.4985074,0.51127297
64,2025-01-25 16:00:00,0.6857675227774332,4.950495049504951,2.0,20.900602,21.049526994047618,-0.1489249940476185,0.106258914,0.14642468,0.09973536,0.10982098
65,2025-01-25 17:00:00,0.6532861733089669,4.597701149425287,356.0,20.476595,21.049526994047618,-0.5729319940476181,-0.29819983,-0.28591883,-0.31618986,-0.31154883
66,2025-01-25 18:00:00,0.5900464834676808,4.950495049504951,2.0,20.165144,21.049526994047618,-0.8843829940476162,-0.6284162,-0.6479719,-0.6541058,-0.6561998
67,2025-01-25 19:00:00,0.4793378042083814,4.291845493562232,356.0,20.069923,21.049526994047618,-0.9796039940476184,-0.8109932,-0.85941833,-0.8388826,-0.8471247
68,2025-01-25 20:00:00,0.4048891636988989,4.024144869215292,356.0,20.170828,21.049526994047618,-0.8786989940476175,-0.8140587,-0.87999856,-0.8352985,-0.8474061
69,2025-01-25 21:00:00,0.4056514199907504,4.291845493562232,2.0,20.413795,21.049526994047618,-0.6357319940476174,-0.6505822,-0.71090263,-0.65558445,-0.668284
70,2025-01-25 22:00:00,0.4588006468751095,4.291845493562232,0.0,20.754644,21.049526994047618,-0.29488299404761875,-0.36932492,-0.39878133,-0.3534389,-0.36344284
71,2025-01-25 23:00:00,0.4362199789658148,4.291845493562232,356.0,21.128254,21.049526994047618,0.07872700595238058,-0.040870786,-0.027155053,-0.008395266,-0.013318205
72,2025-01-26 00:00:00,0.413948054682043,4.291845493562232,356.0,21.425629,21.049526994047618,0.37610200595238297,0.25631294,0.3088802,0.29371724,0.29478696
73,2025-01-26 01:00:00,0.4108479537443882,4.024144869215292,356.0,21.55176,21.049526994047618,0.5022330059523838,0.4499734,0.52633953,0.4798313,0.4862392
74,2025-01-26 02:00:00,0.41786183430309,1.7905102954341987,238.0,21.475107,21.049526994047618,0.42558000595238354,0.49016812,0.574921,0.5058572,0.51572245
75,2025-01-26 03:00:00,0.3655274433079585,8.032128514056225,120.0,21.250952,21.049526994047618,0.20142500595238388,0.36533755,0.44901842,0.36804792,0.3788588
76,2025-01-26 04:00:00,0.3580132886775244,9.174311926605505,112.0,20.922924,21.049526994047618,-0.12660299404761943,0.11105462,0.18408751,0.10638066,0.115630455
77,2025-01-26 05:00:00,0.3341364488640267,10.6951871657754,114.0,20.577295,21.049526994047618,-0.4722319940476183,-0.19628018,-0.14749418,-0.20332,-0.19761866
78,2025-01-26 06:00:00,0.3003890870064367,9.174311926605505,112.0,20.327204,21.049526994047618,-0.7223229940476195,-0.4618777,-0.4467974,-0.46887633,-0.46786675
79,2025-01-26 07:00:00,0.292151052781208,8.032128514056225,118.0,20.260668,21.049526994047618,-0.7888589940476187,-0.60283625,-0.622572,-0.60802513,-0.6118606
80,2025-01-26 08:00:00,0.3145663623833483,4.597701149425287,358.0,20.395308,21.049526994047618,-0.6542189940476177,-0.57318056,-0.6218043,-0.57255286,-0.580393
81,2025-01-26 09:00:00,0.3276835021133129,6.430868167202571,134.0,20.701084,21.049526994047618,-0.34844299404761614,-0.37420756,-0.43498558,-0.36170644,-0.37184194
82,2025-01-26 10:00:00,0.3461000120592337,6.430868167202571,134.0,21.107468,21.049526994047618,0.05794100595238305,-0.049578506,-0.09761939,-0.021106593,-0.031229896
83,2025-01-26 11:00:00,0.3483108825722087,4.597701149425287,138.0,21.552908,21.049526994047618,0.5033810059523809,0.3283858,0.31201085,0.37051404,0.36287084
84,2025-01-26 12:00:00,0.3651493288266315,4.597701149425287,122.0,21.897335,21.049526994047618,0.847808005952384,0.6743869,0.6940361,0.72093445,0.7178287
85,2025-01-26 13:00:00,0.380451493951271,4.291845493562232,136.0,22.073341,21.049526994047618,1.0238140059523815,0.9056242,0.9530317,0.94504774,0.94754076
86,2025-01-26 14:00:00,0.4260735166485579,4.024144869215292,130.0,22.024996,21.049526994047618,0.9754690059523838,0.9585022,1.0200377,0.9833832,0.9911282
87,2025-01-26 15:00:00,0.4958499077158613,4.024144869215292,140.0,21.766605,21.049526994047618,0.7170780059523807,0.8062972,0.87140507,0.8166409,0.8278302
88,2025-01-26 16:00:00,0.4476092781199251,5.361930294906166,134.0,21.345018,21.049526994047618,0.29549100595238187,0.47216427,0.53248125,0.4733451,0.48510748
89,2025-01-26 17:00:00,0.4211563297031147,4.291845493562232,140.0,20.851788,21.049526994047618,-0.19773899404761863,0.028960288,0.07224929,0.026656808,0.03583611
90,2025-01-26 18:00:00,0.359301293836195,4.597701149425287,130.0,20.394814,21.049526994047618,-0.6547129940476175,-0.41857347,-0.40327922,-0.42187342,-0.41778874
91,2025-01-26 19:00:00,0.3496521256468199,4.597701149425287,132.0,20.106739,21.049526994047618,-0.9427879940476167,-0.76442975,-0.7794255,-0.7687736,-0.77088284
92,2025-01-26 20:00:00,0.3588557819343837,4.291845493562232,136.0,20.013323,21.049526994047618,-1.036203994047618,-0.9322816,-0.97358143,-0.9370434,-0.94470084
93,2025-01-26 21:00:00,0.5041166348155515,5.361930294906166,14.0,20.125746,21.049526994047618,-0.9237809940476183,-0.89433795,-0.95140594,-0.8964022,-0.9074384
94,2025-01-26 22:00:00,0.7132234062214814,4.291845493562232,356.0,20.42414,21.049526994047618,-0.6253869940476164,-0.6732493,-0.7263954,-0.66889447,-0.68030685
95,2025-01-26 23:00:00,0.696436085608452,4.291845493562232,356.0,20.818857,21.049526994047618,-0.23066999404761646,-0.33107534,-0.3601103,-0.31991786,-0.32877728
96,2025-01-27 00:00:00,0.656878988415277,4.024144869215292,334.0,21.209078,21.049526994047618,0.15955100595238392,0.047080494,0.05205973,0.060109213,0.055849593
97,2025-01-27 01:00:00,0.633804136976187,4.950495049504951,356.0,21.498524,21.049526994047618,0.448997005952382,0.37008095,0.4072444,0.37722856,0.37827024
98,2025-01-27 02:00:00,0.6126679271021528,5.361930294906166,358.0,21.608686,21.049526994047618,0.559159005952381,0.5584039,0.6180294,0.55450463,0.5601816
99,2025-01-27 03:00:00,0.6005542629944256,4.950495049504951,356.0,21.526249,21.049526994047618,0.47672200595238223,0.56311274,0.63441604,0.54954535,0.55817103
100,2025-01-27 04:00:00,0.5509014198226575,5.847953216374269,2.0,21.273443,21.049526994047618,0.2239160059523826,0.38251317,0.45678535,0.36643654,0.37583962
101,2025-01-27 05:00:00,0.5175263240216122,8.032128514056225,124.0,20.929409,21.049526994047618,-0.12011799404761803,0.06833414,0.13360772,0.05793053,0.06598779
102,2025-01-27 06:00:00,0.4331748821657796,5.361930294906166,26.0,20.583359,21.049526994047618,-0.4661679940476162,-0.2855547,-0.24347839,-0.28582928,-0.28078985
103,2025-01-27 07:00:00,0.4018739221243725,4.950495049504951,2.0,20.354921,21.049526994047618,-0.6946059940476168,-0.5709157,-0.5588603,-0.5614525,-0.56041
104,2025-01-27 08:00:00,0.4006728241871614,4.597701149425287,0.0,20.32277,21.049526994047618,-0.7267569940476193,-0.6990149,-0.7159225,-0.6824414,-0.6855694
105,2025-01-27 09:00:00,0.4134435514527367,4.950495049504951,356.0,20.510157,21.049526994047618,-0.5393699940476182,-0.62659645,-0.66716826,-0.60462636,-0.6112701
106,2025-01-27 10:00:00,0.4333001293253976,4.597701149425287,356.0,20.843538,21.049526994047618,-0.20598899404761895,-0.36496478,-0.41609752,-0.33795294,-0.34669662
107,2025-01-27 11:00:00,0.4390273380014673,4.597701149425287,356.0,21.292675,21.049526994047618,0.2431480059523814,0.0273521,-0.015387313,0.0579843,0.049120463
108,2025-01-27 12:00:00,0.3552035599496361,4.597701149425287,356.0,21.747469,21.049526994047618,0.6979420059523811,0.46126807,0.44135773,0.49071258,0.48390546
109,2025-01-27 13:00:00,0.3451223877128667,7.142857142857142,126.0,22.078928,21.049526994047618,1.0294010059523835,0.8362843,0.84413695,0.8572421,0.8543512
110,2025-01-27 14:00:00,0.3851763995966316,8.032128514056225,124.0,22.19885,21.049526994047618,1.1493230059523825,1.0598459,1.0918022,1.0667195,1.0687394
111,2025-01-27 15:00:00,0.4198135986277272,8.032128514056225,122.0,22.098124,21.049526994047618,1.0485970059523808,1.0674739,1.1150721,1.060606,1.0672715
112,2025-01-27 16:00:00,0.3874511944209468,7.142857142857142,118.0,21.75826,21.049526994047618,0.7087330059523822,0.84182805,0.89699405,0.8280795,0.83780664
113,2025-01-27 17:00:00,0.3796514531349443,8.032128514056225,132.0,21.263237,21.049526994047618,0.21371000595238243,0.42383033,0.4771334,0.41271442,0.42296377
114,2025-01-27 18:00:00,0.3685310593020728,8.032128514056225,120.0,20.712826,21.049526994047618,-0.336700994047618,-0.0924823,-0.054008134,-0.094218485,-0.08622891
115,2025-01-27 19:00:00,0.4074887877018228,3.787878787878788,128.0,20.26324,21.049526994047618,-0.786286994047618,-0.5840118,-0.5685379,-0.57533485,-0.5717894
116,2025-01-27 20:00:00,0.5114494916495927,3.389830508474576,124.0,19.995209,21.049526994047618,-1.0543179940476186,-0.9342756,-0.9409217,-0.9186579,-0.9204697
117,2025-01-27 21:00:00,0.5196791528423006,3.067484662576687,78.0,19.978851,21.049526994047618,-1.070675994047619,-1.0665928,-1.0918094,-1.0485345,-1.0550824
118,2025-01-27 22:00:00,0.5048918790237571,4.291845493562232,140.0,20.176735,21.049526994047618,-0.872791994047617,-0.96225977,-0.9998514,-0.9449674,-0.9543342
119,2025-01-27 23:00:00,0.5226260458665266,3.787878787878788,152.0,20.572517,21.049526994047618,-0.47700999404761646,-0.659853,-0.6972366,-0.6457615,-0.6553723
120,2025-01-28 00:00:00,0.5983399476561687,4.597701149425287,148.0,21.060343,21.049526994047618,0.010816005952381857,-0.24070586,-0.26441208,-0.23335621,-0.24077259
121,2025-01-28 01:00:00,0.6569104491546774,4.597701149425287,152.0,21.493011,21.049526994047618,0.44348400595238147,0.19140139,0.1893976,0.18710355,0.18351689
122,2025-01-28 02:00:00,0.7058780508858911,4.597701149425287,146.0,21.765156,21.049526994047618,0.7156290059523833,0.53151643,0.5527691,0.51200354,0.51274174
123,2025-01-28 03:00:00,0.7067012913909831,4.597701149425287,152.0,21.818872,21.049526994047618,0.7693450059523812,0.69513386,0.7351741,0.66200864,0.66647154
124,2025-01-28 04:00:00,0.8371336276006626,5.361930294906166,154.0,21.66516,21.049526994047618,0.6156330059523825,0.6394451,0.69130135,0.6009671,0.6077901
125,2025-01-28 05:00:00,0.9057690084747868,5.361930294906166,148.0,21.31701,21.049526994047618,0.26748300595238206,0.3791058,0.4347693,0.34740108,0.3548972
126,2025-01-28 06:00:00,0.8652622171111788,6.430868167202571,138.0,20.882004,21.049526994047618,-0.16752299404761928,-0.012014126,0.03543273,-0.026519392,-0.019966586
127,2025-01-28 07:00:00,0.7122303653292188,7.142857142857142,130.0,20.485283,21.049526994047618,-0.5642439940476187,-0.4187068,-0.3903026,-0.41186643,-0.40754032
128,2025-01-28 08:00:00,0.6288261843056279,5.847953216374269,130.0,20.259485,21.049526994047618,-0.7900419940476162,-0.71843,-0.7105965,-0.69309735,-0.69180566
129,2025-01-28 09:00:00,0.4744926949859047,5.361930294906166,128.0,20.27135,21.049526994047618,-0.778176994047616,-0.818803,-0.82868236,-0.7819817,-0.78397655
130,2025-01-28 10:00:00,0.4697387701744876,4.597701149425287,140.0,20.524931,21.049526994047618,-0.524595994047619,-0.6838117,-0.70949364,-0.64310575,-0.64802605
131,2025-01-28 11:00:00,0.4689503728574976,5.847953216374269,118.0,20.96103,21.049526994047618,-0.0884969940476168,-0.3404432,-0.37585813,-0.30247456,-0.3093292
132,2025-01-28 12:00:00,0.4745877842684689,4.291845493562232,136.0,21.491829,21.049526994047618,0.44230200595238145,0.13249446,0.09842121,0.161564,0.15430388
133,2025-01-28 13:00:00,0.4945269715961017,4.950495049504951,130.0,21.984554,21.049526994047618,0.9350270059523815,0.6253978,0.60294,0.6393994,0.6335343
134,2025-01-28 14:00:00,0.5024917205376298,5.361930294906166,122.0,22.29027,21.049526994047618,1.2407430059523818,1.0215555,1.0172775,1.0158979,1.0130628
135,2025-01-28 15:00:00,0.4889078430856599,7.142857142857142,122.0,22.327763,21.049526994047618,1.2782360059523832,1.2207952,1.2356658,1.1956835,1.1968459
136,2025-01-28 16:00:00,0.5378618992055835,8.032128514056225,114.0,22.111963,21.049526994047618,1.0624360059523816,1.1625355,1.1922171,1.1251237,1.1301969
137,2025-01-28 17:00:00,0.6281543603983509,2.928257686676427,236.0,21.68041,21.049526994047618,0.6308830059523807,0.8448845,0.8830389,0.8078076,0.8155629
138,2025-01-28 18:00:00,0.7137563915020972,2.386634844868735,60.0,21.07636,21.049526994047618,0.02683300595238336,0.33207986,0.3695846,0.30844438,0.31680587
139,2025-01-28 19:00:00,0.7406112147726911,6.430868167202571,18.0,20.48506,21.049526994047618,-0.564466994047617,-0.2572465,-0.23041542,-0.25949922,-0.25284156
140,2025-01-28 20:00:00,0.7505223484882866,4.291845493562232,356.0,20.057777,21.049526994047618,-0.9917499940476162,-0.78126454,-0.76715297,-0.762152,-0.7590183
141,2025-01-28 21:00:00,0.8274566034044232,6.430868167202571,22.0,19.82341,21.049526994047618,-1.2261169940476186,-1.1156659,-1.1097575,-1.0818385,-1.0829903
142,2025-01-28 22:00:00,1.1244349264468183,7.142857142857142,24.0,19.884546,21.049526994047618,-1.1649809940476175,-1.1882886,-1.1897228,-1.1492925,-1.1542305
143,2025-01-28 23:00:00,0.9843688775261462,6.430868167202571,20.0,20.169365,21.049526994047618,-0.8801619940476186,-0.995348,-1.0054998,-0.9604091,-0.9676018
144,2025-01-29 00:00:00,0.957264238195104,7.142857142857142,18.0,20.644258,21.049526994047618,-0.40526899404761707,-0.59673005,-0.612348,-0.5736109,-0.58104384
145,2025-01-29 01:00:00,0.8807154599963744,7.142857142857142,2.0,21.166418,21.049526994047618,0.11689100595238244,-0.09667889,-0.11106429,-0.091722086,-0.09754388
146,2025-01-29 02:00:00,0.8520023482631535,6.430868167202571,2.0,21.621952,21.049526994047618,0.5724250059523825,0.38140982,0.37543935,0.36403328,0.3610121
147,2025-01-29 03:00:00,0.7386457620343873,6.430868167202571,2.0,21.907005,21.049526994047618,0.8574780059523839,0.72087747,0.72831225,0.6814504,0.68155366
148,2025-01-29 04:00:00,0.7585723373432596,5.847953216374269,2.0,21.944712,21.049526994047618,0.8951850059523814,0.8369275,0.8571982,0.78244114,0.7852266
149,2025-01-29 05:00:00,1.0779053780640706,5.847953216374269,20.0,21.737024,21.049526994047618,0.6874970059523839,0.6988883,0.7273894,0.642713,0.64726084
150,2025-01-29 06:00:00,0.6259892412913961,5.361930294906166,2.0,21.35567,21.049526994047618,0.3061430059523822,0.3433557,0.37312755,0.3012283,0.30645642
151,2025-01-29 07:00:00,0.619760716371464,4.950495049504951,20.0,20.91397,21.049526994047618,-0.13555699404761867,-0.13010882,-0.108126394,-0.14609359,-0.14120747
152,2025-01-29 08:00:00,0.8300949863270659,3.067484662576687,72.0,20.535427,21.049526994047618,-0.5140999940476192,-0.5843927,-0.57389235,-0.5703963,-0.5667126
153,2025-01-29 09:00:00,0.9369902611703776,3.577817531305903,152.0,20.35143,21.049526994047618,-0.6980969940476172,-0.8850582,-0.8808377,-0.84620184,-0.84438145
154,2025-01-29 10:00:00,1.0031611547552075,4.291845493562232,150.0,20.431328,21.049526994047618,-0.6181989940476171,-0.94060904,-0.93951833,-0.8879723,-0.8884204
155,2025-01-29 11:00:00,0.9379733624932582,4.597701149425287,146.0,20.763176,21.049526994047618,-0.2863509940476163,-0.72759473,-0.7338451,-0.6739764,-0.67673075
156,2025-01-29 12:00:00,0.8767097835891386,4.597701149425287,140.0,21.237402,21.049526994047618,0.1878750059523817,-0.2933942,-0.3099476,-0.2503307,-0.2549349
157,2025-01-29 13:00:00,0.7940386242743622,4.597701149425287,134.0,21.785238,21.049526994047618,0.7357110059523819,0.259993,0.23630728,0.28337646,0.277912
158,2025-01-29 14:00:00,0.6940674282952779,4.950495049504951,134.0,22.26559,21.049526994047618,1.2160630059523818,0.8021051,0.7787135,0.7997288,0.79478174
159,2025-01-29 15:00:00,0.6482199255079947,4.950495049504951,132.0,22.540434,21.049526994047618,1.4909070059523835,1.2024486,1.1880174,1.1727817,1.1697698
160,2025-01-29 16:00:00,0.760401648644655,5.361930294906166,138.0,22.513338,21.049526994047618,1.4638110059523832,1.3579259,1.3567241,1.3060395,1.3059615
161,2025-01-29 17:00:00,0.7579642412950904,7.142857142857142,136.0,22.230637,21.049526994047618,1.1811100059523838,1.2175918,1.2274883,1.1557599,1.1588058
162,2025-01-29 18:00:00,0.7644985839392551,6.430868167202571,140.0,21.696468,21.049526994047618,0.6469410059523817,0.80012864,0.815966,0.745158,0.7505661
163,2025-01-29 19:00:00,0.719495683939945,7.142857142857142,126.0,21.070715,21.049526994047618,0.021188005952382127,0.1960259,0.21107322,0.16363749,0.16989347
164,2025-01-29 20:00:00,0.6424901470612491,6.430868167202571,124.0,20.466341,21.049526994047618,-0.5831859940476178,-0.4516758,-0.44086742,-0.45272136,-0.4473982
165,2025-01-29 21:00:00,0.5806367113592509,5.847953216374269,126.0,20.032736,21.049526994047618,-1.0167909940476179,-0.9856727,-0.97295934,-0.9565119,-0.95357704
166,2025-01-29 22:00:00,0.5432026559409471,9.174311926605505,100.0,19.882816,21.049526994047618,-1.1667109940476195,-1.279191,-1.2574115,-1.2295157,-1.2296367
167,2025-01-29 23:00:00,0.5574261464876965,9.174311926605505,100.0,20.04575,21.049526994047618,-1.003776994047616,-1.2705554,-1.2440434,-1.2143698,-1.2172698
168,2025-01-30 00:00:00,0.6068420660369621,9.174311926605505,110.0,20.419945,21.049526994047618,-0.6295819940476193,-0.97594666,-0.95550394,-0.92718875,-0.93183696
169,2025-01-30 01:00:00,0.8883650810639938,4.291845493562232,356.0,20.94612,21.049526994047618,-0.10340699404761722,-0.47948852,-0.4711984,-0.44940796,-0.45444906
170,2025-01-30 02:00:00,0.9516803730301242,5.361930294906166,358.0,21.51082,21.049526994047618,0.4612930059523812,0.091518134,0.089070775,0.09540844,0.09118523
171,2025-01-30 03:00:00,0.9382004658350058,7.142857142857142,14.0,21.920324,21.049526994047618,0.8707970059523831,0.59675485,0.59079796,0.57157946,0.5689222
172,2025-01-30 04:00:00,0.8728256115237041,4.024144869215292,356.0,22.101402,21.049526994047618,1.0518750059523825,0.91278774,0.91053325,0.8618143,0.8609352
173,2025-01-30 05:00:00,0.936090687309924,7.142857142857142,16.0,21.98383,21.049526994047618,0.9343030059523834,0.960477,0.9628988,0.89420545,0.8949171
174,2025-01-30 06:00:00,1.536436430046194,6.430868167202571,2.0,21.602278,21.049526994047618,0.5527510059523806,0.7266308,0.7300933,0.66150224,0.66343516
175,2025-01-30 07:00:00,2.118792291091967,8.032128514056225,22.0,21.07643,21.049526994047618,0.02690300595238071,0.27295372,0.27261007,0.22679941,0.22956215
176,2025-01-30 08:00:00,1.945270470645678,8.032128514056225,30.0,20.521656,21.049526994047618,-0.5278709940476176,-0.27527106,-0.2823801,-0.2895199,-0.28631034
177,2025-01-30 09:00:00,1.3820225881618815,7.142857142857142,24.0,20.116055,21.049526994047618,-0.9334719940476184,-0.7621168,-0.7700851,-0.74126333,-0.7380495
178,2025-01-30 10:00:00,1.4663995391390616,7.142857142857142,2.0,19.935686,21.049526994047618,-1.1138409940476173,-1.0464576,-1.0437933,-0.9978197,-0.99516606
179,2025-01-30 11:00:00,1.2240910398370182,7.142857142857142,24.0,20.091875,21.049526994047618,-0.957651994047616,-1.0434055,-1.0289636,-0.98144495,-0.97999114
180,2025-01-30 12:00:00,1.438811243851476,6.430868167202571,20.0,20.495989,21.049526994047618,-0.5535379940476162,-0.7466737,-0.73246306,-0.687801,-0.68807364
181,2025-01-30 13:00:00,1.381102842029094,5.847953216374269,2.0,21.068619,21.049526994047618,0.019092005952384028,-0.22629379,-0.22407036,-0.18464264,-0.18679763
182,2025-01-30 14:00:00,1.3152834645569909,6.430868167202571,2.0,21.687777,21.049526994047618,0.6382500059523828,0.39317682,0.38051122,0.40781817,0.40418404
183,2025-01-30 15:00:00,1.2301526751847378,6.430868167202571,18.0,22.180756,21.049526994047618,1.131229005952381,0.9638145,0.9423446,0.9467621,0.94259745
184,2025-01-30 16:00:00,1.0727488654019608,7.142857142857142,22.0,22.41782,21.049526994047618,1.3682930059523812,1.3467345,1.3264784,1.2992724,1.2958131
185,2025-01-30 17:00:00,0.9326326353399652,7.142857142857142,26.0,22.340681,21.049526994047618,1.2911540059523823,1.4420007,1.4280224,1.3724939,1.3708397
186,2025-01-30 18:00:00,0.8465441448135633,7.142857142857142,28.0,21.959509,21.049526994047618,0.9099820059523829,1.2134686,1.2038307,1.137206,1.1379094
187,2025-01-30 19:00:00,0.8195411425510127,6.430868167202571,28.0,21.371824,21.049526994047618,0.3222970059523824,0.7030946,0.6940008,0.6391826,0.6420313
188,2025-01-30 20:00:00,0.743445200310833,5.847953216374269,32.0,20.702353,21.049526994047618,-0.34717399404761906,0.026898274,0.016427008,-0.0076503367,-0.003552967
189,2025-01-30 21:00:00,0.7574605662179454,5.847953216374269,32.0,20.097616,21.049526994047618,-0.9519109940476191,-0.65178007,-0.658,-0.64822793,-0.6441182
190,2025-01-30 22:00:00,0.7739497321202846,5.847953216374269,36.0,19.734291,21.049526994047618,-1.3152359940476188,-1.1665721,-1.1542333,-1.1275812,-1.1245819
191,2025-01-30 23:00:00,0.7046431816326629,5.361930294906166,20.0,19.664982,21.049526994047618,-1.3845449940476193,-1.3951625,-1.3566864,-1.3331989,-1.3319552
192,2025-01-31 00:00:00,0.7296423863621698,4.950495049504951,2.0,19.887964,21.049526994047618,-1.1615629940476175,-1.2919264,-1.238552,-1.2241873,-1.2247362
193,2025-01-31 01:00:00,0.7456471181643262,4.950495049504951,2.0,20.352028,21.049526994047618,-0.6974989940476171,-0.8958186,-0.8473042,-0.8387513,-0.84064925
194,2025-01-31 02:00:00,0.7408628011601179,4.950495049504951,0.0,20.928125,21.049526994047618,-0.12140199404761631,-0.31465802,-0.28415304,-0.28055033,-0.28315666
195,2025-01-31 03:00:00,0.657030950177159,4.950495049504951,2.0,21.485985,21.049526994047618,0.4364580059523817,0.3048631,0.31569892,0.30899495,0.306241
196,2025-01-31 04:00:00,0.6493254860909278,4.950495049504951,0.0,21.856096,21.049526994047618,0.8065690059523831,0.81137216,0.8097722,0.7841116,0.7815563
197,2025-01-31 05:00:00,0.6096463035260392,4.950495049504951,2.0,21.966736,21.049526994047618,0.9172090059523832,1.0813134,1.0743252,1.027618,1.0254378
198,2025-01-31 06:00:00,0.5452176005899471,4.597701149425287,2.0,21.790766,21.049526994047618,0.7412390059523837,1.0469645,1.0346332,0.97879326,0.9771447
199,2025-01-31 07:00:00,0.5766481420789452,9.174311926605505,114.0,21.366478,21.049526994047618,0.316951005952383,0.7159025,0.69501144,0.6507702,0.6499115
200,2025-01-31 08:00:00,0.7279324247386005,3.389830508474576,88.0,20.805016,21.049526994047618,-0.24451099404761933,0.17473908,0.14420132,0.13105114,0.13132526
201,2025-01-31 09:00:00,0.8356423269716731,4.291845493562232,150.0,20.277908,21.049526994047618,-0.7716189940476177,-0.42926306,-0.46408445,-0.43876374,-0.43710065
202,2025-01-31 10:00:00,0.8720826758838941,4.024144869215292,166.0,19.913746,21.049526994047618,-1.135780994047618,-0.9275964,-0.9510031,-0.90090734,-0.89792085
203,2025-01-31 11:00:00,0.8096005218511634,4.291845493562232,162.0,19.847113,21.049526994047618,-1.2024139940476175,-1.1793237,-1.1758157,-1.1258031,-1.1220299
204,2025-01-31 12:00:00,0.7656071935901153,4.597701149425287,158.0,20.073528,21.049526994047618,-0.9759989940476181,-1.1116527,-1.084184,-1.0479182,-1.0443083
205,2025-01-31 13:00:00,0.7611227835302669,4.291845493562232,158.0,20.566006,21.049526994047618,-0.48352099404761617,-0.7380061,-0.7060034,-0.68175596,-0.67938936
206,2025-01-31 14:00:00,0.8202409284838768,5.361930294906166,146.0,21.19026,21.049526994047618,0.1407330059523808,-0.15001713,-0.13147067,-0.11518767,-0.11486956
207,2025-01-31 15:00:00,0.8587173655332824,5.847953216374269,142.0,21.815353,21.049526994047618,0.765826005952384,0.50953597,0.5084349,0.5146895,0.5127733
208,2025-01-31 16:00:00,0.8838798803892565,5.847953216374269,144.0,22.267368,21.049526994047618,1.2178410059523834,1.0817983,1.066483,1.054705,1.0511054
209,2025-01-31 17:00:00,0.9019515606928268,5.847953216374269,142.0,22.412804,21.049526994047618,1.3632770059523835,1.4266369,1.4064023,1.3704846,1.3663119
210,2025-01-31 18:00:00,0.9832206724288972,6.430868167202571,142.0,22.236622,21.049526994047618,1.1870950059523828,1.4532592,1.4311656,1.3777524,1.374276
211,2025-01-31 19:00:00,0.8889642111387416,6.430868167202571,150.0,21.810982,21.049526994047618,0.7614550059523815,1.1435255,1.1166943,1.0647894,1.062988
212,2025-01-31 20:00:00,0.9153364411664828,6.430868167202571,146.0,21.195847,21.049526994047618,0.14632000595238281,0.5620466,0.5290533,0.49960065,0.49985453
213,2025-01-31 21:00:00,0.7758859081238282,6.430868167202571,134.0,20.52906,21.049526994047618,-0.5204669940476165,-0.15415755,-0.1885934,-0.18349932,-0.18145745
214,2025-01-31 22:00:00,0.7652443674828208,6.430868167202571,122.0,19.990242,21.049526994047618,-1.0592849940476192,-0.8288353,-0.84969115,-0.817439,-0.8143265
215,2025-01-31 23:00:00,0.6229894637249028,5.847953216374269,122.0,19.729876,21.049526994047618,-1.3196509940476169,-1.294844,-1.2818743,-1.2473096,-1.2439735
216,2025-02-01 00:00:00,0.6220393729562798,5.847953216374269,114.0,19.795927,21.049526994047618,-1.2535999940476188,-1.4412545,-1.3889546,-1.3721299,-1.3692673
217,2025-02-01 01:00:00,0.6898934575378639,5.847953216374269,118.0,20.18514,21.049526994047618,-0.8643869940476172,-1.242215,-1.1685442,-1.1699303,-1.1679642
218,2025-02-01 02:00:00,0.4836761951430726,5.847953216374269,112.0,20.7707,21.049526994047618,-0.27882699404761624,-0.7590935,-0.6897821,-0.6998753,-0.69899714
219,2025-02-01 03:00:00,0.5294922258953255,6.430868167202571,112.0,21.429752,21.049526994047618,0.38022500595238284,-0.11920151,-0.070845105,-0.08391874,-0.08421187
220,2025-02-01 04:00:00,0.607320105006246,7.142857142857142,122.0,22.037313,21.049526994047618,0.9877860059523833,0.518254,0.5426721,0.5242717,0.52275157
221,2025-02-01 05:00:00,0.7307813719492182,7.142857142857142,124.0,22.368984,21.049526994047618,1.3194570059523834,0.99866664,1.0051115,0.9750543,0.97231865
222,2025-02-01 06:00:00,0.8379409366312162,6.430868167202571,126.0,22.385553,21.049526994047618,1.3360260059523839,1.2052147,1.1978562,1.1570638,1.1533347
223,2025-02-01 07:00:00,1.0464208389470602,7.142857142857142,112.0,22.122606,21.049526994047618,1.0730790059523834,1.0857645,1.0622593,1.0245764,1.0204258
224,2025-02-01 08:00:00,1.1197646678287825,4.024144869215292,54.0,21.629822,21.049526994047618,0.580295005952383,0.6689933,0.6271595,0.6116412,0.6079942
225,2025-02-01 09:00:00,1.2249669066551403,4.291845493562232,60.0,21.009731,21.049526994047618,-0.03979599404761913,0.062690444,0.006655034,0.026776446,0.02470748
226,2025-02-01 10:00:00,1.365785463717407,4.597701149425287,70.0,20.445799,21.049526994047618,-0.6037279940476168,-0.57077795,-0.62711185,-0.57374704,-0.5733861
227,2025-02-01 11:00:00,1.5600060305664307,4.950495049504951,66.0,20.134245,21.049526994047618,-0.9152819940476178,-1.0584462,-1.0919087,-1.0281599,-1.0251278
228,2025-02-01 12:00:00,1.8421448623472525,5.361930294906166,58.0,20.14183,21.049526994047618,-0.9076969940476189,-1.2665869,-1.2608639,-1.2139331,-1.2088145
229,2025-02-01 13:00:00,2.3366896749946537,6.430868167202571,48.0,20.41018,21.049526994047618,-0.6393469940476173,-1.1383877,-1.1012189,-1.0803463,-1.0744622
230,2025-02-01 14:00:00,2.837003893155832,7.142857142857142,40.0,20.938162,21.049526994047618,-0.11136499404761935,-0.7066455,-0.6621366,-0.6594909,-0.6545035
231,2025-02-01 15:00:00,2.971896497081613,8.032128514056225,44.0,21.572887,21.049526994047618,0.5233600059523837,-0.0801818,-0.048597265,-0.05501539,-0.05237157
232,2025-02-01 16:00:00,3.112588084079744,8.032128514056225,48.0,22.147339,21.049526994047618,1.097812005952381,0.5872854,0.5988595,0.58522916,0.5847956
233,2025-02-01 17:00:00,2.929936166443928,8.032128514056225,56.0,22.52238,21.049526994047618,1.4728530059523806,1.1342589,1.1299387,1.1043683,1.1010725
234,2025-02-01 18:00:00,2.9093923798876524,8.032128514056225,56.0,22.571722,21.049526994047618,1.5221950059523834,1.4266104,1.4123011,1.3725038,1.3673985
235,2025-02-01 19:00:00,2.642121797063063,8.032128514056225,58.0,22.312834,21.049526994047618,1.263307005952381,1.3870977,1.3619932,1.3177952,1.3123757
236,2025-02-01 20:00:00,2.5332737804105694,8.032128514056225,58.0,21.814137,21.049526994047618,0.764610005952381,1.0159287,0.9764773,0.9464395,0.9421429
237,2025-02-01 21:00:00,2.4020394411941344,8.032128514056225,58.0,21.163883,21.049526994047618,0.11435600595238071,0.3963499,0.34471658,0.34492058,0.34271953
238,2025-02-01 22:00:00,2.353376696255891,7.142857142857142,56.0,20.514359,21.049526994047618,-0.5351679940476188,-0.32116735,-0.3734585,-0.3393527,-0.33912954
239,2025-02-01 23:00:00,2.27303537830847,8.032128514056225,62.0,20.033619,21.049526994047618,-1.0159079940476161,-0.95666546,-0.987426,-0.93606174,-0.93367237
240,2025-02-02 00:00:00,2.081154321146882,8.032128514056225,62.0,19.852823,21.049526994047618,-1.196703994047617,-1.3506361,-1.3372375,-1.2978303,-1.2939183
241,2025-02-02 01:00:00,2.228515332793749,8.032128514056225,58.0,19.989775,21.049526994047618,-1.059751994047616,-1.4088627,-1.3493292,-1.3391929,-1.3345736
242,2025-02-02 02:00:00,2.413059155219605,8.032128514056225,62.0,20.39072,21.049526994047618,-0.658806994047616,-1.126122,-1.0426086,-1.0568029,-1.0523273
243,2025-02-02 03:00:00,2.415684149210507,8.032128514056225,56.0,20.959301,21.049526994047618,-0.09022599404761777,-0.58247966,-0.50209093,-0.526802,-0.5233015
244,2025-02-02 04:00:00,2.172351305809149,8.032128514056225,60.0,21.590178,21.049526994047618,0.5406510059523839,0.08242334,0.14311995,0.11687334,0.11862879
245,2025-02-02 05:00:00,2.265795053718458,7.142857142857142,46.0,22.069445,21.049526994047618,1.019918005952384,0.7055567,0.74273956,0.7155076,0.71491635
246,2025-02-02 06:00:00,2.194750337338048,7.142857142857142,42.0,22.283863,21.049526994047618,1.2343360059523825,1.1371301,1.1535218,1.1223209,1.1191453
247,2025-02-02 07:00:00,2.1627822544912165,8.032128514056225,58.0,22.19754,21.049526994047618,1.1480130059523823,1.2725215,1.2676148,1.2366226,1.2312056
248,2025-02-02 08:00:00,1.9592550656815688,8.032128514056225,62.0,21.824856,21.049526994047618,0.7753290059523827,1.0767231,1.046017,1.0292584,1.0226297
249,2025-02-02 09:00:00,1.6997560866034822,7.142857142857142,50.0,21.25436,21.049526994047618,0.20483300595238063,0.59667146,0.54030615,0.5525912,0.5463398
250,2025-02-02 10:00:00,1.784781768789607,7.142857142857142,54.0,20.61551,21.049526994047618,-0.4340169940476173,-0.04524935,-0.11774095,-0.07026145,-0.074379474
251,2025-02-02 11:00:00,1.7017226748977394,7.142857142857142,52.0,20.079437,21.049526994047618,-0.9700899940476191,-0.6802004,-0.7486123,-0.67673594,-0.6773547
252,2025-02-02 12:00:00,1.478149472365022,7.142857142857142,60.0,19.807137,21.049526994047618,-1.2423899940476169,-1.1390574,-1.1767743,-1.1086643,-1.1053256
253,2025-02-02 13:00:00,1.359314075707936,7.142857142857142,62.0,19.84316,21.049526994047618,-1.2063669940476167,-1.3008984,-1.2934779,-1.2549796,-1.2483883
254,2025-02-02 14:00:00,1.3444330506620574,7.142857142857142,66.0,20.173798,21.049526994047618,-0.8757289940476163,-1.1261767,-1.0847579,-1.0798998,-1.0717819
255,2025-02-02 15:00:00,1.3306713783630966,6.430868167202571,58.0,20.71037,21.049526994047618,-0.3391569940476167,-0.66371053,-0.6127461,-0.6293495,-0.6219383
256,2025-02-02 16:00:00,1.2705655186914906,8.032128514056225,82.0,21.327,21.049526994047618,0.277473005952384,-0.032507803,0.009281124,-0.016466621,-0.011796816
257,2025-02-02 17:00:00,1.2760865401303385,7.142857142857142,80.0,21.862598,21.049526994047618,0.8130710059523807,0.6115101,0.6371548,0.6074124,0.6081383
258,2025-02-02 18:00:00,1.2470764554135647,8.032128514056225,92.0,22.192831,21.049526994047618,1.143304005952384,1.1124271,1.1230702,1.0885208,1.0852666
259,2025-02-02 19:00:00,1.2013847845223495,7.142857142857142,80.0,22.217752,21.049526994047618,1.168225005952383,1.3478054,1.3439574,1.3063964,1.3002244
260,2025-02-02 20:00:00,1.172007617233338,8.032128514056225,86.0,21.95423,21.049526994047618,0.9047030059523813,1.2556955,1.232607,1.2033623,1.1960286
261,2025-02-02 21:00:00,1.0723576564562454,8.032128514056225,84.0,21.442808,21.049526994047618,0.3932810059523817,0.8519327,0.8067151,0.8010708,0.79446477
262,2025-02-02 22:00:00,1.0467609715622417,8.032128514056225,88.0,20.828476,21.049526994047618,-0.2210509940476193,0.23174478,0.17054242,0.198001,0.19364277
263,2025-02-02 23:00:00,1.0119387438679113,8.032128514056225,86.0,20.243248,21.049526994047618,-0.8062789940476165,-0.44997033,-0.5108746,-0.4541924,-0.45545176
264,2025-02-03 00:00:00,0.9808844519846398,7.142857142857142,82.0,19.87078,21.049526994047618,-1.1787469940476178,-1.018632,-1.0539465,-0.99045676,-0.98850095
265,2025-02-03 01:00:00,1.0308386173351725,6.430868167202571,80.0,19.780247,21.049526994047618,-1.2692799940476185,-1.3290577,-1.3171903,-1.2765107,-1.271856
266,2025-02-03 02:00:00,1.1030894641503384,7.142857142857142,80.0,20.023994,21.049526994047618,-1.0255329940476194,-1.3062122,-1.2482849,-1.2435849,-1.2372133
267,2025-02-03 03:00:00,1.219624551197688,4.024144869215292,140.0,20.481998,21.049526994047618,-0.5675289940476169,-0.9631324,-0.8812804,-0.9038942,-0.8970904
268,2025-02-03 04:00:00,1.3507172513422108,4.597701149425287,118.0,21.094057,21.049526994047618,0.04453000595238166,-0.3921429,-0.3102608,-0.34450874,-0.3387031
269,2025-02-03 05:00:00,1.3284265663086408,5.361930294906166,108.0,21.70484,21.049526994047618,0.6553130059523831,0.2634629,0.33091667,0.2960728,0.2995029
270,2025-02-03 06:00:00,1.333305131360319,5.847953216374269,100.0,22.14868,21.049526994047618,1.099153005952381,0.84546053,0.89312446,0.8613602,0.86136633
271,2025-02-03 07:00:00,1.337287355369162,5.847953216374269,106.0,22.326487,21.049526994047618,1.2769600059523825,1.215335,1.2411321,1.2131481,1.2093357
272,2025-02-03 08:00:00,1.3519742390357736,5.847953216374269,108.0,22.18286,21.049526994047618,1.1333330059523838,1.2834486,1.2822115,1.2641877,1.2570796
273,2025-02-03 09:00:00,1.203535230288029,6.430868167202571,110.0,21.782162,21.049526994047618,0.7326350059523818,1.0303962,0.9971426,1.0006578,0.99174887
274,2025-02-03 10:00:00,1.1497401527806523,6.430868167202571,110.0,21.192907,21.049526994047618,0.14338000595238398,0.5159035,0.45401078,0.4879085,0.4794026
275,2025-02-03 11:00:00,1.0344982872443558,6.430868167202571,110.0,20.57258,21.049526994047618,-0.4769469940476192,-0.13112299,-0.20843393,-0.14441474,-0.15017243
276,2025-02-03 12:00:00,0.935739406596599,5.847953216374269,110.0,20.073936,21.049526994047618,-0.975590994047618,-0.74393886,-0.8142477,-0.7357584,-0.73699903
277,2025-02-03 13:00:00,0.903682405954413,5.847953216374269,110.0,19.85447,21.049526994047618,-1.1950569940476186,-1.1639613,-1.2014208,-1.1374298,-1.1335764
278,2025-02-03 14:00:00,0.8128611891875536,5.361930294906166,108.0,19.93091,21.049526994047618,-1.118616994047617,-1.2859906,-1.2791065,-1.251606,-1.2435412
279,2025-02-03 15:00:00,0.7351214630135985,5.847953216374269,108.0,20.284292,21.049526994047618,-0.7652349940476171,-1.0860503,-1.0462734,-1.0550195,-1.044876
280,2025-02-03 16:00:00,0.6892615273649588,5.847953216374269,102.0,20.810663,21.049526994047618,-0.23886399404761605,-0.6232069,-0.570938,-0.6019229,-0.5924494
281,2025-02-03 17:00:00,0.6806726031535618,5.361930294906166,104.0,21.42019,21.049526994047618,0.3706630059523839,-0.018486397,0.03143772,-0.007966195,-0.0016903341
282,2025-02-03 18:00:00,0.6513604819331629,5.847953216374269,108.0,21.91465,21.049526994047618,0.865123005952384,0.57830274,0.61858994,0.57894474,0.5804617
283,2025-02-03 19:00:00,0.6717742539516123,5.847953216374269,112.0,22.209476,21.049526994047618,1.159949005952381,1.0231509,1.050388,1.0136459,1.0102111
284,2025-02-03 20:00:00,0.6615538363152587,6.430868167202571,110.0,22.206358,21.049526994047618,1.1568310059523839,1.2081195,1.2171059,1.1878955,1.1806378
285,2025-02-03 21:00:00,0.6957502197780026,5.847953216374269,110.0,21.91109,21.049526994047618,0.8615630059523838,1.0851966,1.0688812,1.0572149,1.0481557
286,2025-02-03 22:00:00,0.7075989250267025,5.847953216374269,104.0,21.394245,21.049526994047618,0.3447180059523838,0.6806302,0.6382015,0.6537655,0.6452
287,2025-02-03 23:00:00,0.7058516711649332,5.847953216374269,110.0,20.829132,21.049526994047618,-0.22039499404761642,0.093771584,0.0341764,0.08019381,0.074102946
288,2025-02-04 00:00:00,0.8092989718277004,6.430868167202571,108.0,20.297756,21.049526994047618,-0.751770994047618,-0.5246153,-0.5841249,-0.51599634,-0.5183449
289,2025-02-04 01:00:00,0.8356245559080355,5.847953216374269,110.0,19.98948,21.049526994047618,-1.0600469940476174,-1.012341,-1.0477896,-0.9813278,-0.979543
290,2025-02-04 02:00:00,0.8291689469928999,6.430868167202571,114.0,19.973589,21.049526994047618,-1.0759379940476173,-1.2420732,-1.2349378,-1.1969931,-1.1915333
291,2025-02-04 03:00:00,0.8665188440526511,7.142857142857142,106.0,20.215153,21.049526994047618,-0.8343739940476169,-1.1569918,-1.1093343,-1.1090204,-1.1010555
292,2025-02-04 04:00:00,0.7772827509331732,7.142857142857142,108.0,20.733644,21.049526994047618,-0.315882994047616,-0.78324175,-0.7127463,-0.73999584,-0.7312105
293,2025-02-04 05:00:00,0.7644733045001734,7.142857142857142,106.0,21.336456,21.049526994047618,0.2869290059523806,-0.21757758,-0.14186403,-0.1810378,-0.1733778
294,2025-02-04 06:00:00,0.7978673690547209,6.430868167202571,118.0,21.922466,21.049526994047618,0.8729390059523823,0.40137663,0.4702982,0.43179694,0.43646085
295,2025-02-04 07:00:00,0.6937944757110676,7.142857142857142,116.0,22.329174,21.049526994047618,1.2796470059523806,0.9268511,0.98104084,0.9500295,0.95031846
296,2025-02-04 08:00:00,0.7415555693379106,7.142857142857142,122.0,22.445896,21.049526994047618,1.3963690059523834,1.2350076,1.2674346,1.2473773,1.2428273
297,2025-02-04 09:00:00,0.6573904214262387,6.430868167202571,114.0,22.256933,21.049526994047618,1.2074060059523823,1.2506516,1.2533212,1.2499182,1.241266
298,2025-02-04 10:00:00,0.6642788922552624,6.430868167202571,124.0,21.808966,21.049526994047618,0.7594390059523839,0.9657315,0.9353031,0.9552182,0.94439155
299,2025-02-04 11:00:00,0.6468161005377799,5.847953216374269,120.0,21.220402,21.049526994047618,0.17087500595238225,0.44587597,0.38862315,0.43465677,0.42438266
300,2025-02-04 12:00:00,0.6151789829070597,5.847953216374269,124.0,20.616163,21.049526994047618,-0.4333639940476175,-0.18128356,-0.25179222,-0.18351607,-0.19043122
301,2025-02-04 13:00:00,0.7162920549204876,5.847953216374269,114.0,20.15492,21.049526994047618,-0.8946069940476171,-0.7577637,-0.82141966,-0.74709994,-0.74861366
302,2025-02-04 14:00:00,1.0668121608290182,4.597701149425287,2.0,19.922434,21.049526994047618,-1.1270929940476186,-1.1392068,-1.173923,-1.1197045,-1.1152163
303,2025-02-04 15:00:00,1.3258405972374658,5.361930294906166,2.0,20.004744,21.049526994047618,-1.044782994047619,-1.2357616,-1.2322985,-1.2155219,-1.2061262
304,2025-02-04 16:00:00,1.4132624360230923,5.847953216374269,2.0,20.339954,21.049526994047618,-0.709572994047619,-1.0347004,-1.0012642,-1.0193461,-1.0075455
305,2025-02-04 17:00:00,1.2665689732709735,5.847953216374269,20.0,20.8527,21.049526994047618,-0.19682699404761905,-0.5983668,-0.5483179,-0.58762115,-0.5765838
306,2025-02-04 18:00:00,1.121548124475111,5.847953216374269,2.0,21.405718,21.049526994047618,0.3561910059523825,-0.042229112,0.013898055,-0.032230876,-0.02484699
307,2025-02-04 19:00:00,1.1644458541301133,5.847953216374269,2.0,21.850872,21.049526994047618,0.8013450059523812,0.49609318,0.5495676,0.50751126,0.5094503
308,2025-02-04 20:00:00,1.2989218271942262,5.361930294906166,358.0,22.091618,21.049526994047618,1.0420910059523827,0.8875291,0.9299282,0.8980247,0.8942638
309,2025-02-04 21:00:00,1.542015553905585,6.430868167202571,2.0,22.058264,21.049526994047618,1.0087370059523835,1.0379752,1.0599415,1.043192,1.0349628
310,2025-02-04 22:00:00,1.5599236301956714,7.142857142857142,16.0,21.756052,21.049526994047618,0.7065250059523827,0.90926415,0.90391636,0.90817195,0.89773166
311,2025-02-04 23:00:00,1.4192228882067823,7.142857142857142,2.0,21.280308,21.049526994047618,0.23078100595238382,0.5315772,0.5007113,0.52924776,0.51921076
312,2025-02-05 00:00:00,1.2419078139349142,7.142857142857142,22.0,20.709986,21.049526994047618,-0.33954099404761706,0.0011101335,-0.04616224,0.005818054,-0.0014955944
313,2025-02-05 01:00:00,1.457317223128845,7.142857142857142,22.0,20.241749,21.049526994047618,-0.8077779940476191,-0.541736,-0.5914401,-0.5248102,-0.5278433
314,2025-02-05 02:00:00,1.742282306963591,8.032128514056225,26.0,19.956137,21.049526994047618,-1.0933899940476195,-0.95064515,-0.9834439,-0.92346436,-0.9216533
315,2025-02-05 03:00:00,1.9350539503352544,8.032128514056225,22.0,19.955246,21.049526994047618,-1.0942809940476188,-1.1158204,-1.1165335,-1.0855685,-1.0793662
316,2025-02-05 04:00:00,1.6639896447164635,8.032128514056225,24.0,20.23637,21.049526994047618,-0.8131569940476169,-0.99455047,-0.963344,-0.96747595,-0.95822924
317,2025-02-05 05:00:00,1.5452947974032367,7.142857142857142,20.0,20.729025,21.049526994047618,-0.3205019940476177,-0.619332,-0.5663025,-0.59598094,-0.5857011
318,2025-02-05 06:00:00,1.4509248175208838,7.142857142857142,20.0,21.291395,21.049526994047618,0.24186800595238367,-0.08387861,-0.019479603,-0.059975065,-0.051003706
319,2025-02-05 07:00:00,1.2370305796987016,6.430868167202571,18.0,21.84498,21.049526994047618,0.7954530059523819,0.4839687,0.54934156,0.51207155,0.51750827
320,2025-02-05 08:00:00,1.1325128862347975,6.430868167202571,2.0,22.211945,21.049526994047618,1.1624180059523823,0.952094,1.0075171,0.9827467,0.983061
321,2025-02-05 09:00:00,1.0587478148543614,6.430868167202571,2.0,22.311838,21.049526994047618,1.2623110059523839,1.2109675,1.2459401,1.2378787,1.2326097
322,2025-02-05 10:00:00,1.0703639569383756,6.430868167202571,2.0,22.137573,21.049526994047618,1.088046005952382,1.1961911,1.2026961,1.213817,1.2039176
323,2025-02-05 11:00:00,1.077560316784948,6.430868167202571,24.0,21.718403,21.049526994047618,0.6688760059523808,0.90516835,0.88299567,0.91370326,0.9014627
324,2025-02-05 12:00:00,1.008476338126567,5.847953216374269,2.0,21.158243,21.049526994047618,0.10871600595238107,0.4027697,0.35936257,0.40794995,0.3964896
325,2025-02-05 13:00:00,0.9566886205705674,5.847953216374269,2.0,20.59405,21.049526994047618,-0.45547699404761843,-0.19041255,-0.24499154,-0.18254231,-0.19010729
326,2025-02-05 14:00:00,1.1018290755266174,5.361930294906166,2.0,20.15496,21.049526994047618,-0.8945669940476186,-0.7285145,-0.77996695,-0.7169068,-0.71839565
327,2025-02-05 15:00:00,1.0780021808979068,5.847953216374269,2.0,19.943377,21.049526994047618,-1.106149994047616,-1.0813937,-1.1125649,-1.070308,-1.0651773
328,2025-02-05 16:00:00,1.178926169076731,5.361930294906166,2.0,19.99678,21.049526994047618,-1.0527469940476166,-1.1711118,-1.1733098,-1.165109,-1.1546692
329,2025-02-05 17:00:00,1.1835210762177537,5.361930294906166,2.0,20.274397,21.049526994047618,-0.7751299940476173,-0.99030626,-0.965841,-0.9887181,-0.9757675
330,2025-02-05 18:00:00,1.2771176547882752,5.361930294906166,2.0,20.683887,21.049526994047618,-0.36563999404761915,-0.5980309,-0.55234534,-0.59429216,-0.5822858
331,2025-02-05 19:00:00,1.1754537221878736,5.361930294906166,2.0,21.191078,21.049526994047618,0.14155100595238324,-0.09890674,-0.03924868,-0.085618176,-0.07765463
332,2025-02-05 20:00:00,1.078540633865818,4.950495049504951,358.0,21.59753,21.049526994047618,0.5480030059523813,0.38415286,0.4468199,0.40896404,0.410999
333,2025-02-05 21:00:00,0.8899544925521864,5.361930294906166,2.0,21.827408,21.049526994047618,0.7778810059523806,0.73616904,0.7894803,0.76730555,0.7631767
334,2025-02-05 22:00:00,0.7710638038846167,5.847953216374269,2.0,21.823732,21.049526994047618,0.774205005952382,0.8730418,0.9062294,0.90245616,0.8935064
335,2025-02-05 23:00:00,0.782125265174235,5.361930294906166,2.0,21.593996,21.049526994047618,0.5444690059523829,0.76073676,0.76930153,0.7838749,0.772533
336,2025-02-06 00:00:00,0.7487903942920978,5.361930294906166,22.0,21.204004,21.049526994047618,0.15447700595238345,0.42725158,0.41492242,0.44563547,0.43471357
337,2025-02-06 01:00:00,0.7053598588287858,5.361930294906166,38.0,20.742851,21.049526994047618,-0.30667599404761603,-0.039366964,-0.066509955,-0.021394307,-0.0293835
338,2025-02-06 02:00:00,0.7661226745760918,5.361930294906166,34.0,20.346554,21.049526994047618,-0.7029729940476166,-0.51165366,-0.54621685,-0.4924905,-0.49583656
339,2025-02-06 03:00:00,0.6392079681629251,5.361930294906166,44.0,20.131493,21.049526994047618,-0.9180339940476188,-0.85853314,-0.887321,-0.8415085,-0.8395685
340,2025-02-06 04:00:00,0.5809135285865741,4.950495049504951,36.0,20.157919,21.049526994047618,-0.891607994047618,-0.9839139,-0.99414,-0.97377783,-0.96702725
341,2025-02-06 05:00:00,0.574391704618633,4.950495049504951,40.0,20.411558,21.049526994047618,-0.6379689940476183,-0.85309654,-0.8407848,-0.85013944,-0.84005696
342,2025-02-06 06:00:00,0.5612951911938598,5.361930294906166,42.0,20.845346,21.049526994047618,-0.20418099404761847,-0.49824354,-0.46486175,-0.49590212,-0.48471746
343,2025-02-06 07:00:00,0.5387557586070146,5.361930294906166,38.0,21.373775,21.049526994047618,0.3242480059523807,-0.004661972,0.045539256,0.0066025006,0.016298223
344,2025-02-06 08:00:00,0.5528680006809016,4.950495049504951,34.0,21.846119,21.049526994047618,0.7965920059523839,0.5131379,0.57029104,0.53874165,0.5445163
345,2025-02-06 09:00:00,0.5141452433939924,5.361930294906166,48.0,22.155981,21.049526994047618,1.1064540059523829,0.93683165,0.9877108,0.9739088,0.97408
346,2025-02-06 10:00:00,0.4656565279163729,4.950495049504951,52.0,22.2292,21.049526994047618,1.179673005952381,1.1673483,1.2005405,1.2071127,1.2012721
347,2025-02-06 11:00:00,0.4556506314319635,4.291845493562232,42.0,22.05879,21.049526994047618,1.0092630059523806,1.1454324,1.1555799,1.1797868,1.1690714
348,2025-02-06 12:00:00,0.5960926458084952,3.2206119162640903,80.0,21.65939,21.049526994047618,0.6098630059523806,0.8680064,0.85835755,0.8944571,0.88141066
349,2025-02-06 13:00:00,0.775840388467268,4.024144869215292,130.0,21.132948,21.049526994047618,0.08342100595238122,0.39443207,0.37113875,0.41527885,0.40326124
350,2025-02-06 14:00:00,0.9985659229713312,4.291845493562232,148.0,20.597946,21.049526994047618,-0.4515809940476174,-0.16415586,-0.19761896,-0.14678946,-0.15451893
351,2025-02-06 15:00:00,1.2027491077346375,4.597701149425287,150.0,20.19537,21.049526994047618,-0.8541569940476172,-0.6734754,-0.71028286,-0.66129774,-0.66254896
352,2025-02-06 16:00:00,1.2955966200493934,4.950495049504951,144.0,19.995953,21.049526994047618,-1.0535739940476176,-1.014185,-1.0417773,-1.0110855,-1.00543
353,2025-02-06 17:00:00,1.3903842476343085,5.361930294906166,138.0,20.071142,21.049526994047618,-0.9783849940476195,-1.1148425,-1.1234351,-1.1213707,-1.110305
354,2025-02-06 18:00:00,1.6815136934543264,5.847953216374269,130.0,20.329464,21.049526994047618,-0.7200629940476162,-0.96757686,-0.9526345,-0.977113,-0.96362245
355,2025-02-06 19:00:00,1.7363212148681189,6.430868167202571,126.0,20.79285,21.049526994047618,-0.25667699404761635,-0.623606,-0.58367103,-0.62458843,-0.6122563
356,2025-02-06 20:00:00,1.78664012260436,7.142857142857142,116.0,21.296614,21.049526994047618,0.24708700595238398,-0.17490889,-0.11549544,-0.15797678,-0.14994363
357,2025-02-06 21:00:00,1.8032899723701443,7.142857142857142,122.0,21.731209,21.049526994047618,0.681682005952382,0.26880318,0.33459562,0.30454427,0.30642802
358,2025-02-06 22:00:00,1.7962263608120967,7.142857142857142,118.0,21.996395,21.049526994047618,0.946868005952382,0.60233706,0.6604036,0.6491328,0.6447124
359,2025-02-06 23:00:00,1.867464397614963,8.032128514056225,120.0,22.03028,21.049526994047618,0.9807530059523835,0.7457858,0.7868719,0.79301775,0.7837253
360,2025-02-07 00:00:00,1.7103205798201024,7.142857142857142,122.0,21.806095,21.049526994047618,0.7565680059523814,0.66355205,0.6868368,0.70426506,0.69260275
361,2025-02-07 01:00:00,1.551710555520871,8.032128514056225,118.0,21.421219,21.049526994047618,0.37169200595238294,0.3773387,0.38700268,0.41009584,0.39892685
362,2025-02-07 02:00:00,1.3344815729122126,8.032128514056225,120.0,20.92912,21.049526994047618,-0.12040699404761668,-0.03446862,-0.038008995,-0.009044921,-0.01717454
363,2025-02-07 03:00:00,1.3343681106089058,8.032128514056225,116.0,20.505148,21.049526994047618,-0.5443789940476194,-0.45583874,-0.47330585,-0.4393708,-0.44273
364,2025-02-07 04:00:00,1.2028968511844067,7.142857142857142,108.0,20.2534,21.049526994047618,-0.7961269940476186,-0.7666803,-0.7908553,-0.76314265,-0.76108366
365,2025-02-07 05:00:00,1.1600657218515464,7.142857142857142,108.0,20.222214,21.049526994047618,-0.8273129940476167,-0.8785485,-0.8977844,-0.8895948,-0.88261396
366,2025-02-07 06:00:00,0.914047172808863,7.142857142857142,110.0,20.436348,21.049526994047618,-0.6131789940476189,-0.7584226,-0.7637336,-0.7784941,-0.76812506
367,2025-02-07 07:00:00,0.7729224575453321,7.142857142857142,110.0,20.844847,21.049526994047618,-0.20467999404761628,-0.43326873,-0.41845623,-0.44985318,-0.43840903
368,2025-02-07 08:00:00,0.7151351731372766,7.142857142857142,110.0,21.35032,21.049526994047618,0.30079300595238223,0.021982994,0.0568798,0.022018809,0.031858426
369,2025-02-07 09:00:00,0.6885697624721349,7.142857142857142,110.0,21.843754,21.049526994047618,0.7942270059523828,0.5046594,0.5496131,0.5273314,0.53307605
370,2025-02-07 10:00:00,0.7388425146107348,8.032128514056225,116.0,22.189672,21.049526994047618,1.1401450059523839,0.9057685,0.9468087,0.9469898,0.94695973
371,2025-02-07 11:00:00,0.9285969429928472,8.032128514056225,126.0,22.32572,21.049526994047618,1.2761930059523827,1.130644,1.1581854,1.1801032,1.1739621
372,2025-02-07 12:00:00,1.080925216725603,8.032128514056225,122.0,22.19273,21.049526994047618,1.1432030059523832,1.1192597,1.1324284,1.1674286,1.1564333
373,2025-02-07 13:00:00,1.2257878739453345,8.032128514056225,112.0,21.839266,21.049526994047618,0.7897390059523808,0.8638312,0.8686663,0.9060997,0.8929135
374,2025-02-07 14:00:00,1.2182850191159242,9.174311926605505,110.0,21.321413,21.049526994047618,0.271886005952382,0.41665804,0.4157565,0.4518768,0.43992656
375,2025-02-07 15:00:00,1.0851480839660117,9.174311926605505,108.0,20.79401,21.049526994047618,-0.25551699404761763,-0.11916934,-0.13041943,-0.0929001,-0.10037411
376,2025-02-07 16:00:00,1.1724577794261513,10.6951871657754,100.0,20.328896,21.049526994047618,-0.7206309940476174,-0.61696005,-0.6390564,-0.60391665,-0.6048259
377,2025-02-07 17:00:00,0.9951814394639766,10.6951871657754,102.0,20.019505,21.049526994047618,-1.030021994047619,-0.9626026,-0.9864938,-0.9660465,-0.960106
378,2025-02-07 18:00:00,1.0709485275339052,10.6951871657754,102.0,19.998251,21.049526994047618,-1.051275994047618,-1.0854666,-1.0994546,-1.1022419,-1.0910722
379,2025-02-07 19:00:00,1.0290333611025593,10.6951871657754,102.0,20.179075,21.049526994047618,-0.8704519940476168,-0.9730076,-0.9664878,-0.99177945,-0.97841644
380,2025-02-07 20:00:00,0.9412470065945148,9.174311926605505,102.0,20.549557,21.049526994047618,-0.49996999404761766,-0.6672978,-0.6340997,-0.6732576,-0.66123915
381,2025-02-07 21:00:00,0.8782500837862499,10.6951871657754,106.0,20.993265,21.049526994047618,-0.05626199404761678,-0.24975866,-0.1950508,-0.23284751,-0.22519176
382,2025-02-07 22:00:00,0.8718361751998057,10.6951871657754,114.0,21.37376,21.049526994047618,0.324233005952383,0.17814094,0.2400641,0.21777786,0.21936835
383,2025-02-07 23:00:00,0.8782577788125292,10.6951871657754,114.0,21.616407,21.049526994047618,0.5668800059523811,0.51459646,0.57047147,0.56797,0.56345356
384,2025-02-08 00:00:00,0.9301129810827174,9.174311926605505,116.0,21.67212,21.049526994047618,0.6225930059523819,0.67790943,0.72233063,0.73363656,0.72448075
385,2025-02-08 01:00:00,0.9805084286225928,10.6951871657754,108.0,21.500368,21.049526994047618,0.45084100595238397,0.6269921,0.6631357,0.6771179,0.6657742
386,2025-02-08 02:00:00,0.8552177411414126,10.6951871657754,106.0,21.149834,21.049526994047618,0.10030700595238073,0.37636483,0.4072725,0.4171907,0.4064118
387,2025-02-08 03:00:00,0.8267865170353729,10.6951871657754,100.0,20.748758,21.049526994047618,-0.30076899404761903,-0.0029326552,0.016165577,0.025829788,0.018036475
388,2025-02-08 04:00:00,0.7801612312583711,10.6951871657754,90.0,20.380917,21.049526994047618,-0.6686099940476176,-0.401367,-0.40261582,-0.38912442,-0.39229754
389,2025-02-08 05:00:00,0.8341925159520218,5.847953216374269,20.0,20.17092,21.049526994047618,-0.8786069940476189,-0.70342803,-0.72256964,-0.711964,-0.70991224
390,2025-02-08 06:00:00,0.8180990469777146,5.847953216374269,20.0,20.196388,21.049526994047618,-0.8531389940476188,-0.82197225,-0.84763193,-0.8500837,-0.84329265
391,2025-02-08 07:00:00,0.7848185525348458,5.361930294906166,2.0,20.424696,21.049526994047618,-0.6248309940476169,-0.7209865,-0.7397817,-0.7585597,-0.7485142
392,2025-02-08 08:00:00,0.8099855912339915,5.847953216374269,18.0,20.840672,21.049526994047618,-0.20885499404761632,-0.42055795,-0.4209617,-0.45120794,-0.44015348
393,2025-02-08 09:00:00,0.8824955253245099,5.847953216374269,20.0,21.32267,21.049526994047618,0.27314300595238095,0.012892061,0.03279495,0.004004713,0.0134622445
394,2025-02-08 10:00:00,0.8835993806097713,5.361930294906166,2.0,21.785257,21.049526994047618,0.7357300059523837,0.4835837,0.51348484,0.50235456,0.50780004
395,2025-02-08 11:00:00,0.8614828205995249,5.361930294906166,2.0,22.11796,21.049526994047618,1.0684330059523823,0.8852735,0.91235733,0.92708164,0.9269091
396,2025-02-08 12:00:00,0.8911152052733332,5.361930294906166,2.0,22.232716,21.049526994047618,1.1831890059523822,1.1214056,1.1401458,1.1758683,1.1698028
397,2025-02-08 13:00:00,0.7484591038457844,4.950495049504951,2.0,22.096413,21.049526994047618,1.0468860059523806,1.1269445,1.1417334,1.1843892,1.1737143
398,2025-02-08 14:00:00,0.6670836586090071,9.174311926605505,112.0,21.725542,21.049526994047618,0.6760150059523831,0.88827646,0.9067769,0.9426206,0.92996705
399,2025-02-08 15:00:00,0.6576618719853355,4.597701149425287,2.0,21.207407,21.049526994047618,0.15788000595238216,0.45277387,0.4726279,0.4996325,0.4883205
400,2025-02-08 16:00:00,0.6120690896848329,9.174311926605505,98.0,20.664526,21.049526994047618,-0.3850009940476191,-0.07981286,-0.07107331,-0.046123657,-0.053021956
401,2025-02-08 17:00:00,0.5906471638302332,9.174311926605505,102.0,20.2076,21.049526994047618,-0.8419269940476184,-0.5843614,-0.5930962,-0.57035744,-0.57093954
402,2025-02-08 18:00:00,0.5221703741527585,9.174311926605505,100.0,19.920372,21.049526994047618,-1.1291549940476173,-0.94618374,-0.96566767,-0.9545613,-0.94868195
403,2025-02-08 19:00:00,0.5039068016793944,4.597701149425287,26.0,19.88044,21.049526994047618,-1.1690869940476176,-1.0914075,-1.1082346,-1.1162841,-1.1055971
404,2025-02-08 20:00:00,0.6649054554597275,9.174311926605505,100.0,20.081436,21.049526994047618,-0.9680909940476177,-1.0017214,-1.0012641,-1.0288504,-1.0162886
405,2025-02-08 21:00:00,0.5110968413790753,9.174311926605505,96.0,20.479696,21.049526994047618,-0.5698309940476172,-0.7124208,-0.686442,-0.7255211,-0.7144017
406,2025-02-08 22:00:00,0.4880834121045496,9.174311926605505,104.0,20.937757,21.049526994047618,-0.11176999404761645,-0.29972678,-0.25397754,-0.2887384,-0.28180757
407,2025-02-08 23:00:00,0.5050859650758965,8.032128514056225,106.0,21.388714,21.049526994047618,0.3391870059523825,0.1362222,0.18766879,0.1709314,0.17220475
408,2025-02-09 00:00:00,0.4819992409785176,9.174311926605505,110.0,21.704527,21.049526994047618,0.6550000059523811,0.49051917,0.53756124,0.5405675,0.53625584
409,2025-02-09 01:00:00,0.4925733387390639,8.032128514056225,114.0,21.812037,21.049526994047618,0.7625100059523824,0.67546797,0.7179688,0.7306023,0.7221271
410,2025-02-09 02:00:00,0.5577183858542543,9.174311926605505,110.0,21.68809,21.049526994047618,0.6385630059523812,0.6437086,0.6884322,0.69624054,0.6858618
411,2025-02-09 03:00:00,0.5229794846447315,9.174311926605505,112.0,21.367033,21.049526994047618,0.31750600595238154,0.40533987,0.4530071,0.44995916,0.44015577
412,2025-02-09 04:00:00,0.4889477916660329,9.174311926605505,104.0,20.962313,21.049526994047618,-0.08721399404761598,0.029544573,0.06675522,0.060537625,0.053460453
413,2025-02-09 05:00:00,0.4852261340049295,9.174311926605505,104.0,20.568203,21.049526994047618,-0.4813239940476173,-0.37384564,-0.36169693,-0.3633923,-0.36629668
414,2025-02-09 06:00:00,0.552455494174031,9.174311926605505,102.0,20.342112,21.049526994047618,-0.7074149940476175,-0.68744576,-0.70100677,-0.7021452,-0.70033294
415,2025-02-09 07:00:00,0.639771184760714,3.067484662576687,122.0,20.325338,21.049526994047618,-0.7241889940476192,-0.8208493,-0.848803,-0.857724,-0.8516105
416,2025-02-09 08:00:00,0.7418551451885876,3.389830508474576,120.0,20.592243,21.049526994047618,-0.4572839940476179,-0.73354286,-0.75987715,-0.7800785,-0.7709781
417,2025-02-09 09:00:00,0.8006291601941448,3.577817531305903,108.0,21.00147,21.049526994047618,-0.04805699404761654,-0.44076222,-0.4516488,-0.47918266,-0.46911913
418,2025-02-09 10:00:00,0.9178184850760008,4.024144869215292,90.0,21.524038,21.049526994047618,0.47451100595238316,-0.0055411537,0.00084452727,-0.020981569,-0.012336849
419,2025-02-09 11:00:00,0.9591731137135124,4.597701149425287,92.0,22.086584,21.049526994047618,1.0370570059523807,0.47639203,0.48981282,0.48952556,0.49452084
420,2025-02-09 12:00:00,0.988339430796846,4.597701149425287,98.0,22.476248,21.049526994047618,1.4267210059523805,0.8949443,0.9055257,0.9326034,0.9324574
421,2025-02-09 13:00:00,1.0744101573256457,4.950495049504951,100.0,22.626049,21.049526994047618,1.5765220059523806,1.147244,1.1549156,1.200513,1.1949717
422,2025-02-09 14:00:00,1.0223489088649402,5.361930294906166,104.0,22.51533,21.049526994047618,1.465803005952381,1.1622317,1.1764976,1.2225063,1.212768
423,2025-02-09 15:00:00,1.129662088341463,5.847953216374269,108.0,22.163496,21.049526994047618,1.1139690059523808,0.9230328,0.95192105,0.98351216,0.97201735
424,2025-02-09 16:00:00,1.1677269476556265,5.847953216374269,112.0,21.628817,21.049526994047618,0.5792900059523838,0.47738886,0.5132883,0.53109413,0.5208944
425,2025-02-09 17:00:00,1.3324800232564795,6.430868167202571,96.0,21.022556,21.049526994047618,-0.02697099404761616,-0.0717843,-0.047493394,-0.033571485,-0.03969572
426,2025-02-09 18:00:00,1.8855975959566704,6.430868167202571,38.0,20.47472,21.049526994047618,-0.5748069940476164,-0.59493256,-0.592243,-0.58042675,-0.5808111
427,2025-02-09 19:00:00,1.9229519297743496,7.142857142857142,34.0,20.151762,21.049526994047618,-0.8977649940476162,-0.9728192,-0.9864091,-0.98444813,-0.9790528
428,2025-02-09 20:00:00,1.894915086996483,7.142857142857142,46.0,20.076948,21.049526994047618,-0.9725789940476162,-1.1274391,-1.1433003,-1.1580052,-1.1484054
429,2025-02-09 21:00:00,1.8929208371327224,7.142857142857142,50.0,20.245152,21.049526994047618,-0.8043749940476168,-1.0372707,-1.0395375,-1.071626,-1.0604925
430,2025-02-09 22:00:00,1.968616988273716,7.142857142857142,54.0,20.610685,21.049526994047618,-0.4388419940476176,-0.7363485,-0.7173047,-0.7582888,-0.7485556
431,2025-02-09 23:00:00,1.81822828422234,7.142857142857142,56.0,21.10701,21.049526994047618,0.057483005952381205,-0.30281287,-0.26917964,-0.30253083,-0.29654825
432,2025-02-10 00:00:00,1.7323540958739352,7.142857142857142,58.0,21.57018,21.049526994047618,0.5206530059523828,0.15774232,0.1936691,0.18070842,0.18175764
433,2025-02-10 01:00:00,1.895690488494433,7.142857142857142,64.0,21.898884,21.049526994047618,0.8493570059523812,0.53281325,0.5657756,0.57231206,0.5685844
434,2025-02-10 02:00:00,1.6479328175075143,7.142857142857142,62.0,22.010206,21.049526994047618,0.9606790059523824,0.72781396,0.7633551,0.7761039,0.76887256
435,2025-02-10 03:00:00,1.48331799713,7.142857142857142,66.0,21.867596,21.049526994047618,0.8180690059523812,0.6920412,0.7395908,0.7425658,0.7337536
436,2025-02-10 04:00:00,1.3779737386039763,6.430868167202571,72.0,21.52553,21.049526994047618,0.4760030059523821,0.4370239,0.49442536,0.4834807,0.47514117
437,2025-02-10 05:00:00,1.3136895406709028,6.430868167202571,72.0,21.061703,21.049526994047618,0.012176005952383662,0.037212256,0.085752614,0.07159071,0.06548546
438,2025-02-10 06:00:00,1.3134684583870124,7.142857142857142,70.0,20.608818,21.049526994047618,-0.4407089940476183,-0.39071983,-0.3689845,-0.3773138,-0.37998548
439,2025-02-10 07:00:00,1.3018269948553922,7.142857142857142,76.0,20.316254,21.049526994047618,-0.733272994047617,-0.7231347,-0.7302512,-0.7359878,-0.73472947
440,2025-02-10 08:00:00,1.253755037627769,7.142857142857142,74.0,20.243341,21.049526994047618,-0.8061859940476168,-0.8651686,-0.89034325,-0.90106267,-0.8961388
441,2025-02-10 09:00:00,1.167244991056901,7.142857142857142,76.0,20.419151,21.049526994047618,-0.6303759940476183,-0.7740861,-0.80119354,-0.8205281,-0.8129546
442,2025-02-10 10:00:00,1.2664348407977752,7.142857142857142,80.0,20.810976,21.049526994047618,-0.2385509940476176,-0.46549842,-0.48154408,-0.5056327,-0.49706683
443,2025-02-10 11:00:00,1.195461262991946,7.142857142857142,78.0,21.310526,21.049526994047618,0.2609990059523817,-0.0059118224,-0.010659897,-0.026059637,-0.018533433
444,2025-02-10 12:00:00,1.168605391248846,8.032128514056225,90.0,21.832762,21.049526994047618,0.7832350059523812,0.50237346,0.499498,0.5076836,0.51220095
445,2025-02-10 13:00:00,1.142327537789476,8.032128514056225,92.0,22.210815,21.049526994047618,1.1612880059523825,0.9409571,0.93440914,0.9693114,0.9694503
446,2025-02-10 14:00:00,1.2388543615919378,8.032128514056225,90.0,22.369236,21.049526994047618,1.319709005952383,1.1997123,1.1952765,1.2448497,1.2403132
447,2025-02-10 15:00:00,1.199807655741584,8.032128514056225,88.0,22.252747,21.049526994047618,1.2032200059523817,1.2044184,1.2157204,1.2597615,1.2515404
448,2025-02-10 16:00:00,1.246186315962383,8.032128514056225,96.0,21.894987,21.049526994047618,0.8454600059523827,0.94072133,0.97503155,0.9996737,0.98986965
449,2025-02-10 17:00:00,1.1309738891183565,8.032128514056225,88.0,21.3684,21.049526994047618,0.31887300595238344,0.4637148,0.5089913,0.5178888,0.5091467
450,2025-02-10 18:00:00,1.1284042411640158,8.032128514056225,88.0,20.762491,21.049526994047618,-0.28703599404761704,-0.114284515,-0.0799736,-0.075345404,-0.080627285
451,2025-02-10 19:00:00,1.1276836555011835,8.032128514056225,90.0,20.251915,21.049526994047618,-0.7976119940476174,-0.65542793,-0.6431647,-0.64088327,-0.64129597
452,2025-02-10 20:00:00,1.053528187514769,8.032128514056225,88.0,19.921347,21.049526994047618,-1.128179994047617,-1.0353888,-1.04081,-1.0478117,-1.0433605
453,2025-02-10 21:00:00,1.0345434443619046,8.032128514056225,84.0,19.87188,21.049526994047618,-1.1776469940476169,-1.1749576,-1.1852671,-1.2073909,-1.1994497
454,2025-02-10 22:00:00,1.1417121162432609,9.174311926605505,88.0,20.057579,21.049526994047618,-0.9919479940476172,-1.0551511,-1.0562617,-1.0934582,-1.0842851
455,2025-02-10 23:00:00,1.04536764492554,9.174311926605505,82.0,20.450876,21.049526994047618,-0.5986509940476168,-0.71595424,-0.70273507,-0.74529046,-0.7372981
456,2025-02-11 00:00:00,1.0438080663494669,8.032128514056225,90.0,20.948,21.049526994047618,-0.10152699404761734,-0.24426061,-0.22415636,-0.25525078,-0.25030497
457,2025-02-11 01:00:00,1.146663531605136,9.174311926605505,80.0,21.408606,21.049526994047618,0.3590790059523812,0.24431883,0.26223814,0.25358832,0.25460798
458,2025-02-11 02:00:00,1.0901084256705602,8.032128514056225,86.0,21.7097,21.049526994047618,0.6601730059523838,0.62875986,0.6448339,0.6551303,0.6524073
459,2025-02-11 03:00:00,1.3533916624594726,5.361930294906166,2.0,21.790928,21.049526994047618,0.7414010059523832,0.81063604,0.8354063,0.8494036,0.8439496
460,2025-02-11 04:00:00,1.1649547140038412,5.847953216374269,2.0,21.615362,21.049526994047618,0.5658350059523833,0.7420554,0.7863308,0.7882568,0.7815191
461,2025-02-11 05:00:00,1.2692338679502169,5.847953216374269,2.0,21.253387,21.049526994047618,0.2038600059523823,0.44345412,0.5023908,0.49055877,0.48403865
462,2025-02-11 06:00:00,1.197821892777176,5.847953216374269,2.0,20.790897,21.049526994047618,-0.25862999404761666,0.0012669986,0.05350657,0.04002347,0.035008606
463,2025-02-11 07:00:00,1.2396500137264663,6.430868167202571,2.0,20.356508,21.049526994047618,-0.6930189940476161,-0.45677114,-0.4292613,-0.43646556,-0.43904674
464,2025-02-11 08:00:00,1.0816591671325952,6.430868167202571,24.0,20.081732,21.049526994047618,-0.9677949940476189,-0.8000175,-0.7993207,-0.80435157,-0.8040094
465,2025-02-11 09:00:00,1.0032451032047969,6.430868167202571,26.0,20.056906,21.049526994047618,-0.9926209940476163,-0.93193424,-0.9489328,-0.95887625,-0.9556306
466,2025-02-11 10:00:00,0.9551947536105944,6.430868167202571,28.0,20.305252,21.049526994047618,-0.7442749940476183,-0.81313205,-0.8344237,-0.85225344,-0.8466995
467,2025-02-11 11:00:00,0.8209438251703411,5.847953216374269,2.0,20.758932,21.049526994047618,-0.29059499404761624,-0.46655267,-0.48261523,-0.5036173,-0.49692392
468,2025-02-11 12:00:00,0.7673807544354857,5.847953216374269,2.0,21.30768,21.049526994047618,0.25815300595238355,0.03127854,0.018488668,0.008038167,0.014281266
469,2025-02-11 13:00:00,0.7111233734021108,8.032128514056225,80.0,21.851934,21.049526994047618,0.8024070059523822,0.56716985,0.550076,0.5632643,0.5673901
470,2025-02-11 14:00:00,0.676960546744804,4.950495049504951,2.0,22.253424,21.049526994047618,1.2038970059523812,1.01365,0.99171484,1.0288119,1.0295513
471,2025-02-11 15:00:00,0.6307258497938631,4.950495049504951,30.0,22.393345,21.049526994047618,1.3438180059523823,1.2564865,1.2405617,1.2875946,1.2845279
472,2025-02-11 16:00:00,0.5961931466499477,4.597701149425287,2.0,22.229578,21.049526994047618,1.1800510059523823,1.2245295,1.2306427,1.2676195,1.261412
473,2025-02-11 17:00:00,0.5529408900014016,5.361930294906166,48.0,21.824009,21.049526994047618,0.7744820059523825,0.91345483,0.94738066,0.963214,0.95549965
474,2025-02-11 18:00:00,0.4494597280412565,8.032128514056225,96.0,21.23871,21.049526994047618,0.18918300595238335,0.3923276,0.43953958,0.44060457,0.4335178
475,2025-02-11 19:00:00,0.4362869378022262,9.174311926605505,92.0,20.629663,21.049526994047618,-0.419863994047617,-0.21324019,-0.1744119,-0.17696285,-0.18145761
476,2025-02-11 20:00:00,0.4225150209458686,9.174311926605505,86.0,20.135525,21.049526994047618,-0.9140019940476165,-0.7569169,-0.7363122,-0.7418708,-0.7426048
477,2025-02-11 21:00:00,0.3931035368731683,9.174311926605505,92.0,19.86385,21.049526994047618,-1.1856769940476184,-1.1127735,-1.1072592,-1.1220838,-1.1190282
478,2025-02-11 22:00:00,0.4091828789430941,9.174311926605505,90.0,19.884659,21.049526994047618,-1.1648679940476185,-1.2066464,-1.2068921,-1.2349948,-1.2292014
479,2025-02-11 23:00:00,0.4002418895738917,9.174311926605505,82.0,20.155989,21.049526994047618,-0.893537994047616,-1.0295776,-1.025886,-1.0654169,-1.0586015
480,2025-02-12 00:00:00,0.3744505996343951,9.174311926605505,82.0,20.610018,21.049526994047618,-0.43950899404761756,-0.6343914,-0.62522984,-0.6653087,-0.6592588
481,2025-02-12 01:00:00,0.3921500786302151,9.174311926605505,98.0,21.165197,21.049526994047618,0.11567000595238142,-0.12124374,-0.113866284,-0.13877293,-0.1348216
482,2025-02-12 02:00:00,0.40449187595045,9.174311926605505,106.0,21.624851,21.049526994047618,0.5753240059523819,0.38340315,0.38413224,0.3823617,0.38362026
483,2025-02-12 03:00:00,0.4109329583428251,9.174311926605505,106.0,21.891672,21.049526994047618,0.8421450059523821,0.7532152,0.7527152,0.7681323,0.76683193
484,2025-02-12 04:00:00,0.359346879712371,9.174311926605505,102.0,21.911875,21.049526994047618,0.8623480059523807,0.892386,0.90442383,0.92130464,0.9180825
485,2025-02-12 05:00:00,0.3757934445655743,9.174311926605505,106.0,21.67737,21.049526994047618,0.6278430059523821,0.7637405,0.79915977,0.8035653,0.7992755
486,2025-02-12 06:00:00,0.3338120742445322,9.174311926605505,104.0,21.275732,21.049526994047618,0.2262050059523837,0.40371603,0.45611313,0.44878942,0.444289
487,2025-02-12 07:00:00,0.3400973851581865,10.6951871657754,100.0,20.76506,21.049526994047618,-0.28446699404761944,-0.08495311,-0.036055937,-0.043567073,-0.047508895
488,2025-02-12 08:00:00,0.3329739826190439,10.6951871657754,94.0,20.32389,21.049526994047618,-0.725636994047619,-0.563013,-0.5325996,-0.53543794,-0.53815204
489,2025-02-12 09:00:00,0.2798766007098121,10.6951871657754,102.0,20.069777,21.049526994047618,-0.9797499940476193,-0.896175,-0.8858076,-0.8893339,-0.8902755
490,2025-02-12 10:00:00,0.6443092715754402,10.6951871657754,102.0,20.087595,21.049526994047618,-0.9619319940476174,-0.9923917,-0.99637395,-1.0062674,-1.005117
491,2025-02-12 11:00:00,0.2877665136999368,10.6951871657754,104.0,20.39631,21.049526994047618,-0.653216994047618,-0.8229566,-0.8331299,-0.85038435,-0.847212
492,2025-02-12 12:00:00,0.2859448579926292,10.6951871657754,98.0,20.895039,21.049526994047618,-0.15448799404761715,-0.42478597,-0.43653658,-0.45505902,-0.45045665
493,2025-02-12 13:00:00,0.2992624709558971,10.6951871657754,110.0,21.49085,21.049526994047618,0.4413230059523805,0.1113545,0.09438481,0.087649025,0.09258672
494,2025-02-12 14:00:00,0.4804093817081743,10.6951871657754,114.0,22.021263,21.049526994047618,0.9717360059523834,0.6607989,0.633871,0.64893794,0.65285015
495,2025-02-12 15:00:00,0.9866954893782524,4.291845493562232,70.0,22.381622,21.049526994047618,1.3320950059523824,1.0903982,1.0574983,1.0918622,1.093535
496,2025-02-12 16:00:00,1.5635050766305816,5.361930294906166,56.0,22.441723,21.049526994047618,1.392196005952382,1.2884115,1.2633955,1.30284,1.301646
497,2025-02-12 17:00:00,1.7754356128514373,5.361930294906166,52.0,22.207838,21.049526994047618,1.1583110059523811,1.1947767,1.1939898,1.2209897,1.2171649
498,2025-02-12 18:00:00,1.8445388246883871,6.430868167202571,50.0,21.729927,21.049526994047618,0.6804000059523823,0.8223467,0.8501073,0.85742223,0.85203725
499,2025-02-12 19:00:00,1.945883603850607,6.430868167202571,56.0,21.126013,21.049526994047618,0.07648600595238264,0.25836846,0.30061615,0.29621,0.29082522
500,2025-02-12 20:00:00,1.883631934725244,6.430868167202571,60.0,20.518475,21.049526994047618,-0.531051994047619,-0.35814062,-0.3191778,-0.32637572,-0.33024204
501,2025-02-12 21:00:00,1.664881264714429,6.430868167202571,62.0,20.073362,21.049526994047618,-0.9761649940476183,-0.8763121,-0.84779054,-0.8590708,-0.8604472
502,2025-02-12 22:00:00,1.5979802935465133,6.430868167202571,64.0,19.88724,21.049526994047618,-1.1622869940476193,-1.1754875,-1.156603,-1.1766974,-1.1754339
503,2025-02-12 23:00:00,1.5080913926020203,6.430868167202571,64.0,19.992542,21.049526994047618,-1.0569849940476175,-1.1945506,-1.1815573,-1.2114764,-1.2081951
504,2025-02-13 00:00:00,1.6021238476280113,5.847953216374269,66.0,20.367628,21.049526994047618,-0.6818989940476179,-0.9417154,-0.93069273,-0.9664407,-0.9622164
505,2025-02-13 01:00:00,1.5957368900692317,5.847953216374269,68.0,20.89908,21.049526994047618,-0.1504469940476163,-0.48718593,-0.47977573,-0.5106175,-0.5065528
506,2025-02-13 02:00:00,1.600864141419997,5.847953216374269,72.0,21.460386,21.049526994047618,0.410859005952382,0.054865368,0.05287148,0.03935433,0.04246614
507,2025-02-13 03:00:00,1.720821501694654,5.847953216374269,76.0,21.91266,21.049526994047618,0.8631330059523812,0.550464,0.5383462,0.5459534,0.54775625
508,2025-02-13 04:00:00,1.867979617354683,5.847953216374269,80.0,22.161871,21.049526994047618,1.1123440059523837,0.87464875,0.86090946,0.8819404,0.8824318
509,2025-02-13 05:00:00,1.9268466885358155,5.847953216374269,82.0,22.134695,21.049526994047618,1.085168005952383,0.9425168,0.94165915,0.9616315,0.9609738
510,2025-02-13 06:00:00,2.097920989593222,6.430868167202571,88.0,21.850657,21.049526994047618,0.801130005952384,0.7351876,0.7572556,0.76524043,0.7636084
511,2025-02-13 07:00:00,2.0404062612427394,6.430868167202571,94.0,21.392036,21.049526994047618,0.3425090059523832,0.30981013,0.3489917,0.34747213,0.345029
512,2025-02-13 08:00:00,2.230962662709146,6.430868167202571,94.0,20.879213,21.049526994047618,-0.1703139940476177,-0.21403925,-0.17360182,-0.1754808,-0.17848681
513,2025-02-13 09:00:00,2.6310895167027915,7.142857142857142,94.0,20.473894,21.049526994047618,-0.5756329940476164,-0.6892553,-0.65733254,-0.6584371,-0.6615538
514,2025-02-13 10:00:00,2.6876929167105144,7.142857142857142,102.0,20.296944,21.049526994047618,-0.7525829940476179,-0.9846324,-0.9628421,-0.9685419,-0.97109556
515,2025-02-13 11:00:00,2.7337244266133407,7.142857142857142,98.0,20.41113,21.049526994047618,-0.6383969940476177,-1.0205076,-1.0084343,-1.0211331,-1.0223802
516,2025-02-13 12:00:00,3.0073870334257164,7.142857142857142,98.0,20.768324,21.049526994047618,-0.28120299404761795,-0.78584355,-0.78188556,-0.7994893,-0.7988999
517,2025-02-13 13:00:00,3.063687863018558,8.032128514056225,104.0,21.291492,21.049526994047618,0.2419650059523839,-0.33584547,-0.3399894,-0.35555458,-0.3530957
518,2025-02-13 14:00:00,2.85418850557393,8.032128514056225,98.0,21.870148,21.049526994047618,0.8206210059523826,0.22395179,0.20775084,0.20479198,0.20853075
519,2025-02-13 15:00:00,2.841949625409238,8.032128514056225,100.0,22.355486,21.049526994047618,1.3059590059523813,0.7609047,0.73101187,0.74637854,0.7503139
520,2025-02-13 16:00:00,2.825522583456369,9.174311926605505,98.0,22.602999,21.049526994047618,1.5534720059523828,1.1429447,1.1058779,1.134922,1.137834
521,2025-02-13 17:00:00,2.817577557705996,9.174311926605505,98.0,22.579008,21.049526994047618,1.529481005952384,1.2691408,1.2387811,1.2688845,1.26986
522,2025-02-13 18:00:00,2.6478255799405246,9.174311926605505,100.0,22.25615,21.049526994047618,1.206623005952384,1.0981241,1.0893989,1.1070294,1.1057979
523,2025-02-13 19:00:00,2.325603291707267,9.174311926605505,94.0,21.735613,21.049526994047618,0.686086005952383,0.6646203,0.68151736,0.68309027,0.6801029
524,2025-02-13 20:00:00,2.071432018302439,9.174311926605505,92.0,21.122921,21.049526994047618,0.07339400595238388,0.07444977,0.1067787,0.10003713,0.096261226
525,2025-02-13 21:00:00,1.9006097068841976,9.174311926605505,88.0,20.54564,21.049526994047618,-0.5038869940476189,-0.52399427,-0.48740605,-0.49701652,-0.5004852
526,2025-02-13 22:00:00,1.9191531406198652,9.174311926605505,92.0,20.156427,21.049526994047618,-0.893099994047617,-0.9825913,-0.9462185,-0.9611404,-0.9634655
527,2025-02-13 23:00:00,1.7147441669942085,9.174311926605505,90.0,20.063198,21.049526994047618,-0.9863289940476179,-1.1944789,-1.1614193,-1.1832069,-1.184033
528,2025-02-14 00:00:00,1.557740437837467,9.174311926605505,86.0,20.23175,21.049526994047618,-0.8177769940476161,-1.1191326,-1.092282,-1.1181185,-1.1175554
529,2025-02-14 01:00:00,1.3128473157236586,8.032128514056225,88.0,20.646128,21.049526994047618,-0.4033989940476168,-0.78664976,-0.7673471,-0.7919518,-0.7903761
530,2025-02-14 02:00:00,1.422471506939047,8.032128514056225,86.0,21.17071,21.049526994047618,0.12118300595238196,-0.28537762,-0.27674052,-0.2918704,-0.28968486
531,2025-02-14 03:00:00,1.3045784079483564,8.032128514056225,94.0,21.648428,21.049526994047618,0.5989010059523814,0.2598709,0.254391,0.25571793,0.2582279
532,2025-02-14 04:00:00,1.3676855952432565,8.032128514056225,90.0,22.006578,21.049526994047618,0.9570510059523833,0.71434593,0.69657856,0.7137901,0.7164373
533,2025-02-14 05:00:00,1.2337005559768477,8.032128514056225,88.0,22.076052,21.049526994047618,1.026525005952383,0.9628932,0.941264,0.9663381,0.96889806
534,2025-02-14 06:00:00,1.1139101158936082,9.174311926605505,84.0,21.89362,21.049526994047618,0.8440930059523808,0.93941796,0.9268054,0.9480313,0.95011526
535,2025-02-14 07:00:00,0.923865413506929,9.174311926605505,86.0,21.50035,21.049526994047618,0.4508230059523832,0.648499,0.654366,0.6641018,0.6651593
536,2025-02-14 08:00:00,0.9184118954482576,9.174311926605505,88.0,20.961622,21.049526994047618,-0.08790499404761931,0.16892576,0.19083725,0.1920536,0.19155042
537,2025-02-14 09:00:00,0.9329743828936798,9.174311926605505,84.0,20.41935,21.049526994047618,-0.6301769940476163,-0.36644477,-0.336829,-0.33844975,-0.34074882
538,2025-02-14 10:00:00,0.912353020999168,9.174311926605505,82.0,20.016901,21.049526994047618,-1.032625994047617,-0.8096222,-0.7764238,-0.7824087,-0.7862026
539,2025-02-14 11:00:00,1.1143327175184867,5.847953216374269,2.0,19.865099,21.049526994047618,-1.184427994047617,-1.0408218,-1.0072109,-1.0204058,-1.0248173
540,2025-02-14 12:00:00,1.2858957844520371,6.430868167202571,2.0,20.002747,21.049526994047618,-1.0467799940476183,-1.0001686,-0.9720477,-0.98976046,-0.9935586
541,2025-02-14 13:00:00,1.4113671649156478,7.142857142857142,2.0,20.377625,21.049526994047618,-0.6719019940476194,-0.69884783,-0.68048793,-0.6975853,-0.69960314
542,2025-02-14 14:00:00,1.4229089586796886,7.142857142857142,2.0,20.88302,21.049526994047618,-0.16650699404761937,-0.21095833,-0.20496812,-0.21541663,-0.21499383
543,2025-02-14 15:00:00,1.380222091831294,6.430868167202571,16.0,21.414192,21.049526994047618,0.36466500595238216,0.3466651,0.33743468,0.33966714,0.3424159
544,2025-02-14 16:00:00,1.3674792443656112,6.430868167202571,2.0,21.792086,21.049526994047618,0.7425590059523834,0.840112,0.81600666,0.8318952,0.8361091
545,2025-02-14 17:00:00,1.272547783663983,6.430868167202571,12.0,21.932781,21.049526994047618,0.8832540059523808,1.1467032,1.1134899,1.1375377,1.1419251
546,2025-02-14 18:00:00,1.1924292552706044,6.430868167202571,2.0,21.789375,21.049526994047618,0.739848005952382,1.1840731,1.1526842,1.1753079,1.1786088
547,2025-02-14 19:00:00,1.0787337595327435,7.142857142857142,18.0,21.408897,21.049526994047618,0.3593700059523819,0.9345898,0.91789466,0.9297275,0.9311233
548,2025-02-14 20:00:00,1.0321659878269394,6.430868167202571,16.0,20.870396,21.049526994047618,-0.17913099404761823,0.4556649,0.45932308,0.45899048,0.45830196
549,2025-02-14 21:00:00,0.9783837152213012,7.142857142857142,24.0,20.308252,21.049526994047618,-0.7412749940476182,-0.132061,-0.111579165,-0.11833872,-0.12071393
550,2025-02-14 22:00:00,0.9147820934167687,6.430868167202571,22.0,19.830647,21.049526994047618,-1.2188799940476187,-0.6781201,-0.6445649,-0.655726,-0.6590608
551,2025-02-14 23:00:00,0.9674899985950576,7.142857142857142,24.0,19.60125,21.049526994047618,-1.4482769940476174,-1.0459315,-1.0024949,-1.0196375,-1.0231595
552,2025-02-15 00:00:00,0.9199515093086528,7.142857142857142,26.0,19.652422,21.049526994047618,-1.3971049940476163,-1.1502984,-1.1051079,-1.1249328,-1.1280113
553,2025-02-15 01:00:00,0.9960260531091156,7.142857142857142,28.0,19.972633,21.049526994047618,-1.0768939940476194,-0.9762039,-0.9379099,-0.9540515,-0.95623535
554,2025-02-15 02:00:00,1.099426119839975,6.430868167202571,18.0,20.420855,21.049526994047618,-0.6286719940476182,-0.57644016,-0.54920655,-0.5571324,-0.55808884
555,2025-02-15 03:00:00,1.2110527446912198,7.142857142857142,22.0,20.963293,21.049526994047618,-0.08623399404761756,-0.054114807,-0.04041933,-0.036806345,-0.036268193
556,2025-02-15 04:00:00,1.148085709870624,6.430868167202571,24.0,21.43913,21.049526994047618,0.38960300595238095,0.46201047,0.46070233,0.47648433,0.4786746
557,2025-02-15 05:00:00,1.0704859318568318,6.430868167202571,2.0,21.74589,21.049526994047618,0.6963630059523815,0.8447613,0.82979,0.85398585,0.8577289
558,2025-02-15 06:00:00,0.9929596138044288,6.430868167202571,20.0,21.769234,21.049526994047618,0.7197070059523831,0.9967014,0.9730717,0.99908936,1.0038661
559,2025-02-15 07:00:00,0.9409612068730712,6.430868167202571,24.0,21.556442,21.049526994047618,0.5069150059523828,0.8759163,0.85360163,0.8731659,0.87799317
560,2025-02-15 08:00:00,0.8314537179407886,6.430868167202571,30.0,21.125402,21.049526994047618,0.07587500595238339,0.5117424,0.50090736,0.50885814,0.51246005
561,2025-02-15 09:00:00,0.8706738241122641,5.847953216374269,22.0,20.624647,21.049526994047618,-0.4248799940476182,0.0013942855,0.005409837,0.0038909432,0.005077883
562,2025-02-15 10:00:00,0.8186325246989871,5.847953216374269,22.0,20.16128,21.049526994047618,-0.8882469940476163,-0.5158314,-0.49679777,-0.5053616,-0.5072369
563,2025-02-15 11:00:00,0.7864313166846474,5.847953216374269,26.0,19.894121,21.049526994047618,-1.1554059940476193,-0.89954317,-0.8653642,-0.8826847,-0.887393
564,2025-02-15 12:00:00,0.8053053215860462,5.361930294906166,14.0,19.874887,21.049526994047618,-1.1746399940476167,-1.0490712,-1.0059837,-1.02975,-1.036146
565,2025-02-15 13:00:00,0.8967367482584974,5.847953216374269,2.0,20.10816,21.049526994047618,-0.9413669940476161,-0.9291306,-0.88858575,-0.91049904,-0.9168317
566,2025-02-15 14:00:00,0.8647380280658232,5.361930294906166,18.0,20.519278,21.049526994047618,-0.5302489940476178,-0.5738504,-0.5431987,-0.5567286,-0.5612009
567,2025-02-15 15:00:00,0.8755729448202623,5.847953216374269,2.0,21.025963,21.049526994047618,-0.023563994047616887,-0.07280343,-0.05450806,-0.056889907,-0.058256436
568,2025-02-15 16:00:00,0.7812237954362672,5.361930294906166,2.0,21.504145,21.049526994047618,0.45461800595238344,0.45248052,0.45712784,0.46616614,0.46819997
569,2025-02-15 17:00:00,0.7084987756796367,4.950495049504951,2.0,21.815996,21.049526994047618,0.7664690059523807,0.8749383,0.86566216,0.883191,0.8879154
570,2025-02-15 18:00:00,0.6331126463222968,4.950495049504951,2.0,21.870079,21.049526994047618,0.8205520059523828,1.0888622,1.0670741,1.088354,1.094346
571,2025-02-15 19:00:00,0.5656363094426672,4.291845493562232,2.0,21.675755,21.049526994047618,0.626228005952381,1.0355041,1.007334,1.0262388,1.0318576
572,2025-02-15 20:00:00,0.6226649804794567,4.597701149425287,2.0,21.276102,21.049526994047618,0.2265750059523839,0.72203106,0.6989579,0.7090584,0.71293724
573,2025-02-15 21:00:00,0.4558964989637537,4.597701149425287,24.0,20.765623,21.049526994047618,-0.28390399404761624,0.22515474,0.21649057,0.21667963,0.21804324
574,2025-02-15 22:00:00,0.4172110871656292,4.291845493562232,26.0,20.282415,21.049526994047618,-0.7671119940476174,-0.32668602,-0.31679267,-0.32359958,-0.32486194
575,2025-02-15 23:00:00,0.3816179327410896,4.291845493562232,36.0,19.92272,21.049526994047618,-1.126806994047616,-0.7896805,-0.7588962,-0.7725242,-0.7759796
576,2025-02-16 00:00:00,0.3646140979930969,4.950495049504951,76.0,19.81973,21.049526994047618,-1.2297969940476179,-1.0467737,-0.99895984,-1.0176629,-1.0225338
577,2025-02-16 01:00:00,0.3401531056125572,5.361930294906166,80.0,19.97644,21.049526994047618,-1.0730869940476175,-1.0394814,-0.98741007,-1.0023935,-1.0077283
578,2025-02-16 02:00:00,0.3495208338020307,4.950495049504951,78.0,20.353554,21.049526994047618,-0.6959729940476187,-0.7791314,-0.7341721,-0.73721737,-0.7419964
579,2025-02-16 03:00:00,0.3666608266929934,4.597701149425287,68.0,20.866476,21.049526994047618,-0.18305099404761904,-0.33776963,-0.3034546,-0.2932277,-0.29644364
580,2025-02-16 04:00:00,0.4487765955598168,6.430868167202571,82.0,21.404919,21.049526994047618,0.35539200595238185,0.17343853,0.19663128,0.21723525,0.21644856
581,2025-02-16 05:00:00,0.5560475707815968,2.801120448179272,82.0,21.814041,21.049526994047618,0.7645140059523818,0.63000715,0.6407142,0.66691726,0.6690719
582,2025-02-16 06:00:00,0.6745218124124356,3.389830508474576,120.0,22.016575,21.049526994047618,0.9670480059523818,0.92004263,0.9155426,0.94261354,0.9476167
583,2025-02-16 07:00:00,0.8218941799272971,3.787878787878788,112.0,21.948122,21.049526994047618,0.8985950059523837,0.969082,0.9486849,0.9726975,0.97968525
584,2025-02-16 08:00:00,1.0244149704001388,4.291845493562232,108.0,21.69424,21.049526994047618,0.6447130059523829,0.76079154,0.7317976,0.74733096,0.7547228
585,2025-02-16 09:00:00,1.3606363157285597,4.597701149425287,102.0,21.239725,21.049526994047618,0.19019800595238223,0.3463372,0.321206,0.32412076,0.32996184
586,2025-02-16 10:00:00,1.5773030257582423,4.950495049504951,112.0,20.779648,21.049526994047618,-0.26987899404761606,-0.16519259,-0.1763931,-0.1854748,-0.18294609
587,2025-02-16 11:00:00,1.7020115799638635,5.361930294906166,110.0,20.396107,21.049526994047618,-0.6534199940476171,-0.63643235,-0.62635696,-0.6468102,-0.64855677
588,2025-02-16 12:00:00,1.9128817414735315,5.847953216374269,106.0,20.243519,21.049526994047618,-0.8060079940476186,-0.9423822,-0.9090954,-0.9400255,-0.94580835
589,2025-02-16 13:00:00,2.3249690733934507,5.847953216374269,108.0,20.338276,21.049526994047618,-0.7112509940476173,-1.0064771,-0.9596363,-0.992296,-1.0006578
590,2025-02-16 14:00:00,2.4457611939580346,6.430868167202571,106.0,20.677324,21.049526994047618,-0.37220299404761903,-0.8188694,-0.7725511,-0.79453415,-0.8032087
591,2025-02-16 15:00:00,2.8298173309774097,7.142857142857142,108.0,21.139284,21.049526994047618,0.08975700595238223,-0.43323925,-0.39383778,-0.3999442,-0.40655637
592,2025-02-16 16:00:00,2.646864350240959,7.142857142857142,102.0,21.705553,21.049526994047618,0.6560260059523806,0.051944442,0.08436344,0.09184114,0.08903832
593,2025-02-16 17:00:00,2.418386922785044,7.142857142857142,98.0,22.137695,21.049526994047618,1.088168005952383,0.51842314,0.5431009,0.5590595,0.5606777
594,2025-02-16 18:00:00,2.62629602483673,8.032128514056225,92.0,22.3804,21.049526994047618,1.330873005952384,0.85329264,0.8660415,0.8856017,0.89100516
595,2025-02-16 19:00:00,2.479398502152584,8.032128514056225,94.0,22.378593,21.049526994047618,1.329066005952381,0.97262585,0.96792036,0.98836714,0.99595827
596,2025-02-16 20:00:00,2.164263024027283,8.032128514056225,90.0,22.16059,21.049526994047618,1.1110630059523814,0.84231526,0.82137644,0.8392887,0.8470462
597,2025-02-16 21:00:00,2.279753700341818,8.032128514056225,90.0,21.743992,21.049526994047618,0.6944650059523809,0.49115768,0.465441,0.47545052,0.48150346
598,2025-02-16 22:00:00,2.157447392558245,7.142857142857142,100.0,21.231182,21.049526994047618,0.1816550059523827,0.008488834,-0.008269165,-0.008298385,-0.0052454094
599,2025-02-16 23:00:00,1.9467713500483268,7.142857142857142,102.0,20.806156,21.049526994047618,-0.2433709940476163,-0.4779161,-0.475191,-0.48450398,-0.48497912
600,2025-02-17 00:00:00,1.696499756500756,7.142857142857142,98.0,20.536526,21.049526994047618,-0.5130009940476192,-0.83880836,-0.81098133,-0.82883704,-0.83261734
601,2025-02-17 01:00:00,1.5679159150031683,8.032128514056225,94.0,20.503012,21.049526994047618,-0.5465149940476195,-0.9817579,-0.93461263,-0.95428586,-0.96053207
602,2025-02-17 02:00:00,1.4282093901067443,8.032128514056225,92.0,20.720518,21.049526994047618,-0.3290089940476193,-0.8758691,-0.82443106,-0.8327194,-0.8401459
603,2025-02-17 03:00:00,1.3197181950045054,7.142857142857142,98.0,21.107819,21.049526994047618,0.05829200595238149,-0.5553135,-0.50930953,-0.49881184,-0.5058659
604,2025-02-17 04:00:00,1.1461128530262072,7.142857142857142,86.0,21.531004,21.049526994047618,0.48147700595238163,-0.10459072,-0.06387613,-0.03823031,-0.043308534
605,2025-02-17 05:00:00,1.106907704212215,8.032128514056225,88.0,21.914324,21.049526994047618,0.8647970059523828,0.3652982,0.40208825,0.43429413,0.43255377
606,2025-02-17 06:00:00,1.2123000682426697,8.032128514056225,88.0,22.165417,21.049526994047618,1.1158900059523837,0.7416774,0.7704729,0.8014978,0.80386096
607,2025-02-17 07:00:00,1.2002966603645269,9.174311926605505,90.0,22.183,21.049526994047618,1.133473005952382,0.93294,0.94422007,0.97057015,0.9768796
608,2025-02-17 08:00:00,1.14664446969073,10.6951871657754,112.0,21.931538,21.049526994047618,0.882011005952382,0.88885593,0.87584156,0.89635956,0.9053872
609,2025-02-17 09:00:00,1.1692779203026782,10.6951871657754,102.0,21.52765,21.049526994047618,0.47812300595238355,0.61583126,0.58444226,0.59509075,0.60469896
610,2025-02-17 10:00:00,1.1468076391905926,10.6951871657754,100.0,20.989706,21.049526994047618,-0.05982099404761598,0.1805708,0.14631101,0.1427452,0.15039068
611,2025-02-17 11:00:00,1.0854797955005386,12.82051282051282,108.0,20.475546,21.049526994047618,-0.5739809940476164,-0.30408904,-0.32573986,-0.3440762,-0.34061044
612,2025-02-17 12:00:00,1.0571095397526131,12.82051282051282,104.0,20.12334,21.049526994047618,-0.9261869940476188,-0.7104428,-0.707996,-0.74026155,-0.7421439
613,2025-02-17 13:00:00,1.1369683895595453,12.82051282051282,100.0,19.976208,21.049526994047618,-1.073318994047618,-0.9339979,-0.9058614,-0.9468174,-0.953726
614,2025-02-17 14:00:00,1.1141209392156626,12.82051282051282,104.0,20.11568,21.049526994047618,-0.9338469940476166,-0.9233234,-0.8810771,-0.91647404,-0.92662436
615,2025-02-17 15:00:00,1.1169426302598058,12.82051282051282,100.0,20.443659,21.049526994047618,-0.6058679940476175,-0.69071615,-0.64668983,-0.6631484,-0.6738055
616,2025-02-17 16:00:00,1.2248912087438482,12.82051282051282,106.0,20.819246,21.049526994047618,-0.23028099404761804,-0.30283508,-0.25869155,-0.25496125,-0.26326647
617,2025-02-17 17:00:00,1.2703992180489083,12.82051282051282,106.0,21.25171,21.049526994047618,0.20218300595238148,0.1408979,0.18825056,0.2045448,0.20072323
618,2025-02-17 18:00:00,1.1938200161455528,10.6951871657754,106.0,21.541853,21.049526994047618,0.49232600595238196,0.5326592,0.58088326,0.60120225,0.6026852
619,2025-02-17 19:00:00,1.1824790842491446,12.82051282051282,108.0,21.634153,21.049526994047618,0.5846260059523836,0.77826583,0.81662166,0.83642656,0.8425807
620,2025-02-17 20:00:00,1.1173950966153403,12.82051282051282,104.0,21.492903,21.049526994047618,0.4433760059523806,0.8164094,0.8318402,0.8508998,0.85993505
621,2025-02-17 21:00:00,1.132857241023113,12.82051282051282,100.0,21.182396,21.049526994047618,0.13286900595238293,0.6344954,0.6246689,0.64088184,0.65043527
622,2025-02-17 22:00:00,1.0733215832415273,12.82051282051282,100.0,20.72319,21.049526994047618,-0.32633699404761884,0.27655467,0.25385413,0.26156968,0.26935118
623,2025-02-17 23:00:00,1.0896784345336945,7.142857142857142,16.0,20.252655,21.049526994047618,-0.796871994047617,-0.16355361,-0.18212466,-0.18594156,-0.18163656
624,2025-02-18 00:00:00,1.0571302363561983,12.82051282051282,96.0,19.872246,21.049526994047618,-1.1772809940476172,-0.5663863,-0.567039,-0.5820137,-0.58202106
625,2025-02-18 01:00:00,1.054836301654536,10.6951871657754,92.0,19.70141,21.049526994047618,-1.3481169940476185,-0.8223344,-0.79905975,-0.82185274,-0.82607716
626,2025-02-18 02:00:00,0.9911047175277264,10.6951871657754,94.0,19.743757,21.049526994047618,-1.305769994047619,-0.8645797,-0.8247528,-0.84379005,-0.8512957
627,2025-02-18 03:00:00,1.1335288929298462,4.950495049504951,356.0,19.976486,21.049526994047618,-1.0730409940476164,-0.686402,-0.643447,-0.6437911,-0.6529816
628,2025-02-18 04:00:00,1.1796445483764064,6.430868167202571,10.0,20.36356,21.049526994047618,-0.6859669940476181,-0.33800182,-0.2958501,-0.27358472,-0.28245205
629,2025-02-18 05:00:00,1.1636514775927451,6.430868167202571,2.0,20.807716,21.049526994047618,-0.24181099404761852,0.091940336,0.13856226,0.17447446,0.16801453
630,2025-02-18 06:00:00,1.1033219830578282,6.430868167202571,10.0,21.185776,21.049526994047618,0.13624900595238287,0.50008184,0.55286264,0.5902048,0.5878856
631,2025-02-18 07:00:00,1.0198944025044476,6.430868167202571,2.0,21.401608,21.049526994047618,0.3520810059523818,0.7903917,0.84006286,0.8709571,0.8736959
632,2025-02-18 08:00:00,0.990061684658819,6.430868167202571,2.0,21.396675,21.049526994047618,0.3471480059523806,0.8926168,0.9220242,0.94551426,0.9530391
633,2025-02-18 09:00:00,0.967109794863184,5.847953216374269,2.0,21.188211,21.049526994047618,0.13868400595238128,0.77787906,0.7755138,0.79231775,0.80305296
634,2025-02-18 10:00:00,0.9546526767704628,5.847953216374269,2.0,20.832403,21.049526994047618,-0.2171239940476184,0.4692264,0.44091645,0.4469943,0.4583275
635,2025-02-18 11:00:00,0.9991532102314552,6.430868167202571,2.0,20.412766,21.049526994047618,-0.6367609940476164,0.041097365,0.0044944496,-0.004902034,0.0040250015
636,2025-02-18 12:00:00,0.9562204448261892,6.430868167202571,2.0,20.042496,21.049526994047618,-1.0070309940476179,-0.39741552,-0.424485,-0.4499041,-0.44591662
637,2025-02-18 13:00:00,1.0087780497902996,6.430868167202571,2.0,19.816477,21.049526994047618,-1.2330499940476187,-0.7333819,-0.73866296,-0.777512,-0.7797257
638,2025-02-18 14:00:00,1.0836760428373995,4.291845493562232,352.0,19.803831,21.049526994047618,-1.2456959940476189,-0.8840587,-0.86709726,-0.9099685,-0.9179245
639,2025-02-18 15:00:00,1.0324031423698097,4.950495049504951,358.0,19.977705,21.049526994047618,-1.0718219940476175,-0.8201221,-0.79139835,-0.8214321,-0.8330376
640,2025-02-18 16:00:00,1.0493161297632088,5.361930294906166,356.0,20.304663,21.049526994047618,-0.7448639940476163,-0.56961226,-0.5353859,-0.5417859,-0.55392426
641,2025-02-18 17:00:00,1.0586344245973252,5.361930294906166,358.0,20.707651,21.049526994047618,-0.34187599404761926,-0.20428613,-0.1593229,-0.1461995,-0.15565945
642,2025-02-18 18:00:00,0.9984790454141644,7.142857142857142,16.0,21.088545,21.049526994047618,0.03901800595238214,0.18258981,0.24372053,0.26472944,0.26032498
643,2025-02-18 19:00:00,0.937407064074828,6.430868167202571,2.0,21.348648,21.049526994047618,0.299121005952383,0.49805862,0.56934035,0.58888817,0.59045774
644,2025-02-18 20:00:00,0.8825713755603786,6.430868167202571,2.0,21.43753,21.049526994047618,0.38800300595238113,0.6673396,0.7306177,0.7462759,0.7531329
645,2025-02-18 21:00:00,0.842538388501529,6.430868167202571,2.0,21.325417,21.049526994047618,0.2758900059523839,0.648587,0.68469685,0.69845736,0.7086323
646,2025-02-18 22:00:00,0.8186113871559015,6.430868167202571,2.0,21.038992,21.049526994047618,-0.010534994047617374,0.4445425,0.44941863,0.45944667,0.47031227
647,2025-02-18 23:00:00,0.8448147315393091,6.430868167202571,14.0,20.677511,21.049526994047618,-0.37201599404761865,0.10678987,0.09340752,0.09382009,0.10278813
648,2025-02-19 00:00:00,0.8908330093353368,5.847953216374269,2.0,20.347351,21.049526994047618,-0.702175994047618,-0.27354404,-0.28772405,-0.29942238,-0.29433063
649,2025-02-19 01:00:00,0.9463086469778522,5.847953216374269,0.0,20.133183,21.049526994047618,-0.9163439940476188,-0.5902347,-0.5917444,-0.613717,-0.6135285
650,2025-02-19 02:00:00,0.9587348621424832,5.847953216374269,358.0,20.115473,21.049526994047618,-0.9340539940476162,-0.7543939,-0.73859304,-0.76432055,-0.7689976
651,2025-02-19 03:00:00,0.9311626474285843,6.430868167202571,2.0,20.259512,21.049526994047618,-0.7900149940476169,-0.7216627,-0.69566613,-0.7107313,-0.7192357
652,2025-02-19 04:00:00,0.9971233316732112,6.430868167202571,2.0,20.568777,21.049526994047618,-0.480749994047617,-0.50292534,-0.47460657,-0.46569034,-0.47617525
653,2025-02-19 05:00:00,1.0123987798859726,6.430868167202571,2.0,20.954748,21.049526994047618,-0.09477899404761914,-0.15627353,-0.12127105,-0.089700595,-0.09981737
654,2025-02-19 06:00:00,1.1885462690970865,7.142857142857142,24.0,21.3719,21.049526994047618,0.3223730059523824,0.23285107,0.28449923,0.3254476,0.3181226
655,2025-02-19 07:00:00,1.13253506040901,6.430868167202571,2.0,21.69802,21.049526994047618,0.6484930059523819,0.57348955,0.641853,0.678901,0.67633855
656,2025-02-19 08:00:00,1.0682497173116543,6.430868167202571,2.0,21.844662,21.049526994047618,0.7951350059523818,0.78717107,0.8567478,0.8839724,0.88714993
657,2025-02-19 09:00:00,1.0711286673544218,7.142857142857142,2.0,21.777613,21.049526994047618,0.728086005952381,0.82204235,0.869291,0.8884596,0.8969672
658,2025-02-19 10:00:00,1.0316931616418097,7.142857142857142,2.0,21.53951,21.049526994047618,0.4899830059523822,0.66462964,0.67550695,0.6881471,0.7001157
659,2025-02-19 11:00:00,0.935737346153066,6.430868167202571,2.0,21.174232,21.049526994047618,0.12470500595238221,0.3472063,0.32778227,0.3295118,0.34197372
660,2025-02-19 12:00:00,0.9511780532360132,7.142857142857142,24.0,20.794905,21.049526994047618,-0.25462199404761776,-0.055086955,-0.08742932,-0.10076908,-0.09112377
661,2025-02-19 13:00:00,1.0320622825035757,7.142857142857142,28.0,20.480398,21.049526994047618,-0.5691289940476167,-0.44173163,-0.4704162,-0.49804106,-0.49391317
662,2025-02-19 14:00:00,0.9779899236463288,5.847953216374269,2.0,20.322472,21.049526994047618,-0.7270549940476165,-0.7158509,-0.73025167,-0.76752883,-0.77017075
663,2025-02-19 15:00:00,0.8438398043197858,5.847953216374269,2.0,20.347681,21.049526994047618,-0.7018459940476163,-0.81372833,-0.8137945,-0.8491095,-0.8578978
664,2025-02-19 16:00:00,0.7817351212988682,5.847953216374269,2.0,20.53184,21.049526994047618,-0.5176869940476188,-0.7221276,-0.71389836,-0.7314758,-0.7440647
665,2025-02-19 17:00:00,0.7605145135312493,4.291845493562232,356.0,20.839138,21.049526994047618,-0.21038899404761935,-0.477246,-0.458149,-0.452483,-0.46549714
666,2025-02-19 18:00:00,0.7489250214685012,4.024144869215292,356.0,21.199352,21.049526994047618,0.14982500595238335,-0.1490093,-0.10687642,-0.087313436,-0.097346194
667,2025-02-19 19:00:00,0.7193945609608933,4.950495049504951,0.0,21.498386,21.049526994047618,0.44885900595238226,0.17976548,0.2510431,0.27099332,0.26641446
668,2025-02-19 20:00:00,0.7071429835805964,4.950495049504951,2.0,21.671345,21.049526994047618,0.621818005952381,0.43152657,0.52125657,0.5336796,0.5354672
669,2025-02-19 21:00:00,0.611404374435999,4.597701149425287,358.0,21.66802,21.049526994047618,0.6184930059523808,0.5476663,0.6314716,0.63690674,0.64428973
670,2025-02-19 22:00:00,0.5519167492252065,4.597701149425287,2.0,21.486097,21.049526994047618,0.43657000595238316,0.49976575,0.5549892,0.5572234,0.56809956
671,2025-02-19 23:00:00,0.4709081766349844,4.291845493562232,2.0,21.181028,21.049526994047618,0.13150100595238357,0.2986433,0.32075518,0.31824788,0.32983708
