tide_height,tide_height,tide_height,tide_height,tide_phase,tide_phase,tide_phase,tide_phase,time
EOT20,FES2022_extrapolated,GOT5.5,GOT5.6,EOT20,FES2022_extrapolated,GOT5.5,GOT5.6,
0.39330953,0.44989616,0.4399735,0.45125264,high-ebb,high-ebb,high-ebb,high-ebb,2025-01-23 00:00:00
0.34831262,0.39950374,0.3851174,0.39627126,high-ebb,high-ebb,high-ebb,high-ebb,2025-01-23 00:15:00
0.29588437,0.34203598,0.32291457,0.33377546,high-ebb,high-ebb,high-ebb,high-ebb,2025-01-23 00:30:00
0.2369262,0.27842247,0.2544339,0.26484174,high-ebb,high-ebb,high-ebb,high-ebb,2025-01-23 00:45:00
0.17247556,0.20966722,0.18085416,0.19065839,high-ebb,high-ebb,high-ebb,high-ebb,2025-01-23 01:00:00
0.10368791,0.13684975,0.103444494,0.112506084,high-ebb,high-ebb,high-ebb,high-ebb,2025-01-23 01:15:00
0.03181521,0.06112533,0.023543721,0.03173659,high-ebb,high-ebb,high-ebb,high-ebb,2025-01-23 01:30:00
-0.04181879,-0.016278978,-0.05746223,-0.05024981,low-ebb,low-ebb,low-ebb,low-ebb,2025-01-23 01:45:00
-0.11584554,-0.09407593,-0.13816378,-0.13202813,low-ebb,low-ebb,low-ebb,low-ebb,2025-01-23 02:00:00
-0.18888031,-0.17093852,-0.21715176,-0.21217299,low-ebb,low-ebb,low-ebb,low-ebb,2025-01-23 02:15:00
-0.25955158,-0.24552885,-0.29304183,-0.28928313,low-ebb,low-ebb,low-ebb,low-ebb,2025-01-23 02:30:00
-0.32653022,-0.31653312,-0.36449817,-0.36200553,low-ebb,low-ebb,low-ebb,low-ebb,2025-01-23 02:45:00
-0.38855746,-0.38269868,-0.43025693,-0.42905885,low-ebb,low-ebb,low-ebb,low-ebb,2025-01-23 03:00:00
-0.44447118,-0.44286853,-0.48914778,-0.48925528,low-ebb,low-ebb,low-ebb,low-ebb,2025-01-23 03:15:00
-0.4932291,-0.49600944,-0.5401143,-0.541521,low-ebb,low-ebb,low-ebb,low-ebb,2025-01-23 03:30:00
-0.53392875,-0.5412302,-0.58223176,-0.5849143,low-ebb,low-ebb,low-ebb,low-ebb,2025-01-23 03:45:00
-0.5658237,-0.5777897,-0.614723,-0.61864144,low-ebb,low-ebb,low-ebb,low-ebb,2025-01-23 04:00:00
-0.58833486,-0.60509515,-0.63697106,-0.64206916,low-ebb,low-ebb,low-ebb,low-ebb,2025-01-23 04:15:00
-0.60105836,-0.62269396,-0.648529,-0.6547353,low-ebb,low-ebb,low-ebb,low-ebb,2025-01-23 04:30:00
-0.6037681,-0.6302631,-0.649127,-0.65635544,low-ebb,low-ebb,low-ebb,low-ebb,2025-01-23 04:45:00
-0.5964146,-0.62759966,-0.63867563,-0.64682627,low-flow,low-flow,low-flow,low-flow,2025-01-23 05:00:00
-0.5791199,-0.61461705,-0.61726624,-0.6262268,low-flow,low-flow,low-flow,low-flow,2025-01-23 05:15:00
-0.55216897,-0.5913469,-0.5851688,-0.59481514,low-flow,low-flow,low-flow,low-flow,2025-01-23 05:30:00
-0.51599836,-0.5579488,-0.5428254,-0.55302346,low-flow,low-flow,low-flow,low-flow,2025-01-23 05:45:00
-0.47118285,-0.51472354,-0.49084276,-0.5014495,low-flow,low-flow,low-flow,low-flow,2025-01-23 06:00:00
-0.41842037,-0.46212816,-0.42998055,-0.44084576,low-flow,low-flow,low-flow,low-flow,2025-01-23 06:15:00
-0.35851616,-0.40078813,-0.3611385,-0.3721063,low-flow,low-flow,low-flow,low-flow,2025-01-23 06:30:00
-0.2923664,-0.331503,-0.28534114,-0.29625198,low-flow,low-flow,low-flow,low-flow,2025-01-23 06:45:00
-0.22094241,-0.2552433,-0.20372099,-0.21441336,low-flow,low-flow,low-flow,low-flow,2025-01-23 07:00:00
-0.14527513,-0.17313762,-0.117500305,-0.12781303,low-flow,low-flow,low-flow,low-flow,2025-01-23 07:15:00
-0.06644053,-0.086450495,-0.027972022,-0.03774624,low-flow,low-flow,low-flow,low-flow,2025-01-23 07:30:00
0.014454028,0.0034462495,0.06352018,0.05443865,high-flow,high-flow,high-flow,high-flow,2025-01-23 07:45:00
0.09628232,0.09510601,0.1556021,0.14736052,high-flow,high-flow,high-flow,high-flow,2025-01-23 08:00:00
0.17791103,0.18704072,0.24688946,0.2396258,high-flow,high-flow,high-flow,high-flow,2025-01-23 08:15:00
0.2582107,0.27775228,0.33600813,0.32984874,high-flow,high-flow,high-flow,high-flow,2025-01-23 08:30:00
0.33606628,0.36576095,0.421614,0.41667137,high-flow,high-flow,high-flow,high-flow,2025-01-23 08:45:00
0.41038752,0.4496306,0.5024123,0.49878287,high-flow,high-flow,high-flow,high-flow,2025-01-23 09:00:00
0.48011932,0.5279912,0.5771764,0.57493836,high-flow,high-flow,high-flow,high-flow,2025-01-23 09:15:00
0.5442527,0.59956044,0.6447648,0.6439766,high-flow,high-flow,high-flow,high-flow,2025-01-23 09:30:00
0.601836,0.6631654,0.7041383,0.70483667,high-flow,high-flow,high-flow,high-flow,2025-01-23 09:45:00
0.6519872,0.71776426,0.75437444,0.7565734,high-flow,high-flow,high-flow,high-flow,2025-01-23 10:00:00
0.69390625,0.7624686,0.7946818,0.79837126,high-flow,high-flow,high-flow,high-flow,2025-01-23 10:15:00
0.72688854,0.7965637,0.8244116,0.8295572,high-flow,high-flow,high-flow,high-flow,2025-01-23 10:30:00
0.75033814,0.81952494,0.8430679,0.84961057,high-flow,high-flow,high-flow,high-flow,2025-01-23 10:45:00
0.7637814,0.83102834,0.8503162,0.8581726,high-flow,high-flow,high-flow,high-flow,2025-01-23 11:00:00
0.76687974,0.8309525,0.8459893,0.85505235,high-flow,high-ebb,high-ebb,high-ebb,2025-01-23 11:15:00
0.759441,0.81937236,0.83009124,0.84023136,high-ebb,high-ebb,high-ebb,high-ebb,2025-01-23 11:30:00
0.74143,0.79654455,0.8027986,0.8138656,high-ebb,high-ebb,high-ebb,high-ebb,2025-01-23 11:45:00
0.71297574,0.7628875,0.7644599,0.77628475,high-ebb,high-ebb,high-ebb,high-ebb,2025-01-23 12:00:00
0.6743768,0.71895826,0.71559143,0.727989,high-ebb,high-ebb,high-ebb,high-ebb,2025-01-23 12:15:00
0.6261022,0.66543174,0.6568711,0.66964316,high-ebb,high-ebb,high-ebb,high-ebb,2025-01-23 12:30:00
0.56878954,0.6030832,0.58912945,0.6020679,high-ebb,high-ebb,high-ebb,high-ebb,2025-01-23 12:45:00
0.5032386,0.5327777,0.5133383,0.52622867,high-ebb,high-ebb,high-ebb,high-ebb,2025-01-23 13:00:00
0.43040064,0.4554655,0.43059623,0.44322163,high-ebb,high-ebb,high-ebb,high-ebb,2025-01-23 13:15:00
0.35136366,0.37218276,0.3421123,0.3542573,high-ebb,high-ebb,high-ebb,high-ebb,2025-01-23 13:30:00
0.26733404,0.28405362,0.2491875,0.26064205,high-ebb,high-ebb,high-ebb,high-ebb,2025-01-23 13:45:00
0.1796143,0.19229028,0.15319413,0.16375774,high-ebb,high-ebb,high-ebb,high-ebb,2025-01-23 14:00:00
0.08957806,0.09818711,0.055553928,0.065039456,high-ebb,high-ebb,high-ebb,high-ebb,2025-01-23 14:15:00
-0.0013572443,0.0031064097,-0.04228514,-0.03404779,low-ebb,high-ebb,low-ebb,low-ebb,2025-01-23 14:30:00
-0.09175907,-0.091545455,-0.13887265,-0.13203311,low-ebb,low-ebb,low-ebb,low-ebb,2025-01-23 14:45:00
-0.18020904,-0.18435,-0.23277986,-0.22746423,low-ebb,low-ebb,low-ebb,low-ebb,2025-01-23 15:00:00
-0.26533183,-0.27391383,-0.32262346,-0.3189317,low-ebb,low-ebb,low-ebb,low-ebb,2025-01-23 15:15:00
-0.34582287,-0.35890695,-0.40708873,-0.4050925,low-ebb,low-ebb,low-ebb,low-ebb,2025-01-23 15:30:00
-0.42047378,-0.43809712,-0.48495153,-0.48469266,low-ebb,low-ebb,low-ebb,low-ebb,2025-01-23 15:45:00
-0.4881952,-0.5103769,-0.5550984,-0.55658793,low-ebb,low-ebb,low-ebb,low-ebb,2025-01-23 16:00:00
-0.54803586,-0.5747804,-0.61654496,-0.6197626,low-ebb,low-ebb,low-ebb,low-ebb,2025-01-23 16:15:00
-0.59919786,-0.6304899,-0.66845155,-0.6733461,low-ebb,low-ebb,low-ebb,low-ebb,2025-01-23 16:30:00
-0.641048,-0.676833,-0.7101364,-0.7166266,low-ebb,low-ebb,low-ebb,low-ebb,2025-01-23 16:45:00
-0.673124,-0.7132749,-0.74108565,-0.7490616,low-ebb,low-ebb,low-ebb,low-ebb,2025-01-23 17:00:00
-0.6951374,-0.739409,-0.76096034,-0.77028555,low-ebb,low-ebb,low-ebb,low-ebb,2025-01-23 17:15:00
-0.70697165,-0.75494957,-0.7696002,-0.7801144,low-ebb,low-ebb,low-ebb,low-ebb,2025-01-23 17:30:00
-0.70867723,-0.7597306,-0.7670244,-0.7785464,low-ebb,low-ebb,low-flow,low-flow,2025-01-23 17:45:00
-0.70046276,-0.7537105,-0.7534288,-0.76576,low-flow,low-flow,low-flow,low-flow,2025-01-23 18:00:00
-0.6826846,-0.7369838,-0.7291806,-0.7421088,low-flow,low-flow,low-flow,low-flow,2025-01-23 18:15:00
-0.65583354,-0.70979494,-0.69480985,-0.70811355,low-flow,low-flow,low-flow,low-flow,2025-01-23 18:30:00
-0.6205207,-0.6725531,-0.65099907,-0.6644513,low-flow,low-flow,low-flow,low-flow,2025-01-23 18:45:00
-0.5774629,-0.6258423,-0.59856975,-0.6119426,low-flow,low-flow,low-flow,low-flow,2025-01-23 19:00:00
-0.5274671,-0.57042426,-0.5384675,-0.55153626,low-flow,low-flow,low-flow,low-flow,2025-01-23 19:15:00
-0.471416,-0.5072321,-0.47174585,-0.48429313,low-flow,low-flow,low-flow,low-flow,2025-01-23 19:30:00
-0.4102537,-0.4373546,-0.39954785,-0.41136757,low-flow,low-flow,low-flow,low-flow,2025-01-23 19:45:00
-0.3449724,-0.36201167,-0.3230878,-0.33398882,low-flow,low-flow,low-flow,low-flow,2025-01-23 20:00:00
-0.27660006,-0.28252468,-0.24363185,-0.25344113,low-flow,low-flow,low-flow,low-flow,2025-01-23 20:15:00
-0.20618871,-0.20028408,-0.16247824,-0.17104377,low-flow,low-flow,low-flow,low-flow,2025-01-23 20:30:00
-0.13480374,-0.11671731,-0.08093774,-0.08813094,low-flow,low-flow,low-flow,low-flow,2025-01-23 20:45:00
-0.06351368,-0.03325937,-0.00031415687,-0.006031746,low-flow,low-flow,low-flow,low-flow,2025-01-23 21:00:00
0.0066198674,0.048673242,0.078114696,0.07394936,high-flow,high-flow,high-flow,high-flow,2025-01-23 21:15:00
0.07455227,0.1277054,0.15311542,0.15055151,high-flow,high-flow,high-flow,high-flow,2025-01-23 21:30:00
0.13926621,0.2025241,0.22351667,0.22257563,high-flow,high-flow,high-flow,high-flow,2025-01-23 21:45:00
0.19978267,0.2718986,0.28822583,0.28890163,high-flow,high-flow,high-flow,high-flow,2025-01-23 22:00:00
0.25517252,0.3347009,0.34624463,0.3485045,high-flow,high-flow,high-flow,high-flow,2025-01-23 22:15:00
0.30456904,0.38992697,0.39668354,0.40046924,high-flow,high-flow,high-flow,high-flow,2025-01-23 22:30:00
0.347181,0.43671757,0.4387747,0.44400415,high-flow,high-flow,high-flow,high-flow,2025-01-23 22:45:00
0.38230652,0.47437775,0.47188357,0.47845274,high-flow,high-flow,high-flow,high-flow,2025-01-23 23:00:00
0.409347,0.50239146,0.49551862,0.503304,high-flow,high-flow,high-flow,high-flow,2025-01-23 23:15:00
0.42782098,0.5204302,0.50933945,0.51820064,high-flow,high-flow,high-flow,high-flow,2025-01-23 23:30:00
0.43737742,0.52835345,0.51316303,0.5229453,high-flow,high-flow,high-flow,high-flow,2025-01-23 23:45:00
0.43780777,0.5262009,0.50696737,0.5175048,high-flow,high-ebb,high-ebb,high-ebb,2025-01-24 00:00:00
0.4290559,0.51417774,0.49089363,0.502012,high-ebb,high-ebb,high-ebb,high-ebb,2025-01-24 00:15:00
0.4112261,0.49263522,0.46524534,0.4767649,high-ebb,high-ebb,high-ebb,high-ebb,2025-01-24 00:30:00
0.38458765,0.46205074,0.43048522,0.44222376,high-ebb,high-ebb,high-ebb,high-ebb,2025-01-24 00:45:00
0.34957618,0.42300972,0.38722962,0.39900535,high-ebb,high-ebb,high-ebb,high-ebb,2025-01-24 01:00:00
0.3067908,0.376193,0.33624026,0.34787437,high-ebb,high-ebb,high-ebb,high-ebb,2025-01-24 01:15:00
0.2569875,0.3223705,0.27841333,0.28973252,high-ebb,high-ebb,high-ebb,high-ebb,2025-01-24 01:30:00
0.20106801,0.26240104,0.2147662,0.22560495,high-ebb,high-ebb,high-ebb,high-ebb,2025-01-24 01:45:00
0.14006473,0.19723566,0.14642163,0.15662436,high-ebb,high-ebb,high-ebb,high-ebb,2025-01-24 02:00:00
0.07512165,0.1279211,0.07458987,0.08401277,high-ebb,high-ebb,high-ebb,high-ebb,2025-01-24 02:15:00
0.0074719866,0.05559973,0.00054890994,0.009061489,high-ebb,high-ebb,high-ebb,high-ebb,2025-01-24 02:30:00
-0.061587,-0.018498171,-0.07437705,-0.066890545,low-ebb,low-ebb,low-ebb,low-ebb,2025-01-24 02:45:00
-0.13072135,-0.09307132,-0.14884019,-0.14247967,low-ebb,low-ebb,low-ebb,low-ebb,2025-01-24 03:00:00
-0.19858888,-0.16677418,-0.22149244,-0.2163411,low-ebb,low-ebb,low-ebb,low-ebb,2025-01-24 03:15:00
-0.26386812,-0.23825161,-0.2910093,-0.28713286,low-ebb,low-ebb,low-ebb,low-ebb,2025-01-24 03:30:00
-0.3252866,-0.3061777,-0.35611328,-0.35355967,low-ebb,low-ebb,low-ebb,low-ebb,2025-01-24 03:45:00
-0.38164765,-0.36929452,-0.4155968,-0.41439575,low-ebb,low-ebb,low-ebb,low-ebb,2025-01-24 04:00:00
-0.4318551,-0.42644593,-0.46834394,-0.46850696,low-ebb,low-ebb,low-ebb,low-ebb,2025-01-24 04:15:00
-0.47493488,-0.47660297,-0.51335037,-0.51487076,low-ebb,low-ebb,low-ebb,low-ebb,2025-01-24 04:30:00
-0.51005304,-0.51887876,-0.5497412,-0.5525945,low-ebb,low-ebb,low-ebb,low-ebb,2025-01-24 04:45:00
-0.5365297,-0.5525333,-0.5767867,-0.5809307,low-ebb,low-ebb,low-ebb,low-ebb,2025-01-24 05:00:00
-0.5538494,-0.57697016,-0.5939149,-0.59929055,low-ebb,low-ebb,low-ebb,low-ebb,2025-01-24 05:15:00
-0.5616659,-0.5917283,-0.60072106,-0.6072529,low-ebb,low-ebb,low-ebb,low-ebb,2025-01-24 05:30:00
-0.5598044,-0.5964742,-0.59697443,-0.60457146,low-flow,low-ebb,low-flow,low-flow,2025-01-24 05:45:00
-0.5482585,-0.5909965,-0.58262116,-0.5911779,low-flow,low-flow,low-flow,low-flow,2025-01-24 06:00:00
-0.5271844,-0.5752073,-0.5577846,-0.56718194,low-flow,low-flow,low-flow,low-flow,2025-01-24 06:15:00
-0.49689233,-0.54914886,-0.5227619,-0.5328685,low-flow,low-flow,low-flow,low-flow,2025-01-24 06:30:00
-0.45783454,-0.51300615,-0.47801757,-0.48869145,low-flow,low-flow,low-flow,low-flow,2025-01-24 06:45:00
-0.41059288,-0.467121,-0.424175,-0.43526465,low-flow,low-flow,low-flow,low-flow,2025-01-24 07:00:00
-0.35586432,-0.4120054,-0.3620045,-0.3733508,low-flow,low-flow,low-flow,low-flow,2025-01-24 07:15:00
-0.29444623,-0.34834865,-0.29240975,-0.3038479,low-flow,low-flow,low-flow,low-flow,2025-01-24 07:30:00
-0.22722162,-0.2770172,-0.21641235,-0.22777368,low-flow,low-flow,low-flow,low-flow,2025-01-24 07:45:00
-0.15514462,-0.19904442,-0.1351346,-0.14624886,low-flow,low-flow,low-flow,low-flow,2025-01-24 08:00:00
-0.079226665,-0.115611486,-0.049781438,-0.060478993,low-flow,low-flow,low-flow,low-flow,2025-01-24 08:15:00
-0.00052347063,-0.028020624,0.038378533,0.028264355,low-flow,low-flow,high-flow,high-flow,2025-01-24 08:30:00
0.07987714,0.062335975,0.12803255,0.118662976,high-flow,high-flow,high-flow,high-flow,2025-01-24 08:45:00
0.16086668,0.15400875,0.2178433,0.20937164,high-flow,high-flow,high-flow,high-flow,2025-01-24 09:00:00
0.24132678,0.24552195,0.30646843,0.29903758,high-flow,high-flow,high-flow,high-flow,2025-01-24 09:15:00
0.32013968,0.33540183,0.39257988,0.38631982,high-flow,high-flow,high-flow,high-flow,2025-01-24 09:30:00
0.3961985,0.42220116,0.47488257,0.46990797,high-flow,high-flow,high-flow,high-flow,2025-01-24 09:45:00
0.46841797,0.50452095,0.5521324,0.5485404,high-flow,high-flow,high-flow,high-flow,2025-01-24 10:00:00
0.53574526,0.5810305,0.6231537,0.62102175,high-flow,high-flow,high-flow,high-flow,2025-01-24 10:15:00
0.5971719,0.6504872,0.6868552,0.68623936,high-flow,high-flow,high-flow,high-flow,2025-01-24 10:30:00
0.6517462,0.7117573,0.74224573,0.74317884,high-flow,high-flow,high-flow,high-flow,2025-01-24 10:45:00
0.6985866,0.7638372,0.7884479,0.7909385,high-flow,high-flow,high-flow,high-flow,2025-01-24 11:00:00
0.7368957,0.80587465,0.824711,0.8287425,high-flow,high-flow,high-flow,high-flow,2025-01-24 11:15:00
0.76597494,0.83718735,0.8504225,0.8559525,high-flow,high-flow,high-flow,high-flow,2025-01-24 11:30:00
0.78523946,0.85727715,0.8651175,0.8720782,high-flow,high-flow,high-flow,high-flow,2025-01-24 11:45:00
0.7942321,0.86583734,0.86848724,0.87678546,high-flow,high-flow,high-flow,high-flow,2025-01-24 12:00:00
0.7926372,0.8627519,0.8603849,0.8699033,high-ebb,high-ebb,high-ebb,high-ebb,2025-01-24 12:15:00
0.78029317,0.84808713,0.84083015,0.8514287,high-ebb,high-ebb,high-ebb,high-ebb,2025-01-24 12:30:00
0.75720155,0.8220769,0.8100108,0.8215285,high-ebb,high-ebb,high-ebb,high-ebb,2025-01-24 12:45:00
0.72353536,0.78510475,0.7682827,0.7805401,high-ebb,high-ebb,high-ebb,high-ebb,2025-01-24 13:00:00
0.6796427,0.73768544,0.7161667,0.7289688,high-ebb,high-ebb,high-ebb,high-ebb,2025-01-24 13:15:00
0.626047,0.68045056,0.6543431,0.6674825,high-ebb,high-ebb,high-ebb,high-ebb,2025-01-24 13:30:00
0.56344396,0.6141391,0.5836439,0.5969041,high-ebb,high-ebb,high-ebb,high-ebb,2025-01-24 13:45:00
0.4926928,0.539594,0.5050416,0.5182011,high-ebb,high-ebb,high-ebb,high-ebb,2025-01-24 14:00:00
0.41480443,0.4577645,0.4196358,0.43247202,high-ebb,high-ebb,high-ebb,high-ebb,2025-01-24 14:15:00
0.33092484,0.36970997,0.32863763,0.34093082,high-ebb,high-ebb,high-ebb,high-ebb,2025-01-24 14:30:00
0.24231467,0.27660233,0.23335099,0.24488863,high-ebb,high-ebb,high-ebb,high-ebb,2025-01-24 14:45:00
0.15032566,0.17972322,0.13515265,0.14573327,high-ebb,high-ebb,high-ebb,high-ebb,2025-01-24 15:00:00
0.056374177,0.08045228,0.035469927,0.044907086,high-ebb,high-ebb,high-ebb,high-ebb,2025-01-24 15:15:00
-0.038087163,-0.01975463,-0.06424258,-0.056116577,low-ebb,low-ebb,low-ebb,low-ebb,2025-01-24 15:30:00
-0.13159886,-0.11939701,-0.16252723,-0.15585807,low-ebb,low-ebb,low-ebb,low-ebb,2025-01-24 15:45:00
-0.22272415,-0.2169684,-0.25794804,-0.25285643,low-ebb,low-ebb,low-ebb,low-ebb,2025-01-24 16:00:00
-0.31007785,-0.3109983,-0.3491151,-0.34569427,low-ebb,low-ebb,low-ebb,low-ebb,2025-01-24 16:15:00
-0.3923535,-0.40009218,-0.43470842,-0.4330223,low-ebb,low-ebb,low-ebb,low-ebb,2025-01-24 16:30:00
-0.46834826,-0.4829657,-0.5135005,-0.5135822,low-ebb,low-ebb,low-ebb,low-ebb,2025-01-24 16:45:00
-0.5369845,-0.55846906,-0.5843772,-0.58622843,low-ebb,low-ebb,low-ebb,low-ebb,2025-01-24 17:00:00
-0.5973278,-0.62560076,-0.6463565,-0.6499474,low-ebb,low-ebb,low-ebb,low-ebb,2025-01-24 17:15:00
-0.6486011,-0.68351156,-0.6986046,-0.7038741,low-ebb,low-ebb,low-ebb,low-ebb,2025-01-24 17:30:00
-0.690194,-0.7315004,-0.740449,-0.7473062,low-ebb,low-ebb,low-ebb,low-ebb,2025-01-24 17:45:00
-0.7216688,-0.76900727,-0.7713888,-0.77971464,low-ebb,low-ebb,low-ebb,low-ebb,2025-01-24 18:00:00
-0.74276143,-0.7956063,-0.7911013,-0.80075073,low-ebb,low-ebb,low-ebb,low-ebb,2025-01-24 18:15:00
-0.7533792,-0.81100285,-0.7994451,-0.81025016,low-ebb,low-ebb,low-ebb,low-ebb,2025-01-24 18:30:00
-0.753595,-0.81503624,-0.7964605,-0.8082334,low-ebb,low-ebb,low-flow,low-flow,2025-01-24 18:45:00
-0.7436386,-0.8076886,-0.78236604,-0.7949028,low-flow,low-flow,low-flow,low-flow,2025-01-24 19:00:00
-0.7238856,-0.78909737,-0.75755197,-0.77063644,low-flow,low-flow,low-flow,low-flow,2025-01-24 19:15:00
-0.6948452,-0.7595696,-0.72257143,-0.7359794,low-flow,low-flow,low-flow,low-flow,2025-01-24 19:30:00
-0.6571463,-0.7195922,-0.6781283,-0.6916317,low-flow,low-flow,low-flow,low-flow,2025-01-24 19:45:00
-0.61152345,-0.6698372,-0.62506384,-0.63843507,low-flow,low-flow,low-flow,low-flow,2025-01-24 20:00:00
-0.55880284,-0.6111573,-0.5643408,-0.5773569,low-flow,low-flow,low-flow,low-flow,2025-01-24 20:15:00
-0.49988836,-0.544573,-0.49702618,-0.5094729,low-flow,low-flow,low-flow,low-flow,2025-01-24 20:30:00
-0.43574828,-0.4712502,-0.42427355,-0.43594906,low-flow,low-flow,low-flow,low-flow,2025-01-24 20:45:00
-0.36740282,-0.39247227,-0.34730375,-0.3580222,low-flow,low-flow,low-flow,low-flow,2025-01-24 21:00:00
-0.29591227,-0.30960852,-0.26738593,-0.27698055,low-flow,low-flow,low-flow,low-flow,2025-01-24 21:15:00
-0.22236557,-0.22408259,-0.18581814,-0.19414383,low-flow,low-flow,low-flow,low-flow,2025-01-24 21:30:00
-0.1478697,-0.13734287,-0.10390809,-0.11084363,low-flow,low-flow,low-flow,low-flow,2025-01-24 21:45:00
-0.07353881,-0.050836682,-0.022954358,-0.028404048,low-flow,low-flow,low-flow,low-flow,2025-01-24 22:00:00
-0.0004833743,0.034012195,0.05577202,0.051877175,low-flow,high-flow,high-flow,high-flow,2025-01-24 22:15:00
0.07020094,0.1158234,0.13104518,0.12874691,high-flow,high-flow,high-flow,high-flow,2025-01-24 22:30:00
0.13744521,0.1932789,0.20170136,0.20101406,high-flow,high-flow,high-flow,high-flow,2025-01-24 22:45:00
0.2002199,0.26514223,0.26665497,0.2675661,high-flow,high-flow,high-flow,high-flow,2025-01-24 23:00:00
0.25754848,0.33027896,0.3249136,0.32738468,high-flow,high-flow,high-flow,high-flow,2025-01-24 23:15:00
0.30852178,0.38767818,0.3755921,0.37956,high-flow,high-flow,high-flow,high-flow,2025-01-24 23:30:00
0.35231325,0.4364731,0.41792545,0.42330405,high-flow,high-flow,high-flow,high-flow,2025-01-24 23:45:00
0.38819438,0.4759595,0.4512801,0.45796254,high-flow,high-flow,high-flow,high-flow,2025-01-25 00:00:00
0.41555035,0.50560904,0.47516426,0.48302525,high-flow,high-flow,high-flow,high-flow,2025-01-25 00:15:00
0.4338952,0.5250755,0.48923638,0.49813467,high-flow,high-flow,high-flow,high-flow,2025-01-25 00:30:00
0.4428858,0.53419346,0.49331167,0.50309294,high-flow,high-flow,high-flow,high-flow,2025-01-25 00:45:00
0.44233418,0.53297,0.48736706,0.49786657,high-ebb,high-ebb,high-ebb,high-ebb,2025-01-25 01:00:00
0.43221766,0.52157086,0.47154355,0.48258922,high-ebb,high-ebb,high-ebb,high-ebb,2025-01-25 01:15:00
0.41268596,0.5003042,0.4461465,0.4575616,high-ebb,high-ebb,high-ebb,high-ebb,2025-01-25 01:30:00
0.38406473,0.4696062,0.4116432,0.42324927,high-ebb,high-ebb,high-ebb,high-ebb,2025-01-25 01:45:00
0.3468552,0.43002966,0.36865795,0.3802773,high-ebb,high-ebb,high-ebb,high-ebb,2025-01-25 02:00:00
0.3017297,0.38223898,0.3179641,0.32942253,high-ebb,high-ebb,high-ebb,high-ebb,2025-01-25 02:15:00
0.24952255,0.3270104,0.26047364,0.27160266,high-ebb,high-ebb,high-ebb,high-ebb,2025-01-25 02:30:00
0.19121674,0.26523617,0.19722371,0.2078628,high-ebb,high-ebb,high-ebb,high-ebb,2025-01-25 02:45:00
0.12792628,0.19792944,0.12936063,0.13935912,high-ebb,high-ebb,high-ebb,high-ebb,2025-01-25 03:00:00
0.060874797,0.12622572,0.058121473,0.06734027,high-ebb,high-ebb,high-ebb,high-ebb,2025-01-25 03:15:00
-0.008629062,0.051377203,-0.015186605,-0.006873473,low-ebb,high-ebb,low-ebb,low-ebb,2025-01-25 03:30:00
-0.079218976,-0.02526277,-0.089208834,-0.08191299,low-ebb,low-ebb,low-ebb,low-ebb,2025-01-25 03:45:00
-0.14949988,-0.102265805,-0.16256666,-0.15638433,low-ebb,low-ebb,low-ebb,low-ebb,2025-01-25 04:00:00
-0.21807784,-0.17816417,-0.23388258,-0.22889373,low-ebb,low-ebb,low-ebb,low-ebb,2025-01-25 04:15:00
-0.28358987,-0.25149265,-0.3018052,-0.2980729,low-ebb,low-ebb,low-ebb,low-ebb,2025-01-25 04:30:00
-0.3447328,-0.32083237,-0.36503422,-0.3626042,low-ebb,low-ebb,low-ebb,low-ebb,2025-01-25 04:45:00
-0.40029016,-0.3848513,-0.42234465,-0.42124504,low-ebb,low-ebb,low-ebb,low-ebb,2025-01-25 05:00:00
-0.44915664,-0.44233745,-0.47260955,-0.47285074,low-ebb,low-ebb,low-ebb,low-ebb,2025-01-25 05:15:00
-0.490359,-0.49222165,-0.51482105,-0.51639575,low-ebb,low-ebb,low-ebb,low-ebb,2025-01-25 05:30:00
-0.5230735,-0.5335896,-0.54810905,-0.5509924,low-ebb,low-ebb,low-ebb,low-ebb,2025-01-25 05:45:00
-0.5466388,-0.56568384,-0.57175684,-0.57590693,low-ebb,low-ebb,low-ebb,low-ebb,2025-01-25 06:00:00
-0.56056505,-0.5878993,-0.5852141,-0.59057224,low-ebb,low-ebb,low-ebb,low-ebb,2025-01-25 06:15:00
-0.5645382,-0.599776,-0.58810604,-0.59459746,low-ebb,low-ebb,low-ebb,low-ebb,2025-01-25 06:30:00
-0.5584205,-0.6009934,-0.5802394,-0.58777404,low-flow,low-ebb,low-flow,low-flow,2025-01-25 06:45:00
-0.54224724,-0.5913683,-0.5616049,-0.5700782,low-flow,low-flow,low-flow,low-flow,2025-01-25 07:00:00
-0.5162202,-0.57085973,-0.5323759,-0.54166985,low-flow,low-flow,low-flow,low-flow,2025-01-25 07:15:00
-0.48069823,-0.5395774,-0.49290392,-0.5028885,low-flow,low-flow,low-flow,low-flow,2025-01-25 07:30:00
-0.43618563,-0.49779516,-0.44371128,-0.45424554,low-flow,low-flow,low-flow,low-flow,2025-01-25 07:45:00
-0.3833192,-0.44596207,-0.3854805,-0.3964142,low-flow,low-flow,low-flow,low-flow,2025-01-25 08:00:00
-0.32285416,-0.38471106,-0.31904143,-0.3302167,low-flow,low-flow,low-flow,low-flow,2025-01-25 08:15:00
-0.25564954,-0.31485975,-0.24535626,-0.25660965,low-flow,low-flow,low-flow,low-flow,2025-01-25 08:30:00
-0.18265368,-0.2374025,-0.16550292,-0.17666715,low-flow,low-flow,low-flow,low-flow,2025-01-25 08:45:00
-0.10488989,-0.15349329,-0.08065698,-0.09156332,low-flow,low-flow,low-flow,low-flow,2025-01-25 09:00:00
-0.023442822,-0.064420916,0.007927176,-0.0025532811,low-flow,low-flow,high-flow,low-flow,2025-01-25 09:15:00
0.060554758,0.02842106,0.09893595,0.08904617,high-flow,high-flow,high-flow,high-flow,2025-01-25 09:30:00
0.14593448,0.12356632,0.1910162,0.18187623,high-flow,high-flow,high-flow,high-flow,2025-01-25 09:45:00
0.23150449,0.219507,0.28279504,0.2745558,high-flow,high-flow,high-flow,high-flow,2025-01-25 10:00:00
0.31606123,0.314722,0.3728993,0.36570102,high-flow,high-flow,high-flow,high-flow,2025-01-25 10:15:00
0.3984013,0.40770158,0.4599747,0.45394433,high-flow,high-flow,high-flow,high-flow,2025-01-25 10:30:00
0.4773335,0.4969687,0.5427043,0.5379532,high-flow,high-flow,high-flow,high-flow,2025-01-25 10:45:00
0.55169135,0.58109826,0.61982626,0.6164479,high-flow,high-flow,high-flow,high-flow,2025-01-25 11:00:00
0.6203464,0.6587361,0.69015115,0.6882192,high-flow,high-flow,high-flow,high-flow,2025-01-25 11:15:00
0.68222237,0.72861904,0.75257796,0.75214416,high-flow,high-flow,high-flow,high-flow,2025-01-25 11:30:00
0.73630995,0.78959584,0.8061095,0.80720234,high-flow,high-flow,high-flow,high-flow,2025-01-25 11:45:00
0.7816826,0.84064984,0.84986645,0.8524901,high-flow,high-flow,high-flow,high-flow,2025-01-25 12:00:00
0.8175129,0.88092023,0.88310075,0.8872342,high-flow,high-flow,high-flow,high-flow,2025-01-25 12:15:00
0.84308904,0.90972024,0.9052072,0.9108039,high-flow,high-flow,high-flow,high-flow,2025-01-25 12:30:00
0.85783064,0.9265503,0.915734,0.92272204,high-flow,high-flow,high-flow,high-flow,2025-01-25 12:45:00
0.861305,0.9311037,0.9143915,0.9226742,high-flow,high-flow,high-ebb,high-ebb,2025-01-25 13:00:00
0.85324043,0.92326474,0.9010591,0.9105161,high-ebb,high-ebb,high-ebb,high-ebb,2025-01-25 13:15:00
0.8335388,0.9031004,0.87579,0.8862789,high-ebb,high-ebb,high-ebb,high-ebb,2025-01-25 13:30:00
0.8022846,0.8708472,0.8388142,0.8501725,high-ebb,high-ebb,high-ebb,high-ebb,2025-01-25 13:45:00
0.75975114,0.826897,0.790538,0.80258584,high-ebb,high-ebb,high-ebb,high-ebb,2025-01-25 14:00:00
0.7064027,0.77178425,0.73154175,0.74408454,high-ebb,high-ebb,high-ebb,high-ebb,2025-01-25 14:15:00
0.6428927,0.7061776,0.6625742,0.6754061,high-ebb,high-ebb,high-ebb,high-ebb,2025-01-25 14:30:00
0.5700569,0.63087696,0.5845438,0.59745127,high-ebb,high-ebb,high-ebb,high-ebb,2025-01-25 14:45:00
0.48890275,0.5468151,0.4985074,0.51127297,high-ebb,high-ebb,high-ebb,high-ebb,2025-01-25 15:00:00
0.40059325,0.45506176,0.40565556,0.41806185,high-ebb,high-ebb,high-ebb,high-ebb,2025-01-25 15:15:00
0.3064276,0.35682648,0.30729517,0.31912893,high-ebb,high-ebb,high-ebb,high-ebb,2025-01-25 15:30:00
0.20781717,0.2534563,0.2048294,0.21588556,high-ebb,high-ebb,high-ebb,high-ebb,2025-01-25 15:45:00
0.106258914,0.14642468,0.09973536,0.10982098,high-ebb,high-ebb,high-ebb,high-ebb,2025-01-25 16:00:00
0.0033059097,0.037309993,-0.0064601917,0.0024777725,high-ebb,high-ebb,low-ebb,high-ebb,2025-01-25 16:15:00
-0.09946344,-0.07223719,-0.112206586,-0.10457404,low-ebb,low-ebb,low-ebb,low-ebb,2025-01-25 16:30:00
-0.20047694,-0.18053544,-0.21595588,-0.20976405,low-ebb,low-ebb,low-ebb,low-ebb,2025-01-25 16:45:00
-0.29819983,-0.28591883,-0.31618986,-0.31154883,low-ebb,low-ebb,low-ebb,low-ebb,2025-01-25 17:00:00
-0.39116484,-0.38678357,-0.41144648,-0.408439,low-ebb,low-ebb,low-ebb,low-ebb,2025-01-25 17:15:00
-0.47799993,-0.48162973,-0.5003458,-0.49902558,low-ebb,low-ebb,low-ebb,low-ebb,2025-01-25 17:30:00
-0.5574536,-0.56909406,-0.58161414,-0.5820046,low-ebb,low-ebb,low-ebb,low-ebb,2025-01-25 17:45:00
-0.6284162,-0.6479719,-0.6541058,-0.6561998,low-ebb,low-ebb,low-ebb,low-ebb,2025-01-25 18:00:00
-0.6899375,-0.7172274,-0.7168228,-0.72058284,low-ebb,low-ebb,low-ebb,low-ebb,2025-01-25 18:15:00
-0.74124026,-0.77599466,-0.76893145,-0.7742901,low-ebb,low-ebb,low-ebb,low-ebb,2025-01-25 18:30:00
-0.7817287,-0.82357264,-0.80977476,-0.81663626,low-ebb,low-ebb,low-ebb,low-ebb,2025-01-25 18:45:00
-0.8109932,-0.85941833,-0.8388826,-0.8471247,low-ebb,low-ebb,low-ebb,low-ebb,2025-01-25 19:00:00
-0.82881093,-0.8831416,-0.855977,-0.86545336,low-ebb,low-ebb,low-ebb,low-ebb,2025-01-25 19:15:00
-0.8351421,-0.8945049,-0.860974,-0.87151736,low-ebb,low-ebb,low-ebb,low-ebb,2025-01-25 19:30:00
-0.83012336,-0.89342827,-0.85398245,-0.8654076,low-flow,low-flow,low-flow,low-flow,2025-01-25 19:45:00
-0.8140587,-0.87999856,-0.8352985,-0.8474061,low-flow,low-flow,low-flow,low-flow,2025-01-25 20:00:00
-0.78740764,-0.8544812,-0.80539757,-0.8179781,low-flow,low-flow,low-flow,low-flow,2025-01-25 20:15:00
-0.75077206,-0.8173298,-0.7649232,-0.7777607,low-flow,low-flow,low-flow,low-flow,2025-01-25 20:30:00
-0.70488226,-0.7691912,-0.7146732,-0.7275498,low-flow,low-flow,low-flow,low-flow,2025-01-25 20:45:00
-0.6505822,-0.71090263,-0.65558445,-0.668284,low-flow,low-flow,low-flow,low-flow,2025-01-25 21:00:00
-0.588815,-0.64348,-0.58871526,-0.6010277,low-flow,low-flow,low-flow,low-flow,2025-01-25 21:15:00
-0.5206082,-0.568098,-0.5152271,-0.52695197,low-flow,low-flow,low-flow,low-flow,2025-01-25 21:30:00
-0.44705987,-0.4860628,-0.43636525,-0.44731516,low-flow,low-flow,low-flow,low-flow,2025-01-25 21:45:00
-0.36932492,-0.39878133,-0.3534389,-0.36344284,low-flow,low-flow,low-flow,low-flow,2025-01-25 22:00:00
-0.28860176,-0.30772987,-0.26780125,-0.27670726,low-flow,low-flow,low-flow,low-flow,2025-01-25 22:15:00
-0.20611957,-0.21442403,-0.18082952,-0.188507,low-flow,low-flow,low-flow,low-flow,2025-01-25 22:30:00
-0.12312531,-0.12039265,-0.09390529,-0.1002469,low-flow,low-flow,low-flow,low-flow,2025-01-25 22:45:00
-0.040870786,-0.027155053,-0.008395266,-0.013318205,low-flow,low-flow,low-flow,low-flow,2025-01-25 23:00:00
0.03940076,0.06379859,0.0743674,0.07092052,high-flow,high-flow,high-flow,high-flow,2025-01-25 23:15:00
0.11646864,0.1510256,0.15310116,0.15116203,high-flow,high-flow,high-flow,high-flow,2025-01-25 23:30:00
0.1891495,0.23314947,0.22659345,0.22616816,high-flow,high-flow,high-flow,high-flow,2025-01-25 23:45:00
0.25631294,0.3088802,0.29371724,0.29478696,high-flow,high-flow,high-flow,high-flow,2025-01-26 00:00:00
0.3168979,0.3770363,0.35344666,0.35596874,high-flow,high-flow,high-flow,high-flow,2025-01-26 00:15:00
0.3699298,0.4365676,0.40487194,0.40878123,high-flow,high-flow,high-flow,high-flow,2025-01-26 00:30:00
0.41453803,0.48657715,0.44721287,0.45242363,high-flow,high-flow,high-flow,high-flow,2025-01-26 00:45:00
0.4499734,0.52633953,0.4798313,0.4862392,high-flow,high-flow,high-flow,high-flow,2025-01-26 01:00:00
0.4756252,0.55531347,0.5022422,0.5097266,high-flow,high-flow,high-flow,high-flow,2025-01-26 01:15:00
0.49103683,0.5731474,0.5141229,0.5225494,high-flow,high-flow,high-flow,high-flow,2025-01-26 01:30:00
0.4959204,0.5796778,0.5153205,0.52454346,high-flow,high-flow,high-flow,high-flow,2025-01-26 01:45:00
0.49016812,0.574921,0.5058572,0.51572245,high-ebb,high-ebb,high-ebb,high-ebb,2025-01-26 02:00:00
0.4738612,0.55906206,0.4859333,0.49628055,high-ebb,high-ebb,high-ebb,high-ebb,2025-01-26 02:15:00
0.44727492,0.5324426,0.4559267,0.46659246,high-ebb,high-ebb,high-ebb,high-ebb,2025-01-26 02:30:00
0.41087973,0.49555135,0.41639075,0.4272105,high-ebb,high-ebb,high-ebb,high-ebb,2025-01-26 02:45:00
0.36533755,0.44901842,0.36804792,0.3788588,high-ebb,high-ebb,high-ebb,high-ebb,2025-01-26 03:00:00
0.31149378,0.39361534,0.31178093,0.32242367,high-ebb,high-ebb,high-ebb,high-ebb,2025-01-26 03:15:00
0.2503643,0.33025807,0.24862008,0.25894123,high-ebb,high-ebb,high-ebb,high-ebb,2025-01-26 03:30:00
0.18311791,0.26001093,0.17972794,0.18958168,high-ebb,high-ebb,high-ebb,high-ebb,2025-01-26 03:45:00
0.11105462,0.18408751,0.10638066,0.115630455,high-ebb,high-ebb,high-ebb,high-ebb,2025-01-26 04:00:00
0.03558021,0.10384474,0.029946608,0.038466685,high-ebb,high-ebb,high-ebb,high-ebb,2025-01-26 04:15:00
-0.041822366,0.020766929,-0.048137303,-0.04046073,low-ebb,high-ebb,low-ebb,low-ebb,2025-01-26 04:30:00
-0.11962373,-0.06356153,-0.12639134,-0.119659,low-ebb,low-ebb,low-ebb,low-ebb,2025-01-26 04:45:00
-0.19628018,-0.14749418,-0.20332,-0.19761866,low-ebb,low-ebb,low-ebb,low-ebb,2025-01-26 05:00:00
-0.2702662,-0.22936848,-0.27743983,-0.27284163,low-ebb,low-ebb,low-ebb,low-ebb,2025-01-26 05:15:00
-0.3401064,-0.30755526,-0.34730744,-0.34386936,low-ebb,low-ebb,low-ebb,low-ebb,2025-01-26 05:30:00
-0.40440574,-0.3805066,-0.411547,-0.40931037,low-ebb,low-ebb,low-ebb,low-ebb,2025-01-26 05:45:00
-0.4618777,-0.4467974,-0.46887633,-0.46786675,low-ebb,low-ebb,low-ebb,low-ebb,2025-01-26 06:00:00
-0.51136893,-0.50515646,-0.5181315,-0.5183585,low-ebb,low-ebb,low-ebb,low-ebb,2025-01-26 06:15:00
-0.5518804,-0.5544861,-0.5582887,-0.5597459,low-ebb,low-ebb,low-ebb,low-ebb,2025-01-26 06:30:00
-0.58258426,-0.5938699,-0.58848315,-0.59114844,low-ebb,low-ebb,low-ebb,low-ebb,2025-01-26 06:45:00
-0.60283625,-0.622572,-0.60802513,-0.6118606,low-ebb,low-ebb,low-ebb,low-ebb,2025-01-26 07:00:00
-0.6121834,-0.6400305,-0.6164115,-0.621364,low-ebb,low-ebb,low-ebb,low-ebb,2025-01-26 07:15:00
-0.61036766,-0.6458505,-0.6133343,-0.61933595,low-flow,low-ebb,low-flow,low-flow,2025-01-26 07:30:00
-0.5973249,-0.6397988,-0.59868455,-0.6056533,low-flow,low-flow,low-flow,low-flow,2025-01-26 07:45:00
-0.57318056,-0.6218043,-0.57255286,-0.580393,low-flow,low-flow,low-flow,low-flow,2025-01-26 08:00:00
-0.5382414,-0.59196216,-0.53522563,-0.54382914,low-flow,low-flow,low-flow,low-flow,2025-01-26 08:15:00
-0.49298504,-0.550543,-0.48717833,-0.4964255,low-flow,low-flow,low-flow,low-flow,2025-01-26 08:30:00
-0.43804726,-0.49800202,-0.42906526,-0.43882608,low-flow,low-flow,low-flow,low-flow,2025-01-26 08:45:00
-0.37420756,-0.43498558,-0.36170644,-0.37184194,low-flow,low-flow,low-flow,low-flow,2025-01-26 09:00:00
-0.30237377,-0.36233258,-0.28607234,-0.29643616,low-flow,low-flow,low-flow,low-flow,2025-01-26 09:15:00
-0.22356623,-0.2810671,-0.20326665,-0.21370669,low-flow,low-flow,low-flow,low-flow,2025-01-26 09:30:00
-0.13890193,-0.19238284,-0.11450726,-0.12486771,low-flow,low-flow,low-flow,low-flow,2025-01-26 09:45:00
-0.049578506,-0.09761939,-0.021106593,-0.031229896,low-flow,low-flow,low-flow,low-flow,2025-01-26 10:00:00
0.043141138,0.0017668854,0.07554905,0.06582001,high-flow,high-flow,high-flow,high-flow,2025-01-26 10:15:00
0.13794403,0.104234666,0.17402041,0.16483998,high-flow,high-flow,high-flow,high-flow,2025-01-26 10:30:00
0.23348188,0.20818913,0.27283624,0.2643536,high-flow,high-flow,high-flow,high-flow,2025-01-26 10:45:00
0.3283858,0.31201085,0.37051404,0.36287084,high-flow,high-flow,high-flow,high-flow,2025-01-26 11:00:00
0.42128083,0.4140809,0.46558064,0.4589084,high-flow,high-flow,high-flow,high-flow,2025-01-26 11:15:00
0.5108008,0.51280224,0.556592,0.5510099,high-flow,high-flow,high-flow,high-flow,2025-01-26 11:30:00
0.5956036,0.6066193,0.64215267,0.637765,high-flow,high-flow,high-flow,high-flow,2025-01-26 11:45:00
0.6743869,0.6940361,0.72093445,0.7178287,high-flow,high-flow,high-flow,high-flow,2025-01-26 12:00:00
0.74590504,0.7736363,0.7916945,0.7899391,high-flow,high-flow,high-flow,high-flow,2025-01-26 12:15:00
0.8089859,0.84410447,0.8532923,0.85293496,high-flow,high-flow,high-flow,high-flow,2025-01-26 12:30:00
0.8625491,0.90425014,0.90470594,0.9057725,high-flow,high-flow,high-flow,high-flow,2025-01-26 12:45:00
0.9056242,0.9530317,0.94504774,0.94754076,high-flow,high-flow,high-flow,high-flow,2025-01-26 13:00:00
0.9373693,0.9895792,0.9735781,0.9774761,high-flow,high-flow,high-flow,high-flow,2025-01-26 13:15:00
0.9570887,1.0132128,0.9897182,0.9949758,high-flow,high-flow,high-flow,high-flow,2025-01-26 13:30:00
0.96425056,1.0234553,0.9930616,0.9996093,high-flow,high-flow,high-flow,high-flow,2025-01-26 13:45:00
0.9585022,1.0200377,0.9833832,0.9911282,high-ebb,high-ebb,high-ebb,high-ebb,2025-01-26 14:00:00
0.9396837,1.0028964,0.9606468,0.9694742,high-ebb,high-ebb,high-ebb,high-ebb,2025-01-26 14:15:00
0.90783846,0.9721664,0.92500985,0.934784,high-ebb,high-ebb,high-ebb,high-ebb,2025-01-26 14:30:00
0.86322045,0.92816967,0.8768253,0.8873921,high-ebb,high-ebb,high-ebb,high-ebb,2025-01-26 14:45:00
0.8062972,0.87140507,0.8166409,0.8278302,high-ebb,high-ebb,high-ebb,high-ebb,2025-01-26 15:00:00
0.73774827,0.80253994,0.74519503,0.7568234,high-ebb,high-ebb,high-ebb,high-ebb,2025-01-26 15:15:00
0.65845954,0.72240597,0.66340894,0.6752829,high-ebb,high-ebb,high-ebb,high-ebb,2025-01-26 15:30:00
0.5695117,0.6319991,0.57237554,0.58429515,high-ebb,high-ebb,high-ebb,high-ebb,2025-01-26 15:45:00
0.47216427,0.53248125,0.4733451,0.48510748,high-ebb,high-ebb,high-ebb,high-ebb,2025-01-26 16:00:00
0.3678351,0.4251818,0.3677068,0.37910992,high-ebb,high-ebb,high-ebb,high-ebb,2025-01-26 16:15:00
0.2580753,0.31159317,0.2569677,0.26781422,high-ebb,high-ebb,high-ebb,high-ebb,2025-01-26 16:30:00
0.14454068,0.19335875,0.14272845,0.15282965,high-ebb,high-ebb,high-ebb,high-ebb,2025-01-26 16:45:00
0.028960288,0.07224929,0.026656808,0.03583611,high-ebb,high-ebb,high-ebb,high-ebb,2025-01-26 17:00:00
-0.08689709,-0.04987203,-0.08954078,-0.08144428,low-ebb,low-ebb,low-ebb,low-ebb,2025-01-26 17:15:00
-0.20125756,-0.17109482,-0.204149,-0.19727737,low-ebb,low-ebb,low-ebb,low-ebb,2025-01-26 17:30:00
-0.3123767,-0.2895132,-0.31547397,-0.30994764,low-ebb,low-ebb,low-ebb,low-ebb,2025-01-26 17:45:00
-0.41857347,-0.40327922,-0.42187342,-0.41778874,low-ebb,low-ebb,low-ebb,low-ebb,2025-01-26 18:00:00
-0.5182618,-0.51065284,-0.5217861,-0.5192135,low-ebb,low-ebb,low-ebb,low-ebb,2025-01-26 18:15:00
-0.6099799,-0.6100432,-0.6137596,-0.6127421,low-ebb,low-ebb,low-ebb,low-ebb,2025-01-26 18:30:00
-0.6924161,-0.7000391,-0.69647574,-0.69702834,low-ebb,low-ebb,low-ebb,low-ebb,2025-01-26 18:45:00
-0.76442975,-0.7794255,-0.7687736,-0.77088284,low-ebb,low-ebb,low-ebb,low-ebb,2025-01-26 19:00:00
-0.82506925,-0.84719026,-0.8296689,-0.8332932,low-ebb,low-ebb,low-ebb,low-ebb,2025-01-26 19:15:00
-0.87358385,-0.90252066,-0.8783692,-0.8834401,low-ebb,low-ebb,low-ebb,low-ebb,2025-01-26 19:30:00
-0.9094314,-0.9447963,-0.9142864,-0.92070943,low-ebb,low-ebb,low-ebb,low-ebb,2025-01-26 19:45:00
-0.9322816,-0.97358143,-0.9370434,-0.94470084,low-ebb,low-ebb,low-ebb,low-ebb,2025-01-26 20:00:00
-0.9420146,-0.9886195,-0.9464781,-0.95523065,low-ebb,low-ebb,low-ebb,low-ebb,2025-01-26 20:15:00
-0.9387159,-0.9898335,-0.9426421,-0.9523324,low-flow,low-ebb,low-flow,low-flow,2025-01-26 20:30:00
-0.92266774,-0.9773299,-0.9257962,-0.9362516,low-flow,low-flow,low-flow,low-flow,2025-01-26 20:45:00
-0.89433795,-0.95140594,-0.8964022,-0.9074384,low-flow,low-flow,low-flow,low-flow,2025-01-26 21:00:00
-0.8543661,-0.9125566,-0.8551113,-0.86653596,low-flow,low-flow,low-flow,low-flow,2025-01-26 21:15:00
-0.80354875,-0.86147773,-0.80274975,-0.8143664,low-flow,low-flow,low-flow,low-flow,2025-01-26 21:30:00
-0.7428229,-0.79906356,-0.7403025,-0.751914,low-flow,low-flow,low-flow,low-flow,2025-01-26 21:45:00
-0.6732493,-0.7263954,-0.66889447,-0.68030685,low-flow,low-flow,low-flow,low-flow,2025-01-26 22:00:00
-0.59599555,-0.6447224,-0.5897707,-0.6007968,low-flow,low-flow,low-flow,low-flow,2025-01-26 22:15:00
-0.51231897,-0.55543566,-0.5042757,-0.51473844,low-flow,low-flow,low-flow,low-flow,2025-01-26 22:30:00
-0.42354998,-0.46003756,-0.4138319,-0.42356712,low-flow,low-flow,low-flow,low-flow,2025-01-26 22:45:00
-0.33107534,-0.3601103,-0.31991786,-0.32877728,low-flow,low-flow,low-flow,low-flow,2025-01-26 23:00:00
-0.23632208,-0.25728548,-0.2240467,-0.2319001,low-flow,low-flow,low-flow,low-flow,2025-01-26 23:15:00
-0.14074098,-0.15321696,-0.1277446,-0.13448161,low-flow,low-flow,low-flow,low-flow,2025-01-26 23:30:00
-0.045790408,-0.049557824,-0.03252954,-0.038061194,low-flow,low-flow,low-flow,low-flow,2025-01-26 23:45:00
0.047080494,0.05205973,0.060109213,0.055849593,high-flow,high-flow,high-flow,high-flow,2025-01-27 00:00:00
0.13644886,0.15004265,0.14873125,0.14578755,high-flow,high-flow,high-flow,high-flow,2025-01-27 00:15:00
0.22093584,0.24285565,0.2319644,0.2303577,high-flow,high-flow,high-flow,high-flow,2025-01-27 00:30:00
0.29922494,0.3290416,0.30852354,0.3082525,high-flow,high-flow,high-flow,high-flow,2025-01-27 00:45:00
0.37008095,0.4072444,0.37722856,0.37827024,high-flow,high-flow,high-flow,high-flow,2025-01-27 01:00:00
0.43236938,0.47623405,0.43702134,0.43933228,high-flow,high-flow,high-flow,high-flow,2025-01-27 01:15:00
0.48507604,0.53493184,0.48698196,0.4904997,high-flow,high-flow,high-flow,high-flow,2025-01-27 01:30:00
0.52732635,0.5824337,0.5263433,0.53098816,high-flow,high-flow,high-flow,high-flow,2025-01-27 01:45:00
0.5584039,0.6180294,0.55450463,0.5601816,high-flow,high-flow,high-flow,high-flow,2025-01-27 02:00:00
0.5777682,0.6412147,0.571043,0.577644,high-flow,high-flow,high-flow,high-flow,2025-01-27 02:15:00
0.58506936,0.65169644,0.5757232,0.583129,high-flow,high-flow,high-flow,high-flow,2025-01-27 02:30:00
0.58016175,0.6493907,0.56850445,0.5765873,high-ebb,high-ebb,high-ebb,high-ebb,2025-01-27 02:45:00
0.56311274,0.63441604,0.54954535,0.55817103,high-ebb,high-ebb,high-ebb,high-ebb,2025-01-27 03:00:00
0.534209,0.6070839,0.5192052,0.5282353,high-ebb,high-ebb,high-ebb,high-ebb,2025-01-27 03:15:00
0.49395743,0.56789,0.47804198,0.48733613,high-ebb,high-ebb,high-ebb,high-ebb,2025-01-27 03:30:00
0.44308153,0.5175076,0.4268072,0.43622503,high-ebb,high-ebb,high-ebb,high-ebb,2025-01-27 03:45:00
0.38251317,0.45678535,0.36643654,0.37583962,high-ebb,high-ebb,high-ebb,high-ebb,2025-01-27 04:00:00
0.31337866,0.38674736,0.298037,0.30729067,high-ebb,high-ebb,high-ebb,high-ebb,2025-01-27 04:15:00
0.23698008,0.30859408,0.22287022,0.2318451,high-ebb,high-ebb,high-ebb,high-ebb,2025-01-27 04:30:00
0.15477206,0.22370052,0.14233238,0.1509058,high-ebb,high-ebb,high-ebb,high-ebb,2025-01-27 04:45:00
0.06833414,0.13360772,0.05793053,0.06598779,high-ebb,high-ebb,high-ebb,high-ebb,2025-01-27 05:00:00
-0.020660128,0.040004324,-0.02874367,-0.021308215,low-ebb,high-ebb,low-ebb,low-ebb,2025-01-27 05:15:00
-0.11047694,-0.055303417,-0.11604268,-0.10932472,low-ebb,low-ebb,low-ebb,low-ebb,2025-01-27 05:30:00
-0.19935761,-0.15043339,-0.20229353,-0.19637804,low-ebb,low-ebb,low-ebb,low-ebb,2025-01-27 05:45:00
-0.2855547,-0.24347839,-0.28582928,-0.28078985,low-ebb,low-ebb,low-ebb,low-ebb,2025-01-27 06:00:00
-0.36736792,-0.33256188,-0.36502078,-0.36091912,low-ebb,low-ebb,low-ebb,low-ebb,2025-01-27 06:15:00
-0.44317853,-0.41589355,-0.438308,-0.43519354,low-ebb,low-ebb,low-ebb,low-ebb,2025-01-27 06:30:00
-0.51148176,-0.49181917,-0.5042299,-0.50213945,low-ebb,low-ebb,low-ebb,low-ebb,2025-01-27 06:45:00
-0.5709157,-0.5588603,-0.5614525,-0.56041,low-ebb,low-ebb,low-ebb,low-ebb,2025-01-27 07:00:00
-0.62028676,-0.61574125,-0.60879433,-0.6088107,low-ebb,low-ebb,low-ebb,low-ebb,2025-01-27 07:15:00
-0.65859044,-0.661403,-0.64524823,-0.6463214,low-ebb,low-ebb,low-ebb,low-ebb,2025-01-27 07:30:00
-0.6850275,-0.69500566,-0.6699997,-0.6721145,low-ebb,low-ebb,low-ebb,low-ebb,2025-01-27 07:45:00
-0.6990149,-0.7159225,-0.6824414,-0.6855694,low-ebb,low-ebb,low-ebb,low-ebb,2025-01-27 08:00:00
-0.7001923,-0.7237308,-0.68218243,-0.68628246,low-ebb,low-ebb,low-flow,low-ebb,2025-01-27 08:15:00
-0.6884231,-0.71820265,-0.6690541,-0.6740722,low-flow,low-flow,low-flow,low-flow,2025-01-27 08:30:00
-0.6637918,-0.699299,-0.6431107,-0.6489807,low-flow,low-flow,low-flow,low-flow,2025-01-27 08:45:00
-0.62659645,-0.66716826,-0.60462636,-0.6112701,low-flow,low-flow,low-flow,low-flow,2025-01-27 09:00:00
-0.5773389,-0.62214935,-0.55408776,-0.56141585,low-flow,low-flow,low-flow,low-flow,2025-01-27 09:15:00
-0.5167107,-0.56477636,-0.49218336,-0.5000958,low-flow,low-flow,low-flow,low-flow,2025-01-27 09:30:00
-0.4455781,-0.49578205,-0.4197893,-0.4281765,low-flow,low-flow,low-flow,low-flow,2025-01-27 09:45:00
-0.36496478,-0.41609752,-0.33795294,-0.34669662,low-flow,low-flow,low-flow,low-flow,2025-01-27 10:00:00
-0.27603343,-0.32684475,-0.24787365,-0.25684828,low-flow,low-flow,low-flow,low-flow,2025-01-27 10:15:00
-0.18006706,-0.22932121,-0.15088256,-0.15995675,low-flow,low-flow,low-flow,low-flow,2025-01-27 10:30:00
-0.07844983,-0.12497725,-0.04842055,-0.057458628,low-flow,low-flow,low-flow,low-flow,2025-01-27 10:45:00
0.0273521,-0.015387313,0.0579843,0.049120463,high-flow,low-flow,high-flow,high-flow,2025-01-27 11:00:00
0.13580947,0.09778168,0.1667398,0.15818885,high-flow,high-flow,high-flow,high-flow,2025-01-27 11:15:00
0.24534869,0.21280217,0.27621284,0.26811185,high-flow,high-flow,high-flow,high-flow,2025-01-27 11:30:00
0.35437042,0.32791546,0.38475245,0.37723476,high-flow,high-flow,high-flow,high-flow,2025-01-27 11:45:00
0.46126807,0.44135773,0.49071258,0.48390546,high-flow,high-flow,high-flow,high-flow,2025-01-27 12:00:00
0.5644465,0.551382,0.5924744,0.5864969,high-flow,high-flow,high-flow,high-flow,2025-01-27 12:15:00
0.6623408,0.6562778,0.68846804,0.6834286,high-flow,high-flow,high-flow,high-flow,2025-01-27 12:30:00
0.7534355,0.75438964,0.77719367,0.77318805,high-flow,high-flow,high-flow,high-flow,2025-01-27 12:45:00
0.8362843,0.84413695,0.8572421,0.8543512,high-flow,high-flow,high-flow,high-flow,2025-01-27 13:00:00
0.90953,0.9240362,0.92731416,0.9256022,high-flow,high-flow,high-flow,high-flow,2025-01-27 13:15:00
0.97192526,0.9927259,0.9862396,0.98575246,high-flow,high-flow,high-flow,high-flow,2025-01-27 13:30:00
1.0223528,1.0489935,1.0329949,1.0337586,high-flow,high-flow,high-flow,high-flow,2025-01-27 13:45:00
1.0598459,1.0918022,1.0667195,1.0687394,high-flow,high-flow,high-flow,high-flow,2025-01-27 14:00:00
1.0836082,1.1203158,1.0867313,1.0899911,high-flow,high-flow,high-flow,high-flow,2025-01-27 14:15:00
1.0930318,1.1339167,1.0925395,1.0970012,high-flow,high-flow,high-flow,high-flow,2025-01-27 14:30:00
1.0877146,1.132219,1.0838563,1.0894604,high-ebb,high-ebb,high-ebb,high-ebb,2025-01-27 14:45:00
1.0674739,1.1150721,1.060606,1.0672715,high-ebb,high-ebb,high-ebb,high-ebb,2025-01-27 15:00:00
1.0323582,1.0825595,1.0229303,1.0305563,high-ebb,high-ebb,high-ebb,high-ebb,2025-01-27 15:15:00
0.98265356,1.03499,0.9711922,0.97965956,high-ebb,high-ebb,high-ebb,high-ebb,2025-01-27 15:30:00
0.91888785,0.97289,0.9059753,0.9151478,high-ebb,high-ebb,high-ebb,high-ebb,2025-01-27 15:45:00
0.84182805,0.89699405,0.8280795,0.83780664,high-ebb,high-ebb,high-ebb,high-ebb,2025-01-27 16:00:00
0.75247365,0.80823815,0.7385131,0.74863255,high-ebb,high-ebb,high-ebb,high-ebb,2025-01-27 16:15:00
0.65204424,0.7077568,0.6384806,0.64882106,high-ebb,high-ebb,high-ebb,high-ebb,2025-01-27 16:30:00
0.5419623,0.5968806,0.5293663,0.5397509,high-ebb,high-ebb,high-ebb,high-ebb,2025-01-27 16:45:00
0.42383033,0.4771334,0.41271442,0.42296377,high-ebb,high-ebb,high-ebb,high-ebb,2025-01-27 17:00:00
0.2994035,0.3502245,0.29020497,0.30014098,high-ebb,high-ebb,high-ebb,high-ebb,2025-01-27 17:15:00
0.17055847,0.21803282,0.16362683,0.17307587,high-ebb,high-ebb,high-ebb,high-ebb,2025-01-27 17:30:00
0.039258808,0.08258009,0.03484761,0.043644086,high-ebb,high-ebb,high-ebb,high-ebb,2025-01-27 17:45:00
-0.0924823,-0.054008134,-0.094218485,-0.08622891,low-ebb,low-ebb,low-ebb,low-ebb,2025-01-27 18:00:00
-0.22264037,-0.18955225,-0.22164431,-0.21460162,low-ebb,low-ebb,low-ebb,low-ebb,2025-01-27 18:15:00
-0.34921846,-0.3218762,-0.34552416,-0.33955118,low-ebb,low-ebb,low-ebb,low-ebb,2025-01-27 18:30:00
-0.47028536,-0.44886807,-0.464008,-0.45920798,low-ebb,low-ebb,low-ebb,low-ebb,2025-01-27 18:45:00
-0.5840118,-0.5685379,-0.57533485,-0.5717894,low-ebb,low-ebb,low-ebb,low-ebb,2025-01-27 19:00:00
-0.6887041,-0.67906785,-0.67786413,-0.6756317,low-ebb,low-ebb,low-ebb,low-ebb,2025-01-27 19:15:00
-0.78283435,-0.77885014,-0.7701051,-0.7692198,low-ebb,low-ebb,low-ebb,low-ebb,2025-01-27 19:30:00
-0.86506623,-0.8665111,-0.85074234,-0.8512134,low-ebb,low-ebb,low-ebb,low-ebb,2025-01-27 19:45:00
-0.9342756,-0.9409217,-0.9186579,-0.9204697,low-ebb,low-ebb,low-ebb,low-ebb,2025-01-27 20:00:00
-0.98956716,-1.0011964,-0.97294945,-0.97606194,low-ebb,low-ebb,low-ebb,low-ebb,2025-01-27 20:15:00
-1.0302844,-1.0466849,-1.0129433,-1.017293,low-ebb,low-ebb,low-ebb,low-ebb,2025-01-27 20:30:00
-1.0560153,-1.0769603,-1.0382032,-1.0437047,low-ebb,low-ebb,low-ebb,low-ebb,2025-01-27 20:45:00
-1.0665928,-1.0918094,-1.0485345,-1.0550824,low-ebb,low-ebb,low-ebb,low-ebb,2025-01-27 21:00:00
-1.062091,-1.0912246,-1.043983,-1.0514542,low-flow,low-flow,low-flow,low-flow,2025-01-27 21:15:00
-1.0428158,-1.0754018,-1.0248302,-1.0330865,low-flow,low-flow,low-flow,low-flow,2025-01-27 21:30:00
-1.0092945,-1.0447416,-0.9915843,-1.0004755,low-flow,low-flow,low-flow,low-flow,2025-01-27 21:45:00
-0.96225977,-0.9998514,-0.9449674,-0.9543342,low-flow,low-flow,low-flow,low-flow,2025-01-27 22:00:00
-0.9026334,-0.94154525,-0.88589954,-0.89557695,low-flow,low-flow,low-flow,low-flow,2025-01-27 22:15:00
-0.83150727,-0.87084,-0.8154806,-0.8253011,low-flow,low-flow,low-flow,low-flow,2025-01-27 22:30:00
-0.75012326,-0.78894365,-0.73496926,-0.7447663,low-flow,low-flow,low-flow,low-flow,2025-01-27 22:45:00
-0.659853,-0.6972366,-0.6457615,-0.6553723,low-flow,low-flow,low-flow,low-flow,2025-01-27 23:00:00
-0.5621768,-0.5972462,-0.5493668,-0.55863553,low-flow,low-flow,low-flow,low-flow,2025-01-27 23:15:00
-0.45866266,-0.49061674,-0.44738436,-0.456165,low-flow,low-flow,low-flow,low-flow,2025-01-27 23:30:00
-0.35094538,-0.3790775,-0.34147894,-0.34963736,low-flow,low-flow,low-flow,low-flow,2025-01-27 23:45:00
-0.24070586,-0.26441208,-0.23335621,-0.24077259,low-flow,low-flow,low-flow,low-flow,2025-01-28 00:00:00
-0.12965037,-0.14843044,-0.12473868,-0.13130914,low-flow,low-flow,low-flow,low-flow,2025-01-28 00:15:00
-0.01949001,-0.03294496,-0.01734179,-0.022979734,low-flow,low-flow,low-flow,low-flow,2025-01-28 00:30:00
0.088080026,0.08025017,0.0871495,0.08251241,high-flow,high-flow,high-flow,high-flow,2025-01-28 00:45:00
0.19140139,0.1893976,0.18710355,0.18351689,high-flow,high-flow,high-flow,high-flow,2025-01-28 01:00:00
0.28887373,0.29279566,0.2809643,0.2784587,high-flow,high-flow,high-flow,high-flow,2025-01-28 01:15:00
0.37897623,0.38881904,0.36727262,0.3658601,high-flow,high-flow,high-flow,high-flow,2025-01-28 01:30:00
0.4602893,0.47594276,0.44468707,0.44436157,high-flow,high-flow,high-flow,high-flow,2025-01-28 01:45:00
0.53151643,0.5527691,0.51200354,0.51274174,high-flow,high-flow,high-flow,high-flow,2025-01-28 02:00:00
0.5915058,0.6180564,0.5681737,0.5699364,high-flow,high-flow,high-flow,high-flow,2025-01-28 02:15:00
0.63927144,0.67074716,0.6123222,0.61505556,high-flow,high-flow,high-flow,high-flow,2025-01-28 02:30:00
0.67401284,0.70999306,0.64376223,0.64739937,high-flow,high-flow,high-flow,high-flow,2025-01-28 02:45:00
0.69513386,0.7351741,0.66200864,0.66647154,high-flow,high-flow,high-flow,high-flow,2025-01-28 03:00:00
0.70225835,0.74591064,0.66678953,0.67199063,high-flow,high-flow,high-flow,high-flow,2025-01-28 03:15:00
0.6952436,0.7420673,0.65805423,0.6638983,high-ebb,high-ebb,high-ebb,high-ebb,2025-01-28 03:30:00
0.6741897,0.7237504,0.63597864,0.64236474,high-ebb,high-ebb,high-ebb,high-ebb,2025-01-28 03:45:00
0.6394451,0.69130135,0.6009671,0.6077901,high-ebb,high-ebb,high-ebb,high-ebb,2025-01-28 04:00:00
0.5916071,0.64528775,0.55365,0.5608025,high-ebb,high-ebb,high-ebb,high-ebb,2025-01-28 04:15:00
0.53151727,0.586495,0.49487767,0.5022515,high-ebb,high-ebb,high-ebb,high-ebb,2025-01-28 04:30:00
0.46025178,0.5159205,0.42570987,0.43319756,high-ebb,high-ebb,high-ebb,high-ebb,2025-01-28 04:45:00
0.3791058,0.4347693,0.34740108,0.3548972,high-ebb,high-ebb,high-ebb,high-ebb,2025-01-28 05:00:00
0.28957275,0.34444988,0.26138136,0.2687836,high-ebb,high-ebb,high-ebb,high-ebb,2025-01-28 05:15:00
0.19331853,0.24656765,0.16923326,0.17644347,high-ebb,high-ebb,high-ebb,high-ebb,2025-01-28 05:30:00
0.09215103,0.1429118,0.07266503,0.07959018,high-ebb,high-ebb,high-ebb,high-ebb,2025-01-28 05:45:00
-0.012014126,0.03543273,-0.026519392,-0.019966586,low-ebb,high-ebb,low-ebb,low-ebb,2025-01-28 06:00:00
-0.11719089,-0.07379227,-0.12645303,-0.12035343,low-ebb,low-ebb,low-ebb,low-ebb,2025-01-28 06:15:00
-0.22136216,-0.1826052,-0.22524042,-0.21966797,low-ebb,low-ebb,low-ebb,low-ebb,2025-01-28 06:30:00
-0.3225202,-0.28882357,-0.32099327,-0.31601456,low-ebb,low-ebb,low-ebb,low-ebb,2025-01-28 06:45:00
-0.4187068,-0.3903026,-0.41186643,-0.40754032,low-ebb,low-ebb,low-ebb,low-ebb,2025-01-28 07:00:00
-0.5080525,-0.4849982,-0.49609312,-0.4924705,low-ebb,low-ebb,low-ebb,low-ebb,2025-01-28 07:15:00
-0.5888134,-0.5710249,-0.5720189,-0.5691423,low-ebb,low-ebb,low-ebb,low-ebb,2025-01-28 07:30:00
-0.65940464,-0.6467038,-0.6381331,-0.6360364,low-ebb,low-ebb,low-ebb,low-ebb,2025-01-28 07:45:00
-0.71843,-0.7105965,-0.69309735,-0.69180566,low-ebb,low-ebb,low-ebb,low-ebb,2025-01-28 08:00:00
-0.76470697,-0.7615248,-0.7357703,-0.73529977,low-ebb,low-ebb,low-ebb,low-ebb,2025-01-28 08:15:00
-0.7972865,-0.7985759,-0.7652282,-0.7655855,low-ebb,low-ebb,low-ebb,low-ebb,2025-01-28 08:30:00
-0.81546694,-0.82109684,-0.7807807,-0.781963,low-ebb,low-ebb,low-ebb,low-ebb,2025-01-28 08:45:00
-0.818803,-0.82868236,-0.7819817,-0.78397655,low-ebb,low-ebb,low-ebb,low-ebb,2025-01-28 09:00:00
-0.8071091,-0.82116073,-0.7686358,-0.7714207,low-flow,low-flow,low-flow,low-flow,2025-01-28 09:15:00
-0.78045714,-0.79858065,-0.7407988,-0.7443413,low-flow,low-flow,low-flow,low-flow,2025-01-28 09:30:00
-0.7391703,-0.76120245,-0.6987743,-0.70303196,low-flow,low-flow,low-flow,low-flow,2025-01-28 09:45:00
-0.6838117,-0.70949364,-0.64310575,-0.64802605,low-flow,low-flow,low-flow,low-flow,2025-01-28 10:00:00
-0.6151704,-0.64412737,-0.5745641,-0.5800846,low-flow,low-flow,low-flow,low-flow,2025-01-28 10:15:00
-0.5342435,-0.5659814,-0.4941322,-0.50018114,low-flow,low-flow,low-flow,low-flow,2025-01-28 10:30:00
-0.4422168,-0.47613448,-0.40298623,-0.4094827,low-flow,low-flow,low-flow,low-flow,2025-01-28 10:45:00
-0.3404432,-0.37585813,-0.30247456,-0.3093292,low-flow,low-flow,low-flow,low-flow,2025-01-28 11:00:00
-0.23042,-0.2666008,-0.1940946,-0.20121062,low-flow,low-flow,low-flow,low-flow,2025-01-28 11:15:00
-0.11376596,-0.14996584,-0.07946844,-0.08674242,low-flow,low-flow,low-flow,low-flow,2025-01-28 11:30:00
0.0078024156,-0.02768335,0.03968262,0.03235931,high-flow,low-flow,high-flow,high-flow,2025-01-28 11:45:00
0.13249446,0.09842121,0.161564,0.15430388,high-flow,high-flow,high-flow,high-flow,2025-01-28 12:00:00
0.25846878,0.22645898,0.2843341,0.27725187,high-flow,high-flow,high-flow,high-flow,2025-01-28 12:15:00
0.38385648,0.3545078,0.4061302,0.3993411,high-flow,high-flow,high-flow,high-flow,2025-01-28 12:30:00
0.5067843,0.48063895,0.5250945,0.5187123,high-flow,high-flow,high-flow,high-flow,2025-01-28 12:45:00
0.6253978,0.60294,0.6393994,0.6335343,high-flow,high-flow,high-flow,high-flow,2025-01-28 13:00:00
0.73788387,0.719535,0.7472722,0.7420291,high-flow,high-flow,high-flow,high-flow,2025-01-28 13:15:00
0.8424942,0.8286032,0.84701943,0.8424953,high-flow,high-flow,high-flow,high-flow,2025-01-28 13:30:00
0.93756807,0.9283996,0.93705,0.9333325,high-flow,high-flow,high-flow,high-flow,2025-01-28 13:45:00
1.0215555,1.0172775,1.0158979,1.0130628,high-flow,high-flow,high-flow,high-flow,2025-01-28 14:00:00
1.0930403,1.093715,1.0822434,1.0803535,high-flow,high-flow,high-flow,high-flow,2025-01-28 14:15:00
1.1507627,1.1563445,1.134934,1.1340363,high-flow,high-flow,high-flow,high-flow,2025-01-28 14:30:00
1.1936415,1.2039839,1.1730021,1.1731279,high-flow,high-flow,high-flow,high-flow,2025-01-28 14:45:00
1.2207952,1.2356658,1.1956835,1.1968459,high-flow,high-flow,high-flow,high-flow,2025-01-28 15:00:00
1.2315612,1.250663,1.2024316,1.2046257,high-flow,high-flow,high-flow,high-flow,2025-01-28 15:15:00
1.2255132,1.2485074,1.19293,1.1961324,high-ebb,high-ebb,high-ebb,high-ebb,2025-01-28 15:30:00
1.2024759,1.2290006,1.1671035,1.1712718,high-ebb,high-ebb,high-ebb,high-ebb,2025-01-28 15:45:00
1.1625355,1.1922171,1.1251237,1.1301969,high-ebb,high-ebb,high-ebb,high-ebb,2025-01-28 16:00:00
1.1060473,1.1385006,1.0674121,1.0733122,high-ebb,high-ebb,high-ebb,high-ebb,2025-01-28 16:15:00
1.0336369,1.068455,0.99463993,1.0012721,high-ebb,high-ebb,high-ebb,high-ebb,2025-01-28 16:30:00
0.9461982,0.98293567,0.907722,0.9149769,high-ebb,high-ebb,high-ebb,high-ebb,2025-01-28 16:45:00
0.8448845,0.8830389,0.8078076,0.8155629,high-ebb,high-ebb,high-ebb,high-ebb,2025-01-28 17:00:00
0.7310945,0.7700938,0.6962661,0.704389,high-ebb,high-ebb,high-ebb,high-ebb,2025-01-28 17:15:00
0.6064522,0.64565516,0.5746679,0.5830173,high-ebb,high-ebb,high-ebb,high-ebb,2025-01-28 17:30:00
0.47278246,0.5114939,0.44476107,0.45319083,high-ebb,high-ebb,high-ebb,high-ebb,2025-01-28 17:45:00
0.33207986,0.3695846,0.30844438,0.31680587,high-ebb,high-ebb,high-ebb,high-ebb,2025-01-28 18:00:00
0.18647458,0.2220837,0.16773595,0.17588101,high-ebb,high-ebb,high-ebb,high-ebb,2025-01-28 18:15:00
0.038193952,0.07129855,0.024739165,0.032523304,high-ebb,high-ebb,high-ebb,high-ebb,2025-01-28 18:30:00
-0.11047865,-0.08035661,-0.118393645,-0.111108415,low-ebb,low-ebb,low-ebb,low-ebb,2025-01-28 18:45:00
-0.2572465,-0.23041542,-0.25949922,-0.25284156,low-ebb,low-ebb,low-ebb,low-ebb,2025-01-28 19:00:00
-0.3998427,-0.3764229,-0.39644206,-0.39052865,low-ebb,low-ebb,low-ebb,low-ebb,2025-01-28 19:15:00
-0.536073,-0.5160028,-0.5271528,-0.5220859,low-ebb,low-ebb,low-ebb,low-ebb,2025-01-28 19:30:00
-0.6638566,-0.6469229,-0.64966524,-0.645531,low-ebb,low-ebb,low-ebb,low-ebb,2025-01-28 19:45:00
-0.78126454,-0.76715297,-0.762152,-0.7590183,low-ebb,low-ebb,low-ebb,low-ebb,2025-01-28 20:00:00
-0.8865539,-0.8749103,-0.8629563,-0.8608717,low-ebb,low-ebb,low-ebb,low-ebb,2025-01-28 20:15:00
-0.9781978,-0.9686899,-0.9506206,-0.9496137,low-ebb,low-ebb,low-ebb,low-ebb,2025-01-28 20:30:00
-1.0549104,-1.0472791,-1.0239115,-1.02399,low-ebb,low-ebb,low-ebb,low-ebb,2025-01-28 20:45:00
-1.1156659,-1.1097575,-1.0818385,-1.0829903,low-ebb,low-ebb,low-ebb,low-ebb,2025-01-28 21:00:00
-1.159712,-1.1554881,-1.1236695,-1.125862,low-ebb,low-ebb,low-ebb,low-ebb,2025-01-28 21:15:00
-1.1865771,-1.1841003,-1.1489395,-1.1521214,low-ebb,low-ebb,low-ebb,low-ebb,2025-01-28 21:30:00
-1.1960725,-1.1954737,-1.157455,-1.1615573,low-ebb,low-ebb,low-ebb,low-ebb,2025-01-28 21:45:00
-1.1882886,-1.1897228,-1.1492925,-1.1542305,low-flow,low-flow,low-flow,low-flow,2025-01-28 22:00:00
-1.1635865,-1.1671866,-1.1247932,-1.1304684,low-flow,low-flow,low-flow,low-flow,2025-01-28 22:15:00
-1.1225852,-1.1284219,-1.0845526,-1.0908549,low-flow,low-flow,low-flow,low-flow,2025-01-28 22:30:00
-1.066145,-1.0741994,-1.0294056,-1.0362158,low-flow,low-flow,low-flow,low-flow,2025-01-28 22:45:00
-0.995348,-1.0054998,-0.9604091,-0.9676018,low-flow,low-flow,low-flow,low-flow,2025-01-28 23:00:00
-0.9114762,-0.92350674,-0.8788213,-0.8862672,low-flow,low-flow,low-flow,low-flow,2025-01-28 23:15:00
-0.81598824,-0.8295947,-0.78607833,-0.7936472,low-flow,low-flow,low-flow,low-flow,2025-01-28 23:30:00
-0.71049404,-0.72531044,-0.68376946,-0.69133264,low-flow,low-flow,low-flow,low-flow,2025-01-28 23:45:00
-0.59673005,-0.612348,-0.5736109,-0.58104384,low-flow,low-flow,low-flow,low-flow,2025-01-29 00:00:00
-0.47653297,-0.49251923,-0.45741877,-0.46460325,low-flow,low-flow,low-flow,low-flow,2025-01-29 00:15:00
-0.35181442,-0.36772233,-0.3370816,-0.3439077,low-flow,low-flow,low-flow,low-flow,2025-01-29 00:30:00
-0.22453497,-0.23991066,-0.21453258,-0.22090057,low-flow,low-flow,low-flow,low-flow,2025-01-29 00:45:00
-0.09667889,-0.11106429,-0.091722086,-0.09754388,low-flow,low-flow,low-flow,low-flow,2025-01-29 01:00:00
0.029771252,0.016834887,0.029409474,0.024209209,high-flow,high-flow,high-flow,high-flow,2025-01-29 01:15:00
0.15285954,0.14182453,0.14695841,0.14244147,high-flow,high-flow,high-flow,high-flow,2025-01-29 01:30:00
0.27068168,0.26198113,0.2590839,0.25529802,high-flow,high-flow,high-flow,high-flow,2025-01-29 01:45:00
0.38140982,0.37543935,0.36403328,0.3610121,high-flow,high-flow,high-flow,high-flow,2025-01-29 02:00:00
0.48331732,0.48041323,0.46016672,0.45792994,high-flow,high-flow,high-flow,high-flow,2025-01-29 02:15:00
0.57480305,0.5752213,0.5459807,0.54453444,high-flow,high-flow,high-flow,high-flow,2025-01-29 02:30:00
0.6544158,0.6583153,0.6201303,0.619468,high-flow,high-flow,high-flow,high-flow,2025-01-29 02:45:00
0.72087747,0.72831225,0.6814504,0.68155366,high-flow,high-flow,high-flow,high-flow,2025-01-29 03:00:00
0.77310574,0.78402686,0.7289748,0.7298144,high-flow,high-flow,high-flow,high-flow,2025-01-29 03:15:00
0.8102349,0.82450247,0.76195353,0.7634908,high-flow,high-flow,high-flow,high-flow,2025-01-29 03:30:00
0.8316349,0.8490364,0.77986753,0.7820557,high-flow,high-flow,high-flow,high-flow,2025-01-29 03:45:00
0.8369275,0.8571982,0.78244114,0.7852266,high-flow,high-flow,high-flow,high-flow,2025-01-29 04:00:00
0.8259993,0.8488399,0.7696505,0.7729741,high-ebb,high-ebb,high-ebb,high-ebb,2025-01-29 04:15:00
0.7990111,0.8240973,0.74172884,0.74552727,high-ebb,high-ebb,high-ebb,high-ebb,2025-01-29 04:30:00
0.75640184,0.7833854,0.69916755,0.7033747,high-ebb,high-ebb,high-ebb,high-ebb,2025-01-29 04:45:00
0.6988883,0.7273894,0.642713,0.64726084,high-ebb,high-ebb,high-ebb,high-ebb,2025-01-29 05:00:00
0.62745935,0.65705395,0.5733583,0.5781781,high-ebb,high-ebb,high-ebb,high-ebb,2025-01-29 05:15:00
0.5433636,0.57357234,0.4923309,0.4973541,high-ebb,high-ebb,high-ebb,high-ebb,2025-01-29 05:30:00
0.44809228,0.47837672,0.40107477,0.40623358,high-ebb,high-ebb,high-ebb,high-ebb,2025-01-29 05:45:00
0.3433557,0.37312755,0.3012283,0.30645642,high-ebb,high-ebb,high-ebb,high-ebb,2025-01-29 06:00:00
0.2310545,0.2597005,0.19459751,0.19983059,high-ebb,high-ebb,high-ebb,high-ebb,2025-01-29 06:15:00
0.11324616,0.14016752,0.083125405,0.08830141,high-ebb,high-ebb,high-ebb,high-ebb,2025-01-29 06:30:00
-0.007892993,0.01676881,-0.0311422,-0.026082752,low-ebb,high-ebb,low-ebb,low-ebb,2025-01-29 06:45:00
-0.13010882,-0.108126394,-0.14609359,-0.14120747,low-ebb,low-ebb,low-ebb,low-ebb,2025-01-29 07:00:00
-0.25111288,-0.23207095,-0.25959006,-0.25493115,low-ebb,low-ebb,low-ebb,low-ebb,2025-01-29 07:15:00
-0.3686271,-0.3526012,-0.36950582,-0.36512512,low-ebb,low-ebb,low-ebb,low-ebb,2025-01-29 07:30:00
-0.48042852,-0.46730524,-0.4737681,-0.46971348,low-ebb,low-ebb,low-ebb,low-ebb,2025-01-29 07:45:00
-0.5843927,-0.57389235,-0.5703963,-0.5667126,low-ebb,low-ebb,low-ebb,low-ebb,2025-01-29 08:00:00
-0.6785355,-0.6702583,-0.6575396,-0.6542684,low-ebb,low-ebb,low-ebb,low-ebb,2025-01-29 08:15:00
-0.76105034,-0.7545404,-0.7335116,-0.73069096,low-ebb,low-ebb,low-ebb,low-ebb,2025-01-29 08:30:00
-0.8303427,-0.8251582,-0.79682165,-0.7944859,low-ebb,low-ebb,low-ebb,low-ebb,2025-01-29 08:45:00
-0.8850582,-0.8808377,-0.84620184,-0.84438145,low-ebb,low-ebb,low-ebb,low-ebb,2025-01-29 09:00:00
-0.92410636,-0.92061937,-0.88062966,-0.8793504,low-ebb,low-ebb,low-ebb,low-ebb,2025-01-29 09:15:00
-0.94667697,-0.94385254,-0.8993447,-0.89862764,low-ebb,low-ebb,low-ebb,low-ebb,2025-01-29 09:30:00
-0.9522518,-0.95018005,-0.90186083,-0.90172154,low-ebb,low-ebb,low-ebb,low-ebb,2025-01-29 09:45:00
-0.94060904,-0.93951833,-0.8879723,-0.8884204,low-flow,low-flow,low-flow,low-flow,2025-01-29 10:00:00
-0.91182226,-0.9120373,-0.8577547,-0.8587932,low-flow,low-flow,low-flow,low-flow,2025-01-29 10:15:00
-0.86625415,-0.86814284,-0.8115604,-0.8131853,low-flow,low-flow,low-flow,low-flow,2025-01-29 10:30:00
-0.8045445,-0.80846417,-0.75000954,-0.75220907,low-flow,low-flow,low-flow,low-flow,2025-01-29 10:45:00
-0.72759473,-0.7338451,-0.6739764,-0.67673075,low-flow,low-flow,low-flow,low-flow,2025-01-29 11:00:00
-0.63654804,-0.6453374,-0.5845719,-0.5878528,low-flow,low-flow,low-flow,low-flow,2025-01-29 11:15:00
-0.53276664,-0.5441939,-0.4831225,-0.48689306,low-flow,low-flow,low-flow,low-flow,2025-01-29 11:30:00
-0.4178072,-0.43185794,-0.37114707,-0.37536156,low-flow,low-flow,low-flow,low-flow,2025-01-29 11:45:00
-0.2933942,-0.3099476,-0.2503307,-0.2549349,low-flow,low-flow,low-flow,low-flow,2025-01-29 12:00:00
-0.16139218,-0.18023422,-0.122497626,-0.12742898,low-flow,low-flow,low-flow,low-flow,2025-01-29 12:15:00
-0.023777701,-0.044615038,0.010417363,0.00522911,low-flow,low-flow,high-flow,high-flow,2025-01-29 12:30:00
0.11738912,0.09491746,0.1463981,0.14103016,high-flow,high-flow,high-flow,high-flow,2025-01-29 12:45:00
0.259993,0.23630728,0.28337646,0.277912,high-flow,high-flow,high-flow,high-flow,2025-01-29 13:00:00
0.40189144,0.37746537,0.41926193,0.4137888,high-flow,high-flow,high-flow,high-flow,2025-01-29 13:15:00
0.54094285,0.516297,0.55197066,0.5465801,high-flow,high-flow,high-flow,high-flow,2025-01-29 13:30:00
0.6750335,0.6507256,0.67945445,0.6742392,high-flow,high-flow,high-flow,high-flow,2025-01-29 13:45:00
0.8021051,0.7787135,0.7997288,0.79478174,high-flow,high-flow,high-flow,high-flow,2025-01-29 14:00:00
0.92018104,0.8982819,0.9109003,0.90631247,high-flow,high-flow,high-flow,high-flow,2025-01-29 14:15:00
1.0273931,1.007531,1.0111933,1.0070518,high-flow,high-flow,high-flow,high-flow,2025-01-29 14:30:00
1.1220071,1.1046648,1.0989754,1.0953617,high-flow,high-flow,high-flow,high-flow,2025-01-29 14:45:00
1.2024486,1.1880174,1.1727817,1.1697698,high-flow,high-flow,high-flow,high-flow,2025-01-29 15:00:00
1.2673271,1.2560863,1.2313377,1.2289919,high-flow,high-flow,high-flow,high-flow,2025-01-29 15:15:00
1.3154598,1.3075659,1.2735801,1.2719538,high-flow,high-flow,high-flow,high-flow,2025-01-29 15:30:00
1.3458939,1.3413823,1.2986759,1.2978102,high-flow,high-flow,high-flow,high-flow,2025-01-29 15:45:00
1.3579259,1.3567241,1.3060395,1.3059615,high-flow,high-flow,high-flow,high-flow,2025-01-29 16:00:00
1.3511198,1.3530684,1.2953452,1.2960677,high-ebb,high-ebb,high-ebb,high-ebb,2025-01-29 16:15:00
1.3253207,1.330196,1.2665385,1.2680589,high-ebb,high-ebb,high-ebb,high-ebb,2025-01-29 16:30:00
1.2806664,1.288201,1.2198426,1.2221425,high-ebb,high-ebb,high-ebb,high-ebb,2025-01-29 16:45:00
1.2175918,1.2274883,1.1557599,1.1588058,high-ebb,high-ebb,high-ebb,high-ebb,2025-01-29 17:00:00
1.1368312,1.1487678,1.0750712,1.0788146,high-ebb,high-ebb,high-ebb,high-ebb,2025-01-29 17:15:00
1.0394137,1.0530418,0.97882766,0.9832056,high-ebb,high-ebb,high-ebb,high-ebb,2025-01-29 17:30:00
0.9266524,0.9415922,0.8683393,0.87327605,high-ebb,high-ebb,high-ebb,high-ebb,2025-01-29 17:45:00
0.80012864,0.815966,0.745158,0.7505661,high-ebb,high-ebb,high-ebb,high-ebb,2025-01-29 18:00:00
0.6616699,0.6779617,0.6110553,0.6168377,high-ebb,high-ebb,high-ebb,high-ebb,2025-01-29 18:15:00
0.5133218,0.5296134,0.4679957,0.47404748,high-ebb,high-ebb,high-ebb,high-ebb,2025-01-29 18:30:00
0.35731468,0.37317094,0.31810546,0.32431614,high-ebb,high-ebb,high-ebb,high-ebb,2025-01-29 18:45:00
0.1960259,0.21107322,0.16363749,0.16989347,high-ebb,high-ebb,high-ebb,high-ebb,2025-01-29 19:00:00
0.031937856,0.04591098,0.0069330866,0.013120031,high-ebb,high-ebb,high-ebb,high-ebb,2025-01-29 19:15:00
-0.13240683,-0.11962136,-0.14961858,-0.14361328,low-ebb,low-ebb,low-ebb,low-ebb,2025-01-29 19:30:00
-0.2944521,-0.28278545,-0.3036227,-0.29790747,low-ebb,low-ebb,low-ebb,low-ebb,2025-01-29 19:45:00
-0.4516758,-0.44086742,-0.45272136,-0.4473982,low-ebb,low-ebb,low-ebb,low-ebb,2025-01-29 20:00:00
-0.60163677,-0.5912509,-0.5946359,-0.5897981,low-ebb,low-ebb,low-ebb,low-ebb,2025-01-29 20:15:00
-0.7420198,-0.73148876,-0.7272074,-0.7229378,low-ebb,low-ebb,low-ebb,low-ebb,2025-01-29 20:30:00
-0.8706783,-0.85936755,-0.8484352,-0.84480447,low-ebb,low-ebb,low-ebb,low-ebb,2025-01-29 20:45:00
-0.9856727,-0.97295934,-0.9565119,-0.95357704,low-ebb,low-ebb,low-ebb,low-ebb,2025-01-29 21:00:00
-1.0853041,-1.0706575,-1.049854,-1.0476576,low-ebb,low-ebb,low-ebb,low-ebb,2025-01-29 21:15:00
-1.1681424,-1.1511949,-1.1271287,-1.125698,low-ebb,low-ebb,low-ebb,low-ebb,2025-01-29 21:30:00
-1.2330488,-1.2136451,-1.1872742,-1.1866211,low-ebb,low-ebb,low-ebb,low-ebb,2025-01-29 21:45:00
-1.279191,-1.2574115,-1.2295157,-1.2296367,low-ebb,low-ebb,low-ebb,low-ebb,2025-01-29 22:00:00
-1.3060528,-1.2822065,-1.2533748,-1.2542517,low-ebb,low-ebb,low-ebb,low-ebb,2025-01-29 22:15:00
-1.3134373,-1.2880287,-1.258674,-1.2602744,low-ebb,low-ebb,low-ebb,low-ebb,2025-01-29 22:30:00
-1.301463,-1.2751393,-1.2455344,-1.247813,low-flow,low-flow,low-flow,low-flow,2025-01-29 22:45:00
-1.2705554,-1.2440434,-1.2143698,-1.2172698,low-flow,low-flow,low-flow,low-flow,2025-01-29 23:00:00
-1.2214332,-1.1954749,-1.165874,-1.1693288,low-flow,low-flow,low-flow,low-flow,2025-01-29 23:15:00
-1.1550893,-1.130387,-1.101006,-1.1049409,low-flow,low-flow,low-flow,low-flow,2025-01-29 23:30:00
-1.0727693,-1.0499423,-1.0209692,-1.0253032,low-flow,low-flow,low-flow,low-flow,2025-01-29 23:45:00
-0.97594666,-0.95550394,-0.92718875,-0.93183696,low-flow,low-flow,low-flow,low-flow,2025-01-30 00:00:00
-0.8662946,-0.8486222,-0.821286,-0.8261613,low-flow,low-flow,low-flow,low-flow,2025-01-30 00:15:00
-0.7456581,-0.7310156,-0.7050508,-0.71006584,low-flow,low-flow,low-flow,low-flow,2025-01-30 00:30:00
-0.61602354,-0.6045478,-0.5804121,-0.5854812,low-flow,low-flow,low-flow,low-flow,2025-01-30 00:45:00
-0.47948852,-0.4711984,-0.44940796,-0.45444906,low-flow,low-flow,low-flow,low-flow,2025-01-30 01:00:00
-0.33823124,-0.3330325,-0.31415498,-0.3190907,low-flow,low-flow,low-flow,low-flow,2025-01-30 01:15:00
-0.19448021,-0.19216934,-0.17681685,-0.18157615,low-flow,low-flow,low-flow,low-flow,2025-01-30 01:30:00
-0.050484024,-0.050753545,-0.03957375,-0.044092856,low-flow,low-flow,low-flow,low-flow,2025-01-30 01:45:00
0.091518134,0.089070775,0.09540844,0.09118523,high-flow,high-flow,high-flow,high-flow,2025-01-30 02:00:00
0.22932577,0.2251824,0.22600828,0.22212806,high-flow,high-flow,high-flow,high-flow,2025-01-30 02:15:00
0.36080572,0.3555032,0.3501783,0.34667927,high-flow,high-flow,high-flow,high-flow,2025-01-30 02:30:00
0.48392028,0.47801828,0.46597356,0.46288508,high-flow,high-flow,high-flow,high-flow,2025-01-30 02:45:00
0.59675485,0.59079796,0.57157946,0.5689222,high-flow,high-flow,high-flow,high-flow,2025-01-30 03:00:00
0.6975447,0.692024,0.66533804,0.66312456,high-flow,high-flow,high-flow,high-flow,2025-01-30 03:15:00
0.78470117,0.7800198,0.74577314,0.74400836,high-flow,high-flow,high-flow,high-flow,2025-01-30 03:30:00
0.8568366,0.8532853,0.81161356,0.8102955,high-flow,high-flow,high-flow,high-flow,2025-01-30 03:45:00
0.91278774,0.91053325,0.8618143,0.8609352,high-flow,high-flow,high-flow,high-flow,2025-01-30 04:00:00
0.9516374,0.9507246,0.8955754,0.89512235,high-flow,high-flow,high-flow,high-flow,2025-01-30 04:15:00
0.97273356,0.9731,0.9123577,0.91231376,high-flow,high-flow,high-flow,high-flow,2025-01-30 04:30:00
0.9757057,0.9772037,0.9118955,0.91224056,high-flow,high-flow,high-ebb,high-ebb,2025-01-30 04:45:00
0.960477,0.9628988,0.89420545,0.8949171,high-ebb,high-ebb,high-ebb,high-ebb,2025-01-30 05:00:00
0.9272729,0.9303724,0.8595909,0.8606451,high-ebb,high-ebb,high-ebb,high-ebb,2025-01-30 05:15:00
0.87662464,0.880133,0.8086421,0.8100142,high-ebb,high-ebb,high-ebb,high-ebb,2025-01-30 05:30:00
0.80936694,0.81300056,0.7422312,0.7438961,high-ebb,high-ebb,high-ebb,high-ebb,2025-01-30 05:45:00
0.7266308,0.7300933,0.66150224,0.66343516,high-ebb,high-ebb,high-ebb,high-ebb,2025-01-30 06:00:00
0.6298297,0.63281167,0.56785583,0.57003206,high-ebb,high-ebb,high-ebb,high-ebb,2025-01-30 06:15:00
0.5206399,0.5228223,0.46292856,0.46532395,high-ebb,high-ebb,high-ebb,high-ebb,2025-01-30 06:30:00
0.4009749,0.40204048,0.34856737,0.3511582,high-ebb,high-ebb,high-ebb,high-ebb,2025-01-30 06:45:00
0.27295372,0.27261007,0.22679941,0.22956215,high-ebb,high-ebb,high-ebb,high-ebb,2025-01-30 07:00:00
0.13886482,0.13687828,0.09979738,0.10270852,high-ebb,high-ebb,high-ebb,high-ebb,2025-01-30 07:15:00
0.0011247318,-0.0026377728,-0.030158436,-0.027122812,high-ebb,low-ebb,low-ebb,low-ebb,2025-01-30 07:30:00
-0.1377662,-0.1432951,-0.16072114,-0.15758565,low-ebb,low-ebb,low-ebb,low-ebb,2025-01-30 07:45:00
-0.27527106,-0.2823801,-0.2895199,-0.28631034,low-ebb,low-ebb,low-ebb,low-ebb,2025-01-30 08:00:00
-0.40886474,-0.41717425,-0.41420382,-0.41094747,low-ebb,low-ebb,low-ebb,low-ebb,2025-01-30 08:15:00
-0.5360825,-0.5450266,-0.5324855,-0.5292114,low-ebb,low-ebb,low-ebb,low-ebb,2025-01-30 08:30:00
-0.6545677,-0.6634286,-0.64218354,-0.6389229,low-ebb,low-ebb,low-ebb,low-ebb,2025-01-30 08:45:00
-0.7621168,-0.7700851,-0.74126333,-0.7380495,low-ebb,low-ebb,low-ebb,low-ebb,2025-01-30 09:00:00
-0.85672146,-0.86297494,-0.8278742,-0.8247426,low-ebb,low-ebb,low-ebb,low-ebb,2025-01-30 09:15:00
-0.93660563,-0.94039744,-0.90038306,-0.89737123,low-ebb,low-ebb,low-ebb,low-ebb,2025-01-30 09:30:00
-1.000258,-1.001001,-0.95740354,-0.9545506,low-ebb,low-ebb,low-ebb,low-ebb,2025-01-30 09:45:00
-1.0464576,-1.0437933,-0.9978197,-0.99516606,low-ebb,low-ebb,low-ebb,low-ebb,2025-01-30 10:00:00
-1.0742946,-1.0681359,-1.0208043,-1.0183909,low-ebb,low-ebb,low-ebb,low-ebb,2025-01-30 10:15:00
-1.0831815,-1.0737258,-1.025831,-1.0236986,low-ebb,low-ebb,low-ebb,low-ebb,2025-01-30 10:30:00
-1.0728612,-1.0605712,-1.0126814,-1.0108695,low-flow,low-flow,low-flow,low-flow,2025-01-30 10:45:00
-1.0434055,-1.0289636,-0.98144495,-0.97999114,low-flow,low-flow,low-flow,low-flow,2025-01-30 11:00:00
-0.9952092,-0.9794525,-0.9325151,-0.9314535,low-flow,low-flow,low-flow,low-flow,2025-01-30 11:15:00
-0.9289775,-0.912825,-0.866578,-0.8659387,low-flow,low-flow,low-flow,low-flow,2025-01-30 11:30:00
-0.8457089,-0.8300893,-0.7845985,-0.7844062,low-flow,low-flow,low-flow,low-flow,2025-01-30 11:45:00
-0.7466737,-0.73246306,-0.687801,-0.68807364,low-flow,low-flow,low-flow,low-flow,2025-01-30 12:00:00
-0.6333886,-0.62136227,-0.57764626,-0.57839465,low-flow,low-flow,low-flow,low-flow,2025-01-30 12:15:00
-0.5075886,-0.49838948,-0.4558062,-0.45703295,low-flow,low-flow,low-flow,low-flow,2025-01-30 12:30:00
-0.37119702,-0.36531788,-0.32413575,-0.32583445,low-flow,low-flow,low-flow,low-flow,2025-01-30 12:45:00
-0.22629379,-0.22407036,-0.18464264,-0.18679763,low-flow,low-flow,low-flow,low-flow,2025-01-30 13:00:00
-0.07508308,-0.07669383,-0.03945639,-0.042042434,low-flow,low-flow,low-flow,low-flow,2025-01-30 13:15:00
0.080139525,0.07467038,0.10920395,0.10622162,high-flow,high-flow,high-flow,high-flow,2025-01-30 13:30:00
0.23701969,0.22781779,0.2590623,0.2557277,high-flow,high-flow,high-flow,high-flow,2025-01-30 13:45:00
0.39317682,0.38051122,0.40781817,0.40418404,high-flow,high-flow,high-flow,high-flow,2025-01-30 14:00:00
0.54623604,0.53050894,0.5531793,0.5493062,high-flow,high-flow,high-flow,high-flow,2025-01-30 14:15:00
0.6938594,0.67558944,0.69289356,0.68884903,high-flow,high-flow,high-flow,high-flow,2025-01-30 14:30:00
0.8337765,0.8135734,0.8247806,0.82063746,high-flow,high-flow,high-flow,high-flow,2025-01-30 14:45:00
0.9638145,0.9423446,0.9467621,0.94259745,high-flow,high-flow,high-flow,high-flow,2025-01-30 15:00:00
1.0819271,1.0598711,1.0568919,1.0527852,high-flow,high-flow,high-flow,high-flow,2025-01-30 15:15:00
1.1862229,1.1642301,1.153384,1.1494153,high-flow,high-flow,high-flow,high-flow,2025-01-30 15:30:00
1.2749925,1.2536368,1.2346396,1.2308878,high-flow,high-flow,high-flow,high-flow,2025-01-30 15:45:00
1.3467345,1.3264784,1.2992724,1.2958131,high-flow,high-flow,high-flow,high-flow,2025-01-30 16:00:00
1.4001803,1.3813503,1.3461312,1.3430353,high-flow,high-flow,high-flow,high-flow,2025-01-30 16:15:00
1.4343164,1.4170955,1.3743207,1.3716526,high-flow,high-flow,high-flow,high-flow,2025-01-30 16:30:00
1.4484049,1.4328399,1.3832196,1.3810353,high-flow,high-flow,high-flow,high-flow,2025-01-30 16:45:00
1.4420007,1.4280224,1.3724939,1.3708397,high-ebb,high-ebb,high-ebb,high-ebb,2025-01-30 17:00:00
1.4149657,1.4024174,1.342108,1.3410197,high-ebb,high-ebb,high-ebb,high-ebb,2025-01-30 17:15:00
1.3674783,1.3561463,1.292331,1.2918327,high-ebb,high-ebb,high-ebb,high-ebb,2025-01-30 17:30:00
1.3000386,1.2896799,1.2237378,1.223841,high-ebb,high-ebb,high-ebb,high-ebb,2025-01-30 17:45:00
1.2134686,1.2038307,1.137206,1.1379094,high-ebb,high-ebb,high-ebb,high-ebb,2025-01-30 18:00:00
1.1089061,1.0997407,1.0339065,1.0351967,high-ebb,high-ebb,high-ebb,high-ebb,2025-01-30 18:15:00
0.9877935,0.9788636,0.9152901,0.91714096,high-ebb,high-ebb,high-ebb,high-ebb,2025-01-30 18:30:00
0.8518594,0.8429446,0.78306705,0.78544104,high-ebb,high-ebb,high-ebb,high-ebb,2025-01-30 18:45:00
0.7030946,0.6940008,0.6391826,0.6420313,high-ebb,high-ebb,high-ebb,high-ebb,2025-01-30 19:00:00
0.5437225,0.5342979,0.48578677,0.48905236,high-ebb,high-ebb,high-ebb,high-ebb,2025-01-30 19:15:00
0.37616307,0.3663242,0.32519966,0.3288163,high-ebb,high-ebb,high-ebb,high-ebb,2025-01-30 19:30:00
0.2029924,0.19275816,0.15987332,0.16376877,high-ebb,high-ebb,high-ebb,high-ebb,2025-01-30 19:45:00
0.026898274,0.016427008,-0.0076503367,-0.003552967,high-ebb,high-ebb,low-ebb,low-ebb,2025-01-30 20:00:00
-0.14936784,-0.15974544,-0.17478344,-0.17056376,low-ebb,low-ebb,low-ebb,low-ebb,2025-01-30 20:15:00
-0.32304066,-0.3328015,-0.33893764,-0.33467615,low-ebb,low-ebb,low-ebb,low-ebb,2025-01-30 20:30:00
-0.49139178,-0.49982142,-0.49756998,-0.49334607,low-ebb,low-ebb,low-ebb,low-ebb,2025-01-30 20:45:00
-0.65178007,-0.658,-0.64822793,-0.6441182,low-ebb,low-ebb,low-ebb,low-ebb,2025-01-30 21:00:00
-0.8017003,-0.80472255,-0.7885929,-0.78466946,low-ebb,low-ebb,low-ebb,low-ebb,2025-01-30 21:15:00
-0.938829,-0.9376346,-0.9165209,-0.91284966,low-ebb,low-ebb,low-ebb,low-ebb,2025-01-30 21:30:00
-1.0610662,-1.0546983,-1.0300796,-1.0267193,low-ebb,low-ebb,low-ebb,low-ebb,2025-01-30 21:45:00
-1.1665721,-1.1542333,-1.1275812,-1.1245819,low-ebb,low-ebb,low-ebb,low-ebb,2025-01-30 22:00:00
-1.2537988,-1.2349377,-1.2076097,-1.2050124,low-ebb,low-ebb,low-ebb,low-ebb,2025-01-30 22:15:00
-1.3215142,-1.295891,-1.2690431,-1.2668792,low-ebb,low-ebb,low-ebb,low-ebb,2025-01-30 22:30:00
-1.36882,-1.3365424,-1.31107,-1.3093605,low-ebb,low-ebb,low-ebb,low-ebb,2025-01-30 22:45:00
-1.3951625,-1.3566864,-1.3331989,-1.3319552,low-ebb,low-ebb,low-ebb,low-ebb,2025-01-30 23:00:00
-1.4003369,-1.356434,-1.335263,-1.3344867,low-ebb,low-flow,low-ebb,low-ebb,2025-01-30 23:15:00
-1.3844837,-1.336183,-1.317418,-1.3171016,low-flow,low-flow,low-flow,low-flow,2025-01-30 23:30:00
-1.3480805,-1.2965906,-1.2801348,-1.2802627,low-flow,low-flow,low-flow,low-flow,2025-01-30 23:45:00
-1.2919264,-1.238552,-1.2241873,-1.2247362,low-flow,low-flow,low-flow,low-flow,2025-01-31 00:00:00
-1.2171224,-1.1631835,-1.1506344,-1.1515753,low-flow,low-flow,low-flow,low-flow,2025-01-31 00:15:00
-1.1250472,-1.071809,-1.0608,-1.0620986,low-flow,low-flow,low-flow,low-flow,2025-01-31 00:30:00
-1.0173298,-0.96594876,-0.95624715,-0.95786566,low-flow,low-flow,low-flow,low-flow,2025-01-31 00:45:00
-0.8958186,-0.8473042,-0.8387513,-0.84064925,low-flow,low-flow,low-flow,low-flow,2025-01-31 01:00:00
-0.76254964,-0.7177412,-0.71026987,-0.71240586,low-flow,low-flow,low-flow,low-flow,2025-01-31 01:15:00
-0.61971277,-0.57926667,-0.5729111,-0.5752436,low-flow,low-flow,low-flow,low-flow,2025-01-31 01:30:00
-0.46961743,-0.43400204,-0.42890108,-0.43138972,low-flow,low-flow,low-flow,low-flow,2025-01-31 01:45:00
-0.31465802,-0.28415304,-0.28055033,-0.28315666,low-flow,low-flow,low-flow,low-flow,2025-01-31 02:00:00
-0.15727969,-0.13197894,-0.1302198,-0.13290808,low-flow,low-flow,low-flow,low-flow,2025-01-31 02:15:00
5.5544806e-05,0.020237,0.019713009,0.016975256,high-flow,high-flow,high-flow,high-flow,2025-01-31 02:30:00
0.15490206,0.17021428,0.16688786,0.16412947,high-flow,high-flow,high-flow,high-flow,2025-01-31 02:45:00
0.3048631,0.31569892,0.30899495,0.306241,high-flow,high-flow,high-flow,high-flow,2025-01-31 03:00:00
0.44762236,0.45448494,0.44380754,0.4410794,high-flow,high-flow,high-flow,high-flow,2025-01-31 03:15:00
0.5809748,0.58443564,0.5692135,0.56652904,high-flow,high-flow,high-flow,high-flow,2025-01-31 03:30:00
0.7028563,0.7035066,0.68324584,0.68061984,high-flow,high-flow,high-flow,high-flow,2025-01-31 03:45:00
0.81137216,0.8097722,0.7841116,0.7815563,high-flow,high-flow,high-flow,high-flow,2025-01-31 04:00:00
0.904825,0.9014577,0.87021965,0.86774516,high-flow,high-flow,high-flow,high-flow,2025-01-31 04:15:00
0.9817398,0.97697544,0.94020516,0.9378204,high-flow,high-flow,high-flow,high-flow,2025-01-31 04:30:00
1.040889,1.0349635,0.9929531,0.99066645,high-flow,high-flow,high-flow,high-flow,2025-01-31 04:45:00
1.0813134,1.0743252,1.027618,1.0254378,high-flow,high-flow,high-flow,high-flow,2025-01-31 05:00:00
1.102342,1.0942647,1.0436407,1.041576,high-flow,high-flow,high-flow,high-flow,2025-01-31 05:15:00
1.1036072,1.0943152,1.0407606,1.0388218,high-flow,high-flow,high-ebb,high-ebb,2025-01-31 05:30:00
1.0850575,1.0743583,1.0190252,1.0172244,high-ebb,high-ebb,high-ebb,high-ebb,2025-01-31 05:45:00
1.0469645,1.0346332,0.97879326,0.9771447,high-ebb,high-ebb,high-ebb,high-ebb,2025-01-31 06:00:00
0.9899261,0.9757338,0.9207342,0.919254,high-ebb,high-ebb,high-ebb,high-ebb,2025-01-31 06:15:00
0.914863,0.8986001,0.8458214,0.8445278,high-ebb,high-ebb,high-ebb,high-ebb,2025-01-31 06:30:00
0.82301027,0.80450034,0.75532013,0.7542332,high-ebb,high-ebb,high-ebb,high-ebb,2025-01-31 06:45:00
0.7159025,0.69501144,0.6507702,0.6499115,high-ebb,high-ebb,high-ebb,high-ebb,2025-01-31 07:00:00
0.5953526,0.5719966,0.5339629,0.53335476,high-ebb,high-ebb,high-ebb,high-ebb,2025-01-31 07:15:00
0.4634243,0.43758145,0.40691245,0.4065773,high-ebb,high-ebb,high-ebb,high-ebb,2025-01-31 07:30:00
0.32239938,0.29412737,0.271823,0.2717825,high-ebb,high-ebb,high-ebb,high-ebb,2025-01-31 07:45:00
0.17473908,0.14420132,0.13105114,0.13132526,high-ebb,high-ebb,high-ebb,high-ebb,2025-01-31 08:00:00
0.02304085,-0.009462296,-0.012935203,-0.012329201,high-ebb,low-ebb,low-ebb,low-ebb,2025-01-31 08:15:00
-0.1300083,-0.16400868,-0.15760058,-0.15664916,low-ebb,low-ebb,low-ebb,low-ebb,2025-01-31 08:30:00
-0.28168148,-0.3165203,-0.30038768,-0.299082,low-ebb,low-ebb,low-ebb,low-ebb,2025-01-31 08:45:00
-0.42926306,-0.46408445,-0.43876374,-0.43710065,low-ebb,low-ebb,low-ebb,low-ebb,2025-01-31 09:00:00
-0.5701,-0.6038682,-0.5702668,-0.5682496,low-ebb,low-ebb,low-ebb,low-ebb,2025-01-31 09:15:00
-0.7016526,-0.7331957,-0.6925507,-0.6901898,low-ebb,low-ebb,low-ebb,low-ebb,2025-01-31 09:30:00
-0.82154214,-0.8496231,-0.80342764,-0.80074096,low-ebb,low-ebb,low-ebb,low-ebb,2025-01-31 09:45:00
-0.9275964,-0.9510031,-0.90090734,-0.89792085,low-ebb,low-ebb,low-ebb,low-ebb,2025-01-31 10:00:00
-1.0178894,-1.0355359,-0.9832326,-0.9799801,low-ebb,low-ebb,low-ebb,low-ebb,2025-01-31 10:15:00
-1.0907763,-1.101802,-1.0489095,-1.0454326,low-ebb,low-ebb,low-ebb,low-ebb,2025-01-31 10:30:00
-1.1449221,-1.1487747,-1.0967325,-1.0930798,low-ebb,low-ebb,low-ebb,low-ebb,2025-01-31 10:45:00
-1.1793237,-1.1758157,-1.1258031,-1.1220299,low-ebb,low-ebb,low-ebb,low-ebb,2025-01-31 11:00:00
-1.193324,-1.1826555,-1.1355438,-1.131711,low-ebb,low-ebb,low-ebb,low-ebb,2025-01-31 11:15:00
-1.1866199,-1.169365,-1.125704,-1.1218767,low-flow,low-flow,low-flow,low-flow,2025-01-31 11:30:00
-1.159263,-1.1363231,-1.0963618,-1.0926083,low-flow,low-flow,low-flow,low-flow,2025-01-31 11:45:00
-1.1116527,-1.084184,-1.0479182,-1.0443083,low-flow,low-flow,low-flow,low-flow,2025-01-31 12:00:00
-1.0445244,-1.0138505,-0.9810875,-0.97769076,low-flow,low-flow,low-flow,low-flow,2025-01-31 12:15:00
-0.95893115,-0.9264513,-0.8968815,-0.89376575,low-flow,low-flow,low-flow,low-flow,2025-01-31 12:30:00
-0.85622007,-0.82332444,-0.7965898,-0.7938191,low-flow,low-flow,low-flow,low-flow,2025-01-31 12:45:00
-0.7380061,-0.7060034,-0.68175596,-0.67938936,low-flow,low-flow,low-flow,low-flow,2025-01-31 13:00:00
-0.6061414,-0.57620394,-0.55415076,-0.5522404,low-flow,low-flow,low-flow,low-flow,2025-01-31 13:15:00
-0.46268198,-0.4358084,-0.4157427,-0.41433233,low-flow,low-flow,low-flow,low-flow,2025-01-31 13:30:00
-0.30985388,-0.2868464,-0.26866597,-0.26778993,low-flow,low-flow,low-flow,low-flow,2025-01-31 13:45:00
-0.15001713,-0.13147067,-0.11518767,-0.11486956,low-flow,low-flow,low-flow,low-flow,2025-01-31 14:00:00
0.014370133,0.028071301,0.04232676,0.04207469,high-flow,high-flow,high-flow,high-flow,2025-01-31 14:15:00
0.18078773,0.18946753,0.20144826,0.2006257,high-flow,high-flow,high-flow,high-flow,2025-01-31 14:30:00
0.34668902,0.35037228,0.35971943,0.35833818,high-flow,high-flow,high-flow,high-flow,2025-01-31 14:45:00
0.50953597,0.5084349,0.5146895,0.5127733,high-flow,high-flow,high-flow,high-flow,2025-01-31 15:00:00
0.66683304,0.6613261,0.66394913,0.6615334,high-flow,high-flow,high-flow,high-flow,2025-01-31 15:15:00
0.81616056,0.80676144,0.8051647,0.8022955,high-flow,high-flow,high-flow,high-flow,2025-01-31 15:30:00
0.95520675,0.9425232,0.9361113,0.93284464,high-flow,high-flow,high-flow,high-flow,2025-01-31 15:45:00
1.0817983,1.066483,1.054705,1.0511054,high-flow,high-flow,high-flow,high-flow,2025-01-31 16:00:00
1.1939307,1.1766273,1.159034,1.1551728,high-flow,high-flow,high-flow,high-flow,2025-01-31 16:15:00
1.2897961,1.2710862,1.2473869,1.2433411,high-flow,high-flow,high-flow,high-flow,2025-01-31 16:30:00
1.3678101,1.3481692,1.3182807,1.3141304,high-flow,high-flow,high-flow,high-flow,2025-01-31 16:45:00
1.4266369,1.4064023,1.3704846,1.3663119,high-flow,high-flow,high-flow,high-flow,2025-01-31 17:00:00
1.4652123,1.44457,1.4030424,1.398929,high-flow,high-flow,high-flow,high-flow,2025-01-31 17:15:00
1.4827634,1.4617527,1.4152906,1.4113159,high-flow,high-flow,high-flow,high-flow,2025-01-31 17:30:00
1.4788263,1.4573619,1.4068732,1.4031128,high-ebb,high-ebb,high-ebb,high-ebb,2025-01-31 17:45:00
1.4532592,1.4311656,1.3777524,1.374276,high-ebb,high-ebb,high-ebb,high-ebb,2025-01-31 18:00:00
1.4062523,1.3833028,1.328214,1.3250846,high-ebb,high-ebb,high-ebb,high-ebb,2025-01-31 18:15:00
1.3383317,1.3142885,1.2588688,1.2561406,high-ebb,high-ebb,high-ebb,high-ebb,2025-01-31 18:30:00
1.250359,1.2250063,1.1706471,1.168365,high-ebb,high-ebb,high-ebb,high-ebb,2025-01-31 18:45:00
1.1435255,1.1166943,1.0647894,1.062988,high-ebb,high-ebb,high-ebb,high-ebb,2025-01-31 19:00:00
1.0193385,0.99092406,0.94283,0.94153345,high-ebb,high-ebb,high-ebb,high-ebb,2025-01-31 19:15:00
0.87960356,0.8495758,0.80657536,0.8057967,high-ebb,high-ebb,high-ebb,high-ebb,2025-01-31 19:30:00
0.72639936,0.69481295,0.6580773,0.6578189,high-ebb,high-ebb,high-ebb,high-ebb,2025-01-31 19:45:00
0.5620466,0.5290533,0.49960065,0.49985453,high-ebb,high-ebb,high-ebb,high-ebb,2025-01-31 20:00:00
0.38907117,0.35493806,0.33358666,0.33433506,high-ebb,high-ebb,high-ebb,high-ebb,2025-01-31 20:15:00
0.21016261,0.17529579,0.16261208,0.16382836,high-ebb,high-ebb,high-ebb,high-ebb,2025-01-31 20:30:00
0.028128006,-0.006901886,-0.010654578,-0.0090049235,high-ebb,low-ebb,low-ebb,low-ebb,2025-01-31 20:45:00
-0.15415755,-0.1885934,-0.18349932,-0.18145745,low-ebb,low-ebb,low-ebb,low-ebb,2025-01-31 21:00:00
-0.33380252,-0.36669078,-0.35321003,-0.35082245,low-ebb,low-ebb,low-ebb,low-ebb,2025-01-31 21:15:00
-0.5079516,-0.53815186,-0.5171241,-0.5144414,low-ebb,low-ebb,low-ebb,low-ebb,2025-01-31 21:30:00
-0.6738382,-0.7000578,-0.67267543,-0.6697506,low-ebb,low-ebb,low-ebb,low-ebb,2025-01-31 21:45:00
-0.8288353,-0.84969115,-0.817439,-0.8143265,low-ebb,low-ebb,low-ebb,low-ebb,2025-01-31 22:00:00
-0.9705034,-0.98460793,-0.94917345,-0.9459277,low-ebb,low-ebb,low-ebb,low-ebb,2025-01-31 22:15:00
-1.0966347,-1.1026981,-1.065859,-1.062533,low-ebb,low-ebb,low-ebb,low-ebb,2025-01-31 22:30:00
-1.2052927,-1.2022299,-1.1657311,-1.162376,low-ebb,low-ebb,low-ebb,low-ebb,2025-01-31 22:45:00
-1.294844,-1.2818743,-1.2473096,-1.2439735,low-ebb,low-ebb,low-ebb,low-ebb,2025-01-31 23:00:00
-1.3639867,-1.3407108,-1.3094208,-1.3061478,low-ebb,low-ebb,low-ebb,low-ebb,2025-01-31 23:15:00
-1.4117682,-1.3782151,-1.3512152,-1.3480452,low-ebb,low-ebb,low-ebb,low-ebb,2025-01-31 23:30:00
-1.4375985,-1.3942344,-1.3721771,-1.3691455,low-ebb,low-ebb,low-ebb,low-ebb,2025-01-31 23:45:00
-1.4412545,-1.3889546,-1.3721299,-1.3692673,low-ebb,low-flow,low-flow,low-ebb,2025-02-01 00:00:00
-1.4228783,-1.3628652,-1.3512341,-1.3485668,low-flow,low-flow,low-flow,low-flow,2025-02-01 00:15:00
-1.3829675,-1.316727,-1.3099803,-1.30753,low-flow,low-flow,low-flow,low-flow,2025-02-01 00:30:00
-1.3223603,-1.2515446,-1.2491764,-1.246961,low-flow,low-flow,low-flow,low-flow,2025-02-01 00:45:00
-1.242215,-1.1685442,-1.1699303,-1.1679642,low-flow,low-flow,low-flow,low-flow,2025-02-01 01:00:00
-1.1439847,-1.0691576,-1.0736287,-1.071923,low-flow,low-flow,low-flow,low-flow,2025-02-01 01:15:00
-1.0293872,-0.9550081,-0.9619107,-0.96047443,low-flow,low-flow,low-flow,low-flow,2025-02-01 01:30:00
-0.9003737,-0.827896,-0.8366404,-0.83548033,low-flow,low-flow,low-flow,low-flow,2025-02-01 01:45:00
-0.7590935,-0.6897821,-0.6998753,-0.69899714,low-flow,low-flow,low-flow,low-flow,2025-02-01 02:00:00
-0.60785854,-0.5427665,-0.5538338,-0.5532423,low-flow,low-flow,low-flow,low-flow,2025-02-01 02:15:00
-0.4491059,-0.38906336,-0.40086067,-0.4005601,low-flow,low-flow,low-flow,low-flow,2025-02-01 02:30:00
-0.2853612,-0.23097177,-0.2433919,-0.24338625,low-flow,low-flow,low-flow,low-flow,2025-02-01 02:45:00
-0.11920151,-0.070845105,-0.08391874,-0.08421187,low-flow,low-flow,low-flow,low-flow,2025-02-01 03:00:00
0.046780966,0.08893906,0.075048335,0.07445275,high-flow,high-flow,high-flow,high-flow,2025-02-01 03:15:00
0.21001437,0.24600722,0.23101558,0.23011418,high-flow,high-flow,high-flow,high-flow,2025-02-01 03:30:00
0.36798167,0.39801535,0.38154152,0.38033155,high-flow,high-flow,high-flow,high-flow,2025-02-01 03:45:00
0.518254,0.5426721,0.5242717,0.52275157,high-flow,high-flow,high-flow,high-flow,2025-02-01 04:00:00
0.6585229,0.6777613,0.6569728,0.65514237,high-flow,high-flow,high-flow,high-flow,2025-02-01 04:15:00
0.7866309,0.8011655,0.7775649,0.7754263,high-flow,high-flow,high-flow,high-flow,2025-02-01 04:30:00
0.90060157,0.91089344,0.8841526,0.8817111,high-flow,high-flow,high-flow,high-flow,2025-02-01 04:45:00
0.99866664,1.0051115,0.9750543,0.97231865,high-flow,high-flow,high-flow,high-flow,2025-02-01 05:00:00
1.0792928,1.0821803,1.0488287,1.045812,high-flow,high-flow,high-flow,high-flow,2025-02-01 05:15:00
1.1412055,1.1406951,1.1042991,1.1010194,high-flow,high-flow,high-flow,high-flow,2025-02-01 05:30:00
1.183411,1.1795261,1.1405739,1.1370547,high-flow,high-flow,high-flow,high-flow,2025-02-01 05:45:00
1.2052147,1.1978562,1.1570638,1.1533347,high-flow,high-flow,high-flow,high-flow,2025-02-01 06:00:00
1.2062374,1.1952126,1.1534953,1.1495919,high-flow,high-ebb,high-ebb,high-ebb,2025-02-01 06:15:00
1.1864264,1.1714888,1.1299186,1.1258829,high-ebb,high-ebb,high-ebb,high-ebb,2025-02-01 06:30:00
1.146063,1.1269554,1.0867113,1.0825912,high-ebb,high-ebb,high-ebb,high-ebb,2025-02-01 06:45:00
1.0857645,1.0622593,1.0245764,1.0204258,high-ebb,high-ebb,high-ebb,high-ebb,2025-02-01 07:00:00
1.0064816,0.97841316,0.9445355,0.94041294,high-ebb,high-ebb,high-ebb,high-ebb,2025-02-01 07:15:00
0.90948886,0.87677664,0.84791434,0.8438832,high-ebb,high-ebb,high-ebb,high-ebb,2025-02-01 07:30:00
0.7963692,0.7590324,0.7363251,0.7324518,high-ebb,high-ebb,high-ebb,high-ebb,2025-02-01 07:45:00
0.6689933,0.6271595,0.6116412,0.6079942,high-ebb,high-ebb,high-ebb,high-ebb,2025-02-01 08:00:00
0.52949154,0.48340434,0.47596776,0.4726161,high-ebb,high-ebb,high-ebb,high-ebb,2025-02-01 08:15:00
0.38022053,0.33025044,0.33160675,0.32861853,high-ebb,high-ebb,high-ebb,high-ebb,2025-02-01 08:30:00
0.22372429,0.17038412,0.1810179,0.17845869,high-ebb,high-ebb,high-ebb,high-ebb,2025-02-01 08:45:00
0.062690444,0.006655034,0.026776446,0.02470748,high-ebb,high-ebb,high-ebb,high-ebb,2025-02-01 09:00:00
-0.100097306,-0.15797158,-0.12847231,-0.12999576,low-ebb,low-ebb,low-ebb,low-ebb,2025-02-01 09:15:00
-0.2618097,-0.32047185,-0.28205988,-0.28299016,low-ebb,low-ebb,low-ebb,low-ebb,2025-02-01 09:30:00
-0.41962427,-0.47782993,-0.43134218,-0.4316408,low-ebb,low-ebb,low-ebb,low-ebb,2025-02-01 09:45:00
-0.57077795,-0.62711185,-0.57374704,-0.5733861,low-ebb,low-ebb,low-ebb,low-ebb,2025-02-01 10:00:00
-0.7126191,-0.7655433,-0.70681995,-0.7057832,low-ebb,low-ebb,low-ebb,low-ebb,2025-02-01 10:15:00
-0.84265745,-0.89058477,-0.82826775,-0.8265516,low-ebb,low-ebb,low-ebb,low-ebb,2025-02-01 10:30:00
-0.95861065,-0.9999998,-0.93599904,-0.93361324,low-ebb,low-ebb,low-ebb,low-ebb,2025-02-01 10:45:00
-1.0584462,-1.0919087,-1.0281599,-1.0251278,low-ebb,low-ebb,low-ebb,low-ebb,2025-02-01 11:00:00
-1.1404183,-1.1648246,-1.1031651,-1.0995238,low-ebb,low-ebb,low-ebb,low-ebb,2025-02-01 11:15:00
-1.2030983,-1.2176708,-1.1597248,-1.1555244,low-ebb,low-ebb,low-ebb,low-ebb,2025-02-01 11:30:00
-1.2453983,-1.2497774,-1.1968632,-1.1921666,low-ebb,low-ebb,low-ebb,low-ebb,2025-02-01 11:45:00
-1.2665869,-1.2608639,-1.2139331,-1.2088145,low-ebb,low-ebb,low-ebb,low-ebb,2025-02-01 12:00:00
-1.2662987,-1.2510084,-1.2106236,-1.2051678,low-flow,low-flow,low-flow,low-flow,2025-02-01 12:15:00
-1.2445354,-1.220613,-1.1869617,-1.1812617,low-flow,low-flow,low-flow,low-flow,2025-02-01 12:30:00
-1.2016608,-1.170368,-1.1433078,-1.1374636,low-flow,low-flow,low-flow,low-flow,2025-02-01 12:45:00
-1.1383877,-1.1012189,-1.0803463,-1.0744622,low-flow,low-flow,low-flow,low-flow,2025-02-01 13:00:00
-1.0557603,-1.0143415,-0.99907076,-0.99325347,low-flow,low-flow,low-flow,low-flow,2025-02-01 13:15:00
-0.9551311,-0.9111199,-0.9007638,-0.8951202,low-flow,low-flow,low-flow,low-flow,2025-02-01 13:30:00
-0.83813244,-0.7931323,-0.7869745,-0.78160906,low-flow,low-flow,low-flow,low-flow,2025-02-01 13:45:00
-0.7066455,-0.6621366,-0.6594909,-0.6545035,low-flow,low-flow,low-flow,low-flow,2025-02-01 14:00:00
-0.56276584,-0.5200556,-0.52031034,-0.51579404,low-flow,low-flow,low-flow,low-flow,2025-02-01 14:15:00
-0.40876773,-0.3689592,-0.3716076,-0.36764637,low-flow,low-flow,low-flow,low-flow,2025-02-01 14:30:00
-0.24706669,-0.21104215,-0.2157006,-0.21236765,low-flow,low-flow,low-flow,low-flow,2025-02-01 14:45:00
-0.0801818,-0.048597265,-0.05501539,-0.05237157,low-flow,low-flow,low-flow,low-flow,2025-02-01 15:00:00
0.08930199,0.11601446,0.10794979,0.10985742,high-flow,high-flow,high-flow,high-flow,2025-02-01 15:15:00
0.2587711,0.2803947,0.2706612,0.27180025,high-flow,high-flow,high-flow,high-flow,2025-02-01 15:30:00
0.42561972,0.442138,0.43058607,0.43093956,high-flow,high-flow,high-flow,high-flow,2025-02-01 15:45:00
0.5872854,0.5988595,0.58522916,0.5847956,high-flow,high-flow,high-flow,high-flow,2025-02-01 16:00:00
0.7412829,0.7482205,0.7321683,0.7309618,high-flow,high-flow,high-flow,high-flow,2025-02-01 16:15:00
0.8852376,0.88795173,0.8690899,0.8671394,high-flow,high-flow,high-flow,high-flow,2025-02-01 16:30:00
1.0169165,1.0158771,0.9938223,0.99117106,high-flow,high-flow,high-flow,high-flow,2025-02-01 16:45:00
1.1342589,1.1299387,1.1043683,1.1010725,high-flow,high-flow,high-flow,high-flow,2025-02-01 17:00:00
1.2354043,1.2282264,1.1989362,1.1950638,high-flow,high-flow,high-flow,high-flow,2025-02-01 17:15:00
1.3187195,1.3090118,1.2759674,1.2715961,high-flow,high-flow,high-flow,high-flow,2025-02-01 17:30:00
1.3828237,1.3707862,1.3341624,1.3293781,high-flow,high-flow,high-flow,high-flow,2025-02-01 17:45:00
1.4266104,1.4123011,1.3725038,1.3673985,high-flow,high-flow,high-flow,high-flow,2025-02-01 18:00:00
1.4492679,1.4326082,1.3902746,1.3849444,high-flow,high-flow,high-flow,high-flow,2025-02-01 18:15:00
1.4502962,1.4310952,1.3870744,1.3816172,high-flow,high-ebb,high-ebb,high-ebb,2025-02-01 18:30:00
1.4295199,1.4075131,1.3628286,1.3573424,high-ebb,high-ebb,high-ebb,high-ebb,2025-02-01 18:45:00
1.3870977,1.3619932,1.3177952,1.3123757,high-ebb,high-ebb,high-ebb,high-ebb,2025-02-01 19:00:00
1.3235272,1.2950528,1.2525645,1.2473038,high-ebb,high-ebb,high-ebb,high-ebb,2025-02-01 19:15:00
1.2396439,1.207589,1.1680552,1.1630393,high-ebb,high-ebb,high-ebb,high-ebb,2025-02-01 19:30:00
1.1366154,1.1008631,1.0655017,1.06081,high-ebb,high-ebb,high-ebb,high-ebb,2025-02-01 19:45:00
1.0159287,0.9764773,0.9464395,0.9421429,high-ebb,high-ebb,high-ebb,high-ebb,2025-02-01 20:00:00
0.87937295,0.83634734,0.81268173,0.80884194,high-ebb,high-ebb,high-ebb,high-ebb,2025-02-01 20:15:00
0.72901416,0.68267286,0.66629195,0.66296065,high-ebb,high-ebb,high-ebb,high-ebb,2025-02-01 20:30:00
0.5671654,0.5179057,0.5095511,0.5067696,high-ebb,high-ebb,high-ebb,high-ebb,2025-02-01 20:45:00
0.3963499,0.34471658,0.34492058,0.34271953,high-ebb,high-ebb,high-ebb,high-ebb,2025-02-01 21:00:00
0.21926059,0.16595769,0.1750005,0.17340016,high-ebb,high-ebb,high-ebb,high-ebb,2025-02-01 21:15:00
0.038713735,-0.015380392,0.0024859635,0.0014962773,high-ebb,low-ebb,high-ebb,high-ebb,2025-02-01 21:30:00
-0.14240001,-0.1962203,-0.16987975,-0.17025858,low-ebb,low-ebb,low-ebb,low-ebb,2025-02-01 21:45:00
-0.32116735,-0.3734585,-0.3393527,-0.33912954,low-ebb,low-ebb,low-ebb,low-ebb,2025-02-01 22:00:00
-0.49470526,-0.5440348,-0.5032361,-0.5024282,low-ebb,low-ebb,low-ebb,low-ebb,2025-02-01 22:15:00
-0.6602138,-0.70500743,-0.65892744,-0.65755934,low-ebb,low-ebb,low-ebb,low-ebb,2025-02-01 22:30:00
-0.8150277,-0.8536304,-0.80396324,-0.80206615,low-ebb,low-ebb,low-ebb,low-ebb,2025-02-01 22:45:00
-0.95666546,-0.987426,-0.93606174,-0.93367237,low-ebb,low-ebb,low-ebb,low-ebb,2025-02-01 23:00:00
-1.0828742,-1.1042476,-1.0531613,-1.0503209,low-ebb,low-ebb,low-ebb,low-ebb,2025-02-01 23:15:00
-1.1916704,-1.2023276,-1.1534543,-1.150208,low-ebb,low-ebb,low-ebb,low-ebb,2025-02-01 23:30:00
-1.2813739,-1.2803055,-1.2354165,-1.2318124,low-ebb,low-ebb,low-ebb,low-ebb,2025-02-01 23:45:00
-1.3506361,-1.3372375,-1.2978303,-1.2939183,low-ebb,low-ebb,low-ebb,low-ebb,2025-02-02 00:00:00
-1.398461,-1.3725873,-1.3398024,-1.335634,low-ebb,low-ebb,low-ebb,low-ebb,2025-02-02 00:15:00
-1.4242178,-1.386202,-1.3607745,-1.3564026,low-ebb,low-ebb,low-ebb,low-ebb,2025-02-02 00:30:00
-1.427648,-1.3782789,-1.3605303,-1.3560079,low-ebb,low-flow,low-flow,low-flow,2025-02-02 00:45:00
-1.4088627,-1.3493292,-1.3391929,-1.3345736,low-flow,low-flow,low-flow,low-flow,2025-02-02 01:00:00
-1.368336,-1.300142,-1.2972202,-1.2925574,low-flow,low-flow,low-flow,low-flow,2025-02-02 01:15:00
-1.3068882,-1.2317533,-1.2353926,-1.2307394,low-flow,low-flow,low-flow,low-flow,2025-02-02 01:30:00
-1.2256674,-1.1454215,-1.1547962,-1.1502056,low-flow,low-flow,low-flow,low-flow,2025-02-02 01:45:00
-1.126122,-1.0426086,-1.0568029,-1.0523273,low-flow,low-flow,low-flow,low-flow,2025-02-02 02:00:00
-1.009973,-0.92496544,-0.9430443,-0.938736,low-flow,low-flow,low-flow,low-flow,2025-02-02 02:15:00
-0.87917984,-0.7943179,-0.81538546,-0.81129587,low-flow,low-flow,low-flow,low-flow,2025-02-02 02:30:00
-0.73590547,-0.6526513,-0.6758928,-0.67207277,low-flow,low-flow,low-flow,low-flow,2025-02-02 02:45:00
-0.58247966,-0.50209093,-0.526802,-0.5233015,low-flow,low-flow,low-flow,low-flow,2025-02-02 03:00:00
-0.42136118,-0.34487835,-0.37048343,-0.36735097,low-flow,low-flow,low-flow,low-flow,2025-02-02 03:15:00
-0.25509983,-0.18334326,-0.20940612,-0.20668875,low-flow,low-flow,low-flow,low-flow,2025-02-02 03:30:00
-0.0862986,-0.019872736,-0.046101574,-0.043844115,low-flow,low-flow,low-flow,low-flow,2025-02-02 03:45:00
0.08242334,0.14311995,0.11687334,0.11862879,high-flow,high-flow,high-flow,high-flow,2025-02-02 04:00:00
0.24846673,0.30322528,0.27697328,0.2781881,high-flow,high-flow,high-flow,high-flow,2025-02-02 04:15:00
0.4092872,0.45806497,0.43170103,0.43234095,high-flow,high-flow,high-flow,high-flow,2025-02-02 04:30:00
0.5624289,0.60531706,0.5786437,0.57867956,high-flow,high-flow,high-flow,high-flow,2025-02-02 04:45:00
0.7055567,0.74273956,0.7155076,0.71491635,high-flow,high-flow,high-flow,high-flow,2025-02-02 05:00:00
0.8364869,0.86819446,0.8401522,0.8389178,high-flow,high-flow,high-flow,high-flow,2025-02-02 05:15:00
0.9532166,0.97967446,0.9506222,0.9487366,high-flow,high-flow,high-flow,high-flow,2025-02-02 05:30:00
1.0539513,1.0753335,1.0451775,1.0426416,high-flow,high-flow,high-flow,high-flow,2025-02-02 05:45:00
1.1371301,1.1535218,1.1223209,1.1191453,high-flow,high-flow,high-flow,high-flow,2025-02-02 06:00:00
1.2014502,1.2128245,1.1808231,1.1770285,high-flow,high-flow,high-flow,high-flow,2025-02-02 06:15:00
1.2458876,1.2521015,1.2197435,1.2153616,high-flow,high-flow,high-flow,high-flow,2025-02-02 06:30:00
1.2697159,1.2705258,1.238448,1.2335217,high-flow,high-flow,high-flow,high-flow,2025-02-02 06:45:00
1.2725215,1.2676148,1.2366226,1.2312056,high-flow,high-ebb,high-ebb,high-ebb,2025-02-02 07:00:00
1.2542152,1.2432542,1.2142811,1.2084385,high-ebb,high-ebb,high-ebb,high-ebb,2025-02-02 07:15:00
1.2150398,1.1977091,1.1717693,1.1655766,high-ebb,high-ebb,high-ebb,high-ebb,2025-02-02 07:30:00
1.1555728,1.1316252,1.1097625,1.1033049,high-ebb,high-ebb,high-ebb,high-ebb,2025-02-02 07:45:00
1.0767231,1.046017,1.0292584,1.0226297,high-ebb,high-ebb,high-ebb,high-ebb,2025-02-02 08:00:00
0.97972375,0.942249,0.93156326,0.9248649,high-ebb,high-ebb,high-ebb,high-ebb,2025-02-02 08:15:00
0.8661171,0.82200885,0.8182734,0.81161237,high-ebb,high-ebb,high-ebb,high-ebb,2025-02-02 08:30:00
0.7377348,0.6872792,0.6912504,0.6847377,high-ebb,high-ebb,high-ebb,high-ebb,2025-02-02 08:45:00
0.59667146,0.54030615,0.5525912,0.5463398,high-ebb,high-ebb,high-ebb,high-ebb,2025-02-02 09:00:00
0.44525224,0.3835674,0.40459415,0.3987167,high-ebb,high-ebb,high-ebb,high-ebb,2025-02-02 09:15:00
0.2859957,0.21973799,0.24971983,0.24432625,high-ebb,high-ebb,high-ebb,high-ebb,2025-02-02 09:30:00
0.12157078,0.051652282,0.09054912,0.08574447,high-ebb,high-ebb,high-ebb,high-ebb,2025-02-02 09:45:00
-0.04524935,-0.11774095,-0.07026145,-0.074379474,low-ebb,low-ebb,low-ebb,low-ebb,2025-02-02 10:00:00
-0.2116371,-0.28543136,-0.23002616,-0.2333695,low-ebb,low-ebb,low-ebb,low-ebb,2025-02-02 10:15:00
-0.37476197,-0.44840902,-0.3860772,-0.38856962,low-ebb,low-ebb,low-ebb,low-ebb,2025-02-02 10:30:00
-0.53184295,-0.60373425,-0.5358114,-0.5373905,low-ebb,low-ebb,low-ebb,low-ebb,2025-02-02 10:45:00
-0.6802004,-0.7486123,-0.67673594,-0.6773547,low-ebb,low-ebb,low-ebb,low-ebb,2025-02-02 11:00:00
-0.817306,-0.8804673,-0.8065113,-0.80613977,low-ebb,low-ebb,low-ebb,low-ebb,2025-02-02 11:15:00
-0.9408299,-0.9970112,-0.9229917,-0.9216179,low-ebb,low-ebb,low-ebb,low-ebb,2025-02-02 11:30:00
-1.0486836,-1.0962999,-1.024261,-1.0218918,low-ebb,low-ebb,low-ebb,low-ebb,2025-02-02 11:45:00
-1.1390574,-1.1767743,-1.1086643,-1.1053256,low-ebb,low-ebb,low-ebb,low-ebb,2025-02-02 12:00:00
-1.2104523,-1.2372808,-1.1748344,-1.1705709,low-ebb,low-ebb,low-ebb,low-ebb,2025-02-02 12:15:00
-1.2617042,-1.2770741,-1.221712,-1.2165868,low-ebb,low-ebb,low-ebb,low-ebb,2025-02-02 12:30:00
-1.2920022,-1.295802,-1.2485616,-1.2426553,low-ebb,low-ebb,low-ebb,low-ebb,2025-02-02 12:45:00
-1.3008984,-1.2934779,-1.2549796,-1.2483883,low-ebb,low-flow,low-ebb,low-ebb,2025-02-02 13:00:00
-1.2883109,-1.2704457,-1.2408973,-1.2337316,low-flow,low-flow,low-flow,low-flow,2025-02-02 13:15:00
-1.2545191,-1.2273439,-1.2065791,-1.1989615,low-flow,low-flow,low-flow,low-flow,2025-02-02 13:30:00
-1.2001532,-1.1650711,-1.1526133,-1.144676,low-flow,low-flow,low-flow,low-flow,2025-02-02 13:45:00
-1.1261767,-1.0847579,-1.0798998,-1.0717819,low-flow,low-flow,low-flow,low-flow,2025-02-02 14:00:00
-1.0338637,-0.98774546,-0.9896318,-0.9814765,low-flow,low-flow,low-flow,low-flow,2025-02-02 14:15:00
-0.92477167,-0.8755682,-0.8832741,-0.87522566,low-flow,low-flow,low-flow,low-flow,2025-02-02 14:30:00
-0.80071104,-0.74994123,-0.76253724,-0.75473845,low-flow,low-flow,low-flow,low-flow,2025-02-02 14:45:00
-0.66371053,-0.6127461,-0.6293495,-0.6219383,low-flow,low-flow,low-flow,low-flow,2025-02-02 15:00:00
-0.51598203,-0.46601504,-0.48582536,-0.47893202,low-flow,low-flow,low-flow,low-flow,2025-02-02 15:15:00
-0.3598831,-0.31191,-0.3342323,-0.3279772,low-flow,low-flow,low-flow,low-flow,2025-02-02 15:30:00
-0.19787954,-0.15269743,-0.17695646,-0.17144741,low-flow,low-flow,low-flow,low-flow,2025-02-02 15:45:00
-0.032507803,0.009281124,-0.016466621,-0.011796816,low-flow,high-flow,low-flow,low-flow,2025-02-02 16:00:00
0.13366213,0.17164071,0.14472225,0.14847596,high-flow,high-flow,high-flow,high-flow,2025-02-02 16:15:00
0.29806295,0.3319845,0.30408576,0.30686426,high-flow,high-flow,high-flow,high-flow,2025-02-02 16:30:00
0.458165,0.48793367,0.45912692,0.46088976,high-flow,high-flow,high-flow,high-flow,2025-02-02 16:45:00
0.6115101,0.6371548,0.6074124,0.6081383,high-flow,high-flow,high-flow,high-flow,2025-02-02 17:00:00
0.75574386,0.77738506,0.74660814,0.74629533,high-flow,high-flow,high-flow,high-flow,2025-02-02 17:15:00
0.8886465,0.9064559,0.87451404,0.87317955,high-flow,high-flow,high-flow,high-flow,2025-02-02 17:30:00
1.0081623,1.0223182,0.9890967,0.986776,high-flow,high-flow,high-flow,high-flow,2025-02-02 17:45:00
1.1124271,1.1230702,1.0885208,1.0852666,high-flow,high-flow,high-flow,high-flow,2025-02-02 18:00:00
1.1997947,1.2069887,1.171178,1.1670588,high-flow,high-flow,high-flow,high-flow,2025-02-02 18:15:00
1.2688602,1.2725648,1.235713,1.2308115,high-flow,high-flow,high-flow,high-flow,2025-02-02 18:30:00
1.318483,1.3185427,1.2810469,1.2754577,high-flow,high-flow,high-flow,high-flow,2025-02-02 18:45:00
1.3478054,1.3439574,1.3063964,1.3002244,high-flow,high-flow,high-flow,high-flow,2025-02-02 19:00:00
1.3562701,1.3481702,1.311289,1.304647,high-flow,high-flow,high-flow,high-flow,2025-02-02 19:15:00
1.3436327,1.3308955,1.2955743,1.2885803,high-ebb,high-ebb,high-ebb,high-ebb,2025-02-02 19:30:00
1.309972,1.2922198,1.25943,1.2522051,high-ebb,high-ebb,high-ebb,high-ebb,2025-02-02 19:45:00
1.2556955,1.232607,1.2033623,1.1960286,high-ebb,high-ebb,high-ebb,high-ebb,2025-02-02 20:00:00
1.1815383,1.1528934,1.1282015,1.1208797,high-ebb,high-ebb,high-ebb,high-ebb,2025-02-02 20:15:00
1.0885606,1.0542719,1.0350918,1.0278989,high-ebb,high-ebb,high-ebb,high-ebb,2025-02-02 20:30:00
0.9781353,0.9382688,0.92547536,0.91852343,high-ebb,high-ebb,high-ebb,high-ebb,2025-02-02 20:45:00
0.8519327,0.8067151,0.8010708,0.79446477,high-ebb,high-ebb,high-ebb,high-ebb,2025-02-02 21:00:00
0.711898,0.66171604,0.6638469,0.6576832,high-ebb,high-ebb,high-ebb,high-ebb,2025-02-02 21:15:00
0.560223,0.5056197,0.51599056,0.51035607,high-ebb,high-ebb,high-ebb,high-ebb,2025-02-02 21:30:00
0.3993124,0.34098408,0.35987124,0.3548423,high-ebb,high-ebb,high-ebb,high-ebb,2025-02-02 21:45:00
0.23174478,0.17054242,0.198001,0.19364277,high-ebb,high-ebb,high-ebb,high-ebb,2025-02-02 22:00:00
0.060229003,-0.0028357068,0.032992072,0.029357998,high-ebb,low-ebb,high-ebb,high-ebb,2025-02-02 22:15:00
-0.11244279,-0.1761905,-0.1324881,-0.13535644,low-ebb,low-ebb,low-ebb,low-ebb,2025-02-02 22:30:00
-0.2834451,-0.34652632,-0.29576284,-0.2978357,low-ebb,low-ebb,low-ebb,low-ebb,2025-02-02 22:45:00
-0.44997033,-0.5108746,-0.4541924,-0.45545176,low-ebb,low-ebb,low-ebb,low-ebb,2025-02-02 23:00:00
-0.6092805,-0.66636425,-0.60521966,-0.6056588,low-ebb,low-ebb,low-ebb,low-ebb,2025-02-02 23:15:00
-0.7587579,-0.8102943,-0.7464138,-0.74603695,low-ebb,low-ebb,low-ebb,low-ebb,2025-02-02 23:30:00
-0.8959535,-0.94020605,-0.875512,-0.87433356,low-ebb,low-ebb,low-ebb,low-ebb,2025-02-02 23:45:00
-1.018632,-1.0539465,-0.99045676,-0.98850095,low-ebb,low-ebb,low-ebb,low-ebb,2025-02-03 00:00:00
-1.1248124,-1.1497195,-1.0894303,-1.0867302,low-ebb,low-ebb,low-ebb,low-ebb,2025-02-03 00:15:00
-1.2128028,-1.2261187,-1.1708833,-1.1674803,low-ebb,low-ebb,low-ebb,low-ebb,2025-02-03 00:30:00
-1.2812293,-1.2821425,-1.2335588,-1.229502,low-ebb,low-ebb,low-ebb,low-ebb,2025-02-03 00:45:00
-1.3290577,-1.3171903,-1.2765107,-1.271856,low-ebb,low-ebb,low-ebb,low-ebb,2025-02-03 01:00:00
-1.3556082,-1.3310425,-1.2991165,-1.293926,low-ebb,low-ebb,low-ebb,low-ebb,2025-02-03 01:15:00
-1.3605627,-1.3238307,-1.3010834,-1.295425,low-ebb,low-flow,low-ebb,low-ebb,2025-02-03 01:30:00
-1.3439647,-1.2960024,-1.2824509,-1.2763972,low-flow,low-flow,low-flow,low-flow,2025-02-03 01:45:00
-1.3062122,-1.2482849,-1.2435849,-1.2372133,low-flow,low-flow,low-flow,low-flow,2025-02-03 02:00:00
-1.248045,-1.1816545,-1.1851692,-1.1785605,low-flow,low-flow,low-flow,low-flow,2025-02-03 02:15:00
-1.1705246,-1.0973102,-1.1081908,-1.1014295,low-flow,low-flow,low-flow,low-flow,2025-02-03 02:30:00
-1.0750108,-0.996655,-1.0139214,-1.0070943,low-flow,low-flow,low-flow,low-flow,2025-02-03 02:45:00
-0.9631324,-0.8812804,-0.9038942,-0.8970904,low-flow,low-flow,low-flow,low-flow,2025-02-03 03:00:00
-0.8367562,-0.7529543,-0.7798786,-0.7731884,low-flow,low-flow,low-flow,low-flow,2025-02-03 03:15:00
-0.6979524,-0.61360615,-0.6438509,-0.6373652,low-flow,low-flow,low-flow,low-flow,2025-02-03 03:30:00
-0.54895854,-0.46530986,-0.4979629,-0.49177244,low-flow,low-flow,low-flow,low-flow,2025-02-03 03:45:00
-0.3921429,-0.3102608,-0.34450874,-0.3387031,low-flow,low-flow,low-flow,low-flow,2025-02-03 04:00:00
-0.22996736,-0.1507486,-0.18589024,-0.18055688,low-flow,low-flow,low-flow,low-flow,2025-02-03 04:15:00
-0.06495063,0.010873873,-0.024581168,-0.01980429,low-flow,high-flow,low-flow,low-flow,2025-02-03 04:30:00
0.100367844,0.17222306,0.13690923,0.1410498,high-flow,high-flow,high-flow,high-flow,2025-02-03 04:45:00
0.2634629,0.33091667,0.2960728,0.2995029,high-flow,high-flow,high-flow,high-flow,2025-02-03 05:00:00
0.42185754,0.48460338,0.45043895,0.45309138,high-flow,high-flow,high-flow,high-flow,2025-02-03 05:15:00
0.57315516,0.63098973,0.59761065,0.5994265,high-flow,high-flow,high-flow,high-flow,2025-02-03 05:30:00
0.71507084,0.76786494,0.7352996,0.7362297,high-flow,high-flow,high-flow,high-flow,2025-02-03 05:45:00
0.84546053,0.89312446,0.8613602,0.86136633,high-flow,high-flow,high-flow,high-flow,2025-02-03 06:00:00
0.9623492,1.0047953,0.9738218,0.97287786,high-flow,high-flow,high-flow,high-flow,2025-02-03 06:15:00
1.0639571,1.1010642,1.0709189,1.0690122,high-flow,high-flow,high-flow,high-flow,2025-02-03 06:30:00
1.1487247,1.1803086,1.1511192,1.1482512,high-flow,high-flow,high-flow,high-flow,2025-02-03 06:45:00
1.215335,1.2411321,1.2131481,1.2093357,high-flow,high-flow,high-flow,high-flow,2025-02-03 07:00:00
1.2627347,1.282402,1.2560108,1.2512861,high-flow,high-flow,high-flow,high-flow,2025-02-03 07:15:00
1.2901518,1.3032833,1.2790096,1.2734209,high-flow,high-flow,high-flow,high-flow,2025-02-03 07:30:00
1.2971117,1.3032709,1.2817575,1.2753693,high-flow,high-ebb,high-flow,high-flow,2025-02-03 07:45:00
1.2834486,1.2822115,1.2641877,1.2570796,high-ebb,high-ebb,high-ebb,high-ebb,2025-02-03 08:00:00
1.2493137,1.2403166,1.2265568,1.2188236,high-ebb,high-ebb,high-ebb,high-ebb,2025-02-03 08:15:00
1.1951795,1.1781629,1.1694442,1.1611943,high-ebb,high-ebb,high-ebb,high-ebb,2025-02-03 08:30:00
1.1218382,1.0966823,1.0937449,1.0850996,high-ebb,high-ebb,high-ebb,high-ebb,2025-02-03 08:45:00
1.0303962,0.9971426,1.0006578,0.99174887,high-ebb,high-ebb,high-ebb,high-ebb,2025-02-03 09:00:00
0.9222616,0.8811226,0.89166784,0.88263595,high-ebb,high-ebb,high-ebb,high-ebb,2025-02-03 09:15:00
0.7991269,0.7504824,0.7685234,0.7595155,high-ebb,high-ebb,high-ebb,high-ebb,2025-02-03 09:30:00
0.66294575,0.607334,0.63320804,0.6243751,high-ebb,high-ebb,high-ebb,high-ebb,2025-02-03 09:45:00
0.5159035,0.45401078,0.4879085,0.4794026,high-ebb,high-ebb,high-ebb,high-ebb,2025-02-03 10:00:00
0.36038265,0.29303643,0.33497825,0.3269496,high-ebb,high-ebb,high-ebb,high-ebb,2025-02-03 10:15:00
0.19892366,0.127092,0.17689751,0.1694916,high-ebb,high-ebb,high-ebb,high-ebb,2025-02-03 10:30:00
0.03418116,-0.041022606,0.016231298,0.0095859235,high-ebb,low-ebb,high-ebb,high-ebb,2025-02-03 10:45:00
-0.13112299,-0.20843393,-0.14441474,-0.15017243,low-ebb,low-ebb,low-ebb,low-ebb,2025-02-03 11:00:00
-0.2942488,-0.372249,-0.30243903,-0.30719534,low-ebb,low-ebb,low-ebb,low-ebb,2025-02-03 11:15:00
-0.45248842,-0.5296179,-0.4552889,-0.45894602,low-ebb,low-ebb,low-ebb,low-ebb,2025-02-03 11:30:00
-0.60321647,-0.6778026,-0.600504,-0.6029825,low-ebb,low-ebb,low-ebb,low-ebb,2025-02-03 11:45:00
-0.74393886,-0.8142477,-0.7357584,-0.73699903,low-ebb,low-ebb,low-ebb,low-ebb,2025-02-03 12:00:00
-0.8723389,-0.9366482,-0.8588994,-0.85886467,low-ebb,low-ebb,low-ebb,low-ebb,2025-02-03 12:15:00
-0.9863201,-1.0430082,-0.967983,-0.9666584,low-ebb,low-ebb,low-ebb,low-ebb,2025-02-03 12:30:00
-1.0840437,-1.131686,-1.0613054,-1.0587001,low-ebb,low-ebb,low-ebb,low-ebb,2025-02-03 12:45:00
-1.1639613,-1.2014208,-1.1374298,-1.1335764,low-ebb,low-ebb,low-ebb,low-ebb,2025-02-03 13:00:00
-1.2248396,-1.2513423,-1.1952076,-1.1901624,low-ebb,low-ebb,low-ebb,low-ebb,2025-02-03 13:15:00
-1.2657801,-1.2809618,-1.233795,-1.2276369,low-ebb,low-ebb,low-ebb,low-ebb,2025-02-03 13:30:00
-1.2862309,-1.2901499,-1.2526637,-1.2454926,low-ebb,low-ebb,low-ebb,low-ebb,2025-02-03 13:45:00
-1.2859906,-1.2791065,-1.251606,-1.2435412,low-flow,low-flow,low-flow,low-flow,2025-02-03 14:00:00
-1.2652061,-1.2483256,-1.2307342,-1.2219125,low-flow,low-flow,low-flow,low-flow,2025-02-03 14:15:00
-1.2243638,-1.1985639,-1.1904763,-1.1810485,low-flow,low-flow,low-flow,low-flow,2025-02-03 14:30:00
-1.1642739,-1.130812,-1.1315641,-1.1216929,low-flow,low-flow,low-flow,low-flow,2025-02-03 14:45:00
-1.0860503,-1.0462734,-1.0550195,-1.044876,low-flow,low-flow,low-flow,low-flow,2025-02-03 15:00:00
-0.991085,-0.94634795,-0.9621347,-0.951895,low-flow,low-flow,low-flow,low-flow,2025-02-03 15:15:00
-0.8810195,-0.8326199,-0.85445017,-0.84429187,low-flow,low-flow,low-flow,low-flow,2025-02-03 15:30:00
-0.75771266,-0.7068454,-0.7337278,-0.72382665,low-flow,low-flow,low-flow,low-flow,2025-02-03 15:45:00
-0.6232069,-0.570938,-0.6019229,-0.5924494,low-flow,low-flow,low-flow,low-flow,2025-02-03 16:00:00
-0.47969303,-0.42695016,-0.46115318,-0.45226908,low-flow,low-flow,low-flow,low-flow,2025-02-03 16:15:00
-0.32947448,-0.27704835,-0.3136655,-0.3055209,low-flow,low-flow,low-flow,low-flow,2025-02-03 16:30:00
-0.17493157,-0.12348427,-0.16180232,-0.15453276,low-flow,low-flow,low-flow,low-flow,2025-02-03 16:45:00
-0.018486397,0.03143772,-0.007966195,-0.0016903341,low-flow,high-flow,low-flow,low-flow,2025-02-03 17:00:00
0.13743155,0.18539377,0.14541563,0.15059818,high-flow,high-flow,high-flow,high-flow,2025-02-03 17:15:00
0.2904185,0.33607262,0.2959272,0.2999375,high-flow,high-flow,high-flow,high-flow,2025-02-03 17:30:00
0.43812826,0.48120496,0.44119933,0.44398022,high-flow,high-flow,high-flow,high-flow,2025-02-03 17:45:00
0.57830274,0.61858994,0.57894474,0.5804617,high-flow,high-flow,high-flow,high-flow,2025-02-03 18:00:00
0.7088008,0.74611926,0.70699215,0.70723337,high-flow,high-flow,high-flow,high-flow,2025-02-03 18:15:00
0.82762605,0.86180097,0.8233188,0.82229507,high-flow,high-flow,high-flow,high-flow,2025-02-03 18:30:00
0.9329528,0.9637844,0.92608154,0.92382556,high-flow,high-flow,high-flow,high-flow,2025-02-03 18:45:00
1.0231509,1.050388,1.0136459,1.0102111,high-flow,high-flow,high-flow,high-flow,2025-02-03 19:00:00
1.0968082,1.1201308,1.0846115,1.0800707,high-flow,high-flow,high-flow,high-flow,2025-02-03 19:15:00
1.1527522,1.1717662,1.1378361,1.1322796,high-flow,high-flow,high-flow,high-flow,2025-02-03 19:30:00
1.1900688,1.2043166,1.1724547,1.1659883,high-flow,high-flow,high-flow,high-flow,2025-02-03 19:45:00
1.2081195,1.2171059,1.1878955,1.1806378,high-flow,high-flow,high-flow,high-flow,2025-02-03 20:00:00
1.2065544,1.2097852,1.1838912,1.175972,high-ebb,high-ebb,high-ebb,high-ebb,2025-02-03 20:15:00
1.1853234,1.1823508,1.1604861,1.1520429,high-ebb,high-ebb,high-ebb,high-ebb,2025-02-03 20:30:00
1.1446824,1.1351508,1.118038,1.1092138,high-ebb,high-ebb,high-ebb,high-ebb,2025-02-03 20:45:00
1.0851966,1.0688812,1.0572149,1.0481557,high-ebb,high-ebb,high-ebb,high-ebb,2025-02-03 21:00:00
1.007737,0.9845711,0.97898614,0.96983856,high-ebb,high-ebb,high-ebb,high-ebb,2025-02-03 21:15:00
0.91347414,0.8835613,0.88460976,0.8755181,high-ebb,high-ebb,high-ebb,high-ebb,2025-02-03 21:30:00
0.803864,0.7674775,0.77561224,0.7667167,high-ebb,high-ebb,high-ebb,high-ebb,2025-02-03 21:45:00
0.6806302,0.6382015,0.6537655,0.6452,high-ebb,high-ebb,high-ebb,high-ebb,2025-02-03 22:00:00
0.54573923,0.4978427,0.52105796,0.5129483,high-ebb,high-ebb,high-ebb,high-ebb,2025-02-03 22:15:00
0.40137076,0.34870985,0.37966204,0.37212425,high-ebb,high-ebb,high-ebb,high-ebb,2025-02-03 22:30:00
0.24988264,0.19328189,0.2318978,0.22503701,high-ebb,high-ebb,high-ebb,high-ebb,2025-02-03 22:45:00
0.093771584,0.0341764,0.08019381,0.074102946,high-ebb,high-ebb,high-ebb,high-ebb,2025-02-03 23:00:00
-0.064370416,-0.12588766,-0.07295421,-0.078195155,low-ebb,low-ebb,low-ebb,low-ebb,2025-02-03 23:15:00
-0.22190224,-0.2841348,-0.22502604,-0.22935064,low-ebb,low-ebb,low-ebb,low-ebb,2025-02-03 23:30:00
-0.37618187,-0.4377869,-0.37352014,-0.3768759,low-ebb,low-ebb,low-ebb,low-ebb,2025-02-03 23:45:00
-0.5246153,-0.5841249,-0.51599634,-0.5183449,low-ebb,low-ebb,low-ebb,low-ebb,2025-02-04 00:00:00
-0.66470486,-0.72055656,-0.65011734,-0.6514345,low-ebb,low-ebb,low-ebb,low-ebb,2025-02-04 00:15:00
-0.7940962,-0.8446846,-0.77368826,-0.77396363,low-ebb,low-ebb,low-ebb,low-ebb,2025-02-04 00:30:00
-0.9106217,-0.95437074,-0.8846931,-0.8839301,low-ebb,low-ebb,low-ebb,low-ebb,2025-02-04 00:45:00
-1.012341,-1.0477896,-0.9813278,-0.979543,low-ebb,low-ebb,low-ebb,low-ebb,2025-02-04 01:00:00
-1.0975752,-1.1234679,-1.0620291,-1.0592519,low-ebb,low-ebb,low-ebb,low-ebb,2025-02-04 01:15:00
-1.1649365,-1.180306,-1.1254995,-1.1217713,low-ebb,low-ebb,low-ebb,low-ebb,2025-02-04 01:30:00
-1.2133508,-1.2175815,-1.1707255,-1.1660995,low-ebb,low-ebb,low-ebb,low-ebb,2025-02-04 01:45:00
-1.2420732,-1.2349378,-1.1969931,-1.1915333,low-ebb,low-ebb,low-ebb,low-ebb,2025-02-04 02:00:00
-1.2506976,-1.2323596,-1.2038964,-1.1976768,low-ebb,low-flow,low-ebb,low-ebb,2025-02-04 02:15:00
-1.2391583,-1.2101424,-1.1913407,-1.1844448,low-flow,low-flow,low-flow,low-flow,2025-02-04 02:30:00
-1.2077248,-1.1688597,-1.1595422,-1.1520619,low-flow,low-flow,low-flow,low-flow,2025-02-04 02:45:00
-1.1569918,-1.1093343,-1.1090204,-1.1010555,low-flow,low-flow,low-flow,low-flow,2025-02-04 03:00:00
-1.0878615,-1.0326128,-1.040588,-1.032245,low-flow,low-flow,low-flow,low-flow,2025-02-04 03:15:00
-1.0015222,-0.9399479,-0.9553352,-0.9467263,low-flow,low-flow,low-flow,low-flow,2025-02-04 03:30:00
-0.89942235,-0.83278406,-0.85460997,-0.84585243,low-flow,low-flow,low-flow,low-flow,2025-02-04 03:45:00
-0.78324175,-0.7127463,-0.73999584,-0.7312105,low-flow,low-flow,low-flow,low-flow,2025-02-04 04:00:00
-0.6548594,-0.5816278,-0.6132857,-0.6045958,low-flow,low-flow,low-flow,low-flow,2025-02-04 04:15:00
-0.5163204,-0.4413734,-0.4764536,-0.4679834,low-flow,low-flow,low-flow,low-flow,2025-02-04 04:30:00
-0.36980173,-0.29405895,-0.33162355,-0.32349727,low-flow,low-flow,low-flow,low-flow,2025-02-04 04:45:00
-0.21757758,-0.14186403,-0.1810378,-0.1733778,low-flow,low-flow,low-flow,low-flow,2025-02-04 05:00:00
-0.061985336,0.012959175,-0.027022786,-0.019948075,low-flow,high-flow,low-flow,low-flow,2025-02-04 05:15:00
0.09460805,0.16811982,0.12804525,0.13442071,high-flow,high-flow,high-flow,high-flow,2025-02-04 05:30:00
0.24983862,0.32132232,0.28177533,0.28734437,high-flow,high-flow,high-flow,high-flow,2025-02-04 05:45:00
0.40137663,0.4702982,0.43179694,0.43646085,high-flow,high-flow,high-flow,high-flow,2025-02-04 06:00:00
0.54695666,0.61283493,0.5757947,0.57946515,high-flow,high-flow,high-flow,high-flow,2025-02-04 06:15:00
0.6844062,0.746801,0.71154267,0.7141434,high-flow,high-flow,high-flow,high-flow,2025-02-04 06:30:00
0.81167305,0.87016964,0.83693737,0.83840585,high-flow,high-flow,high-flow,high-flow,2025-02-04 06:45:00
0.9268511,0.98104084,0.9500295,0.95031846,high-flow,high-flow,high-flow,high-flow,2025-02-04 07:00:00
1.028205,1.0776662,1.0490535,1.0481324,high-flow,high-flow,high-flow,high-flow,2025-02-04 07:15:00
1.1141936,1.1584752,1.1324553,1.1303117,high-flow,high-flow,high-flow,high-flow,2025-02-04 07:30:00
1.183491,1.2221055,1.1989168,1.1955569,high-flow,high-flow,high-flow,high-flow,2025-02-04 07:45:00
1.2350076,1.2674346,1.2473773,1.2428273,high-flow,high-flow,high-flow,high-flow,2025-02-04 08:00:00
1.2679069,1.2936112,1.2770522,1.271358,high-flow,high-flow,high-flow,high-flow,2025-02-04 08:15:00
1.2816218,1.3000832,1.2874467,1.2806745,high-flow,high-flow,high-flow,high-flow,2025-02-04 08:30:00
1.2758677,1.2866193,1.2783654,1.2706009,high-ebb,high-ebb,high-ebb,high-ebb,2025-02-04 08:45:00
1.2506516,1.2533212,1.2499182,1.241266,high-ebb,high-ebb,high-ebb,high-ebb,2025-02-04 09:00:00
1.2062783,1.2006252,1.20252,1.1931025,high-ebb,high-ebb,high-ebb,high-ebb,2025-02-04 09:15:00
1.1433522,1.1292942,1.1368866,1.1268425,high-ebb,high-ebb,high-ebb,high-ebb,2025-02-04 09:30:00
1.0627736,1.0404005,1.0540249,1.0435071,high-ebb,high-ebb,high-ebb,high-ebb,2025-02-04 09:45:00
0.9657315,0.9353031,0.9552182,0.94439155,high-ebb,high-ebb,high-ebb,high-ebb,2025-02-04 10:00:00
0.8536894,0.81562114,0.8420065,0.8310451,high-ebb,high-ebb,high-ebb,high-ebb,2025-02-04 10:15:00
0.728366,0.6832083,0.7161626,0.7052468,high-ebb,high-ebb,high-ebb,high-ebb,2025-02-04 10:30:00
0.5917113,0.54012686,0.5796632,0.5689765,high-ebb,high-ebb,high-ebb,high-ebb,2025-02-04 10:45:00
0.44587597,0.38862315,0.43465677,0.42438266,high-ebb,high-ebb,high-ebb,high-ebb,2025-02-04 11:00:00
0.29317716,0.23110195,0.28342798,0.27374616,high-ebb,high-ebb,high-ebb,high-ebb,2025-02-04 11:15:00
0.13605887,0.070097774,0.12835956,0.11944257,high-ebb,high-ebb,high-ebb,high-ebb,2025-02-04 11:30:00
-0.022950534,-0.09176032,-0.028107727,-0.036097858,low-ebb,low-ebb,low-ebb,low-ebb,2025-02-04 11:45:00
-0.18128356,-0.25179222,-0.18351607,-0.19043122,low-ebb,low-ebb,low-ebb,low-ebb,2025-02-04 12:00:00
-0.3363806,-0.4073195,-0.33543196,-0.341141,low-ebb,low-ebb,low-ebb,low-ebb,2025-02-04 12:15:00
-0.48573712,-0.5557261,-0.48148698,-0.48587853,low-ebb,low-ebb,low-ebb,low-ebb,2025-02-04 12:30:00
-0.6269503,-0.69452417,-0.6194171,-0.6224021,low-ebb,low-ebb,low-ebb,low-ebb,2025-02-04 12:45:00
-0.7577637,-0.82141966,-0.74709994,-0.74861366,low-ebb,low-ebb,low-ebb,low-ebb,2025-02-04 13:00:00
-0.8761083,-0.9343727,-0.86258954,-0.8625932,low-ebb,low-ebb,low-ebb,low-ebb,2025-02-04 13:15:00
-0.9801405,-1.0316471,-0.96414703,-0.9626286,low-ebb,low-ebb,low-ebb,low-ebb,2025-02-04 13:30:00
-1.0682741,-1.1118448,-1.0502678,-1.047243,low-ebb,low-ebb,low-ebb,low-ebb,2025-02-04 13:45:00
-1.1392068,-1.173923,-1.1197045,-1.1152163,low-ebb,low-ebb,low-ebb,low-ebb,2025-02-04 14:00:00
-1.1919401,-1.2171954,-1.1714845,-1.1656027,low-ebb,low-ebb,low-ebb,low-ebb,2025-02-04 14:15:00
-1.2257937,-1.2413175,-1.204923,-1.1977433,low-ebb,low-ebb,low-ebb,low-ebb,2025-02-04 14:30:00
-1.2404115,-1.2462637,-1.219632,-1.2112737,low-ebb,low-ebb,low-ebb,low-ebb,2025-02-04 14:45:00
-1.2357616,-1.2322985,-1.2155219,-1.2061262,low-flow,low-flow,low-flow,low-flow,2025-02-04 15:00:00
-1.2121308,-1.1999474,-1.1928011,-1.1825281,low-flow,low-flow,low-flow,low-flow,2025-02-04 15:15:00
-1.1701117,-1.1499721,-1.1519681,-1.1409943,low-flow,low-flow,low-flow,low-flow,2025-02-04 15:30:00
-1.1105855,-1.083351,-1.093802,-1.0823159,low-flow,low-flow,low-flow,low-flow,2025-02-04 15:45:00
-1.0347004,-1.0012642,-1.0193461,-1.0075455,low-flow,low-flow,low-flow,low-flow,2025-02-04 16:00:00
-0.9438459,-0.905083,-0.92989004,-0.9179778,low-flow,low-flow,low-flow,low-flow,2025-02-04 16:15:00
-0.8396241,-0.7963595,-0.8269472,-0.8151274,low-flow,low-flow,low-flow,low-flow,2025-02-04 16:30:00
-0.7238195,-0.6768139,-0.7122298,-0.70070374,low-flow,low-flow,low-flow,low-flow,2025-02-04 16:45:00
-0.5983668,-0.5483179,-0.58762115,-0.5765838,low-flow,low-flow,low-flow,low-flow,2025-02-04 17:00:00
-0.46531907,-0.4128708,-0.45514625,-0.44478244,low-flow,low-flow,low-flow,low-flow,2025-02-04 17:15:00
-0.3268149,-0.27257094,-0.31694022,-0.3074213,low-flow,low-flow,low-flow,low-flow,2025-02-04 17:30:00
-0.1850466,-0.12958279,-0.175216,-0.16669679,low-flow,low-flow,low-flow,low-flow,2025-02-04 17:45:00
-0.042229112,0.013898055,-0.032230876,-0.02484699,low-flow,high-flow,low-flow,low-flow,2025-02-04 18:00:00
0.09943008,0.15567884,0.10974733,0.11588172,high-flow,high-flow,high-flow,high-flow,2025-02-04 18:15:00
0.23775987,0.29360092,0.24847403,0.253268,high-flow,high-flow,high-flow,high-flow,2025-02-04 18:30:00
0.37065315,0.42556748,0.38176143,0.38514853,high-flow,high-flow,high-flow,high-flow,2025-02-04 18:45:00
0.49609318,0.5495676,0.50751126,0.5094503,high-flow,high-flow,high-flow,high-flow,2025-02-04 19:00:00
0.61217886,0.6636982,0.6237462,0.6242216,high-flow,high-flow,high-flow,high-flow,2025-02-04 19:15:00
0.7171487,0.7661859,0.72864044,0.7276617,high-flow,high-flow,high-flow,high-flow,2025-02-04 19:30:00
0.8094038,0.85541,0.8205471,0.81814855,high-flow,high-flow,high-flow,high-flow,2025-02-04 19:45:00
0.8875291,0.9299282,0.8980247,0.8942638,high-flow,high-flow,high-flow,high-flow,2025-02-04 20:00:00
0.9503144,0.98850507,0.9598598,0.9548159,high-flow,high-flow,high-flow,high-flow,2025-02-04 20:15:00
0.9967726,1.0301415,1.0050871,0.9988595,high-flow,high-flow,high-flow,high-flow,2025-02-04 20:30:00
1.0261568,1.0541024,1.0330058,1.0257114,high-flow,high-flow,high-flow,high-flow,2025-02-04 20:45:00
1.0379752,1.0599415,1.043192,1.0349628,high-flow,high-flow,high-flow,high-flow,2025-02-04 21:00:00
1.0320029,1.0475172,1.0355074,1.0264877,high-ebb,high-ebb,high-ebb,high-ebb,2025-02-04 21:15:00
1.0082914,1.0170008,1.0101025,1.0004467,high-ebb,high-ebb,high-ebb,high-ebb,2025-02-04 21:30:00
0.9671734,0.9688738,0.9674166,0.9572859,high-ebb,high-ebb,high-ebb,high-ebb,2025-02-04 21:45:00
0.90926415,0.90391636,0.90817195,0.89773166,high-ebb,high-ebb,high-ebb,high-ebb,2025-02-04 22:00:00
0.8354583,0.823189,0.8333634,0.82278025,high-ebb,high-ebb,high-ebb,high-ebb,2025-02-04 22:15:00
0.74692076,0.72800976,0.74424374,0.733683,high-ebb,high-ebb,high-ebb,high-ebb,2025-02-04 22:30:00
0.6450738,0.61992997,0.6423035,0.6319269,high-ebb,high-ebb,high-ebb,high-ebb,2025-02-04 22:45:00
0.5315772,0.5007113,0.52924776,0.51921076,high-ebb,high-ebb,high-ebb,high-ebb,2025-02-04 23:00:00
0.40830436,0.3723041,0.40696797,0.39741787,high-ebb,high-ebb,high-ebb,high-ebb,2025-02-04 23:15:00
0.2773124,0.23682658,0.27751058,0.2685847,high-ebb,high-ebb,high-ebb,high-ebb,2025-02-04 23:30:00
0.14080822,0.09654306,0.14304326,0.1348672,high-ebb,high-ebb,high-ebb,high-ebb,2025-02-04 23:45:00
0.0011101335,-0.04616224,0.005818054,-0.0014955944,high-ebb,low-ebb,high-ebb,low-ebb,2025-02-05 00:00:00
-0.13939364,-0.18881847,-0.13186646,-0.13821927,low-ebb,low-ebb,low-ebb,low-ebb,2025-02-05 00:15:00
-0.27828875,-0.32891053,-0.26770413,-0.27301273,low-ebb,low-ebb,low-ebb,low-ebb,2025-02-05 00:30:00
-0.4131799,-0.46393105,-0.39942032,-0.40361696,low-ebb,low-ebb,low-ebb,low-ebb,2025-02-05 00:45:00
-0.541736,-0.5914401,-0.5248102,-0.5278433,low-ebb,low-ebb,low-ebb,low-ebb,2025-02-05 01:00:00
-0.66173446,-0.7091293,-0.64177585,-0.64361006,low-ebb,low-ebb,low-ebb,low-ebb,2025-02-05 01:15:00
-0.7711033,-0.81488496,-0.74836105,-0.74897754,low-ebb,low-ebb,low-ebb,low-ebb,2025-02-05 01:30:00
-0.8679598,-0.906845,-0.8427837,-0.8421797,low-ebb,low-ebb,low-ebb,low-ebb,2025-02-05 01:45:00
-0.95064515,-0.9834439,-0.92346436,-0.9216533,low-ebb,low-ebb,low-ebb,low-ebb,2025-02-05 02:00:00
-1.0177538,-1.0434432,-0.9890517,-0.98606247,low-ebb,low-ebb,low-ebb,low-ebb,2025-02-05 02:15:00
-1.0681577,-1.0859444,-1.0384433,-1.03432,low-ebb,low-ebb,low-ebb,low-ebb,2025-02-05 02:30:00
-1.1010226,-1.1103871,-1.0708022,-1.0656033,low-ebb,low-ebb,low-ebb,low-ebb,2025-02-05 02:45:00
-1.1158204,-1.1165335,-1.0855685,-1.0793662,low-ebb,low-ebb,low-ebb,low-ebb,2025-02-05 03:00:00
-1.112333,-1.1044457,-1.0824666,-1.0753462,low-flow,low-flow,low-flow,low-flow,2025-02-05 03:15:00
-1.0906506,-1.0744588,-1.0615075,-1.0535665,low-flow,low-flow,low-flow,low-flow,2025-02-05 03:30:00
-1.0511638,-1.0271553,-1.0229863,-1.0143332,low-flow,low-flow,low-flow,low-flow,2025-02-05 03:45:00
-0.99455047,-0.963344,-0.96747595,-0.95822924,low-flow,low-flow,low-flow,low-flow,2025-02-05 04:00:00
-0.921758,-0.8840434,-0.89581543,-0.8861024,low-flow,low-flow,low-flow,low-flow,2025-02-05 04:15:00
-0.8339808,-0.79047,-0.80909526,-0.79905075,low-flow,low-flow,low-flow,low-flow,2025-02-05 04:30:00
-0.7326353,-0.68402874,-0.7086389,-0.6984039,low-flow,low-flow,low-flow,low-flow,2025-02-05 04:45:00
-0.619332,-0.5663025,-0.59598094,-0.5857011,low-flow,low-flow,low-flow,low-flow,2025-02-05 05:00:00
-0.49584624,-0.43903777,-0.47284263,-0.46266642,low-flow,low-flow,low-flow,low-flow,2025-02-05 05:15:00
-0.36408764,-0.30412537,-0.34110463,-0.33118182,low-flow,low-flow,low-flow,low-flow,2025-02-05 05:30:00
-0.22606957,-0.16357413,-0.2027783,-0.193258,low-flow,low-flow,low-flow,low-flow,2025-02-05 05:45:00
-0.08387861,-0.019479603,-0.059975065,-0.051003706,low-flow,low-flow,low-flow,low-flow,2025-02-05 06:00:00
0.06035538,0.12601085,0.085125335,0.09340601,high-flow,high-flow,high-flow,high-flow,2025-02-05 06:15:00
0.2044882,0.2707337,0.23030733,0.23776235,high-flow,high-flow,high-flow,high-flow,2025-02-05 06:30:00
0.34638932,0.4125432,0.37335232,0.37985566,high-flow,high-flow,high-flow,high-flow,2025-02-05 06:45:00
0.4839687,0.54934156,0.51207155,0.51750827,high-flow,high-flow,high-flow,high-flow,2025-02-05 07:00:00
0.6152025,0.6791051,0.64433837,0.64860684,high-flow,high-flow,high-flow,high-flow,2025-02-05 07:15:00
0.7381575,0.79990655,0.7681201,0.77113366,high-flow,high-flow,high-flow,high-flow,2025-02-05 07:30:00
0.85101527,0.90993524,0.8815081,0.88319737,high-flow,high-flow,high-flow,high-flow,2025-02-05 07:45:00
0.952094,1.0075171,0.9827467,0.983061,high-flow,high-flow,high-flow,high-flow,2025-02-05 08:00:00
1.0398709,1.0911361,1.07026,1.069169,high-flow,high-flow,high-flow,high-flow,2025-02-05 08:15:00
1.1130024,1.159458,1.1426762,1.1401713,high-flow,high-flow,high-flow,high-flow,2025-02-05 08:30:00
1.1703439,1.2113568,1.1988497,1.1949443,high-flow,high-flow,high-flow,high-flow,2025-02-05 08:45:00
1.2109675,1.2459401,1.2378787,1.2326097,high-flow,high-flow,high-flow,high-flow,2025-02-05 09:00:00
1.2341796,1.2625748,1.2591215,1.2525488,high-flow,high-flow,high-flow,high-flow,2025-02-05 09:15:00
1.2395338,1.2609062,1.2622072,1.2544135,high-flow,high-ebb,high-flow,high-flow,2025-02-05 09:30:00
1.2268436,1.2408701,1.2470429,1.2381333,high-ebb,high-ebb,high-ebb,high-ebb,2025-02-05 09:45:00
1.1961911,1.2026961,1.213817,1.2039176,high-ebb,high-ebb,high-ebb,high-ebb,2025-02-05 10:00:00
1.147932,1.1469024,1.1629978,1.1522542,high-ebb,high-ebb,high-ebb,high-ebb,2025-02-05 10:15:00
1.082697,1.0742822,1.0953274,1.0839026,high-ebb,high-ebb,high-ebb,high-ebb,2025-02-05 10:30:00
1.0013876,0.9858849,1.0118111,0.9998833,high-ebb,high-ebb,high-ebb,high-ebb,2025-02-05 10:45:00
0.90516835,0.88299567,0.91370326,0.9014627,high-ebb,high-ebb,high-ebb,high-ebb,2025-02-05 11:00:00
0.7954529,0.7671144,0.802487,0.790133,high-ebb,high-ebb,high-ebb,high-ebb,2025-02-05 11:15:00
0.67388517,0.6399372,0.67985195,0.6675895,high-ebb,high-ebb,high-ebb,high-ebb,2025-02-05 11:30:00
0.5423151,0.50334007,0.5476669,0.53570294,high-ebb,high-ebb,high-ebb,high-ebb,2025-02-05 11:45:00
0.4027697,0.35936257,0.40794995,0.3964896,high-ebb,high-ebb,high-ebb,high-ebb,2025-02-05 12:00:00
0.25741932,0.21019047,0.2628356,0.25207826,high-ebb,high-ebb,high-ebb,high-ebb,2025-02-05 12:15:00
0.10854038,0.058132347,0.11453986,0.10467553,high-ebb,high-ebb,high-ebb,high-ebb,2025-02-05 12:30:00
-0.0415252,-0.09441173,-0.034675892,-0.043470517,low-ebb,low-ebb,low-ebb,low-ebb,2025-02-05 12:45:00
-0.19041255,-0.24499154,-0.18254231,-0.19010729,low-ebb,low-ebb,low-ebb,low-ebb,2025-02-05 13:00:00
-0.33577758,-0.39115804,-0.32681915,-0.33301458,low-ebb,low-ebb,low-ebb,low-ebb,2025-02-05 13:15:00
-0.47534046,-0.5305225,-0.46533197,-0.47004092,low-ebb,low-ebb,low-ebb,low-ebb,2025-02-05 13:30:00
-0.60692817,-0.6608193,-0.59600747,-0.5991384,low-ebb,low-ebb,low-ebb,low-ebb,2025-02-05 13:45:00
-0.7285145,-0.77996695,-0.7169068,-0.71839565,low-ebb,low-ebb,low-ebb,low-ebb,2025-02-05 14:00:00
-0.83825684,-0.88612276,-0.82625633,-0.8260681,low-ebb,low-ebb,low-ebb,low-ebb,2025-02-05 14:15:00
-0.9345286,-0.9777242,-0.9224757,-0.92060506,low-ebb,low-ebb,low-ebb,low-ebb,2025-02-05 14:30:00
-1.0159467,-1.0535169,-1.0042015,-1.0006735,low-ebb,low-ebb,low-ebb,low-ebb,2025-02-05 14:45:00
-1.0813937,-1.1125649,-1.070308,-1.0651773,low-ebb,low-ebb,low-ebb,low-ebb,2025-02-05 15:00:00
-1.1300329,-1.1542485,-1.1199228,-1.1132733,low-ebb,low-ebb,low-ebb,low-ebb,2025-02-05 15:15:00
-1.1613183,-1.1782492,-1.1524388,-1.1443816,low-ebb,low-ebb,low-ebb,low-ebb,2025-02-05 15:30:00
-1.174998,-1.1845294,-1.1675209,-1.1581926,low-ebb,low-ebb,low-ebb,low-ebb,2025-02-05 15:45:00
-1.1711118,-1.1733098,-1.165109,-1.1546692,low-flow,low-flow,low-flow,low-flow,2025-02-05 16:00:00
-1.1499823,-1.1450481,-1.1454163,-1.1340439,low-flow,low-flow,low-flow,low-flow,2025-02-05 16:15:00
-1.1122026,-1.1004236,-1.108922,-1.0968127,low-flow,low-flow,low-flow,low-flow,2025-02-05 16:30:00
-1.0586183,-1.0403248,-1.056363,-1.0437247,low-flow,low-flow,low-flow,low-flow,2025-02-05 16:45:00
-0.99030626,-0.965841,-0.9887181,-0.9757675,low-flow,low-flow,low-flow,low-flow,2025-02-05 17:00:00
-0.90855116,-0.8782544,-0.9071917,-0.8941499,low-flow,low-flow,low-flow,low-flow,2025-02-05 17:15:00
-0.81481904,-0.77903014,-0.81319255,-0.800281,low-flow,low-flow,low-flow,low-flow,2025-02-05 17:30:00
-0.71073014,-0.6698009,-0.70831084,-0.695747,low-flow,low-flow,low-flow,low-flow,2025-02-05 17:45:00
-0.5980309,-0.55234534,-0.59429216,-0.5822858,low-flow,low-flow,low-flow,low-flow,2025-02-05 18:00:00
-0.47856563,-0.4285602,-0.4730101,-0.46175927,low-flow,low-flow,low-flow,low-flow,2025-02-05 18:15:00
-0.35424882,-0.30042678,-0.346437,-0.33612448,low-flow,low-flow,low-flow,low-flow,2025-02-05 18:30:00
-0.22703785,-0.16997522,-0.21661364,-0.2074039,low-flow,low-flow,low-flow,low-flow,2025-02-05 18:45:00
-0.09890674,-0.03924868,-0.085618176,-0.07765463,low-flow,low-flow,low-flow,low-flow,2025-02-05 19:00:00
0.028179271,0.08972976,0.044465188,0.051062465,high-flow,high-flow,high-flow,high-flow,2025-02-05 19:15:00
0.15228818,0.21498586,0.1715775,0.17671357,high-flow,high-flow,high-flow,high-flow,2025-02-05 19:30:00
0.2715447,0.33461845,0.29371598,0.29732227,high-flow,high-flow,high-flow,high-flow,2025-02-05 19:45:00
0.38415286,0.4468199,0.40896404,0.410999,high-flow,high-flow,high-flow,high-flow,2025-02-05 20:00:00
0.48841804,0.5498946,0.5155201,0.51596946,high-flow,high-flow,high-flow,high-flow,2025-02-05 20:15:00
0.5827681,0.64227724,0.611725,0.61060137,high-flow,high-flow,high-flow,high-flow,2025-02-05 20:30:00
0.6657738,0.72255313,0.69608706,0.6934291,high-flow,high-flow,high-flow,high-flow,2025-02-05 20:45:00
0.73616904,0.7894803,0.76730555,0.7631767,high-flow,high-flow,high-flow,high-flow,2025-02-05 21:00:00
0.79286915,0.84201366,0.8242906,0.8187773,high-flow,high-flow,high-flow,high-flow,2025-02-05 21:15:00
0.83498913,0.8793284,0.86618096,0.85939074,high-flow,high-flow,high-flow,high-flow,2025-02-05 21:30:00
0.86185974,0.90084195,0.89235795,0.88441694,high-flow,high-flow,high-flow,high-flow,2025-02-05 21:45:00
0.8730418,0.9062294,0.90245616,0.8935064,high-flow,high-flow,high-flow,high-flow,2025-02-05 22:00:00
0.8683383,0.89543235,0.89636993,0.8865669,high-ebb,high-ebb,high-ebb,high-ebb,2025-02-05 22:15:00
0.847803,0.8686594,0.87425625,0.8637656,high-ebb,high-ebb,high-ebb,high-ebb,2025-02-05 22:30:00
0.81174636,0.8263781,0.83653337,0.82552826,high-ebb,high-ebb,high-ebb,high-ebb,2025-02-05 22:45:00
0.76073676,0.76930153,0.7838749,0.772533,high-ebb,high-ebb,high-ebb,high-ebb,2025-02-05 23:00:00
0.6955973,0.69837075,0.71720034,0.70570076,high-ebb,high-ebb,high-ebb,high-ebb,2025-02-05 23:15:00
0.61739796,0.6147371,0.63766056,0.62618136,high-ebb,high-ebb,high-ebb,high-ebb,2025-02-05 23:30:00
0.5274429,0.5197457,0.54662013,0.5353356,high-ebb,high-ebb,high-ebb,high-ebb,2025-02-05 23:45:00
0.42725158,0.41492242,0.44563547,0.43471357,high-ebb,high-ebb,high-ebb,high-ebb,2025-02-06 00:00:00
0.3185362,0.30196217,0.33642966,0.32602987,high-ebb,high-ebb,high-ebb,high-ebb,2025-02-06 00:15:00
0.2031731,0.18271805,0.22086412,0.21113558,high-ebb,high-ebb,high-ebb,high-ebb,2025-02-06 00:30:00
0.083170645,0.059187215,0.100908086,0.09198765,high-ebb,high-ebb,high-ebb,high-ebb,2025-02-06 00:45:00
-0.039366964,-0.066509955,-0.021394307,-0.0293835,low-ebb,low-ebb,low-ebb,low-ebb,2025-02-06 01:00:00
-0.16227856,-0.19215979,-0.14395812,-0.15090789,low-ebb,low-ebb,low-ebb,low-ebb,2025-02-06 01:15:00
-0.28338686,-0.3154962,-0.26469254,-0.2705107,low-ebb,low-ebb,low-ebb,low-ebb,2025-02-06 01:30:00
-0.40054014,-0.43425187,-0.38153595,-0.3861471,low-ebb,low-ebb,low-ebb,low-ebb,2025-02-06 01:45:00
-0.51165366,-0.54621685,-0.4924905,-0.49583656,low-ebb,low-ebb,low-ebb,low-ebb,2025-02-06 02:00:00
-0.6147499,-0.6493002,-0.59565544,-0.597696,low-ebb,low-ebb,low-ebb,low-ebb,2025-02-06 02:15:00
-0.7079961,-0.74158925,-0.6892588,-0.6899713,low-ebb,low-ebb,low-ebb,low-ebb,2025-02-06 02:30:00
-0.7897386,-0.821401,-0.77168643,-0.7710662,low-ebb,low-ebb,low-ebb,low-ebb,2025-02-06 02:45:00
-0.85853314,-0.887321,-0.8415085,-0.8395685,low-ebb,low-ebb,low-ebb,low-ebb,2025-02-06 03:00:00
-0.91316956,-0.9382276,-0.89750254,-0.89427304,low-ebb,low-ebb,low-ebb,low-ebb,2025-02-06 03:15:00
-0.9526917,-0.9733007,-0.9386726,-0.93420076,low-ebb,low-ebb,low-ebb,low-ebb,2025-02-06 03:30:00
-0.97641087,-0.9920178,-0.9642647,-0.958614,low-ebb,low-ebb,low-ebb,low-ebb,2025-02-06 03:45:00
-0.9839139,-0.99414,-0.97377783,-0.96702725,low-ebb,low-ebb,low-ebb,low-ebb,2025-02-06 04:00:00
-0.97506493,-0.9796934,-0.96697104,-0.9592141,low-flow,low-flow,low-flow,low-flow,2025-02-06 04:15:00
-0.9500019,-0.9489494,-0.9438654,-0.9352096,low-flow,low-flow,low-flow,low-flow,2025-02-06 04:30:00
-0.90912765,-0.902408,-0.9047428,-0.89530796,low-flow,low-flow,low-flow,low-flow,2025-02-06 04:45:00
-0.85309654,-0.8407848,-0.85013944,-0.84005696,low-flow,low-flow,low-flow,low-flow,2025-02-06 05:00:00
-0.7827973,-0.765002,-0.7808365,-0.7702476,low-flow,low-flow,low-flow,low-flow,2025-02-06 05:15:00
-0.6993322,-0.67618155,-0.6978461,-0.68690044,low-flow,low-flow,low-flow,low-flow,2025-02-06 05:30:00
-0.6039945,-0.57563686,-0.60239446,-0.5912486,low-flow,low-flow,low-flow,low-flow,2025-02-06 05:45:00
-0.49824354,-0.46486175,-0.49590212,-0.48471746,low-flow,low-flow,low-flow,low-flow,2025-02-06 06:00:00
-0.3836792,-0.34551236,-0.37996086,-0.36890197,low-flow,low-flow,low-flow,low-flow,2025-02-06 06:15:00
-0.2620156,-0.21938291,-0.25630912,-0.24554147,low-flow,low-flow,low-flow,low-flow,2025-02-06 06:30:00
-0.13505496,-0.088374674,-0.12680489,-0.116492786,low-flow,low-flow,low-flow,low-flow,2025-02-06 06:45:00
-0.004661972,0.045539256,0.0066025006,0.016298223,low-flow,high-flow,high-flow,high-flow,2025-02-06 07:00:00
0.12726134,0.18035093,0.14190175,0.15082611,high-flow,high-flow,high-flow,high-flow,2025-02-06 07:15:00
0.25879994,0.31405318,0.2770497,0.28505594,high-flow,high-flow,high-flow,high-flow,2025-02-06 07:30:00
0.38804927,0.4446715,0.41000164,0.41695365,high-flow,high-flow,high-flow,high-flow,2025-02-06 07:45:00
0.5131379,0.57029104,0.53874165,0.5445163,high-flow,high-flow,high-flow,high-flow,2025-02-06 08:00:00
0.6322494,0.6890785,0.6613122,0.6658017,high-flow,high-flow,high-flow,high-flow,2025-02-06 08:15:00
0.7436442,0.79930043,0.7758433,0.77895725,high-flow,high-flow,high-flow,high-flow,2025-02-06 08:30:00
0.8456797,0.89933944,0.88058007,0.8822475,high-flow,high-flow,high-flow,high-flow,2025-02-06 08:45:00
0.93683165,0.9877108,0.9739088,0.97408,high-flow,high-flow,high-flow,high-flow,2025-02-06 09:00:00
1.0157135,1.0630807,1.0543815,1.0530297,high-flow,high-flow,high-flow,high-flow,2025-02-06 09:15:00
1.0810962,1.1242865,1.1207378,1.1178597,high-flow,high-flow,high-flow,high-flow,2025-02-06 09:30:00
1.1319273,1.1703584,1.1719247,1.167542,high-flow,high-flow,high-flow,high-flow,2025-02-06 09:45:00
1.1673483,1.2005405,1.2071127,1.2012721,high-flow,high-flow,high-flow,high-flow,2025-02-06 10:00:00
1.1867117,1.2143087,1.2257099,1.2184832,high-flow,high-flow,high-flow,high-flow,2025-02-06 10:15:00
1.1895952,1.2113832,1.227372,1.2188554,high-flow,high-ebb,high-flow,high-flow,2025-02-06 10:30:00
1.1758145,1.1917343,1.2120088,1.2023219,high-ebb,high-ebb,high-ebb,high-ebb,2025-02-06 10:45:00
1.1454324,1.1555799,1.1797868,1.1690714,high-ebb,high-ebb,high-ebb,high-ebb,2025-02-06 11:00:00
1.0987643,1.1033773,1.1311283,1.1195465,high-ebb,high-ebb,high-ebb,high-ebb,2025-02-06 11:15:00
1.0363812,1.0358101,1.0667063,1.0544376,high-ebb,high-ebb,high-ebb,high-ebb,2025-02-06 11:30:00
0.9591061,0.9537727,0.987435,0.9746742,high-ebb,high-ebb,high-ebb,high-ebb,2025-02-06 11:45:00
0.8680064,0.85835755,0.8944571,0.88141066,high-ebb,high-ebb,high-ebb,high-ebb,2025-02-06 12:00:00
0.764382,0.7508432,0.78912663,0.77600914,high-ebb,high-ebb,high-ebb,high-ebb,2025-02-06 12:15:00
0.649747,0.63268733,0.6729887,0.6600193,high-ebb,high-ebb,high-ebb,high-ebb,2025-02-06 12:30:00
0.52580714,0.50552016,0.5477553,0.5351536,high-ebb,high-ebb,high-ebb,high-ebb,2025-02-06 12:45:00
0.39443207,0.37113875,0.41527885,0.40326124,high-ebb,high-ebb,high-ebb,high-ebb,2025-02-06 13:00:00
0.25762388,0.23149545,0.27752286,0.26629794,high-ebb,high-ebb,high-ebb,high-ebb,2025-02-06 13:15:00
0.11748143,0.08867949,0.13653052,0.12629536,high-ebb,high-ebb,high-ebb,high-ebb,2025-02-06 13:30:00
-0.023837436,-0.055112794,-0.0056080576,-0.014671731,low-ebb,low-ebb,low-ebb,low-ebb,2025-02-06 13:45:00
-0.16415586,-0.19761896,-0.14678946,-0.15451893,low-ebb,low-ebb,low-ebb,low-ebb,2025-02-06 14:00:00
-0.30131847,-0.33656228,-0.28493097,-0.29118583,low-ebb,low-ebb,low-ebb,low-ebb,2025-02-06 14:15:00
-0.43323174,-0.46971065,-0.4180042,-0.4226691,low-ebb,low-ebb,low-ebb,low-ebb,2025-02-06 14:30:00
-0.5579027,-0.5949381,-0.5440676,-0.5470548,low-ebb,low-ebb,low-ebb,low-ebb,2025-02-06 14:45:00
-0.6734754,-0.71028286,-0.66129774,-0.66254896,low-ebb,low-ebb,low-ebb,low-ebb,2025-02-06 15:00:00
-0.7782639,-0.8139975,-0.768018,-0.7675055,low-ebb,low-ebb,low-ebb,low-ebb,2025-02-06 15:15:00
-0.8707811,-0.9045858,-0.8627248,-0.8604525,low-ebb,low-ebb,low-ebb,low-ebb,2025-02-06 15:30:00
-0.94976246,-0.9808255,-0.9441111,-0.9401141,low-ebb,low-ebb,low-ebb,low-ebb,2025-02-06 15:45:00
-1.014185,-1.0417773,-1.0110855,-1.00543,low-ebb,low-ebb,low-ebb,low-ebb,2025-02-06 16:00:00
-1.0632797,-1.086781,-1.0627887,-1.0555704,low-ebb,low-ebb,low-ebb,low-ebb,2025-02-06 16:15:00
-1.09654,-1.1154447,-1.0986047,-1.0899471,low-ebb,low-ebb,low-ebb,low-ebb,2025-02-06 16:30:00
-1.113722,-1.1276295,-1.1181687,-1.1082212,low-ebb,low-ebb,low-ebb,low-ebb,2025-02-06 16:45:00
-1.1148425,-1.1234351,-1.1213707,-1.110305,low-ebb,low-flow,low-ebb,low-ebb,2025-02-06 17:00:00
-1.1001701,-1.1031877,-1.1083542,-1.0963614,low-flow,low-flow,low-flow,low-flow,2025-02-06 17:15:00
-1.0702131,-1.0674318,-1.0795124,-1.0667993,low-flow,low-flow,low-flow,low-flow,2025-02-06 17:30:00
-1.0257031,-1.0169255,-1.0354782,-1.0222634,low-flow,low-flow,low-flow,low-flow,2025-02-06 17:45:00
-0.96757686,-0.9526345,-0.977113,-0.96362245,low-flow,low-flow,low-flow,low-flow,2025-02-06 18:00:00
-0.896955,-0.8757261,-0.9054903,-0.8919533,low-flow,low-flow,low-flow,low-flow,2025-02-06 18:15:00
-0.8151198,-0.7875557,-0.8218774,-0.80852216,low-flow,low-flow,low-flow,low-flow,2025-02-06 18:30:00
-0.72349167,-0.6896482,-0.727714,-0.71476346,low-flow,low-flow,low-flow,low-flow,2025-02-06 18:45:00
-0.623606,-0.58367103,-0.62458843,-0.6122563,low-flow,low-flow,low-flow,low-flow,2025-02-06 19:00:00
-0.51708955,-0.47140166,-0.5142124,-0.50269926,low-flow,low-flow,low-flow,low-flow,2025-02-06 19:15:00
-0.40563697,-0.35469085,-0.3983941,-0.38788402,low-flow,low-flow,low-flow,low-flow,2025-02-06 19:30:00
-0.29098874,-0.23542584,-0.27901012,-0.26966745,low-flow,low-flow,low-flow,low-flow,2025-02-06 19:45:00
-0.17490889,-0.11549544,-0.15797678,-0.14994363,low-flow,low-flow,low-flow,low-flow,2025-02-06 20:00:00
-0.05916366,0.0032402428,-0.037221383,-0.030615445,low-flow,high-flow,low-flow,low-flow,2025-02-06 20:15:00
0.05449928,0.118974596,0.08134682,0.086433925,high-flow,high-flow,high-flow,high-flow,2025-02-06 20:30:00
0.16437133,0.22997431,0.19586496,0.19936877,high-flow,high-flow,high-flow,high-flow,2025-02-06 20:45:00
0.26880318,0.33459562,0.30454427,0.30642802,high-flow,high-flow,high-flow,high-flow,2025-02-06 21:00:00
0.3662248,0.43129894,0.40569654,0.40595114,high-flow,high-flow,high-flow,high-flow,2025-02-06 21:15:00
0.45516557,0.5186643,0.49775925,0.4964029,high-flow,high-flow,high-flow,high-flow,2025-02-06 21:30:00
0.5342739,0.5954084,0.57931906,0.57639605,high-flow,high-flow,high-flow,high-flow,2025-02-06 21:45:00
0.60233706,0.6604036,0.6491328,0.6447124,high-flow,high-flow,high-flow,high-flow,2025-02-06 22:00:00
0.6583001,0.71269816,0.70614684,0.70032126,high-flow,high-flow,high-flow,high-flow,2025-02-06 22:15:00
0.70128447,0.7515352,0.74951327,0.74239546,high-flow,high-flow,high-flow,high-flow,2025-02-06 22:30:00
0.73060507,0.7763682,0.7786033,0.77032465,high-flow,high-flow,high-flow,high-flow,2025-02-06 22:45:00
0.7457858,0.7868719,0.79301775,0.7837253,high-flow,high-flow,high-flow,high-flow,2025-02-06 23:00:00
0.74657255,0.782945,0.7925941,0.7824479,high-flow,high-ebb,high-ebb,high-ebb,2025-02-06 23:15:00
0.7329438,0.7647077,0.77740973,0.7665798,high-ebb,high-ebb,high-ebb,high-ebb,2025-02-06 23:30:00
0.70511705,0.7324933,0.74778223,0.73644555,high-ebb,high-ebb,high-ebb,high-ebb,2025-02-06 23:45:00
0.66355205,0.6868368,0.70426506,0.69260275,high-ebb,high-ebb,high-ebb,high-ebb,2025-02-07 00:00:00
0.60894877,0.628464,0.6476401,0.6358345,high-ebb,high-ebb,high-ebb,high-ebb,2025-02-07 00:15:00
0.54224074,0.5582824,0.57890606,0.5671381,high-ebb,high-ebb,high-ebb,high-ebb,2025-02-07 00:30:00
0.46458378,0.47737584,0.4992634,0.4877098,high-ebb,high-ebb,high-ebb,high-ebb,2025-02-07 00:45:00
0.3773387,0.38700268,0.41009584,0.39892685,high-ebb,high-ebb,high-ebb,high-ebb,2025-02-07 01:00:00
0.2820498,0.28859487,0.3129483,0.30232552,high-ebb,high-ebb,high-ebb,high-ebb,2025-02-07 01:15:00
0.18041846,0.18375564,0.20950206,0.19957644,high-ebb,high-ebb,high-ebb,high-ebb,2025-02-07 01:30:00
0.074272305,0.07425077,0.10154762,0.09245769,high-ebb,high-ebb,high-ebb,high-ebb,2025-02-07 01:45:00
-0.03446862,-0.038008995,-0.009044921,-0.01717454,low-ebb,low-ebb,low-ebb,low-ebb,2025-02-07 02:00:00
-0.1438286,-0.15099783,-0.12035693,-0.12741676,low-ebb,low-ebb,low-ebb,low-ebb,2025-02-07 02:15:00
-0.25181457,-0.26261675,-0.23045327,-0.23635,low-ebb,low-ebb,low-ebb,low-ebb,2025-02-07 02:30:00
-0.35645506,-0.37074628,-0.3374148,-0.34207216,low-ebb,low-ebb,low-ebb,low-ebb,2025-02-07 02:45:00
-0.45583874,-0.47330585,-0.4393708,-0.44273,low-ebb,low-ebb,low-ebb,low-ebb,2025-02-07 03:00:00
-0.5481514,-0.56831473,-0.5345305,-0.5365508,low-ebb,low-ebb,low-ebb,low-ebb,2025-02-07 03:15:00
-0.6317106,-0.6539489,-0.6212132,-0.62187207,low-ebb,low-ebb,low-ebb,low-ebb,2025-02-07 03:30:00
-0.7049967,-0.72858906,-0.69787663,-0.69716966,low-ebb,low-ebb,low-ebb,low-ebb,2025-02-07 03:45:00
-0.7666803,-0.7908553,-0.76314265,-0.76108366,low-ebb,low-ebb,low-ebb,low-ebb,2025-02-07 04:00:00
-0.81564385,-0.83962804,-0.8158201,-0.8124406,low-ebb,low-ebb,low-ebb,low-ebb,2025-02-07 04:15:00
-0.85099965,-0.8740558,-0.854924,-0.85027295,low-ebb,low-ebb,low-ebb,low-ebb,2025-02-07 04:30:00
-0.87210083,-0.89355177,-0.87969184,-0.87383497,low-ebb,low-ebb,low-ebb,low-ebb,2025-02-07 04:45:00
-0.8785485,-0.8977844,-0.8895948,-0.88261396,low-ebb,low-ebb,low-ebb,low-ebb,2025-02-07 05:00:00
-0.87019235,-0.8866649,-0.884346,-0.8763383,low-flow,low-flow,low-flow,low-flow,2025-02-07 05:15:00
-0.8471272,-0.86033636,-0.86390394,-0.8549807,low-flow,low-flow,low-flow,low-flow,2025-02-07 05:30:00
-0.809685,-0.81916463,-0.82847196,-0.8187577,low-flow,low-flow,low-flow,low-flow,2025-02-07 05:45:00
-0.7584226,-0.7637336,-0.7784941,-0.76812506,low-flow,low-flow,low-flow,low-flow,2025-02-07 06:00:00
-0.69410676,-0.6948411,-0.71464634,-0.703769,low-flow,low-flow,low-flow,low-flow,2025-02-07 06:15:00
-0.6176962,-0.6134943,-0.6378249,-0.6265947,low-flow,low-flow,low-flow,low-flow,2025-02-07 06:30:00
-0.5303225,-0.52090126,-0.54913116,-0.5377103,low-flow,low-flow,low-flow,low-flow,2025-02-07 06:45:00
-0.43326873,-0.41845623,-0.44985318,-0.43840903,low-flow,low-flow,low-flow,low-flow,2025-02-07 07:00:00
-0.32794824,-0.30771723,-0.34144527,-0.33014804,low-flow,low-flow,low-flow,low-flow,2025-02-07 07:15:00
-0.21588285,-0.19037677,-0.22550482,-0.21452545,low-flow,low-flow,low-flow,low-flow,2025-02-07 07:30:00
-0.098681144,-0.06822662,-0.10374751,-0.093255356,low-flow,low-flow,low-flow,low-flow,2025-02-07 07:45:00
0.021982994,0.0568798,0.022018809,0.031858426,high-flow,high-flow,high-flow,high-flow,2025-02-07 08:00:00
0.14439122,0.18306457,0.14992136,0.15894966,high-flow,high-flow,high-flow,high-flow,2025-02-07 08:15:00
0.26680133,0.30845898,0.2780503,0.28611752,high-flow,high-flow,high-flow,high-flow,2025-02-07 08:30:00
0.38746732,0.43123212,0.4044869,0.4114549,high-flow,high-flow,high-flow,high-flow,2025-02-07 08:45:00
0.5046594,0.5496131,0.5273314,0.53307605,high-flow,high-flow,high-flow,high-flow,2025-02-07 09:00:00
0.6166838,0.66190886,0.644731,0.64914453,high-flow,high-flow,high-flow,high-flow,2025-02-07 09:15:00
0.7219023,0.76651794,0.75490636,0.75789976,high-flow,high-flow,high-flow,high-flow,2025-02-07 09:30:00
0.8187527,0.86194384,0.8561778,0.8576825,high-flow,high-flow,high-flow,high-flow,2025-02-07 09:45:00
0.9057685,0.9468087,0.9469898,0.94695973,high-flow,high-flow,high-flow,high-flow,2025-02-07 10:00:00
0.9815995,1.0198692,1.0259336,1.0243465,high-flow,high-flow,high-flow,high-flow,2025-02-07 10:15:00
1.0450317,1.0800344,1.091769,1.0886272,high-flow,high-flow,high-flow,high-flow,2025-02-07 10:30:00
1.0950072,1.126384,1.1434422,1.1387739,high-flow,high-flow,high-flow,high-flow,2025-02-07 10:45:00
1.130644,1.1581854,1.1801032,1.1739621,high-flow,high-flow,high-flow,high-flow,2025-02-07 11:00:00
1.1512532,1.1749071,1.201119,1.1935847,high-flow,high-flow,high-flow,high-flow,2025-02-07 11:15:00
1.1563563,1.1762272,1.2060845,1.1972613,high-flow,high-flow,high-flow,high-flow,2025-02-07 11:30:00
1.1456984,1.1620351,1.1948308,1.1848466,high-ebb,high-ebb,high-ebb,high-ebb,2025-02-07 11:45:00
1.1192597,1.1324284,1.1674286,1.1564333,high-ebb,high-ebb,high-ebb,high-ebb,2025-02-07 12:00:00
1.0772632,1.0877054,1.1241896,1.112353,high-ebb,high-ebb,high-ebb,high-ebb,2025-02-07 12:15:00
1.0201776,1.0283564,1.0656639,1.0531728,high-ebb,high-ebb,high-ebb,high-ebb,2025-02-07 12:30:00
0.9487162,0.9550577,0.992633,0.97968835,high-ebb,high-ebb,high-ebb,high-ebb,2025-02-07 12:45:00
0.8638312,0.8686663,0.9060997,0.8929135,high-ebb,high-ebb,high-ebb,high-ebb,2025-02-07 13:00:00
0.7667015,0.77022153,0.8072745,0.79406583,high-ebb,high-ebb,high-ebb,high-ebb,2025-02-07 13:15:00
0.65871674,0.66094786,0.6975581,0.68454915,high-ebb,high-ebb,high-ebb,high-ebb,2025-02-07 13:30:00
0.54145527,0.54225856,0.5785204,0.5659326,high-ebb,high-ebb,high-ebb,high-ebb,2025-02-07 13:45:00
0.41665804,0.4157565,0.4518768,0.43992656,high-ebb,high-ebb,high-ebb,high-ebb,2025-02-07 14:00:00
0.2861983,0.28322652,0.3194617,0.30835658,high-ebb,high-ebb,high-ebb,high-ebb,2025-02-07 14:15:00
0.15204754,0.1466177,0.1831998,0.17313418,high-ebb,high-ebb,high-ebb,high-ebb,2025-02-07 14:30:00
0.016239211,0.008012054,0.045075223,0.036226742,high-ebb,high-ebb,high-ebb,high-ebb,2025-02-07 14:45:00
-0.11916934,-0.13041943,-0.0929001,-0.10037411,low-ebb,low-ebb,low-ebb,low-ebb,2025-02-07 15:00:00
-0.2521354,-0.26647136,-0.22871903,-0.2346847,low-ebb,low-ebb,low-ebb,low-ebb,2025-02-07 15:15:00
-0.38066906,-0.39796472,-0.36041176,-0.36476135,low-ebb,low-ebb,low-ebb,low-ebb,2025-02-07 15:30:00
-0.50286967,-0.5228085,-0.4860778,-0.48873192,low-ebb,low-ebb,low-ebb,low-ebb,2025-02-07 15:45:00
-0.61696005,-0.6390564,-0.60391665,-0.6048259,low-ebb,low-ebb,low-ebb,low-ebb,2025-02-07 16:00:00
-0.72131735,-0.7449536,-0.71225685,-0.71140295,low-ebb,low-ebb,low-ebb,low-ebb,2025-02-07 16:15:00
-0.81449956,-0.8389714,-0.80958277,-0.8069788,low-ebb,low-ebb,low-ebb,low-ebb,2025-02-07 16:30:00
-0.8952676,-0.9198273,-0.8945581,-0.8902484,low-ebb,low-ebb,low-ebb,low-ebb,2025-02-07 16:45:00
-0.9626026,-0.9864938,-0.9660465,-0.960106,low-ebb,low-ebb,low-ebb,low-ebb,2025-02-07 17:00:00
-1.0157179,-1.0381972,-1.0231286,-1.0156611,low-ebb,low-ebb,low-ebb,low-ebb,2025-02-07 17:15:00
-1.0540653,-1.0744107,-1.065115,-1.0562512,low-ebb,low-ebb,low-ebb,low-ebb,2025-02-07 17:30:00
-1.077338,-1.0948478,-1.091555,-1.08145,low-ebb,low-ebb,low-ebb,low-ebb,2025-02-07 17:45:00
-1.0854666,-1.0994546,-1.1022419,-1.0910722,low-ebb,low-ebb,low-ebb,low-ebb,2025-02-07 18:00:00
-1.0786132,-1.0884064,-1.097213,-1.0851731,low-flow,low-flow,low-flow,low-flow,2025-02-07 18:15:00
-1.0571604,-1.062106,-1.0767473,-1.0640457,low-flow,low-flow,low-flow,low-flow,2025-02-07 18:30:00
-1.021698,-1.0211827,-1.0413574,-1.0282128,low-flow,low-flow,low-flow,low-flow,2025-02-07 18:45:00
-0.9730076,-0.9664878,-0.99177945,-0.97841644,low-flow,low-flow,low-flow,low-flow,2025-02-07 19:00:00
-0.91204494,-0.89908653,-0.9289587,-0.9156037,low-flow,low-flow,low-flow,low-flow,2025-02-07 19:15:00
-0.8399212,-0.82024115,-0.8540329,-0.8409096,low-flow,low-flow,low-flow,low-flow,2025-02-07 19:30:00
-0.7578839,-0.73138666,-0.7683121,-0.7556379,low-flow,low-flow,low-flow,low-flow,2025-02-07 19:45:00
-0.6672978,-0.6340997,-0.6732576,-0.66123915,low-flow,low-flow,low-flow,low-flow,2025-02-07 20:00:00
-0.56962466,-0.5300619,-0.57045776,-0.5592877,low-flow,low-flow,low-flow,low-flow,2025-02-07 20:15:00
-0.46640456,-0.42102197,-0.4616033,-0.45145708,low-flow,low-flow,low-flow,low-flow,2025-02-07 20:30:00
-0.3592363,-0.30875906,-0.34846112,-0.33949384,low-flow,low-flow,low-flow,low-flow,2025-02-07 20:45:00
-0.24975866,-0.1950508,-0.23284751,-0.22519176,low-flow,low-flow,low-flow,low-flow,2025-02-07 21:00:00
-0.13963124,-0.081646636,-0.11660117,-0.11036508,low-flow,low-flow,low-flow,low-flow,2025-02-07 21:15:00
-0.03051559,0.029752413,-0.0015561098,0.003178044,low-flow,high-flow,low-flow,high-flow,2025-02-07 21:30:00
0.07594415,0.13750938,0.110485174,0.11366179,high-flow,high-flow,high-flow,high-flow,2025-02-07 21:45:00
0.17814094,0.2400641,0.21777786,0.21936835,high-flow,high-flow,high-flow,high-flow,2025-02-07 22:00:00
0.274525,0.33594546,0.31866017,0.31866273,high-flow,high-flow,high-flow,high-flow,2025-02-07 22:15:00
0.3636243,0.42378488,0.41157746,0.4100165,high-flow,high-flow,high-flow,high-flow,2025-02-07 22:30:00
0.4440658,0.50233185,0.4951052,0.49203008,high-flow,high-flow,high-flow,high-flow,2025-02-07 22:45:00
0.51459646,0.57047147,0.56797,0.56345356,high-flow,high-flow,high-flow,high-flow,2025-02-07 23:00:00
0.5741043,0.6272419,0.62906885,0.6232055,high-flow,high-flow,high-flow,high-flow,2025-02-07 23:15:00
0.62163895,0.6718509,0.6774862,0.6703898,high-flow,high-flow,high-flow,high-flow,2025-02-07 23:30:00
0.6564309,0.7036877,0.71250856,0.7043099,high-flow,high-flow,high-flow,high-flow,2025-02-07 23:45:00
0.67790943,0.72233063,0.73363656,0.72448075,high-flow,high-flow,high-flow,high-flow,2025-02-08 00:00:00
0.6857176,0.7275487,0.7405937,0.7306374,high-flow,high-flow,high-flow,high-flow,2025-02-08 00:15:00
0.67972475,0.7192992,0.7333322,0.7227409,high-ebb,high-ebb,high-ebb,high-ebb,2025-02-08 00:30:00
0.66003513,0.6977221,0.7120357,0.7009809,high-ebb,high-ebb,high-ebb,high-ebb,2025-02-08 00:45:00
0.6269921,0.6631357,0.6771179,0.6657742,high-ebb,high-ebb,high-ebb,high-ebb,2025-02-08 01:00:00
0.581178,0.6160339,0.6292178,0.6177605,high-ebb,high-ebb,high-ebb,high-ebb,2025-02-08 01:15:00
0.5234086,0.5570879,0.56919134,0.55779356,high-ebb,high-ebb,high-ebb,high-ebb,2025-02-08 01:30:00
0.4547224,0.48715216,0.4980991,0.48692968,high-ebb,high-ebb,high-ebb,high-ebb,2025-02-08 01:45:00
0.37636483,0.4072725,0.4171907,0.4064118,high-ebb,high-ebb,high-ebb,high-ebb,2025-02-08 02:00:00
0.28976715,0.31869337,0.32788524,0.31765038,high-ebb,high-ebb,high-ebb,high-ebb,2025-02-08 02:15:00
0.19652082,0.2228603,0.23174898,0.22220126,high-ebb,high-ebb,high-ebb,high-ebb,2025-02-08 02:30:00
0.098347805,0.12141289,0.13046987,0.12174046,high-ebb,high-ebb,high-ebb,high-ebb,2025-02-08 02:45:00
-0.0029326552,0.016165577,0.025829788,0.018036475,low-ebb,high-ebb,high-ebb,high-ebb,2025-02-08 03:00:00
-0.10543961,-0.090925545,-0.0803254,-0.08707928,low-ebb,low-ebb,low-ebb,low-ebb,2025-02-08 03:15:00
-0.20726757,-0.19780907,-0.18611705,-0.19174357,low-ebb,low-ebb,low-ebb,low-ebb,2025-02-08 03:30:00
-0.3065241,-0.30239487,-0.2896659,-0.29409328,low-ebb,low-ebb,low-ebb,low-ebb,2025-02-08 03:45:00
-0.401367,-0.40261582,-0.38912442,-0.39229754,low-ebb,low-ebb,low-ebb,low-ebb,2025-02-08 04:00:00
-0.4900398,-0.49648964,-0.48270863,-0.48458937,low-ebb,low-ebb,low-ebb,low-ebb,2025-02-08 04:15:00
-0.57090473,-0.5821743,-0.5687289,-0.56929654,low-ebb,low-ebb,low-ebb,low-ebb,2025-02-08 04:30:00
-0.6424725,-0.65801364,-0.6456193,-0.64487034,low-ebb,low-ebb,low-ebb,low-ebb,2025-02-08 04:45:00
-0.70342803,-0.72256964,-0.711964,-0.70991224,low-ebb,low-ebb,low-ebb,low-ebb,2025-02-08 05:00:00
-0.75265163,-0.774642,-0.76652163,-0.7631979,low-ebb,low-ebb,low-ebb,low-ebb,2025-02-08 05:15:00
-0.78923523,-0.8132759,-0.80824596,-0.80369765,low-ebb,low-ebb,low-ebb,low-ebb,2025-02-08 05:30:00
-0.8124939,-0.83776194,-0.8363029,-0.8305936,low-ebb,low-ebb,low-ebb,low-ebb,2025-02-08 05:45:00
-0.82197225,-0.84763193,-0.8500837,-0.84329265,low-ebb,low-ebb,low-ebb,low-ebb,2025-02-08 06:00:00
-0.81744605,-0.84265345,-0.8492144,-0.84143555,low-flow,low-flow,low-flow,low-flow,2025-02-08 06:15:00
-0.7989199,-0.82282645,-0.83356047,-0.82490164,low-flow,low-flow,low-flow,low-flow,2025-02-08 06:30:00
-0.7666204,-0.78838193,-0.80322784,-0.7938096,low-flow,low-flow,low-flow,low-flow,2025-02-08 06:45:00
-0.7209865,-0.7397817,-0.7585597,-0.7485142,low-flow,low-flow,low-flow,low-flow,2025-02-08 07:00:00
-0.66265684,-0.6777176,-0.7001294,-0.6895989,low-flow,low-flow,low-flow,low-flow,2025-02-08 07:15:00
-0.59245527,-0.6031067,-0.62873006,-0.6178655,low-flow,low-flow,low-flow,low-flow,2025-02-08 07:30:00
-0.5113743,-0.5170796,-0.5453603,-0.53431946,low-flow,low-flow,low-flow,low-flow,2025-02-08 07:45:00
-0.42055795,-0.4209617,-0.45120794,-0.44015348,low-flow,low-flow,low-flow,low-flow,2025-02-08 08:00:00
-0.32128376,-0.3162457,-0.3476301,-0.33672765,low-flow,low-flow,low-flow,low-flow,2025-02-08 08:15:00
-0.21494457,-0.20455736,-0.23613206,-0.22554792,low-flow,low-flow,low-flow,low-flow,2025-02-08 08:30:00
-0.10302995,-0.08761783,-0.11834378,-0.10824264,low-flow,low-flow,low-flow,low-flow,2025-02-08 08:45:00
0.012892061,0.03279495,0.004004713,0.0134622445,high-flow,high-flow,high-flow,high-flow,2025-02-08 09:00:00
0.13119343,0.15488207,0.12910905,0.1377689,high-flow,high-flow,high-flow,high-flow,2025-02-08 09:15:00
0.25020462,0.27685425,0.2551169,0.26283407,high-flow,high-flow,high-flow,high-flow,2025-02-08 09:30:00
0.36823335,0.3969562,0.38015476,0.38679576,high-flow,high-flow,high-flow,high-flow,2025-02-08 09:45:00
0.4835837,0.51348484,0.50235456,0.50780004,high-flow,high-flow,high-flow,high-flow,2025-02-08 10:00:00
0.5945757,0.62480307,0.6198805,0.62402743,high-flow,high-flow,high-flow,high-flow,2025-02-08 10:15:00
0.69956577,0.7293513,0.730955,0.7337188,high-flow,high-flow,high-flow,high-flow,2025-02-08 10:30:00
0.7969675,0.8256589,0.83388406,0.83520067,high-flow,high-flow,high-flow,high-flow,2025-02-08 10:45:00
0.8852735,0.91235733,0.92708164,0.9269091,high-flow,high-flow,high-flow,high-flow,2025-02-08 11:00:00
0.96307766,0.9881952,1.0090928,1.0074128,high-flow,high-flow,high-flow,high-flow,2025-02-08 11:15:00
1.0290974,1.0520554,1.0786154,1.075434,high-flow,high-flow,high-flow,high-flow,2025-02-08 11:30:00
1.0821962,1.1029721,1.1345202,1.1298685,high-flow,high-flow,high-flow,high-flow,2025-02-08 11:45:00
1.1214056,1.1401458,1.1758683,1.1698028,high-flow,high-flow,high-flow,high-flow,2025-02-08 12:00:00
1.1459451,1.1629541,1.2019271,1.1945289,high-flow,high-flow,high-flow,high-flow,2025-02-08 12:15:00
1.1552417,1.170959,1.2121834,1.203558,high-flow,high-flow,high-flow,high-flow,2025-02-08 12:30:00
1.1489459,1.1639082,1.2063532,1.1966286,high-ebb,high-ebb,high-ebb,high-ebb,2025-02-08 12:45:00
1.1269445,1.1417334,1.1843892,1.1737143,high-ebb,high-ebb,high-ebb,high-ebb,2025-02-08 13:00:00
1.0893699,1.1045477,1.1464838,1.1350265,high-ebb,high-ebb,high-ebb,high-ebb,2025-02-08 13:15:00
1.0366045,1.0526445,1.0930698,1.0810137,high-ebb,high-ebb,high-ebb,high-ebb,2025-02-08 13:30:00
0.9692811,0.98649925,1.0248162,1.0123581,high-ebb,high-ebb,high-ebb,high-ebb,2025-02-08 13:45:00
0.88827646,0.9067769,0.9426206,0.92996705,high-ebb,high-ebb,high-ebb,high-ebb,2025-02-08 14:00:00
0.794701,0.81434184,0.8475983,0.8349615,high-ebb,high-ebb,high-ebb,high-ebb,2025-02-08 14:15:00
0.689882,0.7102699,0.7410662,0.72866046,high-ebb,high-ebb,high-ebb,high-ebb,2025-02-08 14:30:00
0.5753423,0.5958583,0.62452424,0.61256206,high-ebb,high-ebb,high-ebb,high-ebb,2025-02-08 14:45:00
0.45277387,0.4726279,0.4996325,0.4883205,high-ebb,high-ebb,high-ebb,high-ebb,2025-02-08 15:00:00
0.32400766,0.3423154,0.36818603,0.3577209,high-ebb,high-ebb,high-ebb,high-ebb,2025-02-08 15:15:00
0.19097948,0.20685132,0.23208599,0.22265081,high-ebb,high-ebb,high-ebb,high-ebb,2025-02-08 15:30:00
0.055694036,0.068323374,0.093309306,0.08506991,high-ebb,high-ebb,high-ebb,high-ebb,2025-02-08 15:45:00
-0.07981286,-0.07107331,-0.046123657,-0.053021956,low-ebb,low-ebb,low-ebb,low-ebb,2025-02-08 16:00:00
-0.21351247,-0.20909573,-0.18418236,-0.18961763,low-ebb,low-ebb,low-ebb,low-ebb,2025-02-08 16:15:00
-0.34342057,-0.34351695,-0.31885967,-0.32273585,low-ebb,low-ebb,low-ebb,low-ebb,2025-02-08 16:30:00
-0.46763346,-0.47218847,-0.44820517,-0.4504539,low-ebb,low-ebb,low-ebb,low-ebb,2025-02-08 16:45:00
-0.5843614,-0.5930962,-0.57035744,-0.57093954,low-ebb,low-ebb,low-ebb,low-ebb,2025-02-08 17:00:00
-0.6919585,-0.7044052,-0.68357456,-0.68248075,low-ebb,low-ebb,low-ebb,low-ebb,2025-02-08 17:15:00
-0.78894913,-0.8044919,-0.78626233,-0.78351337,low-ebb,low-ebb,low-ebb,low-ebb,2025-02-08 17:30:00
-0.8740493,-0.8919635,-0.8769998,-0.87264615,low-ebb,low-ebb,low-ebb,low-ebb,2025-02-08 17:45:00
-0.94618374,-0.96566767,-0.9545613,-0.94868195,low-ebb,low-ebb,low-ebb,low-ebb,2025-02-08 18:00:00
-1.004498,-1.0246947,-1.0179348,-1.0106359,low-ebb,low-ebb,low-ebb,low-ebb,2025-02-08 18:15:00
-1.0483656,-1.0683763,-1.0663362,-1.0577484,low-ebb,low-ebb,low-ebb,low-ebb,2025-02-08 18:30:00
-1.0773908,-1.0962851,-1.0992198,-1.0894964,low-ebb,low-ebb,low-ebb,low-ebb,2025-02-08 18:45:00
-1.0914075,-1.1082346,-1.1162841,-1.1055971,low-ebb,low-ebb,low-ebb,low-ebb,2025-02-08 19:00:00
-1.0904738,-1.1042823,-1.1174734,-1.1060108,low-flow,low-flow,low-ebb,low-ebb,2025-02-08 19:15:00
-1.0748636,-1.0847305,-1.102976,-1.0909375,low-flow,low-flow,low-flow,low-flow,2025-02-08 19:30:00
-1.0450557,-1.0501281,-1.0732172,-1.060811,low-flow,low-flow,low-flow,low-flow,2025-02-08 19:45:00
-1.0017214,-1.0012641,-1.0288504,-1.0162886,low-flow,low-flow,low-flow,low-flow,2025-02-08 20:00:00
-0.94570917,-0.9391552,-0.97074336,-0.95823807,low-flow,low-flow,low-flow,low-flow,2025-02-08 20:15:00
-0.87802947,-0.86502486,-0.8999622,-0.88772184,low-flow,low-flow,low-flow,low-flow,2025-02-08 20:30:00
-0.79983836,-0.7802732,-0.817753,-0.80597836,low-flow,low-flow,low-flow,low-flow,2025-02-08 20:45:00
-0.7124208,-0.686442,-0.7255211,-0.7144017,low-flow,low-flow,low-flow,low-flow,2025-02-08 21:00:00
-0.61717343,-0.58517575,-0.6248081,-0.6145192,low-flow,low-flow,low-flow,low-flow,2025-02-08 21:15:00
-0.5155871,-0.47818345,-0.51726836,-0.50796795,low-flow,low-flow,low-flow,low-flow,2025-02-08 21:30:00
-0.40922946,-0.367204,-0.40464392,-0.39647007,low-flow,low-flow,low-flow,low-flow,2025-02-08 21:45:00
-0.29972678,-0.25397754,-0.2887384,-0.28180757,low-flow,low-flow,low-flow,low-flow,2025-02-08 22:00:00
-0.18874529,-0.14022276,-0.17139105,-0.16579632,low-flow,low-flow,low-flow,low-flow,2025-02-08 22:15:00
-0.077971846,-0.027620435,-0.054450195,-0.050260343,low-flow,low-flow,low-flow,low-flow,2025-02-08 22:30:00
0.030906197,0.082199454,0.060253166,0.06299424,high-flow,high-flow,high-flow,high-flow,2025-02-08 22:45:00
0.1362222,0.18766879,0.1709314,0.17220475,high-flow,high-flow,high-flow,high-flow,2025-02-08 23:00:00
0.23635235,0.28729317,0.27586582,0.275677,high-flow,high-flow,high-flow,high-flow,2025-02-08 23:15:00
0.32973865,0.37966552,0.37343153,0.37180978,high-flow,high-flow,high-flow,high-flow,2025-02-08 23:30:00
0.41491255,0.4634824,0.4621212,0.4591182,high-flow,high-flow,high-flow,high-flow,2025-02-08 23:45:00
0.49051917,0.53756124,0.5405675,0.53625584,high-flow,high-flow,high-flow,high-flow,2025-02-09 00:00:00
0.55534106,0.6008577,0.6075645,0.6020356,high-flow,high-flow,high-flow,high-flow,2025-02-09 00:15:00
0.60832167,0.65248054,0.66208637,0.65544844,high-flow,high-flow,high-flow,high-flow,2025-02-09 00:30:00
0.64858747,0.6917029,0.70330447,0.69568044,high-flow,high-flow,high-flow,high-flow,2025-02-09 00:45:00
0.67546797,0.7179688,0.7306023,0.7221271,high-flow,high-flow,high-flow,high-flow,2025-02-09 01:00:00
0.68851316,0.73089594,0.7435869,0.73440474,high-flow,high-flow,high-flow,high-flow,2025-02-09 01:15:00
0.6875075,0.73027575,0.74209726,0.7323597,high-ebb,high-ebb,high-ebb,high-ebb,2025-02-09 01:30:00
0.67247987,0.7160737,0.72621,0.7160729,high-ebb,high-ebb,high-ebb,high-ebb,2025-02-09 01:45:00
0.6437086,0.6884322,0.69624054,0.6858618,high-ebb,high-ebb,high-ebb,high-ebb,2025-02-09 02:00:00
0.60172164,0.64767736,0.6527407,0.642278,high-ebb,high-ebb,high-ebb,high-ebb,2025-02-09 02:15:00
0.5472914,0.5943304,0.5964923,0.5861008,high-ebb,high-ebb,high-ebb,high-ebb,2025-02-09 02:30:00
0.48142338,0.529122,0.52849644,0.5183269,high-ebb,high-ebb,high-ebb,high-ebb,2025-02-09 02:45:00
0.40533987,0.4530071,0.44995916,0.44015577,high-ebb,high-ebb,high-ebb,high-ebb,2025-02-09 03:00:00
0.3204584,0.3671756,0.3622725,0.35297155,high-ebb,high-ebb,high-ebb,high-ebb,2025-02-09 03:15:00
0.22836512,0.27305418,0.26699236,0.25832066,high-ebb,high-ebb,high-ebb,high-ebb,2025-02-09 03:30:00
0.13078433,0.17229597,0.16581286,0.15788636,high-ebb,high-ebb,high-ebb,high-ebb,2025-02-09 03:45:00
0.029544573,0.06675522,0.060537625,0.053460453,high-ebb,high-ebb,high-ebb,high-ebb,2025-02-09 04:00:00
-0.07345764,-0.04155307,-0.04695113,-0.053087614,low-ebb,low-ebb,low-ebb,low-ebb,2025-02-09 04:15:00
-0.17629544,-0.15050647,-0.15472534,-0.15984331,low-ebb,low-ebb,low-ebb,low-ebb,2025-02-09 04:30:00
-0.27704957,-0.25793713,-0.26084498,-0.26488072,low-ebb,low-ebb,low-ebb,low-ebb,2025-02-09 04:45:00
-0.37384564,-0.36169693,-0.3633923,-0.36629668,low-ebb,low-ebb,low-ebb,low-ebb,2025-02-09 05:00:00
-0.46488976,-0.45971996,-0.46050566,-0.46224442,low-ebb,low-ebb,low-ebb,low-ebb,2025-02-09 05:15:00
-0.5485014,-0.550077,-0.55041254,-0.5509665,low-ebb,low-ebb,low-ebb,low-ebb,2025-02-09 05:30:00
-0.623143,-0.63101894,-0.6314603,-0.6308256,low-ebb,low-ebb,low-ebb,low-ebb,2025-02-09 05:45:00
-0.68744576,-0.70100677,-0.7021452,-0.70033294,low-ebb,low-ebb,low-ebb,low-ebb,2025-02-09 06:00:00
-0.7402307,-0.75873053,-0.7611379,-0.75817436,low-ebb,low-ebb,low-ebb,low-ebb,2025-02-09 06:15:00
-0.7805251,-0.80311817,-0.8073056,-0.8032318,low-ebb,low-ebb,low-ebb,low-ebb,2025-02-09 06:30:00
-0.8075744,-0.8333387,-0.83973044,-0.834602,low-ebb,low-ebb,low-ebb,low-ebb,2025-02-09 06:45:00
-0.8208493,-0.848803,-0.857724,-0.8516105,low-ebb,low-ebb,low-ebb,low-ebb,2025-02-09 07:00:00
-0.8200484,-0.849165,-0.86083704,-0.8538215,low-flow,low-ebb,low-ebb,low-ebb,2025-02-09 07:15:00
-0.80509686,-0.83432406,-0.8488652,-0.8410435,low-flow,low-flow,low-flow,low-flow,2025-02-09 07:30:00
-0.7761415,-0.8044283,-0.82185054,-0.81333023,low-flow,low-flow,low-flow,low-flow,2025-02-09 07:45:00
-0.73354286,-0.75987715,-0.7800785,-0.7709781,low-flow,low-flow,low-flow,low-flow,2025-02-09 08:00:00
-0.67786443,-0.70132035,-0.7240715,-0.7145193,low-flow,low-flow,low-flow,low-flow,2025-02-09 08:15:00
-0.6098606,-0.6296501,-0.6545788,-0.64471126,low-flow,low-flow,low-flow,low-flow,2025-02-09 08:30:00
-0.5304624,-0.54598576,-0.57256275,-0.5625231,low-flow,low-flow,low-flow,low-flow,2025-02-09 08:45:00
-0.44076222,-0.4516488,-0.47918266,-0.46911913,low-flow,low-flow,low-flow,low-flow,2025-02-09 09:00:00
-0.34199837,-0.3481308,-0.3757756,-0.36583963,low-flow,low-flow,low-flow,low-flow,2025-02-09 09:15:00
-0.23553814,-0.23705561,-0.26383582,-0.25417992,low-flow,low-flow,low-flow,low-flow,2025-02-09 09:30:00
-0.12286099,-0.12013998,-0.14499164,-0.13576727,low-flow,low-flow,low-flow,low-flow,2025-02-09 09:45:00
-0.0055411537,0.00084452727,-0.020981569,-0.012336849,low-flow,high-flow,low-flow,low-flow,2025-02-09 10:00:00
0.114770435,0.12410486,0.10637101,0.11429369,high-flow,high-flow,high-flow,high-flow,2025-02-09 10:15:00
0.23636472,0.24785359,0.23518379,0.24225016,high-flow,high-flow,high-flow,high-flow,2025-02-09 10:30:00
0.35749394,0.37032953,0.36354208,0.36962837,high-flow,high-flow,high-flow,high-flow,2025-02-09 10:45:00
0.47639203,0.48981282,0.48952556,0.49452084,high-flow,high-flow,high-flow,high-flow,2025-02-09 11:00:00
0.59129614,0.6046369,0.6112351,0.6150436,high-flow,high-flow,high-flow,high-flow,2025-02-09 11:15:00
0.700469,0.7131994,0.72681934,0.72936237,high-flow,high-flow,high-flow,high-flow,2025-02-09 11:30:00
0.80222297,0.81397414,0.83450127,0.8357192,high-flow,high-flow,high-flow,high-flow,2025-02-09 11:45:00
0.8949443,0.9055257,0.9326034,0.9324574,high-flow,high-flow,high-flow,high-flow,2025-02-09 12:00:00
0.97711873,0.986526,1.019573,1.018046,high-flow,high-flow,high-flow,high-flow,2025-02-09 12:15:00
1.0473568,1.0557721,1.0940055,1.0911033,high-flow,high-flow,high-flow,high-flow,2025-02-09 12:30:00
1.1044198,1.1122031,1.1546667,1.1504185,high-flow,high-flow,high-flow,high-flow,2025-02-09 12:45:00
1.147244,1.1549156,1.200513,1.1949717,high-flow,high-flow,high-flow,high-flow,2025-02-09 13:00:00
1.1749637,1.1831735,1.23071,1.2239516,high-flow,high-flow,high-flow,high-flow,2025-02-09 13:15:00
1.1869327,1.1964155,1.2446482,1.2367707,high-flow,high-flow,high-flow,high-flow,2025-02-09 13:30:00
1.1827414,1.1942581,1.2419554,1.2330781,high-ebb,high-ebb,high-ebb,high-ebb,2025-02-09 13:45:00
1.1622317,1.1764976,1.2225063,1.212768,high-ebb,high-ebb,high-ebb,high-ebb,2025-02-09 14:00:00
1.1255059,1.1431134,1.186429,1.1759852,high-ebb,high-ebb,high-ebb,high-ebb,2025-02-09 14:15:00
1.0729325,1.094274,1.1341062,1.1231273,high-ebb,high-ebb,high-ebb,high-ebb,2025-02-09 14:30:00
1.0051444,1.0303487,1.0661733,1.0548414,high-ebb,high-ebb,high-ebb,high-ebb,2025-02-09 14:45:00
0.9230328,0.95192105,0.98351216,0.97201735,high-ebb,high-ebb,high-ebb,high-ebb,2025-02-09 15:00:00
0.82773566,0.85980755,0.88723946,0.87577695,high-ebb,high-ebb,high-ebb,high-ebb,2025-02-09 15:15:00
0.72061896,0.7550728,0.7786917,0.76745814,high-ebb,high-ebb,high-ebb,high-ebb,2025-02-09 15:30:00
0.6032539,0.63903946,0.6594055,0.6485949,high-ebb,high-ebb,high-ebb,high-ebb,2025-02-09 15:45:00
0.47738886,0.5132883,0.53109413,0.5208944,high-ebb,high-ebb,high-ebb,high-ebb,2025-02-09 16:00:00
0.3449174,0.37964347,0.3956198,0.38620913,high-ebb,high-ebb,high-ebb,high-ebb,2025-02-09 16:15:00
0.20784251,0.24014263,0.25496396,0.24650705,high-ebb,high-ebb,high-ebb,high-ebb,2025-02-09 16:30:00
0.06823929,0.09699159,0.111193955,0.10383903,high-ebb,high-ebb,high-ebb,high-ebb,2025-02-09 16:45:00
-0.0717843,-0.047493394,-0.033571485,-0.03969572,low-ebb,low-ebb,low-ebb,low-ebb,2025-02-09 17:00:00
-0.21012649,-0.19095092,-0.17719811,-0.18198502,low-ebb,low-ebb,low-ebb,low-ebb,2025-02-09 17:15:00
-0.3447301,-0.33104149,-0.3175724,-0.3209395,low-ebb,low-ebb,low-ebb,low-ebb,2025-02-09 17:30:00
-0.47361913,-0.4655106,-0.4526373,-0.4545279,low-ebb,low-ebb,low-ebb,low-ebb,2025-02-09 17:45:00
-0.59493256,-0.592243,-0.58042675,-0.5808111,low-ebb,low-ebb,low-ebb,low-ebb,2025-02-09 18:00:00
-0.70695466,-0.70930505,-0.69909847,-0.6979741,low-ebb,low-ebb,low-ebb,low-ebb,2025-02-09 18:15:00
-0.8081415,-0.81497467,-0.8069639,-0.8043557,low-ebb,low-ebb,low-ebb,low-ebb,2025-02-09 18:30:00
-0.8971428,-0.90775985,-0.9025152,-0.89847475,low-ebb,low-ebb,low-ebb,low-ebb,2025-02-09 18:45:00
-0.9728192,-0.9864091,-0.98444813,-0.9790528,low-ebb,low-ebb,low-ebb,low-ebb,2025-02-09 19:00:00
-1.0342546,-1.0499167,-1.0516819,-1.0450326,low-ebb,low-ebb,low-ebb,low-ebb,2025-02-09 19:15:00
-1.0807639,-1.0975263,-1.1033733,-1.0955931,low-ebb,low-ebb,low-ebb,low-ebb,2025-02-09 19:30:00
-1.1118975,-1.1287354,-1.1389278,-1.1301587,low-ebb,low-ebb,low-ebb,low-ebb,2025-02-09 19:45:00
-1.1274391,-1.1433003,-1.1580052,-1.1484054,low-ebb,low-ebb,low-ebb,low-ebb,2025-02-09 20:00:00
-1.1274036,-1.1412421,-1.1605216,-1.1502622,low-flow,low-flow,low-ebb,low-ebb,2025-02-09 20:15:00
-1.112029,-1.1228495,-1.1466465,-1.1359084,low-flow,low-flow,low-flow,low-flow,2025-02-09 20:30:00
-1.0817666,-1.0886772,-1.1167967,-1.1057664,low-flow,low-flow,low-flow,low-flow,2025-02-09 20:45:00
-1.0372707,-1.0395375,-1.071626,-1.0604925,low-flow,low-flow,low-flow,low-flow,2025-02-09 21:00:00
-0.9793846,-0.97648174,-1.0120121,-1.0009631,low-flow,low-flow,low-flow,low-flow,2025-02-09 21:15:00
-0.9091264,-0.9007733,-0.9390403,-0.92825884,low-flow,low-flow,low-flow,low-flow,2025-02-09 21:30:00
-0.8276739,-0.813854,-0.8539851,-0.8436459,low-flow,low-flow,low-flow,low-flow,2025-02-09 21:45:00
-0.7363485,-0.7173047,-0.7582888,-0.7485556,low-flow,low-flow,low-flow,low-flow,2025-02-09 22:00:00
-0.63659847,-0.6128064,-0.65353966,-0.6445623,low-flow,low-flow,low-flow,low-flow,2025-02-09 22:15:00
-0.52998143,-0.50210243,-0.5414476,-0.5333597,low-flow,low-flow,low-flow,low-flow,2025-02-09 22:30:00
-0.41814604,-0.38696697,-0.42381895,-0.41673592,low-flow,low-flow,low-flow,low-flow,2025-02-09 22:45:00
-0.30281287,-0.26917964,-0.30253083,-0.29654825,low-flow,low-flow,low-flow,low-flow,2025-02-09 23:00:00
-0.18575409,-0.15050612,-0.17950413,-0.17469676,low-flow,low-flow,low-flow,low-flow,2025-02-09 23:15:00
-0.06877183,-0.032683883,-0.05667671,-0.05309775,low-flow,low-flow,low-flow,low-flow,2025-02-09 23:30:00
0.04632449,0.08258968,0.06402404,0.0663431,high-flow,high-flow,high-flow,high-flow,2025-02-09 23:45:00
0.15774232,0.1936691,0.18070842,0.18175764,high-flow,high-flow,high-flow,high-flow,2025-02-10 00:00:00
0.26373136,0.29897428,0.2915516,0.29134193,high-flow,high-flow,high-flow,high-flow,2025-02-10 00:15:00
0.3626098,0.3970066,0.39482015,0.39338255,high-flow,high-flow,high-flow,high-flow,2025-02-10 00:30:00
0.4527915,0.48636714,0.4888982,0.4862822,high-flow,high-flow,high-flow,high-flow,2025-02-10 00:45:00
0.53281325,0.5657756,0.57231206,0.5685844,high-flow,high-flow,high-flow,high-flow,2025-02-10 01:00:00
0.60136163,0.63408834,0.6437542,0.63899684,high-flow,high-flow,high-flow,high-flow,2025-02-10 01:15:00
0.6572992,0.6903134,0.7021045,0.6964128,high-flow,high-flow,high-flow,high-flow,2025-02-10 01:30:00
0.6996885,0.73362184,0.74645054,0.7399311,high-flow,high-flow,high-flow,high-flow,2025-02-10 01:45:00
0.72781396,0.7633551,0.7761039,0.76887256,high-flow,high-flow,high-flow,high-flow,2025-02-10 02:00:00
0.74120015,0.77902937,0.7906149,0.7827945,high-flow,high-flow,high-flow,high-flow,2025-02-10 02:15:00
0.7396263,0.7803404,0.7897827,0.7815008,high-ebb,high-flow,high-ebb,high-ebb,2025-02-10 02:30:00
0.72313595,0.76716894,0.773662,0.7650493,high-ebb,high-ebb,high-ebb,high-ebb,2025-02-10 02:45:00
0.6920412,0.7395908,0.7425658,0.7337536,high-ebb,high-ebb,high-ebb,high-ebb,2025-02-10 03:00:00
0.64692146,0.69789106,0.6970633,0.68818206,high-ebb,high-ebb,high-ebb,high-ebb,2025-02-10 03:15:00
0.5886164,0.64258146,0.6379732,0.62915075,high-ebb,high-ebb,high-ebb,high-ebb,2025-02-10 03:30:00
0.5182123,0.57441986,0.56635255,0.5577125,high-ebb,high-ebb,high-ebb,high-ebb,2025-02-10 03:45:00
0.4370239,0.49442536,0.4834807,0.47514117,high-ebb,high-ebb,high-ebb,high-ebb,2025-02-10 04:00:00
0.3465695,0.4038869,0.3908389,0.38291126,high-ebb,high-ebb,high-ebb,high-ebb,2025-02-10 04:15:00
0.24854214,0.3043591,0.29008552,0.2826735,high-ebb,high-ebb,high-ebb,high-ebb,2025-02-10 04:30:00
0.14477642,0.19764338,0.18302794,0.1762265,high-ebb,high-ebb,high-ebb,high-ebb,2025-02-10 04:45:00
0.037212256,0.085752614,0.07159071,0.06548546,high-ebb,high-ebb,high-ebb,high-ebb,2025-02-10 05:00:00
-0.07214359,-0.029138945,-0.042218454,-0.047551896,low-ebb,low-ebb,low-ebb,low-ebb,2025-02-10 05:15:00
-0.18125701,-0.14475724,-0.1563446,-0.16084115,low-ebb,low-ebb,low-ebb,low-ebb,2025-02-10 05:30:00
-0.2881061,-0.258796,-0.26872247,-0.27232802,low-ebb,low-ebb,low-ebb,low-ebb,2025-02-10 05:45:00
-0.39071983,-0.3689845,-0.3773138,-0.37998548,low-ebb,low-ebb,low-ebb,low-ebb,2025-02-10 06:00:00
-0.4872143,-0.47314966,-0.48014364,-0.48185015,low-ebb,low-ebb,low-ebb,low-ebb,2025-02-10 06:15:00
-0.57582664,-0.56926835,-0.5753356,-0.57605743,low-ebb,low-ebb,low-ebb,low-ebb,2025-02-10 06:30:00
-0.6549451,-0.65550745,-0.6611448,-0.66087437,low-ebb,low-ebb,low-ebb,low-ebb,2025-02-10 06:45:00
-0.7231347,-0.7302512,-0.7359878,-0.73472947,low-ebb,low-ebb,low-ebb,low-ebb,2025-02-10 07:00:00
-0.779159,-0.7921185,-0.7984693,-0.79623973,low-ebb,low-ebb,low-ebb,low-ebb,2025-02-10 07:15:00
-0.8219966,-0.83997226,-0.84740496,-0.84423274,low-ebb,low-ebb,low-ebb,low-ebb,2025-02-10 07:30:00
-0.85085315,-0.8729249,-0.88183993,-0.87776566,low-ebb,low-ebb,low-ebb,low-ebb,2025-02-10 07:45:00
-0.8651686,-0.89034325,-0.90106267,-0.8961388,low-ebb,low-ebb,low-ebb,low-ebb,2025-02-10 08:00:00
-0.8646203,-0.891853,-0.9046146,-0.89890516,low-flow,low-ebb,low-ebb,low-ebb,2025-02-10 08:15:00
-0.84912235,-0.8773451,-0.8922952,-0.8858753,low-flow,low-flow,low-flow,low-flow,2025-02-10 08:30:00
-0.81882066,-0.84698087,-0.86416215,-0.8571176,low-flow,low-flow,low-flow,low-flow,2025-02-10 08:45:00
-0.7740861,-0.80119354,-0.8205281,-0.8129546,low-flow,low-flow,low-flow,low-flow,2025-02-10 09:00:00
-0.7155045,-0.7406846,-0.7619528,-0.7539553,low-flow,low-flow,low-flow,low-flow,2025-02-10 09:15:00
-0.6438647,-0.6664114,-0.6892324,-0.6809238,low-flow,low-flow,low-flow,low-flow,2025-02-10 09:30:00
-0.56014496,-0.5795658,-0.6033848,-0.5948849,low-flow,low-flow,low-flow,low-flow,2025-02-10 09:45:00
-0.46549842,-0.48154408,-0.5056327,-0.49706683,low-flow,low-flow,low-flow,low-flow,2025-02-10 10:00:00
-0.36123717,-0.37391028,-0.39738435,-0.38888168,low-flow,low-flow,low-flow,low-flow,2025-02-10 10:15:00
-0.24881543,-0.25835633,-0.2802117,-0.27190354,low-flow,low-flow,low-flow,low-flow,2025-02-10 10:30:00
-0.12981205,-0.13666221,-0.15582727,-0.14784521,low-flow,low-flow,low-flow,low-flow,2025-02-10 10:45:00
-0.0059118224,-0.010659897,-0.026059637,-0.018533433,low-flow,low-flow,low-flow,low-flow,2025-02-10 11:00:00
0.12111385,0.11779715,0.10717255,0.1141171,high-flow,high-flow,high-flow,high-flow,2025-02-10 11:15:00
0.24942768,0.24685767,0.24188721,0.24813046,high-flow,high-flow,high-flow,high-flow,2025-02-10 11:30:00
0.3771483,0.37469044,0.37606627,0.38149694,high-flow,high-flow,high-flow,high-flow,2025-02-10 11:45:00
0.50237346,0.499498,0.5076836,0.51220095,high-flow,high-flow,high-flow,high-flow,2025-02-10 12:00:00
0.6232047,0.61952865,0.63473314,0.63824916,high-flow,high-flow,high-flow,high-flow,2025-02-10 12:15:00
0.737773,0.733089,0.7552574,0.7576987,high-flow,high-flow,high-flow,high-flow,2025-02-10 12:30:00
0.8442663,0.838559,0.8673756,0.8686852,high-flow,high-flow,high-flow,high-flow,2025-02-10 12:45:00
0.9409571,0.93440914,0.9693114,0.9694503,high-flow,high-flow,high-flow,high-flow,2025-02-10 13:00:00
1.0262315,1.01922,1.0594202,1.0583687,high-flow,high-flow,high-flow,high-flow,2025-02-10 13:15:00
1.0986174,1.0917021,1.136215,1.1339736,high-flow,high-flow,high-flow,high-flow,2025-02-10 13:30:00
1.1568128,1.1507137,1.1983913,1.1949812,high-flow,high-flow,high-flow,high-flow,2025-02-10 13:45:00
1.1997123,1.1952765,1.2448497,1.2403132,high-flow,high-flow,high-flow,high-flow,2025-02-10 14:00:00
1.2264318,1.2245864,1.2747166,1.2691163,high-flow,high-flow,high-flow,high-flow,2025-02-10 14:15:00
1.2363304,1.2380211,1.2873615,1.2807802,high-flow,high-flow,high-flow,high-flow,2025-02-10 14:30:00
1.2290277,1.2351462,1.2824113,1.2749509,high-ebb,high-ebb,high-ebb,high-ebb,2025-02-10 14:45:00
1.2044184,1.2157204,1.2597615,1.2515404,high-ebb,high-ebb,high-ebb,high-ebb,2025-02-10 15:00:00
1.1626797,1.1797043,1.2195812,1.210734,high-ebb,high-ebb,high-ebb,high-ebb,2025-02-10 15:15:00
1.1042746,1.1272725,1.1623166,1.1529902,high-ebb,high-ebb,high-ebb,high-ebb,2025-02-10 15:30:00
1.0299488,1.05883,1.0886861,1.0790384,high-ebb,high-ebb,high-ebb,high-ebb,2025-02-10 15:45:00
0.94072133,0.97503155,0.9996737,0.98986965,high-ebb,high-ebb,high-ebb,high-ebb,2025-02-10 16:00:00
0.837869,0.87680024,0.89651537,0.88672423,high-ebb,high-ebb,high-ebb,high-ebb,2025-02-10 16:15:00
0.7229052,0.76534164,0.78068054,0.7710728,high-ebb,high-ebb,high-ebb,high-ebb,2025-02-10 16:30:00
0.59755325,0.64214844,0.6538501,0.6445939,high-ebb,high-ebb,high-ebb,high-ebb,2025-02-10 16:45:00
0.4637148,0.5089913,0.5178888,0.5091467,high-ebb,high-ebb,high-ebb,high-ebb,2025-02-10 17:00:00
0.32343465,0.36789382,0.37481457,0.36674023,high-ebb,high-ebb,high-ebb,high-ebb,2025-02-10 17:15:00
0.17886199,0.22109139,0.2267641,0.21949935,high-ebb,high-ebb,high-ebb,high-ebb,2025-02-10 17:30:00
0.0322102,0.07097517,0.075956464,0.06962828,high-ebb,high-ebb,high-ebb,high-ebb,2025-02-10 17:45:00
-0.114284515,-0.0799736,-0.075345404,-0.080627285,low-ebb,low-ebb,low-ebb,low-ebb,2025-02-10 18:00:00
-0.25840423,-0.22925387,-0.22487378,-0.22901912,low-ebb,low-ebb,low-ebb,low-ebb,2025-02-10 18:15:00
-0.39798906,-0.37441343,-0.37039527,-0.37333506,low-ebb,low-ebb,low-ebb,low-ebb,2025-02-10 18:30:00
-0.5309749,-0.5131105,-0.50974905,-0.5114368,low-ebb,low-ebb,low-ebb,low-ebb,2025-02-10 18:45:00
-0.65542793,-0.6431647,-0.64088327,-0.64129597,low-ebb,low-ebb,low-ebb,low-ebb,2025-02-10 19:00:00
-0.769575,-0.762595,-0.76188904,-0.7610272,low-ebb,low-ebb,low-ebb,low-ebb,2025-02-10 19:15:00
-0.87183076,-0.8696461,-0.87103134,-0.86891896,low-ebb,low-ebb,low-ebb,low-ebb,2025-02-10 19:30:00
-0.96081877,-0.9628048,-0.9667758,-0.9634597,low-ebb,low-ebb,low-ebb,low-ebb,2025-02-10 19:45:00
-1.0353888,-1.04081,-1.0478117,-1.0433605,low-ebb,low-ebb,low-ebb,low-ebb,2025-02-10 20:00:00
-1.0946293,-1.1026592,-1.113071,-1.1075727,low-ebb,low-ebb,low-ebb,low-ebb,2025-02-10 20:15:00
-1.1378741,-1.1476154,-1.1617407,-1.1553019,low-ebb,low-ebb,low-ebb,low-ebb,2025-02-10 20:30:00
-1.1647065,-1.1752135,-1.1932734,-1.186016,low-ebb,low-ebb,low-ebb,low-ebb,2025-02-10 20:45:00
-1.1749576,-1.1852671,-1.2073909,-1.1994497,low-ebb,low-ebb,low-ebb,low-ebb,2025-02-10 21:00:00
-1.1687032,-1.1778753,-1.2040843,-1.1956042,low-flow,low-flow,low-flow,low-flow,2025-02-10 21:15:00
-1.1462554,-1.1534228,-1.18361,-1.1747429,low-flow,low-flow,low-flow,low-flow,2025-02-10 21:30:00
-1.1081533,-1.1125746,-1.1464816,-1.1373832,low-flow,low-flow,low-flow,low-flow,2025-02-10 21:45:00
-1.0551511,-1.0562617,-1.0934582,-1.0842851,low-flow,low-flow,low-flow,low-flow,2025-02-10 22:00:00
-0.9882046,-0.9856568,-1.0255295,-1.0164362,low-flow,low-flow,low-flow,low-flow,2025-02-10 22:15:00
-0.90845585,-0.9021426,-0.94389886,-0.9350345,low-flow,low-flow,low-flow,low-flow,2025-02-10 22:30:00
-0.8172173,-0.8072733,-0.849963,-0.8414691,low-flow,low-flow,low-flow,low-flow,2025-02-10 22:45:00
-0.71595424,-0.70273507,-0.74529046,-0.7372981,low-flow,low-flow,low-flow,low-flow,2025-02-10 23:00:00
-0.6062668,-0.5903061,-0.6315977,-0.62422574,low-flow,low-flow,low-flow,low-flow,2025-02-10 23:15:00
-0.4898701,-0.47182244,-0.5107243,-0.50407743,low-flow,low-flow,low-flow,low-flow,2025-02-10 23:30:00
-0.3685739,-0.34914878,-0.3846067,-0.37877408,low-flow,low-flow,low-flow,low-flow,2025-02-10 23:45:00
-0.24426061,-0.22415636,-0.25525078,-0.25030497,low-flow,low-flow,low-flow,low-flow,2025-02-11 00:00:00
-0.11886196,-0.098705724,-0.1247041,-0.12070037,low-flow,low-flow,low-flow,low-flow,2025-02-11 00:15:00
0.0056657153,0.025367137,0.0049730795,0.00799689,high-flow,high-flow,high-flow,high-flow,2025-02-11 00:30:00
0.12736778,0.14626384,0.1317367,0.13376017,high-flow,high-flow,high-flow,high-flow,2025-02-11 00:45:00
0.24431883,0.26223814,0.25358832,0.25460798,high-flow,high-flow,high-flow,high-flow,2025-02-11 01:00:00
0.35465154,0.37161306,0.3686044,0.36863294,high-flow,high-flow,high-flow,high-flow,2025-02-11 01:15:00
0.45658612,0.47280055,0.4749652,0.47403058,high-flow,high-flow,high-flow,high-flow,2025-02-11 01:30:00
0.5484605,0.5643229,0.57098323,0.56912726,high-flow,high-flow,high-flow,high-flow,2025-02-11 01:45:00
0.62875986,0.6448339,0.6551303,0.6524073,high-flow,high-flow,high-flow,high-flow,2025-02-11 02:00:00
0.6961457,0.7131378,0.7260634,0.7225386,high-flow,high-flow,high-flow,high-flow,2025-02-11 02:15:00
0.7494831,0.768205,0.7826482,0.7783962,high-flow,high-flow,high-flow,high-flow,2025-02-11 02:30:00
0.78786546,0.8091833,0.82398033,0.8190833,high-flow,high-flow,high-flow,high-flow,2025-02-11 02:45:00
0.81063604,0.8354063,0.8494036,0.8439496,high-flow,high-flow,high-flow,high-flow,2025-02-11 03:00:00
0.8174057,0.8464002,0.85852426,0.85260564,high-flow,high-flow,high-flow,high-flow,2025-02-11 03:15:00
0.80806524,0.8418909,0.8512214,0.84493333,high-ebb,high-ebb,high-ebb,high-ebb,2025-02-11 03:30:00
0.7827928,0.82181436,0.827653,0.8210919,high-ebb,high-ebb,high-ebb,high-ebb,2025-02-11 03:45:00
0.7420554,0.7863308,0.7882568,0.7815191,high-ebb,high-ebb,high-ebb,high-ebb,2025-02-11 04:00:00
0.68660384,0.7358425,0.7337462,0.7269269,high-ebb,high-ebb,high-ebb,high-ebb,2025-02-11 04:15:00
0.6174617,0.6710131,0.6651005,0.6582926,high-ebb,high-ebb,high-ebb,high-ebb,2025-02-11 04:30:00
0.53590804,0.5927851,0.5835506,0.5768437,high-ebb,high-ebb,high-ebb,high-ebb,2025-02-11 04:45:00
0.44345412,0.5023908,0.49055877,0.48403865,high-ebb,high-ebb,high-ebb,high-ebb,2025-02-11 05:00:00
0.34181494,0.40135205,0.38779426,0.38154206,high-ebb,high-ebb,high-ebb,high-ebb,2025-02-11 05:15:00
0.23287582,0.29146567,0.27710405,0.2711958,high-ebb,high-ebb,high-ebb,high-ebb,2025-02-11 05:30:00
0.11865566,0.17477179,0.16048013,0.15498628,high-ebb,high-ebb,high-ebb,high-ebb,2025-02-11 05:45:00
0.0012669986,0.05350657,0.04002347,0.035008606,high-ebb,high-ebb,high-ebb,high-ebb,2025-02-11 06:00:00
-0.117125355,-0.069958314,-0.08209408,-0.086571574,low-ebb,low-ebb,low-ebb,low-ebb,2025-02-11 06:15:00
-0.23434639,-0.19318472,-0.20366944,-0.20755768,low-ebb,low-ebb,low-ebb,low-ebb,2025-02-11 06:30:00
-0.34825245,-0.3137393,-0.32250845,-0.32576224,low-ebb,low-ebb,low-ebb,low-ebb,2025-02-11 06:45:00
-0.45677114,-0.4292613,-0.43646556,-0.43904674,low-ebb,low-ebb,low-ebb,low-ebb,2025-02-11 07:00:00
-0.5579388,-0.53752154,-0.54348224,-0.54535985,low-ebb,low-ebb,low-ebb,low-ebb,2025-02-11 07:15:00
-0.64993465,-0.63646996,-0.6416233,-0.6427739,low-ebb,low-ebb,low-ebb,low-ebb,2025-02-11 07:30:00
-0.7311107,-0.72426987,-0.72911036,-0.7295183,low-ebb,low-ebb,low-ebb,low-ebb,2025-02-11 07:45:00
-0.8000175,-0.7993207,-0.80435157,-0.8040094,low-ebb,low-ebb,low-ebb,low-ebb,2025-02-11 08:00:00
-0.85542476,-0.86027205,-0.86596763,-0.86487615,low-ebb,low-ebb,low-ebb,low-ebb,2025-02-11 08:15:00
-0.8963374,-0.9060316,-0.9128132,-0.91098195,low-ebb,low-ebb,low-ebb,low-ebb,2025-02-11 08:30:00
-0.92200613,-0.9357712,-0.94399345,-0.9414411,low-ebb,low-ebb,low-ebb,low-ebb,2025-02-11 08:45:00
-0.93193424,-0.9489328,-0.95887625,-0.9556306,low-ebb,low-ebb,low-ebb,low-ebb,2025-02-11 09:00:00
-0.92587894,-0.9452348,-0.9570992,-0.95319736,low-flow,low-flow,low-flow,low-flow,2025-02-11 09:15:00
-0.9038497,-0.924678,-0.93857217,-0.9340607,low-flow,low-flow,low-flow,low-flow,2025-02-11 09:30:00
-0.8661027,-0.8875501,-0.9034754,-0.89841014,low-flow,low-flow,low-flow,low-flow,2025-02-11 09:45:00
-0.81313205,-0.8344237,-0.85225344,-0.8466995,low-flow,low-flow,low-flow,low-flow,2025-02-11 10:00:00
-0.7456589,-0.7661478,-0.7856055,-0.7796366,low-flow,low-flow,low-flow,low-flow,2025-02-11 10:15:00
-0.6646182,-0.6838294,-0.704472,-0.6981701,low-flow,low-flow,low-flow,low-flow,2025-02-11 10:30:00
-0.5711439,-0.588807,-0.6100186,-0.60347307,low-flow,low-flow,low-flow,low-flow,2025-02-11 10:45:00
-0.46655267,-0.48261523,-0.5036173,-0.49692392,low-flow,low-flow,low-flow,low-flow,2025-02-11 11:00:00
-0.352326,-0.36694586,-0.38682526,-0.38008514,low-flow,low-flow,low-flow,low-flow,2025-02-11 11:15:00
-0.23009163,-0.24360709,-0.26136205,-0.2546801,low-flow,low-flow,low-flow,low-flow,2025-02-11 11:30:00
-0.10160368,-0.11448522,-0.1290847,-0.12256824,low-flow,low-flow,low-flow,low-flow,2025-02-11 11:45:00
0.03127854,0.018488668,0.008038167,0.014281266,high-flow,high-flow,high-flow,high-flow,2025-02-11 12:00:00
0.16661282,0.15336585,0.14795373,0.15381686,high-flow,high-flow,high-flow,high-flow,2025-02-11 12:15:00
0.30239773,0.28820094,0.28855324,0.293933,high-flow,high-flow,high-flow,high-flow,2025-02-11 12:30:00
0.43659776,0.42106828,0.427701,0.43249923,high-flow,high-flow,high-flow,high-flow,2025-02-11 12:45:00
0.56716985,0.550076,0.5632643,0.5673901,high-flow,high-flow,high-flow,high-flow,2025-02-11 13:00:00
0.6920912,0.6733804,0.6931434,0.6965151,high-flow,high-flow,high-flow,high-flow,2025-02-11 13:15:00
0.80938894,0.7892017,0.8153021,0.81784916,high-flow,high-flow,high-flow,high-flow,2025-02-11 13:30:00
0.9171694,0.8958437,0.92779785,0.9294627,high-flow,high-flow,high-flow,high-flow,2025-02-11 13:45:00
1.01365,0.99171484,1.0288119,1.0295513,high-flow,high-flow,high-flow,high-flow,2025-02-11 14:00:00
1.0971887,1.0753511,1.1166782,1.1164647,high-flow,high-flow,high-flow,high-flow,2025-02-11 14:15:00
1.166316,1.145438,1.1899114,1.1887343,high-flow,high-flow,high-flow,high-flow,2025-02-11 14:30:00
1.2197626,1.2008289,1.2472329,1.2450988,high-flow,high-flow,high-flow,high-flow,2025-02-11 14:45:00
1.2564865,1.2405617,1.2875946,1.2845279,high-flow,high-flow,high-flow,high-flow,2025-02-11 15:00:00
1.2756981,1.2638686,1.3101996,1.3062426,high-flow,high-flow,high-flow,high-flow,2025-02-11 15:15:00
1.2768793,1.2701846,1.3145204,1.3097324,high-flow,high-flow,high-flow,high-flow,2025-02-11 15:30:00
1.2598002,1.2591549,1.3003117,1.2947685,high-ebb,high-ebb,high-ebb,high-ebb,2025-02-11 15:45:00
1.2245295,1.2306427,1.2676195,1.261412,high-ebb,high-ebb,high-ebb,high-ebb,2025-02-11 16:00:00
1.1714393,1.1847401,1.2167853,1.210018,high-ebb,high-ebb,high-ebb,high-ebb,2025-02-11 16:15:00
1.1012042,1.1217836,1.148445,1.1412342,high-ebb,high-ebb,high-ebb,high-ebb,2025-02-11 16:30:00
1.0147929,1.0423712,1.0635217,1.0559928,high-ebb,high-ebb,high-ebb,high-ebb,2025-02-11 16:45:00
0.91345483,0.94738066,0.963214,0.95549965,high-ebb,high-ebb,high-ebb,high-ebb,2025-02-11 17:00:00
0.79869914,0.8379844,0.8489778,0.84121484,high-ebb,high-ebb,high-ebb,high-ebb,2025-02-11 17:15:00
0.6722685,0.7156552,0.72250366,0.71483046,high-ebb,high-ebb,high-ebb,high-ebb,2025-02-11 17:30:00
0.5361077,0.5821603,0.5856887,0.5782423,high-ebb,high-ebb,high-ebb,high-ebb,2025-02-11 17:45:00
0.3923276,0.43953958,0.44060457,0.4335178,high-ebb,high-ebb,high-ebb,high-ebb,2025-02-11 18:00:00
0.24316521,0.29006723,0.28946152,0.28286046,high-ebb,high-ebb,high-ebb,high-ebb,2025-02-11 18:15:00
0.09094205,0.1361977,0.13456988,0.12857097,high-ebb,high-ebb,high-ebb,high-ebb,2025-02-11 18:30:00
-0.061979588,-0.019499486,-0.021700684,-0.026992833,low-ebb,low-ebb,low-ebb,low-ebb,2025-02-11 18:45:00
-0.21324019,-0.1744119,-0.17696285,-0.18145761,low-ebb,low-ebb,low-ebb,low-ebb,2025-02-11 19:00:00
-0.36052588,-0.32595623,-0.32885337,-0.33247593,low-ebb,low-ebb,low-ebb,low-ebb,2025-02-11 19:15:00
-0.5016093,-0.47164503,-0.47507402,-0.4777668,low-ebb,low-ebb,low-ebb,low-ebb,2025-02-11 19:30:00
-0.6343876,-0.60914326,-0.61343086,-0.6151545,low-ebb,low-ebb,low-ebb,low-ebb,2025-02-11 19:45:00
-0.7569169,-0.7363122,-0.7418708,-0.7426048,low-ebb,low-ebb,low-ebb,low-ebb,2025-02-11 20:00:00
-0.8674421,-0.85124105,-0.85851496,-0.85825783,low-ebb,low-ebb,low-ebb,low-ebb,2025-02-11 20:15:00
-0.96442235,-0.95226634,-0.96168804,-0.960457,low-ebb,low-ebb,low-ebb,low-ebb,2025-02-11 20:30:00
-1.0465517,-1.0379845,-1.0499434,-1.047774,low-ebb,low-ebb,low-ebb,low-ebb,2025-02-11 20:45:00
-1.1127735,-1.1072592,-1.1220838,-1.1190282,low-ebb,low-ebb,low-ebb,low-ebb,2025-02-11 21:00:00
-1.1622918,-1.1592271,-1.1771762,-1.1733023,low-ebb,low-ebb,low-ebb,low-ebb,2025-02-11 21:15:00
-1.1945754,-1.1933047,-1.214563,-1.2099526,low-ebb,low-ebb,low-ebb,low-ebb,2025-02-11 21:30:00
-1.2093605,-1.2091945,-1.2338674,-1.228614,low-ebb,low-ebb,low-ebb,low-ebb,2025-02-11 21:45:00
-1.2066464,-1.2068921,-1.2349948,-1.2292014,low-flow,low-flow,low-ebb,low-ebb,2025-02-11 22:00:00
-1.18669,-1.1866882,-1.218129,-1.2119062,low-flow,low-flow,low-flow,low-flow,2025-02-11 22:15:00
-1.1499958,-1.149166,-1.183726,-1.1771884,low-flow,low-flow,low-flow,low-flow,2025-02-11 22:30:00
-1.0973043,-1.09519,-1.1325012,-1.1257663,low-flow,low-flow,low-flow,low-flow,2025-02-11 22:45:00
-1.0295776,-1.025886,-1.0654169,-1.0586015,low-flow,low-flow,low-flow,low-flow,2025-02-11 23:00:00
-0.9479837,-0.9426112,-0.9836641,-0.9768825,low-flow,low-flow,low-flow,low-flow,2025-02-11 23:15:00
-0.853879,-0.8469184,-0.8886427,-0.88200486,low-flow,low-flow,low-flow,low-flow,2025-02-11 23:30:00
-0.74878967,-0.7405164,-0.7819406,-0.77554935,low-flow,low-flow,low-flow,low-flow,2025-02-11 23:45:00
-0.6343914,-0.62522984,-0.6653087,-0.6592588,low-flow,low-flow,low-flow,low-flow,2025-02-12 00:00:00
-0.51248866,-0.5029621,-0.5406365,-0.5350126,low-flow,low-flow,low-flow,low-flow,2025-02-12 00:15:00
-0.38499185,-0.37566397,-0.40992472,-0.40480053,low-flow,low-flow,low-flow,low-flow,2025-02-12 00:30:00
-0.25389358,-0.24530749,-0.27525738,-0.27069485,low-flow,low-flow,low-flow,low-flow,2025-02-12 00:45:00
-0.12124374,-0.113866284,-0.13877293,-0.1348216,low-flow,low-flow,low-flow,low-flow,2025-02-12 01:00:00
0.010877319,0.01670119,-0.0026340894,0.0006690327,high-flow,high-flow,low-flow,high-flow,2025-02-12 01:15:00
0.14038669,0.14446682,0.13100265,0.13363296,high-flow,high-flow,high-flow,high-flow,2025-02-12 01:30:00
0.26522827,0.26754916,0.2600181,0.2619631,high-flow,high-flow,high-flow,high-flow,2025-02-12 01:45:00
0.38340315,0.38413224,0.3823617,0.38362026,high-flow,high-flow,high-flow,high-flow,2025-02-12 02:00:00
0.49300095,0.49248746,0.49608257,0.49666432,high-flow,high-flow,high-flow,high-flow,2025-02-12 02:15:00
0.5922312,0.5909975,0.5993602,0.59928435,high-flow,high-flow,high-flow,high-flow,2025-02-12 02:30:00
0.67945504,0.67818105,0.6905342,0.68982846,high-flow,high-flow,high-flow,high-flow,2025-02-12 02:45:00
0.7532152,0.7527152,0.7681323,0.76683193,high-flow,high-flow,high-flow,high-flow,2025-02-12 03:00:00
0.8122655,0.8134553,0.830897,0.8290432,high-flow,high-flow,high-flow,high-flow,2025-02-12 03:15:00
0.8555967,0.8594499,0.8778087,0.8754478,high-flow,high-flow,high-flow,high-flow,2025-02-12 03:30:00
0.88246006,0.8899514,0.90810645,0.9052886,high-flow,high-flow,high-flow,high-flow,2025-02-12 03:45:00
0.892386,0.90442383,0.92130464,0.9180825,high-flow,high-flow,high-flow,high-flow,2025-02-12 04:00:00
0.8851987,0.9025502,0.91720486,0.91363287,high-ebb,high-ebb,high-ebb,high-ebb,2025-02-12 04:15:00
0.8610244,0.8842405,0.89590377,0.8920373,high-ebb,high-ebb,high-ebb,high-ebb,2025-02-12 04:30:00
0.82029426,0.8496432,0.8577949,0.85368925,high-ebb,high-ebb,high-ebb,high-ebb,2025-02-12 04:45:00
0.7637405,0.79915977,0.8035653,0.7992755,high-ebb,high-ebb,high-ebb,high-ebb,2025-02-12 05:00:00
0.6923862,0.7334613,0.7341867,0.72976667,high-ebb,high-ebb,high-ebb,high-ebb,2025-02-12 05:15:00
0.60752827,0.6535038,0.65090024,0.6464027,high-ebb,high-ebb,high-ebb,high-ebb,2025-02-12 05:30:00
0.5107148,0.5605386,0.55519646,0.55067265,high-ebb,high-ebb,high-ebb,high-ebb,2025-02-12 05:45:00
0.40371603,0.45611313,0.44878942,0.444289,high-ebb,high-ebb,high-ebb,high-ebb,2025-02-12 06:00:00
0.28849053,0.34205776,0.3335866,0.32915768,high-ebb,high-ebb,high-ebb,high-ebb,2025-02-12 06:15:00
0.16714734,0.22045712,0.21165441,0.20734344,high-ebb,high-ebb,high-ebb,high-ebb,2025-02-12 06:30:00
0.04190475,0.09360475,0.08518037,0.08103228,high-ebb,high-ebb,high-ebb,high-ebb,2025-02-12 06:45:00
-0.08495311,-0.036055937,-0.043567073,-0.047508895,low-ebb,low-ebb,low-ebb,low-ebb,2025-02-12 07:00:00
-0.21112046,-0.16600078,-0.17228036,-0.17597403,low-ebb,low-ebb,low-ebb,low-ebb,2025-02-12 07:15:00
-0.334314,-0.2936978,-0.29865512,-0.3020603,low-ebb,low-ebb,low-ebb,low-ebb,2025-02-12 07:30:00
-0.45231566,-0.41667822,-0.42043215,-0.4235102,low-ebb,low-ebb,low-ebb,low-ebb,2025-02-12 07:45:00
-0.563013,-0.5325996,-0.53543794,-0.53815204,low-ebb,low-ebb,low-ebb,low-ebb,2025-02-12 08:00:00
-0.6644365,-0.6392978,-0.64162296,-0.6439386,low-ebb,low-ebb,low-ebb,low-ebb,2025-02-12 08:15:00
-0.75479263,-0.7348255,-0.737097,-0.7389823,low-ebb,low-ebb,low-ebb,low-ebb,2025-02-12 08:30:00
-0.8324924,-0.81747776,-0.82016104,-0.821587,low-ebb,low-ebb,low-ebb,low-ebb,2025-02-12 08:45:00
-0.896175,-0.8858076,-0.8893339,-0.8902755,low-ebb,low-ebb,low-ebb,low-ebb,2025-02-12 09:00:00
-0.9447264,-0.9386341,-0.9433757,-0.94381195,low-ebb,low-ebb,low-ebb,low-ebb,2025-02-12 09:15:00
-0.9772921,-0.97504735,-0.98130506,-0.9812203,low-ebb,low-ebb,low-ebb,low-ebb,2025-02-12 09:30:00
-0.99328566,-0.9944123,-1.0024124,-1.0017966,low-ebb,low-ebb,low-ebb,low-ebb,2025-02-12 09:45:00
-0.9923917,-0.99637395,-1.0062674,-1.005117,low-flow,low-ebb,low-ebb,low-ebb,2025-02-12 10:00:00
-0.974565,-0.98086256,-0.9927224,-0.99104106,low-flow,low-flow,low-flow,low-flow,2025-02-12 10:15:00
-0.9400254,-0.94809777,-0.9619104,-0.9597096,low-flow,low-flow,low-flow,low-flow,2025-02-12 10:30:00
-0.8892489,-0.89858913,-0.9142398,-0.91153914,low-flow,low-flow,low-flow,low-flow,2025-02-12 10:45:00
-0.8229566,-0.8331299,-0.85038435,-0.847212,low-flow,low-flow,low-flow,low-flow,2025-02-12 11:00:00
-0.7421007,-0.7527829,-0.77127,-0.76766306,low-flow,low-flow,low-flow,low-flow,2025-02-12 11:15:00
-0.64784795,-0.6588568,-0.6780588,-0.67406315,low-flow,low-flow,low-flow,low-flow,2025-02-12 11:30:00
-0.54156244,-0.55287474,-0.57213014,-0.5678,low-flow,low-flow,low-flow,low-flow,2025-02-12 11:45:00
-0.42478597,-0.43653658,-0.45505902,-0.45045665,low-flow,low-flow,low-flow,low-flow,2025-02-12 12:00:00
-0.29921758,-0.31167912,-0.328593,-0.323788,low-flow,low-flow,low-flow,low-flow,2025-02-12 12:15:00
-0.16669188,-0.18023668,-0.19462694,-0.18969533,low-flow,low-flow,low-flow,low-flow,2025-02-12 12:30:00
-0.029156022,-0.044205777,-0.05517673,-0.050199606,low-flow,low-flow,low-flow,low-flow,2025-02-12 12:45:00
0.1113545,0.09438481,0.087649025,0.09258672,high-flow,high-flow,high-flow,high-flow,2025-02-12 13:00:00
0.2527412,0.23349813,0.23167786,0.23648895,high-flow,high-flow,high-flow,high-flow,2025-02-12 13:15:00
0.3928693,0.3711083,0.3747036,0.3793004,high-flow,high-flow,high-flow,high-flow,2025-02-12 13:30:00
0.52959585,0.50521725,0.5145171,0.51881325,high-flow,high-flow,high-flow,high-flow,2025-02-12 13:45:00
0.6607989,0.633871,0.64893794,0.65285015,high-flow,high-flow,high-flow,high-flow,2025-02-12 14:00:00
0.7844081,0.7551779,0.7758459,0.77929604,high-flow,high-flow,high-flow,high-flow,2025-02-12 14:15:00
0.89843553,0.8673298,0.8932129,0.8961298,high-flow,high-flow,high-flow,high-flow,2025-02-12 14:30:00
1.0010079,0.96862584,0.9991349,1.0014559,high-flow,high-flow,high-flow,high-flow,2025-02-12 14:45:00
1.0903982,1.0574983,1.0918622,1.093535,high-flow,high-flow,high-flow,high-flow,2025-02-12 15:00:00
1.1650565,1.1325381,1.1698291,1.170813,high-flow,high-flow,high-flow,high-flow,2025-02-12 15:15:00
1.22364,1.1925172,1.2316821,1.2319492,high-flow,high-flow,high-flow,high-flow,2025-02-12 15:30:00
1.2650409,1.2364076,1.2763046,1.2758411,high-flow,high-flow,high-flow,high-flow,2025-02-12 15:45:00
1.2884115,1.2633955,1.30284,1.301646,high-flow,high-flow,high-flow,high-flow,2025-02-12 16:00:00
1.2931846,1.27289,1.3107097,1.3088002,high-flow,high-flow,high-flow,high-flow,2025-02-12 16:15:00
1.279091,1.2645298,1.2996285,1.2970328,high-ebb,high-ebb,high-ebb,high-ebb,2025-02-12 16:30:00
1.2461703,1.2381903,1.2696137,1.2663752,high-ebb,high-ebb,high-ebb,high-ebb,2025-02-12 16:45:00
1.1947767,1.1939898,1.2209897,1.2171649,high-ebb,high-ebb,high-ebb,high-ebb,2025-02-12 17:00:00
1.1255783,1.1323005,1.1543871,1.1500448,high-ebb,high-ebb,high-ebb,high-ebb,2025-02-12 17:15:00
1.0395501,1.0537616,1.070736,1.0659555,high-ebb,high-ebb,high-ebb,high-ebb,2025-02-12 17:30:00
0.93795955,0.9592931,0.9712529,0.96612245,high-ebb,high-ebb,high-ebb,high-ebb,2025-02-12 17:45:00
0.8223467,0.8501073,0.85742223,0.85203725,high-ebb,high-ebb,high-ebb,high-ebb,2025-02-12 18:00:00
0.69449717,0.7277139,0.7309725,0.72543323,high-ebb,high-ebb,high-ebb,high-ebb,2025-02-12 18:15:00
0.55641055,0.59391373,0.593847,0.5882564,high-ebb,high-ebb,high-ebb,high-ebb,2025-02-12 18:30:00
0.41026342,0.450779,0.4481701,0.44263163,high-ebb,high-ebb,high-ebb,high-ebb,2025-02-12 18:45:00
0.25836846,0.30061615,0.29621,0.29082522,high-ebb,high-ebb,high-ebb,high-ebb,2025-02-12 19:00:00
0.103131115,0.1459148,0.14033823,0.13520466,high-ebb,high-ebb,high-ebb,high-ebb,2025-02-12 19:15:00
-0.05299558,-0.010716925,-0.017012559,-0.021803632,low-ebb,low-ebb,low-ebb,low-ebb,2025-02-12 19:30:00
-0.20755674,-0.16662396,-0.17339209,-0.17775747,low-ebb,low-ebb,low-ebb,low-ebb,2025-02-12 19:45:00
-0.35814062,-0.3191778,-0.32637572,-0.33024204,low-ebb,low-ebb,low-ebb,low-ebb,2025-02-12 20:00:00
-0.50242174,-0.4658454,-0.47360688,-0.47691205,low-ebb,low-ebb,low-ebb,low-ebb,2025-02-12 20:15:00
-0.6382015,-0.6042485,-0.61283755,-0.6155318,low-ebb,low-ebb,low-ebb,low-ebb,2025-02-12 20:30:00
-0.76344466,-0.73221076,-0.741966,-0.7440128,low-ebb,low-ebb,low-ebb,low-ebb,2025-02-12 20:45:00
-0.8763121,-0.84779054,-0.8590708,-0.8604472,low-ebb,low-ebb,low-ebb,low-ebb,2025-02-12 21:00:00
-0.9751879,-0.9493019,-0.96244115,-0.96313816,low-ebb,low-ebb,low-ebb,low-ebb,2025-02-12 21:15:00
-1.0587019,-1.035326,-1.0506023,-1.0506244,low-ebb,low-ebb,low-ebb,low-ebb,2025-02-12 21:30:00
-1.1257464,-1.1047167,-1.1223364,-1.1217009,low-ebb,low-ebb,low-ebb,low-ebb,2025-02-12 21:45:00
-1.1754875,-1.156603,-1.1766974,-1.1754339,low-ebb,low-ebb,low-ebb,low-ebb,2025-02-12 22:00:00
-1.2073716,-1.1903937,-1.2130225,-1.2111715,low-ebb,low-ebb,low-ebb,low-ebb,2025-02-12 22:15:00
-1.2211269,-1.2057807,-1.2309369,-1.2285488,low-ebb,low-ebb,low-ebb,low-ebb,2025-02-12 22:30:00
-1.2167604,-1.2027445,-1.230355,-1.2274879,low-flow,low-flow,low-flow,low-flow,2025-02-12 22:45:00
-1.1945506,-1.1815573,-1.2114764,-1.2081951,low-flow,low-flow,low-flow,low-flow,2025-02-12 23:00:00
-1.155038,-1.1427821,-1.1747785,-1.1711525,low-flow,low-flow,low-flow,low-flow,2025-02-12 23:15:00
-1.0990112,-1.0872647,-1.1210046,-1.117106,low-flow,low-flow,low-flow,low-flow,2025-02-12 23:30:00
-1.0274915,-1.0161171,-1.0511492,-1.0470514,low-flow,low-flow,low-flow,low-flow,2025-02-12 23:45:00
-0.9417154,-0.93069273,-0.9664407,-0.9622164,low-flow,low-flow,low-flow,low-flow,2025-02-13 00:00:00
-0.8431153,-0.83255285,-0.8683202,-0.8640402,low-flow,low-flow,low-flow,low-flow,2025-02-13 00:15:00
-0.7332984,-0.7234294,-0.7584203,-0.7541516,low-flow,low-flow,low-flow,low-flow,2025-02-13 00:30:00
-0.6140251,-0.605185,-0.6385396,-0.6343446,low-flow,low-flow,low-flow,low-flow,2025-02-13 00:45:00
-0.48718593,-0.47977573,-0.5106175,-0.5065528,low-flow,low-flow,low-flow,low-flow,2025-02-13 01:00:00
-0.35477683,-0.34921688,-0.3767062,-0.37282214,low-flow,low-flow,low-flow,low-flow,2025-02-13 01:15:00
-0.21887423,-0.21555492,-0.23894246,-0.2352822,low-flow,low-flow,low-flow,low-flow,2025-02-13 01:30:00
-0.0816082,-0.080844395,-0.09951732,-0.09611689,low-flow,low-flow,low-flow,low-flow,2025-02-13 01:45:00
0.054865368,0.05287148,0.03935433,0.04246614,high-flow,high-flow,high-flow,high-flow,2025-02-13 02:00:00
0.18839368,0.18357848,0.1754654,0.17826681,high-flow,high-flow,high-flow,high-flow,2025-02-13 02:15:00
0.31685716,0.3093099,0.30664852,0.30912438,high-flow,high-flow,high-flow,high-flow,2025-02-13 02:30:00
0.43820044,0.4281676,0.4308083,0.4329495,high-flow,high-flow,high-flow,high-flow,2025-02-13 02:45:00
0.550464,0.5383462,0.5459534,0.54775625,high-flow,high-flow,high-flow,high-flow,2025-02-13 03:00:00
0.6518158,0.6381596,0.65022814,0.6516935,high-flow,high-flow,high-flow,high-flow,2025-02-13 03:15:00
0.74058294,0.7260689,0.74194324,0.74307567,high-flow,high-flow,high-flow,high-flow,2025-02-13 03:30:00
0.8152822,0.8007086,0.8196046,0.8204117,high-flow,high-flow,high-flow,high-flow,2025-02-13 03:45:00
0.87464875,0.86090946,0.8819404,0.8824318,high-flow,high-flow,high-flow,high-flow,2025-02-13 04:00:00
0.91766256,0.90571624,0.92792565,0.92811227,high-flow,high-flow,high-flow,high-flow,2025-02-13 04:15:00
0.9435716,0.9344001,0.95680237,0.9566958,high-flow,high-flow,high-flow,high-flow,2025-02-13 04:30:00
0.951911,0.9464662,0.9680968,0.9677089,high-flow,high-flow,high-flow,high-flow,2025-02-13 04:45:00
0.9425168,0.94165915,0.9616315,0.9609738,high-ebb,high-ebb,high-ebb,high-ebb,2025-02-13 05:00:00
0.9155353,0.9199669,0.9375326,0.9366161,high-ebb,high-ebb,high-ebb,high-ebb,2025-02-13 05:15:00
0.87142515,0.8816269,0.8962313,0.89506644,high-ebb,high-ebb,high-ebb,high-ebb,2025-02-13 05:30:00
0.8109539,0.8271351,0.8384596,0.83705634,high-ebb,high-ebb,high-ebb,high-ebb,2025-02-13 05:45:00
0.7351876,0.7572556,0.76524043,0.7636084,high-ebb,high-ebb,high-ebb,high-ebb,2025-02-13 06:00:00
0.64547354,0.67303187,0.6778714,0.67602026,high-ebb,high-ebb,high-ebb,high-ebb,2025-02-13 06:15:00
0.5434173,0.57579255,0.57790345,0.5758433,high-ebb,high-ebb,high-ebb,high-ebb,2025-02-13 06:30:00
0.43085322,0.46715096,0.46711332,0.4648553,high-ebb,high-ebb,high-ebb,high-ebb,2025-02-13 06:45:00
0.30981013,0.3489917,0.34747213,0.345029,high-ebb,high-ebb,high-ebb,high-ebb,2025-02-13 07:00:00
0.18247226,0.22344303,0.2211093,0.21849586,high-ebb,high-ebb,high-ebb,high-ebb,2025-02-13 07:15:00
0.05113699,0.09283381,0.09027326,0.087507054,high-ebb,high-ebb,high-ebb,high-ebb,2025-02-13 07:30:00
-0.081829734,-0.040363792,-0.04271017,-0.04560842,low-ebb,low-ebb,low-ebb,low-ebb,2025-02-13 07:45:00
-0.21403925,-0.17360182,-0.1754808,-0.17848681,low-ebb,low-ebb,low-ebb,low-ebb,2025-02-13 08:00:00
-0.34312588,-0.30432907,-0.30568752,-0.30877316,low-ebb,low-ebb,low-ebb,low-ebb,2025-02-13 08:15:00
-0.4667915,-0.43006247,-0.43103117,-0.43416435,low-ebb,low-ebb,low-ebb,low-ebb,2025-02-13 08:30:00
-0.58284783,-0.5484518,-0.54930574,-0.5524505,low-ebb,low-ebb,low-ebb,low-ebb,2025-02-13 08:45:00
-0.6892553,-0.65733254,-0.6584371,-0.6615538,low-ebb,low-ebb,low-ebb,low-ebb,2025-02-13 09:00:00
-0.78415805,-0.75476605,-0.7565187,-0.75956446,low-ebb,low-ebb,low-ebb,low-ebb,2025-02-13 09:15:00
-0.8659142,-0.83906496,-0.84184295,-0.8447723,low-ebb,low-ebb,low-ebb,low-ebb,2025-02-13 09:30:00
-0.9331206,-0.9088072,-0.91292834,-0.91569394,low-ebb,low-ebb,low-ebb,low-ebb,2025-02-13 09:45:00
-0.9846324,-0.9628421,-0.9685419,-0.97109556,low-ebb,low-ebb,low-ebb,low-ebb,2025-02-13 10:00:00
-1.0195769,-1.0002912,-1.0077162,-1.01001,low-ebb,low-ebb,low-ebb,low-ebb,2025-02-13 10:15:00
-1.0373625,-1.0205485,-1.0297616,-1.031749,low-ebb,low-ebb,low-ebb,low-ebb,2025-02-13 10:30:00
-1.0376811,-1.0232816,-1.0342731,-1.0359104,low-ebb,low-ebb,low-ebb,low-ebb,2025-02-13 10:45:00
-1.0205076,-1.0084343,-1.0211331,-1.0223802,low-flow,low-flow,low-flow,low-flow,2025-02-13 11:00:00
-0.98609334,-0.9762299,-0.990508,-0.9913304,low-flow,low-flow,low-flow,low-flow,2025-02-13 11:15:00
-0.9349566,-0.9271721,-0.9428423,-0.94321185,low-flow,low-flow,low-flow,low-flow,2025-02-13 11:30:00
-0.8678698,-0.8620416,-0.8788478,-0.8787438,low-flow,low-flow,low-flow,low-flow,2025-02-13 11:45:00
-0.78584355,-0.78188556,-0.7994893,-0.7988999,low-flow,low-flow,low-flow,low-flow,2025-02-13 12:00:00
-0.690109,-0.6879985,-0.7059682,-0.7048905,low-flow,low-flow,low-flow,low-flow,2025-02-13 12:15:00
-0.58209777,-0.581895,-0.59970206,-0.59814334,low-flow,low-flow,low-flow,low-flow,2025-02-13 12:30:00
-0.4634207,-0.46527573,-0.4823033,-0.48028073,low-flow,low-flow,low-flow,low-flow,2025-02-13 12:45:00
-0.33584547,-0.3399894,-0.35555458,-0.3530957,low-flow,low-flow,low-flow,low-flow,2025-02-13 13:00:00
-0.20127274,-0.20799416,-0.22138365,-0.21852598,low-flow,low-flow,low-flow,low-flow,2025-02-13 13:15:00
-0.06171165,-0.0713214,-0.08183589,-0.078626364,low-flow,low-flow,low-flow,low-flow,2025-02-13 13:30:00
0.08074589,0.06795611,0.060954083,0.06445985,high-flow,high-flow,high-flow,high-flow,2025-02-13 13:45:00
0.22395179,0.20775084,0.20479198,0.20853075,high-flow,high-flow,high-flow,high-flow,2025-02-13 14:00:00
0.3657294,0.34598258,0.34745437,0.3513566,high-flow,high-flow,high-flow,high-flow,2025-02-13 14:15:00
0.5039021,0.48059776,0.48672,0.4907113,high-flow,high-flow,high-flow,high-flow,2025-02-13 14:30:00
0.63632286,0.6095883,0.62040174,0.62440455,high-flow,high-flow,high-flow,high-flow,2025-02-13 14:45:00
0.7609047,0.73101187,0.74637854,0.7503139,high-flow,high-flow,high-flow,high-flow,2025-02-13 15:00:00
0.8756518,0.84301525,0.86262786,0.86641717,high-flow,high-flow,high-flow,high-flow,2025-02-13 15:15:00
0.97869027,0.943861,0.9672573,0.97082436,high-flow,high-flow,high-flow,high-flow,2025-02-13 15:30:00
1.0683001,1.0319556,1.0585356,1.0618082,high-flow,high-flow,high-flow,high-flow,2025-02-13 15:45:00
1.1429447,1.1058779,1.134922,1.137834,high-flow,high-flow,high-flow,high-flow,2025-02-13 16:00:00
1.2013007,1.1644055,1.1950943,1.1975869,high-flow,high-flow,high-flow,high-flow,2025-02-13 16:15:00
1.2422844,1.2065357,1.2379738,1.2399969,high-flow,high-flow,high-flow,high-flow,2025-02-13 16:30:00
1.2650763,1.2315016,1.2627472,1.264261,high-flow,high-flow,high-flow,high-flow,2025-02-13 16:45:00
1.2691408,1.2387811,1.2688845,1.26986,high-flow,high-flow,high-flow,high-flow,2025-02-13 17:00:00
1.2542434,1.2281026,1.2561535,1.2565734,high-ebb,high-ebb,high-ebb,high-ebb,2025-02-13 17:15:00
1.2204604,1.1994463,1.2246274,1.2244864,high-ebb,high-ebb,high-ebb,high-ebb,2025-02-13 17:30:00
1.1681846,1.1530476,1.1746893,1.173994,high-ebb,high-ebb,high-ebb,high-ebb,2025-02-13 17:45:00
1.0981241,1.0893989,1.1070294,1.1057979,high-ebb,high-ebb,high-ebb,high-ebb,2025-02-13 18:00:00
1.0112947,1.0092565,1.0226364,1.020898,high-ebb,high-ebb,high-ebb,high-ebb,2025-02-13 18:15:00
0.9090054,0.9136472,0.9227838,0.92057794,high-ebb,high-ebb,high-ebb,high-ebb,2025-02-13 18:30:00
0.79283804,0.80387396,0.8090095,0.8063847,high-ebb,high-ebb,high-ebb,high-ebb,2025-02-13 18:45:00
0.6646203,0.68151736,0.68309027,0.6801029,high-ebb,high-ebb,high-ebb,high-ebb,2025-02-13 19:00:00
0.526393,0.54842764,0.54701155,0.543724,high-ebb,high-ebb,high-ebb,high-ebb,2025-02-13 19:15:00
0.3803729,0.40670425,0.4029319,0.39941126,high-ebb,high-ebb,high-ebb,high-ebb,2025-02-13 19:30:00
0.22891134,0.25866142,0.2531448,0.249461,high-ebb,high-ebb,high-ebb,high-ebb,2025-02-13 19:45:00
0.07444977,0.1067787,0.10003713,0.096261226,high-ebb,high-ebb,high-ebb,high-ebb,2025-02-13 20:00:00
-0.0805261,-0.046360668,-0.053953826,-0.05775133,low-ebb,low-ebb,low-ebb,low-ebb,2025-02-13 20:15:00
-0.23353307,-0.19813956,-0.2063843,-0.21013512,low-ebb,low-ebb,low-ebb,low-ebb,2025-02-13 20:30:00
-0.3821364,-0.34597892,-0.3548476,-0.35848713,low-ebb,low-ebb,low-ebb,low-ebb,2025-02-13 20:45:00
-0.52399427,-0.48740605,-0.49701652,-0.5004852,low-ebb,low-ebb,low-ebb,low-ebb,2025-02-13 21:00:00
-0.65689886,-0.620114,-0.6306833,-0.6339277,low-ebb,low-ebb,low-ebb,low-ebb,2025-02-13 21:15:00
-0.7788147,-0.7420082,-0.753797,-0.7567708,low-ebb,low-ebb,low-ebb,low-ebb,2025-02-13 21:30:00
-0.8879112,-0.85123855,-0.86449665,-0.86716133,low-ebb,low-ebb,low-ebb,low-ebb,2025-02-13 21:45:00
-0.9825913,-0.9462185,-0.9611404,-0.9634655,low-ebb,low-ebb,low-ebb,low-ebb,2025-02-13 22:00:00
-1.0615137,-1.0256331,-1.0423298,-1.0442933,low-ebb,low-ebb,low-ebb,low-ebb,2025-02-13 22:15:00
-1.1236103,-1.0884405,-1.1069292,-1.108517,low-ebb,low-ebb,low-ebb,low-ebb,2025-02-13 22:30:00
-1.1680967,-1.1338698,-1.1540793,-1.1552856,low-ebb,low-ebb,low-ebb,low-ebb,2025-02-13 22:45:00
-1.1944789,-1.1614193,-1.1832069,-1.184033,low-ebb,low-ebb,low-ebb,low-ebb,2025-02-13 23:00:00
-1.202553,-1.1708575,-1.1940285,-1.1944822,low-ebb,low-ebb,low-ebb,low-ebb,2025-02-13 23:15:00
-1.1924021,-1.1622249,-1.1865492,-1.1866443,low-flow,low-flow,low-flow,low-flow,2025-02-13 23:30:00
-1.1643865,-1.1358364,-1.161058,-1.1608129,low-flow,low-flow,low-flow,low-flow,2025-02-13 23:45:00
-1.1191326,-1.092282,-1.1181185,-1.1175554,low-flow,low-flow,low-flow,low-flow,2025-02-14 00:00:00
-1.0575176,-1.0324217,-1.0585561,-1.0576996,low-flow,low-flow,low-flow,low-flow,2025-02-14 00:15:00
-0.9806516,-0.95737374,-0.9834413,-0.9823181,low-flow,low-flow,low-flow,low-flow,2025-02-14 00:30:00
-0.8898574,-0.8684938,-0.8940721,-0.8927092,low-flow,low-flow,low-flow,low-flow,2025-02-14 00:45:00
-0.78664976,-0.7673471,-0.7919518,-0.7903761,low-flow,low-flow,low-flow,low-flow,2025-02-14 01:00:00
-0.67271215,-0.6556738,-0.678766,-0.67700344,low-flow,low-flow,low-flow,low-flow,2025-02-14 01:15:00
-0.5498728,-0.5353518,-0.55635774,-0.55443263,low-flow,low-flow,low-flow,low-flow,2025-02-14 01:30:00
-0.4200803,-0.40835935,-0.42670044,-0.4246351,low-flow,low-flow,low-flow,low-flow,2025-02-14 01:45:00
-0.28537762,-0.27674052,-0.2918704,-0.28968486,low-flow,low-flow,low-flow,low-flow,2025-02-14 02:00:00
-0.14787582,-0.14257474,-0.15401722,-0.15172923,low-flow,low-flow,low-flow,low-flow,2025-02-14 02:15:00
-0.009726765,-0.007951463,-0.01533417,-0.012959171,low-flow,low-flow,low-flow,low-flow,2025-02-14 02:30:00
0.12690495,0.12505206,0.12197311,0.12442159,high-flow,high-flow,high-flow,high-flow,2025-02-14 02:45:00
0.2598709,0.254391,0.25571793,0.2582279,high-flow,high-flow,high-flow,high-flow,2025-02-14 03:00:00
0.38706836,0.37807384,0.3837645,0.386325,high-flow,high-flow,high-flow,high-flow,2025-02-14 03:15:00
0.5064707,0.4941855,0.5040599,0.5066604,high-flow,high-flow,high-flow,high-flow,2025-02-14 03:30:00
0.6161576,0.6009138,0.614666,0.6172957,high-flow,high-flow,high-flow,high-flow,2025-02-14 03:45:00
0.71434593,0.69657856,0.7137901,0.7164373,high-flow,high-flow,high-flow,high-flow,2025-02-14 04:00:00
0.7994196,0.779662,0.7998154,0.8024667,high-flow,high-flow,high-flow,high-flow,2025-02-14 04:15:00
0.86995846,0.8488376,0.8713287,0.87396866,high-flow,high-flow,high-flow,high-flow,2025-02-14 04:30:00
0.9247658,0.90299594,0.92714655,0.92975706,high-flow,high-flow,high-flow,high-flow,2025-02-14 04:45:00
0.9628932,0.941264,0.9663381,0.96889806,high-flow,high-flow,high-flow,high-flow,2025-02-14 05:00:00
0.983662,0.96301806,0.9882445,0.9907297,high-flow,high-flow,high-flow,high-flow,2025-02-14 05:15:00
0.9866813,0.9678904,0.9924942,0.9948771,high-flow,high-flow,high-flow,high-flow,2025-02-14 05:30:00
0.97186065,0.95577073,0.97901344,0.9812634,high-ebb,high-ebb,high-ebb,high-ebb,2025-02-14 05:45:00
0.93941796,0.9268054,0.9480313,0.95011526,high-ebb,high-ebb,high-ebb,high-ebb,2025-02-14 06:00:00
0.8898813,0.88139576,0.9000799,0.9019625,high-ebb,high-ebb,high-ebb,high-ebb,2025-02-14 06:15:00
0.8240843,0.82019925,0.83598787,0.83763236,high-ebb,high-ebb,high-ebb,high-ebb,2025-02-14 06:30:00
0.74315506,0.74413073,0.7568684,0.7582377,high-ebb,high-ebb,high-ebb,high-ebb,2025-02-14 06:45:00
0.648499,0.654366,0.6641018,0.6651593,high-ebb,high-ebb,high-ebb,high-ebb,2025-02-14 07:00:00
0.54177487,0.5523423,0.5593114,0.56002223,high-ebb,high-ebb,high-ebb,high-ebb,2025-02-14 07:15:00
0.4248653,0.43975314,0.4443358,0.44466797,high-ebb,high-ebb,high-ebb,high-ebb,2025-02-14 07:30:00
0.29984182,0.31853452,0.32119495,0.32112068,high-ebb,high-ebb,high-ebb,high-ebb,2025-02-14 07:45:00
0.16892576,0.19083725,0.1920536,0.19155042,high-ebb,high-ebb,high-ebb,high-ebb,2025-02-14 08:00:00
0.03444547,0.058986396,0.05918118,0.05823312,high-ebb,high-ebb,high-ebb,high-ebb,2025-02-14 08:15:00
-0.101208724,-0.07457302,-0.075090416,-0.07649179,low-ebb,low-ebb,low-ebb,low-ebb,2025-02-14 08:30:00
-0.23563069,-0.20734033,-0.20840988,-0.21026461,low-ebb,low-ebb,low-ebb,low-ebb,2025-02-14 08:45:00
-0.36644477,-0.336829,-0.33844975,-0.34074882,low-ebb,low-ebb,low-ebb,low-ebb,2025-02-14 09:00:00
-0.49135074,-0.46063578,-0.46294877,-0.4656736,low-ebb,low-ebb,low-ebb,low-ebb,2025-02-14 09:15:00
-0.6081666,-0.5765037,-0.57975227,-0.5828745,low-ebb,low-ebb,low-ebb,low-ebb,2025-02-14 09:30:00
-0.71486765,-0.68237394,-0.6868496,-0.69033134,low-ebb,low-ebb,low-ebb,low-ebb,2025-02-14 09:45:00
-0.8096222,-0.7764238,-0.7824087,-0.7862026,low-ebb,low-ebb,low-ebb,low-ebb,2025-02-14 10:00:00
-0.8908212,-0.85709006,-0.86480564,-0.8688558,low-ebb,low-ebb,low-ebb,low-ebb,2025-02-14 10:15:00
-0.9571036,-0.92307985,-0.9326501,-0.93689275,low-ebb,low-ebb,low-ebb,low-ebb,2025-02-14 10:30:00
-1.007375,-0.97337157,-0.9848058,-0.9891707,low-ebb,low-ebb,low-ebb,low-ebb,2025-02-14 10:45:00
-1.0408218,-1.0072109,-1.0204058,-1.0248173,low-ebb,low-ebb,low-ebb,low-ebb,2025-02-14 11:00:00
-1.0569177,-1.024105,-1.0388625,-1.0432416,low-ebb,low-ebb,low-ebb,low-ebb,2025-02-14 11:15:00
-1.0554267,-1.0238189,-1.0398726,-1.0441386,low-flow,low-flow,low-ebb,low-ebb,2025-02-14 11:30:00
-1.0364002,-1.0063736,-1.0234181,-1.0274895,low-flow,low-flow,low-flow,low-flow,2025-02-14 11:45:00
-1.0001686,-0.9720477,-0.98976046,-0.9935586,low-flow,low-flow,low-flow,low-flow,2025-02-14 12:00:00
-0.9473305,-0.921378,-0.93943405,-0.94288355,low-flow,low-flow,low-flow,low-flow,2025-02-14 12:15:00
-0.87873745,-0.8551588,-0.8732327,-0.8762641,low-flow,low-flow,low-flow,low-flow,2025-02-14 12:30:00
-0.795476,-0.77443486,-0.79219496,-0.7947461,low-flow,low-flow,low-flow,low-flow,2025-02-14 12:45:00
-0.69884783,-0.68048793,-0.6975853,-0.69960314,low-flow,low-flow,low-flow,low-flow,2025-02-14 13:00:00
-0.5903474,-0.57481414,-0.5908738,-0.5923157,low-flow,low-flow,low-flow,low-flow,2025-02-14 13:15:00
-0.4716391,-0.45909533,-0.473713,-0.47454774,low-flow,low-flow,low-flow,low-flow,2025-02-14 13:30:00
-0.3445327,-0.33516425,-0.3479133,-0.34812218,low-flow,low-flow,low-flow,low-flow,2025-02-14 13:45:00
-0.21095833,-0.20496812,-0.21541663,-0.21499383,low-flow,low-flow,low-flow,low-flow,2025-02-14 14:00:00
-0.07294066,-0.070532665,-0.07826901,-0.07722185,low-flow,low-flow,low-flow,low-flow,2025-02-14 14:15:00
0.06742748,0.0660707,0.061408166,0.06305936,high-flow,high-flow,high-flow,high-flow,2025-02-14 14:30:00
0.20801201,0.20275348,0.20144774,0.20367007,high-flow,high-flow,high-flow,high-flow,2025-02-14 14:45:00
0.3466651,0.33743468,0.33966714,0.3424159,high-flow,high-flow,high-flow,high-flow,2025-02-14 15:00:00
0.48125327,0.46806267,0.47389936,0.47711912,high-flow,high-flow,high-flow,high-flow,2025-02-14 15:15:00
0.60968596,0.5926363,0.6020244,0.60565025,high-flow,high-flow,high-flow,high-flow,2025-02-14 15:30:00
0.7299446,0.7092275,0.72200036,0.72595966,high-flow,high-flow,high-flow,high-flow,2025-02-14 15:45:00
0.840112,0.81600666,0.8318952,0.8361091,high-flow,high-flow,high-flow,high-flow,2025-02-14 16:00:00
0.9384016,0.91127086,0.929917,0.93430233,high-flow,high-flow,high-flow,high-flow,2025-02-14 16:15:00
1.0231867,0.99347484,1.0144435,1.0189148,high-flow,high-flow,high-flow,high-flow,2025-02-14 16:30:00
1.0930285,1.0612614,1.0840505,1.0885222,high-flow,high-flow,high-flow,high-flow,2025-02-14 16:45:00
1.1467032,1.1134899,1.1375377,1.1419251,high-flow,high-flow,high-flow,high-flow,2025-02-14 17:00:00
1.1832263,1.149259,1.1739511,1.1781738,high-flow,high-flow,high-flow,high-flow,2025-02-14 17:15:00
1.2018751,1.1679236,1.1926044,1.1965863,high-flow,high-flow,high-flow,high-flow,2025-02-14 17:30:00
1.2022069,1.1691033,1.1930933,1.1967652,high-flow,high-flow,high-flow,high-flow,2025-02-14 17:45:00
1.1840731,1.1526842,1.1753079,1.1786088,high-ebb,high-ebb,high-ebb,high-ebb,2025-02-14 18:00:00
1.1476295,1.1188173,1.1394389,1.1423167,high-ebb,high-ebb,high-ebb,high-ebb,2025-02-14 18:15:00
1.0933391,1.0679122,1.0859786,1.0883908,high-ebb,high-ebb,high-ebb,high-ebb,2025-02-14 18:30:00
1.0219706,1.0006329,1.0157162,1.0176309,high-ebb,high-ebb,high-ebb,high-ebb,2025-02-14 18:45:00
0.9345898,0.91789466,0.9297275,0.9311233,high-ebb,high-ebb,high-ebb,high-ebb,2025-02-14 19:00:00
0.83254504,0.8208618,0.82935846,0.8302245,high-ebb,high-ebb,high-ebb,high-ebb,2025-02-14 19:15:00
0.71744615,0.7109464,0.7162037,0.71653944,high-ebb,high-ebb,high-ebb,high-ebb,2025-02-14 19:30:00
0.5911374,0.58980405,0.59207916,0.5918937,high-ebb,high-ebb,high-ebb,high-ebb,2025-02-14 19:45:00
0.4556649,0.45932308,0.45899048,0.45830196,high-ebb,high-ebb,high-ebb,high-ebb,2025-02-14 20:00:00
0.31323949,0.32160383,0.31909734,0.31793192,high-ebb,high-ebb,high-ebb,high-ebb,2025-02-14 20:15:00
0.16619536,0.17892598,0.17467421,0.17306504,high-ebb,high-ebb,high-ebb,high-ebb,2025-02-14 20:30:00
0.016946143,0.033702206,0.028069204,0.026055234,high-ebb,high-ebb,high-ebb,high-ebb,2025-02-14 20:45:00
-0.132061,-0.111579165,-0.11833872,-0.12071393,low-ebb,low-ebb,low-ebb,low-ebb,2025-02-14 21:00:00
-0.2783917,-0.2544197,-0.2621828,-0.2648723,low-ebb,low-ebb,low-ebb,low-ebb,2025-02-14 21:15:00
-0.41967008,-0.39237905,-0.40115088,-0.4041056,low-ebb,low-ebb,low-ebb,low-ebb,2025-02-14 21:30:00
-0.55362284,-0.52313995,-0.5330263,-0.5361961,low-ebb,low-ebb,low-ebb,low-ebb,2025-02-14 21:45:00
-0.6781201,-0.6445649,-0.655726,-0.6590608,low-ebb,low-ebb,low-ebb,low-ebb,2025-02-14 22:00:00
-0.7912128,-0.75473976,-0.7673359,-0.7707864,low-ebb,low-ebb,low-ebb,low-ebb,2025-02-14 22:15:00
-0.8911652,-0.8520033,-0.8661417,-0.8696604,low-ebb,low-ebb,low-ebb,low-ebb,2025-02-14 22:30:00
-0.97648233,-0.93496233,-0.9506554,-0.95419705,low-ebb,low-ebb,low-ebb,low-ebb,2025-02-14 22:45:00
-1.0459315,-1.0024949,-1.0196375,-1.0231595,low-ebb,low-ebb,low-ebb,low-ebb,2025-02-14 23:00:00
-1.0985581,-1.0537463,-1.0721132,-1.075576,low-ebb,low-ebb,low-ebb,low-ebb,2025-02-14 23:15:00
-1.1336957,-1.0881208,-1.1073838,-1.110751,low-ebb,low-ebb,low-ebb,low-ebb,2025-02-14 23:30:00
-1.1509702,-1.1052738,-1.1250342,-1.1282723,low-ebb,low-ebb,low-ebb,low-ebb,2025-02-14 23:45:00
-1.1502984,-1.1051079,-1.1249328,-1.1280113,low-flow,low-flow,low-flow,low-flow,2025-02-15 00:00:00
-1.1318816,-1.0877706,-1.1072298,-1.1101209,low-flow,low-flow,low-flow,low-flow,2025-02-15 00:15:00
-1.096196,-1.0536561,-1.0723493,-1.0750276,low-flow,low-flow,low-flow,low-flow,2025-02-15 00:30:00
-1.0439774,-1.0034065,-1.0209781,-1.0234201,low-flow,low-flow,low-flow,low-flow,2025-02-15 00:45:00
-0.9762039,-0.9379099,-0.9540515,-0.95623535,low-flow,low-flow,low-flow,low-flow,2025-02-15 01:00:00
-0.8940763,-0.85829324,-0.8727354,-0.8746406,low-flow,low-flow,low-flow,low-flow,2025-02-15 01:15:00
-0.7989957,-0.7659072,-0.7784062,-0.78001344,low-flow,low-flow,low-flow,low-flow,2025-02-15 01:30:00
-0.6925401,-0.66230386,-0.67262894,-0.6739196,low-flow,low-flow,low-flow,low-flow,2025-02-15 01:45:00
-0.57644016,-0.54920655,-0.5571324,-0.55808884,low-flow,low-flow,low-flow,low-flow,2025-02-15 02:00:00
-0.45255363,-0.42847627,-0.43378425,-0.43438947,low-flow,low-flow,low-flow,low-flow,2025-02-15 02:15:00
-0.32283956,-0.30207574,-0.30456328,-0.30480143,low-flow,low-flow,low-flow,low-flow,2025-02-15 02:30:00
-0.1893323,-0.17203487,-0.17153181,-0.17138824,low-flow,low-flow,low-flow,low-flow,2025-02-15 02:45:00
-0.054114807,-0.04041933,-0.036806345,-0.036268193,low-flow,low-flow,low-flow,low-flow,2025-02-15 03:00:00
0.08070823,0.09069733,0.09747199,0.09841535,high-flow,high-flow,high-flow,high-flow,2025-02-15 03:15:00
0.2130375,0.21925803,0.22916788,0.2305242,high-flow,high-flow,high-flow,high-flow,2025-02-15 03:30:00
0.34080675,0.34324488,0.35618252,0.3579559,high-flow,high-flow,high-flow,high-flow,2025-02-15 03:45:00
0.46201047,0.46070233,0.47648433,0.4786746,high-flow,high-flow,high-flow,high-flow,2025-02-15 04:00:00
0.5747322,0.5697621,0.5881398,0.5907416,high-flow,high-flow,high-flow,high-flow,2025-02-15 04:15:00
0.6771723,0.6686713,0.6893432,0.6923454,high-flow,high-flow,high-flow,high-flow,2025-02-15 04:30:00
0.7676762,0.75582343,0.7784463,0.7818313,high-flow,high-flow,high-flow,high-flow,2025-02-15 04:45:00
0.8447613,0.82979,0.85398585,0.8577289,high-flow,high-flow,high-flow,high-flow,2025-02-15 05:00:00
0.9071434,0.88935184,0.9147093,0.9187783,high-flow,high-flow,high-flow,high-flow,2025-02-15 05:15:00
0.95376116,0.93352586,0.9595984,0.96395344,high-flow,high-flow,high-flow,high-flow,2025-02-15 05:30:00
0.98379797,0.9615851,0.98788935,0.99248284,high-flow,high-flow,high-flow,high-flow,2025-02-15 05:45:00
0.9967014,0.9730717,0.99908936,1.0038661,high-flow,high-flow,high-flow,high-flow,2025-02-15 06:00:00
0.99219877,0.96780056,0.99298894,0.9978867,high-ebb,high-ebb,high-ebb,high-ebb,2025-02-15 06:15:00
0.9703079,0.9458572,0.9696698,0.97461987,high-ebb,high-ebb,high-ebb,high-ebb,2025-02-15 06:30:00
0.93134314,0.90759015,0.92950696,0.93443495,high-ebb,high-ebb,high-ebb,high-ebb,2025-02-15 06:45:00
0.8759163,0.85360163,0.8731659,0.87799317,high-ebb,high-ebb,high-ebb,high-ebb,2025-02-15 07:00:00
0.80493057,0.7847389,0.8015941,0.80623895,high-ebb,high-ebb,high-ebb,high-ebb,2025-02-15 07:15:00
0.71956944,0.70208675,0.7160065,0.72038585,high-ebb,high-ebb,high-ebb,high-ebb,2025-02-15 07:30:00
0.62127864,0.606962,0.617866,0.6218969,high-ebb,high-ebb,high-ebb,high-ebb,2025-02-15 07:45:00
0.5117424,0.50090736,0.50885814,0.51246005,high-ebb,high-ebb,high-ebb,high-ebb,2025-02-15 08:00:00
0.39285412,0.385682,0.39086184,0.39395794,high-ebb,high-ebb,high-ebb,high-ebb,2025-02-15 08:15:00
0.26668173,0.26324537,0.26591495,0.26843446,high-ebb,high-ebb,high-ebb,high-ebb,2025-02-15 08:30:00
0.1354292,0.13573132,0.13617735,0.13805726,high-ebb,high-ebb,high-ebb,high-ebb,2025-02-15 08:45:00
0.0013942855,0.005409837,0.0038909432,0.005077883,high-ebb,high-ebb,high-ebb,high-ebb,2025-02-15 09:00:00
-0.13307567,-0.12536253,-0.12866168,-0.12820992,low-ebb,low-ebb,low-ebb,low-ebb,2025-02-15 09:15:00
-0.2656292,-0.25420192,-0.25919935,-0.25951236,low-ebb,low-ebb,low-ebb,low-ebb,2025-02-15 09:30:00
-0.39395607,-0.37876183,-0.38548416,-0.38657773,low-ebb,low-ebb,low-ebb,low-ebb,2025-02-15 09:45:00
-0.5158314,-0.49679777,-0.5053616,-0.5072369,low-ebb,low-ebb,low-ebb,low-ebb,2025-02-15 10:00:00
-0.6291575,-0.6062262,-0.6167992,-0.619442,low-ebb,low-ebb,low-ebb,low-ebb,2025-02-15 10:15:00
-0.7320019,-0.7051731,-0.7179211,-0.72130203,low-ebb,low-ebb,low-ebb,low-ebb,2025-02-15 10:30:00
-0.8226319,-0.7920079,-0.80704015,-0.8111145,low-ebb,low-ebb,low-ebb,low-ebb,2025-02-15 10:45:00
-0.89954317,-0.8653642,-0.8826847,-0.887393,low-ebb,low-ebb,low-ebb,low-ebb,2025-02-15 11:00:00
-0.9614837,-0.9241447,-0.9436212,-0.9488903,low-ebb,low-ebb,low-ebb,low-ebb,2025-02-15 11:15:00
-1.0074711,-0.96751815,-0.98887163,-0.9946159,low-ebb,low-ebb,low-ebb,low-ebb,2025-02-15 11:30:00
-1.0368047,-0.9949085,-1.0177261,-1.023849,low-ebb,low-ebb,low-ebb,low-ebb,2025-02-15 11:45:00
-1.0490712,-1.0059837,-1.02975,-1.036146,low-ebb,low-ebb,low-ebb,low-ebb,2025-02-15 12:00:00
-1.0441449,-1.0006454,-1.0247866,-1.0313436,low-flow,low-flow,low-flow,low-flow,2025-02-15 12:15:00
-1.0221828,-0.9790238,-1.0029551,-1.0095559,low-flow,low-flow,low-flow,low-flow,2025-02-15 12:30:00
-0.983615,-0.94147575,-0.96464354,-0.97116953,low-flow,low-flow,low-flow,low-flow,2025-02-15 12:45:00
-0.9291306,-0.88858575,-0.91049904,-0.9168317,low-flow,low-flow,low-flow,low-flow,2025-02-15 13:00:00
-0.859661,-0.8211668,-0.84141344,-0.8474374,low-flow,low-flow,low-flow,low-flow,2025-02-15 13:15:00
-0.7763595,-0.7402581,-0.75850666,-0.764112,low-flow,low-flow,low-flow,low-flow,2025-02-15 13:30:00
-0.6805794,-0.647116,-0.6631068,-0.66819155,low-flow,low-flow,low-flow,low-flow,2025-02-15 13:45:00
-0.5738504,-0.5431987,-0.5567286,-0.5612009,low-flow,low-flow,low-flow,low-flow,2025-02-15 14:00:00
-0.45785362,-0.43014184,-0.4410497,-0.44482964,low-flow,low-flow,low-flow,low-flow,2025-02-15 14:15:00
-0.3343962,-0.3097292,-0.3178854,-0.32090676,low-flow,low-flow,low-flow,low-flow,2025-02-15 14:30:00
-0.20538563,-0.18385872,-0.18916209,-0.19137366,low-flow,low-flow,low-flow,low-flow,2025-02-15 14:45:00
-0.07280343,-0.05450806,-0.056889907,-0.058256436,low-flow,low-flow,low-flow,low-flow,2025-02-15 15:00:00
0.061320793,0.07629876,0.076865844,0.07636302,high-flow,high-flow,high-flow,high-flow,2025-02-15 15:15:00
0.19493566,0.2065213,0.21001366,0.21037643,high-flow,high-flow,high-flow,high-flow,2025-02-15 15:30:00
0.32599428,0.3341295,0.3404654,0.34167907,high-flow,high-flow,high-flow,high-flow,2025-02-15 15:45:00
0.45248052,0.45712784,0.46616614,0.46819997,high-flow,high-flow,high-flow,high-flow,2025-02-15 16:00:00
0.5724355,0.57357854,0.5851241,0.58793217,high-flow,high-flow,high-flow,high-flow,2025-02-15 16:15:00
0.68398404,0.6816259,0.69544035,0.6989629,high-flow,high-flow,high-flow,high-flow,2025-02-15 16:30:00
0.7853612,0.7795232,0.7953381,0.79950297,high-flow,high-flow,high-flow,high-flow,2025-02-15 16:45:00
0.8749383,0.86566216,0.883191,0.8879154,high-flow,high-flow,high-flow,high-flow,2025-02-15 17:00:00
0.95124894,0.93860465,0.95755017,0.9627426,high-flow,high-flow,high-flow,high-flow,2025-02-15 17:15:00
1.0130137,0.9971148,1.0171696,1.022732,high-flow,high-flow,high-flow,high-flow,2025-02-15 17:30:00
1.0591637,1.0401878,1.0610291,1.0668588,high-flow,high-flow,high-flow,high-flow,2025-02-15 17:45:00
1.0888622,1.0670741,1.088354,1.094346,high-flow,high-flow,high-flow,high-flow,2025-02-15 18:00:00
1.1015236,1.0772947,1.0986322,1.1046817,high-flow,high-flow,high-flow,high-flow,2025-02-15 18:15:00
1.0968295,1.0706493,1.0916271,1.0976306,high-ebb,high-ebb,high-ebb,high-ebb,2025-02-15 18:30:00
1.0747406,1.0472142,1.0673848,1.073243,high-ebb,high-ebb,high-ebb,high-ebb,2025-02-15 18:45:00
1.0355041,1.007334,1.0262388,1.0318576,high-ebb,high-ebb,high-ebb,high-ebb,2025-02-15 19:00:00
0.97965604,0.9516104,0.9688069,0.97409934,high-ebb,high-ebb,high-ebb,high-ebb,2025-02-15 19:15:00
0.9080183,0.88088727,0.8959848,0.9008721,high-ebb,high-ebb,high-ebb,high-ebb,2025-02-15 19:30:00
0.8216897,0.79623866,0.80893296,0.8133457,high-ebb,high-ebb,high-ebb,high-ebb,2025-02-15 19:45:00
0.72203106,0.6989579,0.7090584,0.71293724,high-ebb,high-ebb,high-ebb,high-ebb,2025-02-15 20:00:00
0.61064404,0.5905482,0.59799176,0.60128796,high-ebb,high-ebb,high-ebb,high-ebb,2025-02-15 20:15:00
0.48934507,0.47271287,0.47755906,0.48023465,high-ebb,high-ebb,high-ebb,high-ebb,2025-02-15 20:30:00
0.36013335,0.34734175,0.34974945,0.3517773,high-ebb,high-ebb,high-ebb,high-ebb,2025-02-15 20:45:00
0.22515474,0.21649057,0.21667963,0.21804324,high-ebb,high-ebb,high-ebb,high-ebb,2025-02-15 21:00:00
0.086661674,0.082350716,0.0805554,0.081248544,high-ebb,high-ebb,high-ebb,high-ebb,2025-02-15 21:15:00
-0.05302935,-0.052792292,-0.056368593,-0.056342483,low-ebb,low-ebb,low-ebb,low-ebb,2025-02-15 21:30:00
-0.19158225,-0.18661049,-0.19182995,-0.19245842,low-ebb,low-ebb,low-ebb,low-ebb,2025-02-15 21:45:00
-0.32668602,-0.31679267,-0.32359958,-0.32486194,low-ebb,low-ebb,low-ebb,low-ebb,2025-02-15 22:00:00
-0.45609894,-0.44110662,-0.44952166,-0.4513898,low-ebb,low-ebb,low-ebb,low-ebb,2025-02-15 22:15:00
-0.57769084,-0.55745876,-0.5675518,-0.56999105,low-ebb,low-ebb,low-ebb,low-ebb,2025-02-15 22:30:00
-0.6894824,-0.66394615,-0.67579234,-0.6787623,low-ebb,low-ebb,low-ebb,low-ebb,2025-02-15 22:45:00
-0.7896805,-0.7588962,-0.7725242,-0.7759796,low-ebb,low-ebb,low-ebb,low-ebb,2025-02-15 23:00:00
-0.8767094,-0.8408917,-0.85623467,-0.860126,low-ebb,low-ebb,low-ebb,low-ebb,2025-02-15 23:15:00
-0.94923574,-0.90878224,-0.9256408,-0.92991525,low-ebb,low-ebb,low-ebb,low-ebb,2025-02-15 23:30:00
-1.0061888,-0.9616819,-0.97970796,-0.9843097,low-ebb,low-ebb,low-ebb,low-ebb,2025-02-15 23:45:00
-1.0467737,-0.99895984,-1.0176629,-1.0225338,low-ebb,low-ebb,low-ebb,low-ebb,2025-02-16 00:00:00
-1.0704796,-1.020226,-1.0390024,-1.0440825,low-ebb,low-ebb,low-ebb,low-ebb,2025-02-16 00:15:00
-1.077082,-1.0253178,-1.0434974,-1.0487254,low-ebb,low-ebb,low-ebb,low-ebb,2025-02-16 00:30:00
-1.0666387,-1.0142901,-1.031191,-1.0365041,low-flow,low-flow,low-flow,low-flow,2025-02-16 00:45:00
-1.0394814,-0.98741007,-1.0023935,-1.0077283,low-flow,low-flow,low-flow,low-flow,2025-02-16 01:00:00
-0.9962036,-0.94515723,-0.95767266,-0.9629652,low-flow,low-flow,low-flow,low-flow,2025-02-16 01:15:00
-0.93764323,-0.8882251,-0.8978409,-0.9030267,low-flow,low-flow,low-flow,low-flow,2025-02-16 01:30:00
-0.86486363,-0.81752276,-0.8239391,-0.8289536,low-flow,low-flow,low-flow,low-flow,2025-02-16 01:45:00
-0.7791314,-0.7341721,-0.73721737,-0.7419964,low-flow,low-flow,low-flow,low-flow,2025-02-16 02:00:00
-0.6818929,-0.63949883,-0.6391141,-0.64359415,low-flow,low-flow,low-flow,low-flow,2025-02-16 02:15:00
-0.57474893,-0.53501564,-0.53123295,-0.5353515,low-flow,low-flow,low-flow,low-flow,2025-02-16 02:30:00
-0.45942998,-0.42239812,-0.41531792,-0.41901436,low-flow,low-flow,low-flow,low-flow,2025-02-16 02:45:00
-0.33776963,-0.3034546,-0.2932277,-0.29644364,low-flow,low-flow,low-flow,low-flow,2025-02-16 03:00:00
-0.21167916,-0.18009293,-0.16690843,-0.16958866,low-flow,low-flow,low-flow,low-flow,2025-02-16 03:15:00
-0.08312148,-0.054286364,-0.038366113,-0.04045945,low-flow,low-flow,low-flow,low-flow,2025-02-16 03:30:00
0.04591434,0.0719585,0.0903618,0.088901624,high-flow,high-flow,high-flow,high-flow,2025-02-16 03:45:00
0.17343853,0.19663128,0.21723525,0.21644856,high-flow,high-flow,high-flow,high-flow,2025-02-16 04:00:00
0.29748583,0.3177444,0.34024063,0.34016073,high-flow,high-flow,high-flow,high-flow,2025-02-16 04:15:00
0.41614056,0.4333579,0.45741978,0.45807195,high-flow,high-flow,high-flow,high-flow,2025-02-16 04:30:00
0.5275616,0.54160416,0.566899,0.56829935,high-flow,high-flow,high-flow,high-flow,2025-02-16 04:45:00
0.63000715,0.6407142,0.66691726,0.6690719,high-flow,high-flow,high-flow,high-flow,2025-02-16 05:00:00
0.7218596,0.7290467,0.75585395,0.75875795,high-flow,high-flow,high-flow,high-flow,2025-02-16 05:15:00
0.8016492,0.80511916,0.832255,0.8358918,high-flow,high-flow,high-flow,high-flow,2025-02-16 05:30:00
0.8680782,0.8676406,0.89485776,0.89919853,high-flow,high-flow,high-flow,high-flow,2025-02-16 05:45:00
0.92004263,0.9155426,0.94261354,0.9476167,high-flow,high-flow,high-flow,high-flow,2025-02-16 06:00:00
0.9566539,0.9480065,0.97470725,0.98031867,high-flow,high-flow,high-flow,high-flow,2025-02-16 06:15:00
0.97725695,0.96448326,0.9905744,0.9967272,high-flow,high-flow,high-flow,high-flow,2025-02-16 06:30:00
0.98144704,0.9647047,0.98991406,0.99652946,high-flow,high-flow,high-ebb,high-ebb,2025-02-16 06:45:00
0.969082,0.9486849,0.9726975,0.97968525,high-ebb,high-ebb,high-ebb,high-ebb,2025-02-16 07:00:00
0.94029135,0.9167131,0.9391729,0.94643253,high-ebb,high-ebb,high-ebb,high-ebb,2025-02-16 07:15:00
0.89548063,0.8693401,0.88986427,0.8972863,high-ebb,high-ebb,high-ebb,high-ebb,2025-02-16 07:30:00
0.8353308,0.80736107,0.82556576,0.8330337,high-ebb,high-ebb,high-ebb,high-ebb,2025-02-16 07:45:00
0.76079154,0.7317976,0.74733096,0.7547228,high-ebb,high-ebb,high-ebb,high-ebb,2025-02-16 08:00:00
0.6730702,0.6438816,0.6564561,0.66364676,high-ebb,high-ebb,high-ebb,high-ebb,2025-02-16 08:15:00
0.57361364,0.5450414,0.55445933,0.5613229,high-ebb,high-ebb,high-ebb,high-ebb,2025-02-16 08:30:00
0.4640854,0.4368887,0.44305444,0.44946676,high-ebb,high-ebb,high-ebb,high-ebb,2025-02-16 08:45:00
0.3463372,0.321206,0.32412076,0.32996184,high-ebb,high-ebb,high-ebb,high-ebb,2025-02-16 09:00:00
0.2223759,0.19992884,0.19966975,0.2048263,high-ebb,high-ebb,high-ebb,high-ebb,2025-02-16 09:15:00
0.09432628,0.07512159,0.07180813,0.07617627,high-ebb,high-ebb,high-ebb,high-ebb,2025-02-16 09:30:00
-0.035609156,-0.051056083,-0.05730037,-0.05381283,low-ebb,low-ebb,low-ebb,low-ebb,2025-02-16 09:45:00
-0.16519259,-0.1763931,-0.1854748,-0.18294609,low-ebb,low-ebb,low-ebb,low-ebb,2025-02-16 10:00:00
-0.2921943,-0.2986793,-0.3105567,-0.3090491,low-ebb,low-ebb,low-ebb,low-ebb,2025-02-16 10:15:00
-0.41443598,-0.41576323,-0.43044934,-0.4300075,low-ebb,low-ebb,low-ebb,low-ebb,2025-02-16 10:30:00
-0.52983266,-0.52561045,-0.543155,-0.5438045,low-ebb,low-ebb,low-ebb,low-ebb,2025-02-16 10:45:00
-0.63643235,-0.62635696,-0.6468102,-0.64855677,low-ebb,low-ebb,low-ebb,low-ebb,2025-02-16 11:00:00
-0.7324524,-0.7163532,-0.7397174,-0.7425462,low-ebb,low-ebb,low-ebb,low-ebb,2025-02-16 11:15:00
-0.81631136,-0.7941941,-0.82037324,-0.8242488,low-ebb,low-ebb,low-ebb,low-ebb,2025-02-16 11:30:00
-0.8866558,-0.85873544,-0.8874921,-0.89235884,low-ebb,low-ebb,low-ebb,low-ebb,2025-02-16 11:45:00
-0.9423822,-0.9090954,-0.9400255,-0.94580835,low-ebb,low-ebb,low-ebb,low-ebb,2025-02-16 12:00:00
-0.982652,-0.94464594,-0.9771763,-0.9837821,low-ebb,low-ebb,low-ebb,low-ebb,2025-02-16 12:15:00
-1.0069016,-0.9649975,-0.99840814,-1.0057272,low-ebb,low-ebb,low-ebb,low-ebb,2025-02-16 12:30:00
-1.0148461,-0.96998155,-1.0034499,-1.0113584,low-ebb,low-ebb,low-ebb,low-ebb,2025-02-16 12:45:00
-1.0064771,-0.9596363,-0.992296,-1.0006578,low-flow,low-flow,low-flow,low-flow,2025-02-16 13:00:00
-0.98205626,-0.9341964,-0.96520144,-0.9738714,low-flow,low-flow,low-flow,low-flow,2025-02-16 13:15:00
-0.94210297,-0.8940892,-0.9226737,-0.9315002,low-flow,low-flow,low-flow,low-flow,2025-02-16 13:30:00
-0.887379,-0.83993524,-0.86546046,-0.8742885,low-flow,low-flow,low-flow,low-flow,2025-02-16 13:45:00
-0.8188694,-0.7725511,-0.79453415,-0.8032087,low-flow,low-flow,low-flow,low-flow,2025-02-16 14:00:00
-0.7377612,-0.6929508,-0.71107423,-0.71944296,low-flow,low-flow,low-flow,low-flow,2025-02-16 14:15:00
-0.64541954,-0.60234237,-0.6164462,-0.62436295,low-flow,low-flow,low-flow,low-flow,2025-02-16 14:30:00
-0.5433632,-0.50211835,-0.51217973,-0.51950705,low-flow,low-flow,low-flow,low-flow,2025-02-16 14:45:00
-0.43323925,-0.39383778,-0.3999442,-0.40655637,low-flow,low-flow,low-flow,low-flow,2025-02-16 15:00:00
-0.31679702,-0.27920133,-0.28152385,-0.28730908,low-flow,low-flow,low-flow,low-flow,2025-02-16 15:15:00
-0.1958628,-0.16002102,-0.15879121,-0.16365382,low-flow,low-flow,low-flow,low-flow,2025-02-16 15:30:00
-0.07231423,-0.03818742,-0.033680286,-0.037542388,low-flow,low-flow,low-flow,low-flow,2025-02-16 15:45:00
0.051944442,0.08436344,0.09184114,0.08903832,high-flow,high-flow,high-flow,high-flow,2025-02-16 16:00:00
0.1750069,0.20568122,0.21579939,0.21409462,high-flow,high-flow,high-flow,high-flow,2025-02-16 16:15:00
0.29498866,0.32382977,0.33624297,0.33565462,high-flow,high-flow,high-flow,high-flow,2025-02-16 16:30:00
0.4100508,0.43691322,0.45127073,0.45179668,high-flow,high-flow,high-flow,high-flow,2025-02-16 16:45:00
0.51842314,0.5431009,0.5590595,0.5606777,high-flow,high-flow,high-flow,high-flow,2025-02-16 17:00:00
0.61842704,0.6406528,0.6578917,0.6605609,high-flow,high-flow,high-flow,high-flow,2025-02-16 17:15:00
0.70849854,0.7279467,0.74618155,0.7498426,high-flow,high-flow,high-flow,high-flow,2025-02-16 17:30:00
0.7872101,0.8035081,0.8225007,0.827078,high-flow,high-flow,high-flow,high-flow,2025-02-16 17:45:00
0.85329264,0.8660415,0.8856017,0.89100516,high-flow,high-flow,high-flow,high-flow,2025-02-16 18:00:00
0.90565634,0.91446203,0.9344403,0.94056726,high-flow,high-flow,high-flow,high-flow,2025-02-16 18:15:00
0.9434102,0.9479243,0.9681943,0.9749319,high-flow,high-flow,high-flow,high-flow,2025-02-16 18:30:00
0.96588045,0.9658456,0.9862805,0.993508,high-flow,high-flow,high-flow,high-flow,2025-02-16 18:45:00
0.97262585,0.96792036,0.98836714,0.99595827,high-flow,high-flow,high-flow,high-flow,2025-02-16 19:00:00
0.9634511,0.9541257,0.97438365,0.9822092,high-ebb,high-ebb,high-ebb,high-ebb,2025-02-16 19:15:00
0.93841636,0.9247164,0.94452506,0.95245504,high-ebb,high-ebb,high-ebb,high-ebb,2025-02-16 19:30:00
0.8978432,0.8802117,0.89925253,0.9071586,high-ebb,high-ebb,high-ebb,high-ebb,2025-02-16 19:45:00
0.84231526,0.82137644,0.8392887,0.8470462,high-ebb,high-ebb,high-ebb,high-ebb,2025-02-16 20:00:00
0.7726751,0.7491994,0.7656081,0.77309793,high-ebb,high-ebb,high-ebb,high-ebb,2025-02-16 20:15:00
0.6900147,0.6648724,0.67942256,0.68653303,high-ebb,high-ebb,high-ebb,high-ebb,2025-02-16 20:30:00
0.5956614,0.5697716,0.582162,0.5887902,high-ebb,high-ebb,high-ebb,high-ebb,2025-02-16 20:45:00
0.49115768,0.465441,0.47545052,0.48150346,high-ebb,high-ebb,high-ebb,high-ebb,2025-02-16 21:00:00
0.37823623,0.3535786,0.36107805,0.36647388,high-ebb,high-ebb,high-ebb,high-ebb,2025-02-16 21:15:00
0.25879008,0.23602061,0.240969,0.24563763,high-ebb,high-ebb,high-ebb,high-ebb,2025-02-16 21:30:00
0.13483837,0.11472216,0.117147714,0.12103122,high-ebb,high-ebb,high-ebb,high-ebb,2025-02-16 21:45:00
0.008488834,-0.008269165,-0.008298385,-0.0052454094,high-ebb,low-ebb,low-ebb,low-ebb,2025-02-16 22:00:00
-0.118102424,-0.13084872,-0.13325666,-0.13106708,low-ebb,low-ebb,low-ebb,low-ebb,2025-02-16 22:15:00
-0.24277255,-0.2508991,-0.25562775,-0.25432202,low-ebb,low-ebb,low-ebb,low-ebb,2025-02-16 22:30:00
-0.36339402,-0.36634162,-0.37336358,-0.37295,low-ebb,low-ebb,low-ebb,low-ebb,2025-02-16 22:45:00
-0.4779161,-0.475191,-0.48450398,-0.48497912,low-ebb,low-ebb,low-ebb,low-ebb,2025-02-16 23:00:00
-0.5844043,-0.5756087,-0.5872113,-0.5885605,low-ebb,low-ebb,low-ebb,low-ebb,2025-02-16 23:15:00
-0.68107706,-0.6659492,-0.6798022,-0.68200016,low-ebb,low-ebb,low-ebb,low-ebb,2025-02-16 23:30:00
-0.76633894,-0.74479574,-0.76077557,-0.76378703,low-ebb,low-ebb,low-ebb,low-ebb,2025-02-16 23:45:00
-0.83880836,-0.81098133,-0.82883704,-0.83261734,low-ebb,low-ebb,low-ebb,low-ebb,2025-02-17 00:00:00
-0.89734113,-0.8635965,-0.8829186,-0.8874145,low-ebb,low-ebb,low-ebb,low-ebb,2025-02-17 00:15:00
-0.94104743,-0.90198356,-0.922194,-0.92734414,low-ebb,low-ebb,low-ebb,low-ebb,2025-02-17 00:30:00
-0.96930367,-0.9257226,-0.9460887,-0.9518245,low-ebb,low-ebb,low-ebb,low-ebb,2025-02-17 00:45:00
-0.9817579,-0.93461263,-0.95428586,-0.96053207,low-ebb,low-ebb,low-ebb,low-ebb,2025-02-17 01:00:00
-0.97832954,-0.9286533,-0.94672745,-0.95340294,low-flow,low-flow,low-flow,low-flow,2025-02-17 01:15:00
-0.9592043,-0.90803075,-0.9236107,-0.93062884,low-flow,low-flow,low-flow,low-flow,2025-02-17 01:30:00
-0.92482334,-0.8731096,-0.8853806,-0.8926505,low-flow,low-flow,low-flow,low-flow,2025-02-17 01:45:00
-0.8758691,-0.82443106,-0.8327194,-0.8401459,low-flow,low-flow,low-flow,low-flow,2025-02-17 02:00:00
-0.8132468,-0.76271564,-0.7665314,-0.77401656,low-flow,low-flow,low-flow,low-flow,2025-02-17 02:15:00
-0.7380637,-0.6888673,-0.68792653,-0.6953699,low-flow,low-flow,low-flow,low-flow,2025-02-17 02:30:00
-0.6516058,-0.60397494,-0.5982002,-0.6055,low-flow,low-flow,low-flow,low-flow,2025-02-17 02:45:00
-0.5553135,-0.50930953,-0.49881184,-0.5058659,low-flow,low-flow,low-flow,low-flow,2025-02-17 03:00:00
-0.4507565,-0.40631285,-0.39136174,-0.39806834,low-flow,low-flow,low-flow,low-flow,2025-02-17 03:15:00
-0.3396075,-0.29657885,-0.27756616,-0.28382546,low-flow,low-flow,low-flow,low-flow,2025-02-17 03:30:00
-0.2236176,-0.18182792,-0.15923199,-0.16494706,low-flow,low-flow,low-flow,low-flow,2025-02-17 03:45:00
-0.10459072,-0.06387613,-0.03823031,-0.043308534,low-flow,low-flow,low-flow,low-flow,2025-02-17 04:00:00
0.015640534,0.055397492,0.08353046,0.079176016,high-flow,high-flow,high-flow,high-flow,2025-02-17 04:15:00
0.13523868,0.17408374,0.20413174,0.20058085,high-flow,high-flow,high-flow,high-flow,2025-02-17 04:30:00
0.25238425,0.29027393,0.32167202,0.31899586,high-flow,high-flow,high-flow,high-flow,2025-02-17 04:45:00
0.3652982,0.40208825,0.43429413,0.43255377,high-flow,high-flow,high-flow,high-flow,2025-02-17 05:00:00
0.47226366,0.5077021,0.5402121,0.5394571,high-flow,high-flow,high-flow,high-flow,2025-02-17 05:15:00
0.5716472,0.6053721,0.6377375,0.6380045,high-flow,high-flow,high-flow,high-flow,2025-02-17 05:30:00
0.6619199,0.6934622,0.72530526,0.72661674,high-flow,high-flow,high-flow,high-flow,2025-02-17 05:45:00
0.7416774,0.7704729,0.8014978,0.80386096,high-flow,high-flow,high-flow,high-flow,2025-02-17 06:00:00
0.80966043,0.8350715,0.8650685,0.86847425,high-flow,high-flow,high-flow,high-flow,2025-02-17 06:15:00
0.8647737,0.8861236,0.9149623,0.91938484,high-flow,high-flow,high-flow,high-flow,2025-02-17 06:30:00
0.9061045,0.92272353,0.9503352,0.95573145,high-flow,high-flow,high-flow,high-flow,2025-02-17 06:45:00
0.93294,0.94422007,0.97057015,0.9768796,high-flow,high-flow,high-flow,high-flow,2025-02-17 07:00:00
0.94478244,0.9502355,0.97528994,0.9824351,high-flow,high-flow,high-flow,high-flow,2025-02-17 07:15:00
0.9413622,0.94067466,0.96436715,0.97225404,high-ebb,high-ebb,high-ebb,high-ebb,2025-02-17 07:30:00
0.92264843,0.9157243,0.9379291,0.9464482,high-ebb,high-ebb,high-ebb,high-ebb,2025-02-17 07:45:00
0.88885593,0.87584156,0.89635956,0.9053872,high-ebb,high-ebb,high-ebb,high-ebb,2025-02-17 08:00:00
0.8404479,0.8217357,0.84029514,0.8496952,high-ebb,high-ebb,high-ebb,high-ebb,2025-02-17 08:15:00
0.7781351,0.7543438,0.77061725,0.78024316,high-ebb,high-ebb,high-ebb,high-ebb,2025-02-17 08:30:00
0.70286906,0.6748062,0.6884396,0.69813675,high-ebb,high-ebb,high-ebb,high-ebb,2025-02-17 08:45:00
0.61583126,0.58444226,0.59509075,0.60469896,high-ebb,high-ebb,high-ebb,high-ebb,2025-02-17 09:00:00
0.5184163,0.4847304,0.49209225,0.50144887,high-ebb,high-ebb,high-ebb,high-ebb,2025-02-17 09:15:00
0.41221082,0.37728992,0.38113302,0.3900758,high-ebb,high-ebb,high-ebb,high-ebb,2025-02-17 09:30:00
0.29896677,0.2638657,0.26403984,0.27241004,high-ebb,high-ebb,high-ebb,high-ebb,2025-02-17 09:45:00
0.1805708,0.14631101,0.1427452,0.15039068,high-ebb,high-ebb,high-ebb,high-ebb,2025-02-17 10:00:00
0.059009805,0.02656638,0.019252498,0.026031036,high-ebb,high-ebb,high-ebb,high-ebb,2025-02-17 10:15:00
-0.06366646,-0.093368426,-0.10439987,-0.09861778,low-ebb,low-ebb,low-ebb,low-ebb,2025-02-17 10:30:00
-0.18538482,-0.21147087,-0.22617543,-0.22150365,low-ebb,low-ebb,low-ebb,low-ebb,2025-02-17 10:45:00
-0.30408904,-0.32573986,-0.3440762,-0.34061044,low-ebb,low-ebb,low-ebb,low-ebb,2025-02-17 11:00:00
-0.41777998,-0.43424556,-0.45617837,-0.45399395,low-ebb,low-ebb,low-ebb,low-ebb,2025-02-17 11:15:00
-0.52455485,-0.5351804,-0.56066626,-0.5598162,low-ebb,low-ebb,low-ebb,low-ebb,2025-02-17 11:30:00
-0.62264365,-0.6269067,-0.6558635,-0.65637726,low-ebb,low-ebb,low-ebb,low-ebb,2025-02-17 11:45:00
-0.7104428,-0.707996,-0.74026155,-0.7421439,low-ebb,low-ebb,low-ebb,low-ebb,2025-02-17 12:00:00
-0.78654444,-0.7772561,-0.8125441,-0.8157748,low-ebb,low-ebb,low-ebb,low-ebb,2025-02-17 12:15:00
-0.84976095,-0.83374375,-0.8716074,-0.8761413,low-ebb,low-ebb,low-ebb,low-ebb,2025-02-17 12:30:00
-0.899144,-0.87676466,-0.91657674,-0.9223443,low-ebb,low-ebb,low-ebb,low-ebb,2025-02-17 12:45:00
-0.9339979,-0.9058614,-0.9468174,-0.953726,low-ebb,low-ebb,low-ebb,low-ebb,2025-02-17 13:00:00
-0.9538875,-0.9207947,-0.961942,-0.96987754,low-ebb,low-ebb,low-ebb,low-ebb,2025-02-17 13:15:00
-0.9586396,-0.92152274,-0.9618128,-0.9706416,low-ebb,low-ebb,low-flow,low-ebb,2025-02-17 13:30:00
-0.9483398,-0.9081826,-0.9465396,-0.9561114,low-flow,low-flow,low-flow,low-flow,2025-02-17 13:45:00
-0.9233234,-0.8810771,-0.91647404,-0.92662436,low-flow,low-flow,low-flow,low-flow,2025-02-17 14:00:00
-0.88416284,-0.84066916,-0.87219983,-0.8827535,low-flow,low-flow,low-flow,low-flow,2025-02-17 14:15:00
-0.83165026,-0.7875819,-0.8145195,-0.825294,low-flow,low-flow,low-flow,low-flow,2025-02-17 14:30:00
-0.766778,-0.722603,-0.74443895,-0.75524795,low-flow,low-flow,low-flow,low-flow,2025-02-17 14:45:00
-0.69071615,-0.64668983,-0.6631484,-0.6738055,low-flow,low-flow,low-flow,low-flow,2025-02-17 15:00:00
-0.6047885,-0.5609709,-0.5720024,-0.5823245,low-flow,low-flow,low-flow,low-flow,2025-02-17 15:15:00
-0.510448,-0.466742,-0.47249722,-0.48230833,low-flow,low-flow,low-flow,low-flow,2025-02-17 15:30:00
-0.40925157,-0.3654537,-0.36624748,-0.3753818,low-flow,low-flow,low-flow,low-flow,2025-02-17 15:45:00
-0.30283508,-0.25869155,-0.25496125,-0.26326647,low-flow,low-flow,low-flow,low-flow,2025-02-17 16:00:00
-0.1928889,-0.1481495,-0.14041491,-0.1477548,low-flow,low-flow,low-flow,low-flow,2025-02-17 16:15:00
-0.08113417,-0.035598867,-0.024427043,-0.030683953,low-flow,low-flow,low-flow,low-flow,2025-02-17 16:30:00
0.030699885,0.077144206,0.09116767,0.086090885,high-flow,high-flow,high-flow,high-flow,2025-02-17 16:45:00
0.1408979,0.18825056,0.2045448,0.20072323,high-flow,high-flow,high-flow,high-flow,2025-02-17 17:00:00
0.24777932,0.29590788,0.31391633,0.31140196,high-flow,high-flow,high-flow,high-flow,2025-02-17 17:15:00
0.3497185,0.39834827,0.4175565,0.41637772,high-flow,high-flow,high-flow,high-flow,2025-02-17 17:30:00
0.44516435,0.49387398,0.51382715,0.51398855,high-flow,high-flow,high-flow,high-flow,2025-02-17 17:45:00
0.5326592,0.58088326,0.60120225,0.6026852,high-flow,high-flow,high-flow,high-flow,2025-02-17 18:00:00
0.6108571,0.65789706,0.6782915,0.68105483,high-flow,high-flow,high-flow,high-flow,2025-02-17 18:15:00
0.67854244,0.7235874,0.7438622,0.74784356,high-flow,high-flow,high-flow,high-flow,2025-02-17 18:30:00
0.7346467,0.7768075,0.7968599,0.8019774,high-flow,high-flow,high-flow,high-flow,2025-02-17 18:45:00
0.77826583,0.81662166,0.83642656,0.8425807,high-flow,high-flow,high-flow,high-flow,2025-02-17 19:00:00
0.8086759,0.8423325,0.86191636,0.86899227,high-flow,high-flow,high-flow,high-flow,2025-02-17 19:15:00
0.8253478,0.8535025,0.87290883,0.8807786,high-flow,high-flow,high-flow,high-flow,2025-02-17 19:30:00
0.82796,0.84996766,0.86921823,0.87774366,high-flow,high-ebb,high-ebb,high-ebb,2025-02-17 19:45:00
0.8164094,0.8318402,0.8508998,0.85993505,high-ebb,high-ebb,high-ebb,high-ebb,2025-02-17 20:00:00
0.79081887,0.79950166,0.8182517,0.8276458,high-ebb,high-ebb,high-ebb,high-ebb,2025-02-17 20:15:00
0.75154185,0.7535855,0.7718132,0.78141266,high-ebb,high-ebb,high-ebb,high-ebb,2025-02-17 20:30:00
0.6991632,0.6949536,0.7123576,0.7220093,high-ebb,high-ebb,high-ebb,high-ebb,2025-02-17 20:45:00
0.6344954,0.6246689,0.64088184,0.65043527,high-ebb,high-ebb,high-ebb,high-ebb,2025-02-17 21:00:00
0.5585704,0.5439682,0.55859125,0.56790066,high-ebb,high-ebb,high-ebb,high-ebb,2025-02-17 21:15:00
0.47262645,0.45423743,0.46687967,0.47580633,high-ebb,high-ebb,high-ebb,high-ebb,2025-02-17 21:30:00
0.37809038,0.3569909,0.36730653,0.3757204,high-ebb,high-ebb,high-ebb,high-ebb,2025-02-17 21:45:00
0.27655467,0.25385413,0.26156968,0.26935118,high-ebb,high-ebb,high-ebb,high-ebb,2025-02-17 22:00:00
0.1697505,0.14654832,0.15147564,0.15851687,high-ebb,high-ebb,high-ebb,high-ebb,2025-02-17 22:15:00
0.05951676,0.036873408,0.03890741,0.04511324,high-ebb,high-ebb,high-ebb,high-ebb,2025-02-17 22:30:00
-0.052234285,-0.07331317,-0.074209444,-0.06892045,low-ebb,low-ebb,low-ebb,low-ebb,2025-02-17 22:45:00
-0.16355361,-0.18212466,-0.18594156,-0.18163656,low-ebb,low-ebb,low-ebb,low-ebb,2025-02-17 23:00:00
-0.27249357,-0.28768092,-0.2943827,-0.29111415,low-ebb,low-ebb,low-ebb,low-ebb,2025-02-17 23:15:00
-0.37714648,-0.3881513,-0.397688,-0.39549357,low-ebb,low-ebb,low-ebb,low-ebb,2025-02-17 23:30:00
-0.4756826,-0.4818012,-0.49410686,-0.49300933,low-ebb,low-ebb,low-ebb,low-ebb,2025-02-17 23:45:00
-0.5663863,-0.567039,-0.5820137,-0.58202106,low-ebb,low-ebb,low-ebb,low-ebb,2025-02-18 00:00:00
-0.64768976,-0.6424571,-0.65993595,-0.6610417,low-ebb,low-ebb,low-ebb,low-ebb,2025-02-18 00:15:00
-0.7182028,-0.70686406,-0.72657835,-0.72876203,low-ebb,low-ebb,low-ebb,low-ebb,2025-02-18 00:30:00
-0.7767387,-0.7593034,-0.78084445,-0.784072,low-ebb,low-ebb,low-ebb,low-ebb,2025-02-18 00:45:00
-0.8223344,-0.79905975,-0.82185274,-0.82607716,low-ebb,low-ebb,low-ebb,low-ebb,2025-02-18 01:00:00
-0.8542659,-0.8256512,-0.8489497,-0.8541115,low-ebb,low-ebb,low-ebb,low-ebb,2025-02-18 01:15:00
-0.8720577,-0.8388135,-0.8617173,-0.8677456,low-ebb,low-ebb,low-ebb,low-ebb,2025-02-18 01:30:00
-0.87548655,-0.8384784,-0.85997725,-0.8667901,low-ebb,low-flow,low-flow,low-flow,2025-02-18 01:45:00
-0.8645797,-0.8247528,-0.84379005,-0.8512957,low-flow,low-flow,low-flow,low-flow,2025-02-18 02:00:00
-0.8396082,-0.7979017,-0.8134509,-0.8215483,low-flow,low-flow,low-flow,low-flow,2025-02-18 02:15:00
-0.8010752,-0.75833744,-0.7694808,-0.7780609,low-flow,low-flow,low-flow,low-flow,2025-02-18 02:30:00
-0.7497006,-0.7066175,-0.71261567,-0.7215621,low-flow,low-flow,low-flow,low-flow,2025-02-18 02:45:00
-0.686402,-0.643447,-0.6437911,-0.6529816,low-flow,low-flow,low-flow,low-flow,2025-02-18 03:00:00
-0.6122736,-0.56968534,-0.56412536,-0.57343274,low-flow,low-flow,low-flow,low-flow,2025-02-18 03:15:00
-0.52856255,-0.48635197,-0.4749001,-0.48419374,low-flow,low-flow,low-flow,low-flow,2025-02-18 03:30:00
-0.43664518,-0.39462787,-0.37753886,-0.38668606,low-flow,low-flow,low-flow,low-flow,2025-02-18 03:45:00
-0.33800182,-0.2958501,-0.27358472,-0.28245205,low-flow,low-flow,low-flow,low-flow,2025-02-18 04:00:00
-0.2341924,-0.19149828,-0.16467622,-0.17313132,low-flow,low-flow,low-flow,low-flow,2025-02-18 04:15:00
-0.12683222,-0.08317292,-0.052523047,-0.060436204,low-flow,low-flow,low-flow,low-flow,2025-02-18 04:30:00
-0.017568795,0.027432326,0.061119225,0.053873226,low-flow,high-flow,high-flow,high-flow,2025-02-18 04:45:00
0.091940336,0.13856226,0.17447446,0.16801453,high-flow,high-flow,high-flow,high-flow,2025-02-18 05:00:00
0.2000487,0.2484328,0.28577146,0.2802083,high-flow,high-flow,high-flow,high-flow,2025-02-18 05:15:00
0.3051408,0.35526258,0.3932693,0.3887035,high-flow,high-flow,high-flow,high-flow,2025-02-18 05:30:00
0.40565103,0.4573024,0.49528238,0.4918025,high-flow,high-flow,high-flow,high-flow,2025-02-18 05:45:00
0.50008184,0.55286264,0.5902048,0.5878856,high-flow,high-flow,high-flow,high-flow,2025-02-18 06:00:00
0.58702075,0.64033914,0.67653406,0.67543495,high-flow,high-flow,high-flow,high-flow,2025-02-18 06:15:00
0.6651577,0.7182393,0.7528939,0.75305694,high-flow,high-flow,high-flow,high-flow,2025-02-18 06:30:00
0.73330057,0.78520936,0.81805545,0.8195044,high-flow,high-flow,high-flow,high-flow,2025-02-18 06:45:00
0.7903917,0.84006286,0.8709571,0.8736959,high-flow,high-flow,high-flow,high-flow,2025-02-18 07:00:00
0.8355228,0.8818099,0.910722,0.91473454,high-flow,high-flow,high-flow,high-flow,2025-02-18 07:15:00
0.8679497,0.9096855,0.9366744,0.9419232,high-flow,high-flow,high-flow,high-flow,2025-02-18 07:30:00
0.88710636,0.92317355,0.94835156,0.9547781,high-flow,high-flow,high-flow,high-flow,2025-02-18 07:45:00
0.8926168,0.9220242,0.94551426,0.9530391,high-flow,high-ebb,high-ebb,high-ebb,2025-02-18 08:00:00
0.8843063,0.90626144,0.9281532,0.9366766,high-ebb,high-ebb,high-ebb,high-ebb,2025-02-18 08:15:00
0.86221,0.8761807,0.89649194,0.9058948,high-ebb,high-ebb,high-ebb,high-ebb,2025-02-18 08:30:00
0.826578,0.8323352,0.85098594,0.8611314,high-ebb,high-ebb,high-ebb,high-ebb,2025-02-18 08:45:00
0.77787906,0.7755138,0.79231775,0.80305296,high-ebb,high-ebb,high-ebb,high-ebb,2025-02-18 09:00:00
0.7167982,0.7067138,0.7213877,0.73254615,high-ebb,high-ebb,high-ebb,high-ebb,2025-02-18 09:15:00
0.6442323,0.6271102,0.6393009,0.6507049,high-ebb,high-ebb,high-ebb,high-ebb,2025-02-18 09:30:00
0.5612797,0.5380278,0.54735,0.5588139,high-ebb,high-ebb,high-ebb,high-ebb,2025-02-18 09:45:00
0.4692264,0.44091645,0.4469943,0.4583275,high-ebb,high-ebb,high-ebb,high-ebb,2025-02-18 10:00:00
0.3695265,0.33733028,0.33983538,0.35084563,high-ebb,high-ebb,high-ebb,high-ebb,2025-02-18 10:15:00
0.2637793,0.22891164,0.22758964,0.23808685,high-ebb,high-ebb,high-ebb,high-ebb,2025-02-18 10:30:00
0.15370174,0.11737585,0.11205876,0.12185849,high-ebb,high-ebb,high-ebb,high-ebb,2025-02-18 10:45:00
0.041097365,0.0044944496,-0.004902034,0.0040250015,high-ebb,high-ebb,low-ebb,high-ebb,2025-02-18 11:00:00
-0.07217718,-0.10792629,-0.12141668,-0.113524795,low-ebb,low-ebb,low-ebb,low-ebb,2025-02-18 11:15:00
-0.18424794,-0.21807368,-0.23562144,-0.22891107,low-ebb,low-ebb,low-ebb,low-ebb,2025-02-18 11:30:00
-0.29326028,-0.3241642,-0.34569776,-0.34029615,low-ebb,low-ebb,low-ebb,low-ebb,2025-02-18 11:45:00
-0.39741552,-0.424485,-0.4499041,-0.44591662,low-ebb,low-ebb,low-ebb,low-ebb,2025-02-18 12:00:00
-0.49500665,-0.5174378,-0.54660606,-0.54411393,low-ebb,low-ebb,low-ebb,low-ebb,2025-02-18 12:15:00
-0.5844518,-0.60158134,-0.6343043,-0.6333625,low-ebb,low-ebb,low-ebb,low-ebb,2025-02-18 12:30:00
-0.66432476,-0.6756667,-0.711659,-0.71229523,low-ebb,low-ebb,low-ebb,low-ebb,2025-02-18 12:45:00
-0.7333819,-0.73866296,-0.777512,-0.7797257,low-ebb,low-ebb,low-ebb,low-ebb,2025-02-18 13:00:00
-0.790584,-0.7897692,-0.83090407,-0.834666,low-ebb,low-ebb,low-ebb,low-ebb,2025-02-18 13:15:00
-0.8351137,-0.82841367,-0.87108874,-0.87634176,low-ebb,low-ebb,low-ebb,low-ebb,2025-02-18 13:30:00
-0.8663868,-0.85424197,-0.8975422,-0.9042018,low-ebb,low-ebb,low-ebb,low-ebb,2025-02-18 13:45:00
-0.8840587,-0.86709726,-0.9099685,-0.9179245,low-ebb,low-ebb,low-ebb,low-ebb,2025-02-18 14:00:00
-0.8880251,-0.866998,-0.9083012,-0.9174196,low-ebb,low-flow,low-flow,low-flow,2025-02-18 14:15:00
-0.8784172,-0.8541175,-0.8927004,-0.90282613,low-flow,low-flow,low-flow,low-flow,2025-02-18 14:30:00
-0.8555927,-0.828769,-0.8635468,-0.8745066,low-flow,low-flow,low-flow,low-flow,2025-02-18 14:45:00
-0.8201221,-0.79139835,-0.8214321,-0.8330376,low-flow,low-flow,low-flow,low-flow,2025-02-18 15:00:00
-0.77277184,-0.7425842,-0.7671458,-0.7791975,low-flow,low-flow,low-flow,low-flow,2025-02-18 15:15:00
-0.7144841,-0.6830434,-0.70166034,-0.71395123,low-flow,low-flow,low-flow,low-flow,2025-02-18 15:30:00
-0.6463552,-0.61363906,-0.6261129,-0.63843244,low-flow,low-flow,low-flow,low-flow,2025-02-18 15:45:00
-0.56961226,-0.5353859,-0.5417859,-0.55392426,low-flow,low-flow,low-flow,low-flow,2025-02-18 16:00:00
-0.48558915,-0.44945166,-0.45008606,-0.4618378,low-flow,low-flow,low-flow,low-flow,2025-02-18 16:15:00
-0.39570305,-0.3571495,-0.35252163,-0.36368954,low-flow,low-flow,low-flow,low-flow,2025-02-18 16:30:00
-0.3014307,-0.259923,-0.2506791,-0.26107803,low-flow,low-flow,low-flow,low-flow,2025-02-18 16:45:00
-0.20428613,-0.1593229,-0.1461995,-0.15565945,low-flow,low-flow,low-flow,low-flow,2025-02-18 17:00:00
-0.105799295,-0.05697837,-0.04075381,-0.049123082,low-flow,low-flow,low-flow,low-flow,2025-02-18 17:15:00
-0.007495934,0.0454347,0.06398121,0.056833595,low-flow,high-flow,high-flow,high-flow,2025-02-18 17:30:00
0.08912118,0.14622582,0.16634746,0.16052961,high-flow,high-flow,high-flow,high-flow,2025-02-18 17:45:00
0.18258981,0.24372053,0.26472944,0.26032498,high-flow,high-flow,high-flow,high-flow,2025-02-18 18:00:00
0.2715049,0.3362887,0.3575777,0.3546448,high-flow,high-flow,high-flow,high-flow,2025-02-18 18:15:00
0.3545341,0.4223706,0.44343174,0.44200236,high-flow,high-flow,high-flow,high-flow,2025-02-18 18:30:00
0.43043277,0.5005022,0.5209415,0.5210215,high-flow,high-flow,high-flow,high-flow,2025-02-18 18:45:00
0.49805862,0.56934035,0.58888817,0.59045774,high-flow,high-flow,high-flow,high-flow,2025-02-18 19:00:00
0.55638546,0.62768894,0.6462033,0.6492177,high-flow,high-flow,high-flow,high-flow,2025-02-18 19:15:00
0.6045172,0.6745266,0.6919857,0.6963772,high-flow,high-flow,high-flow,high-flow,2025-02-18 19:30:00
0.6417009,0.70903367,0.72551745,0.7311963,high-flow,high-flow,high-flow,high-flow,2025-02-18 19:45:00
0.6673396,0.7306177,0.7462759,0.7531329,high-flow,high-flow,high-flow,high-flow,2025-02-18 20:00:00
0.68100405,0.738933,0.7539444,0.7618533,high-flow,high-flow,high-flow,high-flow,2025-02-18 20:15:00
0.6824433,0.7338929,0.74841917,0.7572391,high-flow,high-ebb,high-ebb,high-ebb,2025-02-18 20:30:00
0.671594,0.71567184,0.7298134,0.7393917,high-ebb,high-ebb,high-ebb,high-ebb,2025-02-18 20:45:00
0.648587,0.68469685,0.69845736,0.7086323,high-ebb,high-ebb,high-ebb,high-ebb,2025-02-18 21:00:00
0.61375153,0.64162904,0.6548952,0.6654991,high-ebb,high-ebb,high-ebb,high-ebb,2025-02-18 21:15:00
0.5676165,0.5873375,0.5998779,0.61073977,high-ebb,high-ebb,high-ebb,high-ebb,2025-02-18 21:30:00
0.510908,0.5228693,0.53435236,0.5453007,high-ebb,high-ebb,high-ebb,high-ebb,2025-02-18 21:45:00
0.4445425,0.44941863,0.45944667,0.47031227,high-ebb,high-ebb,high-ebb,high-ebb,2025-02-18 22:00:00
0.3696164,0.36829916,0.37645197,0.38707018,high-ebb,high-ebb,high-ebb,high-ebb,2025-02-18 22:15:00
0.28739086,0.28092095,0.286801,0.2970142,high-ebb,high-ebb,high-ebb,high-ebb,2025-02-18 22:30:00
0.1992725,0.18877272,0.19204368,0.20170318,high-ebb,high-ebb,high-ebb,high-ebb,2025-02-18 22:45:00
0.10678987,0.09340752,0.09382009,0.10278813,high-ebb,high-ebb,high-ebb,high-ebb,2025-02-18 23:00:00
0.011566324,-0.0035702542,-0.006168202,0.001983052,high-ebb,low-ebb,low-ebb,high-ebb,2025-02-18 23:15:00
-0.08471015,-0.100520164,-0.10618839,-0.09896549,low-ebb,low-ebb,low-ebb,low-ebb,2025-02-18 23:30:00
-0.18031956,-0.1957862,-0.2045073,-0.19830948,low-ebb,low-ebb,low-ebb,low-ebb,2025-02-18 23:45:00
-0.27354404,-0.28772405,-0.29942238,-0.29433063,low-ebb,low-ebb,low-ebb,low-ebb,2025-02-19 00:00:00
