time,FES2022_heightm,FES2022_stage
2026-07-15 00:10:00,-0.3282311,low-flow
2026-07-15 00:20:00,-0.22498135,low-flow
2026-07-15 00:30:00,-0.11897331,low-flow
2026-07-15 00:40:00,-0.010894737,low-flow
2026-07-15 00:50:00,0.09856046,high-flow
2026-07-15 01:00:00,0.20869666,high-flow
2026-07-15 01:10:00,0.31882042,high-flow
2026-07-15 01:20:00,0.4282436,high-flow
2026-07-15 01:30:00,0.53628635,high-flow
2026-07-15 01:40:00,0.64227885,high-flow
2026-07-15 01:50:00,0.7455636,high-flow
2026-07-15 02:00:00,0.8454968,high-flow
2026-07-15 02:10:00,0.94144976,high-flow
2026-07-15 02:20:00,1.032811,high-flow
2026-07-15 02:30:00,1.1189883,high-flow
2026-07-15 02:40:00,1.1994104,high-flow
2026-07-15 02:50:00,1.2735311,high-flow
2026-07-15 03:00:00,1.3408314,high-flow
2026-07-15 03:10:00,1.4008243,high-flow
2026-07-15 03:20:00,1.4530581,high-flow
2026-07-15 03:30:00,1.4971211,high-flow
2026-07-15 03:40:00,1.5326457,high-flow
2026-07-15 03:50:00,1.5593119,high-flow
2026-07-15 04:00:00,1.5768518,high-flow
2026-07-15 04:10:00,1.5850521,high-flow
2026-07-15 04:20:00,1.583757,high-flow
2026-07-15 04:30:00,1.57287,high-ebb
2026-07-15 04:40:00,1.552356,high-ebb
2026-07-15 04:50:00,1.5222417,high-ebb
2026-07-15 05:00:00,1.4826167,high-ebb
2026-07-15 05:10:00,1.433634,high-ebb
2026-07-15 05:20:00,1.3755101,high-ebb
2026-07-15 05:30:00,1.3085253,high-ebb
2026-07-15 05:40:00,1.233024,high-ebb
2026-07-15 05:50:00,1.1494148,high-ebb
2026-07-15 06:00:00,1.0581701,high-ebb
2026-07-15 06:10:00,0.9598266,high-ebb
2026-07-15 06:20:00,0.8549837,high-ebb
2026-07-15 06:30:00,0.74430233,high-ebb
2026-07-15 06:40:00,0.62850267,high-ebb
2026-07-15 06:50:00,0.5083601,high-ebb
2026-07-15 07:00:00,0.3847007,high-ebb
2026-07-15 07:10:00,0.2583947,high-ebb
2026-07-15 07:20:00,0.13034892,high-ebb
2026-07-15 07:30:00,0.0014975707,high-ebb
2026-07-15 07:40:00,-0.12720802,low-ebb
2026-07-15 07:50:00,-0.25481048,low-ebb
2026-07-15 08:00:00,-0.38035816,low-ebb
2026-07-15 08:10:00,-0.5029169,low-ebb
2026-07-15 08:20:00,-0.6215816,low-ebb
2026-07-15 08:30:00,-0.73548764,low-ebb
2026-07-15 08:40:00,-0.84382,low-ebb
2026-07-15 08:50:00,-0.9458224,low-ebb
2026-07-15 09:00:00,-1.0408044,low-ebb
2026-07-15 09:10:00,-1.1281463,low-ebb
2026-07-15 09:20:00,-1.2073032,low-ebb
2026-07-15 09:30:00,-1.2778072,low-ebb
2026-07-15 09:40:00,-1.3392678,low-ebb
2026-07-15 09:50:00,-1.3913718,low-ebb
2026-07-15 10:00:00,-1.4338815,low-ebb
2026-07-15 10:10:00,-1.4666328,low-ebb
2026-07-15 10:20:00,-1.4895334,low-ebb
2026-07-15 10:30:00,-1.5025593,low-ebb
2026-07-15 10:40:00,-1.5057533,low-ebb
2026-07-15 10:50:00,-1.4992218,low-flow
2026-07-15 11:00:00,-1.4831331,low-flow
2026-07-15 11:10:00,-1.4577148,low-flow
2026-07-15 11:20:00,-1.423252,low-flow
2026-07-15 11:30:00,-1.3800849,low-flow
2026-07-15 11:40:00,-1.328606,low-flow
2026-07-15 11:50:00,-1.2692575,low-flow
2026-07-15 12:00:00,-1.202528,low-flow
2026-07-15 12:10:00,-1.1289483,low-flow
2026-07-15 12:20:00,-1.049087,low-flow
2026-07-15 12:30:00,-0.96354634,low-flow
2026-07-15 12:40:00,-0.8729563,low-flow
2026-07-15 12:50:00,-0.7779698,low-flow
2026-07-15 13:00:00,-0.6792575,low-flow
2026-07-15 13:10:00,-0.5775026,low-flow
2026-07-15 13:20:00,-0.4733963,low-flow
2026-07-15 13:30:00,-0.36763364,low-flow
2026-07-15 13:40:00,-0.26090974,low-flow
2026-07-15 13:50:00,-0.15391695,low-flow
2026-07-15 14:00:00,-0.047342177,low-flow
2026-07-15 14:10:00,0.05813517,high-flow
2026-07-15 14:20:00,0.16184506,high-flow
2026-07-15 14:30:00,0.26312855,high-flow
2026-07-15 14:40:00,0.36133972,high-flow
2026-07-15 14:50:00,0.45584762,high-flow
2026-07-15 15:00:00,0.5460388,high-flow
2026-07-15 15:10:00,0.6313202,high-flow
2026-07-15 15:20:00,0.71112263,high-flow
2026-07-15 15:30:00,0.78490454,high-flow
2026-07-15 15:40:00,0.8521562,high-flow
2026-07-15 15:50:00,0.9124043,high-flow
2026-07-15 16:00:00,0.9652161,high-flow
2026-07-15 16:10:00,1.0102043,high-flow
2026-07-15 16:20:00,1.0470309,high-flow
2026-07-15 16:30:00,1.0754107,high-flow
2026-07-15 16:40:00,1.0951147,high-flow
2026-07-15 16:50:00,1.1059726,high-flow
2026-07-15 17:00:00,1.1078746,high-flow
2026-07-15 17:10:00,1.1007735,high-ebb
2026-07-15 17:20:00,1.0846844,high-ebb
2026-07-15 17:30:00,1.059687,high-ebb
2026-07-15 17:40:00,1.0259249,high-ebb
2026-07-15 17:50:00,0.98360634,high-ebb
2026-07-15 18:00:00,0.9330043,high-ebb
2026-07-15 18:10:00,0.87445694,high-ebb
2026-07-15 18:20:00,0.8083671,high-ebb
2026-07-15 18:30:00,0.7352028,high-ebb
2026-07-15 18:40:00,0.6554961,high-ebb
2026-07-15 18:50:00,0.56984234,high-ebb
2026-07-15 19:00:00,0.47889778,high-ebb
2026-07-15 19:10:00,0.3833768,high-ebb
2026-07-15 19:20:00,0.28404745,high-ebb
2026-07-15 19:30:00,0.18172596,high-ebb
2026-07-15 19:40:00,0.077269554,high-ebb
2026-07-15 19:50:00,-0.028431967,low-ebb
2026-07-15 20:00:00,-0.13446593,low-ebb
2026-07-15 20:10:00,-0.23990759,low-ebb
2026-07-15 20:20:00,-0.34383154,low-ebb
2026-07-15 20:30:00,-0.44532365,low-ebb
2026-07-15 20:40:00,-0.54349273,low-ebb
2026-07-15 20:50:00,-0.637482,low-ebb
2026-07-15 21:00:00,-0.7264794,low-ebb
2026-07-15 21:10:00,-0.8097271,low-ebb
2026-07-15 21:20:00,-0.88652885,low-ebb
2026-07-15 21:30:00,-0.95625675,low-ebb
2026-07-15 21:40:00,-1.0183554,low-ebb
2026-07-15 21:50:00,-1.0723448,low-ebb
2026-07-15 22:00:00,-1.1178217,low-ebb
2026-07-15 22:10:00,-1.15446,low-ebb
2026-07-15 22:20:00,-1.1820089,low-ebb
2026-07-15 22:30:00,-1.2002921,low-ebb
2026-07-15 22:40:00,-1.209205,low-ebb
2026-07-15 22:50:00,-1.2087125,low-ebb
2026-07-15 23:00:00,-1.1988457,low-flow
2026-07-15 23:10:00,-1.1797007,low-flow
2026-07-15 23:20:00,-1.1514354,low-flow
2026-07-15 23:30:00,-1.1142671,low-flow
2026-07-15 23:40:00,-1.0684712,low-flow
2026-07-15 23:50:00,-1.0143787,low-flow
2026-07-16 00:00:00,-0.95237327,low-flow
2026-07-16 00:10:00,-0.8828897,low-flow
2026-07-16 00:20:00,-0.80640984,low-flow
2026-07-16 00:30:00,-0.72345984,low-flow
2026-07-16 00:40:00,-0.63460547,low-flow
2026-07-16 00:50:00,-0.54044807,low-flow
2026-07-16 01:00:00,-0.44161937,low-flow
2026-07-16 01:10:00,-0.33877662,low-flow
2026-07-16 01:20:00,-0.23259714,low-flow
2026-07-16 01:30:00,-0.12377329,low-flow
2026-07-16 01:40:00,-0.013007688,low-flow
2026-07-16 01:50:00,0.09899135,high-flow
2026-07-16 02:00:00,0.21151367,high-flow
2026-07-16 02:10:00,0.3238507,high-flow
2026-07-16 02:20:00,0.4352983,high-flow
2026-07-16 02:30:00,0.54515916,high-flow
2026-07-16 02:40:00,0.652745,high-flow
2026-07-16 02:50:00,0.7573783,high-flow
2026-07-16 03:00:00,0.85839415,high-flow
2026-07-16 03:10:00,0.9551426,high-flow
2026-07-16 03:20:00,1.046991,high-flow
2026-07-16 03:30:00,1.1333266,high-flow
2026-07-16 03:40:00,1.2135601,high-flow
2026-07-16 03:50:00,1.2871292,high-flow
2026-07-16 04:00:00,1.353503,high-flow
2026-07-16 04:10:00,1.4121866,high-flow
2026-07-16 04:20:00,1.4627254,high-flow
2026-07-16 04:30:00,1.5047097,high-flow
2026-07-16 04:40:00,1.5377793,high-flow
2026-07-16 04:50:00,1.5616276,high-flow
2026-07-16 05:00:00,1.5760045,high-flow
2026-07-16 05:10:00,1.5807197,high-flow
2026-07-16 05:20:00,1.5756453,high-ebb
2026-07-16 05:30:00,1.5607166,high-ebb
2026-07-16 05:40:00,1.5359343,high-ebb
2026-07-16 05:50:00,1.5013648,high-ebb
2026-07-16 06:00:00,1.4571403,high-ebb
2026-07-16 06:10:00,1.4034598,high-ebb
2026-07-16 06:20:00,1.3405889,high-ebb
2026-07-16 06:30:00,1.2688597,high-ebb
2026-07-16 06:40:00,1.1886715,high-ebb
2026-07-16 06:50:00,1.1004896,high-ebb
2026-07-16 07:00:00,1.0048455,high-ebb
2026-07-16 07:10:00,0.90233606,high-ebb
2026-07-16 07:20:00,0.79362124,high-ebb
2026-07-16 07:30:00,0.679422,high-ebb
2026-07-16 07:40:00,0.5605165,high-ebb
2026-07-16 07:50:00,0.43773478,high-ebb
2026-07-16 08:00:00,0.3119529,high-ebb
2026-07-16 08:10:00,0.18408465,high-ebb
2026-07-16 08:20:00,0.055072814,high-ebb
2026-07-16 08:30:00,-0.07412138,low-ebb
2026-07-16 08:40:00,-0.20252925,low-ebb
2026-07-16 08:50:00,-0.32918644,low-ebb
2026-07-16 09:00:00,-0.4531447,low-ebb
2026-07-16 09:10:00,-0.5734836,low-ebb
2026-07-16 09:20:00,-0.6893213,low-ebb
2026-07-16 09:30:00,-0.7998247,low-ebb
2026-07-16 09:40:00,-0.90421796,low-ebb
2026-07-16 09:50:00,-1.0017893,low-ebb
2026-07-16 10:00:00,-1.0918969,low-ebb
2026-07-16 10:10:00,-1.1739721,low-ebb
2026-07-16 10:20:00,-1.2475221,low-ebb
2026-07-16 10:30:00,-1.3121303,low-ebb
2026-07-16 10:40:00,-1.3674562,low-ebb
2026-07-16 10:50:00,-1.4132339,low-ebb
2026-07-16 11:00:00,-1.4492705,low-ebb
2026-07-16 11:10:00,-1.4754438,low-ebb
2026-07-16 11:20:00,-1.4916999,low-ebb
2026-07-16 11:30:00,-1.4980508,low-ebb
2026-07-16 11:40:00,-1.4945724,low-flow
2026-07-16 11:50:00,-1.4814026,low-flow
2026-07-16 12:00:00,-1.4587394,low-flow
2026-07-16 12:10:00,-1.426839,low-flow
2026-07-16 12:20:00,-1.3860137,low-flow
2026-07-16 12:30:00,-1.3366305,low-flow
2026-07-16 12:40:00,-1.2791071,low-flow
2026-07-16 12:50:00,-1.2139106,low-flow
2026-07-16 13:00:00,-1.1415527,low-flow
2026-07-16 13:10:00,-1.0625863,low-flow
2026-07-16 13:20:00,-0.9776009,low-flow
2026-07-16 13:30:00,-0.8872174,low-flow
2026-07-16 13:40:00,-0.79208356,low-flow
2026-07-16 13:50:00,-0.6928685,low-flow
2026-07-16 14:00:00,-0.5902578,low-flow
2026-07-16 14:10:00,-0.48494917,low-flow
2026-07-16 14:20:00,-0.37764758,low-flow
2026-07-16 14:30:00,-0.26906207,low-flow
2026-07-16 14:40:00,-0.15990216,low-flow
2026-07-16 14:50:00,-0.05087518,low-flow
2026-07-16 15:00:00,0.057316195,high-flow
2026-07-16 15:10:00,0.16397613,high-flow
2026-07-16 15:20:00,0.2684178,high-flow
2026-07-16 15:30:00,0.36996555,high-flow
2026-07-16 15:40:00,0.46795747,high-flow
2026-07-16 15:50:00,0.56174827,high-flow
2026-07-16 16:00:00,0.6507125,high-flow
2026-07-16 16:10:00,0.7342486,high-flow
2026-07-16 16:20:00,0.81178284,high-flow
2026-07-16 16:30:00,0.88277423,high-flow
2026-07-16 16:40:00,0.94671905,high-flow
2026-07-16 16:50:00,1.0031557,high-flow
2026-07-16 17:00:00,1.0516696,high-flow
2026-07-16 17:10:00,1.0918971,high-flow
2026-07-16 17:20:00,1.1235299,high-flow
2026-07-16 17:30:00,1.1463175,high-flow
2026-07-16 17:40:00,1.1600705,high-flow
2026-07-16 17:50:00,1.1646625,high-flow
2026-07-16 18:00:00,1.1600312,high-ebb
2026-07-16 18:10:00,1.1461796,high-ebb
2026-07-16 18:20:00,1.1231762,high-ebb
2026-07-16 18:30:00,1.0911556,high-ebb
2026-07-16 18:40:00,1.0503186,high-ebb
2026-07-16 18:50:00,1.0009316,high-ebb
2026-07-16 19:00:00,0.94332737,high-ebb
2026-07-16 19:10:00,0.8779042,high-ebb
2026-07-16 19:20:00,0.8051259,high-ebb
2026-07-16 19:30:00,0.72552073,high-ebb
2026-07-16 19:40:00,0.63968045,high-ebb
2026-07-16 19:50:00,0.5482577,high-ebb
2026-07-16 20:00:00,0.4519633,high-ebb
2026-07-16 20:10:00,0.35156187,high-ebb
2026-07-16 20:20:00,0.24786614,high-ebb
2026-07-16 20:30:00,0.14173009,high-ebb
2026-07-16 20:40:00,0.03404058,high-ebb
2026-07-16 20:50:00,-0.074292086,low-ebb
2026-07-16 21:00:00,-0.1823448,low-ebb
2026-07-16 21:10:00,-0.2891928,low-ebb
2026-07-16 21:20:00,-0.39392132,low-ebb
2026-07-16 21:30:00,-0.4956371,low-ebb
2026-07-16 21:40:00,-0.5934794,low-ebb
2026-07-16 21:50:00,-0.68663037,low-ebb
2026-07-16 22:00:00,-0.7743239,low-ebb
2026-07-16 22:10:00,-0.8558534,low-ebb
2026-07-16 22:20:00,-0.93057775,low-ebb
2026-07-16 22:30:00,-0.9979258,low-ebb
2026-07-16 22:40:00,-1.057399,low-ebb
2026-07-16 22:50:00,-1.1085731,low-ebb
2026-07-16 23:00:00,-1.1510973,low-ebb
2026-07-16 23:10:00,-1.1846945,low-ebb
2026-07-16 23:20:00,-1.209159,low-ebb
2026-07-16 23:30:00,-1.2243544,low-ebb
2026-07-16 23:40:00,-1.2302114,low-ebb
2026-07-16 23:50:00,-1.2267258,low-flow
2026-07-17 00:00:00,-1.2139561,low-flow
2026-07-17 00:10:00,-1.1920216,low-flow
2026-07-17 00:20:00,-1.1611009,low-flow
2026-07-17 00:30:00,-1.1214297,low-flow
2026-07-17 00:40:00,-1.0733,low-flow
2026-07-17 00:50:00,-1.0170574,low-flow
2026-07-17 01:00:00,-0.9530996,low-flow
2026-07-17 01:10:00,-0.8818736,low-flow
2026-07-17 01:20:00,-0.8038726,low-flow
2026-07-17 01:30:00,-0.7196327,low-flow
2026-07-17 01:40:00,-0.62972844,low-flow
2026-07-17 01:50:00,-0.5347686,low-flow
2026-07-17 02:00:00,-0.43539104,low-flow
2026-07-17 02:10:00,-0.33225778,low-flow
2026-07-17 02:20:00,-0.2260501,low-flow
2026-07-17 02:30:00,-0.11746353,low-flow
2026-07-17 02:40:00,-0.007203438,low-flow
2026-07-17 02:50:00,0.10401908,high-flow
2026-07-17 03:00:00,0.21549086,high-flow
2026-07-17 03:10:00,0.32649973,high-flow
2026-07-17 03:20:00,0.43633738,high-flow
2026-07-17 03:30:00,0.54430175,high-flow
2026-07-17 03:40:00,0.64969933,high-flow
2026-07-17 03:50:00,0.75184757,high-flow
2026-07-17 04:00:00,0.85007745,high-flow
2026-07-17 04:10:00,0.94373614,high-flow
2026-07-17 04:20:00,1.0321906,high-flow
2026-07-17 04:30:00,1.1148306,high-flow
2026-07-17 04:40:00,1.1910739,high-flow
2026-07-17 04:50:00,1.2603699,high-flow
2026-07-17 05:00:00,1.3222047,high-flow
2026-07-17 05:10:00,1.3761061,high-flow
2026-07-17 05:20:00,1.4216481,high-flow
2026-07-17 05:30:00,1.4584556,high-flow
2026-07-17 05:40:00,1.486208,high-flow
2026-07-17 05:50:00,1.5046431,high-flow
2026-07-17 06:00:00,1.5135597,high-flow
2026-07-17 06:10:00,1.5128199,high-flow
2026-07-17 06:20:00,1.5023502,high-ebb
2026-07-17 06:30:00,1.4821429,high-ebb
2026-07-17 06:40:00,1.4522561,high-ebb
2026-07-17 06:50:00,1.4128141,high-ebb
2026-07-17 07:00:00,1.3640075,high-ebb
2026-07-17 07:10:00,1.3060924,high-ebb
2026-07-17 07:20:00,1.2393907,high-ebb
2026-07-17 07:30:00,1.1642897,high-ebb
2026-07-17 07:40:00,1.0812414,high-ebb
2026-07-17 07:50:00,0.99076194,high-ebb
2026-07-17 08:00:00,0.8934307,high-ebb
2026-07-17 08:10:00,0.78988826,high-ebb
2026-07-17 08:20:00,0.680834,high-ebb
2026-07-17 08:30:00,0.5670225,high-ebb
2026-07-17 08:40:00,0.4492586,high-ebb
2026-07-17 08:50:00,0.32839152,high-ebb
2026-07-17 09:00:00,0.2053073,high-ebb
2026-07-17 09:10:00,0.08092002,high-ebb
2026-07-17 09:20:00,-0.043837894,low-ebb
2026-07-17 09:30:00,-0.16802636,low-ebb
2026-07-17 09:40:00,-0.29070878,low-ebb
2026-07-17 09:50:00,-0.41096348,low-ebb
2026-07-17 10:00:00,-0.5278946,low-ebb
2026-07-17 10:10:00,-0.64064276,low-ebb
2026-07-17 10:20:00,-0.7483943,low-ebb
2026-07-17 10:30:00,-0.85038966,low-ebb
2026-07-17 10:40:00,-0.9459299,low-ebb
2026-07-17 10:50:00,-1.0343817,low-ebb
2026-07-17 11:00:00,-1.1151814,low-ebb
2026-07-17 11:10:00,-1.1878363,low-ebb
2026-07-17 11:20:00,-1.2519258,low-ebb
2026-07-17 11:30:00,-1.3071011,low-ebb
2026-07-17 11:40:00,-1.3530835,low-ebb
2026-07-17 11:50:00,-1.3896632,low-ebb
2026-07-17 12:00:00,-1.416697,low-ebb
2026-07-17 12:10:00,-1.4341066,low-ebb
2026-07-17 12:20:00,-1.4418765,low-ebb
2026-07-17 12:30:00,-1.4400522,low-ebb
2026-07-17 12:40:00,-1.4287391,low-flow
2026-07-17 12:50:00,-1.4081008,low-flow
2026-07-17 13:00:00,-1.3783585,low-flow
2026-07-17 13:10:00,-1.3397889,low-flow
2026-07-17 13:20:00,-1.2927232,low-flow
2026-07-17 13:30:00,-1.2375453,low-flow
2026-07-17 13:40:00,-1.1746886,low-flow
2026-07-17 13:50:00,-1.1046343,low-flow
2026-07-17 14:00:00,-1.0279067,low-flow
2026-07-17 14:10:00,-0.9450697,low-flow
2026-07-17 14:20:00,-0.85672206,low-flow
2026-07-17 14:30:00,-0.7634927,low-flow
2026-07-17 14:40:00,-0.66603565,low-flow
2026-07-17 14:50:00,-0.5650253,low-flow
2026-07-17 15:00:00,-0.4611513,low-flow
2026-07-17 15:10:00,-0.35511452,low-flow
2026-07-17 15:20:00,-0.24762273,low-flow
2026-07-17 15:30:00,-0.13938731,low-flow
2026-07-17 15:40:00,-0.03111986,low-flow
2026-07-17 15:50:00,0.076470576,high-flow
2026-07-17 16:00:00,0.18268019,high-flow
2026-07-17 16:10:00,0.286813,high-flow
2026-07-17 16:20:00,0.38818356,high-flow
2026-07-17 16:30:00,0.48611996,high-flow
2026-07-17 16:40:00,0.579967,high-flow
2026-07-17 16:50:00,0.6690903,high-flow
2026-07-17 17:00:00,0.7528797,high-flow
2026-07-17 17:10:00,0.83075464,high-flow
2026-07-17 17:20:00,0.9021685,high-flow
2026-07-17 17:30:00,0.96661353,high-flow
2026-07-17 17:40:00,1.0236257,high-flow
2026-07-17 17:50:00,1.0727897,high-flow
2026-07-17 18:00:00,1.1137425,high-flow
2026-07-17 18:10:00,1.1461776,high-flow
2026-07-17 18:20:00,1.169848,high-flow
2026-07-17 18:30:00,1.1845678,high-flow
2026-07-17 18:40:00,1.1902148,high-flow
2026-07-17 18:50:00,1.1867307,high-ebb
2026-07-17 19:00:00,1.174122,high-ebb
2026-07-17 19:10:00,1.1524599,high-ebb
2026-07-17 19:20:00,1.1218796,high-ebb
2026-07-17 19:30:00,1.0825807,high-ebb
2026-07-17 19:40:00,1.0348264,high-ebb
2026-07-17 19:50:00,0.9789427,high-ebb
2026-07-17 20:00:00,0.9153183,high-ebb
2026-07-17 20:10:00,0.84440386,high-ebb
2026-07-17 20:20:00,0.76671094,high-ebb
2026-07-17 20:30:00,0.6828108,high-ebb
2026-07-17 20:40:00,0.5933322,high-ebb
2026-07-17 20:50:00,0.4989585,high-ebb
2026-07-17 21:00:00,0.4004239,high-ebb
2026-07-17 21:10:00,0.29850802,high-ebb
2026-07-17 21:20:00,0.19402944,high-ebb
2026-07-17 21:30:00,0.08783817,high-ebb
2026-07-17 21:40:00,-0.019193385,low-ebb
2026-07-17 21:50:00,-0.12618019,low-ebb
2026-07-17 22:00:00,-0.23223504,low-ebb
2026-07-17 22:10:00,-0.33647949,low-ebb
2026-07-17 22:20:00,-0.43805456,low-ebb
2026-07-17 22:30:00,-0.5361311,low-ebb
2026-07-17 22:40:00,-0.62991935,low-ebb
2026-07-17 22:50:00,-0.7186774,low-ebb
2026-07-17 23:00:00,-0.80171835,low-ebb
2026-07-17 23:10:00,-0.87841564,low-ebb
2026-07-17 23:20:00,-0.9482074,low-ebb
2026-07-17 23:30:00,-1.0105987,low-ebb
2026-07-17 23:40:00,-1.0651628,low-ebb
2026-07-17 23:50:00,-1.1115414,low-ebb
2026-07-18 00:00:00,-1.1494434,low-ebb
2026-07-18 00:10:00,-1.1786436,low-ebb
2026-07-18 00:20:00,-1.1989808,low-ebb
2026-07-18 00:30:00,-1.2103561,low-ebb
2026-07-18 00:40:00,-1.212731,low-ebb
2026-07-18 00:50:00,-1.2061257,low-flow
2026-07-18 01:00:00,-1.1906183,low-flow
2026-07-18 01:10:00,-1.1663425,low-flow
2026-07-18 01:20:00,-1.1334885,low-flow
2026-07-18 01:30:00,-1.0923004,low-flow
2026-07-18 01:40:00,-1.0430764,low-flow
2026-07-18 01:50:00,-0.9861663,low-flow
2026-07-18 02:00:00,-0.9219708,low-flow
2026-07-18 02:10:00,-0.8509383,low-flow
2026-07-18 02:20:00,-0.77356225,low-flow
2026-07-18 02:30:00,-0.69037753,low-flow
2026-07-18 02:40:00,-0.60195625,low-flow
2026-07-18 02:50:00,-0.50890326,low-flow
2026-07-18 03:00:00,-0.41185135,low-flow
2026-07-18 03:10:00,-0.31145608,low-flow
2026-07-18 03:20:00,-0.2083912,low-flow
2026-07-18 03:30:00,-0.10334385,low-flow
2026-07-18 03:40:00,0.0029897662,high-flow
2026-07-18 03:50:00,0.10990829,high-flow
2026-07-18 04:00:00,0.21670875,high-flow
2026-07-18 04:10:00,0.32268977,high-flow
2026-07-18 04:20:00,0.42715454,high-flow
2026-07-18 04:30:00,0.52941346,high-flow
2026-07-18 04:40:00,0.6287872,high-flow
2026-07-18 04:50:00,0.72460955,high-flow
2026-07-18 05:00:00,0.81623065,high-flow
2026-07-18 05:10:00,0.9030207,high-flow
2026-07-18 05:20:00,0.98437387,high-flow
2026-07-18 05:30:00,1.0597129,high-flow
2026-07-18 05:40:00,1.1284933,high-flow
2026-07-18 05:50:00,1.1902087,high-flow
2026-07-18 06:00:00,1.2443951,high-flow
2026-07-18 06:10:00,1.2906364,high-flow
2026-07-18 06:20:00,1.3285673,high-flow
2026-07-18 06:30:00,1.3578781,high-flow
2026-07-18 06:40:00,1.3783174,high-flow
2026-07-18 06:50:00,1.3896941,high-flow
2026-07-18 07:00:00,1.3918799,high-flow
2026-07-18 07:10:00,1.3848093,high-ebb
2026-07-18 07:20:00,1.3684801,high-ebb
2026-07-18 07:30:00,1.3429538,high-ebb
2026-07-18 07:40:00,1.3083546,high-ebb
2026-07-18 07:50:00,1.2648689,high-ebb
2026-07-18 08:00:00,1.2127445,high-ebb
2026-07-18 08:10:00,1.1522901,high-ebb
2026-07-18 08:20:00,1.0838745,high-ebb
2026-07-18 08:30:00,1.0079259,high-ebb
2026-07-18 08:40:00,0.9249308,high-ebb
2026-07-18 08:50:00,0.83543354,high-ebb
2026-07-18 09:00:00,0.7400341,high-ebb
2026-07-18 09:10:00,0.639386,high-ebb
2026-07-18 09:20:00,0.53419316,high-ebb
2026-07-18 09:30:00,0.42520574,high-ebb
2026-07-18 09:40:00,0.31321445,high-ebb
2026-07-18 09:50:00,0.19904397,high-ebb
2026-07-18 10:00:00,0.08354523,high-ebb
2026-07-18 10:10:00,-0.032413665,low-ebb
2026-07-18 10:20:00,-0.14795701,low-ebb
2026-07-18 10:30:00,-0.2622118,low-ebb
2026-07-18 10:40:00,-0.37431797,low-ebb
2026-07-18 10:50:00,-0.4834387,low-ebb
2026-07-18 11:00:00,-0.5887698,low-ebb
2026-07-18 11:10:00,-0.6895485,low-ebb
2026-07-18 11:20:00,-0.7850608,low-ebb
2026-07-18 11:30:00,-0.8746476,low-ebb
2026-07-18 11:40:00,-0.95770925,low-ebb
2026-07-18 11:50:00,-1.0337087,low-ebb
2026-07-18 12:00:00,-1.1021731,low-ebb
2026-07-18 12:10:00,-1.1626947,low-ebb
2026-07-18 12:20:00,-1.2149302,low-ebb
2026-07-18 12:30:00,-1.2585995,low-ebb
2026-07-18 12:40:00,-1.2934847,low-ebb
2026-07-18 12:50:00,-1.3194283,low-ebb
2026-07-18 13:00:00,-1.3363315,low-ebb
2026-07-18 13:10:00,-1.3441529,low-ebb
2026-07-18 13:20:00,-1.342908,low-ebb
2026-07-18 13:30:00,-1.3326676,low-flow
2026-07-18 13:40:00,-1.3135579,low-flow
2026-07-18 13:50:00,-1.2857602,low-flow
2026-07-18 14:00:00,-1.2495096,low-flow
2026-07-18 14:10:00,-1.2050954,low-flow
2026-07-18 14:20:00,-1.1528591,low-flow
2026-07-18 14:30:00,-1.0931929,low-flow
2026-07-18 14:40:00,-1.0265379,low-flow
2026-07-18 14:50:00,-0.95338017,low-flow
2026-07-18 15:00:00,-0.87424797,low-flow
2026-07-18 15:10:00,-0.7897071,low-flow
2026-07-18 15:20:00,-0.7003567,low-flow
2026-07-18 15:30:00,-0.6068238,low-flow
2026-07-18 15:40:00,-0.5097588,low-flow
2026-07-18 15:50:00,-0.40983054,low-flow
2026-07-18 16:00:00,-0.3077215,low-flow
2026-07-18 16:10:00,-0.20412366,low-flow
2026-07-18 16:20:00,-0.09973434,low-flow
2026-07-18 16:30:00,0.0047473167,high-flow
2026-07-18 16:40:00,0.10862372,high-flow
2026-07-18 16:50:00,0.21120197,high-flow
2026-07-18 17:00:00,0.31179693,high-flow
2026-07-18 17:10:00,0.4097344,high-flow
2026-07-18 17:20:00,0.5043544,high-flow
2026-07-18 17:30:00,0.5950151,high-flow
2026-07-18 17:40:00,0.6810963,high-flow
2026-07-18 17:50:00,0.7620042,high-flow
2026-07-18 18:00:00,0.8371757,high-flow
2026-07-18 18:10:00,0.9060835,high-flow
2026-07-18 18:20:00,0.96824056,high-flow
2026-07-18 18:30:00,1.0232049,high-flow
2026-07-18 18:40:00,1.0705837,high-flow
2026-07-18 18:50:00,1.1100376,high-flow
2026-07-18 19:00:00,1.1412832,high-flow
2026-07-18 19:10:00,1.1640959,high-flow
2026-07-18 19:20:00,1.1783116,high-flow
2026-07-18 19:30:00,1.1838274,high-flow
2026-07-18 19:40:00,1.1806017,high-ebb
2026-07-18 19:50:00,1.1686546,high-ebb
2026-07-18 20:00:00,1.1480663,high-ebb
2026-07-18 20:10:00,1.1189773,high-ebb
2026-07-18 20:20:00,1.0815862,high-ebb
2026-07-18 20:30:00,1.03615,high-ebb
2026-07-18 20:40:00,0.9829818,high-ebb
2026-07-18 20:50:00,0.92245144,high-ebb
2026-07-18 21:00:00,0.85498375,high-ebb
2026-07-18 21:10:00,0.7810578,high-ebb
2026-07-18 21:20:00,0.7012059,high-ebb
2026-07-18 21:30:00,0.6160118,high-ebb
2026-07-18 21:40:00,0.5261081,high-ebb
2026-07-18 21:50:00,0.43217304,high-ebb
2026-07-18 22:00:00,0.33492604,high-ebb
2026-07-18 22:10:00,0.23512213,high-ebb
2026-07-18 22:20:00,0.13354512,high-ebb
2026-07-18 22:30:00,0.03099986,high-ebb
2026-07-18 22:40:00,-0.071696475,low-ebb
2026-07-18 22:50:00,-0.17372383,low-ebb
2026-07-18 23:00:00,-0.27426898,low-ebb
2026-07-18 23:10:00,-0.37253523,low-ebb
2026-07-18 23:20:00,-0.46775174,low-ebb
2026-07-18 23:30:00,-0.55918217,low-ebb
2026-07-18 23:40:00,-0.6461323,low-ebb
2026-07-18 23:50:00,-0.7279563,low-ebb
2026-07-19 00:00:00,-0.80406183,low-ebb
2026-07-19 00:10:00,-0.8739135,low-ebb
2026-07-19 00:20:00,-0.93703526,low-ebb
2026-07-19 00:30:00,-0.99301106,low-ebb
2026-07-19 00:40:00,-1.0414852,low-ebb
2026-07-19 00:50:00,-1.0821613,low-ebb
2026-07-19 01:00:00,-1.1148013,low-ebb
2026-07-19 01:10:00,-1.1392238,low-ebb
2026-07-19 01:20:00,-1.1553029,low-ebb
2026-07-19 01:30:00,-1.162967,low-ebb
2026-07-19 01:40:00,-1.1621977,low-ebb
2026-07-19 01:50:00,-1.1530294,low-flow
2026-07-19 02:00:00,-1.1355492,low-flow
2026-07-19 02:10:00,-1.1098967,low-flow
2026-07-19 02:20:00,-1.0762639,low-flow
2026-07-19 02:30:00,-1.0348952,low-flow
2026-07-19 02:40:00,-0.9860867,low-flow
2026-07-19 02:50:00,-0.9301853,low-flow
2026-07-19 03:00:00,-0.867587,low-flow
2026-07-19 03:10:00,-0.7987343,low-flow
2026-07-19 03:20:00,-0.7241136,low-flow
2026-07-19 03:30:00,-0.6442508,low-flow
2026-07-19 03:40:00,-0.5597078,low-flow
2026-07-19 03:50:00,-0.4710772,low-flow
2026-07-19 04:00:00,-0.37897748,low-flow
2026-07-19 04:10:00,-0.2840483,low-flow
2026-07-19 04:20:00,-0.1869454,low-flow
2026-07-19 04:30:00,-0.08833605,low-flow
2026-07-19 04:40:00,0.011105206,high-flow
2026-07-19 04:50:00,0.1107006,high-flow
2026-07-19 05:00:00,0.20977272,high-flow
2026-07-19 05:10:00,0.30764794,high-flow
2026-07-19 05:20:00,0.4036597,high-flow
2026-07-19 05:30:00,0.49715164,high-flow
2026-07-19 05:40:00,0.587481,high-flow
2026-07-19 05:50:00,0.6740223,high-flow
2026-07-19 06:00:00,0.75617087,high-flow
2026-07-19 06:10:00,0.8333473,high-flow
2026-07-19 06:20:00,0.9050016,high-flow
2026-07-19 06:30:00,0.97061765,high-flow
2026-07-19 06:40:00,1.0297183,high-flow
2026-07-19 06:50:00,1.0818692,high-flow
2026-07-19 07:00:00,1.1266838,high-flow
2026-07-19 07:10:00,1.1638261,high-flow
2026-07-19 07:20:00,1.1930145,high-flow
2026-07-19 07:30:00,1.214024,high-flow
2026-07-19 07:40:00,1.2266878,high-flow
2026-07-19 07:50:00,1.2308984,high-flow
2026-07-19 08:00:00,1.226607,high-ebb
2026-07-19 08:10:00,1.213824,high-ebb
2026-07-19 08:20:00,1.1926177,high-ebb
2026-07-19 08:30:00,1.1631129,high-ebb
2026-07-19 08:40:00,1.1254901,high-ebb
2026-07-19 08:50:00,1.0799838,high-ebb
2026-07-19 09:00:00,1.0268818,high-ebb
2026-07-19 09:10:00,0.966524,high-ebb
2026-07-19 09:20:00,0.8993015,high-ebb
2026-07-19 09:30:00,0.8256561,high-ebb
2026-07-19 09:40:00,0.74607915,high-ebb
2026-07-19 09:50:00,0.6611103,high-ebb
2026-07-19 10:00:00,0.571336,high-ebb
2026-07-19 10:10:00,0.47738677,high-ebb
2026-07-19 10:20:00,0.37993407,high-ebb
2026-07-19 10:30:00,0.27968547,high-ebb
2026-07-19 10:40:00,0.17737933,high-ebb
2026-07-19 10:50:00,0.07377803,high-ebb
2026-07-19 11:00:00,-0.030339688,low-ebb
2026-07-19 11:10:00,-0.13418719,low-ebb
2026-07-19 11:20:00,-0.2369789,low-ebb
2026-07-19 11:30:00,-0.33793944,low-ebb
2026-07-19 11:40:00,-0.4363127,low-ebb
2026-07-19 11:50:00,-0.5313702,low-ebb
2026-07-19 12:00:00,-0.622419,low-ebb
2026-07-19 12:10:00,-0.70880795,low-ebb
2026-07-19 12:20:00,-0.7899335,low-ebb
2026-07-19 12:30:00,-0.86524343,low-ebb
2026-07-19 12:40:00,-0.93423957,low-ebb
2026-07-19 12:50:00,-0.9964796,low-ebb
2026-07-19 13:00:00,-1.0515771,low-ebb
2026-07-19 13:10:00,-1.0992017,low-ebb
2026-07-19 13:20:00,-1.1390778,low-ebb
2026-07-19 13:30:00,-1.1709837,low-ebb
2026-07-19 13:40:00,-1.1947503,low-ebb
2026-07-19 13:50:00,-1.2102605,low-ebb
2026-07-19 14:00:00,-1.2174481,low-ebb
2026-07-19 14:10:00,-1.2162979,low-ebb
2026-07-19 14:20:00,-1.2068455,low-flow
2026-07-19 14:30:00,-1.1891782,low-flow
2026-07-19 14:40:00,-1.1634345,low-flow
2026-07-19 14:50:00,-1.1298054,low-flow
2026-07-19 15:00:00,-1.0885341,low-flow
2026-07-19 15:10:00,-1.0399157,low-flow
2026-07-19 15:20:00,-0.98429614,low-flow
2026-07-19 15:30:00,-0.92207074,low-flow
2026-07-19 15:40:00,-0.8536816,low-flow
2026-07-19 15:50:00,-0.7796143,low-flow
2026-07-19 16:00:00,-0.7003942,low-flow
2026-07-19 16:10:00,-0.6165818,low-flow
2026-07-19 16:20:00,-0.528768,low-flow
2026-07-19 16:30:00,-0.4375692,low-flow
2026-07-19 16:40:00,-0.34362197,low-flow
2026-07-19 16:50:00,-0.24757841,low-flow
2026-07-19 17:00:00,-0.15010127,low-flow
2026-07-19 17:10:00,-0.05185967,low-flow
2026-07-19 17:20:00,0.046474945,high-flow
2026-07-19 17:30:00,0.1442326,high-flow
2026-07-19 17:40:00,0.24074836,high-flow
2026-07-19 17:50:00,0.3353657,high-flow
2026-07-19 18:00:00,0.42744017,high-flow
2026-07-19 18:10:00,0.5163427,high-flow
2026-07-19 18:20:00,0.60146374,high-flow
2026-07-19 18:30:00,0.68221694,high-flow
2026-07-19 18:40:00,0.7580439,high-flow
2026-07-19 18:50:00,0.82841796,high-flow
2026-07-19 19:00:00,0.8928493,high-flow
2026-07-19 19:10:00,0.9508891,high-flow
2026-07-19 19:20:00,1.0021336,high-flow
2026-07-19 19:30:00,1.0462282,high-flow
2026-07-19 19:40:00,1.08287,high-flow
2026-07-19 19:50:00,1.1118108,high-flow
2026-07-19 20:00:00,1.1328588,high-flow
2026-07-19 20:10:00,1.1458788,high-flow
2026-07-19 20:20:00,1.150793,high-flow
2026-07-19 20:30:00,1.1475801,high-ebb
2026-07-19 20:40:00,1.1362748,high-ebb
2026-07-19 20:50:00,1.1169653,high-ebb
2026-07-19 21:00:00,1.089793,high-ebb
2026-07-19 21:10:00,1.0549502,high-ebb
2026-07-19 21:20:00,1.0126792,high-ebb
2026-07-19 21:30:00,0.9632708,high-ebb
2026-07-19 21:40:00,0.90706336,high-ebb
2026-07-19 21:50:00,0.84444225,high-ebb
2026-07-19 22:00:00,0.77583927,high-ebb
2026-07-19 22:10:00,0.7017313,high-ebb
2026-07-19 22:20:00,0.6226397,high-ebb
2026-07-19 22:30:00,0.53912824,high-ebb
2026-07-19 22:40:00,0.4518007,high-ebb
2026-07-19 22:50:00,0.36129764,high-ebb
2026-07-19 23:00:00,0.26829162,high-ebb
2026-07-19 23:10:00,0.17348191,high-ebb
2026-07-19 23:20:00,0.07758782,high-ebb
2026-07-19 23:30:00,-0.018658733,low-ebb
2026-07-19 23:40:00,-0.11452131,low-ebb
2026-07-19 23:50:00,-0.20926744,low-ebb
2026-07-20 00:00:00,-0.30217716,low-ebb
2026-07-20 00:10:00,-0.3925512,low-ebb
2026-07-20 00:20:00,-0.47971874,low-ebb
2026-07-20 00:30:00,-0.56304395,low-ebb
2026-07-20 00:40:00,-0.64193183,low-ebb
2026-07-20 00:50:00,-0.7158324,low-ebb
2026-07-20 01:00:00,-0.7842441,low-ebb
2026-07-20 01:10:00,-0.8467156,low-ebb
2026-07-20 01:20:00,-0.9028467,low-ebb
2026-07-20 01:30:00,-0.9522884,low-ebb
2026-07-20 01:40:00,-0.9947424,low-ebb
2026-07-20 01:50:00,-1.02996,low-ebb
2026-07-20 02:00:00,-1.0577418,low-ebb
2026-07-20 02:10:00,-1.0779358,low-ebb
2026-07-20 02:20:00,-1.0904381,low-ebb
2026-07-20 02:30:00,-1.095192,low-ebb
2026-07-20 02:40:00,-1.0921882,low-flow
2026-07-20 02:50:00,-1.0814664,low-flow
2026-07-20 03:00:00,-1.0631149,low-flow
2026-07-20 03:10:00,-1.0372721,low-flow
2026-07-20 03:20:00,-1.0041274,low-flow
2026-07-20 03:30:00,-0.96392053,low-flow
2026-07-20 03:40:00,-0.9169423,low-flow
2026-07-20 03:50:00,-0.8635329,low-flow
2026-07-20 04:00:00,-0.80408037,low-flow
2026-07-20 04:10:00,-0.7390178,low-flow
2026-07-20 04:20:00,-0.6688201,low-flow
2026-07-20 04:30:00,-0.5939996,low-flow
2026-07-20 04:40:00,-0.5151021,low-flow
2026-07-20 04:50:00,-0.43270096,low-flow
2026-07-20 05:00:00,-0.34739298,low-flow
2026-07-20 05:10:00,-0.25979266,low-flow
2026-07-20 05:20:00,-0.17052758,low-flow
2026-07-20 05:30:00,-0.08023376,low-flow
2026-07-20 05:40:00,0.010448769,high-flow
2026-07-20 05:50:00,0.100879915,high-flow
2026-07-20 06:00:00,0.19042327,high-flow
2026-07-20 06:10:00,0.27844968,high-flow
2026-07-20 06:20:00,0.36434078,high-flow
2026-07-20 06:30:00,0.44749248,high-flow
2026-07-20 06:40:00,0.5273186,high-flow
2026-07-20 06:50:00,0.60325474,high-flow
2026-07-20 07:00:00,0.67476225,high-flow
2026-07-20 07:10:00,0.7413325,high-flow
2026-07-20 07:20:00,0.80249095,high-flow
2026-07-20 07:30:00,0.8578016,high-flow
2026-07-20 07:40:00,0.9068707,high-flow
2026-07-20 07:50:00,0.9493507,high-flow
2026-07-20 08:00:00,0.98494285,high-flow
2026-07-20 08:10:00,1.0134,high-flow
2026-07-20 08:20:00,1.0345281,high-flow
2026-07-20 08:30:00,1.048187,high-flow
2026-07-20 08:40:00,1.0542909,high-flow
2026-07-20 08:50:00,1.0528067,high-flow
2026-07-20 09:00:00,1.0437543,high-ebb
2026-07-20 09:10:00,1.0272037,high-ebb
2026-07-20 09:20:00,1.0032742,high-ebb
2026-07-20 09:30:00,0.97213197,high-ebb
2026-07-20 09:40:00,0.93398887,high-ebb
2026-07-20 09:50:00,0.88910085,high-ebb
2026-07-20 10:00:00,0.8377672,high-ebb
2026-07-20 10:10:00,0.78032935,high-ebb
2026-07-20 10:20:00,0.7171708,high-ebb
2026-07-20 10:30:00,0.6487162,high-ebb
2026-07-20 10:40:00,0.5754313,high-ebb
2026-07-20 10:50:00,0.49782127,high-ebb
2026-07-20 11:00:00,0.4164297,high-ebb
2026-07-20 11:10:00,0.331836,high-ebb
2026-07-20 11:20:00,0.24465191,high-ebb
2026-07-20 11:30:00,0.15551755,high-ebb
2026-07-20 11:40:00,0.06509564,high-ebb
2026-07-20 11:50:00,-0.02593465,low-ebb
2026-07-20 12:00:00,-0.116884895,low-ebb
2026-07-20 12:10:00,-0.2070651,low-ebb
2026-07-20 12:20:00,-0.29579166,low-ebb
2026-07-20 12:30:00,-0.38239515,low-ebb
2026-07-20 12:40:00,-0.4662279,low-ebb
2026-07-20 12:50:00,-0.54667073,low-ebb
2026-07-20 13:00:00,-0.6231388,low-ebb
2026-07-20 13:10:00,-0.69508636,low-ebb
2026-07-20 13:20:00,-0.76201046,low-ebb
2026-07-20 13:30:00,-0.8234531,low-ebb
2026-07-20 13:40:00,-0.87900305,low-ebb
2026-07-20 13:50:00,-0.9282959,low-ebb
2026-07-20 14:00:00,-0.9710141,low-ebb
2026-07-20 14:10:00,-1.0068864,low-ebb
2026-07-20 14:20:00,-1.0356872,low-ebb
2026-07-20 14:30:00,-1.0572358,low-ebb
2026-07-20 14:40:00,-1.0713965,low-ebb
2026-07-20 14:50:00,-1.0780779,low-ebb
2026-07-20 15:00:00,-1.077234,low-ebb
2026-07-20 15:10:00,-1.0688652,low-flow
2026-07-20 15:20:00,-1.0530187,low-flow
2026-07-20 15:30:00,-1.0297905,low-flow
2026-07-20 15:40:00,-0.9993266,low-flow
2026-07-20 15:50:00,-0.961823,low-flow
2026-07-20 16:00:00,-0.91752714,low-flow
2026-07-20 16:10:00,-0.8667369,low-flow
2026-07-20 16:20:00,-0.80979943,low-flow
2026-07-20 16:30:00,-0.74710965,low-flow
2026-07-20 16:40:00,-0.67910665,low-flow
2026-07-20 16:50:00,-0.6062706,low-flow
2026-07-20 17:00:00,-0.52911806,low-flow
2026-07-20 17:10:00,-0.44819736,low-flow
2026-07-20 17:20:00,-0.3640834,low-flow
2026-07-20 17:30:00,-0.27737242,low-flow
2026-07-20 17:40:00,-0.1886769,low-flow
2026-07-20 17:50:00,-0.0986206,low-flow
2026-07-20 18:00:00,-0.0078338925,low-flow
2026-07-20 18:10:00,0.08305066,high-flow
2026-07-20 18:20:00,0.17340228,high-flow
2026-07-20 18:30:00,0.2625958,high-flow
2026-07-20 18:40:00,0.35001543,high-flow
2026-07-20 18:50:00,0.43505812,high-flow
2026-07-20 19:00:00,0.51713747,high-flow
2026-07-20 19:10:00,0.5956873,high-flow
2026-07-20 19:20:00,0.6701658,high-flow
2026-07-20 19:30:00,0.740059,high-flow
2026-07-20 19:40:00,0.8048857,high-flow
2026-07-20 19:50:00,0.8642007,high-flow
2026-07-20 20:00:00,0.9175994,high-flow
2026-07-20 20:10:00,0.9647208,high-flow
2026-07-20 20:20:00,1.005251,high-flow
2026-07-20 20:30:00,1.0389256,high-flow
2026-07-20 20:40:00,1.0655311,high-flow
2026-07-20 20:50:00,1.084906,high-flow
2026-07-20 21:00:00,1.096941,high-flow
2026-07-20 21:10:00,1.1015785,high-flow
2026-07-20 21:20:00,1.0988107,high-ebb
2026-07-20 21:30:00,1.088679,high-ebb
2026-07-20 21:40:00,1.0712712,high-ebb
2026-07-20 21:50:00,1.0467198,high-ebb
2026-07-20 22:00:00,1.0152003,high-ebb
2026-07-20 22:10:00,0.9769293,high-ebb
2026-07-20 22:20:00,0.93216383,high-ebb
2026-07-20 22:30:00,0.8811999,high-ebb
2026-07-20 22:40:00,0.8243722,high-ebb
2026-07-20 22:50:00,0.762054,high-ebb
2026-07-20 23:00:00,0.6946569,high-ebb
2026-07-20 23:10:00,0.62263006,high-ebb
2026-07-20 23:20:00,0.5464597,high-ebb
2026-07-20 23:30:00,0.46666738,high-ebb
2026-07-20 23:40:00,0.38380796,high-ebb
2026-07-20 23:50:00,0.29846612,high-ebb
2026-07-21 00:00:00,0.21125194,high-ebb
2026-07-21 00:10:00,0.12279594,high-ebb
2026-07-21 00:20:00,0.033742547,high-ebb
2026-07-21 00:30:00,-0.055256583,low-ebb
2026-07-21 00:40:00,-0.14354996,low-ebb
2026-07-21 00:50:00,-0.2304937,low-ebb
2026-07-21 01:00:00,-0.31545877,low-ebb
2026-07-21 01:10:00,-0.3978378,low-ebb
2026-07-21 01:20:00,-0.47705105,low-ebb
2026-07-21 01:30:00,-0.5525515,low-ebb
2026-07-21 01:40:00,-0.62382895,low-ebb
2026-07-21 01:50:00,-0.6904126,low-ebb
2026-07-21 02:00:00,-0.75187325,low-ebb
2026-07-21 02:10:00,-0.8078241,low-ebb
2026-07-21 02:20:00,-0.8579207,low-ebb
2026-07-21 02:30:00,-0.90186113,low-ebb
2026-07-21 02:40:00,-0.9393852,low-ebb
2026-07-21 02:50:00,-0.9702741,low-ebb
2026-07-21 03:00:00,-0.9943504,low-ebb
2026-07-21 03:10:00,-1.0114777,low-ebb
2026-07-21 03:20:00,-1.0215617,low-ebb
2026-07-21 03:30:00,-1.0245513,low-ebb
2026-07-21 03:40:00,-1.0204393,low-flow
2026-07-21 03:50:00,-1.0092648,low-flow
2026-07-21 04:00:00,-0.99111426,low-flow
2026-07-21 04:10:00,-0.96612316,low-flow
2026-07-21 04:20:00,-0.93447673,low-flow
2026-07-21 04:30:00,-0.89641047,low-flow
2026-07-21 04:40:00,-0.8522094,low-flow
2026-07-21 04:50:00,-0.8022069,low-flow
2026-07-21 05:00:00,-0.7467823,low-flow
2026-07-21 05:10:00,-0.6863578,low-flow
2026-07-21 05:20:00,-0.6213944,low-flow
2026-07-21 05:30:00,-0.5523876,low-flow
2026-07-21 05:40:00,-0.4798622,low-flow
2026-07-21 05:50:00,-0.4043673,low-flow
2026-07-21 06:00:00,-0.3264709,low-flow
2026-07-21 06:10:00,-0.24675494,low-flow
2026-07-21 06:20:00,-0.1658104,low-flow
2026-07-21 06:30:00,-0.08423274,low-flow
2026-07-21 06:40:00,-0.0026176483,low-flow
2026-07-21 06:50:00,0.07844282,high-flow
2026-07-21 07:00:00,0.15836398,high-flow
2026-07-21 07:10:00,0.23657209,high-flow
2026-07-21 07:20:00,0.3125078,high-flow
2026-07-21 07:30:00,0.3856299,high-flow
2026-07-21 07:40:00,0.45541868,high-flow
2026-07-21 07:50:00,0.52137995,high-flow
2026-07-21 08:00:00,0.5830488,high-flow
2026-07-21 08:10:00,0.6399933,high-flow
2026-07-21 08:20:00,0.6918184,high-flow
2026-07-21 08:30:00,0.7381692,high-flow
2026-07-21 08:40:00,0.7787339,high-flow
2026-07-21 08:50:00,0.8132466,high-flow
2026-07-21 09:00:00,0.8414886,high-flow
2026-07-21 09:10:00,0.8632895,high-flow
2026-07-21 09:20:00,0.8785274,high-flow
2026-07-21 09:30:00,0.8871286,high-flow
2026-07-21 09:40:00,0.88906586,high-flow
2026-07-21 09:50:00,0.88435715,high-ebb
2026-07-21 10:00:00,0.8730634,high-ebb
2026-07-21 10:10:00,0.8552864,high-ebb
2026-07-21 10:20:00,0.8311671,high-ebb
2026-07-21 10:30:00,0.8008833,high-ebb
2026-07-21 10:40:00,0.7646487,high-ebb
2026-07-21 10:50:00,0.72271204,high-ebb
2026-07-21 11:00:00,0.6753563,high-ebb
2026-07-21 11:10:00,0.6228991,high-ebb
2026-07-21 11:20:00,0.5656922,high-ebb
2026-07-21 11:30:00,0.50412214,high-ebb
2026-07-21 11:40:00,0.43860978,high-ebb
2026-07-21 11:50:00,0.36960977,high-ebb
2026-07-21 12:00:00,0.2976093,high-ebb
2026-07-21 12:10:00,0.22312583,high-ebb
2026-07-21 12:20:00,0.14670391,high-ebb
2026-07-21 12:30:00,0.06891099,high-ebb
2026-07-21 12:40:00,-0.009667694,low-ebb
2026-07-21 12:50:00,-0.08843519,low-ebb
2026-07-21 13:00:00,-0.16678934,low-ebb
2026-07-21 13:10:00,-0.24412975,low-ebb
2026-07-21 13:20:00,-0.31986466,low-ebb
2026-07-21 13:30:00,-0.39341772,low-ebb
2026-07-21 13:40:00,-0.46423393,low-ebb
2026-07-21 13:50:00,-0.53178513,low-ebb
2026-07-21 14:00:00,-0.59557426,low-ebb
2026-07-21 14:10:00,-0.65513855,low-ebb
2026-07-21 14:20:00,-0.7100522,low-ebb
2026-07-21 14:30:00,-0.75992733,low-ebb
2026-07-21 14:40:00,-0.8044148,low-ebb
2026-07-21 14:50:00,-0.8432044,low-ebb
2026-07-21 15:00:00,-0.8760243,low-ebb
2026-07-21 15:10:00,-0.90264136,low-ebb
2026-07-21 15:20:00,-0.9228603,low-ebb
2026-07-21 15:30:00,-0.9365246,low-ebb
2026-07-21 15:40:00,-0.9435169,low-ebb
2026-07-21 15:50:00,-0.94376004,low-ebb
2026-07-21 16:00:00,-0.93721884,low-flow
2026-07-21 16:10:00,-0.92390186,low-flow
2026-07-21 16:20:00,-0.90386325,low-flow
2026-07-21 16:30:00,-0.8772046,low-flow
2026-07-21 16:40:00,-0.8440766,low-flow
2026-07-21 16:50:00,-0.8046795,low-flow
2026-07-21 17:00:00,-0.7592637,low-flow
2026-07-21 17:10:00,-0.7081288,low-flow
2026-07-21 17:20:00,-0.6516219,low-flow
2026-07-21 17:30:00,-0.59013486,low-flow
2026-07-21 17:40:00,-0.52410114,low-flow
2026-07-21 17:50:00,-0.45399123,low-flow
2026-07-21 18:00:00,-0.38030803,low-flow
2026-07-21 18:10:00,-0.30358163,low-flow
2026-07-21 18:20:00,-0.22436404,low-flow
2026-07-21 18:30:00,-0.14322391,low-flow
2026-07-21 18:40:00,-0.06074143,low-flow
2026-07-21 18:50:00,0.02249652,high-flow
2026-07-21 19:00:00,0.10590081,high-flow
2026-07-21 19:10:00,0.18888426,high-flow
2026-07-21 19:20:00,0.2708655,high-flow
2026-07-21 19:30:00,0.35127264,high-flow
2026-07-21 19:40:00,0.4295469,high-flow
2026-07-21 19:50:00,0.5051459,high-flow
2026-07-21 20:00:00,0.5775476,high-flow
2026-07-21 20:10:00,0.6462535,high-flow
2026-07-21 20:20:00,0.71079266,high-flow
2026-07-21 20:30:00,0.77072525,high-flow
2026-07-21 20:40:00,0.8256461,high-flow
2026-07-21 20:50:00,0.87518835,high-flow
2026-07-21 21:00:00,0.919026,high-flow
2026-07-21 21:10:00,0.956877,high-flow
2026-07-21 21:20:00,0.9885046,high-flow
2026-07-21 21:30:00,1.0137188,high-flow
2026-07-21 21:40:00,1.0323765,high-flow
2026-07-21 21:50:00,1.0443814,high-flow
2026-07-21 22:00:00,1.0496824,high-flow
2026-07-21 22:10:00,1.0482723,high-flow
2026-07-21 22:20:00,1.0401856,high-ebb
2026-07-21 22:30:00,1.0254967,high-ebb
2026-07-21 22:40:00,1.0043172,high-ebb
2026-07-21 22:50:00,0.9767942,high-ebb
2026-07-21 23:00:00,0.94310886,high-ebb
2026-07-21 23:10:00,0.9034752,high-ebb
2026-07-21 23:20:00,0.85813975,high-ebb
2026-07-21 23:30:00,0.8073812,high-ebb
2026-07-21 23:40:00,0.75151086,high-ebb
2026-07-21 23:50:00,0.6908729,high-ebb
2026-07-22 00:00:00,0.6258451,high-ebb
2026-07-22 00:10:00,0.5568382,high-ebb
2026-07-22 00:20:00,0.48429608,high-ebb
2026-07-22 00:30:00,0.40869388,high-ebb
2026-07-22 00:40:00,0.3305362,high-ebb
2026-07-22 00:50:00,0.25035346,high-ebb
2026-07-22 01:00:00,0.16869806,high-ebb
2026-07-22 01:10:00,0.08613887,high-ebb
2026-07-22 01:20:00,0.0032555214,high-ebb
2026-07-22 01:30:00,-0.079368085,low-ebb
2026-07-22 01:40:00,-0.16115041,low-ebb
2026-07-22 01:50:00,-0.24151884,low-ebb
2026-07-22 02:00:00,-0.31991586,low-ebb
2026-07-22 02:10:00,-0.39580458,low-ebb
2026-07-22 02:20:00,-0.4686736,low-ebb
2026-07-22 02:30:00,-0.5380406,low-ebb
2026-07-22 02:40:00,-0.6034552,low-ebb
2026-07-22 02:50:00,-0.6645009,low-ebb
2026-07-22 03:00:00,-0.72079617,low-ebb
2026-07-22 03:10:00,-0.7719947,low-ebb
2026-07-22 03:20:00,-0.81778556,low-ebb
2026-07-22 03:30:00,-0.8578932,low-ebb
2026-07-22 03:40:00,-0.89207745,low-ebb
2026-07-22 03:50:00,-0.9201337,low-ebb
2026-07-22 04:00:00,-0.9418937,low-ebb
2026-07-22 04:10:00,-0.9572268,low-ebb
2026-07-22 04:20:00,-0.9660414,low-ebb
2026-07-22 04:30:00,-0.96828705,low-ebb
2026-07-22 04:40:00,-0.96395665,low-flow
2026-07-22 04:50:00,-0.95308864,low-flow
2026-07-22 05:00:00,-0.93576866,low-flow
2026-07-22 05:10:00,-0.9121313,low-flow
2026-07-22 05:20:00,-0.8823607,low-flow
2026-07-22 05:30:00,-0.8466904,low-flow
2026-07-22 05:40:00,-0.8054025,low-flow
2026-07-22 05:50:00,-0.7588253,low-flow
2026-07-22 06:00:00,-0.70733064,low-flow
2026-07-22 06:10:00,-0.6513301,low-flow
2026-07-22 06:20:00,-0.5912704,low-flow
2026-07-22 06:30:00,-0.5276284,low-flow
2026-07-22 06:40:00,-0.46090627,low-flow
2026-07-22 06:50:00,-0.39162576,low-flow
2026-07-22 07:00:00,-0.3203234,low-flow
2026-07-22 07:10:00,-0.24754535,low-flow
2026-07-22 07:20:00,-0.17384288,low-flow
2026-07-22 07:30:00,-0.09976812,low-flow
2026-07-22 07:40:00,-0.025870085,low-flow
2026-07-22 07:50:00,0.047308933,high-flow
2026-07-22 08:00:00,0.11923688,high-flow
2026-07-22 08:10:00,0.18939528,high-flow
2026-07-22 08:20:00,0.25728258,high-flow
2026-07-22 08:30:00,0.32241762,high-flow
2026-07-22 08:40:00,0.38434294,high-flow
2026-07-22 08:50:00,0.44262835,high-flow
2026-07-22 09:00:00,0.49687427,high-flow
2026-07-22 09:10:00,0.5467151,high-flow
2026-07-22 09:20:00,0.5918219,high-flow
2026-07-22 09:30:00,0.6319055,high-flow
2026-07-22 09:40:00,0.6667177,high-flow
2026-07-22 09:50:00,0.6960531,high-flow
2026-07-22 10:00:00,0.7197495,high-flow
2026-07-22 10:10:00,0.7376876,high-flow
2026-07-22 10:20:00,0.74979,high-flow
2026-07-22 10:30:00,0.75602007,high-flow
2026-07-22 10:40:00,0.7563796,high-flow
2026-07-22 10:50:00,0.7509069,high-ebb
2026-07-22 11:00:00,0.7396743,high-ebb
2026-07-22 11:10:00,0.7227867,high-ebb
2026-07-22 11:20:00,0.7003794,high-ebb
2026-07-22 11:30:00,0.67261714,high-ebb
2026-07-22 11:40:00,0.63969374,high-ebb
2026-07-22 11:50:00,0.6018318,high-ebb
2026-07-22 12:00:00,0.55928314,high-ebb
2026-07-22 12:10:00,0.5123297,high-ebb
2026-07-22 12:20:00,0.46128425,high-ebb
2026-07-22 12:30:00,0.40649107,high-ebb
2026-07-22 12:40:00,0.34832612,high-ebb
2026-07-22 12:50:00,0.2871967,high-ebb
2026-07-22 13:00:00,0.22354016,high-ebb
2026-07-22 13:10:00,0.15782171,high-ebb
2026-07-22 13:20:00,0.090531096,high-ebb
2026-07-22 13:30:00,0.022178326,high-ebb
2026-07-22 13:40:00,-0.046711393,low-ebb
2026-07-22 13:50:00,-0.115603514,low-ebb
2026-07-22 14:00:00,-0.18396033,low-ebb
2026-07-22 14:10:00,-0.25124735,low-ebb
2026-07-22 14:20:00,-0.3169394,low-ebb
2026-07-22 14:30:00,-0.3805264,low-ebb
2026-07-22 14:40:00,-0.44151834,low-ebb
2026-07-22 14:50:00,-0.49944946,low-ebb
2026-07-22 15:00:00,-0.5538816,low-ebb
2026-07-22 15:10:00,-0.60440636,low-ebb
2026-07-22 15:20:00,-0.65064675,low-ebb
2026-07-22 15:30:00,-0.69225794,low-ebb
2026-07-22 15:40:00,-0.7289278,low-ebb
2026-07-22 15:50:00,-0.76037663,low-ebb
2026-07-22 16:00:00,-0.7863577,low-ebb
2026-07-22 16:10:00,-0.8066574,low-ebb
2026-07-22 16:20:00,-0.8210959,low-ebb
2026-07-22 16:30:00,-0.8295284,low-ebb
2026-07-22 16:40:00,-0.8318467,low-ebb
2026-07-22 16:50:00,-0.8279814,low-flow
2026-07-22 17:00:00,-0.81790394,low-flow
2026-07-22 17:10:00,-0.8016292,low-flow
2026-07-22 17:20:00,-0.7792178,low-flow
2026-07-22 17:30:00,-0.7507778,low-flow
2026-07-22 17:40:00,-0.71646607,low-flow
2026-07-22 17:50:00,-0.67648894,low-flow
2026-07-22 18:00:00,-0.63110137,low-flow
2026-07-22 18:10:00,-0.5806059,low-flow
2026-07-22 18:20:00,-0.5253501,low-flow
2026-07-22 18:30:00,-0.46572307,low-flow
2026-07-22 18:40:00,-0.4021515,low-flow
2026-07-22 18:50:00,-0.33509487,low-flow
2026-07-22 19:00:00,-0.26504043,low-flow
2026-07-22 19:10:00,-0.19249785,low-flow
2026-07-22 19:20:00,-0.11799391,low-flow
2026-07-22 19:30:00,-0.042067498,low-flow
2026-07-22 19:40:00,0.03473529,high-flow
2026-07-22 19:50:00,0.11186556,high-flow
2026-07-22 20:00:00,0.18877573,high-flow
2026-07-22 20:10:00,0.2649234,high-flow
2026-07-22 20:20:00,0.33977473,high-flow
2026-07-22 20:30:00,0.41280803,high-flow
2026-07-22 20:40:00,0.4835169,high-flow
2026-07-22 20:50:00,0.5514136,high-flow
2026-07-22 21:00:00,0.6160323,high-flow
2026-07-22 21:10:00,0.67693263,high-flow
2026-07-22 21:20:00,0.7337029,high-flow
2026-07-22 21:30:00,0.7859631,high-flow
2026-07-22 21:40:00,0.8333685,high-flow
2026-07-22 21:50:00,0.8756116,high-flow
2026-07-22 22:00:00,0.9124248,high-flow
2026-07-22 22:10:00,0.9435817,high-flow
2026-07-22 22:20:00,0.9688979,high-flow
2026-07-22 22:30:00,0.9882311,high-flow
2026-07-22 22:40:00,1.0014806,high-flow
2026-07-22 22:50:00,1.0085857,high-flow
2026-07-22 23:00:00,1.0095243,high-flow
2026-07-22 23:10:00,1.0043107,high-ebb
2026-07-22 23:20:00,0.99299306,high-ebb
2026-07-22 23:30:00,0.9756519,high-ebb
2026-07-22 23:40:00,0.95239806,high-ebb
2026-07-22 23:50:00,0.92337143,high-ebb
2026-07-23 00:00:00,0.8887401,high-ebb
2026-07-23 00:10:00,0.8487006,high-ebb
2026-07-23 00:20:00,0.80347776,high-ebb
2026-07-23 00:30:00,0.753326,high-ebb
2026-07-23 00:40:00,0.6985302,high-ebb
2026-07-23 00:50:00,0.63940644,high-ebb
2026-07-23 01:00:00,0.57630336,high-ebb
2026-07-23 01:10:00,0.50960183,high-ebb
2026-07-23 01:20:00,0.4397146,high-ebb
2026-07-23 01:30:00,0.36708498,high-ebb
2026-07-23 01:40:00,0.2921841,high-ebb
2026-07-23 01:50:00,0.21550767,high-ebb
2026-07-23 02:00:00,0.13757122,high-ebb
2026-07-23 02:10:00,0.058905005,high-ebb
2026-07-23 02:20:00,-0.019951917,low-ebb
2026-07-23 02:30:00,-0.09845792,low-ebb
2026-07-23 02:40:00,-0.17607495,low-ebb
2026-07-23 02:50:00,-0.25227445,low-ebb
2026-07-23 03:00:00,-0.32654274,low-ebb
2026-07-23 03:10:00,-0.39838564,low-ebb
2026-07-23 03:20:00,-0.46733233,low-ebb
2026-07-23 03:30:00,-0.53293806,low-ebb
2026-07-23 03:40:00,-0.5947864,low-ebb
2026-07-23 03:50:00,-0.65249026,low-ebb
2026-07-23 04:00:00,-0.7056927,low-ebb
2026-07-23 04:10:00,-0.75406754,low-ebb
2026-07-23 04:20:00,-0.7973191,low-ebb
2026-07-23 04:30:00,-0.8351832,low-ebb
2026-07-23 04:40:00,-0.8674274,low-ebb
2026-07-23 04:50:00,-0.89385223,low-ebb
2026-07-23 05:00:00,-0.9142929,low-ebb
2026-07-23 05:10:00,-0.928621,low-ebb
2026-07-23 05:20:00,-0.9367474,low-ebb
2026-07-23 05:30:00,-0.9386242,low-ebb
2026-07-23 05:40:00,-0.93424785,low-flow
2026-07-23 05:50:00,-0.92366093,low-flow
2026-07-23 06:00:00,-0.9069541,low-flow
2026-07-23 06:10:00,-0.88426733,low-flow
2026-07-23 06:20:00,-0.85578966,low-flow
2026-07-23 06:30:00,-0.82175875,low-flow
2026-07-23 06:40:00,-0.7824591,low-flow
2026-07-23 06:50:00,-0.7382188,low-flow
2026-07-23 07:00:00,-0.68940645,low-flow
2026-07-23 07:10:00,-0.63642657,low-flow
2026-07-23 07:20:00,-0.57971466,low-flow
2026-07-23 07:30:00,-0.5197322,low-flow
2026-07-23 07:40:00,-0.4569614,low-flow
2026-07-23 07:50:00,-0.39190027,low-flow
2026-07-23 08:00:00,-0.32505745,low-flow
2026-07-23 08:10:00,-0.25694793,low-flow
2026-07-23 08:20:00,-0.18808877,low-flow
2026-07-23 08:30:00,-0.118995324,low-flow
2026-07-23 08:40:00,-0.05017775,low-flow
2026-07-23 08:50:00,0.017862296,high-flow
2026-07-23 09:00:00,0.08463481,high-flow
2026-07-23 09:10:00,0.14966455,high-flow
2026-07-23 09:20:00,0.21249421,high-flow
2026-07-23 09:30:00,0.27268746,high-flow
2026-07-23 09:40:00,0.32983232,high-flow
2026-07-23 09:50:00,0.3835441,high-flow
2026-07-23 10:00:00,0.43346837,high-flow
2026-07-23 10:10:00,0.4792839,high-flow
2026-07-23 10:20:00,0.5207046,high-flow
2026-07-23 10:30:00,0.5574817,high-flow
2026-07-23 10:40:00,0.5894043,high-flow
2026-07-23 10:50:00,0.6163002,high-flow
2026-07-23 11:00:00,0.63803554,high-flow
2026-07-23 11:10:00,0.6545137,high-flow
2026-07-23 11:20:00,0.6656739,high-flow
2026-07-23 11:30:00,0.67148924,high-flow
2026-07-23 11:40:00,0.67196494,high-flow
2026-07-23 11:50:00,0.66713595,high-ebb
2026-07-23 12:00:00,0.65706545,high-ebb
2026-07-23 12:10:00,0.64184344,high-ebb
2026-07-23 12:20:00,0.621586,high-ebb
2026-07-23 12:30:00,0.59643507,high-ebb
2026-07-23 12:40:00,0.5665589,high-ebb
2026-07-23 12:50:00,0.532153,high-ebb
2026-07-23 13:00:00,0.49344128,high-ebb
2026-07-23 13:10:00,0.45067772,high-ebb
2026-07-23 13:20:00,0.4041474,high-ebb
2026-07-23 13:30:00,0.3541675,high-ebb
2026-07-23 13:40:00,0.3010874,high-ebb
2026-07-23 13:50:00,0.24528825,high-ebb
2026-07-23 14:00:00,0.18718112,high-ebb
2026-07-23 14:10:00,0.12720443,high-ebb
2026-07-23 14:20:00,0.06582018,high-ebb
2026-07-23 14:30:00,0.0035093077,high-ebb
2026-07-23 14:40:00,-0.059233736,low-ebb
2026-07-23 14:50:00,-0.12190685,low-ebb
2026-07-23 15:00:00,-0.18400636,low-ebb
2026-07-23 15:10:00,-0.24503306,low-ebb
2026-07-23 15:20:00,-0.30449775,low-ebb
2026-07-23 15:30:00,-0.36192632,low-ebb
2026-07-23 15:40:00,-0.41686395,low-ebb
2026-07-23 15:50:00,-0.46887842,low-ebb
2026-07-23 16:00:00,-0.51756275,low-ebb
2026-07-23 16:10:00,-0.56253684,low-ebb
2026-07-23 16:20:00,-0.60344845,low-ebb
2026-07-23 16:30:00,-0.639974,low-ebb
2026-07-23 16:40:00,-0.6718188,low-ebb
2026-07-23 16:50:00,-0.69871765,low-ebb
2026-07-23 17:00:00,-0.7204355,low-ebb
2026-07-23 17:10:00,-0.7367681,low-ebb
2026-07-23 17:20:00,-0.74754393,low-ebb
2026-07-23 17:30:00,-0.7526259,low-ebb
2026-07-23 17:40:00,-0.75191355,low-ebb
2026-07-23 17:50:00,-0.74534595,low-flow
2026-07-23 18:00:00,-0.7329042,low-flow
2026-07-23 18:10:00,-0.7146139,low-flow
2026-07-23 18:20:00,-0.69054735,low-flow
2026-07-23 18:30:00,-0.66082513,low-flow
2026-07-23 18:40:00,-0.62561667,low-flow
2026-07-23 18:50:00,-0.5851401,low-flow
2026-07-23 19:00:00,-0.53966093,low-flow
2026-07-23 19:10:00,-0.48948985,low-flow
2026-07-23 19:20:00,-0.4349795,low-flow
2026-07-23 19:30:00,-0.3765205,low-flow
2026-07-23 19:40:00,-0.3145369,low-flow
2026-07-23 19:50:00,-0.24948105,low-flow
2026-07-23 20:00:00,-0.18182854,low-flow
2026-07-23 20:10:00,-0.11207306,low-flow
2026-07-23 20:20:00,-0.040721275,low-flow
2026-07-23 20:30:00,0.031711727,high-flow
2026-07-23 20:40:00,0.104706846,high-flow
2026-07-23 20:50:00,0.1777449,high-flow
2026-07-23 21:00:00,0.2503102,high-flow
2026-07-23 21:10:00,0.32189408,high-flow
2026-07-23 21:20:00,0.39199775,high-flow
2026-07-23 21:30:00,0.46013573,high-flow
2026-07-23 21:40:00,0.5258386,high-flow
2026-07-23 21:50:00,0.5886564,high-flow
2026-07-23 22:00:00,0.64816153,high-flow
2026-07-23 22:10:00,0.70395195,high-flow
2026-07-23 22:20:00,0.75565416,high-flow
2026-07-23 22:30:00,0.8029261,high-flow
2026-07-23 22:40:00,0.8454598,high-flow
2026-07-23 22:50:00,0.8829831,high-flow
2026-07-23 23:00:00,0.9152612,high-flow
2026-07-23 23:10:00,0.9420978,high-flow
2026-07-23 23:20:00,0.96333456,high-flow
2026-07-23 23:30:00,0.9788512,high-flow
2026-07-23 23:40:00,0.98856395,high-flow
2026-07-23 23:50:00,0.99242413,high-flow
2026-07-24 00:00:00,0.9904161,high-ebb
2026-07-24 00:10:00,0.98255545,high-ebb
2026-07-24 00:20:00,0.9688872,high-ebb
2026-07-24 00:30:00,0.9494844,high-ebb
2026-07-24 00:40:00,0.92444724,high-ebb
2026-07-24 00:50:00,0.8939025,high-ebb
2026-07-24 01:00:00,0.858004,high-ebb
2026-07-24 01:10:00,0.8169334,high-ebb
2026-07-24 01:20:00,0.77090144,high-ebb
2026-07-24 01:30:00,0.72014964,high-ebb
2026-07-24 01:40:00,0.6649514,high-ebb
2026-07-24 01:50:00,0.60561365,high-ebb
2026-07-24 02:00:00,0.54247725,high-ebb
2026-07-24 02:10:00,0.47591716,high-ebb
2026-07-24 02:20:00,0.40634114,high-ebb
2026-07-24 02:30:00,0.3341879,high-ebb
2026-07-24 02:40:00,0.25992373,high-ebb
2026-07-24 02:50:00,0.18403855,high-ebb
2026-07-24 03:00:00,0.1070406,high-ebb
2026-07-24 03:10:00,0.029450886,high-ebb
2026-07-24 03:20:00,-0.048202936,low-ebb
2026-07-24 03:30:00,-0.1253927,low-ebb
2026-07-24 03:40:00,-0.20159572,low-ebb
2026-07-24 03:50:00,-0.27630013,low-ebb
2026-07-24 04:00:00,-0.34900984,low-ebb
2026-07-24 04:10:00,-0.41924828,low-ebb
2026-07-24 04:20:00,-0.4865617,low-ebb
2026-07-24 04:30:00,-0.5505212,low-ebb
2026-07-24 04:40:00,-0.61072457,low-ebb
2026-07-24 04:50:00,-0.6667968,low-ebb
2026-07-24 05:00:00,-0.71839124,low-ebb
2026-07-24 05:10:00,-0.76518965,low-ebb
2026-07-24 05:20:00,-0.80690324,low-ebb
2026-07-24 05:30:00,-0.8432732,low-ebb
2026-07-24 05:40:00,-0.8740725,low-ebb
2026-07-24 05:50:00,-0.89910704,low-ebb
2026-07-24 06:00:00,-0.91821843,low-ebb
2026-07-24 06:10:00,-0.93128645,low-ebb
2026-07-24 06:20:00,-0.93823147,low-ebb
2026-07-24 06:30:00,-0.93901753,low-ebb
2026-07-24 06:40:00,-0.93365455,low-flow
2026-07-24 06:50:00,-0.9222002,low-flow
2026-07-24 07:00:00,-0.9047615,low-flow
2026-07-24 07:10:00,-0.8814945,low-flow
2026-07-24 07:20:00,-0.8526043,low-flow
2026-07-24 07:30:00,-0.8183429,low-flow
2026-07-24 07:40:00,-0.77900684,low-flow
2026-07-24 07:50:00,-0.73493344,low-flow
2026-07-24 08:00:00,-0.6864968,low-flow
2026-07-24 08:10:00,-0.63410306,low-flow
2026-07-24 08:20:00,-0.5781853,low-flow
2026-07-24 08:30:00,-0.51919866,low-flow
2026-07-24 08:40:00,-0.45761508,low-flow
2026-07-24 08:50:00,-0.3939189,low-flow
2026-07-24 09:00:00,-0.3286023,low-flow
2026-07-24 09:10:00,-0.2621614,low-flow
2026-07-24 09:20:00,-0.19509257,low-flow
2026-07-24 09:30:00,-0.12788911,low-flow
2026-07-24 09:40:00,-0.061038233,low-flow
2026-07-24 09:50:00,0.004981956,high-flow
2026-07-24 10:00:00,0.06970537,high-flow
2026-07-24 10:10:00,0.13268085,high-flow
2026-07-24 10:20:00,0.1934752,high-flow
2026-07-24 10:30:00,0.25167617,high-flow
2026-07-24 10:40:00,0.3068955,high-flow
2026-07-24 10:50:00,0.35877177,high-flow
2026-07-24 11:00:00,0.40697312,high-flow
2026-07-24 11:10:00,0.45119947,high-flow
2026-07-24 11:20:00,0.49118432,high-flow
2026-07-24 11:30:00,0.5266961,high-flow
2026-07-24 11:40:00,0.55753845,high-flow
2026-07-24 11:50:00,0.58355033,high-flow
2026-07-24 12:00:00,0.6046053,high-flow
2026-07-24 12:10:00,0.6206101,high-flow
2026-07-24 12:20:00,0.63150334,high-flow
2026-07-24 12:30:00,0.63725346,high-flow
2026-07-24 12:40:00,0.6378575,high-flow
2026-07-24 12:50:00,0.6333394,high-ebb
2026-07-24 13:00:00,0.623749,high-ebb
2026-07-24 13:10:00,0.609162,high-ebb
2026-07-24 13:20:00,0.58967966,high-ebb
2026-07-24 13:30:00,0.56543016,high-ebb
2026-07-24 13:40:00,0.53656954,high-ebb
2026-07-24 13:50:00,0.50328356,high-ebb
2026-07-24 14:00:00,0.46578935,high-ebb
2026-07-24 14:10:00,0.42433712,high-ebb
2026-07-24 14:20:00,0.37921128,high-ebb
2026-07-24 14:30:00,0.33073112,high-ebb
2026-07-24 14:40:00,0.2792503,high-ebb
2026-07-24 14:50:00,0.22515556,high-ebb
2026-07-24 15:00:00,0.16886415,high-ebb
2026-07-24 15:10:00,0.11082026,high-ebb
2026-07-24 15:20:00,0.05149048,high-ebb
2026-07-24 15:30:00,-0.008641637,low-ebb
2026-07-24 15:40:00,-0.0690814,low-ebb
2026-07-24 15:50:00,-0.12932922,low-ebb
2026-07-24 16:00:00,-0.18888664,low-ebb
2026-07-24 16:10:00,-0.24726224,low-ebb
2026-07-24 16:20:00,-0.3039767,low-ebb
2026-07-24 16:30:00,-0.35856742,low-ebb
2026-07-24 16:40:00,-0.410592,low-ebb
2026-07-24 16:50:00,-0.4596311,low-ebb
2026-07-24 17:00:00,-0.5052903,low-ebb
2026-07-24 17:10:00,-0.54720163,low-ebb
2026-07-24 17:20:00,-0.58502406,low-ebb
2026-07-24 17:30:00,-0.61844444,low-ebb
2026-07-24 17:40:00,-0.64717805,low-ebb
2026-07-24 17:50:00,-0.6709692,low-ebb
2026-07-24 18:00:00,-0.68959266,low-ebb
2026-07-24 18:10:00,-0.70285505,low-ebb
2026-07-24 18:20:00,-0.71059674,low-ebb
2026-07-24 18:30:00,-0.7126947,low-ebb
2026-07-24 18:40:00,-0.7090646,low-flow
2026-07-24 18:50:00,-0.69966406,low-flow
2026-07-24 19:00:00,-0.68449485,low-flow
2026-07-24 19:10:00,-0.6636054,low-flow
2026-07-24 19:20:00,-0.6370922,low-flow
2026-07-24 19:30:00,-0.60510045,low-flow
2026-07-24 19:40:00,-0.5678244,low-flow
2026-07-24 19:50:00,-0.5255058,low-flow
2026-07-24 20:00:00,-0.47843155,low-flow
2026-07-24 20:10:00,-0.42693126,low-flow
2026-07-24 20:20:00,-0.3713729,low-flow
2026-07-24 20:30:00,-0.31215844,low-flow
2026-07-24 20:40:00,-0.24971908,low-flow
2026-07-24 20:50:00,-0.18451016,low-flow
2026-07-24 21:00:00,-0.117006116,low-flow
2026-07-24 21:10:00,-0.047695734,low-flow
2026-07-24 21:20:00,0.022922413,high-flow
2026-07-24 21:30:00,0.09434412,high-flow
2026-07-24 21:40:00,0.1660633,high-flow
2026-07-24 21:50:00,0.23757543,high-flow
2026-07-24 22:00:00,0.30838066,high-flow
2026-07-24 22:10:00,0.37798697,high-flow
2026-07-24 22:20:00,0.44591275,high-flow
2026-07-24 22:30:00,0.51169014,high-flow
2026-07-24 22:40:00,0.57486755,high-flow
2026-07-24 22:50:00,0.63501304,high-flow
2026-07-24 23:00:00,0.69171727,high-flow
2026-07-24 23:10:00,0.7445964,high-flow
2026-07-24 23:20:00,0.793295,high-flow
2026-07-24 23:30:00,0.8374889,high-flow
2026-07-24 23:40:00,0.87688684,high-flow
2026-07-24 23:50:00,0.91123265,high-flow
2026-07-25 00:00:00,0.9403059,high-flow
2026-07-25 00:10:00,0.96392244,high-flow
2026-07-25 00:20:00,0.98193413,high-flow
2026-07-25 00:30:00,0.99422807,high-flow
2026-07-25 00:40:00,1.0007253,high-flow
2026-07-25 00:50:00,1.001379,high-flow
2026-07-25 01:00:00,0.99617374,high-ebb
2026-07-25 01:10:00,0.9851232,high-ebb
2026-07-25 01:20:00,0.9682697,high-ebb
2026-07-25 01:30:00,0.9456833,high-ebb
2026-07-25 01:40:00,0.9174621,high-ebb
2026-07-25 01:50:00,0.8837325,high-ebb
2026-07-25 02:00:00,0.8446506,high-ebb
2026-07-25 02:10:00,0.80040383,high-ebb
2026-07-25 02:20:00,0.7512123,high-ebb
2026-07-25 02:30:00,0.697331,high-ebb
2026-07-25 02:40:00,0.6390509,high-ebb
2026-07-25 02:50:00,0.57670003,high-ebb
2026-07-25 03:00:00,0.51064336,high-ebb
2026-07-25 03:10:00,0.4412817,high-ebb
2026-07-25 03:20:00,0.36905012,high-ebb
2026-07-25 03:30:00,0.29441422,high-ebb
2026-07-25 03:40:00,0.2178662,high-ebb
2026-07-25 03:50:00,0.13991955,high-ebb
2026-07-25 04:00:00,0.06110323,high-ebb
2026-07-25 04:10:00,-0.018044665,low-ebb
2026-07-25 04:20:00,-0.09698325,low-ebb
2026-07-25 04:30:00,-0.17517507,low-ebb
2026-07-25 04:40:00,-0.25209188,low-ebb
2026-07-25 04:50:00,-0.32721972,low-ebb
2026-07-25 05:00:00,-0.40006313,low-ebb
2026-07-25 05:10:00,-0.47014853,low-ebb
2026-07-25 05:20:00,-0.5370269,low-ebb
2026-07-25 05:30:00,-0.60027516,low-ebb
2026-07-25 05:40:00,-0.6594979,low-ebb
2026-07-25 05:50:00,-0.7143279,low-ebb
2026-07-25 06:00:00,-0.7644264,low-ebb
2026-07-25 06:10:00,-0.8094848,low-ebb
2026-07-25 06:20:00,-0.84922457,low-ebb
2026-07-25 06:30:00,-0.8833994,low-ebb
2026-07-25 06:40:00,-0.91179657,low-ebb
2026-07-25 06:50:00,-0.9342392,low-ebb
2026-07-25 07:00:00,-0.95058894,low-ebb
2026-07-25 07:10:00,-0.9607486,low-ebb
2026-07-25 07:20:00,-0.9646648,low-ebb
2026-07-25 07:30:00,-0.9623303,low-flow
2026-07-25 07:40:00,-0.9537859,low-flow
2026-07-25 07:50:00,-0.939122,low-flow
2026-07-25 08:00:00,-0.9184784,low-flow
2026-07-25 08:10:00,-0.8920442,low-flow
2026-07-25 08:20:00,-0.86005574,low-flow
2026-07-25 08:30:00,-0.8227944,low-flow
2026-07-25 08:40:00,-0.7805829,low-flow
2026-07-25 08:50:00,-0.73378146,low-flow
2026-07-25 09:00:00,-0.682783,low-flow
2026-07-25 09:10:00,-0.6280084,low-flow
2026-07-25 09:20:00,-0.5699017,low-flow
2026-07-25 09:30:00,-0.50892496,low-flow
2026-07-25 09:40:00,-0.44555402,low-flow
2026-07-25 09:50:00,-0.3802742,low-flow
2026-07-25 10:00:00,-0.31357658,low-flow
2026-07-25 10:10:00,-0.24595432,low-flow
2026-07-25 10:20:00,-0.17789985,low-flow
2026-07-25 10:30:00,-0.10990168,low-flow
2026-07-25 10:40:00,-0.04244173,low-flow
2026-07-25 10:50:00,0.024007523,high-flow
2026-07-25 11:00:00,0.08898586,high-flow
2026-07-25 11:10:00,0.15204825,high-flow
2026-07-25 11:20:00,0.21276788,high-flow
2026-07-25 11:30:00,0.27073923,high-flow
2026-07-25 11:40:00,0.32558092,high-flow
2026-07-25 11:50:00,0.37693873,high-flow
2026-07-25 12:00:00,0.4244879,high-flow
2026-07-25 12:10:00,0.4679352,high-flow
2026-07-25 12:20:00,0.50702065,high-flow
2026-07-25 12:30:00,0.5415181,high-flow
2026-07-25 12:40:00,0.5712357,high-flow
2026-07-25 12:50:00,0.5960155,high-flow
2026-07-25 13:00:00,0.6157327,high-flow
2026-07-25 13:10:00,0.6302945,high-flow
2026-07-25 13:20:00,0.6396386,high-flow
2026-07-25 13:30:00,0.6437324,high-flow
2026-07-25 13:40:00,0.6425716,high-flow
2026-07-25 13:50:00,0.6361797,high-ebb
2026-07-25 14:00:00,0.62460786,high-ebb
2026-07-25 14:10:00,0.60793567,high-ebb
2026-07-25 14:20:00,0.5862719,high-ebb
2026-07-25 14:30:00,0.5597563,high-ebb
2026-07-25 14:40:00,0.52856106,high-ebb
2026-07-25 14:50:00,0.49289322,high-ebb
2026-07-25 15:00:00,0.45299578,high-ebb
2026-07-25 15:10:00,0.4091494,high-ebb
2026-07-25 15:20:00,0.3616726,high-ebb
2026-07-25 15:30:00,0.31092152,high-ebb
2026-07-25 15:40:00,0.25728828,high-ebb
2026-07-25 15:50:00,0.20119837,high-ebb
2026-07-25 16:00:00,0.14310688,high-ebb
2026-07-25 16:10:00,0.08349359,high-ebb
2026-07-25 16:20:00,0.022857377,high-ebb
2026-07-25 16:30:00,-0.038290046,low-ebb
2026-07-25 16:40:00,-0.099430606,low-ebb
2026-07-25 16:50:00,-0.16004637,low-ebb
2026-07-25 17:00:00,-0.2196257,low-ebb
2026-07-25 17:10:00,-0.2776688,low-ebb
2026-07-25 17:20:00,-0.33369252,low-ebb
2026-07-25 17:30:00,-0.38723436,low-ebb
2026-07-25 17:40:00,-0.43785545,low-ebb
2026-07-25 17:50:00,-0.48514274,low-ebb
2026-07-25 18:00:00,-0.52871054,low-ebb
2026-07-25 18:10:00,-0.56820154,low-ebb
2026-07-25 18:20:00,-0.60328746,low-ebb
2026-07-25 18:30:00,-0.63366973,low-ebb
2026-07-25 18:40:00,-0.65908015,low-ebb
2026-07-25 18:50:00,-0.67928207,low-ebb
2026-07-25 19:00:00,-0.69407207,low-ebb
2026-07-25 19:10:00,-0.7032813,low-ebb
2026-07-25 19:20:00,-0.70677835,low-ebb
2026-07-25 19:30:00,-0.70447147,low-flow
2026-07-25 19:40:00,-0.696311,low-flow
2026-07-25 19:50:00,-0.68229234,low-flow
2026-07-25 20:00:00,-0.6624575,low-flow
2026-07-25 20:10:00,-0.63689697,low-flow
2026-07-25 20:20:00,-0.60575,low-flow
2026-07-25 20:30:00,-0.56920505,low-flow
2026-07-25 20:40:00,-0.52749807,low-flow
2026-07-25 20:50:00,-0.48091054,low-flow
2026-07-25 21:00:00,-0.4297666,low-flow
2026-07-25 21:10:00,-0.374429,low-flow
2026-07-25 21:20:00,-0.31529498,low-flow
2026-07-25 21:30:00,-0.25279137,low-flow
2026-07-25 21:40:00,-0.18736982,low-flow
2026-07-25 21:50:00,-0.119501814,low-flow
2026-07-25 22:00:00,-0.049674146,low-flow
2026-07-25 22:10:00,0.021615496,high-flow
2026-07-25 22:20:00,0.093862474,high-flow
2026-07-25 22:30:00,0.16655877,high-flow
2026-07-25 22:40:00,0.23919632,high-flow
2026-07-25 22:50:00,0.31126985,high-flow
2026-07-25 23:00:00,0.38227996,high-flow
2026-07-25 23:10:00,0.45173565,high-flow
2026-07-25 23:20:00,0.5191574,high-flow
2026-07-25 23:30:00,0.58408,high-flow
2026-07-25 23:40:00,0.64605534,high-flow
2026-07-25 23:50:00,0.7046561,high-flow
2026-07-26 00:00:00,0.75947833,high-flow
2026-07-26 00:10:00,0.81014484,high-flow
2026-07-26 00:20:00,0.8563078,high-flow
2026-07-26 00:30:00,0.89765143,high-flow
2026-07-26 00:40:00,0.9338937,high-flow
2026-07-26 00:50:00,0.964788,high-flow
2026-07-26 01:00:00,0.99012387,high-flow
2026-07-26 01:10:00,1.009727,high-flow
2026-07-26 01:20:00,1.0234591,high-flow
2026-07-26 01:30:00,1.031217,high-flow
2026-07-26 01:40:00,1.0329316,high-flow
2026-07-26 01:50:00,1.0285666,high-ebb
2026-07-26 02:00:00,1.0181177,high-ebb
2026-07-26 02:10:00,1.0016116,high-ebb
2026-07-26 02:20:00,0.9791062,high-ebb
2026-07-26 02:30:00,0.9506901,high-ebb
2026-07-26 02:40:00,0.9164841,high-ebb
2026-07-26 02:50:00,0.87664205,high-ebb
2026-07-26 03:00:00,0.8313524,high-ebb
2026-07-26 03:10:00,0.78084034,high-ebb
2026-07-26 03:20:00,0.7253691,high-ebb
2026-07-26 03:30:00,0.6652415,high-ebb
2026-07-26 03:40:00,0.6008004,high-ebb
2026-07-26 03:50:00,0.5324287,high-ebb
2026-07-26 04:00:00,0.46054807,high-ebb
2026-07-26 04:10:00,0.38561657,high-ebb
2026-07-26 04:20:00,0.30812505,high-ebb
2026-07-26 04:30:00,0.22859251,high-ebb
2026-07-26 04:40:00,0.14756061,high-ebb
2026-07-26 04:50:00,0.06558723,high-ebb
2026-07-26 05:00:00,-0.016760193,low-ebb
2026-07-26 05:10:00,-0.098911524,low-ebb
2026-07-26 05:20:00,-0.1803006,low-ebb
2026-07-26 05:30:00,-0.26037136,low-ebb
2026-07-26 05:40:00,-0.33858344,low-ebb
2026-07-26 05:50:00,-0.41441658,low-ebb
2026-07-26 06:00:00,-0.48737454,low-ebb
2026-07-26 06:10:00,-0.5569877,low-ebb
2026-07-26 06:20:00,-0.622815,low-ebb
2026-07-26 06:30:00,-0.6844455,low-ebb
2026-07-26 06:40:00,-0.7414987,low-ebb
2026-07-26 06:50:00,-0.7936259,low-ebb
2026-07-26 07:00:00,-0.84050995,low-ebb
2026-07-26 07:10:00,-0.88186705,low-ebb
2026-07-26 07:20:00,-0.91744703,low-ebb
2026-07-26 07:30:00,-0.94703543,low-ebb
2026-07-26 07:40:00,-0.97045547,low-ebb
2026-07-26 07:50:00,-0.98756987,low-ebb
2026-07-26 08:00:00,-0.99828386,low-ebb
2026-07-26 08:10:00,-1.0025473,low-ebb
2026-07-26 08:20:00,-1.0003564,low-flow
2026-07-26 08:30:00,-0.9917567,low-flow
2026-07-26 08:40:00,-0.9768427,low-flow
2026-07-26 08:50:00,-0.95575887,low-flow
2026-07-26 09:00:00,-0.92869884,low-flow
2026-07-26 09:10:00,-0.8959036,low-flow
2026-07-26 09:20:00,-0.857659,low-flow
2026-07-26 09:30:00,-0.8142922,low-flow
2026-07-26 09:40:00,-0.7661681,low-flow
2026-07-26 09:50:00,-0.7136844,low-flow
2026-07-26 10:00:00,-0.6572668,low-flow
2026-07-26 10:10:00,-0.5973648,low-flow
2026-07-26 10:20:00,-0.5344464,low-flow
2026-07-26 10:30:00,-0.46899417,low-flow
2026-07-26 10:40:00,-0.40150106,low-flow
2026-07-26 10:50:00,-0.3324667,low-flow
2026-07-26 11:00:00,-0.26239437,low-flow
2026-07-26 11:10:00,-0.1917877,low-flow
2026-07-26 11:20:00,-0.121148184,low-flow
2026-07-26 11:30:00,-0.05097223,low-flow
2026-07-26 11:40:00,0.018251415,high-flow
2026-07-26 11:50:00,0.086044565,high-flow
2026-07-26 12:00:00,0.15194252,high-flow
2026-07-26 12:10:00,0.21549717,high-flow
2026-07-26 12:20:00,0.2762802,high-flow
2026-07-26 12:30:00,0.33388624,high-flow
2026-07-26 12:40:00,0.38793597,high-flow
2026-07-26 12:50:00,0.43807894,high-flow
2026-07-26 13:00:00,0.48399594,high-flow
2026-07-26 13:10:00,0.52540094,high-flow
2026-07-26 13:20:00,0.56204253,high-flow
2026-07-26 13:30:00,0.59370434,high-flow
2026-07-26 13:40:00,0.6202055,high-flow
2026-07-26 13:50:00,0.6414004,high-flow
2026-07-26 14:00:00,0.6571774,high-flow
2026-07-26 14:10:00,0.66745853,high-flow
2026-07-26 14:20:00,0.6721984,high-flow
2026-07-26 14:30:00,0.67138344,high-flow
2026-07-26 14:40:00,0.6650316,high-ebb
2026-07-26 14:50:00,0.65319246,high-ebb
2026-07-26 15:00:00,0.6359478,high-ebb
2026-07-26 15:10:00,0.6134128,high-ebb
2026-07-26 15:20:00,0.5857374,high-ebb
2026-07-26 15:30:00,0.5531081,high-ebb
2026-07-26 15:40:00,0.51574975,high-ebb
2026-07-26 15:50:00,0.4739268,high-ebb
2026-07-26 16:00:00,0.42794445,high-ebb
2026-07-26 16:10:00,0.3781486,high-ebb
2026-07-26 16:20:00,0.3249252,high-ebb
2026-07-26 16:30:00,0.2686983,high-ebb
2026-07-26 16:40:00,0.2099267,high-ebb
2026-07-26 16:50:00,0.14909987,high-ebb
2026-07-26 17:00:00,0.086732484,high-ebb
2026-07-26 17:10:00,0.023358252,high-ebb
2026-07-26 17:20:00,-0.040476844,low-ebb
2026-07-26 17:30:00,-0.10422158,low-ebb
2026-07-26 17:40:00,-0.16732648,low-ebb
2026-07-26 17:50:00,-0.22925043,low-ebb
2026-07-26 18:00:00,-0.2894667,low-ebb
2026-07-26 18:10:00,-0.34746814,low-ebb
2026-07-26 18:20:00,-0.40277135,low-ebb
2026-07-26 18:30:00,-0.45492005,low-ebb
2026-07-26 18:40:00,-0.50348735,low-ebb
2026-07-26 18:50:00,-0.54807746,low-ebb
2026-07-26 19:00:00,-0.58832645,low-ebb
2026-07-26 19:10:00,-0.6239031,low-ebb
2026-07-26 19:20:00,-0.6545091,low-ebb
2026-07-26 19:30:00,-0.6798799,low-ebb
2026-07-26 19:40:00,-0.6997853,low-ebb
2026-07-26 19:50:00,-0.7140304,low-ebb
2026-07-26 20:00:00,-0.7224575,low-ebb
2026-07-26 20:10:00,-0.724948,low-ebb
2026-07-26 20:20:00,-0.7214239,low-flow
2026-07-26 20:30:00,-0.71185094,low-flow
2026-07-26 20:40:00,-0.69623995,low-flow
2026-07-26 20:50:00,-0.67464894,low-flow
2026-07-26 21:00:00,-0.6471844,low-flow
2026-07-26 21:10:00,-0.61400145,low-flow
2026-07-26 21:20:00,-0.575304,low-flow
2026-07-26 21:30:00,-0.53134286,low-flow
2026-07-26 21:40:00,-0.48241404,low-flow
2026-07-26 21:50:00,-0.42885533,low-flow
2026-07-26 22:00:00,-0.37104276,low-flow
2026-07-26 22:10:00,-0.3093862,low-flow
2026-07-26 22:20:00,-0.24432483,low-flow
2026-07-26 22:30:00,-0.17632219,low-flow
2026-07-26 22:40:00,-0.10586166,low-flow
2026-07-26 22:50:00,-0.03344182,low-flow
2026-07-26 23:00:00,0.040427584,high-flow
2026-07-26 23:10:00,0.11522952,high-flow
2026-07-26 23:20:00,0.19044305,high-flow
2026-07-26 23:30:00,0.26554644,high-flow
2026-07-26 23:40:00,0.34002003,high-flow
2026-07-26 23:50:00,0.41334894,high-flow
2026-07-27 00:00:00,0.48502582,high-flow
2026-07-27 00:10:00,0.5545537,high-flow
2026-07-27 00:20:00,0.6214488,high-flow
2026-07-27 00:30:00,0.6852439,high-flow
2026-07-27 00:40:00,0.7454913,high-flow
2026-07-27 00:50:00,0.8017666,high-flow
2026-07-27 01:00:00,0.8536714,high-flow
2026-07-27 01:10:00,0.90083694,high-flow
2026-07-27 01:20:00,0.9429269,high-flow
2026-07-27 01:30:00,0.97963953,high-flow
2026-07-27 01:40:00,1.0107098,high-flow
2026-07-27 01:50:00,1.0359101,high-flow
2026-07-27 02:00:00,1.0550522,high-flow
2026-07-27 02:10:00,1.0679854,high-flow
2026-07-27 02:20:00,1.0745978,high-flow
2026-07-27 02:30:00,1.0748149,high-flow
2026-07-27 02:40:00,1.068599,high-ebb
2026-07-27 02:50:00,1.055948,high-ebb
2026-07-27 03:00:00,1.0368956,high-ebb
2026-07-27 03:10:00,1.0115106,high-ebb
2026-07-27 03:20:00,0.97989726,high-ebb
2026-07-27 03:30:00,0.9421963,high-ebb
2026-07-27 03:40:00,0.89858556,high-ebb
2026-07-27 03:50:00,0.8492819,high-ebb
2026-07-27 04:00:00,0.79454225,high-ebb
2026-07-27 04:10:00,0.7346652,high-ebb
2026-07-27 04:20:00,0.66999185,high-ebb
2026-07-27 04:30:00,0.6009058,high-ebb
2026-07-27 04:40:00,0.5278327,high-ebb
2026-07-27 04:50:00,0.45123824,high-ebb
2026-07-27 05:00:00,0.3716255,high-ebb
2026-07-27 05:10:00,0.2895304,high-ebb
2026-07-27 05:20:00,0.20551658,high-ebb
2026-07-27 05:30:00,0.12016922,high-ebb
2026-07-27 05:40:00,0.034088112,high-ebb
2026-07-27 05:50:00,-0.05211977,low-ebb
2026-07-27 06:00:00,-0.1378476,low-ebb
2026-07-27 06:10:00,-0.22249591,low-ebb
2026-07-27 06:20:00,-0.30547923,low-ebb
2026-07-27 06:30:00,-0.38623193,low-ebb
2026-07-27 06:40:00,-0.4642131,low-ebb
2026-07-27 06:50:00,-0.53891057,low-ebb
2026-07-27 07:00:00,-0.60984373,low-ebb
2026-07-27 07:10:00,-0.6765655,low-ebb
2026-07-27 07:20:00,-0.7386635,low-ebb
2026-07-27 07:30:00,-0.7957609,low-ebb
2026-07-27 07:40:00,-0.84751666,low-ebb
2026-07-27 07:50:00,-0.89362574,low-ebb
2026-07-27 08:00:00,-0.9338199,low-ebb
2026-07-27 08:10:00,-0.9678679,low-ebb
2026-07-27 08:20:00,-0.9955771,low-ebb
2026-07-27 08:30:00,-1.0167943,low-ebb
2026-07-27 08:40:00,-1.0314083,low-ebb
2026-07-27 08:50:00,-1.0393509,low-ebb
2026-07-27 09:00:00,-1.0405996,low-ebb
2026-07-27 09:10:00,-1.035179,low-flow
2026-07-27 09:20:00,-1.0231624,low-flow
2026-07-27 09:30:00,-1.0046717,low-flow
2026-07-27 09:40:00,-0.9798785,low-flow
2026-07-27 09:50:00,-0.94900244,low-flow
2026-07-27 10:00:00,-0.91230965,low-flow
2026-07-27 10:10:00,-0.87010986,low-flow
2026-07-27 10:20:00,-0.8227533,low-flow
2026-07-27 10:30:00,-0.77062654,low-flow
2026-07-27 10:40:00,-0.7141479,low-flow
2026-07-27 10:50:00,-0.6537633,low-flow
2026-07-27 11:00:00,-0.5899409,low-flow
2026-07-27 11:10:00,-0.52316743,low-flow
2026-07-27 11:20:00,-0.45394328,low-flow
2026-07-27 11:30:00,-0.38277912,low-flow
2026-07-27 11:40:00,-0.31019217,low-flow
2026-07-27 11:50:00,-0.2367033,low-flow
2026-07-27 12:00:00,-0.16283402,low-flow
2026-07-27 12:10:00,-0.089103855,low-flow
2026-07-27 12:20:00,-0.016027723,low-flow
2026-07-27 12:30:00,0.05588679,high-flow
2026-07-27 12:40:00,0.12614225,high-flow
2026-07-27 12:50:00,0.19425446,high-flow
2026-07-27 13:00:00,0.25975564,high-flow
2026-07-27 13:10:00,0.3221979,high-flow
2026-07-27 13:20:00,0.38115665,high-flow
2026-07-27 13:30:00,0.436234,high-flow
2026-07-27 13:40:00,0.4870619,high-flow
2026-07-27 13:50:00,0.53330505,high-flow
2026-07-27 14:00:00,0.5746633,high-flow
2026-07-27 14:10:00,0.6108731,high-flow
2026-07-27 14:20:00,0.6417094,high-flow
2026-07-27 14:30:00,0.6669854,high-flow
2026-07-27 14:40:00,0.6865532,high-flow
2026-07-27 14:50:00,0.7003032,high-flow
2026-07-27 15:00:00,0.7081637,high-flow
2026-07-27 15:10:00,0.71009994,high-flow
2026-07-27 15:20:00,0.706114,high-ebb
2026-07-27 15:30:00,0.696244,high-ebb
2026-07-27 15:40:00,0.6805646,high-ebb
2026-07-27 15:50:00,0.65918714,high-ebb
2026-07-27 16:00:00,0.63226086,high-ebb
2026-07-27 16:10:00,0.5999738,high-ebb
2026-07-27 16:20:00,0.5625542,high-ebb
2026-07-27 16:30:00,0.52027196,high-ebb
2026-07-27 16:40:00,0.4734392,high-ebb
2026-07-27 16:50:00,0.4224109,high-ebb
2026-07-27 17:00:00,0.36758426,high-ebb
2026-07-27 17:10:00,0.30939722,high-ebb
2026-07-27 17:20:00,0.24832593,high-ebb
2026-07-27 17:30:00,0.18488064,high-ebb
2026-07-27 17:40:00,0.11960095,high-ebb
2026-07-27 17:50:00,0.053049523,high-ebb
2026-07-27 18:00:00,-0.014194645,low-ebb
2026-07-27 18:10:00,-0.08154371,low-ebb
2026-07-27 18:20:00,-0.14840859,low-ebb
2026-07-27 18:30:00,-0.21420652,low-ebb
2026-07-27 18:40:00,-0.27836812,low-ebb
2026-07-27 18:50:00,-0.34034377,low-ebb
2026-07-27 19:00:00,-0.3996092,low-ebb
2026-07-27 19:10:00,-0.45566976,low-ebb
2026-07-27 19:20:00,-0.50806385,low-ebb
2026-07-27 19:30:00,-0.5563653,low-ebb
2026-07-27 19:40:00,-0.60018474,low-ebb
2026-07-27 19:50:00,-0.63917035,low-ebb
2026-07-27 20:00:00,-0.67300814,low-ebb
2026-07-27 20:10:00,-0.7014219,low-ebb
2026-07-27 20:20:00,-0.7241735,low-ebb
2026-07-27 20:30:00,-0.7410627,low-ebb
2026-07-27 20:40:00,-0.751928,low-ebb
2026-07-27 20:50:00,-0.75664735,low-ebb
2026-07-27 21:00:00,-0.75513965,low-ebb
2026-07-27 21:10:00,-0.74736595,low-flow
2026-07-27 21:20:00,-0.7333312,low-flow
2026-07-27 21:30:00,-0.71308595,low-flow
2026-07-27 21:40:00,-0.6867275,low-flow
2026-07-27 21:50:00,-0.65440065,low-flow
2026-07-27 22:00:00,-0.6162978,low-flow
2026-07-27 22:10:00,-0.57265854,low-flow
2026-07-27 22:20:00,-0.523768,low-flow
2026-07-27 22:30:00,-0.46995437,low-flow
2026-07-27 22:40:00,-0.41158602,low-flow
2026-07-27 22:50:00,-0.3490676,low-flow
2026-07-27 23:00:00,-0.2828358,low-flow
2026-07-27 23:10:00,-0.21335483,low-flow
2026-07-27 23:20:00,-0.14111173,low-flow
2026-07-27 23:30:00,-0.06661189,low-flow
2026-07-27 23:40:00,0.009625306,high-flow
2026-07-27 23:50:00,0.08707047,high-flow
2026-07-28 00:00:00,0.1651878,high-flow
2026-07-28 00:10:00,0.24343835,high-flow
2026-07-28 00:20:00,0.32128292,high-flow
2026-07-28 00:30:00,0.39818487,high-flow
2026-07-28 00:40:00,0.47361276,high-flow
2026-07-28 00:50:00,0.54704297,high-flow
2026-07-28 01:00:00,0.6179627,high-flow
2026-07-28 01:10:00,0.68587273,high-flow
2026-07-28 01:20:00,0.7502909,high-flow
2026-07-28 01:30:00,0.81075543,high-flow
2026-07-28 01:40:00,0.86682874,high-flow
2026-07-28 01:50:00,0.9181008,high-flow
2026-07-28 02:00:00,0.9641926,high-flow
2026-07-28 02:10:00,1.0047599,high-flow
2026-07-28 02:20:00,1.0394953,high-flow
2026-07-28 02:30:00,1.0681313,high-flow
2026-07-28 02:40:00,1.0904413,high-flow
2026-07-28 02:50:00,1.1062412,high-flow
2026-07-28 03:00:00,1.1153893,high-flow
2026-07-28 03:10:00,1.117787,high-flow
2026-07-28 03:20:00,1.1133777,high-ebb
2026-07-28 03:30:00,1.1021464,high-ebb
2026-07-28 03:40:00,1.0841192,high-ebb
2026-07-28 03:50:00,1.0593625,high-ebb
2026-07-28 04:00:00,1.0279832,high-ebb
2026-07-28 04:10:00,0.9901278,high-ebb
2026-07-28 04:20:00,0.94598377,high-ebb
2026-07-28 04:30:00,0.89577997,high-ebb
2026-07-28 04:40:00,0.8397872,high-ebb
2026-07-28 04:50:00,0.7783196,high-ebb
2026-07-28 05:00:00,0.71173495,high-ebb
2026-07-28 05:10:00,0.6404351,high-ebb
2026-07-28 05:20:00,0.5648651,high-ebb
2026-07-28 05:30:00,0.4855121,high-ebb
2026-07-28 05:40:00,0.40290245,high-ebb
2026-07-28 05:50:00,0.317598,high-ebb
2026-07-28 06:00:00,0.23019119,high-ebb
2026-07-28 06:10:00,0.14129895,high-ebb
2026-07-28 06:20:00,0.05155575,high-ebb
2026-07-28 06:30:00,-0.03839406,low-ebb
2026-07-28 06:40:00,-0.12790416,low-ebb
2026-07-28 06:50:00,-0.2163343,low-ebb
2026-07-28 07:00:00,-0.30305782,low-ebb
2026-07-28 07:10:00,-0.3874688,low-ebb
2026-07-28 07:20:00,-0.46898815,low-ebb
2026-07-28 07:30:00,-0.54706854,low-ebb
2026-07-28 07:40:00,-0.62119853,low-ebb
2026-07-28 07:50:00,-0.6909053,low-ebb
2026-07-28 08:00:00,-0.7557563,low-ebb
2026-07-28 08:10:00,-0.8153603,low-ebb
2026-07-28 08:20:00,-0.86936766,low-ebb
2026-07-28 08:30:00,-0.9174699,low-ebb
2026-07-28 08:40:00,-0.9593998,low-ebb
2026-07-28 08:50:00,-0.99493086,low-ebb
2026-07-28 09:00:00,-1.0238774,low-ebb
2026-07-28 09:10:00,-1.0460947,low-ebb
2026-07-28 09:20:00,-1.0614799,low-ebb
2026-07-28 09:30:00,-1.0699733,low-ebb
2026-07-28 09:40:00,-1.071559,low-ebb
2026-07-28 09:50:00,-1.0662663,low-flow
2026-07-28 10:00:00,-1.0541713,low-flow
2026-07-28 10:10:00,-1.0353975,low-flow
2026-07-28 10:20:00,-1.0101156,low-flow
2026-07-28 10:30:00,-0.97854394,low-flow
2026-07-28 10:40:00,-0.94094646,low-flow
2026-07-28 10:50:00,-0.8976314,low-flow
2026-07-28 11:00:00,-0.8489482,low-flow
2026-07-28 11:10:00,-0.79528403,low-flow
2026-07-28 11:20:00,-0.73705995,low-flow
2026-07-28 11:30:00,-0.6747265,low-flow
2026-07-28 11:40:00,-0.6087591,low-flow
2026-07-28 11:50:00,-0.53965384,low-flow
2026-07-28 12:00:00,-0.46792275,low-flow
2026-07-28 12:10:00,-0.3940902,low-flow
2026-07-28 12:20:00,-0.31868896,low-flow
2026-07-28 12:30:00,-0.24225701,low-flow
2026-07-28 12:40:00,-0.16533464,low-flow
2026-07-28 12:50:00,-0.08846161,low-flow
2026-07-28 13:00:00,-0.012174641,low-flow
2026-07-28 13:10:00,0.0629952,high-flow
2026-07-28 13:20:00,0.13652524,high-flow
2026-07-28 13:30:00,0.20790409,high-flow
2026-07-28 13:40:00,0.27663478,high-flow
2026-07-28 13:50:00,0.34223828,high-flow
2026-07-28 14:00:00,0.4042571,high-flow
2026-07-28 14:10:00,0.46225893,high-flow
2026-07-28 14:20:00,0.51584065,high-flow
2026-07-28 14:30:00,0.5646315,high-flow
2026-07-28 14:40:00,0.6082969,high-flow
2026-07-28 14:50:00,0.64654034,high-flow
2026-07-28 15:00:00,0.67910665,high-flow
2026-07-28 15:10:00,0.7057828,high-flow
2026-07-28 15:20:00,0.7263989,high-flow
2026-07-28 15:30:00,0.740829,high-flow
2026-07-28 15:40:00,0.7489905,high-flow
2026-07-28 15:50:00,0.7508439,high-flow
2026-07-28 16:00:00,0.7463921,high-ebb
2026-07-28 16:10:00,0.7356798,high-ebb
2026-07-28 16:20:00,0.71879303,high-ebb
2026-07-28 16:30:00,0.6958589,high-ebb
2026-07-28 16:40:00,0.66704553,high-ebb
2026-07-28 16:50:00,0.63256264,high-ebb
2026-07-28 17:00:00,0.59266216,high-ebb
2026-07-28 17:10:00,0.5476385,high-ebb
2026-07-28 17:20:00,0.49782947,high-ebb
2026-07-28 17:30:00,0.44361618,high-ebb
2026-07-28 17:40:00,0.38542247,high-ebb
2026-07-28 17:50:00,0.3237137,high-ebb
2026-07-28 18:00:00,0.25899425,high-ebb
2026-07-28 18:10:00,0.19180408,high-ebb
2026-07-28 18:20:00,0.12271388,high-ebb
2026-07-28 18:30:00,0.052319307,high-ebb
2026-07-28 18:40:00,-0.018765872,low-ebb
2026-07-28 18:50:00,-0.08991737,low-ebb
2026-07-28 19:00:00,-0.16050844,low-ebb
2026-07-28 19:10:00,-0.22991805,low-ebb
2026-07-28 19:20:00,-0.29753888,low-ebb
2026-07-28 19:30:00,-0.36278468,low-ebb
2026-07-28 19:40:00,-0.42509702,low-ebb
2026-07-28 19:50:00,-0.48395073,low-ebb
2026-07-28 20:00:00,-0.5388583,low-ebb
2026-07-28 20:10:00,-0.5893731,low-ebb
2026-07-28 20:20:00,-0.6350916,low-ebb
2026-07-28 20:30:00,-0.67565393,low-ebb
2026-07-28 20:40:00,-0.7107446,low-ebb
2026-07-28 20:50:00,-0.74009186,low-ebb
2026-07-28 21:00:00,-0.76346695,low-ebb
2026-07-28 21:10:00,-0.7806836,low-ebb
2026-07-28 21:20:00,-0.7915972,low-ebb
2026-07-28 21:30:00,-0.79610467,low-ebb
2026-07-28 21:40:00,-0.7941443,low-flow
2026-07-28 21:50:00,-0.7856964,low-flow
2026-07-28 22:00:00,-0.7707837,low-flow
2026-07-28 22:10:00,-0.7494727,low-flow
2026-07-28 22:20:00,-0.72187406,low-flow
2026-07-28 22:30:00,-0.6881437,low-flow
2026-07-28 22:40:00,-0.6484827,low-flow
2026-07-28 22:50:00,-0.6031375,low-flow
2026-07-28 23:00:00,-0.55239844,low-flow
2026-07-28 23:10:00,-0.49659857,low-flow
2026-07-28 23:20:00,-0.43611065,low-flow
2026-07-28 23:30:00,-0.37134442,low-flow
2026-07-28 23:40:00,-0.30274254,low-flow
2026-07-28 23:50:00,-0.23077662,low-flow
2026-07-29 00:00:00,-0.15594272,low-flow
2026-07-29 00:10:00,-0.07875684,low-flow
2026-07-29 00:20:00,0.0002494023,high-flow
2026-07-29 00:30:00,0.080532864,high-flow
2026-07-29 00:40:00,0.16154271,high-flow
2026-07-29 00:50:00,0.24272382,high-flow
2026-07-29 01:00:00,0.3235199,high-flow
2026-07-29 01:10:00,0.40337616,high-flow
2026-07-29 01:20:00,0.48174223,high-flow
2026-07-29 01:30:00,0.5580745,high-flow
2026-07-29 01:40:00,0.6318389,high-flow
2026-07-29 01:50:00,0.70251393,high-flow
2026-07-29 02:00:00,0.7695936,high-flow
2026-07-29 02:10:00,0.8325909,high-flow
2026-07-29 02:20:00,0.8910415,high-flow
2026-07-29 02:30:00,0.9445079,high-flow
2026-07-29 02:40:00,0.9925828,high-flow
2026-07-29 02:50:00,1.0348936,high-flow
2026-07-29 03:00:00,1.0711055,high-flow
2026-07-29 03:10:00,1.1009251,high-flow
2026-07-29 03:20:00,1.1241026,high-flow
2026-07-29 03:30:00,1.1404344,high-flow
2026-07-29 03:40:00,1.1497641,high-flow
2026-07-29 03:50:00,1.1519829,high-flow
2026-07-29 04:00:00,1.1470305,high-ebb
2026-07-29 04:10:00,1.134894,high-ebb
2026-07-29 04:20:00,1.1156075,high-ebb
2026-07-29 04:30:00,1.0892514,high-ebb
2026-07-29 04:40:00,1.0559514,high-ebb
2026-07-29 04:50:00,1.0158776,high-ebb
2026-07-29 05:00:00,0.9692446,high-ebb
2026-07-29 05:10:00,0.9163107,high-ebb
2026-07-29 05:20:00,0.8573786,high-ebb
2026-07-29 05:30:00,0.7927947,high-ebb
2026-07-29 05:40:00,0.7229497,high-ebb
2026-07-29 05:50:00,0.6482781,high-ebb
2026-07-29 06:00:00,0.56925774,high-ebb
2026-07-29 06:10:00,0.4864077,high-ebb
2026-07-29 06:20:00,0.4002864,high-ebb
2026-07-29 06:30:00,0.31148782,high-ebb
2026-07-29 06:40:00,0.22063683,high-ebb
2026-07-29 06:50:00,0.12838332,high-ebb
2026-07-29 07:00:00,0.035395462,high-ebb
2026-07-29 07:10:00,-0.05764806,low-ebb
2026-07-29 07:20:00,-0.15006627,low-ebb
2026-07-29 07:30:00,-0.24118438,low-ebb
2026-07-29 07:40:00,-0.3303422,low-ebb
2026-07-29 07:50:00,-0.41690195,low-ebb
2026-07-29 08:00:00,-0.50025564,low-ebb
2026-07-29 08:10:00,-0.5798309,low-ebb
2026-07-29 08:20:00,-0.6550963,low-ebb
2026-07-29 08:30:00,-0.7255647,low-ebb
2026-07-29 08:40:00,-0.7907959,low-ebb
2026-07-29 08:50:00,-0.85039777,low-ebb
2026-07-29 09:00:00,-0.90402645,low-ebb
2026-07-29 09:10:00,-0.9513861,low-ebb
2026-07-29 09:20:00,-0.9922278,low-ebb
2026-07-29 09:30:00,-1.0263482,low-ebb
2026-07-29 09:40:00,-1.0535889,low-ebb
2026-07-29 09:50:00,-1.0738344,low-ebb
2026-07-29 10:00:00,-1.087013,low-ebb
2026-07-29 10:10:00,-1.0930953,low-ebb
2026-07-29 10:20:00,-1.0920949,low-ebb
2026-07-29 10:30:00,-1.0840688,low-flow
2026-07-29 10:40:00,-1.0691177,low-flow
2026-07-29 10:50:00,-1.0473868,low-flow
2026-07-29 11:00:00,-1.0190661,low-flow
2026-07-29 11:10:00,-0.98438996,low-flow
2026-07-29 11:20:00,-0.94363636,low-flow
2026-07-29 11:30:00,-0.8971258,low-flow
2026-07-29 11:40:00,-0.8452187,low-flow
2026-07-29 11:50:00,-0.7883131,low-flow
2026-07-29 12:00:00,-0.72684073,low-flow
2026-07-29 12:10:00,-0.6612636,low-flow
2026-07-29 12:20:00,-0.5920692,low-flow
2026-07-29 12:30:00,-0.5197667,low-flow
2026-07-29 12:40:00,-0.44488242,low-flow
2026-07-29 12:50:00,-0.3679556,low-flow
2026-07-29 13:00:00,-0.2895348,low-flow
2026-07-29 13:10:00,-0.21017435,low-flow
2026-07-29 13:20:00,-0.13043116,low-flow
2026-07-29 13:30:00,-0.050861977,low-flow
2026-07-29 13:40:00,0.027979312,high-flow
2026-07-29 13:50:00,0.10554418,high-flow
2026-07-29 14:00:00,0.18129212,high-flow
2026-07-29 14:10:00,0.25469333,high-flow
2026-07-29 14:20:00,0.3252319,high-flow
2026-07-29 14:30:00,0.39240906,high-flow
2026-07-29 14:40:00,0.45574674,high-flow
2026-07-29 14:50:00,0.5147917,high-flow
2026-07-29 15:00:00,0.5691195,high-flow
2026-07-29 15:10:00,0.6183385,high-flow
2026-07-29 15:20:00,0.6620939,high-flow
2026-07-29 15:30:00,0.7000711,high-flow
2026-07-29 15:40:00,0.7319993,high-flow
2026-07-29 15:50:00,0.75765336,high-flow
2026-07-29 16:00:00,0.77685606,high-flow
2026-07-29 16:10:00,0.789479,high-flow
2026-07-29 16:20:00,0.79544324,high-flow
2026-07-29 16:30:00,0.7947188,high-flow
2026-07-29 16:40:00,0.78732437,high-ebb
2026-07-29 16:50:00,0.7733264,high-ebb
2026-07-29 17:00:00,0.7528379,high-ebb
2026-07-29 17:10:00,0.7260176,high-ebb
2026-07-29 17:20:00,0.6930693,high-ebb
2026-07-29 17:30:00,0.6542407,high-ebb
2026-07-29 17:40:00,0.6098237,high-ebb
2026-07-29 17:50:00,0.56015337,high-ebb
2026-07-29 18:00:00,0.50560814,high-ebb
2026-07-29 18:10:00,0.4466091,high-ebb
2026-07-29 18:20:00,0.383619,high-ebb
2026-07-29 18:30:00,0.31714085,high-ebb
2026-07-29 18:40:00,0.24771547,high-ebb
2026-07-29 18:50:00,0.17591815,high-ebb
2026-07-29 19:00:00,0.1023541,high-ebb
2026-07-29 19:10:00,0.027652944,high-ebb
2026-07-29 19:20:00,-0.047538005,low-ebb
2026-07-29 19:30:00,-0.12256124,low-ebb
2026-07-29 19:40:00,-0.19675726,low-ebb
2026-07-29 19:50:00,-0.26947308,low-ebb
2026-07-29 20:00:00,-0.3400708,low-ebb
2026-07-29 20:10:00,-0.4079358,low-ebb
2026-07-29 20:20:00,-0.47248417,low-ebb
2026-07-29 20:30:00,-0.5331694,low-ebb
2026-07-29 20:40:00,-0.58948755,low-ebb
2026-07-29 20:50:00,-0.6409816,low-ebb
2026-07-29 21:00:00,-0.6872439,low-ebb
2026-07-29 21:10:00,-0.72791755,low-ebb
2026-07-29 21:20:00,-0.7626971,low-ebb
2026-07-29 21:30:00,-0.7913276,low-ebb
2026-07-29 21:40:00,-0.81360334,low-ebb
2026-07-29 21:50:00,-0.82936645,low-ebb
2026-07-29 22:00:00,-0.8385049,low-ebb
2026-07-29 22:10:00,-0.84095114,low-ebb
2026-07-29 22:20:00,-0.8366805,low-flow
2026-07-29 22:30:00,-0.8257104,low-flow
2026-07-29 22:40:00,-0.80809987,low-flow
2026-07-29 22:50:00,-0.7839493,low-flow
2026-07-29 23:00:00,-0.75340074,low-flow
2026-07-29 23:10:00,-0.71663797,low-flow
2026-07-29 23:20:00,-0.6738864,low-flow
2026-07-29 23:30:00,-0.6254136,low-flow
2026-07-29 23:40:00,-0.57152784,low-flow
2026-07-29 23:50:00,-0.5125774,low-flow
2026-07-30 00:00:00,-0.4489488,low-flow
2026-07-30 00:10:00,-0.3810638,low-flow
2026-07-30 00:20:00,-0.30937675,low-flow
2026-07-30 00:30:00,-0.2343707,low-flow
2026-07-30 00:40:00,-0.15655334,low-flow
2026-07-30 00:50:00,-0.07645292,low-flow
2026-07-30 01:00:00,0.00538614,high-flow
2026-07-30 01:10:00,0.08840736,high-flow
2026-07-30 01:20:00,0.17204611,high-flow
2026-07-30 01:30:00,0.25573322,high-flow
2026-07-30 01:40:00,0.33889818,high-flow
2026-07-30 01:50:00,0.42097226,high-flow
2026-07-30 02:00:00,0.501391,high-flow
2026-07-30 02:10:00,0.57959694,high-flow
2026-07-30 02:20:00,0.6550424,high-flow
2026-07-30 02:30:00,0.7271919,high-flow
2026-07-30 02:40:00,0.7955255,high-flow
2026-07-30 02:50:00,0.8595418,high-flow
2026-07-30 03:00:00,0.91876185,high-flow
2026-07-30 03:10:00,0.9727331,high-flow
2026-07-30 03:20:00,1.0210333,high-flow
2026-07-30 03:30:00,1.063275,high-flow
2026-07-30 03:40:00,1.0991096,high-flow
2026-07-30 03:50:00,1.1282318,high-flow
2026-07-30 04:00:00,1.1503818,high-flow
2026-07-30 04:10:00,1.1653496,high-flow
2026-07-30 04:20:00,1.1729766,high-flow
2026-07-30 04:30:00,1.1731569,high-flow
2026-07-30 04:40:00,1.1658381,high-ebb
2026-07-30 04:50:00,1.1510217,high-ebb
2026-07-30 05:00:00,1.1287621,high-ebb
2026-07-30 05:10:00,1.0991656,high-ebb
2026-07-30 05:20:00,1.062389,high-ebb
2026-07-30 05:30:00,1.018639,high-ebb
2026-07-30 05:40:00,0.9681696,high-ebb
2026-07-30 05:50:00,0.911282,high-ebb
2026-07-30 06:00:00,0.8483226,high-ebb
2026-07-30 06:10:00,0.7796825,high-ebb
2026-07-30 06:20:00,0.7057967,high-ebb
2026-07-30 06:30:00,0.6271426,high-ebb
2026-07-30 06:40:00,0.54423904,high-ebb
2026-07-30 06:50:00,0.45764425,high-ebb
2026-07-30 07:00:00,0.36795336,high-ebb
2026-07-30 07:10:00,0.27579495,high-ebb
2026-07-30 07:20:00,0.18182647,high-ebb
2026-07-30 07:30:00,0.086728804,high-ebb
2026-07-30 07:40:00,-0.008800452,low-ebb
2026-07-30 07:50:00,-0.1040544,low-ebb
2026-07-30 08:00:00,-0.19832513,low-ebb
2026-07-30 08:10:00,-0.29091233,low-ebb
2026-07-30 08:20:00,-0.38113213,low-ebb
2026-07-30 08:30:00,-0.46832544,low-ebb
2026-07-30 08:40:00,-0.5518661,low-ebb
2026-07-30 08:50:00,-0.63116777,low-ebb
2026-07-30 09:00:00,-0.7056896,low-ebb
2026-07-30 09:10:00,-0.7749411,low-ebb
2026-07-30 09:20:00,-0.83848506,low-ebb
2026-07-30 09:30:00,-0.8959392,low-ebb
2026-07-30 09:40:00,-0.94697666,low-ebb
2026-07-30 09:50:00,-0.9913257,low-ebb
2026-07-30 10:00:00,-1.0287676,low-ebb
2026-07-30 10:10:00,-1.0591352,low-ebb
2026-07-30 10:20:00,-1.0823107,low-ebb
2026-07-30 10:30:00,-1.0982227,low-ebb
2026-07-30 10:40:00,-1.1068453,low-ebb
2026-07-30 10:50:00,-1.1081954,low-ebb
2026-07-30 11:00:00,-1.1023321,low-flow
2026-07-30 11:10:00,-1.089356,low-flow
2026-07-30 11:20:00,-1.0694082,low-flow
2026-07-30 11:30:00,-1.0426712,low-flow
2026-07-30 11:40:00,-1.0093677,low-flow
2026-07-30 11:50:00,-0.96976125,low-flow
2026-07-30 12:00:00,-0.9241553,low-flow
2026-07-30 12:10:00,-0.8728922,low-flow
2026-07-30 12:20:00,-0.81635195,low-flow
2026-07-30 12:30:00,-0.7549497,low-flow
2026-07-30 12:40:00,-0.68913317,low-flow
2026-07-30 12:50:00,-0.6193792,low-flow
2026-07-30 13:00:00,-0.54619014,low-flow
2026-07-30 13:10:00,-0.4700896,low-flow
2026-07-30 13:20:00,-0.39161867,low-flow
2026-07-30 13:30:00,-0.31133133,low-flow
2026-07-30 13:40:00,-0.22979106,low-flow
2026-07-30 13:50:00,-0.14756684,low-flow
2026-07-30 14:00:00,-0.06522999,low-flow
2026-07-30 14:10:00,0.016648892,high-flow
2026-07-30 14:20:00,0.09750268,high-flow
2026-07-30 14:30:00,0.17677033,high-flow
2026-07-30 14:40:00,0.2538995,high-flow
2026-07-30 14:50:00,0.32834923,high-flow
2026-07-30 15:00:00,0.39959282,high-flow
2026-07-30 15:10:00,0.46712106,high-flow
2026-07-30 15:20:00,0.53044593,high-flow
2026-07-30 15:30:00,0.5891042,high-flow
2026-07-30 15:40:00,0.642662,high-flow
2026-07-30 15:50:00,0.69071895,high-flow
2026-07-30 16:00:00,0.73291254,high-flow
2026-07-30 16:10:00,0.7689223,high-flow
2026-07-30 16:20:00,0.79847383,high-flow
2026-07-30 16:30:00,0.8213419,high-flow
2026-07-30 16:40:00,0.8373528,high-flow
2026-07-30 16:50:00,0.846387,high-flow
2026-07-30 17:00:00,0.84837943,high-flow
2026-07-30 17:10:00,0.8433199,high-ebb
2026-07-30 17:20:00,0.83125293,high-ebb
2026-07-30 17:30:00,0.8122765,high-ebb
2026-07-30 17:40:00,0.7865408,high-ebb
2026-07-30 17:50:00,0.7542465,high-ebb
2026-07-30 18:00:00,0.7156428,high-ebb
2026-07-30 18:10:00,0.6710262,high-ebb
2026-07-30 18:20:00,0.6207383,high-ebb
2026-07-30 18:30:00,0.5651651,high-ebb
2026-07-30 18:40:00,0.5047346,high-ebb
2026-07-30 18:50:00,0.4399162,high-ebb
2026-07-30 19:00:00,0.37121877,high-ebb
2026-07-30 19:10:00,0.29918852,high-ebb
2026-07-30 19:20:00,0.22440648,high-ebb
2026-07-30 19:30:00,0.14748517,high-ebb
2026-07-30 19:40:00,0.06906414,high-ebb
2026-07-30 19:50:00,-0.010195246,low-ebb
2026-07-30 20:00:00,-0.08961618,low-ebb
2026-07-30 20:10:00,-0.16851367,low-ebb
2026-07-30 20:20:00,-0.24620254,low-ebb
2026-07-30 20:30:00,-0.322006,low-ebb
2026-07-30 20:40:00,-0.39526424,low-ebb
2026-07-30 20:50:00,-0.46534327,low-ebb
2026-07-30 21:00:00,-0.5316428,low-ebb
2026-07-30 21:10:00,-0.5936035,low-ebb
2026-07-30 21:20:00,-0.6507133,low-ebb
2026-07-30 21:30:00,-0.7025123,low-ebb
2026-07-30 21:40:00,-0.7485959,low-ebb
2026-07-30 21:50:00,-0.78861696,low-ebb
2026-07-30 22:00:00,-0.8222864,low-ebb
2026-07-30 22:10:00,-0.84937245,low-ebb
2026-07-30 22:20:00,-0.8696991,low-ebb
2026-07-30 22:30:00,-0.8831437,low-ebb
2026-07-30 22:40:00,-0.88963443,low-ebb
2026-07-30 22:50:00,-0.8891472,low-ebb
2026-07-30 23:00:00,-0.8817032,low-flow
2026-07-30 23:10:00,-0.8673664,low-flow
2026-07-30 23:20:00,-0.8462417,low-flow
2026-07-30 23:30:00,-0.81847364,low-flow
2026-07-30 23:40:00,-0.7842453,low-flow
2026-07-30 23:50:00,-0.7437779,low-flow
2026-07-31 00:00:00,-0.69733024,low-flow
2026-07-31 00:10:00,-0.6451988,low-flow
2026-07-31 00:20:00,-0.58771676,low-flow
2026-07-31 00:30:00,-0.5252535,low-flow
2026-07-31 00:40:00,-0.45821315,low-flow
2026-07-31 00:50:00,-0.3870328,low-flow
2026-07-31 01:00:00,-0.31218007,low-flow
2026-07-31 01:10:00,-0.23415005,low-flow
2026-07-31 01:20:00,-0.1534618,low-flow
2026-07-31 01:30:00,-0.07065462,low-flow
2026-07-31 01:40:00,0.013716032,high-flow
2026-07-31 01:50:00,0.09908258,high-flow
2026-07-31 02:00:00,0.18486927,high-flow
2026-07-31 02:10:00,0.2704959,high-flow
2026-07-31 02:20:00,0.35538125,high-flow
2026-07-31 02:30:00,0.4389463,high-flow
2026-07-31 02:40:00,0.52061707,high-flow
2026-07-31 02:50:00,0.59982735,high-flow
2026-07-31 03:00:00,0.67602146,high-flow
2026-07-31 03:10:00,0.74865675,high-flow
2026-07-31 03:20:00,0.8172068,high-flow
2026-07-31 03:30:00,0.88116425,high-flow
2026-07-31 03:40:00,0.94004464,high-flow
2026-07-31 03:50:00,0.99339026,high-flow
2026-07-31 04:00:00,1.0407741,high-flow
2026-07-31 04:10:00,1.0818046,high-flow
2026-07-31 04:20:00,1.11613,high-flow
2026-07-31 04:30:00,1.1434426,high-flow
2026-07-31 04:40:00,1.1634835,high-flow
2026-07-31 04:50:00,1.1760451,high-flow
2026-07-31 05:00:00,1.1809751,high-flow
2026-07-31 05:10:00,1.1781782,high-ebb
2026-07-31 05:20:00,1.1676174,high-ebb
2026-07-31 05:30:00,1.1493149,high-ebb
2026-07-31 05:40:00,1.1233509,high-ebb
2026-07-31 05:50:00,1.0898632,high-ebb
2026-07-31 06:00:00,1.0490457,high-ebb
2026-07-31 06:10:00,1.0011458,high-ebb
2026-07-31 06:20:00,0.9464627,high-ebb
2026-07-31 06:30:00,0.8853446,high-ebb
2026-07-31 06:40:00,0.81818694,high-ebb
2026-07-31 06:50:00,0.7454299,high-ebb
2026-07-31 07:00:00,0.6675564,high-ebb
2026-07-31 07:10:00,0.58509004,high-ebb
2026-07-31 07:20:00,0.49859297,high-ebb
2026-07-31 07:30:00,0.40866333,high-ebb
2026-07-31 07:40:00,0.3159324,high-ebb
2026-07-31 07:50:00,0.22106104,high-ebb
2026-07-31 08:00:00,0.124735385,high-ebb
2026-07-31 08:10:00,0.02766146,high-ebb
2026-07-31 08:20:00,-0.06944096,low-ebb
2026-07-31 08:30:00,-0.1658455,low-ebb
2026-07-31 08:40:00,-0.26082712,low-ebb
2026-07-31 08:50:00,-0.35367057,low-ebb
2026-07-31 09:00:00,-0.4436791,low-ebb
2026-07-31 09:10:00,-0.53018326,low-ebb
2026-07-31 09:20:00,-0.6125491,low-ebb
2026-07-31 09:30:00,-0.6901859,low-ebb
2026-07-31 09:40:00,-0.7625525,low-ebb
2026-07-31 09:50:00,-0.82916284,low-ebb
2026-07-31 10:00:00,-0.8895893,low-ebb
2026-07-31 10:10:00,-0.9434656,low-ebb
2026-07-31 10:20:00,-0.99048686,low-ebb
2026-07-31 10:30:00,-1.0304099,low-ebb
2026-07-31 10:40:00,-1.0630507,low-ebb
2026-07-31 10:50:00,-1.0882827,low-ebb
2026-07-31 11:00:00,-1.1060331,low-ebb
2026-07-31 11:10:00,-1.1162796,low-ebb
2026-07-31 11:20:00,-1.1190475,low-ebb
2026-07-31 11:30:00,-1.1144063,low-flow
2026-07-31 11:40:00,-1.1024672,low-flow
2026-07-31 11:50:00,-1.0833808,low-flow
2026-07-31 12:00:00,-1.0573364,low-flow
2026-07-31 12:10:00,-1.0245601,low-flow
2026-07-31 12:20:00,-0.9853144,low-flow
2026-07-31 12:30:00,-0.93989795,low-flow
2026-07-31 12:40:00,-0.88864464,low-flow
2026-07-31 12:50:00,-0.83192325,low-flow
2026-07-31 13:00:00,-0.7701362,low-flow
2026-07-31 13:10:00,-0.703718,low-flow
2026-07-31 13:20:00,-0.6331333,low-flow
2026-07-31 13:30:00,-0.558874,low-flow
2026-07-31 13:40:00,-0.48145628,low-flow
2026-07-31 13:50:00,-0.40141702,low-flow
2026-07-31 14:00:00,-0.31930995,low-flow
2026-07-31 14:10:00,-0.23570178,low-flow
2026-07-31 14:20:00,-0.15116823,low-flow
2026-07-31 14:30:00,-0.06629028,low-flow
2026-07-31 14:40:00,0.018349266,high-flow
2026-07-31 14:50:00,0.10216914,high-flow
2026-07-31 15:00:00,0.18459253,high-flow
2026-07-31 15:10:00,0.2650499,high-flow
2026-07-31 15:20:00,0.34298164,high-flow
2026-07-31 15:30:00,0.4178409,high-flow
2026-07-31 15:40:00,0.4890962,high-flow
2026-07-31 15:50:00,0.5562348,high-flow
2026-07-31 16:00:00,0.6187659,high-flow
2026-07-31 16:10:00,0.6762247,high-flow
2026-07-31 16:20:00,0.72817636,high-flow
2026-07-31 16:30:00,0.7742203,high-flow
2026-07-31 16:40:00,0.8139952,high-flow
2026-07-31 16:50:00,0.8471831,high-flow
2026-07-31 17:00:00,0.87351394,high-flow
2026-07-31 17:10:00,0.8927695,high-flow
2026-07-31 17:20:00,0.90478647,high-flow
2026-07-31 17:30:00,0.9094591,high-flow
2026-07-31 17:40:00,0.90674096,high-ebb
2026-07-31 17:50:00,0.8966455,high-ebb
2026-07-31 18:00:00,0.87924576,high-ebb
2026-07-31 18:10:00,0.8546739,high-ebb
2026-07-31 18:20:00,0.82311904,high-ebb
2026-07-31 18:30:00,0.7848252,high-ebb
2026-07-31 18:40:00,0.7400889,high-ebb
2026-07-31 18:50:00,0.68925625,high-ebb
2026-07-31 19:00:00,0.6327204,high-ebb
2026-07-31 19:10:00,0.5709188,high-ebb
2026-07-31 19:20:00,0.50433034,high-ebb
2026-07-31 19:30:00,0.4334731,high-ebb
2026-07-31 19:40:00,0.35890174,high-ebb
2026-07-31 19:50:00,0.28120467,high-ebb
2026-07-31 20:00:00,0.20100108,high-ebb
2026-07-31 20:10:00,0.118937366,high-ebb
2026-07-31 20:20:00,0.035682883,high-ebb
2026-07-31 20:30:00,-0.048075076,low-ebb
2026-07-31 20:40:00,-0.13163722,low-ebb
2026-07-31 20:50:00,-0.21429898,low-ebb
2026-07-31 21:00:00,-0.29535818,low-ebb
2026-07-31 21:10:00,-0.37412313,low-ebb
2026-07-31 21:20:00,-0.44992113,low-ebb
2026-07-31 21:30:00,-0.52210724,low-ebb
2026-07-31 21:40:00,-0.5900724,low-ebb
2026-07-31 21:50:00,-0.65325123,low-ebb
2026-07-31 22:00:00,-0.71112853,low-ebb
2026-07-31 22:10:00,-0.76324534,low-ebb
2026-07-31 22:20:00,-0.8092023,low-ebb
2026-07-31 22:30:00,-0.84866285,low-ebb
2026-07-31 22:40:00,-0.88135386,low-ebb
2026-07-31 22:50:00,-0.9070654,low-ebb
2026-07-31 23:00:00,-0.92564887,low-ebb
2026-07-31 23:10:00,-0.93701476,low-ebb
2026-07-31 23:20:00,-0.9411287,low-ebb
2026-07-31 23:30:00,-0.9380081,low-flow
2026-07-31 23:40:00,-0.9277183,low-flow
2026-07-31 23:50:00,-0.9103686,low-flow
2026-08-01 00:00:00,-0.8861094,low-flow
2026-08-01 00:10:00,-0.8551294,low-flow
2026-08-01 00:20:00,-0.81765336,low-flow
2026-08-01 00:30:00,-0.77394074,low-flow
2026-08-01 00:40:00,-0.7242846,low-flow
2026-08-01 00:50:00,-0.66901106,low-flow
2026-08-01 01:00:00,-0.6084784,low-flow
2026-08-01 01:10:00,-0.54307693,low-flow
2026-08-01 01:20:00,-0.47322747,low-flow
2026-08-01 01:30:00,-0.39938074,low-flow
2026-08-01 01:40:00,-0.3220152,low-flow
2026-08-01 01:50:00,-0.24163489,low-flow
2026-08-01 02:00:00,-0.15876661,low-flow
2026-08-01 02:10:00,-0.07395671,low-flow
2026-08-01 02:20:00,0.012232621,high-flow
2026-08-01 02:30:00,0.099227086,high-flow
2026-08-01 02:40:00,0.18644418,high-flow
2026-08-01 02:50:00,0.27329695,high-flow
2026-08-01 03:00:00,0.35919774,high-flow
2026-08-01 03:10:00,0.44356138,high-flow
2026-08-01 03:20:00,0.5258085,high-flow
2026-08-01 03:30:00,0.6053686,high-flow
2026-08-01 03:40:00,0.6816824,high-flow
2026-08-01 03:50:00,0.75420505,high-flow
2026-08-01 04:00:00,0.8224089,high-flow
2026-08-01 04:10:00,0.88578653,high-flow
2026-08-01 04:20:00,0.9438541,high-flow
2026-08-01 04:30:00,0.99615514,high-flow
2026-08-01 04:40:00,1.0422647,high-flow
2026-08-01 04:50:00,1.0817937,high-flow
2026-08-01 05:00:00,1.1143935,high-flow
2026-08-01 05:10:00,1.1397605,high-flow
2026-08-01 05:20:00,1.1576408,high-flow
2026-08-01 05:30:00,1.1678339,high-flow
2026-08-01 05:40:00,1.1701969,high-flow
2026-08-01 05:50:00,1.1646463,high-ebb
2026-08-01 06:00:00,1.1511611,high-ebb
2026-08-01 06:10:00,1.1297828,high-ebb
2026-08-01 06:20:00,1.1006157,high-ebb
2026-08-01 06:30:00,1.0638262,high-ebb
2026-08-01 06:40:00,1.0196408,high-ebb
2026-08-01 06:50:00,0.9683435,high-ebb
2026-08-01 07:00:00,0.9102733,high-ebb
2026-08-01 07:10:00,0.8458208,high-ebb
2026-08-01 07:20:00,0.77542484,high-ebb
2026-08-01 07:30:00,0.69956917,high-ebb
2026-08-01 07:40:00,0.6187791,high-ebb
2026-08-01 07:50:00,0.53361875,high-ebb
2026-08-01 08:00:00,0.4446872,high-ebb
2026-08-01 08:10:00,0.35261583,high-ebb
2026-08-01 08:20:00,0.25806487,high-ebb
2026-08-01 08:30:00,0.16171941,high-ebb
2026-08-01 08:40:00,0.06428534,high-ebb
2026-08-01 08:50:00,-0.0335158,low-ebb
2026-08-01 09:00:00,-0.13095246,low-ebb
2026-08-01 09:10:00,-0.22728972,low-ebb
2026-08-01 09:20:00,-0.32179657,low-ebb
2026-08-01 09:30:00,-0.41375387,low-ebb
2026-08-01 09:40:00,-0.50246274,low-ebb
2026-08-01 09:50:00,-0.58725315,low-ebb
2026-08-01 10:00:00,-0.66749203,low-ebb
2026-08-01 10:10:00,-0.7425914,low-ebb
2026-08-01 10:20:00,-0.81201506,low-ebb
2026-08-01 10:30:00,-0.87528455,low-ebb
2026-08-01 10:40:00,-0.9319837,low-ebb
2026-08-01 10:50:00,-0.98176134,low-ebb
2026-08-01 11:00:00,-1.0243326,low-ebb
2026-08-01 11:10:00,-1.0594792,low-ebb
2026-08-01 11:20:00,-1.0870472,low-ebb
2026-08-01 11:30:00,-1.106945,low-ebb
2026-08-01 11:40:00,-1.1191393,low-ebb
2026-08-01 11:50:00,-1.1236511,low-ebb
2026-08-01 12:00:00,-1.1205518,low-flow
2026-08-01 12:10:00,-1.1099584,low-flow
2026-08-01 12:20:00,-1.0920303,low-flow
2026-08-01 12:30:00,-1.0669652,low-flow
2026-08-01 12:40:00,-1.0349972,low-flow
2026-08-01 12:50:00,-0.9963944,low-flow
2026-08-01 13:00:00,-0.95145714,low-flow
2026-08-01 13:10:00,-0.9005177,low-flow
2026-08-01 13:20:00,-0.8439389,low-flow
2026-08-01 13:30:00,-0.78211397,low-flow
2026-08-01 13:40:00,-0.7154656,low-flow
2026-08-01 13:50:00,-0.6444448,low-flow
2026-08-01 14:00:00,-0.5695299,low-flow
2026-08-01 14:10:00,-0.49122405,low-flow
2026-08-01 14:20:00,-0.4100531,low-flow
2026-08-01 14:30:00,-0.3265626,low-flow
2026-08-01 14:40:00,-0.24131444,low-flow
2026-08-01 14:50:00,-0.15488309,low-flow
2026-08-01 15:00:00,-0.067852005,low-flow
2026-08-01 15:10:00,0.019190298,high-flow
2026-08-01 15:20:00,0.105653875,high-flow
2026-08-01 15:30:00,0.19095086,high-flow
2026-08-01 15:40:00,0.27449873,high-flow
2026-08-01 15:50:00,0.35572338,high-flow
2026-08-01 16:00:00,0.43406203,high-flow
2026-08-01 16:10:00,0.50896597,high-flow
2026-08-01 16:20:00,0.5799035,high-flow
2026-08-01 16:30:00,0.64636296,high-flow
2026-08-01 16:40:00,0.70785606,high-flow
2026-08-01 16:50:00,0.7639214,high-flow
2026-08-01 17:00:00,0.81412834,high-flow
2026-08-01 17:10:00,0.85808164,high-flow
2026-08-01 17:20:00,0.8954257,high-flow
2026-08-01 17:30:00,0.92584926,high-flow
2026-08-01 17:40:00,0.94909,high-flow
2026-08-01 17:50:00,0.96493864,high-flow
2026-08-01 18:00:00,0.97324294,high-flow
2026-08-01 18:10:00,0.9739105,high-flow
2026-08-01 18:20:00,0.9669111,high-ebb
2026-08-01 18:30:00,0.9522778,high-ebb
2026-08-01 18:40:00,0.93010736,high-ebb
2026-08-01 18:50:00,0.90055925,high-ebb
2026-08-01 19:00:00,0.8638541,high-ebb
2026-08-01 19:10:00,0.8202712,high-ebb
2026-08-01 19:20:00,0.7701452,high-ebb
2026-08-01 19:30:00,0.7138629,high-ebb
2026-08-01 19:40:00,0.65185964,high-ebb
2026-08-01 19:50:00,0.5846151,high-ebb
2026-08-01 20:00:00,0.5126498,high-ebb
2026-08-01 20:10:00,0.43652147,high-ebb
2026-08-01 20:20:00,0.3568216,high-ebb
2026-08-01 20:30:00,0.2741717,high-ebb
2026-08-01 20:40:00,0.18921995,high-ebb
2026-08-01 20:50:00,0.10263731,high-ebb
2026-08-01 21:00:00,0.0151133165,high-ebb
2026-08-01 21:10:00,-0.072648644,low-ebb
2026-08-01 21:20:00,-0.15993676,low-ebb
2026-08-01 21:30:00,-0.24603695,low-ebb
2026-08-01 21:40:00,-0.33023977,low-ebb
2026-08-01 21:50:00,-0.41184786,low-ebb
2026-08-01 22:00:00,-0.49018407,low-ebb
2026-08-01 22:10:00,-0.5645996,low-ebb
2026-08-01 22:20:00,-0.634482,low-ebb
2026-08-01 22:30:00,-0.6992635,low-ebb
2026-08-01 22:40:00,-0.7584273,low-ebb
2026-08-01 22:50:00,-0.8115143,low-ebb
2026-08-01 23:00:00,-0.85812736,low-ebb
2026-08-01 23:10:00,-0.89793456,low-ebb
2026-08-01 23:20:00,-0.9306712,low-ebb
2026-08-01 23:30:00,-0.9561397,low-ebb
2026-08-01 23:40:00,-0.9742082,low-ebb
2026-08-01 23:50:00,-0.984808,low-ebb
2026-08-02 00:00:00,-0.98793024,low-ebb
2026-08-02 00:10:00,-0.9836212,low-flow
2026-08-02 00:20:00,-0.971978,low-flow
2026-08-02 00:30:00,-0.9531439,low-flow
2026-08-02 00:40:00,-0.9273039,low-flow
2026-08-02 00:50:00,-0.89468116,low-flow
2026-08-02 01:00:00,-0.85553324,low-flow
2026-08-02 01:10:00,-0.81015015,low-flow
2026-08-02 01:20:00,-0.758852,low-flow
2026-08-02 01:30:00,-0.70198816,low-flow
2026-08-02 01:40:00,-0.63993615,low-flow
2026-08-02 01:50:00,-0.5731009,low-flow
2026-08-02 02:00:00,-0.5019145,low-flow
2026-08-02 02:10:00,-0.42683506,low-flow
2026-08-02 02:20:00,-0.34834573,low-flow
2026-08-02 02:30:00,-0.26695317,low-flow
2026-08-02 02:40:00,-0.1831853,low-flow
2026-08-02 02:50:00,-0.09758878,low-flow
2026-08-02 03:00:00,-0.010725927,low-flow
2026-08-02 03:10:00,0.07682878,high-flow
2026-08-02 03:20:00,0.16449232,high-flow
2026-08-02 03:30:00,0.25167698,high-flow
2026-08-02 03:40:00,0.337794,high-flow
2026-08-02 03:50:00,0.4222573,high-flow
2026-08-02 04:00:00,0.50448686,high-flow
2026-08-02 04:10:00,0.5839119,high-flow
2026-08-02 04:20:00,0.659974,high-flow
2026-08-02 04:30:00,0.7321299,high-flow
2026-08-02 04:40:00,0.7998547,high-flow
2026-08-02 04:50:00,0.8626447,high-flow
2026-08-02 05:00:00,0.9200204,high-flow
2026-08-02 05:10:00,0.97153056,high-flow
2026-08-02 05:20:00,1.0167557,high-flow
2026-08-02 05:30:00,1.0553122,high-flow
2026-08-02 05:40:00,1.0868571,high-flow
2026-08-02 05:50:00,1.1110922,high-flow
2026-08-02 06:00:00,1.1277694,high-flow
2026-08-02 06:10:00,1.1366937,high-flow
2026-08-02 06:20:00,1.1377287,high-flow
2026-08-02 06:30:00,1.1307986,high-ebb
2026-08-02 06:40:00,1.1158911,high-ebb
2026-08-02 06:50:00,1.0930591,high-ebb
2026-08-02 07:00:00,1.0624205,high-ebb
2026-08-02 07:10:00,1.024158,high-ebb
2026-08-02 07:20:00,0.97851753,high-ebb
2026-08-02 07:30:00,0.9258053,high-ebb
2026-08-02 07:40:00,0.8663847,high-ebb
2026-08-02 07:50:00,0.8006728,high-ebb
2026-08-02 08:00:00,0.72913593,high-ebb
2026-08-02 08:10:00,0.6522853,high-ebb
2026-08-02 08:20:00,0.57067305,high-ebb
2026-08-02 08:30:00,0.4848879,high-ebb
2026-08-02 08:40:00,0.39555106,high-ebb
2026-08-02 08:50:00,0.30331236,high-ebb
2026-08-02 09:00:00,0.20884642,high-ebb
2026-08-02 09:10:00,0.11284851,high-ebb
2026-08-02 09:20:00,0.01603042,high-ebb
2026-08-02 09:30:00,-0.080884315,low-ebb
2026-08-02 09:40:00,-0.17716555,low-ebb
2026-08-02 09:50:00,-0.27208245,low-ebb
2026-08-02 10:00:00,-0.36490998,low-ebb
2026-08-02 10:10:00,-0.45493612,low-ebb
2026-08-02 10:20:00,-0.54146945,low-ebb
2026-08-02 10:30:00,-0.62384737,low-ebb
2026-08-02 10:40:00,-0.7014437,low-ebb
2026-08-02 10:50:00,-0.7736768,low-ebb
2026-08-02 11:00:00,-0.8400168,low-ebb
2026-08-02 11:10:00,-0.89999133,low-ebb
2026-08-02 11:20:00,-0.95319104,low-ebb
2026-08-02 11:30:00,-0.9992732,low-ebb
2026-08-02 11:40:00,-1.0379633,low-ebb
2026-08-02 11:50:00,-1.0690564,low-ebb
2026-08-02 12:00:00,-1.0924151,low-ebb
2026-08-02 12:10:00,-1.1079682,low-ebb
2026-08-02 12:20:00,-1.1157062,low-ebb
2026-08-02 12:30:00,-1.1156778,low-ebb
2026-08-02 12:40:00,-1.1079845,low-flow
2026-08-02 12:50:00,-1.0927762,low-flow
2026-08-02 13:00:00,-1.0702456,low-flow
2026-08-02 13:10:00,-1.0406247,low-flow
2026-08-02 13:20:00,-1.0041806,low-flow
2026-08-02 13:30:00,-0.9612122,low-flow
2026-08-02 13:40:00,-0.9120485,low-flow
2026-08-02 13:50:00,-0.85704625,low-flow
2026-08-02 14:00:00,-0.79658943,low-flow
2026-08-02 14:10:00,-0.73108816,low-flow
2026-08-02 14:20:00,-0.660978,low-flow
2026-08-02 14:30:00,-0.5867197,low-flow
2026-08-02 14:40:00,-0.5087978,low-flow
2026-08-02 14:50:00,-0.42771977,low-flow
2026-08-02 15:00:00,-0.34401384,low-flow
2026-08-02 15:10:00,-0.258227,low-flow
2026-08-02 15:20:00,-0.17092192,low-flow
2026-08-02 15:30:00,-0.082673945,low-flow
2026-08-02 15:40:00,0.0059326254,high-flow
2026-08-02 15:50:00,0.09430816,high-flow
2026-08-02 16:00:00,0.18186152,high-flow
2026-08-02 16:10:00,0.26800376,high-flow
2026-08-02 16:20:00,0.3521517,high-flow
2026-08-02 16:30:00,0.4337312,high-flow
2026-08-02 16:40:00,0.51218045,high-flow
2026-08-02 16:50:00,0.5869528,high-flow
2026-08-02 17:00:00,0.6575201,high-flow
2026-08-02 17:10:00,0.72337514,high-flow
2026-08-02 17:20:00,0.78403527,high-flow
2026-08-02 17:30:00,0.83904546,high-flow
2026-08-02 17:40:00,0.8879823,high-flow
2026-08-02 17:50:00,0.9304576,high-flow
2026-08-02 18:00:00,0.96612287,high-flow
2026-08-02 18:10:00,0.99467385,high-flow
2026-08-02 18:20:00,1.0158548,high-flow
2026-08-02 18:30:00,1.0294629,high-flow
2026-08-02 18:40:00,1.0353522,high-flow
2026-08-02 18:50:00,1.0334371,high-flow
2026-08-02 19:00:00,1.0236951,high-ebb
2026-08-02 19:10:00,1.006168,high-ebb
2026-08-02 19:20:00,0.9809631,high-ebb
2026-08-02 19:30:00,0.9482526,high-ebb
2026-08-02 19:40:00,0.9082721,high-ebb
2026-08-02 19:50:00,0.8613182,high-ebb
2026-08-02 20:00:00,0.80774504,high-ebb
2026-08-02 20:10:00,0.7479609,high-ebb
2026-08-02 20:20:00,0.6824234,high-ebb
2026-08-02 20:30:00,0.61163515,high-ebb
2026-08-02 20:40:00,0.5361391,high-ebb
2026-08-02 20:50:00,0.45651406,high-ebb
2026-08-02 21:00:00,0.37337035,high-ebb
2026-08-02 21:10:00,0.28734565,high-ebb
2026-08-02 21:20:00,0.19910078,high-ebb
2026-08-02 21:30:00,0.10931585,high-ebb
2026-08-02 21:40:00,0.018685997,high-ebb
2026-08-02 21:50:00,-0.07208304,low-ebb
2026-08-02 22:00:00,-0.16227977,low-ebb
2026-08-02 22:10:00,-0.2511924,low-ebb
2026-08-02 22:20:00,-0.33811477,low-ebb
2026-08-02 22:30:00,-0.42235315,low-ebb
2026-08-02 22:40:00,-0.5032333,low-ebb
2026-08-02 22:50:00,-0.58010805,low-ebb
2026-08-02 23:00:00,-0.6523651,low-ebb
2026-08-02 23:10:00,-0.7194344,low-ebb
2026-08-02 23:20:00,-0.78079563,low-ebb
2026-08-02 23:30:00,-0.83598423,low-ebb
2026-08-02 23:40:00,-0.8845968,low-ebb
2026-08-02 23:50:00,-0.92629534,low-ebb
2026-08-03 00:00:00,-0.96080947,low-ebb
2026-08-03 00:10:00,-0.9879374,low-ebb
2026-08-03 00:20:00,-1.0075456,low-ebb
2026-08-03 00:30:00,-1.0195664,low-ebb
2026-08-03 00:40:00,-1.0239952,low-ebb
2026-08-03 00:50:00,-1.020886,low-flow
2026-08-03 01:00:00,-1.0103462,low-flow
2026-08-03 01:10:00,-0.99253255,low-flow
2026-08-03 01:20:00,-0.9676449,low-flow
2026-08-03 01:30:00,-0.9359222,low-flow
2026-08-03 01:40:00,-0.8976381,low-flow
2026-08-03 01:50:00,-0.85309744,low-flow
2026-08-03 02:00:00,-0.80263346,low-flow
2026-08-03 02:10:00,-0.7466061,low-flow
2026-08-03 02:20:00,-0.68540037,low-flow
2026-08-03 02:30:00,-0.6194256,low-flow
2026-08-03 02:40:00,-0.5491149,low-flow
2026-08-03 02:50:00,-0.47492436,low-flow
2026-08-03 03:00:00,-0.39733288,low-flow
2026-08-03 03:10:00,-0.31684062,low-flow
2026-08-03 03:20:00,-0.23396792,low-flow
2026-08-03 03:30:00,-0.14925313,low-flow
2026-08-03 03:40:00,-0.063250184,low-flow
2026-08-03 03:50:00,0.023474399,high-flow
2026-08-03 04:00:00,0.11034492,high-flow
2026-08-03 04:10:00,0.19678013,high-flow
2026-08-03 04:20:00,0.282197,high-flow
2026-08-03 04:30:00,0.3660145,high-flow
2026-08-03 04:40:00,0.44765738,high-flow
2026-08-03 04:50:00,0.5265595,high-flow
2026-08-03 05:00:00,0.6021672,high-flow
2026-08-03 05:10:00,0.6739426,high-flow
2026-08-03 05:20:00,0.7413665,high-flow
2026-08-03 05:30:00,0.80394137,high-flow
2026-08-03 05:40:00,0.8611945,high-flow
2026-08-03 05:50:00,0.9126811,high-flow
2026-08-03 06:00:00,0.95798814,high-flow
2026-08-03 06:10:00,0.9967378,high-flow
2026-08-03 06:20:00,1.0285918,high-flow
2026-08-03 06:30:00,1.0532553,high-flow
2026-08-03 06:40:00,1.070482,high-flow
2026-08-03 06:50:00,1.0800774,high-flow
2026-08-03 07:00:00,1.0819038,high-flow
2026-08-03 07:10:00,1.0758832,high-ebb
2026-08-03 07:20:00,1.0619998,high-ebb
2026-08-03 07:30:00,1.040303,high-ebb
2026-08-03 07:40:00,1.0109074,high-ebb
2026-08-03 07:50:00,0.97399276,high-ebb
2026-08-03 08:00:00,0.929803,high-ebb
2026-08-03 08:10:00,0.87864375,high-ebb
2026-08-03 08:20:00,0.8208789,high-ebb
2026-08-03 08:30:00,0.75692713,high-ebb
2026-08-03 08:40:00,0.6872569,high-ebb
2026-08-03 08:50:00,0.61238194,high-ebb
2026-08-03 09:00:00,0.53285646,high-ebb
2026-08-03 09:10:00,0.44927,high-ebb
2026-08-03 09:20:00,0.3622428,high-ebb
2026-08-03 09:30:00,0.27242124,high-ebb
2026-08-03 09:40:00,0.1804738,high-ebb
2026-08-03 09:50:00,0.08708656,high-ebb
2026-08-03 10:00:00,-0.007040824,low-ebb
2026-08-03 10:10:00,-0.101199456,low-ebb
2026-08-03 10:20:00,-0.19467586,low-ebb
2026-08-03 10:30:00,-0.286757,low-ebb
2026-08-03 10:40:00,-0.376736,low-ebb
2026-08-03 10:50:00,-0.46391812,low-ebb
2026-08-03 11:00:00,-0.5476278,low-ebb
2026-08-03 11:10:00,-0.6272156,low-ebb
2026-08-03 11:20:00,-0.70206577,low-ebb
2026-08-03 11:30:00,-0.77160347,low-ebb
2026-08-03 11:40:00,-0.8353021,low-ebb
2026-08-03 11:50:00,-0.8926898,low-ebb
2026-08-03 12:00:00,-0.943355,low-ebb
2026-08-03 12:10:00,-0.98695076,low-ebb
2026-08-03 12:20:00,-1.0231978,low-ebb
2026-08-03 12:30:00,-1.051886,low-ebb
2026-08-03 12:40:00,-1.0728743,low-ebb
2026-08-03 12:50:00,-1.0860894,low-ebb
2026-08-03 13:00:00,-1.0915222,low-ebb
2026-08-03 13:10:00,-1.0892247,low-flow
2026-08-03 13:20:00,-1.0793045,low-flow
2026-08-03 13:30:00,-1.0619199,low-flow
2026-08-03 13:40:00,-1.0372752,low-flow
2026-08-03 13:50:00,-1.0056144,low-flow
2026-08-03 14:00:00,-0.9672178,low-flow
2026-08-03 14:10:00,-0.9223971,low-flow
2026-08-03 14:20:00,-0.8714929,low-flow
2026-08-03 14:30:00,-0.814872,low-flow
2026-08-03 14:40:00,-0.75292575,low-flow
2026-08-03 14:50:00,-0.68606883,low-flow
2026-08-03 15:00:00,-0.61473864,low-flow
2026-08-03 15:10:00,-0.53939474,low-flow
2026-08-03 15:20:00,-0.4605183,low-flow
2026-08-03 15:30:00,-0.37861115,low-flow
2026-08-03 15:40:00,-0.29419467,low-flow
2026-08-03 15:50:00,-0.20780796,low-flow
2026-08-03 16:00:00,-0.120005734,low-flow
2026-08-03 16:10:00,-0.031355444,low-flow
2026-08-03 16:20:00,0.05756593,high-flow
2026-08-03 16:30:00,0.14617543,high-flow
2026-08-03 16:40:00,0.23388787,high-flow
2026-08-03 16:50:00,0.3201197,high-flow
2026-08-03 17:00:00,0.40429282,high-flow
2026-08-03 17:10:00,0.4858381,high-flow
2026-08-03 17:20:00,0.5641989,high-flow
2026-08-03 17:30:00,0.6388344,high-flow
2026-08-03 17:40:00,0.7092226,high-flow
2026-08-03 17:50:00,0.77486324,high-flow
2026-08-03 18:00:00,0.8352808,high-flow
2026-08-03 18:10:00,0.89002776,high-flow
2026-08-03 18:20:00,0.93868786,high-flow
2026-08-03 18:30:00,0.9808794,high-flow
2026-08-03 18:40:00,1.0162594,high-flow
2026-08-03 18:50:00,1.0445272,high-flow
2026-08-03 19:00:00,1.065429,high-flow
2026-08-03 19:10:00,1.0787617,high-flow
2026-08-03 19:20:00,1.0843772,high-flow
2026-08-03 19:30:00,1.0821853,high-ebb
2026-08-03 19:40:00,1.0721574,high-ebb
2026-08-03 19:50:00,1.054328,high-ebb
2026-08-03 20:00:00,1.0287963,high-ebb
2026-08-03 20:10:00,0.9957259,high-ebb
2026-08-03 20:20:00,0.95534426,high-ebb
2026-08-03 20:30:00,0.9079402,high-ebb
2026-08-03 20:40:00,0.85386115,high-ebb
2026-08-03 20:50:00,0.79350936,high-ebb
2026-08-03 21:00:00,0.72733724,high-ebb
2026-08-03 21:10:00,0.65584266,high-ebb
2026-08-03 21:20:00,0.5795639,high-ebb
2026-08-03 21:30:00,0.49907467,high-ebb
2026-08-03 21:40:00,0.41497916,high-ebb
2026-08-03 21:50:00,0.32790738,high-ebb
2026-08-03 22:00:00,0.23851095,high-ebb
2026-08-03 22:10:00,0.14745867,high-ebb
2026-08-03 22:20:00,0.055432685,high-ebb
2026-08-03 22:30:00,-0.036875755,low-ebb
2026-08-03 22:40:00,-0.12877047,low-ebb
2026-08-03 22:50:00,-0.21955502,low-ebb
2026-08-03 23:00:00,-0.30853772,low-ebb
2026-08-03 23:10:00,-0.3950374,low-ebb
2026-08-03 23:20:00,-0.47838938,low-ebb
2026-08-03 23:30:00,-0.55795234,low-ebb
2026-08-03 23:40:00,-0.6331152,low-ebb
2026-08-03 23:50:00,-0.7033043,low-ebb
2026-08-04 00:00:00,-0.7679906,low-ebb
2026-08-04 00:10:00,-0.826696,low-ebb
2026-08-04 00:20:00,-0.8789993,low-ebb
2026-08-04 00:30:00,-0.924541,low-ebb
2026-08-04 00:40:00,-0.9630268,low-ebb
2026-08-04 00:50:00,-0.9942299,low-ebb
2026-08-04 01:00:00,-1.0179912,low-ebb
2026-08-04 01:10:00,-1.0342184,low-ebb
2026-08-04 01:20:00,-1.0428841,low-ebb
2026-08-04 01:30:00,-1.0440217,low-ebb
2026-08-04 01:40:00,-1.0377216,low-flow
2026-08-04 01:50:00,-1.0241256,low-flow
2026-08-04 02:00:00,-1.0034219,low-flow
2026-08-04 02:10:00,-0.97584003,low-flow
2026-08-04 02:20:00,-0.94164586,low-flow
2026-08-04 02:30:00,-0.90113735,low-flow
2026-08-04 02:40:00,-0.8546412,low-flow
2026-08-04 02:50:00,-0.80250996,low-flow
2026-08-04 03:00:00,-0.74512005,low-flow
2026-08-04 03:10:00,-0.6828706,low-flow
2026-08-04 03:20:00,-0.6161827,low-flow
2026-08-04 03:30:00,-0.54549843,low-flow
2026-08-04 03:40:00,-0.471281,low-flow
2026-08-04 03:50:00,-0.39401358,low-flow
2026-08-04 04:00:00,-0.3141988,low-flow
2026-08-04 04:10:00,-0.23235692,low-flow
2026-08-04 04:20:00,-0.14902425,low-flow
2026-08-04 04:30:00,-0.064750366,low-flow
2026-08-04 04:40:00,0.019904757,high-flow
2026-08-04 04:50:00,0.104374215,high-flow
2026-08-04 05:00:00,0.18808787,high-flow
2026-08-04 05:10:00,0.2704762,high-flow
2026-08-04 05:20:00,0.35097414,high-flow
2026-08-04 05:30:00,0.42902488,high-flow
2026-08-04 05:40:00,0.5040834,high-flow
2026-08-04 05:50:00,0.5756198,high-flow
2026-08-04 06:00:00,0.6431227,high-flow
2026-08-04 06:10:00,0.70610183,high-flow
2026-08-04 06:20:00,0.7640914,high-flow
2026-08-04 06:30:00,0.8166528,high-flow
2026-08-04 06:40:00,0.8633777,high-flow
2026-08-04 06:50:00,0.90389174,high-flow
2026-08-04 07:00:00,0.93785745,high-flow
2026-08-04 07:10:00,0.96497846,high-flow
2026-08-04 07:20:00,0.98500335,high-flow
2026-08-04 07:30:00,0.99772936,high-flow
2026-08-04 07:40:00,1.0030065,high-flow
2026-08-04 07:50:00,1.000741,high-ebb
2026-08-04 08:00:00,0.9908984,high-ebb
2026-08-04 08:10:00,0.9735055,high-ebb
2026-08-04 08:20:00,0.94865245,high-ebb
2026-08-04 08:30:00,0.9164924,high-ebb
2026-08-04 08:40:00,0.8772415,high-ebb
2026-08-04 08:50:00,0.8311766,high-ebb
2026-08-04 09:00:00,0.7786329,high-ebb
2026-08-04 09:10:00,0.72000015,high-ebb
2026-08-04 09:20:00,0.6557182,high-ebb
2026-08-04 09:30:00,0.58627254,high-ebb
2026-08-04 09:40:00,0.51218885,high-ebb
2026-08-04 09:50:00,0.43402815,high-ebb
2026-08-04 10:00:00,0.35238153,high-ebb
2026-08-04 10:10:00,0.26786563,high-ebb
2026-08-04 10:20:00,0.18111803,high-ebb
2026-08-04 10:30:00,0.092793,high-ebb
2026-08-04 10:40:00,0.0035575735,high-ebb
2026-08-04 10:50:00,-0.085912466,low-ebb
2026-08-04 11:00:00,-0.1749365,low-ebb
2026-08-04 11:10:00,-0.26283336,low-ebb
2026-08-04 11:20:00,-0.34892595,low-ebb
2026-08-04 11:30:00,-0.4325463,low-ebb
2026-08-04 11:40:00,-0.5130413,low-ebb
2026-08-04 11:50:00,-0.58977896,low-ebb
2026-08-04 12:00:00,-0.6621548,low-ebb
2026-08-04 12:10:00,-0.729599,low-ebb
2026-08-04 12:20:00,-0.7915831,low-ebb
2026-08-04 12:30:00,-0.84762686,low-ebb
2026-08-04 12:40:00,-0.897304,low-ebb
2026-08-04 12:50:00,-0.94024783,low-ebb
2026-08-04 13:00:00,-0.9761548,low-ebb
2026-08-04 13:10:00,-1.0047878,low-ebb
2026-08-04 13:20:00,-1.0259768,low-ebb
2026-08-04 13:30:00,-1.039619,low-ebb
2026-08-04 13:40:00,-1.0456772,low-ebb
2026-08-04 13:50:00,-1.0441762,low-ebb
2026-08-04 14:00:00,-1.0351996,low-flow
2026-08-04 14:10:00,-1.0188844,low-flow
2026-08-04 14:20:00,-0.9954162,low-flow
2026-08-04 14:30:00,-0.96502364,low-flow
2026-08-04 14:40:00,-0.9279735,low-flow
2026-08-04 14:50:00,-0.8845662,low-flow
2026-08-04 15:00:00,-0.83513165,low-flow
2026-08-04 15:10:00,-0.7800264,low-flow
2026-08-04 15:20:00,-0.7196311,low-flow
2026-08-04 15:30:00,-0.6543488,low-flow
2026-08-04 15:40:00,-0.5846041,low-flow
2026-08-04 15:50:00,-0.5108422,low-flow
2026-08-04 16:00:00,-0.4335285,low-flow
2026-08-04 16:10:00,-0.35314813,low-flow
2026-08-04 16:20:00,-0.2702048,low-flow
2026-08-04 16:30:00,-0.1852199,low-flow
2026-08-04 16:40:00,-0.0987305,low-flow
2026-08-04 16:50:00,-0.01128716,low-flow
2026-08-04 17:00:00,0.07654892,high-flow
2026-08-04 17:10:00,0.16420926,high-flow
2026-08-04 17:20:00,0.2511217,high-flow
2026-08-04 17:30:00,0.33671433,high-flow
2026-08-04 17:40:00,0.42041934,high-flow
2026-08-04 17:50:00,0.5016769,high-flow
2026-08-04 18:00:00,0.579939,high-flow
2026-08-04 18:10:00,0.6546725,high-flow
2026-08-04 18:20:00,0.725363,high-flow
2026-08-04 18:30:00,0.79151714,high-flow
2026-08-04 18:40:00,0.85266614,high-flow
2026-08-04 18:50:00,0.9083681,high-flow
2026-08-04 19:00:00,0.9582112,high-flow
2026-08-04 19:10:00,1.0018165,high-flow
2026-08-04 19:20:00,1.0388414,high-flow
2026-08-04 19:30:00,1.0689825,high-flow
2026-08-04 19:40:00,1.0919802,high-flow
2026-08-04 19:50:00,1.1076212,high-flow
2026-08-04 20:00:00,1.1157429,high-flow
2026-08-04 20:10:00,1.1162369,high-flow
2026-08-04 20:20:00,1.1090515,high-ebb
2026-08-04 20:30:00,1.0941945,high-ebb
2026-08-04 20:40:00,1.071735,high-ebb
2026-08-04 20:50:00,1.0418038,high-ebb
2026-08-04 21:00:00,1.0045933,high-ebb
2026-08-04 21:10:00,0.9603558,high-ebb
2026-08-04 21:20:00,0.90940183,high-ebb
2026-08-04 21:30:00,0.85209614,high-ebb
2026-08-04 21:40:00,0.78885394,high-ebb
2026-08-04 21:50:00,0.7201365,high-ebb
2026-08-04 22:00:00,0.6464459,high-ebb
2026-08-04 22:10:00,0.56832,high-ebb
2026-08-04 22:20:00,0.4863278,high-ebb
2026-08-04 22:30:00,0.4010644,high-ebb
2026-08-04 22:40:00,0.3131466,high-ebb
2026-08-04 22:50:00,0.22320877,high-ebb
2026-08-04 23:00:00,0.13189913,high-ebb
2026-08-04 23:10:00,0.03987593,high-ebb
2026-08-04 23:20:00,-0.05219615,low-ebb
2026-08-04 23:30:00,-0.14364973,low-ebb
2026-08-04 23:40:00,-0.23381889,low-ebb
2026-08-04 23:50:00,-0.32204366,low-ebb
2026-08-05 00:00:00,-0.40767512,low-ebb
2026-08-05 00:10:00,-0.49008104,low-ebb
2026-08-05 00:20:00,-0.56865203,low-ebb
2026-08-05 00:30:00,-0.6428082,low-ebb
2026-08-05 00:40:00,-0.71200556,low-ebb
2026-08-05 00:50:00,-0.7757431,low-ebb
2026-08-05 01:00:00,-0.8335688,low-ebb
2026-08-05 01:10:00,-0.8850852,low-ebb
2026-08-05 01:20:00,-0.9299543,low-ebb
2026-08-05 01:30:00,-0.96790063,low-ebb
2026-08-05 01:40:00,-0.9987136,low-ebb
2026-08-05 01:50:00,-1.022248,low-ebb
2026-08-05 02:00:00,-1.038423,low-ebb
2026-08-05 02:10:00,-1.04722,low-ebb
2026-08-05 02:20:00,-1.0486796,low-ebb
2026-08-05 02:30:00,-1.0428967,low-flow
2026-08-05 02:40:00,-1.0300164,low-flow
2026-08-05 02:50:00,-1.0102282,low-flow
2026-08-05 03:00:00,-0.9837613,low-flow
2026-08-05 03:10:00,-0.9508803,low-flow
2026-08-05 03:20:00,-0.91188055,low-flow
2026-08-05 03:30:00,-0.867085,low-flow
2026-08-05 03:40:00,-0.8168415,low-flow
2026-08-05 03:50:00,-0.7615212,low-flow
2026-08-05 04:00:00,-0.70151687,low-flow
2026-08-05 04:10:00,-0.63724244,low-flow
2026-08-05 04:20:00,-0.5691324,low-flow
2026-08-05 04:30:00,-0.4976412,low-flow
2026-08-05 04:40:00,-0.42324275,low-flow
2026-08-05 04:50:00,-0.3464293,low-flow
2026-08-05 05:00:00,-0.26771,low-flow
2026-08-05 05:10:00,-0.1876088,low-flow
2026-08-05 05:20:00,-0.1066619,low-flow
2026-08-05 05:30:00,-0.025414566,low-flow
2026-08-05 05:40:00,0.05558237,high-flow
2026-08-05 05:50:00,0.13577636,high-flow
2026-08-05 06:00:00,0.21461703,high-flow
2026-08-05 06:10:00,0.29156017,high-flow
2026-08-05 06:20:00,0.36607155,high-flow
2026-08-05 06:30:00,0.43763033,high-flow
2026-08-05 06:40:00,0.5057326,high-flow
2026-08-05 06:50:00,0.56989425,high-flow
2026-08-05 07:00:00,0.62965405,high-flow
2026-08-05 07:10:00,0.684576,high-flow
2026-08-05 07:20:00,0.73425245,high-flow
2026-08-05 07:30:00,0.77830666,high-flow
2026-08-05 07:40:00,0.8163956,high-flow
2026-08-05 07:50:00,0.84821314,high-flow
2026-08-05 08:00:00,0.8734936,high-flow
2026-08-05 08:10:00,0.8920147,high-flow
2026-08-05 08:20:00,0.9036014,high-flow
2026-08-05 08:30:00,0.9081291,high-flow
2026-08-05 08:40:00,0.90552664,high-ebb
2026-08-05 08:50:00,0.8957791,high-ebb
2026-08-05 09:00:00,0.87892944,high-ebb
2026-08-05 09:10:00,0.85507965,high-ebb
2026-08-05 09:20:00,0.82439107,high-ebb
2026-08-05 09:30:00,0.787083,high-ebb
2026-08-05 09:40:00,0.7434313,high-ebb
2026-08-05 09:50:00,0.6937653,high-ebb
2026-08-05 10:00:00,0.6384639,high-ebb
2026-08-05 10:10:00,0.5779518,high-ebb
2026-08-05 10:20:00,0.5126944,high-ebb
2026-08-05 10:30:00,0.44319314,high-ebb
2026-08-05 10:40:00,0.36998054,high-ebb
2026-08-05 10:50:00,0.29361555,high-ebb
2026-08-05 11:00:00,0.2146792,high-ebb
2026-08-05 11:10:00,0.1337705,high-ebb
2026-08-05 11:20:00,0.05150282,high-ebb
2026-08-05 11:30:00,-0.03149961,low-ebb
2026-08-05 11:40:00,-0.11460504,low-ebb
2026-08-05 11:50:00,-0.19717757,low-ebb
2026-08-05 12:00:00,-0.27858078,low-ebb
2026-08-05 12:10:00,-0.35818177,low-ebb
2026-08-05 12:20:00,-0.43535554,low-ebb
2026-08-05 12:30:00,-0.5094904,low-ebb
2026-08-05 12:40:00,-0.5799931,low-ebb
2026-08-05 12:50:00,-0.6462959,low-ebb
2026-08-05 13:00:00,-0.70786214,low-ebb
2026-08-05 13:10:00,-0.7641934,low-ebb
2026-08-05 13:20:00,-0.81483585,low-ebb
2026-08-05 13:30:00,-0.8593861,low-ebb
2026-08-05 13:40:00,-0.8974964,low-ebb
2026-08-05 13:50:00,-0.92887884,low-ebb
2026-08-05 14:00:00,-0.9533081,low-ebb
2026-08-05 14:10:00,-0.97062296,low-ebb
2026-08-05 14:20:00,-0.9807262,low-ebb
2026-08-05 14:30:00,-0.9835832,low-ebb
2026-08-05 14:40:00,-0.9792195,low-flow
2026-08-05 14:50:00,-0.96771663,low-flow
2026-08-05 15:00:00,-0.94920814,low-flow
2026-08-05 15:10:00,-0.92387456,low-flow
2026-08-05 15:20:00,-0.8919383,low-flow
2026-08-05 15:30:00,-0.8536591,low-flow
2026-08-05 15:40:00,-0.8093294,low-flow
2026-08-05 15:50:00,-0.7592709,low-flow
2026-08-05 16:00:00,-0.7038313,low-flow
2026-08-05 16:10:00,-0.64338243,low-flow
2026-08-05 16:20:00,-0.57831806,low-flow
2026-08-05 16:30:00,-0.5090536,low-flow
2026-08-05 16:40:00,-0.43602455,low-flow
2026-08-05 16:50:00,-0.35968667,low-flow
2026-08-05 17:00:00,-0.28051484,low-flow
2026-08-05 17:10:00,-0.19900227,low-flow
2026-08-05 17:20:00,-0.115659155,low-flow
2026-08-05 17:30:00,-0.031010708,low-flow
2026-08-05 17:40:00,0.05440528,high-flow
2026-08-05 17:50:00,0.14004144,high-flow
2026-08-05 18:00:00,0.22534432,high-flow
2026-08-05 18:10:00,0.3097581,high-flow
2026-08-05 18:20:00,0.3927287,high-flow
2026-08-05 18:30:00,0.4737076,high-flow
2026-08-05 18:40:00,0.5521559,high-flow
2026-08-05 18:50:00,0.627548,high-flow
2026-08-05 19:00:00,0.69937485,high-flow
2026-08-05 19:10:00,0.7671472,high-flow
2026-08-05 19:20:00,0.83039826,high-flow
2026-08-05 19:30:00,0.8886866,high-flow
2026-08-05 19:40:00,0.9415983,high-flow
2026-08-05 19:50:00,0.9887496,high-flow
2026-08-05 20:00:00,1.0297897,high-flow
2026-08-05 20:10:00,1.0644029,high-flow
2026-08-05 20:20:00,1.0923123,high-flow
2026-08-05 20:30:00,1.1132822,high-flow
2026-08-05 20:40:00,1.1271214,high-flow
2026-08-05 20:50:00,1.133687,high-flow
2026-08-05 21:00:00,1.1328863,high-flow
2026-08-05 21:10:00,1.1246803,high-ebb
2026-08-05 21:20:00,1.1090854,high-ebb
2026-08-05 21:30:00,1.0861751,high-ebb
2026-08-05 21:40:00,1.0560797,high-ebb
2026-08-05 21:50:00,1.018987,high-ebb
2026-08-05 22:00:00,0.9751398,high-ebb
2026-08-05 22:10:00,0.92483425,high-ebb
2026-08-05 22:20:00,0.8684165,high-ebb
2026-08-05 22:30:00,0.8062787,high-ebb
2026-08-05 22:40:00,0.73885494,high-ebb
2026-08-05 22:50:00,0.6666166,high-ebb
2026-08-05 23:00:00,0.59006757,high-ebb
2026-08-05 23:10:00,0.5097401,high-ebb
2026-08-05 23:20:00,0.42619038,high-ebb
2026-08-05 23:30:00,0.3399947,high-ebb
2026-08-05 23:40:00,0.25174615,high-ebb
2026-08-05 23:50:00,0.16205122,high-ebb
2026-08-06 00:00:00,0.071527004,high-ebb
2026-08-06 00:10:00,-0.019201845,low-ebb
2026-08-06 00:20:00,-0.10950623,low-ebb
2026-08-06 00:30:00,-0.19875604,low-ebb
2026-08-06 00:40:00,-0.2863241,low-ebb
2026-08-06 00:50:00,-0.37159073,low-ebb
2026-08-06 01:00:00,-0.45394892,low-ebb
2026-08-06 01:10:00,-0.53281,low-ebb
2026-08-06 01:20:00,-0.60761017,low-ebb
2026-08-06 01:30:00,-0.6778167,low-ebb
2026-08-06 01:40:00,-0.7429349,low-ebb
2026-08-06 01:50:00,-0.802514,low-ebb
2026-08-06 02:00:00,-0.8561533,low-ebb
2026-08-06 02:10:00,-0.9035067,low-ebb
2026-08-06 02:20:00,-0.9442867,low-ebb
2026-08-06 02:30:00,-0.97826666,low-ebb
2026-08-06 02:40:00,-1.005282,low-ebb
2026-08-06 02:50:00,-1.0252297,low-ebb
2026-08-06 03:00:00,-1.0380667,low-ebb
2026-08-06 03:10:00,-1.0438069,low-ebb
2026-08-06 03:20:00,-1.0425177,low-ebb
2026-08-06 03:30:00,-1.0343151,low-flow
2026-08-06 03:40:00,-1.0193598,low-flow
2026-08-06 03:50:00,-0.9978522,low-flow
2026-08-06 04:00:00,-0.9700279,low-flow
2026-08-06 04:10:00,-0.93615425,low-flow
2026-08-06 04:20:00,-0.896527,low-flow
2026-08-06 04:30:00,-0.8514678,low-flow
2026-08-06 04:40:00,-0.8013225,low-flow
2026-08-06 04:50:00,-0.74646014,low-flow
2026-08-06 05:00:00,-0.6872717,low-flow
2026-08-06 05:10:00,-0.6241699,low-flow
2026-08-06 05:20:00,-0.55758834,low-flow
2026-08-06 05:30:00,-0.48798093,low-flow
2026-08-06 05:40:00,-0.4158206,low-flow
2026-08-06 05:50:00,-0.34159768,low-flow
2026-08-06 06:00:00,-0.2658175,low-flow
2026-08-06 06:10:00,-0.18899783,low-flow
2026-08-06 06:20:00,-0.1116654,low-flow
2026-08-06 06:30:00,-0.034352254,low-flow
2026-08-06 06:40:00,0.042408187,high-flow
2026-08-06 06:50:00,0.118085176,high-flow
2026-08-06 07:00:00,0.1921546,high-flow
2026-08-06 07:10:00,0.26410282,high-flow
2026-08-06 07:20:00,0.33343005,high-flow
2026-08-06 07:30:00,0.39965373,high-flow
2026-08-06 07:40:00,0.46231112,high-flow
2026-08-06 07:50:00,0.5209622,high-flow
2026-08-06 08:00:00,0.5751916,high-flow
2026-08-06 08:10:00,0.6246115,high-flow
2026-08-06 08:20:00,0.6688635,high-flow
2026-08-06 08:30:00,0.70762104,high-flow
2026-08-06 08:40:00,0.74059224,high-flow
2026-08-06 08:50:00,0.76752263,high-flow
2026-08-06 09:00:00,0.78819793,high-flow
2026-08-06 09:10:00,0.8024471,high-flow
2026-08-06 09:20:00,0.8101454,high-flow
2026-08-06 09:30:00,0.81121683,high-flow
2026-08-06 09:40:00,0.80563664,high-ebb
2026-08-06 09:50:00,0.7934329,high-ebb
2026-08-06 10:00:00,0.77468747,high-ebb
2026-08-06 10:10:00,0.749536,high-ebb
2026-08-06 10:20:00,0.7181672,high-ebb
2026-08-06 10:30:00,0.6808211,high-ebb
2026-08-06 10:40:00,0.6377864,high-ebb
2026-08-06 10:50:00,0.5893972,high-ebb
2026-08-06 11:00:00,0.5360293,high-ebb
2026-08-06 11:10:00,0.47809574,high-ebb
2026-08-06 11:20:00,0.41604304,high-ebb
2026-08-06 11:30:00,0.35034665,high-ebb
2026-08-06 11:40:00,0.28150705,high-ebb
2026-08-06 11:50:00,0.21004626,high-ebb
2026-08-06 12:00:00,0.13650453,high-ebb
2026-08-06 12:10:00,0.061437435,high-ebb
2026-08-06 12:20:00,-0.014586747,low-ebb
2026-08-06 12:30:00,-0.0909896,low-ebb
2026-08-06 12:40:00,-0.1671852,low-ebb
2026-08-06 12:50:00,-0.24258307,low-ebb
2026-08-06 13:00:00,-0.3165915,low-ebb
2026-08-06 13:10:00,-0.38862163,low-ebb
2026-08-06 13:20:00,-0.4580919,low-ebb
2026-08-06 13:30:00,-0.5244337,low-ebb
2026-08-06 13:40:00,-0.587097,low-ebb
2026-08-06 13:50:00,-0.64555687,low-ebb
2026-08-06 14:00:00,-0.6993203,low-ebb
2026-08-06 14:10:00,-0.74793255,low-ebb
2026-08-06 14:20:00,-0.79098326,low-ebb
2026-08-06 14:30:00,-0.82811236,low-ebb
2026-08-06 14:40:00,-0.85901415,low-ebb
2026-08-06 14:50:00,-0.88344127,low-ebb
2026-08-06 15:00:00,-0.90120625,low-ebb
2026-08-06 15:10:00,-0.91218233,low-ebb
2026-08-06 15:20:00,-0.9163028,low-ebb
2026-08-06 15:30:00,-0.9135589,low-flow
2026-08-06 15:40:00,-0.90399677,low-flow
2026-08-06 15:50:00,-0.8877138,low-flow
2026-08-06 16:00:00,-0.86485416,low-flow
2026-08-06 16:10:00,-0.83560425,low-flow
2026-08-06 16:20:00,-0.8001888,low-flow
2026-08-06 16:30:00,-0.75886625,low-flow
2026-08-06 16:40:00,-0.711926,low-flow
2026-08-06 16:50:00,-0.659685,low-flow
2026-08-06 17:00:00,-0.602486,low-flow
2026-08-06 17:10:00,-0.54069597,low-flow
2026-08-06 17:20:00,-0.47470483,low-flow
2026-08-06 17:30:00,-0.40492487,low-flow
2026-08-06 17:40:00,-0.33178988,low-flow
2026-08-06 17:50:00,-0.2557545,low-flow
2026-08-06 18:00:00,-0.17729288,low-flow
2026-08-06 18:10:00,-0.09689724,low-flow
2026-08-06 18:20:00,-0.015075631,low-flow
2026-08-06 18:30:00,0.06765069,high-flow
2026-08-06 18:40:00,0.15075053,high-flow
2026-08-06 18:50:00,0.23368639,high-flow
2026-08-06 19:00:00,0.31591845,high-flow
2026-08-06 19:10:00,0.39690858,high-flow
2026-08-06 19:20:00,0.47612455,high-flow
2026-08-06 19:30:00,0.5530439,high-flow
2026-08-06 19:40:00,0.62715733,high-flow
2026-08-06 19:50:00,0.6979725,high-flow
2026-08-06 20:00:00,0.7650162,high-flow
2026-08-06 20:10:00,0.82783765,high-flow
2026-08-06 20:20:00,0.8860103,high-flow
2026-08-06 20:30:00,0.939134,high-flow
2026-08-06 20:40:00,0.98683727,high-flow
2026-08-06 20:50:00,1.0287791,high-flow
2026-08-06 21:00:00,1.0646516,high-flow
2026-08-06 21:10:00,1.0941817,high-flow
2026-08-06 21:20:00,1.1171343,high-flow
2026-08-06 21:30:00,1.1333153,high-flow
2026-08-06 21:40:00,1.1425736,high-flow
2026-08-06 21:50:00,1.1448039,high-flow
2026-08-06 22:00:00,1.1399496,high-ebb
2026-08-06 22:10:00,1.1280041,high-ebb
2026-08-06 22:20:00,1.1090126,high-ebb
2026-08-06 22:30:00,1.0830725,high-ebb
2026-08-06 22:40:00,1.0503328,high-ebb
2026-08-06 22:50:00,1.0109932,high-ebb
2026-08-06 23:00:00,0.9653027,high-ebb
2026-08-06 23:10:00,0.91355574,high-ebb
2026-08-06 23:20:00,0.85609007,high-ebb
2026-08-06 23:30:00,0.7932825,high-ebb
2026-08-06 23:40:00,0.72554535,high-ebb
2026-08-06 23:50:00,0.6533224,high-ebb
2026-08-07 00:00:00,0.57708555,high-ebb
2026-08-07 00:10:00,0.49733135,high-ebb
2026-08-07 00:20:00,0.41457808,high-ebb
2026-08-07 00:30:00,0.32936317,high-ebb
2026-08-07 00:40:00,0.24224086,high-ebb
2026-08-07 00:50:00,0.15378013,high-ebb
2026-08-07 01:00:00,0.06456245,high-ebb
2026-08-07 01:10:00,-0.024820583,low-ebb
2026-08-07 01:20:00,-0.113770075,low-ebb
2026-08-07 01:30:00,-0.20168324,low-ebb
2026-08-07 01:40:00,-0.28795752,low-ebb
2026-08-07 01:50:00,-0.37199554,low-ebb
2026-08-07 02:00:00,-0.45321062,low-ebb
2026-08-07 02:10:00,-0.53103316,low-ebb
2026-08-07 02:20:00,-0.60491705,low-ebb
2026-08-07 02:30:00,-0.6743469,low-ebb
2026-08-07 02:40:00,-0.73884434,low-ebb
2026-08-07 02:50:00,-0.7979746,low-ebb
2026-08-07 03:00:00,-0.8513516,low-ebb
2026-08-07 03:10:00,-0.8986429,low-ebb
2026-08-07 03:20:00,-0.9395726,low-ebb
2026-08-07 03:30:00,-0.97392315,low-ebb
2026-08-07 03:40:00,-1.001536,low-ebb
2026-08-07 03:50:00,-1.0223106,low-ebb
2026-08-07 04:00:00,-1.0362028,low-ebb
2026-08-07 04:10:00,-1.0432211,low-ebb
2026-08-07 04:20:00,-1.0434239,low-ebb
2026-08-07 04:30:00,-1.0369147,low-flow
2026-08-07 04:40:00,-1.0238388,low-flow
2026-08-07 04:50:00,-1.0043789,low-flow
2026-08-07 05:00:00,-0.9787522,low-flow
2026-08-07 05:10:00,-0.947207,low-flow
2026-08-07 05:20:00,-0.91002053,low-flow
2026-08-07 05:30:00,-0.8674978,low-flow
2026-08-07 05:40:00,-0.8199696,low-flow
2026-08-07 05:50:00,-0.76779234,low-flow
2026-08-07 06:00:00,-0.7113468,low-flow
2026-08-07 06:10:00,-0.6510379,low-flow
2026-08-07 06:20:00,-0.58729315,low-flow
2026-08-07 06:30:00,-0.5205617,low-flow
2026-08-07 06:40:00,-0.45131212,low-flow
2026-08-07 06:50:00,-0.38003013,low-flow
2026-08-07 07:00:00,-0.30721524,low-flow
2026-08-07 07:10:00,-0.23337755,low-flow
2026-08-07 07:20:00,-0.15903363,low-flow
2026-08-07 07:30:00,-0.08470252,low-flow
2026-08-07 07:40:00,-0.010901592,low-flow
2026-08-07 07:50:00,0.06185752,high-flow
2026-08-07 08:00:00,0.13307264,high-flow
2026-08-07 08:10:00,0.20225446,high-flow
2026-08-07 08:20:00,0.26892957,high-flow
2026-08-07 08:30:00,0.33264306,high-flow
2026-08-07 08:40:00,0.39296082,high-flow
2026-08-07 08:50:00,0.44947153,high-flow
2026-08-07 09:00:00,0.50178856,high-flow
2026-08-07 09:10:00,0.5495519,high-flow
2026-08-07 09:20:00,0.59243006,high-flow
2026-08-07 09:30:00,0.6301222,high-flow
2026-08-07 09:40:00,0.6623605,high-flow
2026-08-07 09:50:00,0.68891275,high-flow
2026-08-07 10:00:00,0.70958483,high-flow
2026-08-07 10:10:00,0.7242235,high-flow
2026-08-07 10:20:00,0.7327187,high-flow
2026-08-07 10:30:00,0.7350061,high-flow
2026-08-07 10:40:00,0.73106843,high-ebb
2026-08-07 10:50:00,0.7209368,high-ebb
2026-08-07 11:00:00,0.7046909,high-ebb
2026-08-07 11:10:00,0.68245864,high-ebb
2026-08-07 11:20:00,0.65441495,high-ebb
2026-08-07 11:30:00,0.62077963,high-ebb
2026-08-07 11:40:00,0.58181494,high-ebb
2026-08-07 11:50:00,0.53782266,high-ebb
2026-08-07 12:00:00,0.48914048,high-ebb
2026-08-07 12:10:00,0.43613902,high-ebb
2026-08-07 12:20:00,0.3792184,high-ebb
2026-08-07 12:30:00,0.3188054,high-ebb
2026-08-07 12:40:00,0.2553508,high-ebb
2026-08-07 12:50:00,0.18932708,high-ebb
2026-08-07 13:00:00,0.121226564,high-ebb
2026-08-07 13:10:00,0.05155959,high-ebb
2026-08-07 13:20:00,-0.019147152,low-ebb
2026-08-07 13:30:00,-0.09035253,low-ebb
2026-08-07 13:40:00,-0.16150324,low-ebb
2026-08-07 13:50:00,-0.23203665,low-ebb
2026-08-07 14:00:00,-0.3013843,low-ebb
2026-08-07 14:10:00,-0.36897644,low-ebb
2026-08-07 14:20:00,-0.43424702,low-ebb
2026-08-07 14:30:00,-0.49663982,low-ebb
2026-08-07 14:40:00,-0.555615,low-ebb
2026-08-07 14:50:00,-0.6106561,low-ebb
2026-08-07 15:00:00,-0.6612769,low-ebb
2026-08-07 15:10:00,-0.70702845,low-ebb
2026-08-07 15:20:00,-0.7475051,low-ebb
2026-08-07 15:30:00,-0.78235024,low-ebb
2026-08-07 15:40:00,-0.8112601,low-ebb
2026-08-07 15:50:00,-0.83398724,low-ebb
2026-08-07 16:00:00,-0.8503418,low-ebb
2026-08-07 16:10:00,-0.8601919,low-ebb
2026-08-07 16:20:00,-0.8634625,low-ebb
2026-08-07 16:30:00,-0.8601335,low-flow
2026-08-07 16:40:00,-0.8502366,low-flow
2026-08-07 16:50:00,-0.8338518,low-flow
2026-08-07 17:00:00,-0.81110364,low-flow
2026-08-07 17:10:00,-0.7821574,low-flow
2026-08-07 17:20:00,-0.7472157,low-flow
2026-08-07 17:30:00,-0.7065152,low-flow
2026-08-07 17:40:00,-0.66032434,low-flow
2026-08-07 17:50:00,-0.60894114,low-flow
2026-08-07 18:00:00,-0.5526919,low-flow
2026-08-07 18:10:00,-0.49192974,low-flow
2026-08-07 18:20:00,-0.4270342,low-flow
2026-08-07 18:30:00,-0.35840988,low-flow
2026-08-07 18:40:00,-0.28648576,low-flow
2026-08-07 18:50:00,-0.21171355,low-flow
2026-08-07 19:00:00,-0.13456592,low-flow
2026-08-07 19:10:00,-0.055534054,low-flow
2026-08-07 19:20:00,0.02487528,high-flow
2026-08-07 19:30:00,0.10614328,high-flow
2026-08-07 19:40:00,0.187743,high-flow
2026-08-07 19:50:00,0.26914346,high-flow
2026-08-07 20:00:00,0.34981394,high-flow
2026-08-07 20:10:00,0.4292281,high-flow
2026-08-07 20:20:00,0.50686795,high-flow
2026-08-07 20:30:00,0.5822274,high-flow
2026-08-07 20:40:00,0.6548155,high-flow
2026-08-07 20:50:00,0.72415906,high-flow
2026-08-07 21:00:00,0.7898049,high-flow
2026-08-07 21:10:00,0.85132205,high-flow
2026-08-07 21:20:00,0.9083033,high-flow
2026-08-07 21:30:00,0.9603669,high-flow
2026-08-07 21:40:00,1.0071584,high-flow
2026-08-07 21:50:00,1.048352,high-flow
2026-08-07 22:00:00,1.0836532,high-flow
2026-08-07 22:10:00,1.1128007,high-flow
2026-08-07 22:20:00,1.1355687,high-flow
2026-08-07 22:30:00,1.1517696,high-flow
2026-08-07 22:40:00,1.1612564,high-flow
2026-08-07 22:50:00,1.1639255,high-flow
2026-08-07 23:00:00,1.1597177,high-ebb
2026-08-07 23:10:00,1.1486207,high-ebb
2026-08-07 23:20:00,1.1306695,high-ebb
2026-08-07 23:30:00,1.1059467,high-ebb
2026-08-07 23:40:00,1.0745816,high-ebb
2026-08-07 23:50:00,1.0367496,high-ebb
2026-08-08 00:00:00,0.9926696,high-ebb
2026-08-08 00:10:00,0.9426021,high-ebb
2026-08-08 00:20:00,0.8868463,high-ebb
2026-08-08 00:30:00,0.8257372,high-ebb
2026-08-08 00:40:00,0.759643,high-ebb
2026-08-08 00:50:00,0.68896246,high-ebb
2026-08-08 01:00:00,0.6141225,high-ebb
2026-08-08 01:10:00,0.5355766,high-ebb
2026-08-08 01:20:00,0.45380273,high-ebb
2026-08-08 01:30:00,0.3693025,high-ebb
2026-08-08 01:40:00,0.2825995,high-ebb
2026-08-08 01:50:00,0.1942379,high-ebb
2026-08-08 02:00:00,0.10478094,high-ebb
2026-08-08 02:10:00,0.014808413,high-ebb
2026-08-08 02:20:00,-0.07508628,low-ebb
2026-08-08 02:30:00,-0.16430001,low-ebb
2026-08-08 02:40:00,-0.2522247,low-ebb
2026-08-08 02:50:00,-0.33825317,low-ebb
2026-08-08 03:00:00,-0.42178538,low-ebb
2026-08-08 03:10:00,-0.5022357,low-ebb
2026-08-08 03:20:00,-0.57904017,low-ebb
2026-08-08 03:30:00,-0.651664,low-ebb
2026-08-08 03:40:00,-0.71960855,low-ebb
2026-08-08 03:50:00,-0.78241783,low-ebb
2026-08-08 04:00:00,-0.8396837,low-ebb
2026-08-08 04:10:00,-0.89105076,low-ebb
2026-08-08 04:20:00,-0.9362185,low-ebb
2026-08-08 04:30:00,-0.97494364,low-ebb
2026-08-08 04:40:00,-1.0070399,low-ebb
2026-08-08 04:50:00,-1.0323774,low-ebb
2026-08-08 05:00:00,-1.0508801,low-ebb
2026-08-08 05:10:00,-1.0625237,low-ebb
2026-08-08 05:20:00,-1.0673325,low-ebb
2026-08-08 05:30:00,-1.0653753,low-flow
2026-08-08 05:40:00,-1.0567632,low-flow
2026-08-08 05:50:00,-1.0416454,low-flow
2026-08-08 06:00:00,-1.0202081,low-flow
2026-08-08 06:10:00,-0.99267095,low-flow
2026-08-08 06:20:00,-0.95928675,low-flow
2026-08-08 06:30:00,-0.92033947,low-flow
2026-08-08 06:40:00,-0.87614363,low-flow
2026-08-08 06:50:00,-0.8270434,low-flow
2026-08-08 07:00:00,-0.77341175,low-flow
2026-08-08 07:10:00,-0.7156489,low-flow
2026-08-08 07:20:00,-0.6541809,low-flow
2026-08-08 07:30:00,-0.5894572,low-flow
2026-08-08 07:40:00,-0.52194816,low-flow
2026-08-08 07:50:00,-0.45214117,low-flow
2026-08-08 08:00:00,-0.38053736,low-flow
2026-08-08 08:10:00,-0.30764723,low-flow
2026-08-08 08:20:00,-0.23398626,low-flow
2026-08-08 08:30:00,-0.16007084,low-flow
2026-08-08 08:40:00,-0.086414024,low-flow
2026-08-08 08:50:00,-0.0135218045,low-flow
2026-08-08 09:00:00,0.05811031,high-flow
2026-08-08 09:10:00,0.12800014,high-flow
2026-08-08 09:20:00,0.19568132,high-flow
2026-08-08 09:30:00,0.26070526,high-flow
2026-08-08 09:40:00,0.32264304,high-flow
2026-08-08 09:50:00,0.38108686,high-flow
2026-08-08 10:00:00,0.4356515,high-flow
2026-08-08 10:10:00,0.48597628,high-flow
2026-08-08 10:20:00,0.53172636,high-flow
2026-08-08 10:30:00,0.57259524,high-flow
2026-08-08 10:40:00,0.60830677,high-flow
2026-08-08 10:50:00,0.6386177,high-flow
2026-08-08 11:00:00,0.66332024,high-flow
2026-08-08 11:10:00,0.6822445,high-flow
2026-08-08 11:20:00,0.6952609,high-flow
2026-08-08 11:30:00,0.7022821,high-flow
2026-08-08 11:40:00,0.70326436,high-flow
2026-08-08 11:50:00,0.69820863,high-ebb
2026-08-08 12:00:00,0.68716043,high-ebb
2026-08-08 12:10:00,0.6702095,high-ebb
2026-08-08 12:20:00,0.6474886,high-ebb
2026-08-08 12:30:00,0.61917186,high-ebb
2026-08-08 12:40:00,0.58547276,high-ebb
2026-08-08 12:50:00,0.54664195,high-ebb
2026-08-08 13:00:00,0.5029649,high-ebb
2026-08-08 13:10:00,0.4547599,high-ebb
2026-08-08 13:20:00,0.40237603,high-ebb
2026-08-08 13:30:00,0.34619173,high-ebb
2026-08-08 13:40:00,0.2866136,high-ebb
2026-08-08 13:50:00,0.22407526,high-ebb
2026-08-08 14:00:00,0.15903662,high-ebb
2026-08-08 14:10:00,0.09198292,high-ebb
2026-08-08 14:20:00,0.023423433,high-ebb
2026-08-08 14:30:00,-0.046110187,low-ebb
2026-08-08 14:40:00,-0.11606639,low-ebb
2026-08-08 14:50:00,-0.18587705,low-ebb
2026-08-08 15:00:00,-0.25496176,low-ebb
2026-08-08 15:10:00,-0.32273316,low-ebb
2026-08-08 15:20:00,-0.38860315,low-ebb
2026-08-08 15:30:00,-0.4519899,low-ebb
2026-08-08 15:40:00,-0.51232535,low-ebb
2026-08-08 15:50:00,-0.5690632,low-ebb
2026-08-08 16:00:00,-0.6216862,low-ebb
2026-08-08 16:10:00,-0.6697139,low-ebb
2026-08-08 16:20:00,-0.71270853,low-ebb
2026-08-08 16:30:00,-0.75028104,low-ebb
2026-08-08 16:40:00,-0.7820948,low-ebb
2026-08-08 16:50:00,-0.80786866,low-ebb
2026-08-08 17:00:00,-0.82737845,low-ebb
2026-08-08 17:10:00,-0.840457,low-ebb
2026-08-08 17:20:00,-0.846993,low-ebb
2026-08-08 17:30:00,-0.8469293,low-ebb
2026-08-08 17:40:00,-0.84026015,low-flow
2026-08-08 17:50:00,-0.82702816,low-flow
2026-08-08 18:00:00,-0.8073213,low-flow
2026-08-08 18:10:00,-0.7812701,low-flow
2026-08-08 18:20:00,-0.74904454,low-flow
2026-08-08 18:30:00,-0.7108522,low-flow
2026-08-08 18:40:00,-0.6669364,low-flow
2026-08-08 18:50:00,-0.61757445,low-flow
2026-08-08 19:00:00,-0.5630769,low-flow
2026-08-08 19:10:00,-0.50378627,low-flow
2026-08-08 19:20:00,-0.44007608,low-flow
2026-08-08 19:30:00,-0.37234944,low-flow
2026-08-08 19:40:00,-0.30103746,low-flow
2026-08-08 19:50:00,-0.22659707,low-flow
2026-08-08 20:00:00,-0.1495081,low-flow
2026-08-08 20:10:00,-0.07027017,low-flow
2026-08-08 20:20:00,0.010601273,high-flow
2026-08-08 20:30:00,0.092579074,high-flow
2026-08-08 20:40:00,0.17512879,high-flow
2026-08-08 20:50:00,0.25771314,high-flow
2026-08-08 21:00:00,0.33979636,high-flow
2026-08-08 21:10:00,0.42084825,high-flow
2026-08-08 21:20:00,0.5003477,high-flow
2026-08-08 21:30:00,0.5777859,high-flow
2026-08-08 21:40:00,0.65266895,high-flow
2026-08-08 21:50:00,0.72451997,high-flow
2026-08-08 22:00:00,0.7928811,high-flow
2026-08-08 22:10:00,0.8573146,high-flow
2026-08-08 22:20:00,0.91740453,high-flow
2026-08-08 22:30:00,0.9727583,high-flow
2026-08-08 22:40:00,1.0230078,high-flow
2026-08-08 22:50:00,1.0678115,high-flow
2026-08-08 23:00:00,1.1068563,high-flow
2026-08-08 23:10:00,1.1398604,high-flow
2026-08-08 23:20:00,1.1665744,high-flow
2026-08-08 23:30:00,1.1867856,high-flow
2026-08-08 23:40:00,1.2003192,high-flow
2026-08-08 23:50:00,1.2070413,high-flow
2026-08-09 00:00:00,1.2068601,high-flow
2026-08-09 00:10:00,1.199728,high-ebb
2026-08-09 00:20:00,1.1856421,high-ebb
2026-08-09 00:30:00,1.1646444,high-ebb
2026-08-09 00:40:00,1.1368212,high-ebb
2026-08-09 00:50:00,1.1023022,high-ebb
2026-08-09 01:00:00,1.0612595,high-ebb
2026-08-09 01:10:00,1.0139053,high-ebb
2026-08-09 01:20:00,0.9604907,high-ebb
2026-08-09 01:30:00,0.90130377,high-ebb
2026-08-09 01:40:00,0.83666813,high-ebb
2026-08-09 01:50:00,0.7669416,high-ebb
2026-08-09 02:00:00,0.6925157,high-ebb
2026-08-09 02:10:00,0.6138144,high-ebb
2026-08-09 02:20:00,0.5312942,high-ebb
2026-08-09 02:30:00,0.44544336,high-ebb
2026-08-09 02:40:00,0.356781,high-ebb
2026-08-09 02:50:00,0.26585606,high-ebb
2026-08-09 03:00:00,0.17324539,high-ebb
2026-08-09 03:10:00,0.079550825,high-ebb
2026-08-09 03:20:00,-0.014604537,low-ebb
2026-08-09 03:30:00,-0.10858133,low-ebb
2026-08-09 03:40:00,-0.20172986,low-ebb
2026-08-09 03:50:00,-0.29339707,low-ebb
2026-08-09 04:00:00,-0.38293418,low-ebb
2026-08-09 04:10:00,-0.46970496,low-ebb
2026-08-09 04:20:00,-0.55309385,low-ebb
2026-08-09 04:30:00,-0.63251424,low-ebb
2026-08-09 04:40:00,-0.70741594,low-ebb
2026-08-09 04:50:00,-0.7772919,low-ebb
2026-08-09 05:00:00,-0.84168375,low-ebb
2026-08-09 05:10:00,-0.900186,low-ebb
2026-08-09 05:20:00,-0.9524491,low-ebb
2026-08-09 05:30:00,-0.9981805,low-ebb
2026-08-09 05:40:00,-1.0371456,low-ebb
2026-08-09 05:50:00,-1.0691663,low-ebb
2026-08-09 06:00:00,-1.0941192,low-ebb
2026-08-09 06:10:00,-1.1119341,low-ebb
2026-08-09 06:20:00,-1.1225907,low-ebb
2026-08-09 06:30:00,-1.126116,low-ebb
2026-08-09 06:40:00,-1.1225826,low-flow
2026-08-09 06:50:00,-1.1121054,low-flow
2026-08-09 07:00:00,-1.0948406,low-flow
2026-08-09 07:10:00,-1.0709842,low-flow
2026-08-09 07:20:00,-1.0407703,low-flow
2026-08-09 07:30:00,-1.0044707,low-flow
2026-08-09 07:40:00,-0.9623936,low-flow
2026-08-09 07:50:00,-0.9148823,low-flow
2026-08-09 08:00:00,-0.86231387,low-flow
2026-08-09 08:10:00,-0.80509704,low-flow
2026-08-09 08:20:00,-0.74366957,low-flow
2026-08-09 08:30:00,-0.67849517,low-flow
2026-08-09 08:40:00,-0.6100597,low-flow
2026-08-09 08:50:00,-0.5388672,low-flow
2026-08-09 09:00:00,-0.46543515,low-flow
2026-08-09 09:10:00,-0.3902903,low-flow
2026-08-09 09:20:00,-0.31396377,low-flow
2026-08-09 09:30:00,-0.236987,low-flow
2026-08-09 09:40:00,-0.15988775,low-flow
2026-08-09 09:50:00,-0.08318675,low-flow
2026-08-09 10:00:00,-0.0073947352,low-flow
2026-08-09 10:10:00,0.06698993,high-flow
2026-08-09 10:20:00,0.13948317,high-flow
2026-08-09 10:30:00,0.20961681,high-flow
2026-08-09 10:40:00,0.27694,high-flow
2026-08-09 10:50:00,0.34102046,high-flow
2026-08-09 11:00:00,0.40144613,high-flow
2026-08-09 11:10:00,0.45782655,high-flow
2026-08-09 11:20:00,0.509795,high-flow
2026-08-09 11:30:00,0.55701053,high-flow
2026-08-09 11:40:00,0.5991605,high-flow
2026-08-09 11:50:00,0.6359632,high-flow
2026-08-09 12:00:00,0.6671707,high-flow
2026-08-09 12:10:00,0.6925712,high-flow
2026-08-09 12:20:00,0.7119916,high-flow
2026-08-09 12:30:00,0.72529936,high-flow
2026-08-09 12:40:00,0.73240405,high-flow
2026-08-09 12:50:00,0.7332582,high-flow
2026-08-09 13:00:00,0.7278577,high-ebb
2026-08-09 13:10:00,0.7162416,high-ebb
2026-08-09 13:20:00,0.6984913,high-ebb
2026-08-09 13:30:00,0.6747296,high-ebb
2026-08-09 13:40:00,0.6451197,high-ebb
2026-08-09 13:50:00,0.609864,high-ebb
2026-08-09 14:00:00,0.56920284,high-ebb
2026-08-09 14:10:00,0.52341396,high-ebb
2026-08-09 14:20:00,0.47281173,high-ebb
2026-08-09 14:30:00,0.41774708,high-ebb
2026-08-09 14:40:00,0.35860726,high-ebb
2026-08-09 14:50:00,0.29581574,high-ebb
2026-08-09 15:00:00,0.22983181,high-ebb
2026-08-09 15:10:00,0.16115017,high-ebb
2026-08-09 15:20:00,0.09029924,high-ebb
2026-08-09 15:30:00,0.017839152,high-ebb
2026-08-09 15:40:00,-0.055641636,low-ebb
2026-08-09 15:50:00,-0.1295307,low-ebb
2026-08-09 16:00:00,-0.20319726,low-ebb
2026-08-09 16:10:00,-0.27599886,low-ebb
2026-08-09 16:20:00,-0.347289,low-ebb
2026-08-09 16:30:00,-0.41642544,low-ebb
2026-08-09 16:40:00,-0.48277888,low-ebb
2026-08-09 16:50:00,-0.5457418,low-ebb
2026-08-09 17:00:00,-0.6047366,low-ebb
2026-08-09 17:10:00,-0.65922374,low-ebb
2026-08-09 17:20:00,-0.70870787,low-ebb
2026-08-09 17:30:00,-0.75274384,low-ebb
2026-08-09 17:40:00,-0.79094076,low-ebb
2026-08-09 17:50:00,-0.82296455,low-ebb
2026-08-09 18:00:00,-0.84853935,low-ebb
2026-08-09 18:10:00,-0.8674479,low-ebb
2026-08-09 18:20:00,-0.87953055,low-ebb
2026-08-09 18:30:00,-0.8846833,low-ebb
2026-08-09 18:40:00,-0.8828563,low-flow
2026-08-09 18:50:00,-0.8740509,low-flow
2026-08-09 19:00:00,-0.8583175,low-flow
2026-08-09 19:10:00,-0.8357532,low-flow
2026-08-09 19:20:00,-0.80650014,low-flow
2026-08-09 19:30:00,-0.7707434,low-flow
2026-08-09 19:40:00,-0.72871023,low-flow
2026-08-09 19:50:00,-0.6806682,low-flow
2026-08-09 20:00:00,-0.62692434,low-flow
2026-08-09 20:10:00,-0.5678241,low-flow
2026-08-09 20:20:00,-0.5037494,low-flow
2026-08-09 20:30:00,-0.43511662,low-flow
2026-08-09 20:40:00,-0.3623744,low-flow
2026-08-09 20:50:00,-0.28600013,low-flow
2026-08-09 21:00:00,-0.20649646,low-flow
2026-08-09 21:10:00,-0.12438709,low-flow
2026-08-09 21:20:00,-0.040212173,low-flow
2026-08-09 21:30:00,0.045476373,high-flow
2026-08-09 21:40:00,0.13211963,high-flow
2026-08-09 21:50:00,0.21915622,high-flow
2026-08-09 22:00:00,0.3060266,high-flow
2026-08-09 22:10:00,0.39217678,high-flow
2026-08-09 22:20:00,0.47706145,high-flow
2026-08-09 22:30:00,0.56014687,high-flow
2026-08-09 22:40:00,0.64091283,high-flow
2026-08-09 22:50:00,0.7188544,high-flow
2026-08-09 23:00:00,0.79348344,high-flow
2026-08-09 23:10:00,0.86432976,high-flow
2026-08-09 23:20:00,0.93094265,high-flow
2026-08-09 23:30:00,0.992892,high-flow
2026-08-09 23:40:00,1.0497705,high-flow
2026-08-09 23:50:00,1.101195,high-flow
2026-08-10 00:00:00,1.1468096,high-flow
2026-08-10 00:10:00,1.1862875,high-flow
2026-08-10 00:20:00,1.2193345,high-flow
2026-08-10 00:30:00,1.2456912,high-flow
2026-08-10 00:40:00,1.2651356,high-flow
2026-08-10 00:50:00,1.2774866,high-flow
2026-08-10 01:00:00,1.2826043,high-flow
2026-08-10 01:10:00,1.2803932,high-ebb
2026-08-10 01:20:00,1.2708019,high-ebb
2026-08-10 01:30:00,1.2538241,high-ebb
2026-08-10 01:40:00,1.229499,high-ebb
2026-08-10 01:50:00,1.1979098,high-ebb
2026-08-10 02:00:00,1.1591843,high-ebb
2026-08-10 02:10:00,1.1134934,high-ebb
2026-08-10 02:20:00,1.0610509,high-ebb
2026-08-10 02:30:00,1.0021123,high-ebb
2026-08-10 02:40:00,0.9369758,high-ebb
2026-08-10 02:50:00,0.86598116,high-ebb
2026-08-10 03:00:00,0.7895105,high-ebb
2026-08-10 03:10:00,0.70798826,high-ebb
2026-08-10 03:20:00,0.6218814,high-ebb
2026-08-10 03:30:00,0.5316991,high-ebb
2026-08-10 03:40:00,0.43799192,high-ebb
2026-08-10 03:50:00,0.34134996,high-ebb
2026-08-10 04:00:00,0.24240021,high-ebb
2026-08-10 04:10:00,0.14180265,high-ebb
2026-08-10 04:20:00,0.040244933,high-ebb
2026-08-10 04:30:00,-0.061564006,low-ebb
2026-08-10 04:40:00,-0.16290146,low-ebb
2026-08-10 04:50:00,-0.2630394,low-ebb
2026-08-10 05:00:00,-0.36125362,low-ebb
2026-08-10 05:10:00,-0.4568329,low-ebb
2026-08-10 05:20:00,-0.5490885,low-ebb
2026-08-10 05:30:00,-0.6373626,low-ebb
2026-08-10 05:40:00,-0.7210367,low-ebb
2026-08-10 05:50:00,-0.79953814,low-ebb
2026-08-10 06:00:00,-0.8723459,low-ebb
2026-08-10 06:10:00,-0.9389947,low-ebb
2026-08-10 06:20:00,-0.99907774,low-ebb
2026-08-10 06:30:00,-1.0522484,low-ebb
2026-08-10 06:40:00,-1.09822,low-ebb
2026-08-10 06:50:00,-1.1367658,low-ebb
2026-08-10 07:00:00,-1.1677171,low-ebb
2026-08-10 07:10:00,-1.1909616,low-ebb
2026-08-10 07:20:00,-1.2064413,low-ebb
2026-08-10 07:30:00,-1.2141508,low-ebb
2026-08-10 07:40:00,-1.2141352,low-ebb
2026-08-10 07:50:00,-1.2064886,low-flow
2026-08-10 08:00:00,-1.191353,low-flow
2026-08-10 08:10:00,-1.1689167,low-flow
2026-08-10 08:20:00,-1.1394137,low-flow
2026-08-10 08:30:00,-1.1031219,low-flow
2026-08-10 08:40:00,-1.0603621,low-flow
2026-08-10 08:50:00,-1.0114962,low-flow
2026-08-10 09:00:00,-0.95692444,low-flow
2026-08-10 09:10:00,-0.8970828,low-flow
2026-08-10 09:20:00,-0.83243924,low-flow
2026-08-10 09:30:00,-0.7634898,low-flow
2026-08-10 09:40:00,-0.6907538,low-flow
2026-08-10 09:50:00,-0.6147694,low-flow
2026-08-10 10:00:00,-0.53608835,low-flow
2026-08-10 10:10:00,-0.4552714,low-flow
2026-08-10 10:20:00,-0.37288368,low-flow
2026-08-10 10:30:00,-0.28949052,low-flow
2026-08-10 10:40:00,-0.20565404,low-flow
2026-08-10 10:50:00,-0.121929936,low-flow
2026-08-10 11:00:00,-0.038865138,low-flow
2026-08-10 11:10:00,0.043004215,high-flow
2026-08-10 11:20:00,0.12315438,high-flow
2026-08-10 11:30:00,0.20107536,high-flow
2026-08-10 11:40:00,0.2762723,high-flow
2026-08-10 11:50:00,0.3482668,high-flow
2026-08-10 12:00:00,0.41659868,high-flow
2026-08-10 12:10:00,0.48082775,high-flow
2026-08-10 12:20:00,0.54053634,high-flow
2026-08-10 12:30:00,0.59533167,high-flow
2026-08-10 12:40:00,0.6448488,high-flow
2026-08-10 12:50:00,0.6887539,high-flow
2026-08-10 13:00:00,0.7267468,high-flow
2026-08-10 13:10:00,0.7585641,high-flow
2026-08-10 13:20:00,0.78398186,high-flow
2026-08-10 13:30:00,0.8028176,high-flow
2026-08-10 13:40:00,0.81493187,high-flow
2026-08-10 13:50:00,0.8202297,high-flow
2026-08-10 14:00:00,0.8186612,high-flow
2026-08-10 14:10:00,0.8102216,high-ebb
2026-08-10 14:20:00,0.7949515,high-ebb
2026-08-10 14:30:00,0.7729367,high-ebb
2026-08-10 14:40:00,0.7443077,high-ebb
2026-08-10 14:50:00,0.7092401,high-ebb
2026-08-10 15:00:00,0.6679542,high-ebb
2026-08-10 15:10:00,0.62071574,high-ebb
2026-08-10 15:20:00,0.5678359,high-ebb
2026-08-10 15:30:00,0.50967234,high-ebb
2026-08-10 15:40:00,0.4466294,high-ebb
2026-08-10 15:50:00,0.37915823,high-ebb
2026-08-10 16:00:00,0.30775648,high-ebb
2026-08-10 16:10:00,0.23296718,high-ebb
2026-08-10 16:20:00,0.15537643,high-ebb
2026-08-10 16:30:00,0.07561014,high-ebb
2026-08-10 16:40:00,-0.005670773,low-ebb
2026-08-10 16:50:00,-0.08777631,low-ebb
2026-08-10 17:00:00,-0.16999468,low-ebb
2026-08-10 17:10:00,-0.25160065,low-ebb
2026-08-10 17:20:00,-0.33186474,low-ebb
2026-08-10 17:30:00,-0.41006282,low-ebb
2026-08-10 17:40:00,-0.48548603,low-ebb
2026-08-10 17:50:00,-0.5574503,low-ebb
2026-08-10 18:00:00,-0.62530535,low-ebb
2026-08-10 18:10:00,-0.68844265,low-ebb
2026-08-10 18:20:00,-0.74630225,low-ebb
2026-08-10 18:30:00,-0.7983782,low-ebb
2026-08-10 18:40:00,-0.8442228,low-ebb
2026-08-10 18:50:00,-0.8834486,low-ebb
2026-08-10 19:00:00,-0.9157304,low-ebb
2026-08-10 19:10:00,-0.94080496,low-ebb
2026-08-10 19:20:00,-0.9584702,low-ebb
2026-08-10 19:30:00,-0.96858424,low-ebb
2026-08-10 19:40:00,-0.97106326,low-ebb
2026-08-10 19:50:00,-0.9658799,low-flow
2026-08-10 20:00:00,-0.95306146,low-flow
2026-08-10 20:10:00,-0.9326879,low-flow
2026-08-10 20:20:00,-0.9048906,low-flow
2026-08-10 20:30:00,-0.8698511,low-flow
2026-08-10 20:40:00,-0.8277997,low-flow
2026-08-10 20:50:00,-0.77901393,low-flow
2026-08-10 21:00:00,-0.72381765,low-flow
2026-08-10 21:10:00,-0.6625785,low-flow
2026-08-10 21:20:00,-0.5957062,low-flow
2026-08-10 21:30:00,-0.5236491,low-flow
2026-08-10 21:40:00,-0.4468911,low-flow
2026-08-10 21:50:00,-0.36594725,low-flow
2026-08-10 22:00:00,-0.28135937,low-flow
2026-08-10 22:10:00,-0.19369118,low-flow
2026-08-10 22:20:00,-0.10352297,low-flow
2026-08-10 22:30:00,-0.011446769,low-flow
2026-08-10 22:40:00,0.08193867,high-flow
2026-08-10 22:50:00,0.17603232,high-flow
2026-08-10 23:00:00,0.27023485,high-flow
2026-08-10 23:10:00,0.36395207,high-flow
2026-08-10 23:20:00,0.4565977,high-flow
2026-08-10 23:30:00,0.5475956,high-flow
2026-08-10 23:40:00,0.63638186,high-flow
2026-08-10 23:50:00,0.7224057,high-flow
2026-08-11 00:00:00,0.8051314,high-flow
2026-08-11 00:10:00,0.88403934,high-flow
2026-08-11 00:20:00,0.95862776,high-flow
2026-08-11 00:30:00,1.0284141,high-flow
2026-08-11 00:40:00,1.0929377,high-flow
2026-08-11 00:50:00,1.151762,high-flow
2026-08-11 01:00:00,1.2044774,high-flow
2026-08-11 01:10:00,1.2507045,high-flow
2026-08-11 01:20:00,1.2900969,high-flow
2026-08-11 01:30:00,1.3223447,high-flow
2026-08-11 01:40:00,1.3471776,high-flow
2026-08-11 01:50:00,1.3643671,high-flow
2026-08-11 02:00:00,1.3737291,high-flow
2026-08-11 02:10:00,1.3751254,high-flow
2026-08-11 02:20:00,1.3684651,high-ebb
2026-08-11 02:30:00,1.3537055,high-ebb
2026-08-11 02:40:00,1.3308526,high-ebb
2026-08-11 02:50:00,1.2999612,high-ebb
2026-08-11 03:00:00,1.2611353,high-ebb
2026-08-11 03:10:00,1.2145283,high-ebb
2026-08-11 03:20:00,1.1603432,high-ebb
2026-08-11 03:30:00,1.0988331,high-ebb
2026-08-11 03:40:00,1.030302,high-ebb
2026-08-11 03:50:00,0.95510596,high-ebb
2026-08-11 04:00:00,0.8736529,high-ebb
2026-08-11 04:10:00,0.78640383,high-ebb
2026-08-11 04:20:00,0.6938728,high-ebb
2026-08-11 04:30:00,0.5966258,high-ebb
2026-08-11 04:40:00,0.4952793,high-ebb
2026-08-11 04:50:00,0.39049754,high-ebb
2026-08-11 05:00:00,0.2829879,high-ebb
2026-08-11 05:10:00,0.17349575,high-ebb
2026-08-11 05:20:00,0.062797196,high-ebb
2026-08-11 05:30:00,-0.048309024,low-ebb
2026-08-11 05:40:00,-0.15901081,low-ebb
2026-08-11 05:50:00,-0.26849264,low-ebb
2026-08-11 06:00:00,-0.37594602,low-ebb
2026-08-11 06:10:00,-0.48057964,low-ebb
2026-08-11 06:20:00,-0.5816296,low-ebb
2026-08-11 06:30:00,-0.6783683,low-ebb
2026-08-11 06:40:00,-0.7701127,low-ebb
2026-08-11 06:50:00,-0.8562312,low-ebb
2026-08-11 07:00:00,-0.936149,low-ebb
2026-08-11 07:10:00,-1.0093518,low-ebb
2026-08-11 07:20:00,-1.0753888,low-ebb
2026-08-11 07:30:00,-1.1338733,low-ebb
2026-08-11 07:40:00,-1.1844839,low-ebb
2026-08-11 07:50:00,-1.2269624,low-ebb
2026-08-11 08:00:00,-1.2611145,low-ebb
2026-08-11 08:10:00,-1.2868067,low-ebb
2026-08-11 08:20:00,-1.3039656,low-ebb
2026-08-11 08:30:00,-1.312576,low-ebb
2026-08-11 08:40:00,-1.3126802,low-ebb
2026-08-11 08:50:00,-1.3043758,low-flow
2026-08-11 09:00:00,-1.2878147,low-flow
2026-08-11 09:10:00,-1.2632027,low-flow
2026-08-11 09:20:00,-1.2307967,low-flow
2026-08-11 09:30:00,-1.1909047,low-flow
2026-08-11 09:40:00,-1.1438822,low-flow
2026-08-11 09:50:00,-1.0901301,low-flow
2026-08-11 10:00:00,-1.0300918,low-flow
2026-08-11 10:10:00,-0.96424836,low-flow
2026-08-11 10:20:00,-0.8931151,low-flow
2026-08-11 10:30:00,-0.8172359,low-flow
2026-08-11 10:40:00,-0.7371782,low-flow
2026-08-11 10:50:00,-0.6535282,low-flow
2026-08-11 11:00:00,-0.56688523,low-flow
2026-08-11 11:10:00,-0.47785705,low-flow
2026-08-11 11:20:00,-0.3870557,low-flow
2026-08-11 11:30:00,-0.2950933,low-flow
2026-08-11 11:40:00,-0.20257919,low-flow
2026-08-11 11:50:00,-0.11011701,low-flow
2026-08-11 12:00:00,-0.018302772,low-flow
2026-08-11 12:10:00,0.07227698,high-flow
2026-08-11 12:20:00,0.16104664,high-flow
2026-08-11 12:30:00,0.24744296,high-flow
2026-08-11 12:40:00,0.33091664,high-flow
2026-08-11 12:50:00,0.410934,high-flow
2026-08-11 13:00:00,0.48697928,high-flow
2026-08-11 13:10:00,0.55855685,high-flow
2026-08-11 13:20:00,0.62519443,high-flow
2026-08-11 13:30:00,0.686446,high-flow
2026-08-11 13:40:00,0.74189544,high-flow
2026-08-11 13:50:00,0.79115963,high-flow
2026-08-11 14:00:00,0.8338923,high-flow
2026-08-11 14:10:00,0.86978686,high-flow
2026-08-11 14:20:00,0.8985793,high-flow
2026-08-11 14:30:00,0.92005074,high-flow
2026-08-11 14:40:00,0.93402904,high-flow
2026-08-11 14:50:00,0.9403904,high-flow
2026-08-11 15:00:00,0.93906057,high-flow
2026-08-11 15:10:00,0.93001544,high-ebb
2026-08-11 15:20:00,0.91328156,high-ebb
2026-08-11 15:30:00,0.88893706,high-ebb
2026-08-11 15:40:00,0.8571119,high-ebb
2026-08-11 15:50:00,0.81798875,high-ebb
2026-08-11 16:00:00,0.771804,high-ebb
2026-08-11 16:10:00,0.71884847,high-ebb
2026-08-11 16:20:00,0.65946853,high-ebb
2026-08-11 16:30:00,0.594067,high-ebb
2026-08-11 16:40:00,0.5231032,high-ebb
2026-08-11 16:50:00,0.447093,high-ebb
2026-08-11 17:00:00,0.3666075,high-ebb
2026-08-11 17:10:00,0.28227058,high-ebb
2026-08-11 17:20:00,0.19475551,high-ebb
2026-08-11 17:30:00,0.10477971,high-ebb
2026-08-11 17:40:00,0.013098299,high-ebb
2026-08-11 17:50:00,-0.07950376,low-ebb
2026-08-11 18:00:00,-0.17222074,low-ebb
2026-08-11 18:10:00,-0.26423615,low-ebb
2026-08-11 18:20:00,-0.35473335,low-ebb
2026-08-11 18:30:00,-0.44290632,low-ebb
2026-08-11 18:40:00,-0.5279703,low-ebb
2026-08-11 18:50:00,-0.6091719,low-ebb
2026-08-11 19:00:00,-0.68579817,low-ebb
2026-08-11 19:10:00,-0.75718445,low-ebb
2026-08-11 19:20:00,-0.82272106,low-ebb
2026-08-11 19:30:00,-0.8818584,low-ebb
2026-08-11 19:40:00,-0.9341103,low-ebb
2026-08-11 19:50:00,-0.9790563,low-ebb
2026-08-11 20:00:00,-1.0163428,low-ebb
2026-08-11 20:10:00,-1.0456828,low-ebb
2026-08-11 20:20:00,-1.0668554,low-ebb
2026-08-11 20:30:00,-1.0797045,low-ebb
2026-08-11 20:40:00,-1.0841371,low-ebb
2026-08-11 20:50:00,-1.080122,low-flow
2026-08-11 21:00:00,-1.0676886,low-flow
2026-08-11 21:10:00,-1.0469246,low-flow
2026-08-11 21:20:00,-1.0179756,low-flow
2026-08-11 21:30:00,-0.9810432,low-flow
2026-08-11 21:40:00,-0.936384,low-flow
2026-08-11 21:50:00,-0.88430744,low-flow
2026-08-11 22:00:00,-0.8251739,low-flow
2026-08-11 22:10:00,-0.7593923,low-flow
2026-08-11 22:20:00,-0.68741655,low-flow
2026-08-11 22:30:00,-0.6097421,low-flow
2026-08-11 22:40:00,-0.52690125,low-flow
2026-08-11 22:50:00,-0.43945834,low-flow
2026-08-11 23:00:00,-0.3480047,low-flow
2026-08-11 23:10:00,-0.25315297,low-flow
2026-08-11 23:20:00,-0.15553188,low-flow
2026-08-11 23:30:00,-0.05578111,low-flow
2026-08-11 23:40:00,0.045453567,high-flow
2026-08-11 23:50:00,0.14752446,high-flow
2026-08-12 00:00:00,0.24978562,high-flow
2026-08-12 00:10:00,0.35159582,high-flow
2026-08-12 00:20:00,0.45232105,high-flow
2026-08-12 00:30:00,0.55133647,high-flow
2026-08-12 00:40:00,0.6480282,high-flow
2026-08-12 00:50:00,0.74179447,high-flow
2026-08-12 01:00:00,0.83204764,high-flow
2026-08-12 01:10:00,0.91821563,high-flow
2026-08-12 01:20:00,0.9997438,high-flow
2026-08-12 01:30:00,1.0760977,high-flow
2026-08-12 01:40:00,1.1467655,high-flow
2026-08-12 01:50:00,1.2112614,high-flow
2026-08-12 02:00:00,1.2691292,high-flow
2026-08-12 02:10:00,1.3199452,high-flow
2026-08-12 02:20:00,1.3633231,high-flow
2026-08-12 02:30:00,1.3989162,high-flow
2026-08-12 02:40:00,1.4264215,high-flow
2026-08-12 02:50:00,1.4455822,high-flow
2026-08-12 03:00:00,1.45619,high-flow
2026-08-12 03:10:00,1.4580876,high-flow
2026-08-12 03:20:00,1.4511695,high-ebb
2026-08-12 03:30:00,1.4353839,high-ebb
2026-08-12 03:40:00,1.4107331,high-ebb
2026-08-12 03:50:00,1.3772743,high-ebb
2026-08-12 04:00:00,1.3351209,high-ebb
2026-08-12 04:10:00,1.2844427,high-ebb
2026-08-12 04:20:00,1.2254674,high-ebb
2026-08-12 04:30:00,1.1584817,high-ebb
2026-08-12 04:40:00,1.0838317,high-ebb
2026-08-12 04:50:00,1.0019245,high-ebb
2026-08-12 05:00:00,0.91322875,high-ebb
2026-08-12 05:10:00,0.8182745,high-ebb
2026-08-12 05:20:00,0.7176525,high-ebb
2026-08-12 05:30:00,0.6120123,high-ebb
2026-08-12 05:40:00,0.5020592,high-ebb
2026-08-12 05:50:00,0.3885498,high-ebb
2026-08-12 06:00:00,0.27228558,high-ebb
2026-08-12 06:10:00,0.15410589,high-ebb
2026-08-12 06:20:00,0.03487875,high-ebb
2026-08-12 06:30:00,-0.08450893,low-ebb
2026-08-12 06:40:00,-0.20316216,low-ebb
2026-08-12 06:50:00,-0.3201891,low-ebb
2026-08-12 07:00:00,-0.43471217,low-ebb
2026-08-12 07:10:00,-0.5458791,low-ebb
2026-08-12 07:20:00,-0.652873,low-ebb
2026-08-12 07:30:00,-0.7549213,low-ebb
2026-08-12 07:40:00,-0.85130376,low-ebb
2026-08-12 07:50:00,-0.9413584,low-ebb
2026-08-12 08:00:00,-1.0244867,low-ebb
2026-08-12 08:10:00,-1.1001564,low-ebb
2026-08-12 08:20:00,-1.1679043,low-ebb
2026-08-12 08:30:00,-1.2273358,low-ebb
2026-08-12 08:40:00,-1.2781265,low-ebb
2026-08-12 08:50:00,-1.3200196,low-ebb
2026-08-12 09:00:00,-1.3528267,low-ebb
2026-08-12 09:10:00,-1.3764248,low-ebb
2026-08-12 09:20:00,-1.390756,low-ebb
2026-08-12 09:30:00,-1.3958259,low-ebb
2026-08-12 09:40:00,-1.3917023,low-flow
2026-08-12 09:50:00,-1.3785138,low-flow
2026-08-12 10:00:00,-1.3564488,low-flow
2026-08-12 10:10:00,-1.3257538,low-flow
2026-08-12 10:20:00,-1.2867316,low-flow
2026-08-12 10:30:00,-1.2397388,low-flow
2026-08-12 10:40:00,-1.1851834,low-flow
2026-08-12 10:50:00,-1.1235203,low-flow
2026-08-12 11:00:00,-1.0552481,low-flow
2026-08-12 11:10:00,-0.9809042,low-flow
2026-08-12 11:20:00,-0.901059,low-flow
2026-08-12 11:30:00,-0.8163112,low-flow
2026-08-12 11:40:00,-0.72728205,low-flow
2026-08-12 11:50:00,-0.6346099,low-flow
2026-08-12 12:00:00,-0.5389452,low-flow
2026-08-12 12:10:00,-0.44094586,low-flow
2026-08-12 12:20:00,-0.34127316,low-flow
2026-08-12 12:30:00,-0.24058828,low-flow
2026-08-12 12:40:00,-0.13954954,low-flow
2026-08-12 12:50:00,-0.038809955,low-flow
2026-08-12 13:00:00,0.060984682,high-flow
2026-08-12 13:10:00,0.15919751,high-flow
2026-08-12 13:20:00,0.25520226,high-flow
2026-08-12 13:30:00,0.34838504,high-flow
2026-08-12 13:40:00,0.43814638,high-flow
2026-08-12 13:50:00,0.5239036,high-flow
2026-08-12 14:00:00,0.6050936,high-flow
2026-08-12 14:10:00,0.6811762,high-flow
2026-08-12 14:20:00,0.7516375,high-flow
2026-08-12 14:30:00,0.81599396,high-flow
2026-08-12 14:40:00,0.873796,high-flow
2026-08-12 14:50:00,0.9246322,high-flow
2026-08-12 15:00:00,0.9681328,high-flow
2026-08-12 15:10:00,1.0039731,high-flow
2026-08-12 15:20:00,1.0318764,high-flow
2026-08-12 15:30:00,1.0516164,high-flow
2026-08-12 15:40:00,1.0630194,high-flow
2026-08-12 15:50:00,1.0659657,high-flow
2026-08-12 16:00:00,1.060391,high-ebb
2026-08-12 16:10:00,1.0462873,high-ebb
2026-08-12 16:20:00,1.0237043,high-ebb
2026-08-12 16:30:00,0.9927498,high-ebb
2026-08-12 16:40:00,0.95359135,high-ebb
2026-08-12 16:50:00,0.9064567,high-ebb
2026-08-12 17:00:00,0.85163563,high-ebb
2026-08-12 17:10:00,0.78948057,high-ebb
2026-08-12 17:20:00,0.7204074,high-ebb
2026-08-12 17:30:00,0.6448962,high-ebb
2026-08-12 17:40:00,0.5634902,high-ebb
2026-08-12 17:50:00,0.476795,high-ebb
2026-08-12 18:00:00,0.38547558,high-ebb
2026-08-12 18:10:00,0.29025257,high-ebb
2026-08-12 18:20:00,0.19189668,high-ebb
2026-08-12 18:30:00,0.09122166,high-ebb
2026-08-12 18:40:00,-0.010923947,low-ebb
2026-08-12 18:50:00,-0.11366659,low-ebb
2026-08-12 19:00:00,-0.21611829,low-ebb
2026-08-12 19:10:00,-0.31738797,low-ebb
2026-08-12 19:20:00,-0.4165929,low-ebb
2026-08-12 19:30:00,-0.5128702,low-ebb
2026-08-12 19:40:00,-0.6053875,low-ebb
2026-08-12 19:50:00,-0.693353,low-ebb
2026-08-12 20:00:00,-0.77602386,low-ebb
2026-08-12 20:10:00,-0.8527139,low-ebb
2026-08-12 20:20:00,-0.9227987,low-ebb
2026-08-12 20:30:00,-0.9857206,low-ebb
2026-08-12 20:40:00,-1.0409907,low-ebb
2026-08-12 20:50:00,-1.0881907,low-ebb
2026-08-12 21:00:00,-1.1269735,low-ebb
2026-08-12 21:10:00,-1.1570623,low-ebb
2026-08-12 21:20:00,-1.1782503,low-ebb
2026-08-12 21:30:00,-1.1903988,low-ebb
2026-08-12 21:40:00,-1.1934361,low-ebb
2026-08-12 21:50:00,-1.1873565,low-flow
2026-08-12 22:00:00,-1.1722177,low-flow
2026-08-12 22:10:00,-1.1481413,low-flow
2026-08-12 22:20:00,-1.1153094,low-flow
2026-08-12 22:30:00,-1.0739647,low-flow
2026-08-12 22:40:00,-1.0244081,low-flow
2026-08-12 22:50:00,-0.966996,low-flow
2026-08-12 23:00:00,-0.90213853,low-flow
2026-08-12 23:10:00,-0.8302956,low-flow
2026-08-12 23:20:00,-0.75197303,low-flow
2026-08-12 23:30:00,-0.66771823,low-flow
2026-08-12 23:40:00,-0.5781147,low-flow
2026-08-12 23:50:00,-0.48377723,low-flow
2026-08-13 00:00:00,-0.38534573,low-flow
2026-08-13 00:10:00,-0.2834801,low-flow
2026-08-13 00:20:00,-0.17885463,low-flow
2026-08-13 00:30:00,-0.07215306,low-flow
2026-08-13 00:40:00,0.03593576,high-flow
2026-08-13 00:50:00,0.14472182,high-flow
2026-08-13 01:00:00,0.25351718,high-flow
2026-08-13 01:10:00,0.36163867,high-flow
2026-08-13 01:20:00,0.46841004,high-flow
2026-08-13 01:30:00,0.57316405,high-flow
2026-08-13 01:40:00,0.675244,high-flow
2026-08-13 01:50:00,0.7740057,high-flow
2026-08-13 02:00:00,0.86881965,high-flow
2026-08-13 02:10:00,0.9590728,high-flow
2026-08-13 02:20:00,1.0441719,high-flow
2026-08-13 02:30:00,1.1235465,high-flow
2026-08-13 02:40:00,1.1966518,high-flow
2026-08-13 02:50:00,1.2629738,high-flow
2026-08-13 03:00:00,1.3220322,high-flow
2026-08-13 03:10:00,1.3733852,high-flow
2026-08-13 03:20:00,1.4166328,high-flow
2026-08-13 03:30:00,1.4514213,high-flow
2026-08-13 03:40:00,1.4774458,high-flow
2026-08-13 03:50:00,1.4944541,high-flow
2026-08-13 04:00:00,1.5022477,high-flow
2026-08-13 04:10:00,1.5006849,high-flow
2026-08-13 04:20:00,1.4896817,high-ebb
2026-08-13 04:30:00,1.4692135,high-ebb
2026-08-13 04:40:00,1.4393154,high-ebb
2026-08-13 04:50:00,1.4000845,high-ebb
2026-08-13 05:00:00,1.3516792,high-ebb
2026-08-13 05:10:00,1.2943218,high-ebb
2026-08-13 05:20:00,1.2282988,high-ebb
2026-08-13 05:30:00,1.1539619,high-ebb
2026-08-13 05:40:00,1.0717294,high-ebb
2026-08-13 05:50:00,0.9820863,high-ebb
2026-08-13 06:00:00,0.88558394,high-ebb
2026-08-13 06:10:00,0.78283936,high-ebb
2026-08-13 06:20:00,0.67453325,high-ebb
2026-08-13 06:30:00,0.56140614,high-ebb
2026-08-13 06:40:00,0.44425362,high-ebb
2026-08-13 06:50:00,0.32392016,high-ebb
2026-08-13 07:00:00,0.20129085,high-ebb
2026-08-13 07:10:00,0.07728235,high-ebb
2026-08-13 07:20:00,-0.047167674,low-ebb
2026-08-13 07:30:00,-0.17111172,low-ebb
2026-08-13 07:40:00,-0.29360417,low-ebb
2026-08-13 07:50:00,-0.4137131,low-ebb
2026-08-13 08:00:00,-0.5305316,low-ebb
2026-08-13 08:10:00,-0.64318836,low-ebb
2026-08-13 08:20:00,-0.7508574,low-ebb
2026-08-13 08:30:00,-0.8527663,low-ebb
2026-08-13 08:40:00,-0.9482026,low-ebb
2026-08-13 08:50:00,-1.0365195,low-ebb
2026-08-13 09:00:00,-1.1171391,low-ebb
2026-08-13 09:10:00,-1.1895547,low-ebb
2026-08-13 09:20:00,-1.2533325,low-ebb
2026-08-13 09:30:00,-1.3081107,low-ebb
2026-08-13 09:40:00,-1.3536,low-ebb
2026-08-13 09:50:00,-1.389582,low-ebb
2026-08-13 10:00:00,-1.415908,low-ebb
2026-08-13 10:10:00,-1.4324979,low-ebb
2026-08-13 10:20:00,-1.4393387,low-ebb
2026-08-13 10:30:00,-1.4364834,low-flow
2026-08-13 10:40:00,-1.4240497,low-flow
2026-08-13 10:50:00,-1.4022188,low-flow
2026-08-13 11:00:00,-1.3712333,low-flow
2026-08-13 11:10:00,-1.3313961,low-flow
2026-08-13 11:20:00,-1.2830675,low-flow
2026-08-13 11:30:00,-1.2266622,low-flow
2026-08-13 11:40:00,-1.162646,low-flow
2026-08-13 11:50:00,-1.091532,low-flow
2026-08-13 12:00:00,-1.0138747,low-flow
2026-08-13 12:10:00,-0.93026555,low-flow
2026-08-13 12:20:00,-0.8413275,low-flow
2026-08-13 12:30:00,-0.7477091,low-flow
2026-08-13 12:40:00,-0.65007913,low-flow
2026-08-13 12:50:00,-0.5491212,low-flow
2026-08-13 13:00:00,-0.4455291,low-flow
2026-08-13 13:10:00,-0.3400025,low-flow
2026-08-13 13:20:00,-0.2332433,low-flow
2026-08-13 13:30:00,-0.12595241,low-flow
2026-08-13 13:40:00,-0.018827235,low-flow
2026-08-13 13:50:00,0.087440565,high-flow
2026-08-13 14:00:00,0.19216713,high-flow
2026-08-13 14:10:00,0.2946784,high-flow
2026-08-13 14:20:00,0.39431214,high-flow
2026-08-13 14:30:00,0.49042043,high-flow
2026-08-13 14:40:00,0.58237237,high-flow
2026-08-13 14:50:00,0.6695572,high-flow
2026-08-13 15:00:00,0.7513882,high-flow
2026-08-13 15:10:00,0.8273061,high-flow
2026-08-13 15:20:00,0.89678395,high-flow
2026-08-13 15:30:00,0.95933086,high-flow
2026-08-13 15:40:00,1.0144968,high-flow
2026-08-13 15:50:00,1.0618762,high-flow
2026-08-13 16:00:00,1.1011118,high-flow
2026-08-13 16:10:00,1.1318982,high-flow
2026-08-13 16:20:00,1.1539843,high-flow
2026-08-13 16:30:00,1.1671755,high-flow
2026-08-13 16:40:00,1.1713359,high-flow
2026-08-13 16:50:00,1.1663893,high-ebb
2026-08-13 17:00:00,1.1523207,high-ebb
2026-08-13 17:10:00,1.1291767,high-ebb
2026-08-13 17:20:00,1.0970675,high-ebb
2026-08-13 17:30:00,1.0561665,high-ebb
2026-08-13 17:40:00,1.0067127,high-ebb
2026-08-13 17:50:00,0.9490104,high-ebb
2026-08-13 18:00:00,0.8834309,high-ebb
2026-08-13 18:10:00,0.8104126,high-ebb
2026-08-13 18:20:00,0.7304611,high-ebb
2026-08-13 18:30:00,0.64414877,high-ebb
2026-08-13 18:40:00,0.5521126,high-ebb
2026-08-13 18:50:00,0.45505163,high-ebb
2026-08-13 19:00:00,0.35372254,high-ebb
2026-08-13 19:10:00,0.24893387,high-ebb
2026-08-13 19:20:00,0.14153875,high-ebb
2026-08-13 19:30:00,0.03242611,high-ebb
2026-08-13 19:40:00,-0.07748921,low-ebb
2026-08-13 19:50:00,-0.1872775,low-ebb
2026-08-13 20:00:00,-0.2960056,low-ebb
2026-08-13 20:10:00,-0.402749,low-ebb
2026-08-13 20:20:00,-0.5066031,low-ebb
2026-08-13 20:30:00,-0.60669476,low-ebb
2026-08-13 20:40:00,-0.70219195,low-ebb
2026-08-13 20:50:00,-0.7923129,low-ebb
2026-08-13 21:00:00,-0.87633365,low-ebb
2026-08-13 21:10:00,-0.95359385,low-ebb
2026-08-13 21:20:00,-1.023501,low-ebb
2026-08-13 21:30:00,-1.0855335,low-ebb
2026-08-13 21:40:00,-1.1392423,low-ebb
2026-08-13 21:50:00,-1.1842511,low-ebb
2026-08-13 22:00:00,-1.2202562,low-ebb
2026-08-13 22:10:00,-1.2470258,low-ebb
2026-08-13 22:20:00,-1.2643985,low-ebb
2026-08-13 22:30:00,-1.2722819,low-ebb
2026-08-13 22:40:00,-1.2706511,low-ebb
2026-08-13 22:50:00,-1.2595481,low-flow
2026-08-13 23:00:00,-1.2390795,low-flow
2026-08-13 23:10:00,-1.2094154,low-flow
2026-08-13 23:20:00,-1.170789,low-flow
2026-08-13 23:30:00,-1.1234933,low-flow
2026-08-13 23:40:00,-1.06788,low-flow
2026-08-13 23:50:00,-1.0043566,low-flow
2026-08-14 00:00:00,-0.9333832,low-flow
2026-08-14 00:10:00,-0.85546863,low-flow
2026-08-14 00:20:00,-0.7711659,low-flow
2026-08-14 00:30:00,-0.68106735,low-flow
2026-08-14 00:40:00,-0.5857992,low-flow
2026-08-14 00:50:00,-0.48601592,low-flow
2026-08-14 01:00:00,-0.38239473,low-flow
2026-08-14 01:10:00,-0.27563015,low-flow
2026-08-14 01:20:00,-0.16642888,low-flow
2026-08-14 01:30:00,-0.055505242,low-flow
2026-08-14 01:40:00,0.0564229,high-flow
2026-08-14 01:50:00,0.16863762,high-flow
2026-08-14 02:00:00,0.28042385,high-flow
2026-08-14 02:10:00,0.391072,high-flow
2026-08-14 02:20:00,0.49988008,high-flow
2026-08-14 02:30:00,0.6061559,high-flow
2026-08-14 02:40:00,0.70921916,high-flow
2026-08-14 02:50:00,0.808404,high-flow
2026-08-14 03:00:00,0.9030617,high-flow
2026-08-14 03:10:00,0.99256337,high-flow
2026-08-14 03:20:00,1.0763041,high-flow
2026-08-14 03:30:00,1.1537067,high-flow
2026-08-14 03:40:00,1.2242255,high-flow
2026-08-14 03:50:00,1.2873516,high-flow
2026-08-14 04:00:00,1.3426163,high-flow
2026-08-14 04:10:00,1.3895962,high-flow
2026-08-14 04:20:00,1.4279168,high-flow
2026-08-14 04:30:00,1.4572558,high-flow
2026-08-14 04:40:00,1.4773467,high-flow
2026-08-14 04:50:00,1.4879806,high-flow
2026-08-14 05:00:00,1.4890087,high-flow
2026-08-14 05:10:00,1.4803436,high-ebb
2026-08-14 05:20:00,1.4619604,high-ebb
2026-08-14 05:30:00,1.4338977,high-ebb
2026-08-14 05:40:00,1.3962584,high-ebb
2026-08-14 05:50:00,1.3492101,high-ebb
2026-08-14 06:00:00,1.2929868,high-ebb
2026-08-14 06:10:00,1.2278883,high-ebb
2026-08-14 06:20:00,1.1542821,high-ebb
2026-08-14 06:30:00,1.072603,high-ebb
2026-08-14 06:40:00,0.98335403,high-ebb
2026-08-14 06:50:00,0.88710517,high-ebb
2026-08-14 07:00:00,0.78449243,high-ebb
2026-08-14 07:10:00,0.67621547,high-ebb
2026-08-14 07:20:00,0.5630335,high-ebb
2026-08-14 07:30:00,0.44576064,high-ebb
2026-08-14 07:40:00,0.32525885,high-ebb
2026-08-14 07:50:00,0.20243007,high-ebb
2026-08-14 08:00:00,0.078206815,high-ebb
2026-08-14 08:10:00,-0.046458427,low-ebb
2026-08-14 08:20:00,-0.17060445,low-ebb
2026-08-14 08:30:00,-0.2932731,low-ebb
2026-08-14 08:40:00,-0.41352093,low-ebb
2026-08-14 08:50:00,-0.53043073,low-ebb
2026-08-14 09:00:00,-0.64312196,low-ebb
2026-08-14 09:10:00,-0.75076044,low-ebb
2026-08-14 09:20:00,-0.8525663,low-ebb
2026-08-14 09:30:00,-0.9478208,low-ebb
2026-08-14 09:40:00,-1.0358713,low-ebb
2026-08-14 09:50:00,-1.1161349,low-ebb
2026-08-14 10:00:00,-1.1881005,low-ebb
2026-08-14 10:10:00,-1.25133,low-ebb
2026-08-14 10:20:00,-1.3054583,low-ebb
2026-08-14 10:30:00,-1.3501923,low-ebb
2026-08-14 10:40:00,-1.3853104,low-ebb
2026-08-14 10:50:00,-1.4106607,low-ebb
2026-08-14 11:00:00,-1.4261605,low-ebb
2026-08-14 11:10:00,-1.4317935,low-ebb
2026-08-14 11:20:00,-1.4276103,low-flow
2026-08-14 11:30:00,-1.4137263,low-flow
2026-08-14 11:40:00,-1.3903207,low-flow
2026-08-14 11:50:00,-1.3576347,low-flow
2026-08-14 12:00:00,-1.3159708,low-flow
2026-08-14 12:10:00,-1.2656895,low-flow
2026-08-14 12:20:00,-1.2072076,low-flow
2026-08-14 12:30:00,-1.1409937,low-flow
2026-08-14 12:40:00,-1.0675653,low-flow
2026-08-14 12:50:00,-0.9874836,low-flow
2026-08-14 13:00:00,-0.90134865,low-flow
2026-08-14 13:10:00,-0.8097937,low-flow
2026-08-14 13:20:00,-0.71348006,low-flow
2026-08-14 13:30:00,-0.6130912,low-flow
2026-08-14 13:40:00,-0.5093276,low-flow
2026-08-14 13:50:00,-0.402902,low-flow
2026-08-14 14:00:00,-0.29453474,low-flow
2026-08-14 14:10:00,-0.18495001,low-flow
2026-08-14 14:20:00,-0.07487238,low-flow
2026-08-14 14:30:00,0.03497605,high-flow
2026-08-14 14:40:00,0.14387828,high-flow
2026-08-14 14:50:00,0.2511248,high-flow
2026-08-14 15:00:00,0.35601592,high-flow
2026-08-14 15:10:00,0.45786437,high-flow
2026-08-14 15:20:00,0.5559981,high-flow
2026-08-14 15:30:00,0.64976335,high-flow
2026-08-14 15:40:00,0.73852825,high-flow
2026-08-14 15:50:00,0.82168704,high-flow
2026-08-14 16:00:00,0.898664,high-flow
2026-08-14 16:10:00,0.9689182,high-flow
2026-08-14 16:20:00,1.0319482,high-flow
2026-08-14 16:30:00,1.0872964,high-flow
2026-08-14 16:40:00,1.134553,high-flow
2026-08-14 16:50:00,1.1733602,high-flow
2026-08-14 17:00:00,1.2034158,high-flow
2026-08-14 17:10:00,1.2244745,high-flow
2026-08-14 17:20:00,1.2363522,high-flow
2026-08-14 17:30:00,1.2389255,high-flow
2026-08-14 17:40:00,1.2321339,high-ebb
2026-08-14 17:50:00,1.2159808,high-ebb
2026-08-14 18:00:00,1.1905335,high-ebb
2026-08-14 18:10:00,1.1559242,high-ebb
2026-08-14 18:20:00,1.11235,high-ebb
2026-08-14 18:30:00,1.0600736,high-ebb
2026-08-14 18:40:00,0.999424,high-ebb
2026-08-14 18:50:00,0.93079644,high-ebb
2026-08-14 19:00:00,0.85465276,high-ebb
2026-08-14 19:10:00,0.7715208,high-ebb
2026-08-14 19:20:00,0.68199337,high-ebb
2026-08-14 19:30:00,0.5867263,high-ebb
2026-08-14 19:40:00,0.48643526,high-ebb
2026-08-14 19:50:00,0.3818912,high-ebb
2026-08-14 20:00:00,0.2739145,high-ebb
2026-08-14 20:10:00,0.16336763,high-ebb
2026-08-14 20:20:00,0.051146526,high-ebb
2026-08-14 20:30:00,-0.0618294,low-ebb
2026-08-14 20:40:00,-0.17462799,low-ebb
2026-08-14 20:50:00,-0.28631577,low-ebb
2026-08-14 21:00:00,-0.39596945,low-ebb
2026-08-14 21:10:00,-0.50268734,low-ebb
2026-08-14 21:20:00,-0.60560024,low-ebb
2026-08-14 21:30:00,-0.7038809,low-ebb
2026-08-14 21:40:00,-0.79675317,low-ebb
2026-08-14 21:50:00,-0.8834985,low-ebb
2026-08-14 22:00:00,-0.96346194,low-ebb
2026-08-14 22:10:00,-1.0360563,low-ebb
2026-08-14 22:20:00,-1.100764,low-ebb
2026-08-14 22:30:00,-1.1571397,low-ebb
2026-08-14 22:40:00,-1.204809,low-ebb
2026-08-14 22:50:00,-1.2434692,low-ebb
2026-08-14 23:00:00,-1.2728878,low-ebb
2026-08-14 23:10:00,-1.2929009,low-ebb
2026-08-14 23:20:00,-1.3034122,low-ebb
2026-08-14 23:30:00,-1.3043916,low-ebb
2026-08-14 23:40:00,-1.2958738,low-flow
2026-08-14 23:50:00,-1.277957,low-flow
2026-08-15 00:00:00,-1.2508023,low-flow
2026-08-15 00:10:00,-1.2146322,low-flow
2026-08-15 00:20:00,-1.1697289,low-flow
2026-08-15 00:30:00,-1.1164331,low-flow
2026-08-15 00:40:00,-1.0551417,low-flow
2026-08-15 00:50:00,-0.9863043,low-flow
2026-08-15 01:00:00,-0.9104202,low-flow
2026-08-15 01:10:00,-0.8280342,low-flow
2026-08-15 01:20:00,-0.7397321,low-flow
2026-08-15 01:30:00,-0.6461349,low-flow
2026-08-15 01:40:00,-0.54789424,low-flow
2026-08-15 01:50:00,-0.4456863,low-flow
2026-08-15 02:00:00,-0.34020668,low-flow
2026-08-15 02:10:00,-0.23216534,low-flow
2026-08-15 02:20:00,-0.122281685,low-flow
2026-08-15 02:30:00,-0.011280536,low-flow
2026-08-15 02:40:00,0.100111715,high-flow
2026-08-15 02:50:00,0.21117032,high-flow
2026-08-15 03:00:00,0.321175,high-flow
2026-08-15 03:10:00,0.42941278,high-flow
2026-08-15 03:20:00,0.53518015,high-flow
2026-08-15 03:30:00,0.6377861,high-flow
2026-08-15 03:40:00,0.73655444,high-flow
2026-08-15 03:50:00,0.83082753,high-flow
2026-08-15 04:00:00,0.91996914,high-flow
2026-08-15 04:10:00,1.0033689,high-flow
2026-08-15 04:20:00,1.080446,high-flow
2026-08-15 04:30:00,1.1506546,high-flow
2026-08-15 04:40:00,1.2134874,high-flow
2026-08-15 04:50:00,1.2684807,high-flow
2026-08-15 05:00:00,1.3152188,high-flow
2026-08-15 05:10:00,1.3533379,high-flow
2026-08-15 05:20:00,1.3825293,high-flow
2026-08-15 05:30:00,1.4025426,high-flow
2026-08-15 05:40:00,1.4131876,high-flow
2026-08-15 05:50:00,1.414336,high-flow
2026-08-15 06:00:00,1.4059224,high-ebb
2026-08-15 06:10:00,1.3879454,high-ebb
2026-08-15 06:20:00,1.3604674,high-ebb
2026-08-15 06:30:00,1.3236148,high-ebb
2026-08-15 06:40:00,1.2775788,high-ebb
2026-08-15 06:50:00,1.2226148,high-ebb
2026-08-15 07:00:00,1.1590427,high-ebb
2026-08-15 07:10:00,1.0872471,high-ebb
2026-08-15 07:20:00,1.0076777,high-ebb
2026-08-15 07:30:00,0.9208479,high-ebb
2026-08-15 07:40:00,0.82733476,high-ebb
2026-08-15 07:50:00,0.727777,high-ebb
2026-08-15 08:00:00,0.6228724,high-ebb
2026-08-15 08:10:00,0.51337403,high-ebb
2026-08-15 08:20:00,0.40008503,high-ebb
2026-08-15 08:30:00,0.28385213,high-ebb
2026-08-15 08:40:00,0.16555783,high-ebb
2026-08-15 08:50:00,0.046111155,high-ebb
2026-08-15 09:00:00,-0.07356235,low-ebb
2026-08-15 09:10:00,-0.19253153,low-ebb
2026-08-15 09:20:00,-0.30987084,low-ebb
2026-08-15 09:30:00,-0.42467153,low-ebb
2026-08-15 09:40:00,-0.5360525,low-ebb
2026-08-15 09:50:00,-0.64317024,low-ebb
2026-08-15 10:00:00,-0.74522775,low-ebb
2026-08-15 10:10:00,-0.84148204,low-ebb
2026-08-15 10:20:00,-0.9312503,low-ebb
2026-08-15 10:30:00,-1.0139143,low-ebb
2026-08-15 10:40:00,-1.088924,low-ebb
2026-08-15 10:50:00,-1.1557983,low-ebb
2026-08-15 11:00:00,-1.2141266,low-ebb
2026-08-15 11:10:00,-1.2635678,low-ebb
2026-08-15 11:20:00,-1.3038499,low-ebb
2026-08-15 11:30:00,-1.334769,low-ebb
2026-08-15 11:40:00,-1.356187,low-ebb
2026-08-15 11:50:00,-1.368031,low-ebb
2026-08-15 12:00:00,-1.3702925,low-ebb
2026-08-15 12:10:00,-1.3630253,low-flow
2026-08-15 12:20:00,-1.3463454,low-flow
2026-08-15 12:30:00,-1.3204299,low-flow
2026-08-15 12:40:00,-1.285516,low-flow
2026-08-15 12:50:00,-1.2418997,low-flow
2026-08-15 13:00:00,-1.1899341,low-flow
2026-08-15 13:10:00,-1.1300275,low-flow
2026-08-15 13:20:00,-1.0626396,low-flow
2026-08-15 13:30:00,-0.9882791,low-flow
2026-08-15 13:40:00,-0.90749854,low-flow
2026-08-15 13:50:00,-0.8208902,low-flow
2026-08-15 14:00:00,-0.72908074,low-flow
2026-08-15 14:10:00,-0.6327259,low-flow
2026-08-15 14:20:00,-0.532505,low-flow
2026-08-15 14:30:00,-0.4291159,low-flow
2026-08-15 14:40:00,-0.32326975,low-flow
2026-08-15 14:50:00,-0.21568674,low-flow
2026-08-15 15:00:00,-0.10709163,low-flow
2026-08-15 15:10:00,0.0017896201,high-flow
2026-08-15 15:20:00,0.11023329,high-flow
2026-08-15 15:30:00,0.21752083,high-flow
2026-08-15 15:40:00,0.32294163,high-flow
2026-08-15 15:50:00,0.42579597,high-flow
2026-08-15 16:00:00,0.5253978,high-flow
2026-08-15 16:10:00,0.621078,high-flow
2026-08-15 16:20:00,0.7121882,high-flow
2026-08-15 16:30:00,0.7981041,high-flow
2026-08-15 16:40:00,0.8782306,high-flow
2026-08-15 16:50:00,0.95200545,high-flow
2026-08-15 17:00:00,1.0189046,high-flow
2026-08-15 17:10:00,1.0784465,high-flow
2026-08-15 17:20:00,1.1301968,high-flow
2026-08-15 17:30:00,1.1737722,high-flow
2026-08-15 17:40:00,1.2088442,high-flow
2026-08-15 17:50:00,1.2351421,high-flow
2026-08-15 18:00:00,1.2524552,high-flow
2026-08-15 18:10:00,1.2606345,high-flow
2026-08-15 18:20:00,1.2595937,high-flow
2026-08-15 18:30:00,1.2493098,high-ebb
2026-08-15 18:40:00,1.229823,high-ebb
2026-08-15 18:50:00,1.2012366,high-ebb
2026-08-15 19:00:00,1.1637172,high-ebb
2026-08-15 19:10:00,1.1174936,high-ebb
2026-08-15 19:20:00,1.0628573,high-ebb
2026-08-15 19:30:00,1.0001618,high-ebb
2026-08-15 19:40:00,0.9298224,high-ebb
2026-08-15 19:50:00,0.8523159,high-ebb
2026-08-15 20:00:00,0.7681796,high-ebb
2026-08-15 20:10:00,0.67801,high-ebb
2026-08-15 20:20:00,0.5824604,high-ebb
2026-08-15 20:30:00,0.48223802,high-ebb
2026-08-15 20:40:00,0.3780993,high-ebb
2026-08-15 20:50:00,0.27084425,high-ebb
2026-08-15 21:00:00,0.16130964,high-ebb
2026-08-15 21:10:00,0.05036054,high-ebb
2026-08-15 21:20:00,-0.06111886,low-ebb
2026-08-15 21:30:00,-0.17223546,low-ebb
2026-08-15 21:40:00,-0.2820979,low-ebb
2026-08-15 21:50:00,-0.38982737,low-ebb
2026-08-15 22:00:00,-0.4945682,low-ebb
2026-08-15 22:10:00,-0.5954977,low-ebb
2026-08-15 22:20:00,-0.6918355,low-ebb
2026-08-15 22:30:00,-0.7828509,low-ebb
2026-08-15 22:40:00,-0.8678694,low-ebb
2026-08-15 22:50:00,-0.94627774,low-ebb
2026-08-15 23:00:00,-1.0175271,low-ebb
2026-08-15 23:10:00,-1.0811352,low-ebb
2026-08-15 23:20:00,-1.1366872,low-ebb
2026-08-15 23:30:00,-1.1838353,low-ebb
2026-08-15 23:40:00,-1.2222984,low-ebb
2026-08-15 23:50:00,-1.2518604,low-ebb
2026-08-16 00:00:00,-1.2723689,low-ebb
2026-08-16 00:10:00,-1.2837343,low-ebb
2026-08-16 00:20:00,-1.2859277,low-ebb
2026-08-16 00:30:00,-1.2789806,low-flow
2026-08-16 00:40:00,-1.262984,low-flow
2026-08-16 00:50:00,-1.2380873,low-flow
2026-08-16 01:00:00,-1.2044979,low-flow
2026-08-16 01:10:00,-1.1624807,low-flow
2026-08-16 01:20:00,-1.112356,low-flow
2026-08-16 01:30:00,-1.0544984,low-flow
2026-08-16 01:40:00,-0.9893349,low-flow
2026-08-16 01:50:00,-0.9173411,low-flow
2026-08-16 02:00:00,-0.83903825,low-flow
2026-08-16 02:10:00,-0.7549887,low-flow
2026-08-16 02:20:00,-0.66579115,low-flow
2026-08-16 02:30:00,-0.5720758,low-flow
2026-08-16 02:40:00,-0.47449893,low-flow
2026-08-16 02:50:00,-0.37373754,low-flow
2026-08-16 03:00:00,-0.27048445,low-flow
2026-08-16 03:10:00,-0.16544326,low-flow
2026-08-16 03:20:00,-0.059324108,low-flow
2026-08-16 03:30:00,0.047160327,high-flow
2026-08-16 03:40:00,0.15329848,high-flow
2026-08-16 03:50:00,0.25838307,high-flow
2026-08-16 04:00:00,0.3617142,high-flow
2026-08-16 04:10:00,0.4626023,high-flow
2026-08-16 04:20:00,0.560371,high-flow
2026-08-16 04:30:00,0.6543606,high-flow
2026-08-16 04:40:00,0.7439314,high-flow
2026-08-16 04:50:00,0.8284675,high-flow
2026-08-16 05:00:00,0.90738106,high-flow
2026-08-16 05:10:00,0.9801167,high-flow
2026-08-16 05:20:00,1.046156,high-flow
2026-08-16 05:30:00,1.1050225,high-flow
2026-08-16 05:40:00,1.1562855,high-flow
2026-08-16 05:50:00,1.1995647,high-flow
2026-08-16 06:00:00,1.2345337,high-flow
2026-08-16 06:10:00,1.2609229,high-flow
2026-08-16 06:20:00,1.2785221,high-flow
2026-08-16 06:30:00,1.2871819,high-flow
2026-08-16 06:40:00,1.2868142,high-flow
2026-08-16 06:50:00,1.2773937,high-ebb
2026-08-16 07:00:00,1.2589566,high-ebb
2026-08-16 07:10:00,1.2316003,high-ebb
2026-08-16 07:20:00,1.1954836,high-ebb
2026-08-16 07:30:00,1.1508248,high-ebb
2026-08-16 07:40:00,1.0979018,high-ebb
2026-08-16 07:50:00,1.0370513,high-ebb
2026-08-16 08:00:00,0.96866834,high-ebb
2026-08-16 08:10:00,0.8932052,high-ebb
2026-08-16 08:20:00,0.8111714,high-ebb
2026-08-16 08:30:00,0.7231318,high-ebb
2026-08-16 08:40:00,0.6297052,high-ebb
2026-08-16 08:50:00,0.5315615,high-ebb
2026-08-16 09:00:00,0.42941836,high-ebb
2026-08-16 09:10:00,0.32403606,high-ebb
2026-08-16 09:20:00,0.21621159,high-ebb
2026-08-16 09:30:00,0.10677147,high-ebb
2026-08-16 09:40:00,-0.0034366879,low-ebb
2026-08-16 09:50:00,-0.11355349,low-ebb
2026-08-16 10:00:00,-0.22271763,low-ebb
2026-08-16 10:10:00,-0.3300762,low-ebb
2026-08-16 10:20:00,-0.43479478,low-ebb
2026-08-16 10:30:00,-0.5360673,low-ebb
2026-08-16 10:40:00,-0.6331249,low-ebb
2026-08-16 10:50:00,-0.7252439,low-ebb
2026-08-16 11:00:00,-0.8117524,low-ebb
2026-08-16 11:10:00,-0.89203537,low-ebb
2026-08-16 11:20:00,-0.96553856,low-ebb
2026-08-16 11:30:00,-1.0317707,low-ebb
2026-08-16 11:40:00,-1.0903046,low-ebb
2026-08-16 11:50:00,-1.1407773,low-ebb
2026-08-16 12:00:00,-1.1828896,low-ebb
2026-08-16 12:10:00,-1.2164046,low-ebb
2026-08-16 12:20:00,-1.2411464,low-ebb
2026-08-16 12:30:00,-1.2569993,low-ebb
2026-08-16 12:40:00,-1.2639055,low-ebb
2026-08-16 12:50:00,-1.2618655,low-ebb
2026-08-16 13:00:00,-1.2509362,low-flow
2026-08-16 13:10:00,-1.2312313,low-flow
2026-08-16 13:20:00,-1.2029209,low-flow
2026-08-16 13:30:00,-1.1662302,low-flow
2026-08-16 13:40:00,-1.1214403,low-flow
2026-08-16 13:50:00,-1.0688858,low-flow
2026-08-16 14:00:00,-1.008954,low-flow
2026-08-16 14:10:00,-0.9420829,low-flow
2026-08-16 14:20:00,-0.86875707,low-flow
2026-08-16 14:30:00,-0.7895053,low-flow
2026-08-16 14:40:00,-0.70489556,low-flow
2026-08-16 14:50:00,-0.6155306,low-flow
2026-08-16 15:00:00,-0.52204263,low-flow
2026-08-16 15:10:00,-0.42508832,low-flow
2026-08-16 15:20:00,-0.32534343,low-flow
2026-08-16 15:30:00,-0.2234979,low-flow
2026-08-16 15:40:00,-0.120251,low-flow
2026-08-16 15:50:00,-0.016307114,low-flow
2026-08-16 16:00:00,0.08762832,high-flow
2026-08-16 16:10:00,0.19085237,high-flow
2026-08-16 16:20:00,0.29266807,high-flow
2026-08-16 16:30:00,0.39238748,high-flow
2026-08-16 16:40:00,0.48933512,high-flow
2026-08-16 16:50:00,0.5828511,high-flow
2026-08-16 17:00:00,0.6722948,high-flow
2026-08-16 17:10:00,0.7570487,high-flow
2026-08-16 17:20:00,0.83652246,high-flow
2026-08-16 17:30:00,0.9101573,high-flow
2026-08-16 17:40:00,0.97743076,high-flow
2026-08-16 17:50:00,1.0378612,high-flow
2026-08-16 18:00:00,1.091012,high-flow
2026-08-16 18:10:00,1.1364965,high-flow
2026-08-16 18:20:00,1.1739807,high-flow
2026-08-16 18:30:00,1.2031872,high-flow
2026-08-16 18:40:00,1.2238971,high-flow
2026-08-16 18:50:00,1.2359517,high-flow
2026-08-16 19:00:00,1.2392535,high-flow
2026-08-16 19:10:00,1.2337662,high-ebb
2026-08-16 19:20:00,1.2195144,high-ebb
2026-08-16 19:30:00,1.1965827,high-ebb
2026-08-16 19:40:00,1.1651148,high-ebb
2026-08-16 19:50:00,1.1253121,high-ebb
2026-08-16 20:00:00,1.0774328,high-ebb
2026-08-16 20:10:00,1.0217905,high-ebb
2026-08-16 20:20:00,0.9587539,high-ebb
2026-08-16 20:30:00,0.8887451,high-ebb
2026-08-16 20:40:00,0.8122395,high-ebb
2026-08-16 20:50:00,0.72976416,high-ebb
2026-08-16 21:00:00,0.6418964,high-ebb
2026-08-16 21:10:00,0.5492618,high-ebb
2026-08-16 21:20:00,0.45253107,high-ebb
2026-08-16 21:30:00,0.35241616,high-ebb
2026-08-16 21:40:00,0.24966504,high-ebb
2026-08-16 21:50:00,0.14505555,high-ebb
2026-08-16 22:00:00,0.03938788,high-ebb
2026-08-16 22:10:00,-0.06652364,low-ebb
2026-08-16 22:20:00,-0.17185976,low-ebb
2026-08-16 22:30:00,-0.2758057,low-ebb
2026-08-16 22:40:00,-0.37756106,low-ebb
2026-08-16 22:50:00,-0.47634888,low-ebb
2026-08-16 23:00:00,-0.57142466,low-ebb
2026-08-16 23:10:00,-0.6620842,low-ebb
2026-08-16 23:20:00,-0.7476703,low-ebb
2026-08-16 23:30:00,-0.82757795,low-ebb
2026-08-16 23:40:00,-0.9012587,low-ebb
2026-08-16 23:50:00,-0.9682229,low-ebb
2026-08-17 00:00:00,-1.0280411,low-ebb
2026-08-17 00:10:00,-1.0803447,low-ebb
2026-08-17 00:20:00,-1.1248248,low-ebb
2026-08-17 00:30:00,-1.1612315,low-ebb
2026-08-17 00:40:00,-1.1893725,low-ebb
2026-08-17 00:50:00,-1.2091119,low-ebb
2026-08-17 01:00:00,-1.2203685,low-ebb
2026-08-17 01:10:00,-1.223115,low-ebb
2026-08-17 01:20:00,-1.2173778,low-flow
2026-08-17 01:30:00,-1.203236,low-flow
2026-08-17 01:40:00,-1.1808221,low-flow
2026-08-17 01:50:00,-1.1503211,low-flow
2026-08-17 02:00:00,-1.1119713,low-flow
2026-08-17 02:10:00,-1.0660626,low-flow
2026-08-17 02:20:00,-1.012937,low-flow
2026-08-17 02:30:00,-0.9529858,low-flow
2026-08-17 02:40:00,-0.8866484,low-flow
2026-08-17 02:50:00,-0.8144083,low-flow
2026-08-17 03:00:00,-0.7367901,low-flow
2026-08-17 03:10:00,-0.65435517,low-flow
2026-08-17 03:20:00,-0.56769633,low-flow
2026-08-17 03:30:00,-0.47743356,low-flow
2026-08-17 03:40:00,-0.3842083,low-flow
2026-08-17 03:50:00,-0.28867856,low-flow
2026-08-17 04:00:00,-0.19151406,low-flow
2026-08-17 04:10:00,-0.09339151,low-flow
2026-08-17 04:20:00,0.005009525,high-flow
2026-08-17 04:30:00,0.10301056,high-flow
2026-08-17 04:40:00,0.19993778,high-flow
2026-08-17 04:50:00,0.29512542,high-flow
2026-08-17 05:00:00,0.38791916,high-flow
2026-08-17 05:10:00,0.47767934,high-flow
2026-08-17 05:20:00,0.56378466,high-flow
2026-08-17 05:30:00,0.64563566,high-flow
2026-08-17 05:40:00,0.72265905,high-flow
2026-08-17 05:50:00,0.7943116,high-flow
2026-08-17 06:00:00,0.8600848,high-flow
2026-08-17 06:10:00,0.9195092,high-flow
2026-08-17 06:20:00,0.97215885,high-flow
2026-08-17 06:30:00,1.0176555,high-flow
2026-08-17 06:40:00,1.0556719,high-flow
2026-08-17 06:50:00,1.0859356,high-flow
2026-08-17 07:00:00,1.1082305,high-flow
2026-08-17 07:10:00,1.1223986,high-flow
2026-08-17 07:20:00,1.1283416,high-flow
2026-08-17 07:30:00,1.1260195,high-ebb
2026-08-17 07:40:00,1.1154513,high-ebb
2026-08-17 07:50:00,1.0967133,high-ebb
2026-08-17 08:00:00,1.0699376,high-ebb
2026-08-17 08:10:00,1.0353109,high-ebb
2026-08-17 08:20:00,0.9930724,high-ebb
2026-08-17 08:30:00,0.9435131,high-ebb
2026-08-17 08:40:00,0.88697374,high-ebb
2026-08-17 08:50:00,0.82384425,high-ebb
2026-08-17 09:00:00,0.7545624,high-ebb
2026-08-17 09:10:00,0.67961293,high-ebb
2026-08-17 09:20:00,0.59952646,high-ebb
2026-08-17 09:30:00,0.5148776,high-ebb
2026-08-17 09:40:00,0.4262826,high-ebb
2026-08-17 09:50:00,0.33439645,high-ebb
2026-08-17 10:00:00,0.23990858,high-ebb
2026-08-17 10:10:00,0.14353773,high-ebb
2026-08-17 10:20:00,0.046025623,high-ebb
2026-08-17 10:30:00,-0.051870286,low-ebb
2026-08-17 10:40:00,-0.14938492,low-ebb
2026-08-17 10:50:00,-0.24575427,low-ebb
2026-08-17 11:00:00,-0.34022436,low-ebb
2026-08-17 11:10:00,-0.43206003,low-ebb
2026-08-17 11:20:00,-0.5205536,low-ebb
2026-08-17 11:30:00,-0.6050324,low-ebb
2026-08-17 11:40:00,-0.68486553,low-ebb
2026-08-17 11:50:00,-0.7594696,low-ebb
2026-08-17 12:00:00,-0.8283126,low-ebb
2026-08-17 12:10:00,-0.89091676,low-ebb
2026-08-17 12:20:00,-0.9468607,low-ebb
2026-08-17 12:30:00,-0.9957791,low-ebb
2026-08-17 12:40:00,-1.037363,low-ebb
2026-08-17 12:50:00,-1.0713587,low-ebb
2026-08-17 13:00:00,-1.0975662,low-ebb
2026-08-17 13:10:00,-1.1158383,low-ebb
2026-08-17 13:20:00,-1.1260788,low-ebb
2026-08-17 13:30:00,-1.1282423,low-ebb
2026-08-17 13:40:00,-1.1223327,low-flow
2026-08-17 13:50:00,-1.1084042,low-flow
2026-08-17 14:00:00,-1.0865605,low-flow
2026-08-17 14:10:00,-1.0569556,low-flow
2026-08-17 14:20:00,-1.0197939,low-flow
2026-08-17 14:30:00,-0.9753305,low-flow
2026-08-17 14:40:00,-0.92387074,low-flow
2026-08-17 14:50:00,-0.86576957,low-flow
2026-08-17 15:00:00,-0.80142975,low-flow
2026-08-17 15:10:00,-0.7312998,low-flow
2026-08-17 15:20:00,-0.65587085,low-flow
2026-08-17 15:30:00,-0.5756727,low-flow
2026-08-17 15:40:00,-0.49126962,low-flow
2026-08-17 15:50:00,-0.40325555,low-flow
2026-08-17 16:00:00,-0.31224895,low-flow
2026-08-17 16:10:00,-0.21888761,low-flow
2026-08-17 16:20:00,-0.123823665,low-flow
2026-08-17 16:30:00,-0.027718682,low-flow
2026-08-17 16:40:00,0.06876088,high-flow
2026-08-17 16:50:00,0.16494791,high-flow
2026-08-17 17:00:00,0.2601786,high-flow
2026-08-17 17:10:00,0.35379606,high-flow
2026-08-17 17:20:00,0.445154,high-flow
2026-08-17 17:30:00,0.5336201,high-flow
2026-08-17 17:40:00,0.6185797,high-flow
2026-08-17 17:50:00,0.69943935,high-flow
2026-08-17 18:00:00,0.7756311,high-flow
2026-08-17 18:10:00,0.8466163,high-flow
2026-08-17 18:20:00,0.9118902,high-flow
2026-08-17 18:30:00,0.97098625,high-flow
2026-08-17 18:40:00,1.0234803,high-flow
2026-08-17 18:50:00,1.0689949,high-flow
2026-08-17 19:00:00,1.107203,high-flow
2026-08-17 19:10:00,1.1378306,high-flow
2026-08-17 19:20:00,1.1606599,high-flow
2026-08-17 19:30:00,1.1755301,high-flow
2026-08-17 19:40:00,1.1823388,high-flow
2026-08-17 19:50:00,1.1810415,high-flow
2026-08-17 20:00:00,1.171651,high-ebb
2026-08-17 20:10:00,1.1542363,high-ebb
2026-08-17 20:20:00,1.1289204,high-ebb
2026-08-17 20:30:00,1.0958787,high-ebb
2026-08-17 20:40:00,1.0553368,high-ebb
2026-08-17 20:50:00,1.0075687,high-ebb
2026-08-17 21:00:00,0.9528951,high-ebb
2026-08-17 21:10:00,0.8916818,high-ebb
2026-08-17 21:20:00,0.82433873,high-ebb
2026-08-17 21:30:00,0.7513187,high-ebb
2026-08-17 21:40:00,0.6731164,high-ebb
2026-08-17 21:50:00,0.59026676,high-ebb
2026-08-17 22:00:00,0.50334364,high-ebb
2026-08-17 22:10:00,0.41295692,high-ebb
2026-08-17 22:20:00,0.31974956,high-ebb
2026-08-17 22:30:00,0.22439319,high-ebb
2026-08-17 22:40:00,0.12758292,high-ebb
2026-08-17 22:50:00,0.030031076,high-ebb
2026-08-17 23:00:00,-0.067539915,low-ebb
2026-08-17 23:10:00,-0.16440535,low-ebb
2026-08-17 23:20:00,-0.25984642,low-ebb
2026-08-17 23:30:00,-0.35315862,low-ebb
2026-08-17 23:40:00,-0.44365972,low-ebb
2026-08-17 23:50:00,-0.53069735,low-ebb
2026-08-18 00:00:00,-0.6136557,low-ebb
2026-08-18 00:10:00,-0.6919611,low-ebb
2026-08-18 00:20:00,-0.7650864,low-ebb
2026-08-18 00:30:00,-0.8325541,low-ebb
2026-08-18 00:40:00,-0.8939381,low-ebb
2026-08-18 00:50:00,-0.94886476,low-ebb
2026-08-18 01:00:00,-0.9970124,low-ebb
2026-08-18 01:10:00,-1.0381105,low-ebb
2026-08-18 01:20:00,-1.0719389,low-ebb
2026-08-18 01:30:00,-1.0983258,low-ebb
2026-08-18 01:40:00,-1.1171473,low-ebb
2026-08-18 01:50:00,-1.1283255,low-ebb
2026-08-18 02:00:00,-1.1318289,low-ebb
2026-08-18 02:10:00,-1.1276717,low-flow
2026-08-18 02:20:00,-1.1159142,low-flow
2026-08-18 02:30:00,-1.0966638,low-flow
2026-08-18 02:40:00,-1.070075,low-flow
2026-08-18 02:50:00,-1.0363506,low-flow
2026-08-18 03:00:00,-0.9957417,low-flow
2026-08-18 03:10:00,-0.9485477,low-flow
2026-08-18 03:20:00,-0.8951154,low-flow
2026-08-18 03:30:00,-0.83583736,low-flow
2026-08-18 03:40:00,-0.77114964,low-flow
2026-08-18 03:50:00,-0.70152855,low-flow
2026-08-18 04:00:00,-0.6274868,low-flow
2026-08-18 04:10:00,-0.549569,low-flow
2026-08-18 04:20:00,-0.46834698,low-flow
2026-08-18 04:30:00,-0.38441443,low-flow
2026-08-18 04:40:00,-0.29838216,low-flow
2026-08-18 04:50:00,-0.21087286,low-flow
2026-08-18 05:00:00,-0.12251647,low-flow
2026-08-18 05:10:00,-0.033945736,low-flow
2026-08-18 05:20:00,0.05420796,high-flow
2026-08-18 05:30:00,0.14131844,high-flow
2026-08-18 05:40:00,0.22676843,high-flow
2026-08-18 05:50:00,0.30995303,high-flow
2026-08-18 06:00:00,0.39028335,high-flow
2026-08-18 06:10:00,0.4671901,high-flow
2026-08-18 06:20:00,0.54012734,high-flow
2026-08-18 06:30:00,0.6085765,high-flow
2026-08-18 06:40:00,0.6720506,high-flow
2026-08-18 06:50:00,0.73009825,high-flow
2026-08-18 07:00:00,0.78230786,high-flow
2026-08-18 07:10:00,0.82831174,high-flow
2026-08-18 07:20:00,0.86778957,high-flow
2026-08-18 07:30:00,0.90047145,high-flow
2026-08-18 07:40:00,0.9261403,high-flow
2026-08-18 07:50:00,0.9446335,high-flow
2026-08-18 08:00:00,0.9558435,high-flow
2026-08-18 08:10:00,0.9597181,high-flow
2026-08-18 08:20:00,0.9562592,high-ebb
2026-08-18 08:30:00,0.9455213,high-ebb
2026-08-18 08:40:00,0.92761004,high-ebb
2026-08-18 08:50:00,0.9026793,high-ebb
2026-08-18 09:00:00,0.8709295,high-ebb
2026-08-18 09:10:00,0.8326047,high-ebb
2026-08-18 09:20:00,0.78799117,high-ebb
2026-08-18 09:30:00,0.7374153,high-ebb
2026-08-18 09:40:00,0.68124247,high-ebb
2026-08-18 09:50:00,0.61987567,high-ebb
2026-08-18 10:00:00,0.55375475,high-ebb
2026-08-18 10:10:00,0.48335552,high-ebb
2026-08-18 10:20:00,0.4091881,high-ebb
2026-08-18 10:30:00,0.33179557,high-ebb
2026-08-18 10:40:00,0.2517515,high-ebb
2026-08-18 10:50:00,0.1696568,high-ebb
2026-08-18 11:00:00,0.08613536,high-ebb
2026-08-18 11:10:00,0.0018292263,high-ebb
2026-08-18 11:20:00,-0.08260761,low-ebb
2026-08-18 11:30:00,-0.16651595,low-ebb
2026-08-18 11:40:00,-0.2492387,low-ebb
2026-08-18 11:50:00,-0.33012852,low-ebb
2026-08-18 12:00:00,-0.4085554,low-ebb
2026-08-18 12:10:00,-0.48391372,low-ebb
2026-08-18 12:20:00,-0.5556291,low-ebb
2026-08-18 12:30:00,-0.6231635,low-ebb
2026-08-18 12:40:00,-0.6860205,low-ebb
2026-08-18 12:50:00,-0.74374783,low-ebb
2026-08-18 13:00:00,-0.79594,low-ebb
2026-08-18 13:10:00,-0.84223926,low-ebb
2026-08-18 13:20:00,-0.8823356,low-ebb
2026-08-18 13:30:00,-0.91596615,low-ebb
2026-08-18 13:40:00,-0.94291407,low-ebb
2026-08-18 13:50:00,-0.96300733,low-ebb
2026-08-18 14:00:00,-0.9761174,low-ebb
2026-08-18 14:10:00,-0.9821585,low-ebb
2026-08-18 14:20:00,-0.98108673,low-ebb
2026-08-18 14:30:00,-0.9729004,low-flow
2026-08-18 14:40:00,-0.9576402,low-flow
2026-08-18 14:50:00,-0.93539006,low-flow
2026-08-18 15:00:00,-0.9062783,low-flow
2026-08-18 15:10:00,-0.8704785,low-flow
2026-08-18 15:20:00,-0.8282104,low-flow
2026-08-18 15:30:00,-0.7797405,low-flow
2026-08-18 15:40:00,-0.7253818,low-flow
2026-08-18 15:50:00,-0.6654929,low-flow
2026-08-18 16:00:00,-0.60047644,low-flow
2026-08-18 16:10:00,-0.5307764,low-flow
2026-08-18 16:20:00,-0.4568748,low-flow
2026-08-18 16:30:00,-0.37928763,low-flow
2026-08-18 16:40:00,-0.29856038,low-flow
2026-08-18 16:50:00,-0.21526289,low-flow
2026-08-18 17:00:00,-0.12998447,low-flow
2026-08-18 17:10:00,-0.04332864,low-flow
2026-08-18 17:20:00,0.044091772,high-flow
2026-08-18 17:30:00,0.13165934,high-flow
2026-08-18 17:40:00,0.2187565,high-flow
2026-08-18 17:50:00,0.3047696,high-flow
2026-08-18 18:00:00,0.38909286,high-flow
2026-08-18 18:10:00,0.4711321,high-flow
2026-08-18 18:20:00,0.5503082,high-flow
2026-08-18 18:30:00,0.626061,high-flow
2026-08-18 18:40:00,0.6978529,high-flow
2026-08-18 18:50:00,0.7651727,high-flow
2026-08-18 19:00:00,0.82753974,high-flow
2026-08-18 19:10:00,0.8845079,high-flow
2026-08-18 19:20:00,0.9356695,high-flow
2026-08-18 19:30:00,0.9806595,high-flow
2026-08-18 19:40:00,1.0191588,high-flow
2026-08-18 19:50:00,1.0508976,high-flow
2026-08-18 20:00:00,1.0756576,high-flow
2026-08-18 20:10:00,1.0932734,high-flow
2026-08-18 20:20:00,1.1036342,high-flow
2026-08-18 20:30:00,1.1066828,high-flow
2026-08-18 20:40:00,1.1024152,high-ebb
2026-08-18 20:50:00,1.0908792,high-ebb
2026-08-18 21:00:00,1.0721717,high-ebb
2026-08-18 21:10:00,1.046437,high-ebb
2026-08-18 21:20:00,1.0138633,high-ebb
2026-08-18 21:30:00,0.97468096,high-ebb
2026-08-18 21:40:00,0.9291594,high-ebb
2026-08-18 21:50:00,0.87760556,high-ebb
2026-08-18 22:00:00,0.820362,high-ebb
2026-08-18 22:10:00,0.7578056,high-ebb
2026-08-18 22:20:00,0.69034684,high-ebb
2026-08-18 22:30:00,0.6184287,high-ebb
2026-08-18 22:40:00,0.5425259,high-ebb
2026-08-18 22:50:00,0.46314356,high-ebb
2026-08-18 23:00:00,0.3808158,high-ebb
2026-08-18 23:10:00,0.29610318,high-ebb
2026-08-18 23:20:00,0.20958953,high-ebb
2026-08-18 23:30:00,0.12187785,high-ebb
2026-08-18 23:40:00,0.033585317,high-ebb
2026-08-18 23:50:00,-0.05466264,low-ebb
2026-08-19 00:00:00,-0.14223884,low-ebb
2026-08-19 00:10:00,-0.22852126,low-ebb
2026-08-19 00:20:00,-0.31290016,low-ebb
2026-08-19 00:30:00,-0.39478493,low-ebb
2026-08-19 00:40:00,-0.4736105,low-ebb
2026-08-19 00:50:00,-0.548843,low-ebb
2026-08-19 01:00:00,-0.6199846,low-ebb
2026-08-19 01:10:00,-0.68657696,low-ebb
2026-08-19 01:20:00,-0.7482035,low-ebb
2026-08-19 01:30:00,-0.80449134,low-ebb
2026-08-19 01:40:00,-0.85511106,low-ebb
2026-08-19 01:50:00,-0.89977664,low-ebb
2026-08-19 02:00:00,-0.93824464,low-ebb
2026-08-19 02:10:00,-0.97031265,low-ebb
2026-08-19 02:20:00,-0.99581856,low-ebb
2026-08-19 02:30:00,-1.0146393,low-ebb
2026-08-19 02:40:00,-1.0266901,low-ebb
2026-08-19 02:50:00,-1.0319252,low-ebb
2026-08-19 03:00:00,-1.0303376,low-ebb
2026-08-19 03:10:00,-1.02196,low-flow
2026-08-19 03:20:00,-1.0068667,low-flow
2026-08-19 03:30:00,-0.98517406,low-flow
2026-08-19 03:40:00,-0.95704275,low-flow
2026-08-19 03:50:00,-0.9226782,low-flow
2026-08-19 04:00:00,-0.8823313,low-flow
2026-08-19 04:10:00,-0.8362982,low-flow
2026-08-19 04:20:00,-0.7849193,low-flow
2026-08-19 04:30:00,-0.72857744,low-flow
2026-08-19 04:40:00,-0.667695,low-flow
2026-08-19 04:50:00,-0.6027305,low-flow
2026-08-19 05:00:00,-0.53417444,low-flow
2026-08-19 05:10:00,-0.46254453,low-flow
2026-08-19 05:20:00,-0.3883809,low-flow
2026-08-19 05:30:00,-0.31224075,low-flow
2026-08-19 05:40:00,-0.23469368,low-flow
2026-08-19 05:50:00,-0.15631653,low-flow
2026-08-19 06:00:00,-0.07768908,low-flow
2026-08-19 06:10:00,0.0006103935,high-flow
2026-08-19 06:20:00,0.07800899,high-flow
2026-08-19 06:30:00,0.15394296,high-flow
2026-08-19 06:40:00,0.22786139,high-flow
2026-08-19 06:50:00,0.29922965,high-flow
2026-08-19 07:00:00,0.36753306,high-flow
2026-08-19 07:10:00,0.43228054,high-flow
2026-08-19 07:20:00,0.49300838,high-flow
2026-08-19 07:30:00,0.5492841,high-flow
2026-08-19 07:40:00,0.6007103,high-flow
2026-08-19 07:50:00,0.6469283,high-flow
2026-08-19 08:00:00,0.68762183,high-flow
2026-08-19 08:10:00,0.7225198,high-flow
2026-08-19 08:20:00,0.751399,high-flow
2026-08-19 08:30:00,0.7740854,high-flow
2026-08-19 08:40:00,0.7904558,high-flow
2026-08-19 08:50:00,0.8004373,high-flow
2026-08-19 09:00:00,0.8040064,high-flow
2026-08-19 09:10:00,0.8011881,high-ebb
2026-08-19 09:20:00,0.7920534,high-ebb
2026-08-19 09:30:00,0.77671653,high-ebb
2026-08-19 09:40:00,0.7553326,high-ebb
2026-08-19 09:50:00,0.72809446,high-ebb
2026-08-19 10:00:00,0.69523036,high-ebb
2026-08-19 10:10:00,0.6570016,high-ebb
2026-08-19 10:20:00,0.6137007,high-ebb
2026-08-19 10:30:00,0.56565,high-ebb
2026-08-19 10:40:00,0.5132009,high-ebb
2026-08-19 10:50:00,0.4567332,high-ebb
2026-08-19 11:00:00,0.3966545,high-ebb
2026-08-19 11:10:00,0.33339953,high-ebb
2026-08-19 11:20:00,0.2674295,high-ebb
2026-08-19 11:30:00,0.19923036,high-ebb
2026-08-19 11:40:00,0.12931076,high-ebb
2026-08-19 11:50:00,0.05819893,high-ebb
2026-08-19 12:00:00,-0.01356126,low-ebb
2026-08-19 12:10:00,-0.0854151,low-ebb
2026-08-19 12:20:00,-0.15680267,low-ebb
2026-08-19 12:30:00,-0.22716491,low-ebb
2026-08-19 12:40:00,-0.2959501,low-ebb
2026-08-19 12:50:00,-0.36262044,low-ebb
2026-08-19 13:00:00,-0.42665792,low-ebb
2026-08-19 13:10:00,-0.48757023,low-ebb
2026-08-19 13:20:00,-0.54489547,low-ebb
2026-08-19 13:30:00,-0.598206,low-ebb
2026-08-19 13:40:00,-0.647111,low-ebb
2026-08-19 13:50:00,-0.69125855,low-ebb
2026-08-19 14:00:00,-0.730336,low-ebb
2026-08-19 14:10:00,-0.76407003,low-ebb
2026-08-19 14:20:00,-0.792226,low-ebb
2026-08-19 14:30:00,-0.81460685,low-ebb
2026-08-19 14:40:00,-0.831052,low-ebb
2026-08-19 14:50:00,-0.8414363,low-ebb
2026-08-19 15:00:00,-0.8456698,low-ebb
2026-08-19 15:10:00,-0.84369737,low-flow
2026-08-19 15:20:00,-0.8354991,low-flow
2026-08-19 15:30:00,-0.82109165,low-flow
2026-08-19 15:40:00,-0.80052924,low-flow
2026-08-19 15:50:00,-0.77390575,low-flow
2026-08-19 16:00:00,-0.74135596,low-flow
2026-08-19 16:10:00,-0.70305747,low-flow
2026-08-19 16:20:00,-0.65923154,low-flow
2026-08-19 16:30:00,-0.61014366,low-flow
2026-08-19 16:40:00,-0.556103,low-flow
2026-08-19 16:50:00,-0.49746162,low-flow
2026-08-19 17:00:00,-0.43461183,low-flow
2026-08-19 17:10:00,-0.36798352,low-flow
2026-08-19 17:20:00,-0.2980403,low-flow
2026-08-19 17:30:00,-0.22527507,low-flow
2026-08-19 17:40:00,-0.15020524,low-flow
2026-08-19 17:50:00,-0.07336772,low-flow
2026-08-19 18:00:00,0.0046862164,high-flow
2026-08-19 18:10:00,0.08339589,high-flow
2026-08-19 18:20:00,0.162196,high-flow
2026-08-19 18:30:00,0.24052104,high-flow
2026-08-19 18:40:00,0.31780958,high-flow
2026-08-19 18:50:00,0.39350808,high-flow
2026-08-19 19:00:00,0.46707466,high-flow
2026-08-19 19:10:00,0.5379827,high-flow
2026-08-19 19:20:00,0.60572433,high-flow
2026-08-19 19:30:00,0.669814,high-flow
2026-08-19 19:40:00,0.7297923,high-flow
2026-08-19 19:50:00,0.78522956,high-flow
2026-08-19 20:00:00,0.8357294,high-flow
2026-08-19 20:10:00,0.88093287,high-flow
2026-08-19 20:20:00,0.92052126,high-flow
2026-08-19 20:30:00,0.9542196,high-flow
2026-08-19 20:40:00,0.98179907,high-flow
2026-08-19 20:50:00,1.0030789,high-flow
2026-08-19 21:00:00,1.0179274,high-flow
2026-08-19 21:10:00,1.0262623,high-flow
2026-08-19 21:20:00,1.0280497,high-flow
2026-08-19 21:30:00,1.0233034,high-ebb
2026-08-19 21:40:00,1.0120825,high-ebb
2026-08-19 21:50:00,0.99448836,high-ebb
2026-08-19 22:00:00,0.9706624,high-ebb
2026-08-19 22:10:00,0.9407829,high-ebb
2026-08-19 22:20:00,0.905062,high-ebb
2026-08-19 22:30:00,0.86374354,high-ebb
2026-08-19 22:40:00,0.8171007,high-ebb
2026-08-19 22:50:00,0.7654346,high-ebb
2026-08-19 23:00:00,0.70907336,high-ebb
2026-08-19 23:10:00,0.6483714,high-ebb
2026-08-19 23:20:00,0.583709,high-ebb
2026-08-19 23:30:00,0.5154922,high-ebb
2026-08-19 23:40:00,0.44415233,high-ebb
2026-08-19 23:50:00,0.3701451,high-ebb
2026-08-20 00:00:00,0.2939494,high-ebb
2026-08-20 00:10:00,0.2160647,high-ebb
2026-08-20 00:20:00,0.13700843,high-ebb
2026-08-20 00:30:00,0.057311725,high-ebb
2026-08-20 00:40:00,-0.022485228,low-ebb
2026-08-20 00:50:00,-0.10183869,low-ebb
2026-08-20 01:00:00,-0.1802073,low-ebb
2026-08-20 01:10:00,-0.25705814,low-ebb
2026-08-20 01:20:00,-0.33187282,low-ebb
2026-08-20 01:30:00,-0.40415305,low-ebb
2026-08-20 01:40:00,-0.47342566,low-ebb
2026-08-20 01:50:00,-0.5392467,low-ebb
2026-08-20 02:00:00,-0.60120463,low-ebb
2026-08-20 02:10:00,-0.65892243,low-ebb
2026-08-20 02:20:00,-0.71205884,low-ebb
2026-08-20 02:30:00,-0.76030844,low-ebb
2026-08-20 02:40:00,-0.8034014,low-ebb
2026-08-20 02:50:00,-0.84110284,low-ebb
2026-08-20 03:00:00,-0.8732115,low-ebb
2026-08-20 03:10:00,-0.89955914,low-ebb
2026-08-20 03:20:00,-0.92000985,low-ebb
2026-08-20 03:30:00,-0.93446,low-ebb
2026-08-20 03:40:00,-0.9428384,low-ebb
2026-08-20 03:50:00,-0.9451076,low-ebb
2026-08-20 04:00:00,-0.94126534,low-flow
2026-08-20 04:10:00,-0.9313462,low-flow
2026-08-20 04:20:00,-0.9154237,low-flow
2026-08-20 04:30:00,-0.8936122,low-flow
2026-08-20 04:40:00,-0.86606854,low-flow
2026-08-20 04:50:00,-0.832993,low-flow
2026-08-20 05:00:00,-0.7946295,low-flow
2026-08-20 05:10:00,-0.7512656,low-flow
2026-08-20 05:20:00,-0.70323014,low-flow
2026-08-20 05:30:00,-0.65089166,low-flow
2026-08-20 05:40:00,-0.5946547,low-flow
2026-08-20 05:50:00,-0.53495586,low-flow
2026-08-20 06:00:00,-0.47225952,low-flow
2026-08-20 06:10:00,-0.40705284,low-flow
2026-08-20 06:20:00,-0.33984068,low-flow
2026-08-20 06:30:00,-0.27114078,low-flow
2026-08-20 06:40:00,-0.2014788,low-flow
2026-08-20 06:50:00,-0.13138388,low-flow
2026-08-20 07:00:00,-0.061384354,low-flow
2026-08-20 07:10:00,0.007996246,high-flow
2026-08-20 07:20:00,0.07624285,high-flow
2026-08-20 07:30:00,0.14285237,high-flow
2026-08-20 07:40:00,0.20733714,high-flow
2026-08-20 07:50:00,0.2692283,high-flow
2026-08-20 08:00:00,0.32807934,high-flow
2026-08-20 08:10:00,0.38346934,high-flow
2026-08-20 08:20:00,0.43500677,high-flow
2026-08-20 08:30:00,0.48233286,high-flow
2026-08-20 08:40:00,0.5251248,high-flow
2026-08-20 08:50:00,0.563099,high-flow
2026-08-20 09:00:00,0.5960136,high-flow
2026-08-20 09:10:00,0.6236703,high-flow
2026-08-20 09:20:00,0.6459158,high-flow
2026-08-20 09:30:00,0.66264236,high-flow
2026-08-20 09:40:00,0.67378724,high-flow
2026-08-20 09:50:00,0.6793316,high-flow
2026-08-20 10:00:00,0.6792987,high-flow
2026-08-20 10:10:00,0.67375135,high-ebb
2026-08-20 10:20:00,0.66278917,high-ebb
2026-08-20 10:30:00,0.6465457,high-ebb
2026-08-20 10:40:00,0.6251855,high-ebb
2026-08-20 10:50:00,0.59890145,high-ebb
2026-08-20 11:00:00,0.56791294,high-ebb
2026-08-20 11:10:00,0.5324638,high-ebb
2026-08-20 11:20:00,0.49282166,high-ebb
2026-08-20 11:30:00,0.4492774,high-ebb
2026-08-20 11:40:00,0.4021448,high-ebb
2026-08-20 11:50:00,0.35176083,high-ebb
2026-08-20 12:00:00,0.2984859,high-ebb
2026-08-20 12:10:00,0.2427034,high-ebb
2026-08-20 12:20:00,0.18481937,high-ebb
2026-08-20 12:30:00,0.1252611,high-ebb
2026-08-20 12:40:00,0.06447504,high-ebb
2026-08-20 12:50:00,0.002923807,high-ebb
2026-08-20 13:00:00,-0.058917705,low-ebb
2026-08-20 13:10:00,-0.12056697,low-ebb
2026-08-20 13:20:00,-0.18153912,low-ebb
2026-08-20 13:30:00,-0.24135254,low-ebb
2026-08-20 13:40:00,-0.2995347,low-ebb
2026-08-20 13:50:00,-0.35562757,low-ebb
2026-08-20 14:00:00,-0.40919274,low-ebb
2026-08-20 14:10:00,-0.45981586,low-ebb
2026-08-20 14:20:00,-0.50711006,low-ebb
2026-08-20 14:30:00,-0.55071855,low-ebb
2026-08-20 14:40:00,-0.59031606,low-ebb
2026-08-20 14:50:00,-0.6256097,low-ebb
2026-08-20 15:00:00,-0.656339,low-ebb
2026-08-20 15:10:00,-0.682275,low-ebb
2026-08-20 15:20:00,-0.70321983,low-ebb
2026-08-20 15:30:00,-0.71900576,low-ebb
2026-08-20 15:40:00,-0.72949463,low-ebb
2026-08-20 15:50:00,-0.7345775,low-ebb
2026-08-20 16:00:00,-0.73417515,low-ebb
2026-08-20 16:10:00,-0.7282392,low-flow
2026-08-20 16:20:00,-0.7167532,low-flow
2026-08-20 16:30:00,-0.6997347,low-flow
2026-08-20 16:40:00,-0.67723745,low-flow
2026-08-20 16:50:00,-0.6493537,low-flow
2026-08-20 17:00:00,-0.61621594,low-flow
2026-08-20 17:10:00,-0.57799864,low-flow
2026-08-20 17:20:00,-0.53491896,low-flow
2026-08-20 17:30:00,-0.4872371,low-flow
2026-08-20 17:40:00,-0.4352551,low-flow
2026-08-20 17:50:00,-0.3793153,low-flow
2026-08-20 18:00:00,-0.3197973,low-flow
2026-08-20 18:10:00,-0.25711477,low-flow
2026-08-20 18:20:00,-0.19171086,low-flow
2026-08-20 18:30:00,-0.12405387,low-flow
2026-08-20 18:40:00,-0.054632086,low-flow
2026-08-20 18:50:00,0.016051158,high-flow
2026-08-20 19:00:00,0.087482385,high-flow
2026-08-20 19:10:00,0.1591427,high-flow
2026-08-20 19:20:00,0.23051217,high-flow
2026-08-20 19:30:00,0.301074,high-flow
2026-08-20 19:40:00,0.37031823,high-flow
2026-08-20 19:50:00,0.43774545,high-flow
2026-08-20 20:00:00,0.5028701,high-flow
2026-08-20 20:10:00,0.5652238,high-flow
2026-08-20 20:20:00,0.62435895,high-flow
2026-08-20 20:30:00,0.6798518,high-flow
2026-08-20 20:40:00,0.73130596,high-flow
2026-08-20 20:50:00,0.7783559,high-flow
2026-08-20 21:00:00,0.82067025,high-flow
2026-08-20 21:10:00,0.85795456,high-flow
2026-08-20 21:20:00,0.8899545,high-flow
2026-08-20 21:30:00,0.91645765,high-flow
2026-08-20 21:40:00,0.93729526,high-flow
2026-08-20 21:50:00,0.95234287,high-flow
2026-08-20 22:00:00,0.9615203,high-flow
2026-08-20 22:10:00,0.964791,high-flow
2026-08-20 22:20:00,0.9621602,high-ebb
2026-08-20 22:30:00,0.95367277,high-ebb
2026-08-20 22:40:00,0.9394106,high-ebb
2026-08-20 22:50:00,0.91948974,high-ebb
2026-08-20 23:00:00,0.8940573,high-ebb
2026-08-20 23:10:00,0.863289,high-ebb
2026-08-20 23:20:00,0.82738686,high-ebb
2026-08-20 23:30:00,0.78657717,high-ebb
2026-08-20 23:40:00,0.74110967,high-ebb
2026-08-20 23:50:00,0.69125676,high-ebb
2026-08-21 00:00:00,0.6373134,high-ebb
2026-08-21 00:10:00,0.5795975,high-ebb
2026-08-21 00:20:00,0.5184501,high-ebb
2026-08-21 00:30:00,0.45423594,high-ebb
2026-08-21 00:40:00,0.3873432,high-ebb
2026-08-21 00:50:00,0.3181829,high-ebb
2026-08-21 01:00:00,0.24718751,high-ebb
2026-08-21 01:10:00,0.17480871,high-ebb
2026-08-21 01:20:00,0.10151418,high-ebb
2026-08-21 01:30:00,0.027783599,high-ebb
2026-08-21 01:40:00,-0.045896173,low-ebb
2026-08-21 01:50:00,-0.11903635,low-ebb
2026-08-21 02:00:00,-0.1911518,low-ebb
2026-08-21 02:10:00,-0.2617666,low-ebb
2026-08-21 02:20:00,-0.33041936,low-ebb
2026-08-21 02:30:00,-0.39666772,low-ebb
2026-08-21 02:40:00,-0.46009263,low-ebb
2026-08-21 02:50:00,-0.5203011,low-ebb
2026-08-21 03:00:00,-0.57692856,low-ebb
2026-08-21 03:10:00,-0.62963986,low-ebb
2026-08-21 03:20:00,-0.67813003,low-ebb
2026-08-21 03:30:00,-0.7221238,low-ebb
2026-08-21 03:40:00,-0.76137507,low-ebb
2026-08-21 03:50:00,-0.79566646,low-ebb
2026-08-21 04:00:00,-0.8248087,low-ebb
2026-08-21 04:10:00,-0.8486403,low-ebb
2026-08-21 04:20:00,-0.8670279,low-ebb
2026-08-21 04:30:00,-0.87986696,low-ebb
2026-08-21 04:40:00,-0.8870834,low-ebb
2026-08-21 04:50:00,-0.8886355,low-ebb
2026-08-21 05:00:00,-0.88451594,low-flow
2026-08-21 05:10:00,-0.87475425,low-flow
2026-08-21 05:20:00,-0.8594192,low-flow
2026-08-21 05:30:00,-0.83862096,low-flow
2026-08-21 05:40:00,-0.8125121,low-flow
2026-08-21 05:50:00,-0.7812885,low-flow
2026-08-21 06:00:00,-0.7451892,low-flow
2026-08-21 06:10:00,-0.7044948,low-flow
2026-08-21 06:20:00,-0.6595259,low-flow
2026-08-21 06:30:00,-0.61063945,low-flow
2026-08-21 06:40:00,-0.55822545,low-flow
2026-08-21 06:50:00,-0.50270236,low-flow
2026-08-21 07:00:00,-0.44451228,low-flow
2026-08-21 07:10:00,-0.38411632,low-flow
2026-08-21 07:20:00,-0.32198963,low-flow
2026-08-21 07:30:00,-0.2586165,low-flow
2026-08-21 07:40:00,-0.19448622,low-flow
2026-08-21 07:50:00,-0.13008863,low-flow
2026-08-21 08:00:00,-0.06591056,low-flow
2026-08-21 08:10:00,-0.0024321452,low-flow
2026-08-21 08:20:00,0.059876483,high-flow
2026-08-21 08:30:00,0.1205584,high-flow
2026-08-21 08:40:00,0.17917308,high-flow
2026-08-21 08:50:00,0.23529956,high-flow
2026-08-21 09:00:00,0.28853965,high-flow
2026-08-21 09:10:00,0.33852124,high-flow
2026-08-21 09:20:00,0.38490146,high-flow
2026-08-21 09:30:00,0.42736968,high-flow
2026-08-21 09:40:00,0.46565038,high-flow
2026-08-21 09:50:00,0.49950546,high-flow
2026-08-21 10:00:00,0.528736,high-flow
2026-08-21 10:10:00,0.5531834,high-flow
2026-08-21 10:20:00,0.57272965,high-flow
2026-08-21 10:30:00,0.58729714,high-flow
2026-08-21 10:40:00,0.59684706,high-flow
2026-08-21 10:50:00,0.6013779,high-flow
2026-08-21 11:00:00,0.6009228,high-flow
2026-08-21 11:10:00,0.59554714,high-ebb
2026-08-21 11:20:00,0.5853456,high-ebb
2026-08-21 11:30:00,0.57043976,high-ebb
2026-08-21 11:40:00,0.55097544,high-ebb
2026-08-21 11:50:00,0.5271213,high-ebb
2026-08-21 12:00:00,0.4990675,high-ebb
2026-08-21 12:10:00,0.4670251,high-ebb
2026-08-21 12:20:00,0.43122628,high-ebb
2026-08-21 12:30:00,0.39192453,high-ebb
2026-08-21 12:40:00,0.34939554,high-ebb
2026-08-21 12:50:00,0.30393794,high-ebb
2026-08-21 13:00:00,0.25587383,high-ebb
2026-08-21 13:10:00,0.20554882,high-ebb
2026-08-21 13:20:00,0.15333141,high-ebb
2026-08-21 13:30:00,0.09961161,high-ebb
2026-08-21 13:40:00,0.04479844,high-ebb
2026-08-21 13:50:00,-0.010683274,low-ebb
2026-08-21 14:00:00,-0.066397086,low-ebb
2026-08-21 14:10:00,-0.121899724,low-ebb
2026-08-21 14:20:00,-0.17674638,low-ebb
2026-08-21 14:30:00,-0.23049614,low-ebb
2026-08-21 14:40:00,-0.2827173,low-ebb
2026-08-21 14:50:00,-0.33299226,low-ebb
2026-08-21 15:00:00,-0.380922,low-ebb
2026-08-21 15:10:00,-0.42612943,low-ebb
2026-08-21 15:20:00,-0.46826226,low-ebb
2026-08-21 15:30:00,-0.5069944,low-ebb
2026-08-21 15:40:00,-0.54202735,low-ebb
2026-08-21 15:50:00,-0.57308984,low-ebb
2026-08-21 16:00:00,-0.59993815,low-ebb
2026-08-21 16:10:00,-0.6223552,low-ebb
2026-08-21 16:20:00,-0.6401504,low-ebb
2026-08-21 16:30:00,-0.6531592,low-ebb
2026-08-21 16:40:00,-0.66124314,low-ebb
2026-08-21 16:50:00,-0.6642909,low-ebb
2026-08-21 17:00:00,-0.6622193,low-flow
2026-08-21 17:10:00,-0.6549751,low-flow
2026-08-21 17:20:00,-0.64253765,low-flow
2026-08-21 17:30:00,-0.62492067,low-flow
2026-08-21 17:40:00,-0.6021754,low-flow
2026-08-21 17:50:00,-0.5743926,low-flow
2026-08-21 18:00:00,-0.5417044,low-flow
2026-08-21 18:10:00,-0.5042856,low-flow
2026-08-21 18:20:00,-0.4623536,low-flow
2026-08-21 18:30:00,-0.41616824,low-flow
2026-08-21 18:40:00,-0.36602998,low-flow
2026-08-21 18:50:00,-0.31227717,low-flow
2026-08-21 19:00:00,-0.25528294,low-flow
2026-08-21 19:10:00,-0.19545098,low-flow
2026-08-21 19:20:00,-0.13321108,low-flow
2026-08-21 19:30:00,-0.06901428,low-flow
2026-08-21 19:40:00,-0.0033280102,low-flow
2026-08-21 19:50:00,0.06336874,high-flow
2026-08-21 20:00:00,0.13058995,high-flow
2026-08-21 20:10:00,0.19784687,high-flow
2026-08-21 20:20:00,0.26465198,high-flow
2026-08-21 20:30:00,0.33052257,high-flow
2026-08-21 20:40:00,0.39498416,high-flow
2026-08-21 20:50:00,0.45757377,high-flow
2026-08-21 21:00:00,0.517843,high-flow
2026-08-21 21:10:00,0.5753611,high-flow
2026-08-21 21:20:00,0.6297181,high-flow
2026-08-21 21:30:00,0.6805283,high-flow
2026-08-21 21:40:00,0.7274329,high-flow
2026-08-21 21:50:00,0.77010375,high-flow
2026-08-21 22:00:00,0.80824554,high-flow
2026-08-21 22:10:00,0.84159905,high-flow
2026-08-21 22:20:00,0.8699428,high-flow
2026-08-21 22:30:00,0.89309454,high-flow
2026-08-21 22:40:00,0.9109124,high-flow
2026-08-21 22:50:00,0.9232945,high-flow
2026-08-21 23:00:00,0.93017834,high-flow
2026-08-21 23:10:00,0.9315394,high-flow
2026-08-21 23:20:00,0.927389,high-ebb
2026-08-21 23:30:00,0.9177721,high-ebb
2026-08-21 23:40:00,0.9027644,high-ebb
2026-08-21 23:50:00,0.8824701,high-ebb
2026-08-22 00:00:00,0.85701925,high-ebb
2026-08-22 00:10:00,0.8265662,high-ebb
2026-08-22 00:20:00,0.7912882,high-ebb
2026-08-22 00:30:00,0.7513844,high-ebb
2026-08-22 00:40:00,0.7070762,high-ebb
2026-08-22 00:50:00,0.6586075,high-ebb
2026-08-22 01:00:00,0.60624546,high-ebb
2026-08-22 01:10:00,0.55028147,high-ebb
2026-08-22 01:20:00,0.491032,high-ebb
2026-08-22 01:30:00,0.42883915,high-ebb
2026-08-22 01:40:00,0.36407042,high-ebb
2026-08-22 01:50:00,0.29711783,high-ebb
2026-08-22 02:00:00,0.22839616,high-ebb
2026-08-22 02:10:00,0.15834016,high-ebb
2026-08-22 02:20:00,0.08740074,high-ebb
2026-08-22 02:30:00,0.016040627,high-ebb
2026-08-22 02:40:00,-0.055270836,low-ebb
2026-08-22 02:50:00,-0.1260631,low-ebb
2026-08-22 03:00:00,-0.19586991,low-ebb
2026-08-22 03:10:00,-0.26423463,low-ebb
2026-08-22 03:20:00,-0.330715,low-ebb
2026-08-22 03:30:00,-0.39488736,low-ebb
2026-08-22 03:40:00,-0.45634973,low-ebb
2026-08-22 03:50:00,-0.51472443,low-ebb
2026-08-22 04:00:00,-0.5696595,low-ebb
2026-08-22 04:10:00,-0.62082934,low-ebb
2026-08-22 04:20:00,-0.667935,low-ebb
2026-08-22 04:30:00,-0.7107041,low-ebb
2026-08-22 04:40:00,-0.74889016,low-ebb
2026-08-22 04:50:00,-0.78227276,low-ebb
2026-08-22 05:00:00,-0.8106573,low-ebb
2026-08-22 05:10:00,-0.83387583,low-ebb
2026-08-22 05:20:00,-0.851788,low-ebb
2026-08-22 05:30:00,-0.86428285,low-ebb
2026-08-22 05:40:00,-0.87128085,low-ebb
2026-08-22 05:50:00,-0.8727366,low-ebb
2026-08-22 06:00:00,-0.8686411,low-flow
2026-08-22 06:10:00,-0.85902464,low-flow
2026-08-22 06:20:00,-0.8439588,low-flow
2026-08-22 06:30:00,-0.8235581,low-flow
2026-08-22 06:40:00,-0.79798067,low-flow
2026-08-22 06:50:00,-0.76742846,low-flow
2026-08-22 07:00:00,-0.73214597,low-flow
2026-08-22 07:10:00,-0.6924184,low-flow
2026-08-22 07:20:00,-0.6485687,low-flow
2026-08-22 07:30:00,-0.60095364,low-flow
2026-08-22 07:40:00,-0.54996026,low-flow
2026-08-22 07:50:00,-0.49600047,low-flow
2026-08-22 08:00:00,-0.4395069,low-flow
2026-08-22 08:10:00,-0.38092786,low-flow
2026-08-22 08:20:00,-0.32072285,low-flow
2026-08-22 08:30:00,-0.25935817,low-flow
2026-08-22 08:40:00,-0.19730306,low-flow
2026-08-22 08:50:00,-0.135026,low-flow
2026-08-22 09:00:00,-0.07299131,low-flow
2026-08-22 09:10:00,-0.011656117,low-flow
2026-08-22 09:20:00,0.048532773,high-flow
2026-08-22 09:30:00,0.1071418,high-flow
2026-08-22 09:40:00,0.16375364,high-flow
2026-08-22 09:50:00,0.21797027,high-flow
2026-08-22 10:00:00,0.26941603,high-flow
2026-08-22 10:10:00,0.31774074,high-flow
2026-08-22 10:20:00,0.36262256,high-flow
2026-08-22 10:30:00,0.40377086,high-flow
2026-08-22 10:40:00,0.4409285,high-flow
2026-08-22 10:50:00,0.47387362,high-flow
2026-08-22 11:00:00,0.502421,high-flow
2026-08-22 11:10:00,0.5264225,high-flow
2026-08-22 11:20:00,0.5457667,high-flow
2026-08-22 11:30:00,0.56037825,high-flow
2026-08-22 11:40:00,0.570216,high-flow
2026-08-22 11:50:00,0.57527125,high-flow
2026-08-22 12:00:00,0.57556534,high-flow
2026-08-22 12:10:00,0.5711474,high-ebb
2026-08-22 12:20:00,0.56209207,high-ebb
2026-08-22 12:30:00,0.5484978,high-ebb
2026-08-22 12:40:00,0.5304854,high-ebb
2026-08-22 12:50:00,0.50819755,high-ebb
2026-08-22 13:00:00,0.4817985,high-ebb
2026-08-22 13:10:00,0.4514748,high-ebb
2026-08-22 13:20:00,0.41743597,high-ebb
2026-08-22 13:30:00,0.379916,high-ebb
2026-08-22 13:40:00,0.33917436,high-ebb
2026-08-22 13:50:00,0.29549694,high-ebb
2026-08-22 14:00:00,0.24919663,high-ebb
2026-08-22 14:10:00,0.20061289,high-ebb
2026-08-22 14:20:00,0.15011072,high-ebb
2026-08-22 14:30:00,0.09807842,high-ebb
2026-08-22 14:40:00,0.04492454,high-ebb
2026-08-22 14:50:00,-0.008926244,low-ebb
2026-08-22 15:00:00,-0.06303784,low-ebb
2026-08-22 15:10:00,-0.11696809,low-ebb
2026-08-22 15:20:00,-0.17027426,low-ebb
2026-08-22 15:30:00,-0.22251861,low-ebb
2026-08-22 15:40:00,-0.27327347,low-ebb
2026-08-22 15:50:00,-0.32212597,low-ebb
2026-08-22 16:00:00,-0.36868182,low-ebb
2026-08-22 16:10:00,-0.4125682,low-ebb
2026-08-22 16:20:00,-0.45343614,low-ebb
2026-08-22 16:30:00,-0.49096146,low-ebb
2026-08-22 16:40:00,-0.52484566,low-ebb
2026-08-22 16:50:00,-0.5548159,low-ebb
2026-08-22 17:00:00,-0.5806248,low-ebb
2026-08-22 17:10:00,-0.60205036,low-ebb
2026-08-22 17:20:00,-0.6188959,low-ebb
2026-08-22 17:30:00,-0.6309905,low-ebb
2026-08-22 17:40:00,-0.63819003,low-ebb
2026-08-22 17:50:00,-0.6403785,low-ebb
2026-08-22 18:00:00,-0.63747,low-flow
2026-08-22 18:10:00,-0.62941116,low-flow
2026-08-22 18:20:00,-0.6161838,low-flow
2026-08-22 18:30:00,-0.5978075,low-flow
2026-08-22 18:40:00,-0.57434195,low-flow
2026-08-22 18:50:00,-0.545889,low-flow
2026-08-22 19:00:00,-0.5125938,low-flow
2026-08-22 19:10:00,-0.47464526,low-flow
2026-08-22 19:20:00,-0.43227547,low-flow
2026-08-22 19:30:00,-0.38575822,low-flow
2026-08-22 19:40:00,-0.33540648,low-flow
2026-08-22 19:50:00,-0.2815692,low-flow
2026-08-22 20:00:00,-0.2246273,low-flow
2026-08-22 20:10:00,-0.16498916,low-flow
2026-08-22 20:20:00,-0.10308611,low-flow
2026-08-22 20:30:00,-0.0393675,low-flow
2026-08-22 20:40:00,0.025703859,high-flow
2026-08-22 20:50:00,0.091656186,high-flow
2026-08-22 21:00:00,0.1580128,high-flow
2026-08-22 21:10:00,0.22429599,high-flow
2026-08-22 21:20:00,0.29003033,high-flow
2026-08-22 21:30:00,0.35474604,high-flow
2026-08-22 21:40:00,0.41798192,high-flow
2026-08-22 21:50:00,0.4792884,high-flow
2026-08-22 22:00:00,0.5382304,high-flow
2026-08-22 22:10:00,0.5943905,high-flow
2026-08-22 22:20:00,0.6473718,high-flow
2026-08-22 22:30:00,0.6968012,high-flow
2026-08-22 22:40:00,0.7423323,high-flow
2026-08-22 22:50:00,0.7836486,high-flow
2026-08-22 23:00:00,0.820466,high-flow
2026-08-22 23:10:00,0.8525349,high-flow
2026-08-22 23:20:00,0.879642,high-flow
2026-08-22 23:30:00,0.90161157,high-flow
2026-08-22 23:40:00,0.9183051,high-flow
2026-08-22 23:50:00,0.92962176,high-flow
2026-08-23 00:00:00,0.93549657,high-flow
2026-08-23 00:10:00,0.9358994,high-flow
2026-08-23 00:20:00,0.93083256,high-ebb
2026-08-23 00:30:00,0.920329,high-ebb
2026-08-23 00:40:00,0.90445,high-ebb
2026-08-23 00:50:00,0.8832837,high-ebb
2026-08-23 01:00:00,0.856943,high-ebb
2026-08-23 01:10:00,0.8255657,high-ebb
2026-08-23 01:20:00,0.7893133,high-ebb
2026-08-23 01:30:00,0.74837196,high-ebb
2026-08-23 01:40:00,0.70295316,high-ebb
2026-08-23 01:50:00,0.6532948,high-ebb
2026-08-23 02:00:00,0.5996626,high-ebb
2026-08-23 02:10:00,0.5423512,high-ebb
2026-08-23 02:20:00,0.4816847,high-ebb
2026-08-23 02:30:00,0.41801706,high-ebb
2026-08-23 02:40:00,0.3517311,high-ebb
2026-08-23 02:50:00,0.28323677,high-ebb
2026-08-23 03:00:00,0.21296845,high-ebb
2026-08-23 03:10:00,0.14138117,high-ebb
2026-08-23 03:20:00,0.06894598,high-ebb
2026-08-23 03:30:00,-0.0038553758,low-ebb
2026-08-23 03:40:00,-0.076536104,low-ebb
2026-08-23 03:50:00,-0.1486102,low-ebb
2026-08-23 04:00:00,-0.21959811,low-ebb
2026-08-23 04:10:00,-0.2890319,low-ebb
2026-08-23 04:20:00,-0.35645977,low-ebb
2026-08-23 04:30:00,-0.42144987,low-ebb
2026-08-23 04:40:00,-0.48359308,low-ebb
2026-08-23 04:50:00,-0.5425048,low-ebb
2026-08-23 05:00:00,-0.5978263,low-ebb
2026-08-23 05:10:00,-0.64922523,low-ebb
2026-08-23 05:20:00,-0.6963957,low-ebb
2026-08-23 05:30:00,-0.7390582,low-ebb
2026-08-23 05:40:00,-0.7769597,low-ebb
2026-08-23 05:50:00,-0.80987394,low-ebb
2026-08-23 06:00:00,-0.8376022,low-ebb
2026-08-23 06:10:00,-0.85997427,low-ebb
2026-08-23 06:20:00,-0.87685066,low-ebb
2026-08-23 06:30:00,-0.8881244,low-ebb
2026-08-23 06:40:00,-0.89372385,low-ebb
2026-08-23 06:50:00,-0.893615,low-ebb
2026-08-23 07:00:00,-0.8878044,low-flow
2026-08-23 07:10:00,-0.8763411,low-flow
2026-08-23 07:20:00,-0.85931826,low-flow
2026-08-23 07:30:00,-0.8368741,low-flow
2026-08-23 07:40:00,-0.80919176,low-flow
2026-08-23 07:50:00,-0.7764982,low-flow
2026-08-23 08:00:00,-0.7390624,low-flow
2026-08-23 08:10:00,-0.6971925,low-flow
2026-08-23 08:20:00,-0.65123206,low-flow
2026-08-23 08:30:00,-0.6015559,low-flow
2026-08-23 08:40:00,-0.54856586,low-flow
2026-08-23 08:50:00,-0.49268577,low-flow
2026-08-23 09:00:00,-0.4343571,low-flow
2026-08-23 09:10:00,-0.37403437,low-flow
2026-08-23 09:20:00,-0.31218097,low-flow
2026-08-23 09:30:00,-0.24926539,low-flow
2026-08-23 09:40:00,-0.18575767,low-flow
2026-08-23 09:50:00,-0.122126274,low-flow
2026-08-23 10:00:00,-0.058835022,low-flow
2026-08-23 10:10:00,0.0036597655,high-flow
2026-08-23 10:20:00,0.0649121,high-flow
2026-08-23 10:30:00,0.124489255,high-flow
2026-08-23 10:40:00,0.1819747,high-flow
2026-08-23 10:50:00,0.23697121,high-flow
2026-08-23 11:00:00,0.28910393,high-flow
2026-08-23 11:10:00,0.33802345,high-flow
2026-08-23 11:20:00,0.38340867,high-flow
2026-08-23 11:30:00,0.4249693,high-flow
2026-08-23 11:40:00,0.46244803,high-flow
2026-08-23 11:50:00,0.4956221,high-flow
2026-08-23 12:00:00,0.5243041,high-flow
2026-08-23 12:10:00,0.54834205,high-flow
2026-08-23 12:20:00,0.5676193,high-flow
2026-08-23 12:30:00,0.58205307,high-flow
2026-08-23 12:40:00,0.5915931,high-flow
2026-08-23 12:50:00,0.59621984,high-flow
2026-08-23 13:00:00,0.5959428,high-flow
2026-08-23 13:10:00,0.5907986,high-ebb
2026-08-23 13:20:00,0.5808498,high-ebb
2026-08-23 13:30:00,0.56618416,high-ebb
2026-08-23 13:40:00,0.5469139,high-ebb
2026-08-23 13:50:00,0.5231766,high-ebb
2026-08-23 14:00:00,0.49513552,high-ebb
2026-08-23 14:10:00,0.4629812,high-ebb
2026-08-23 14:20:00,0.42693263,high-ebb
2026-08-23 14:30:00,0.38723883,high-ebb
2026-08-23 14:40:00,0.3441797,high-ebb
2026-08-23 14:50:00,0.29806668,high-ebb
2026-08-23 15:00:00,0.2492424,high-ebb
2026-08-23 15:10:00,0.1980795,high-ebb
2026-08-23 15:20:00,0.14497827,high-ebb
2026-08-23 15:30:00,0.09036332,high-ebb
2026-08-23 15:40:00,0.03467936,high-ebb
2026-08-23 15:50:00,-0.02161401,low-ebb
2026-08-23 16:00:00,-0.078047924,low-ebb
2026-08-23 16:10:00,-0.13415022,low-ebb
2026-08-23 16:20:00,-0.18945146,low-ebb
2026-08-23 16:30:00,-0.24349047,low-ebb
2026-08-23 16:40:00,-0.29581964,low-ebb
2026-08-23 16:50:00,-0.34600905,low-ebb
2026-08-23 17:00:00,-0.3936501,low-ebb
2026-08-23 17:10:00,-0.4383581,low-ebb
2026-08-23 17:20:00,-0.47977388,low-ebb
2026-08-23 17:30:00,-0.5175648,low-ebb
2026-08-23 17:40:00,-0.55142516,low-ebb
2026-08-23 17:50:00,-0.58107644,low-ebb
2026-08-23 18:00:00,-0.6062672,low-ebb
2026-08-23 18:10:00,-0.62677324,low-ebb
2026-08-23 18:20:00,-0.64239824,low-ebb
2026-08-23 18:30:00,-0.65297455,low-ebb
2026-08-23 18:40:00,-0.6583648,low-ebb
2026-08-23 18:50:00,-0.6584636,low-ebb
2026-08-23 19:00:00,-0.65320027,low-flow
2026-08-23 19:10:00,-0.6425409,low-flow
2026-08-23 19:20:00,-0.62649107,low-flow
2026-08-23 19:30:00,-0.60509825,low-flow
2026-08-23 19:40:00,-0.57845354,low-flow
2026-08-23 19:50:00,-0.5466927,low-flow
2026-08-23 20:00:00,-0.50999665,low-flow
2026-08-23 20:10:00,-0.46859077,low-flow
2026-08-23 20:20:00,-0.42274338,low-flow
2026-08-23 20:30:00,-0.37276325,low-flow
2026-08-23 20:40:00,-0.3189963,low-flow
2026-08-23 20:50:00,-0.2618217,low-flow
2026-08-23 21:00:00,-0.20164742,low-flow
2026-08-23 21:10:00,-0.13890563,low-flow
2026-08-23 21:20:00,-0.07404808,low-flow
2026-08-23 21:30:00,-0.007541401,low-flow
2026-08-23 21:40:00,0.060137093,high-flow
2026-08-23 21:50:00,0.12850347,high-flow
2026-08-23 22:00:00,0.19707079,high-flow
2026-08-23 22:10:00,0.2653525,high-flow
2026-08-23 22:20:00,0.33286542,high-flow
2026-08-23 22:30:00,0.39913276,high-flow
2026-08-23 22:40:00,0.46368694,high-flow
2026-08-23 22:50:00,0.52607244,high-flow
2026-08-23 23:00:00,0.5858489,high-flow
2026-08-23 23:10:00,0.6425941,high-flow
2026-08-23 23:20:00,0.69590706,high-flow
2026-08-23 23:30:00,0.74541146,high-flow
2026-08-23 23:40:00,0.79075843,high-flow
2026-08-23 23:50:00,0.83162975,high-flow
2026-08-24 00:00:00,0.8677403,high-flow
2026-08-24 00:10:00,0.8988397,high-flow
2026-08-24 00:20:00,0.9247144,high-flow
2026-08-24 00:30:00,0.94518805,high-flow
2026-08-24 00:40:00,0.96012145,high-flow
2026-08-24 00:50:00,0.96941245,high-flow
2026-08-24 01:00:00,0.9729945,high-flow
2026-08-24 01:10:00,0.97083527,high-ebb
2026-08-24 01:20:00,0.9629353,high-ebb
2026-08-24 01:30:00,0.94932616,high-ebb
2026-08-24 01:40:00,0.93006897,high-ebb
2026-08-24 01:50:00,0.90525377,high-ebb
2026-08-24 02:00:00,0.8749987,high-ebb
2026-08-24 02:10:00,0.8394503,high-ebb
2026-08-24 02:20:00,0.79878396,high-ebb
2026-08-24 02:30:00,0.7532051,high-ebb
2026-08-24 02:40:00,0.70295024,high-ebb
2026-08-24 02:50:00,0.6482885,high-ebb
2026-08-24 03:00:00,0.58952266,high-ebb
2026-08-24 03:10:00,0.52698994,high-ebb
2026-08-24 03:20:00,0.46106157,high-ebb
2026-08-24 03:30:00,0.39214218,high-ebb
2026-08-24 03:40:00,0.3206676,high-ebb
2026-08-24 03:50:00,0.24710175,high-ebb
2026-08-24 04:00:00,0.17193249,high-ebb
2026-08-24 04:10:00,0.095666535,high-ebb
2026-08-24 04:20:00,0.018823678,high-ebb
2026-08-24 04:30:00,-0.05806944,low-ebb
2026-08-24 04:40:00,-0.13448574,low-ebb
2026-08-24 04:50:00,-0.2099039,low-ebb
2026-08-24 05:00:00,-0.28381413,low-ebb
2026-08-24 05:10:00,-0.3557233,low-ebb
2026-08-24 05:20:00,-0.4251592,low-ebb
2026-08-24 05:30:00,-0.49167377,low-ebb
2026-08-24 05:40:00,-0.55484563,low-ebb
2026-08-24 05:50:00,-0.6142815,low-ebb
2026-08-24 06:00:00,-0.669617,low-ebb
2026-08-24 06:10:00,-0.7205174,low-ebb
2026-08-24 06:20:00,-0.7666771,low-ebb
2026-08-24 06:30:00,-0.80782044,low-ebb
2026-08-24 06:40:00,-0.8437014,low-ebb
2026-08-24 06:50:00,-0.87410486,low-ebb
2026-08-24 07:00:00,-0.89884716,low-ebb
2026-08-24 07:10:00,-0.91777813,low-ebb
2026-08-24 07:20:00,-0.930783,low-ebb
2026-08-24 07:30:00,-0.9377845,low-ebb
2026-08-24 07:40:00,-0.9387457,low-ebb
2026-08-24 07:50:00,-0.9336719,low-flow
2026-08-24 08:00:00,-0.9226129,low-flow
2026-08-24 08:10:00,-0.90566427,low-flow
2026-08-24 08:20:00,-0.88296795,low-flow
2026-08-24 08:30:00,-0.8547121,low-flow
2026-08-24 08:40:00,-0.82113016,low-flow
2026-08-24 08:50:00,-0.7824983,low-flow
2026-08-24 09:00:00,-0.739133,low-flow
2026-08-24 09:10:00,-0.691387,low-flow
2026-08-24 09:20:00,-0.6396455,low-flow
2026-08-24 09:30:00,-0.58432144,low-flow
2026-08-24 09:40:00,-0.5258509,low-flow
2026-08-24 09:50:00,-0.46468854,low-flow
2026-08-24 10:00:00,-0.40130332,low-flow
2026-08-24 10:10:00,-0.33617425,low-flow
2026-08-24 10:20:00,-0.2697868,low-flow
2026-08-24 10:30:00,-0.2026295,low-flow
2026-08-24 10:40:00,-0.13519078,low-flow
2026-08-24 10:50:00,-0.06795611,low-flow
2026-08-24 11:00:00,-0.0014052229,low-flow
2026-08-24 11:10:00,0.063990735,high-flow
2026-08-24 11:20:00,0.12777203,high-flow
2026-08-24 11:30:00,0.18949342,high-flow
2026-08-24 11:40:00,0.24872717,high-flow
2026-08-24 11:50:00,0.30506647,high-flow
2026-08-24 12:00:00,0.35812846,high-flow
2026-08-24 12:10:00,0.40755752,high-flow
2026-08-24 12:20:00,0.4530281,high-flow
2026-08-24 12:30:00,0.4942472,high-flow
2026-08-24 12:40:00,0.53095615,high-flow
2026-08-24 12:50:00,0.5629324,high-flow
2026-08-24 13:00:00,0.5899895,high-flow
2026-08-24 13:10:00,0.611978,high-flow
2026-08-24 13:20:00,0.6287841,high-flow
2026-08-24 13:30:00,0.6403293,high-flow
2026-08-24 13:40:00,0.6465686,high-flow
2026-08-24 13:50:00,0.6474896,high-flow
2026-08-24 14:00:00,0.64311093,high-ebb
2026-08-24 14:10:00,0.6334814,high-ebb
2026-08-24 14:20:00,0.61867934,high-ebb
2026-08-24 14:30:00,0.5988128,high-ebb
2026-08-24 14:40:00,0.5740198,high-ebb
2026-08-24 14:50:00,0.5444692,high-ebb
2026-08-24 15:00:00,0.5103623,high-ebb
2026-08-24 15:10:00,0.4719338,high-ebb
2026-08-24 15:20:00,0.4294533,high-ebb
2026-08-24 15:30:00,0.383226,high-ebb
2026-08-24 15:40:00,0.33359304,high-ebb
2026-08-24 15:50:00,0.28093076,high-ebb
2026-08-24 16:00:00,0.22564916,high-ebb
2026-08-24 16:10:00,0.16818911,high-ebb
2026-08-24 16:20:00,0.10901843,high-ebb
2026-08-24 16:30:00,0.04862707,high-ebb
2026-08-24 16:40:00,-0.012478584,low-ebb
2026-08-24 16:50:00,-0.07378208,low-ebb
2026-08-24 17:00:00,-0.13476348,low-ebb
2026-08-24 17:10:00,-0.19490597,low-ebb
2026-08-24 17:20:00,-0.2537022,low-ebb
2026-08-24 17:30:00,-0.31065992,low-ebb
2026-08-24 17:40:00,-0.36530697,low-ebb
2026-08-24 17:50:00,-0.41719535,low-ebb
2026-08-24 18:00:00,-0.46590406,low-ebb
2026-08-24 18:10:00,-0.5110413,low-ebb
2026-08-24 18:20:00,-0.55224574,low-ebb
2026-08-24 18:30:00,-0.58918715,low-ebb
2026-08-24 18:40:00,-0.6215666,low-ebb
2026-08-24 18:50:00,-0.64911646,low-ebb
2026-08-24 19:00:00,-0.67160076,low-ebb
2026-08-24 19:10:00,-0.6888153,low-ebb
2026-08-24 19:20:00,-0.7005884,low-ebb
2026-08-24 19:30:00,-0.7067823,low-ebb
2026-08-24 19:40:00,-0.70729464,low-ebb
2026-08-24 19:50:00,-0.7020605,low-flow
2026-08-24 20:00:00,-0.6910546,low-flow
2026-08-24 20:10:00,-0.6742934,low-flow
2026-08-24 20:20:00,-0.65183717,low-flow
2026-08-24 20:30:00,-0.62379134,low-flow
2026-08-24 20:40:00,-0.59030765,low-flow
2026-08-24 20:50:00,-0.5515838,low-flow
2026-08-24 21:00:00,-0.50786316,low-flow
2026-08-24 21:10:00,-0.45943248,low-flow
2026-08-24 21:20:00,-0.40661958,low-flow
2026-08-24 21:30:00,-0.34978995,low-flow
2026-08-24 21:40:00,-0.2893426,low-flow
2026-08-24 21:50:00,-0.22570583,low-flow
2026-08-24 22:00:00,-0.15933245,low-flow
2026-08-24 22:10:00,-0.090695225,low-flow
2026-08-24 22:20:00,-0.020282248,low-flow
2026-08-24 22:30:00,0.05140718,high-flow
2026-08-24 22:40:00,0.123866536,high-flow
2026-08-24 22:50:00,0.19658561,high-flow
2026-08-24 23:00:00,0.26905376,high-flow
2026-08-24 23:10:00,0.34076285,high-flow
2026-08-24 23:20:00,0.4112102,high-flow
2026-08-24 23:30:00,0.47990134,high-flow
2026-08-24 23:40:00,0.5463529,high-flow
2026-08-24 23:50:00,0.6100956,high-flow
2026-08-25 00:00:00,0.6706774,high-flow
2026-08-25 00:10:00,0.727667,high-flow
2026-08-25 00:20:00,0.78065675,high-flow
2026-08-25 00:30:00,0.82926655,high-flow
2026-08-25 00:40:00,0.8731468,high-flow
2026-08-25 00:50:00,0.91198105,high-flow
2026-08-25 01:00:00,0.94548905,high-flow
2026-08-25 01:10:00,0.973428,high-flow
2026-08-25 01:20:00,0.9955942,high-flow
2026-08-25 01:30:00,1.0118235,high-flow
2026-08-25 01:40:00,1.0219914,high-flow
2026-08-25 01:50:00,1.0260121,high-flow
2026-08-25 02:00:00,1.0238379,high-ebb
2026-08-25 02:10:00,1.0154581,high-ebb
2026-08-25 02:20:00,1.0008972,high-ebb
2026-08-25 02:30:00,0.98021454,high-ebb
2026-08-25 02:40:00,0.9535031,high-ebb
2026-08-25 02:50:00,0.92088914,high-ebb
2026-08-25 03:00:00,0.88253284,high-ebb
2026-08-25 03:10:00,0.83862835,high-ebb
2026-08-25 03:20:00,0.789405,high-ebb
2026-08-25 03:30:00,0.7351284,high-ebb
2026-08-25 03:40:00,0.6761014,high-ebb
2026-08-25 03:50:00,0.6126651,high-ebb
2026-08-25 04:00:00,0.5451988,high-ebb
2026-08-25 04:10:00,0.47411963,high-ebb
2026-08-25 04:20:00,0.39988104,high-ebb
2026-08-25 04:30:00,0.32297006,high-ebb
2026-08-25 04:40:00,0.2439037,high-ebb
2026-08-25 04:50:00,0.16322397,high-ebb
2026-08-25 05:00:00,0.08149216,high-ebb
2026-08-25 05:10:00,-0.0007176028,low-ebb
2026-08-25 05:20:00,-0.08282543,low-ebb
2026-08-25 05:30:00,-0.16425267,low-ebb
2026-08-25 05:40:00,-0.24442884,low-ebb
2026-08-25 05:50:00,-0.3227981,low-ebb
2026-08-25 06:00:00,-0.39882484,low-ebb
2026-08-25 06:10:00,-0.47199854,low-ebb
2026-08-25 06:20:00,-0.5418375,low-ebb
2026-08-25 06:30:00,-0.6078917,low-ebb
2026-08-25 06:40:00,-0.66974425,low-ebb
2026-08-25 06:50:00,-0.7270129,low-ebb
2026-08-25 07:00:00,-0.7793499,low-ebb
2026-08-25 07:10:00,-0.8264428,low-ebb
2026-08-25 07:20:00,-0.8680136,low-ebb
2026-08-25 07:30:00,-0.9038195,low-ebb
2026-08-25 07:40:00,-0.9336528,low-ebb
2026-08-25 07:50:00,-0.9573421,low-ebb
2026-08-25 08:00:00,-0.97475296,low-ebb
2026-08-25 08:10:00,-0.98579,low-ebb
2026-08-25 08:20:00,-0.99039847,low-ebb
2026-08-25 08:30:00,-0.98856616,low-flow
2026-08-25 08:40:00,-0.9803254,low-flow
2026-08-25 08:50:00,-0.9657545,low-flow
2026-08-25 09:00:00,-0.9449788,low-flow
2026-08-25 09:10:00,-0.9181708,low-flow
2026-08-25 09:20:00,-0.8855499,low-flow
2026-08-25 09:30:00,-0.8473809,low-flow
2026-08-25 09:40:00,-0.80397135,low-flow
2026-08-25 09:50:00,-0.75566906,low-flow
2026-08-25 10:00:00,-0.7028579,low-flow
2026-08-25 10:10:00,-0.6459538,low-flow
2026-08-25 10:20:00,-0.58539987,low-flow
2026-08-25 10:30:00,-0.5216622,low-flow
2026-08-25 10:40:00,-0.45522505,low-flow
2026-08-25 10:50:00,-0.3865866,low-flow
2026-08-25 11:00:00,-0.31625497,low-flow
2026-08-25 11:10:00,-0.2447445,low-flow
2026-08-25 11:20:00,-0.17257246,low-flow
2026-08-25 11:30:00,-0.10025613,low-flow
2026-08-25 11:40:00,-0.028309861,low-flow
2026-08-25 11:50:00,0.042757623,high-flow
2026-08-25 12:00:00,0.11244605,high-flow
2026-08-25 12:10:00,0.18026647,high-flow
2026-08-25 12:20:00,0.24574438,high-flow
2026-08-25 12:30:00,0.30842295,high-flow
2026-08-25 12:40:00,0.3678665,high-flow
2026-08-25 12:50:00,0.42366382,high-flow
2026-08-25 13:00:00,0.47543192,high-flow
2026-08-25 13:10:00,0.52281886,high-flow
2026-08-25 13:20:00,0.56550694,high-flow
2026-08-25 13:30:00,0.60321486,high-flow
2026-08-25 13:40:00,0.6356998,high-flow
2026-08-25 13:50:00,0.66275823,high-flow
2026-08-25 14:00:00,0.68422675,high-flow
2026-08-25 14:10:00,0.69998187,high-flow
2026-08-25 14:20:00,0.7099394,high-flow
2026-08-25 14:30:00,0.7140538,high-flow
2026-08-25 14:40:00,0.7123167,high-ebb
2026-08-25 14:50:00,0.7047563,high-ebb
2026-08-25 15:00:00,0.6914365,high-ebb
2026-08-25 15:10:00,0.6724562,high-ebb
2026-08-25 15:20:00,0.6479496,high-ebb
2026-08-25 15:30:00,0.61808616,high-ebb
2026-08-25 15:40:00,0.58307177,high-ebb
2026-08-25 15:50:00,0.54314935,high-ebb
2026-08-25 16:00:00,0.4986001,high-ebb
2026-08-25 16:10:00,0.4497441,high-ebb
2026-08-25 16:20:00,0.39694074,high-ebb
2026-08-25 16:30:00,0.3405883,high-ebb
2026-08-25 16:40:00,0.28112277,high-ebb
2026-08-25 16:50:00,0.21901533,high-ebb
2026-08-25 17:00:00,0.15476902,high-ebb
2026-08-25 17:10:00,0.088913985,high-ebb
2026-08-25 17:20:00,0.022001931,high-ebb
2026-08-25 17:30:00,-0.045400485,low-ebb
2026-08-25 17:40:00,-0.11271868,low-ebb
2026-08-25 17:50:00,-0.17937754,low-ebb
2026-08-25 18:00:00,-0.24480875,low-ebb
2026-08-25 18:10:00,-0.30845776,low-ebb
2026-08-25 18:20:00,-0.36979008,low-ebb
2026-08-25 18:30:00,-0.42829677,low-ebb
2026-08-25 18:40:00,-0.48349878,low-ebb
2026-08-25 18:50:00,-0.53495044,low-ebb
2026-08-25 19:00:00,-0.58224154,low-ebb
2026-08-25 19:10:00,-0.6249989,low-ebb
2026-08-25 19:20:00,-0.662887,low-ebb
2026-08-25 19:30:00,-0.6956078,low-ebb
2026-08-25 19:40:00,-0.7229008,low-ebb
2026-08-25 19:50:00,-0.7445429,low-ebb
2026-08-25 20:00:00,-0.7603481,low-ebb
2026-08-25 20:10:00,-0.77016777,low-ebb
2026-08-25 20:20:00,-0.77389175,low-ebb
2026-08-25 20:30:00,-0.7714488,low-flow
2026-08-25 20:40:00,-0.76280826,low-flow
2026-08-25 20:50:00,-0.7479819,low-flow
2026-08-25 21:00:00,-0.727025,low-flow
2026-08-25 21:10:00,-0.70003814,low-flow
2026-08-25 21:20:00,-0.6671681,low-flow
2026-08-25 21:30:00,-0.6286081,low-flow
2026-08-25 21:40:00,-0.58459777,low-flow
2026-08-25 21:50:00,-0.5354218,low-flow
2026-08-25 22:00:00,-0.48140767,low-flow
2026-08-25 22:10:00,-0.42292327,low-flow
2026-08-25 22:20:00,-0.360373,low-flow
2026-08-25 22:30:00,-0.2941937,low-flow
2026-08-25 22:40:00,-0.22485036,low-flow
2026-08-25 22:50:00,-0.15283115,low-flow
2026-08-25 23:00:00,-0.078643024,low-flow
2026-08-25 23:10:00,-0.0028071697,low-flow
2026-08-25 23:20:00,0.07414519,high-flow
2026-08-25 23:30:00,0.1516766,high-flow
2026-08-25 23:40:00,0.22924684,high-flow
2026-08-25 23:50:00,0.3063161,high-flow
2026-08-26 00:00:00,0.38234788,high-flow
2026-08-26 00:10:00,0.45681185,high-flow
2026-08-26 00:20:00,0.5291865,high-flow
2026-08-26 00:30:00,0.5989622,high-flow
2026-08-26 00:40:00,0.6656441,high-flow
2026-08-26 00:50:00,0.7287557,high-flow
2026-08-26 01:00:00,0.7878419,high-flow
2026-08-26 01:10:00,0.84247285,high-flow
2026-08-26 01:20:00,0.8922476,high-flow
2026-08-26 01:30:00,0.9367976,high-flow
2026-08-26 01:40:00,0.97578984,high-flow
2026-08-26 01:50:00,1.0089298,high-flow
2026-08-26 02:00:00,1.0359639,high-flow
2026-08-26 02:10:00,1.056681,high-flow
2026-08-26 02:20:00,1.0709134,high-flow
2026-08-26 02:30:00,1.0785375,high-flow
2026-08-26 02:40:00,1.0794733,high-flow
2026-08-26 02:50:00,1.0736837,high-ebb
2026-08-26 03:00:00,1.0611744,high-ebb
2026-08-26 03:10:00,1.0419915,high-ebb
2026-08-26 03:20:00,1.0162216,high-ebb
2026-08-26 03:30:00,0.98399085,high-ebb
2026-08-26 03:40:00,0.945464,high-ebb
2026-08-26 03:50:00,0.9008451,high-ebb
2026-08-26 04:00:00,0.85037726,high-ebb
2026-08-26 04:10:00,0.7943435,high-ebb
2026-08-26 04:20:00,0.7330671,high-ebb
2026-08-26 04:30:00,0.6669124,high-ebb
2026-08-26 04:40:00,0.5962848,high-ebb
2026-08-26 04:50:00,0.5216302,high-ebb
2026-08-26 05:00:00,0.44343388,high-ebb
2026-08-26 05:10:00,0.36221802,high-ebb
2026-08-26 05:20:00,0.27853835,high-ebb
2026-08-26 05:30:00,0.19297941,high-ebb
2026-08-26 05:40:00,0.10614903,high-ebb
2026-08-26 05:50:00,0.018671593,high-ebb
2026-08-26 06:00:00,-0.068819284,low-ebb
2026-08-26 06:10:00,-0.15568848,low-ebb
2026-08-26 06:20:00,-0.24130717,low-ebb
2026-08-26 06:30:00,-0.32506046,low-ebb
2026-08-26 06:40:00,-0.40635434,low-ebb
2026-08-26 06:50:00,-0.48462188,low-ebb
2026-08-26 07:00:00,-0.5593284,low-ebb
2026-08-26 07:10:00,-0.6299755,low-ebb
2026-08-26 07:20:00,-0.696104,low-ebb
2026-08-26 07:30:00,-0.75729567,low-ebb
2026-08-26 07:40:00,-0.8131741,low-ebb
2026-08-26 07:50:00,-0.8634052,low-ebb
2026-08-26 08:00:00,-0.9076965,low-ebb
2026-08-26 08:10:00,-0.9457969,low-ebb
2026-08-26 08:20:00,-0.9774964,low-ebb
2026-08-26 08:30:00,-1.0026253,low-ebb
2026-08-26 08:40:00,-1.0210551,low-ebb
2026-08-26 08:50:00,-1.0326982,low-ebb
2026-08-26 09:00:00,-1.0375088,low-ebb
2026-08-26 09:10:00,-1.0354853,low-flow
2026-08-26 09:20:00,-1.0266693,low-flow
2026-08-26 09:30:00,-1.0111488,low-flow
2026-08-26 09:40:00,-0.98905814,low-flow
2026-08-26 09:50:00,-0.96057844,low-flow
2026-08-26 10:00:00,-0.92593783,low-flow
2026-08-26 10:10:00,-0.8854099,low-flow
2026-08-26 10:20:00,-0.8393125,low-flow
2026-08-26 10:30:00,-0.7880047,low-flow
2026-08-26 10:40:00,-0.73188376,low-flow
2026-08-26 10:50:00,-0.6713812,low-flow
2026-08-26 11:00:00,-0.60695815,low-flow
2026-08-26 11:10:00,-0.5391013,low-flow
2026-08-26 11:20:00,-0.46831775,low-flow
2026-08-26 11:30:00,-0.3951308,low-flow
2026-08-26 11:40:00,-0.3200757,low-flow
2026-08-26 11:50:00,-0.24369547,low-flow
2026-08-26 12:00:00,-0.16653766,low-flow
2026-08-26 12:10:00,-0.08915093,low-flow
2026-08-26 12:20:00,-0.0120822275,low-flow
2026-08-26 12:30:00,0.06412605,high-flow
2026-08-26 12:40:00,0.13893875,high-flow
2026-08-26 12:50:00,0.21183078,high-flow
2026-08-26 13:00:00,0.28228998,high-flow
2026-08-26 13:10:00,0.34982046,high-flow
2026-08-26 13:20:00,0.41394582,high-flow
2026-08-26 13:30:00,0.4742129,high-flow
2026-08-26 13:40:00,0.53019553,high-flow
2026-08-26 13:50:00,0.58149815,high-flow
2026-08-26 14:00:00,0.6277594,high-flow
2026-08-26 14:10:00,0.6686555,high-flow
2026-08-26 14:20:00,0.70390296,high-flow
2026-08-26 14:30:00,0.73326087,high-flow
2026-08-26 14:40:00,0.7565322,high-flow
2026-08-26 14:50:00,0.77356505,high-flow
2026-08-26 15:00:00,0.78425276,high-flow
2026-08-26 15:10:00,0.7885335,high-flow
2026-08-26 15:20:00,0.7863899,high-ebb
2026-08-26 15:30:00,0.77784765,high-ebb
2026-08-26 15:40:00,0.762975,high-ebb
2026-08-26 15:50:00,0.74188155,high-ebb
2026-08-26 16:00:00,0.7147178,high-ebb
2026-08-26 16:10:00,0.6816748,high-ebb
2026-08-26 16:20:00,0.64298373,high-ebb
2026-08-26 16:30:00,0.59891677,high-ebb
2026-08-26 16:40:00,0.549787,high-ebb
2026-08-26 16:50:00,0.4959487,high-ebb
2026-08-26 17:00:00,0.43779776,high-ebb
2026-08-26 17:10:00,0.37577078,high-ebb
2026-08-26 17:20:00,0.310344,high-ebb
2026-08-26 17:30:00,0.2420312,high-ebb
2026-08-26 17:40:00,0.17138027,high-ebb
2026-08-26 17:50:00,0.09896887,high-ebb
2026-08-26 18:00:00,0.025398869,high-ebb
2026-08-26 18:10:00,-0.048710234,low-ebb
2026-08-26 18:20:00,-0.122728646,low-ebb
2026-08-26 18:30:00,-0.19602421,low-ebb
2026-08-26 18:40:00,-0.2679705,low-ebb
2026-08-26 18:50:00,-0.33795482,low-ebb
2026-08-26 19:00:00,-0.4053857,low-ebb
2026-08-26 19:10:00,-0.46969974,low-ebb
2026-08-26 19:20:00,-0.5303674,low-ebb
2026-08-26 19:30:00,-0.5868974,low-ebb
2026-08-26 19:40:00,-0.63884044,low-ebb
2026-08-26 19:50:00,-0.6857915,low-ebb
2026-08-26 20:00:00,-0.7273906,low-ebb
2026-08-26 20:10:00,-0.76332337,low-ebb
2026-08-26 20:20:00,-0.7933208,low-ebb
2026-08-26 20:30:00,-0.8171583,low-ebb
2026-08-26 20:40:00,-0.8346549,low-ebb
2026-08-26 20:50:00,-0.84567255,low-ebb
2026-08-26 21:00:00,-0.8501154,low-ebb
2026-08-26 21:10:00,-0.8479299,low-flow
2026-08-26 21:20:00,-0.8391047,low-flow
2026-08-26 21:30:00,-0.8236717,low-flow
2026-08-26 21:40:00,-0.80170614,low-flow
2026-08-26 21:50:00,-0.77332795,low-flow
2026-08-26 22:00:00,-0.73870236,low-flow
2026-08-26 22:10:00,-0.69804007,low-flow
2026-08-26 22:20:00,-0.65159726,low-flow
2026-08-26 22:30:00,-0.5996746,low-flow
2026-08-26 22:40:00,-0.5426158,low-flow
2026-08-26 22:50:00,-0.48080516,low-flow
2026-08-26 23:00:00,-0.4146646,low-flow
2026-08-26 23:10:00,-0.3446498,low-flow
2026-08-26 23:20:00,-0.271246,low-flow
2026-08-26 23:30:00,-0.19496353,low-flow
2026-08-26 23:40:00,-0.11633315,low-flow
2026-08-26 23:50:00,-0.03590143,low-flow
2026-08-27 00:00:00,0.045773625,high-flow
2026-08-27 00:10:00,0.12812665,high-flow
2026-08-27 00:20:00,0.21058865,high-flow
2026-08-27 00:30:00,0.29259032,high-flow
2026-08-27 00:40:00,0.37356517,high-flow
2026-08-27 00:50:00,0.45295224,high-flow
2026-08-27 01:00:00,0.530199,high-flow
2026-08-27 01:10:00,0.60476404,high-flow
2026-08-27 01:20:00,0.67612004,high-flow
2026-08-27 01:30:00,0.7437567,high-flow
2026-08-27 01:40:00,0.8071845,high-flow
2026-08-27 01:50:00,0.8659381,high-flow
2026-08-27 02:00:00,0.91958016,high-flow
2026-08-27 02:10:00,0.9677053,high-flow
2026-08-27 02:20:00,1.0099441,high-flow
2026-08-27 02:30:00,1.0459663,high-flow
2026-08-27 02:40:00,1.0754845,high-flow
2026-08-27 02:50:00,1.0982567,high-flow
2026-08-27 03:00:00,1.1140882,high-flow
2026-08-27 03:10:00,1.1228329,high-flow
2026-08-27 03:20:00,1.1243944,high-flow
2026-08-27 03:30:00,1.1187255,high-ebb
2026-08-27 03:40:00,1.1058282,high-ebb
2026-08-27 03:50:00,1.0857521,high-ebb
2026-08-27 04:00:00,1.0585946,high-ebb
2026-08-27 04:10:00,1.024498,high-ebb
2026-08-27 04:20:00,0.98364997,high-ebb
2026-08-27 04:30:00,0.93628216,high-ebb
2026-08-27 04:40:00,0.8826696,high-ebb
2026-08-27 04:50:00,0.8231306,high-ebb
2026-08-27 05:00:00,0.75802624,high-ebb
2026-08-27 05:10:00,0.68776065,high-ebb
2026-08-27 05:20:00,0.61278033,high-ebb
2026-08-27 05:30:00,0.5335736,high-ebb
2026-08-27 05:40:00,0.45066902,high-ebb
2026-08-27 05:50:00,0.36463305,high-ebb
2026-08-27 06:00:00,0.2760669,high-ebb
2026-08-27 06:10:00,0.185602,high-ebb
2026-08-27 06:20:00,0.093894385,high-ebb
2026-08-27 06:30:00,0.0016181556,high-ebb
2026-08-27 06:40:00,-0.0905421,low-ebb
2026-08-27 06:50:00,-0.18189938,low-ebb
2026-08-27 07:00:00,-0.2717728,low-ebb
2026-08-27 07:10:00,-0.359496,low-ebb
2026-08-27 07:20:00,-0.44442526,low-ebb
2026-08-27 07:30:00,-0.5259468,low-ebb
2026-08-27 07:40:00,-0.60348356,low-ebb
2026-08-27 07:50:00,-0.67649996,low-ebb
2026-08-27 08:00:00,-0.74450654,low-ebb
2026-08-27 08:10:00,-0.8070621,low-ebb
2026-08-27 08:20:00,-0.8637757,low-ebb
2026-08-27 08:30:00,-0.91430676,low-ebb
2026-08-27 08:40:00,-0.9583651,low-ebb
2026-08-27 08:50:00,-0.9957096,low-ebb
2026-08-27 09:00:00,-1.0261471,low-ebb
2026-08-27 09:10:00,-1.0495313,low-ebb
2026-08-27 09:20:00,-1.0657614,low-ebb
2026-08-27 09:30:00,-1.0747812,low-ebb
2026-08-27 09:40:00,-1.0765784,low-ebb
2026-08-27 09:50:00,-1.0711854,low-flow
2026-08-27 10:00:00,-1.0586784,low-flow
2026-08-27 10:10:00,-1.0391787,low-flow
2026-08-27 10:20:00,-1.0128523,low-flow
2026-08-27 10:30:00,-0.97991055,low-flow
2026-08-27 10:40:00,-0.9406099,low-flow
2026-08-27 10:50:00,-0.895251,low-flow
2026-08-27 11:00:00,-0.84417737,low-flow
2026-08-27 11:10:00,-0.78777325,low-flow
2026-08-27 11:20:00,-0.7264609,low-flow
2026-08-27 11:30:00,-0.66069674,low-flow
2026-08-27 11:40:00,-0.5909678,low-flow
2026-08-27 11:50:00,-0.5177869,low-flow
2026-08-27 12:00:00,-0.4416886,low-flow
2026-08-27 12:10:00,-0.363224,low-flow
2026-08-27 12:20:00,-0.2829568,low-flow
2026-08-27 12:30:00,-0.2014591,low-flow
2026-08-27 12:40:00,-0.119307324,low-flow
2026-08-27 12:50:00,-0.03707914,low-flow
2026-08-27 13:00:00,0.04464986,high-flow
2026-08-27 13:10:00,0.12530893,high-flow
2026-08-27 13:20:00,0.20433488,high-flow
2026-08-27 13:30:00,0.28117475,high-flow
2026-08-27 13:40:00,0.35528868,high-flow
2026-08-27 13:50:00,0.42615286,high-flow
2026-08-27 14:00:00,0.49326283,high-flow
2026-08-27 14:10:00,0.556137,high-flow
2026-08-27 14:20:00,0.6143208,high-flow
2026-08-27 14:30:00,0.66739017,high-flow
2026-08-27 14:40:00,0.7149559,high-flow
2026-08-27 14:50:00,0.75666755,high-flow
2026-08-27 15:00:00,0.79221684,high-flow
2026-08-27 15:10:00,0.8213409,high-flow
2026-08-27 15:20:00,0.843825,high-flow
2026-08-27 15:30:00,0.85950387,high-flow
2026-08-27 15:40:00,0.8682634,high-flow
2026-08-27 15:50:00,0.87004083,high-flow
2026-08-27 16:00:00,0.8648243,high-ebb
2026-08-27 16:10:00,0.85265255,high-ebb
2026-08-27 16:20:00,0.83361363,high-ebb
2026-08-27 16:30:00,0.80784374,high-ebb
2026-08-27 16:40:00,0.77552605,high-ebb
2026-08-27 16:50:00,0.7368893,high-ebb
2026-08-27 17:00:00,0.6922072,high-ebb
2026-08-27 17:10:00,0.6417975,high-ebb
2026-08-27 17:20:00,0.5860214,high-ebb
2026-08-27 17:30:00,0.5252833,high-ebb
2026-08-27 17:40:00,0.46002945,high-ebb
2026-08-27 17:50:00,0.39074793,high-ebb
2026-08-27 18:00:00,0.31796637,high-ebb
2026-08-27 18:10:00,0.24224998,high-ebb
2026-08-27 18:20:00,0.1641982,high-ebb
2026-08-27 18:30:00,0.08444045,high-ebb
2026-08-27 18:40:00,0.0036306204,high-ebb
2026-08-27 18:50:00,-0.07755937,low-ebb
2026-08-27 19:00:00,-0.15844703,low-ebb
2026-08-27 19:10:00,-0.23834749,low-ebb
2026-08-27 19:20:00,-0.31658208,low-ebb
2026-08-27 19:30:00,-0.39248708,low-ebb
2026-08-27 19:40:00,-0.46542206,low-ebb
2026-08-27 19:50:00,-0.53477794,low-ebb
2026-08-27 20:00:00,-0.5999839,low-ebb
2026-08-27 20:10:00,-0.6605129,low-ebb
2026-08-27 20:20:00,-0.71588683,low-ebb
2026-08-27 20:30:00,-0.76567924,low-ebb
2026-08-27 20:40:00,-0.8095172,low-ebb
2026-08-27 20:50:00,-0.8470822,low-ebb
2026-08-27 21:00:00,-0.8781096,low-ebb
2026-08-27 21:10:00,-0.90238744,low-ebb
2026-08-27 21:20:00,-0.9197552,low-ebb
2026-08-27 21:30:00,-0.9301016,low-ebb
2026-08-27 21:40:00,-0.9333628,low-ebb
2026-08-27 21:50:00,-0.9295213,low-flow
2026-08-27 22:00:00,-0.91860443,low-flow
2026-08-27 22:10:00,-0.9006833,low-flow
2026-08-27 22:20:00,-0.8758729,low-flow
2026-08-27 22:30:00,-0.84433156,low-flow
2026-08-27 22:40:00,-0.80626106,low-flow
2026-08-27 22:50:00,-0.7619066,low-flow
2026-08-27 23:00:00,-0.7115565,low-flow
2026-08-27 23:10:00,-0.6555412,low-flow
2026-08-27 23:20:00,-0.5942323,low-flow
2026-08-27 23:30:00,-0.5280406,low-flow
2026-08-27 23:40:00,-0.45741323,low-flow
2026-08-27 23:50:00,-0.38283062,low-flow
2026-08-28 00:00:00,-0.30480263,low-flow
2026-08-28 00:10:00,-0.22386429,low-flow
2026-08-28 00:20:00,-0.1405714,low-flow
2026-08-28 00:30:00,-0.055495903,low-flow
2026-08-28 00:40:00,0.030778563,high-flow
2026-08-28 00:50:00,0.11766089,high-flow
2026-08-28 01:00:00,0.20455642,high-flow
2026-08-28 01:10:00,0.29087055,high-flow
2026-08-28 01:20:00,0.37601185,high-flow
2026-08-28 01:30:00,0.45939517,high-flow
2026-08-28 01:40:00,0.54044425,high-flow
2026-08-28 01:50:00,0.6185944,high-flow
2026-08-28 02:00:00,0.6932955,high-flow
2026-08-28 02:10:00,0.7640146,high-flow
2026-08-28 02:20:00,0.83023965,high-flow
2026-08-28 02:30:00,0.8914824,high-flow
2026-08-28 02:40:00,0.94728297,high-flow
2026-08-28 02:50:00,0.99721324,high-flow
2026-08-28 03:00:00,1.0408815,high-flow
2026-08-28 03:10:00,1.0779363,high-flow
2026-08-28 03:20:00,1.1080706,high-flow
2026-08-28 03:30:00,1.1310252,high-flow
2026-08-28 03:40:00,1.1465914,high-flow
2026-08-28 03:50:00,1.1546139,high-flow
2026-08-28 04:00:00,1.1549919,high-flow
2026-08-28 04:10:00,1.1476799,high-ebb
2026-08-28 04:20:00,1.132688,high-ebb
2026-08-28 04:30:00,1.1100811,high-ebb
2026-08-28 04:40:00,1.0799778,high-ebb
2026-08-28 04:50:00,1.042549,high-ebb
2026-08-28 05:00:00,0.9980168,high-ebb
2026-08-28 05:10:00,0.94665205,high-ebb
2026-08-28 05:20:00,0.8887737,high-ebb
2026-08-28 05:30:00,0.8247469,high-ebb
2026-08-28 05:40:00,0.7549821,high-ebb
2026-08-28 05:50:00,0.67993397,high-ebb
2026-08-28 06:00:00,0.6000999,high-ebb
2026-08-28 06:10:00,0.5160188,high-ebb
2026-08-28 06:20:00,0.42826933,high-ebb
2026-08-28 06:30:00,0.33746698,high-ebb
2026-08-28 06:40:00,0.2442611,high-ebb
2026-08-28 06:50:00,0.14933023,high-ebb
2026-08-28 07:00:00,0.053376745,high-ebb
2026-08-28 07:10:00,-0.04287964,low-ebb
2026-08-28 07:20:00,-0.13870941,low-ebb
2026-08-28 07:30:00,-0.23338151,low-ebb
2026-08-28 07:40:00,-0.32617208,low-ebb
2026-08-28 07:50:00,-0.4163735,low-ebb
2026-08-28 08:00:00,-0.50330323,low-ebb
2026-08-28 08:10:00,-0.5863122,low-ebb
2026-08-28 08:20:00,-0.6647921,low-ebb
2026-08-28 08:30:00,-0.73818225,low-ebb
2026-08-28 08:40:00,-0.80597407,low-ebb
2026-08-28 08:50:00,-0.86771536,low-ebb
2026-08-28 09:00:00,-0.9230121,low-ebb
2026-08-28 09:10:00,-0.9715294,low-ebb
2026-08-28 09:20:00,-1.0129917,low-ebb
2026-08-28 09:30:00,-1.0471805,low-ebb
2026-08-28 09:40:00,-1.073934,low-ebb
2026-08-28 09:50:00,-1.0931429,low-ebb
2026-08-28 10:00:00,-1.1047497,low-ebb
2026-08-28 10:10:00,-1.1087456,low-ebb
2026-08-28 10:20:00,-1.1051685,low-flow
2026-08-28 10:30:00,-1.0941019,low-flow
2026-08-28 10:40:00,-1.0756732,low-flow
2026-08-28 10:50:00,-1.0500536,low-flow
2026-08-28 11:00:00,-1.0174565,low-flow
2026-08-28 11:10:00,-0.97813857,low-flow
2026-08-28 11:20:00,-0.9323978,low-flow
2026-08-28 11:30:00,-0.88057363,low-flow
2026-08-28 11:40:00,-0.82304543,low-flow
2026-08-28 11:50:00,-0.76023066,low-flow
2026-08-28 12:00:00,-0.69258267,low-flow
2026-08-28 12:10:00,-0.62058765,low-flow
2026-08-28 12:20:00,-0.5447609,low-flow
2026-08-28 12:30:00,-0.46564314,low-flow
2026-08-28 12:40:00,-0.38379598,low-flow
2026-08-28 12:50:00,-0.29979748,low-flow
2026-08-28 13:00:00,-0.21423785,low-flow
2026-08-28 13:10:00,-0.12771514,low-flow
2026-08-28 13:20:00,-0.0408312,low-flow
2026-08-28 13:30:00,0.045811825,high-flow
2026-08-28 13:40:00,0.13161486,high-flow
2026-08-28 13:50:00,0.21598487,high-flow
2026-08-28 14:00:00,0.29833752,high-flow
2026-08-28 14:10:00,0.3781,high-flow
2026-08-28 14:20:00,0.45471355,high-flow
2026-08-28 14:30:00,0.5276364,high-flow
2026-08-28 14:40:00,0.5963469,high-flow
2026-08-28 14:50:00,0.66034675,high-flow
2026-08-28 15:00:00,0.71916515,high-flow
2026-08-28 15:10:00,0.77236235,high-flow
2026-08-28 15:20:00,0.8195344,high-flow
2026-08-28 15:30:00,0.86031705,high-flow
2026-08-28 15:40:00,0.89439005,high-flow
2026-08-28 15:50:00,0.9214812,high-flow
2026-08-28 16:00:00,0.94136924,high-flow
2026-08-28 16:10:00,0.95388716,high-flow
2026-08-28 16:20:00,0.9589237,high-flow
2026-08-28 16:30:00,0.95642483,high-ebb
2026-08-28 16:40:00,0.94639397,high-ebb
2026-08-28 16:50:00,0.92889166,high-ebb
2026-08-28 17:00:00,0.90403473,high-ebb
2026-08-28 17:10:00,0.8719946,high-ebb
2026-08-28 17:20:00,0.83299595,high-ebb
2026-08-28 17:30:00,0.78731424,high-ebb
2026-08-28 17:40:00,0.7352745,high-ebb
2026-08-28 17:50:00,0.67724895,high-ebb
2026-08-28 18:00:00,0.61365587,high-ebb
2026-08-28 18:10:00,0.54495734,high-ebb
2026-08-28 18:20:00,0.47165823,high-ebb
2026-08-28 18:30:00,0.39430398,high-ebb
2026-08-28 18:40:00,0.31347877,high-ebb
2026-08-28 18:50:00,0.22980264,high-ebb
2026-08-28 19:00:00,0.14392814,high-ebb
2026-08-28 19:10:00,0.05653603,high-ebb
2026-08-28 19:20:00,-0.031670097,low-ebb
2026-08-28 19:30:00,-0.11997016,low-ebb
2026-08-28 19:40:00,-0.20763493,low-ebb
2026-08-28 19:50:00,-0.2939342,low-ebb
2026-08-28 20:00:00,-0.37814555,low-ebb
2026-08-28 20:10:00,-0.4595634,low-ebb
2026-08-28 20:20:00,-0.53750813,low-ebb
2026-08-28 20:30:00,-0.6113345,low-ebb
2026-08-28 20:40:00,-0.68043995,low-ebb
2026-08-28 20:50:00,-0.744271,low-ebb
2026-08-28 21:00:00,-0.8023289,low-ebb
2026-08-28 21:10:00,-0.8541741,low-ebb
2026-08-28 21:20:00,-0.8994283,low-ebb
2026-08-28 21:30:00,-0.93777615,low-ebb
2026-08-28 21:40:00,-0.9689646,low-ebb
2026-08-28 21:50:00,-0.9928018,low-ebb
2026-08-28 22:00:00,-1.009155,low-ebb
2026-08-28 22:10:00,-1.017948,low-ebb
2026-08-28 22:20:00,-1.0191578,low-ebb
2026-08-28 22:30:00,-1.0128118,low-flow
2026-08-28 22:40:00,-0.9989856,low-flow
2026-08-28 22:50:00,-0.9778001,low-flow
2026-08-28 23:00:00,-0.9494198,low-flow
2026-08-28 23:10:00,-0.9140516,low-flow
2026-08-28 23:20:00,-0.8719435,low-flow
2026-08-28 23:30:00,-0.8233839,low-flow
2026-08-28 23:40:00,-0.7687009,low-flow
2026-08-28 23:50:00,-0.7082614,low-flow
2026-08-29 00:00:00,-0.64246976,low-flow
2026-08-29 00:10:00,-0.5717666,low-flow
2026-08-29 00:20:00,-0.49662623,low-flow
2026-08-29 00:30:00,-0.41755423,low-flow
2026-08-29 00:40:00,-0.33508396,low-flow
2026-08-29 00:50:00,-0.24977304,low-flow
2026-08-29 01:00:00,-0.16219899,low-flow
2026-08-29 01:10:00,-0.07295511,low-flow
2026-08-29 01:20:00,0.017353991,high-flow
2026-08-29 01:30:00,0.10811663,high-flow
2026-08-29 01:40:00,0.19871807,high-flow
2026-08-29 01:50:00,0.2885443,high-flow
2026-08-29 02:00:00,0.37698537,high-flow
2026-08-29 02:10:00,0.46343854,high-flow
2026-08-29 02:20:00,0.547311,high-flow
2026-08-29 02:30:00,0.6280228,high-flow
2026-08-29 02:40:00,0.70500916,high-flow
2026-08-29 02:50:00,0.77772367,high-flow
2026-08-29 03:00:00,0.84564126,high-flow
2026-08-29 03:10:00,0.9082612,high-flow
2026-08-29 03:20:00,0.9651113,high-flow
2026-08-29 03:30:00,1.0157517,high-flow
2026-08-29 03:40:00,1.0597792,high-flow
2026-08-29 03:50:00,1.0968314,high-flow
2026-08-29 04:00:00,1.1265919,high-flow
2026-08-29 04:10:00,1.1487936,high-flow
2026-08-29 04:20:00,1.1632224,high-flow
2026-08-29 04:30:00,1.1697212,high-flow
2026-08-29 04:40:00,1.1681914,high-flow
2026-08-29 04:50:00,1.1585948,high-ebb
2026-08-29 05:00:00,1.1409544,high-ebb
2026-08-29 05:10:00,1.1153536,high-ebb
2026-08-29 05:20:00,1.0819364,high-ebb
2026-08-29 05:30:00,1.0409049,high-ebb
2026-08-29 05:40:00,0.9925179,high-ebb
2026-08-29 05:50:00,0.9370885,high-ebb
2026-08-29 06:00:00,0.87498164,high-ebb
2026-08-29 06:10:00,0.8066119,high-ebb
2026-08-29 06:20:00,0.732441,high-ebb
2026-08-29 06:30:00,0.6529756,high-ebb
2026-08-29 06:40:00,0.5687653,high-ebb
2026-08-29 06:50:00,0.48039976,high-ebb
2026-08-29 07:00:00,0.38850677,high-ebb
2026-08-29 07:10:00,0.2937488,high-ebb
2026-08-29 07:20:00,0.19681951,high-ebb
2026-08-29 07:30:00,0.09843929,high-ebb
2026-08-29 07:40:00,-0.0006501095,low-ebb
2026-08-29 07:50:00,-0.09969188,low-ebb
2026-08-29 08:00:00,-0.19792144,low-ebb
2026-08-29 08:10:00,-0.29457456,low-ebb
2026-08-29 08:20:00,-0.3888962,low-ebb
2026-08-29 08:30:00,-0.4801495,low-ebb
2026-08-29 08:40:00,-0.5676252,low-ebb
2026-08-29 08:50:00,-0.65065056,low-ebb
2026-08-29 09:00:00,-0.7285972,low-ebb
2026-08-29 09:10:00,-0.80088913,low-ebb
2026-08-29 09:20:00,-0.867008,low-ebb
2026-08-29 09:30:00,-0.92649806,low-ebb
2026-08-29 09:40:00,-0.9789693,low-ebb
2026-08-29 09:50:00,-1.0240985,low-ebb
2026-08-29 10:00:00,-1.0616297,low-ebb
2026-08-29 10:10:00,-1.091372,low-ebb
2026-08-29 10:20:00,-1.1131989,low-ebb
2026-08-29 10:30:00,-1.1270432,low-ebb
2026-08-29 10:40:00,-1.1328954,low-ebb
2026-08-29 10:50:00,-1.1307988,low-flow
2026-08-29 11:00:00,-1.1208471,low-flow
2026-08-29 11:10:00,-1.1031805,low-flow
2026-08-29 11:20:00,-1.0779836,low-flow
2026-08-29 11:30:00,-1.045483,low-flow
2026-08-29 11:40:00,-1.0059457,low-flow
2026-08-29 11:50:00,-0.95967805,low-flow
2026-08-29 12:00:00,-0.90702426,low-flow
2026-08-29 12:10:00,-0.8483657,low-flow
2026-08-29 12:20:00,-0.78411955,low-flow
2026-08-29 12:30:00,-0.71473736,low-flow
2026-08-29 12:40:00,-0.64070296,low-flow
2026-08-29 12:50:00,-0.56253034,low-flow
2026-08-29 13:00:00,-0.48076016,low-flow
2026-08-29 13:10:00,-0.39595684,low-flow
2026-08-29 13:20:00,-0.30870426,low-flow
2026-08-29 13:30:00,-0.21960188,low-flow
2026-08-29 13:40:00,-0.12926042,low-flow
2026-08-29 13:50:00,-0.038297635,low-flow
2026-08-29 14:00:00,0.052665673,high-flow
2026-08-29 14:10:00,0.14300947,high-flow
2026-08-29 14:20:00,0.2321179,high-flow
2026-08-29 14:30:00,0.3193825,high-flow
2026-08-29 14:40:00,0.40420496,high-flow
2026-08-29 14:50:00,0.4859999,high-flow
2026-08-29 15:00:00,0.5641976,high-flow
2026-08-29 15:10:00,0.6382465,high-flow
2026-08-29 15:20:00,0.7076163,high-flow
2026-08-29 15:30:00,0.7718012,high-flow
2026-08-29 15:40:00,0.83032334,high-flow
2026-08-29 15:50:00,0.88273686,high-flow
2026-08-29 16:00:00,0.9286322,high-flow
2026-08-29 16:10:00,0.9676403,high-flow
2026-08-29 16:20:00,0.99943745,high-flow
2026-08-29 16:30:00,1.0237492,high-flow
2026-08-29 16:40:00,1.0403551,high-flow
2026-08-29 16:50:00,1.049091,high-flow
2026-08-29 17:00:00,1.049853,high-flow
2026-08-29 17:10:00,1.0425986,high-ebb
2026-08-29 17:20:00,1.0273483,high-ebb
2026-08-29 17:30:00,1.0041851,high-ebb
2026-08-29 17:40:00,0.9732542,high-ebb
2026-08-29 17:50:00,0.93476164,high-ebb
2026-08-29 18:00:00,0.888972,high-ebb
2026-08-29 18:10:00,0.83620584,high-ebb
2026-08-29 18:20:00,0.7768375,high-ebb
2026-08-29 18:30:00,0.7112919,high-ebb
2026-08-29 18:40:00,0.64004165,high-ebb
2026-08-29 18:50:00,0.56360465,high-ebb
2026-08-29 19:00:00,0.48254097,high-ebb
2026-08-29 19:10:00,0.39745045,high-ebb
2026-08-29 19:20:00,0.30896953,high-ebb
2026-08-29 19:30:00,0.21776809,high-ebb
2026-08-29 19:40:00,0.1245457,high-ebb
2026-08-29 19:50:00,0.030027203,high-ebb
2026-08-29 20:00:00,-0.06504255,low-ebb
2026-08-29 20:10:00,-0.15990482,low-ebb
2026-08-29 20:20:00,-0.25379407,low-ebb
2026-08-29 20:30:00,-0.3459458,low-ebb
2026-08-29 20:40:00,-0.43560523,low-ebb
2026-08-29 20:50:00,-0.5220363,low-ebb
2026-08-29 21:00:00,-0.6045309,low-ebb
2026-08-29 21:10:00,-0.6824178,low-ebb
2026-08-29 21:20:00,-0.7550713,low-ebb
2026-08-29 21:30:00,-0.8219186,low-ebb
2026-08-29 21:40:00,-0.8824464,low-ebb
2026-08-29 21:50:00,-0.9362058,low-ebb
2026-08-29 22:00:00,-0.9828155,low-ebb
2026-08-29 22:10:00,-1.021964,low-ebb
2026-08-29 22:20:00,-1.0534092,low-ebb
2026-08-29 22:30:00,-1.0769782,low-ebb
2026-08-29 22:40:00,-1.0925637,low-ebb
2026-08-29 22:50:00,-1.1001217,low-ebb
2026-08-29 23:00:00,-1.0996675,low-ebb
2026-08-29 23:10:00,-1.0912714,low-flow
2026-08-29 23:20:00,-1.0750545,low-flow
2026-08-29 23:30:00,-1.0511857,low-flow
2026-08-29 23:40:00,-1.0198774,low-flow
2026-08-29 23:50:00,-0.9813838,low-flow
2026-08-30 00:00:00,-0.93599766,low-flow
2026-08-30 00:10:00,-0.88404924,low-flow
2026-08-30 00:20:00,-0.8259046,low-flow
2026-08-30 00:30:00,-0.7619644,low-flow
2026-08-30 00:40:00,-0.69266284,low-flow
2026-08-30 00:50:00,-0.61846614,low-flow
2026-08-30 01:00:00,-0.53987086,low-flow
2026-08-30 01:10:00,-0.45740175,low-flow
2026-08-30 01:20:00,-0.371609,low-flow
2026-08-30 01:30:00,-0.28306523,low-flow
2026-08-30 01:40:00,-0.19236188,low-flow
2026-08-30 01:50:00,-0.10010524,low-flow
2026-08-30 02:00:00,-0.0069124713,low-flow
2026-08-30 02:10:00,0.08659258,high-flow
2026-08-30 02:20:00,0.17978337,high-flow
2026-08-30 02:30:00,0.27203456,high-flow
2026-08-30 02:40:00,0.36272547,high-flow
2026-08-30 02:50:00,0.45124334,high-flow
2026-08-30 03:00:00,0.5369865,high-flow
2026-08-30 03:10:00,0.6193667,high-flow
2026-08-30 03:20:00,0.69781244,high-flow
2026-08-30 03:30:00,0.7717711,high-flow
2026-08-30 03:40:00,0.84071195,high-flow
2026-08-30 03:50:00,0.90412974,high-flow
2026-08-30 04:00:00,0.9615476,high-flow
2026-08-30 04:10:00,1.0125211,high-flow
2026-08-30 04:20:00,1.056643,high-flow
2026-08-30 04:30:00,1.0935465,high-flow
2026-08-30 04:40:00,1.1229111,high-flow
2026-08-30 04:50:00,1.1444664,high-flow
2026-08-30 05:00:00,1.1579965,high-flow
2026-08-30 05:10:00,1.1633439,high-flow
2026-08-30 05:20:00,1.1604122,high-ebb
2026-08-30 05:30:00,1.1491691,high-ebb
2026-08-30 05:40:00,1.1296468,high-ebb
2026-08-30 05:50:00,1.1019434,high-ebb
2026-08-30 06:00:00,1.0662215,high-ebb
2026-08-30 06:10:00,1.0227075,high-ebb
2026-08-30 06:20:00,0.971689,high-ebb
2026-08-30 06:30:00,0.91351235,high-ebb
2026-08-30 06:40:00,0.8485795,high-ebb
2026-08-30 06:50:00,0.7773449,high-ebb
2026-08-30 07:00:00,0.7003117,high-ebb
2026-08-30 07:10:00,0.618029,high-ebb
2026-08-30 07:20:00,0.53108805,high-ebb
2026-08-30 07:30:00,0.44011915,high-ebb
2026-08-30 07:40:00,0.3457883,high-ebb
2026-08-30 07:50:00,0.24879342,high-ebb
2026-08-30 08:00:00,0.14986053,high-ebb
2026-08-30 08:10:00,0.04973905,high-ebb
2026-08-30 08:20:00,-0.05080328,low-ebb
2026-08-30 08:30:00,-0.15098657,low-ebb
2026-08-30 08:40:00,-0.2500256,low-ebb
2026-08-30 08:50:00,-0.34713757,low-ebb
2026-08-30 09:00:00,-0.44155055,low-ebb
2026-08-30 09:10:00,-0.53251237,low-ebb
2026-08-30 09:20:00,-0.6192998,low-ebb
2026-08-30 09:30:00,-0.70122766,low-ebb
2026-08-30 09:40:00,-0.77765745,low-ebb
2026-08-30 09:50:00,-0.8480052,low-ebb
2026-08-30 10:00:00,-0.9117482,low-ebb
2026-08-30 10:10:00,-0.96843034,low-ebb
2026-08-30 10:20:00,-1.0176661,low-ebb
2026-08-30 10:30:00,-1.0591424,low-ebb
2026-08-30 10:40:00,-1.0926194,low-ebb
2026-08-30 10:50:00,-1.1179292,low-ebb
2026-08-30 11:00:00,-1.1349739,low-ebb
2026-08-30 11:10:00,-1.1437217,low-ebb
2026-08-30 11:20:00,-1.1442032,low-ebb
2026-08-30 11:30:00,-1.1365066,low-flow
2026-08-30 11:40:00,-1.1207732,low-flow
2026-08-30 11:50:00,-1.097193,low-flow
2026-08-30 12:00:00,-1.0660007,low-flow
2026-08-30 12:10:00,-1.0274723,low-flow
2026-08-30 12:20:00,-0.98192143,low-flow
2026-08-30 12:30:00,-0.9296986,low-flow
2026-08-30 12:40:00,-0.8711879,low-flow
2026-08-30 12:50:00,-0.8068063,low-flow
2026-08-30 13:00:00,-0.73700213,low-flow
2026-08-30 13:10:00,-0.6622536,low-flow
2026-08-30 13:20:00,-0.58306736,low-flow
2026-08-30 13:30:00,-0.4999765,low-flow
2026-08-30 13:40:00,-0.4135382,low-flow
2026-08-30 13:50:00,-0.32433087,low-flow
2026-08-30 14:00:00,-0.23295102,low-flow
2026-08-30 14:10:00,-0.14000937,low-flow
2026-08-30 14:20:00,-0.046127226,low-flow
2026-08-30 14:30:00,0.04806768,high-flow
2026-08-30 14:40:00,0.14194511,high-flow
2026-08-30 14:50:00,0.23487617,high-flow
2026-08-30 15:00:00,0.32623684,high-flow
2026-08-30 15:10:00,0.41541144,high-flow
2026-08-30 15:20:00,0.50179553,high-flow
2026-08-30 15:30:00,0.58479875,high-flow
2026-08-30 15:40:00,0.66384757,high-flow
2026-08-30 15:50:00,0.738388,high-flow
2026-08-30 16:00:00,0.80788815,high-flow
2026-08-30 16:10:00,0.87184155,high-flow
2026-08-30 16:20:00,0.92977023,high-flow
2026-08-30 16:30:00,0.98122853,high-flow
2026-08-30 16:40:00,1.0258073,high-flow
2026-08-30 16:50:00,1.0631379,high-flow
2026-08-30 17:00:00,1.0928972,high-flow
2026-08-30 17:10:00,1.1148118,high-flow
2026-08-30 17:20:00,1.1286627,high-flow
2026-08-30 17:30:00,1.1342889,high-flow
2026-08-30 17:40:00,1.1315914,high-ebb
2026-08-30 17:50:00,1.1205351,high-ebb
2026-08-30 18:00:00,1.101151,high-ebb
2026-08-30 18:10:00,1.0735365,high-ebb
2026-08-30 18:20:00,1.0378557,high-ebb
2026-08-30 18:30:00,0.99433756,high-ebb
2026-08-30 18:40:00,0.9432742,high-ebb
2026-08-30 18:50:00,0.8850178,high-ebb
2026-08-30 19:00:00,0.8199778,high-ebb
2026-08-30 19:10:00,0.74861693,high-ebb
2026-08-30 19:20:00,0.6714476,high-ebb
2026-08-30 19:30:00,0.58902806,high-ebb
2026-08-30 19:40:00,0.50195897,high-ebb
2026-08-30 19:50:00,0.41087896,high-ebb
2026-08-30 20:00:00,0.31646162,high-ebb
2026-08-30 20:10:00,0.21941128,high-ebb
2026-08-30 20:20:00,0.12045889,high-ebb
2026-08-30 20:30:00,0.020357601,high-ebb
2026-08-30 20:40:00,-0.08012242,low-ebb
2026-08-30 20:50:00,-0.18019977,low-ebb
2026-08-30 21:00:00,-0.27908847,low-ebb
2026-08-30 21:10:00,-0.3760052,low-ebb
2026-08-30 21:20:00,-0.47017765,low-ebb
2026-08-30 21:30:00,-0.5608528,low-ebb
2026-08-30 21:40:00,-0.6473064,low-ebb
2026-08-30 21:50:00,-0.7288513,low-ebb
2026-08-30 22:00:00,-0.8048468,low-ebb
2026-08-30 22:10:00,-0.87470627,low-ebb
2026-08-30 22:20:00,-0.93790406,low-ebb
2026-08-30 22:30:00,-0.9939817,low-ebb
2026-08-30 22:40:00,-1.0425518,low-ebb
2026-08-30 22:50:00,-1.0833005,low-ebb
2026-08-30 23:00:00,-1.1159886,low-ebb
2026-08-30 23:10:00,-1.140451,low-ebb
2026-08-30 23:20:00,-1.1565939,low-ebb
2026-08-30 23:30:00,-1.1643922,low-ebb
2026-08-30 23:40:00,-1.1638849,low-ebb
2026-08-30 23:50:00,-1.1551701,low-flow
2026-08-31 00:00:00,-1.1384006,low-flow
2026-08-31 00:10:00,-1.1137782,low-flow
2026-08-31 00:20:00,-1.0815502,low-flow
2026-08-31 00:30:00,-1.0420042,low-flow
2026-08-31 00:40:00,-0.9954653,low-flow
2026-08-31 00:50:00,-0.94229347,low-flow
2026-08-31 01:00:00,-0.882881,low-flow
2026-08-31 01:10:00,-0.817651,low-flow
2026-08-31 01:20:00,-0.7470559,low-flow
2026-08-31 01:30:00,-0.67157614,low-flow
2026-08-31 01:40:00,-0.59171885,low-flow
2026-08-31 01:50:00,-0.508016,low-flow
2026-08-31 02:00:00,-0.4210226,low-flow
2026-08-31 02:10:00,-0.331314,low-flow
2026-08-31 02:20:00,-0.23948322,low-flow
2026-08-31 02:30:00,-0.14613737,low-flow
2026-08-31 02:40:00,-0.051894218,low-flow
2026-08-31 02:50:00,0.042621773,high-flow
2026-08-31 03:00:00,0.13678327,high-flow
2026-08-31 03:10:00,0.22996393,high-flow
2026-08-31 03:20:00,0.32154205,high-flow
2026-08-31 03:30:00,0.41090396,high-flow
2026-08-31 03:40:00,0.49744728,high-flow
2026-08-31 03:50:00,0.58058363,high-flow
2026-08-31 04:00:00,0.65974164,high-flow
2026-08-31 04:10:00,0.73436946,high-flow
2026-08-31 04:20:00,0.80393755,high-flow
2026-08-31 04:30:00,0.86794186,high-flow
2026-08-31 04:40:00,0.92590654,high-flow
2026-08-31 04:50:00,0.9773881,high-flow
2026-08-31 05:00:00,1.0219789,high-flow
2026-08-31 05:10:00,1.0593116,high-flow
2026-08-31 05:20:00,1.089064,high-flow
2026-08-31 05:30:00,1.1109629,high-flow
2026-08-31 05:40:00,1.1247891,high-flow
2026-08-31 05:50:00,1.1303817,high-flow
2026-08-31 06:00:00,1.1276412,high-ebb
2026-08-31 06:10:00,1.1165328,high-ebb
2026-08-31 06:20:00,1.0970886,high-ebb
2026-08-31 06:30:00,1.0694079,high-ebb
2026-08-31 06:40:00,1.0336579,high-ebb
2026-08-31 06:50:00,0.9900723,high-ebb
2026-08-31 07:00:00,0.9389493,high-ebb
2026-08-31 07:10:00,0.8806488,high-ebb
2026-08-31 07:20:00,0.8155892,high-ebb
2026-08-31 07:30:00,0.74424326,high-ebb
2026-08-31 07:40:00,0.66713434,high-ebb
2026-08-31 07:50:00,0.58483166,high-ebb
2026-08-31 08:00:00,0.49794653,high-ebb
2026-08-31 08:10:00,0.40712798,high-ebb
2026-08-31 08:20:00,0.31305867,high-ebb
2026-08-31 08:30:00,0.21645068,high-ebb
2026-08-31 08:40:00,0.11804121,high-ebb
2026-08-31 08:50:00,0.018588008,high-ebb
2026-08-31 09:00:00,-0.081135705,low-ebb
2026-08-31 09:10:00,-0.18034689,low-ebb
2026-08-31 09:20:00,-0.278259,low-ebb
2026-08-31 09:30:00,-0.37408903,low-ebb
2026-08-31 09:40:00,-0.46706536,low-ebb
2026-08-31 09:50:00,-0.5564359,low-ebb
2026-08-31 10:00:00,-0.641477,low-ebb
2026-08-31 10:10:00,-0.7215022,low-ebb
2026-08-31 10:20:00,-0.7958709,low-ebb
2026-08-31 10:30:00,-0.8639965,low-ebb
2026-08-31 10:40:00,-0.9253536,low-ebb
2026-08-31 10:50:00,-0.9794841,low-ebb
2026-08-31 11:00:00,-1.0260018,low-ebb
2026-08-31 11:10:00,-1.0645952,low-ebb
2026-08-31 11:20:00,-1.0950294,low-ebb
2026-08-31 11:30:00,-1.1171448,low-ebb
2026-08-31 11:40:00,-1.130856,low-ebb
2026-08-31 11:50:00,-1.1361485,low-ebb
2026-08-31 12:00:00,-1.1330737,low-flow
2026-08-31 12:10:00,-1.1217449,low-flow
2026-08-31 12:20:00,-1.102331,low-flow
2026-08-31 12:30:00,-1.0750524,low-flow
2026-08-31 12:40:00,-1.0401742,low-flow
2026-08-31 12:50:00,-0.9980032,low-flow
2026-08-31 13:00:00,-0.94888276,low-flow
2026-08-31 13:10:00,-0.8931901,low-flow
2026-08-31 13:20:00,-0.8313334,low-flow
2026-08-31 13:30:00,-0.76374984,low-flow
2026-08-31 13:40:00,-0.69090384,low-flow
2026-08-31 13:50:00,-0.6132858,low-flow
2026-08-31 14:00:00,-0.5314107,low-flow
2026-08-31 14:10:00,-0.44581655,low-flow
2026-08-31 14:20:00,-0.3570627,low-flow
2026-08-31 14:30:00,-0.2657276,low-flow
2026-08-31 14:40:00,-0.17240629,low-flow
2026-08-31 14:50:00,-0.07770716,low-flow
2026-08-31 15:00:00,0.01775122,high-flow
2026-08-31 15:10:00,0.11334388,high-flow
2026-08-31 15:20:00,0.2084432,high-flow
2026-08-31 15:30:00,0.3024227,high-flow
2026-08-31 15:40:00,0.3946608,high-flow
2026-08-31 15:50:00,0.48454416,high-flow
2026-08-31 16:00:00,0.57147104,high-flow
2026-08-31 16:10:00,0.6548542,high-flow
2026-08-31 16:20:00,0.73412377,high-flow
2026-08-31 16:30:00,0.80872995,high-flow
2026-08-31 16:40:00,0.87814564,high-flow
2026-08-31 16:50:00,0.94186914,high-flow
2026-08-31 17:00:00,0.9994275,high-flow
2026-08-31 17:10:00,1.0503796,high-flow
2026-08-31 17:20:00,1.0943199,high-flow
2026-08-31 17:30:00,1.130883,high-flow
2026-08-31 17:40:00,1.1597468,high-flow
2026-08-31 17:50:00,1.1806384,high-flow
2026-08-31 18:00:00,1.1933376,high-flow
2026-08-31 18:10:00,1.1976815,high-flow
2026-08-31 18:20:00,1.1935685,high-ebb
2026-08-31 18:30:00,1.1809605,high-ebb
2026-08-31 18:40:00,1.1598866,high-ebb
2026-08-31 18:50:00,1.1304431,high-ebb
2026-08-31 19:00:00,1.0927947,high-ebb
2026-08-31 19:10:00,1.047173,high-ebb
2026-08-31 19:20:00,0.9938753,high-ebb
2026-08-31 19:30:00,0.9332614,high-ebb
2026-08-31 19:40:00,0.8657503,high-ebb
2026-08-31 19:50:00,0.79181653,high-ebb
2026-08-31 20:00:00,0.7119854,high-ebb
2026-08-31 20:10:00,0.6268288,high-ebb
2026-08-31 20:20:00,0.5369605,high-ebb
2026-08-31 20:30:00,0.44303176,high-ebb
2026-08-31 20:40:00,0.34572688,high-ebb
2026-08-31 20:50:00,0.245759,high-ebb
2026-08-31 21:00:00,0.14386545,high-ebb
2026-08-31 21:10:00,0.040803414,high-ebb
2026-08-31 21:20:00,-0.06265506,low-ebb
2026-08-31 21:30:00,-0.1657284,low-ebb
2026-08-31 21:40:00,-0.26763144,low-ebb
2026-08-31 21:50:00,-0.36758205,low-ebb
2026-08-31 22:00:00,-0.46480843,low-ebb
2026-08-31 22:10:00,-0.5585569,low-ebb
2026-08-31 22:20:00,-0.64810044,low-ebb
2026-08-31 22:30:00,-0.7327471,low-ebb
2026-08-31 22:40:00,-0.8118484,low-ebb
2026-08-31 22:50:00,-0.88480794,low-ebb
2026-08-31 23:00:00,-0.9510882,low-ebb
2026-08-31 23:10:00,-1.0102173,low-ebb
2026-08-31 23:20:00,-1.0617939,low-ebb
2026-08-31 23:30:00,-1.1054908,low-ebb
2026-08-31 23:40:00,-1.1410564,low-ebb
2026-08-31 23:50:00,-1.1683154,low-ebb
2026-09-01 00:00:00,-1.1871669,low-ebb
2026-09-01 00:10:00,-1.1975818,low-ebb
2026-09-01 00:20:00,-1.1995984,low-ebb
2026-09-01 00:30:00,-1.1933181,low-flow
2026-09-01 00:40:00,-1.1788994,low-flow
2026-09-01 00:50:00,-1.1565523,low-flow
2026-09-01 01:00:00,-1.1265336,low-flow
2026-09-01 01:10:00,-1.0891412,low-flow
2026-09-01 01:20:00,-1.0447097,low-flow
2026-09-01 01:30:00,-0.99360704,low-flow
2026-09-01 01:40:00,-0.93623155,low-flow
2026-09-01 01:50:00,-0.87300926,low-flow
2026-09-01 02:00:00,-0.8043924,low-flow
2026-09-01 02:10:00,-0.73085785,low-flow
2026-09-01 02:20:00,-0.6529061,low-flow
2026-09-01 02:30:00,-0.5710599,low-flow
2026-09-01 02:40:00,-0.4858624,low-flow
2026-09-01 02:50:00,-0.39787605,low-flow
2026-09-01 03:00:00,-0.30767977,low-flow
2026-09-01 03:10:00,-0.21586642,low-flow
2026-09-01 03:20:00,-0.12303981,low-flow
2026-09-01 03:30:00,-0.029811181,low-flow
2026-09-01 03:40:00,0.063204445,high-flow
2026-09-01 03:50:00,0.15539198,high-flow
2026-09-01 04:00:00,0.2461399,high-flow
2026-09-01 04:10:00,0.33484396,high-flow
2026-09-01 04:20:00,0.42091036,high-flow
2026-09-01 04:30:00,0.5037589,high-flow
2026-09-01 04:40:00,0.582826,high-flow
2026-09-01 04:50:00,0.65756726,high-flow
2026-09-01 05:00:00,0.7274602,high-flow
2026-09-01 05:10:00,0.79200715,high-flow
2026-09-01 05:20:00,0.8507379,high-flow
2026-09-01 05:30:00,0.90321314,high-flow
2026-09-01 05:40:00,0.94902796,high-flow
2026-09-01 05:50:00,0.98781544,high-flow
2026-09-01 06:00:00,1.0192512,high-flow
2026-09-01 06:10:00,1.0430577,high-flow
2026-09-01 06:20:00,1.0590084,high-flow
2026-09-01 06:30:00,1.066932,high-flow
2026-09-01 06:40:00,1.066717,high-flow
2026-09-01 06:50:00,1.0583143,high-ebb
2026-09-01 07:00:00,1.0417402,high-ebb
2026-09-01 07:10:00,1.0170778,high-ebb
2026-09-01 07:20:00,0.9844776,high-ebb
2026-09-01 07:30:00,0.94415706,high-ebb
2026-09-01 07:40:00,0.8963992,high-ebb
2026-09-01 07:50:00,0.8415496,high-ebb
2026-09-01 08:00:00,0.7800135,high-ebb
2026-09-01 08:10:00,0.71225166,high-ebb
2026-09-01 08:20:00,0.6387758,high-ebb
2026-09-01 08:30:00,0.56014407,high-ebb
2026-09-01 08:40:00,0.4769562,high-ebb
2026-09-01 08:50:00,0.38984874,high-ebb
2026-09-01 09:00:00,0.2994905,high-ebb
2026-09-01 09:10:00,0.20657806,high-ebb
2026-09-01 09:20:00,0.11183112,high-ebb
2026-09-01 09:30:00,0.015988115,high-ebb
2026-09-01 09:40:00,-0.080198556,low-ebb
2026-09-01 09:50:00,-0.17596763,low-ebb
2026-09-01 10:00:00,-0.27055454,low-ebb
2026-09-01 10:10:00,-0.36319757,low-ebb
2026-09-01 10:20:00,-0.45314464,low-ebb
2026-09-01 10:30:00,-0.53966075,low-ebb
2026-09-01 10:40:00,-0.6220358,low-ebb
2026-09-01 10:50:00,-0.69959295,low-ebb
2026-09-01 11:00:00,-0.7716967,low-ebb
2026-09-01 11:10:00,-0.83776116,low-ebb
2026-09-01 11:20:00,-0.8972575,low-ebb
2026-09-01 11:30:00,-0.94972044,low-ebb
2026-09-01 11:40:00,-0.9947538,low-ebb
2026-09-01 11:50:00,-1.0320342,low-ebb
2026-09-01 12:00:00,-1.0613137,low-ebb
2026-09-01 12:10:00,-1.0824205,low-ebb
2026-09-01 12:20:00,-1.0952576,low-ebb
2026-09-01 12:30:00,-1.0998007,low-ebb
2026-09-01 12:40:00,-1.0960945,low-flow
2026-09-01 12:50:00,-1.0842472,low-flow
2026-09-01 13:00:00,-1.0644262,low-flow
2026-09-01 13:10:00,-1.0368514,low-flow
2026-09-01 13:20:00,-1.00179,low-flow
2026-09-01 13:30:00,-0.95955104,low-flow
2026-09-01 13:40:00,-0.9104803,low-flow
2026-09-01 13:50:00,-0.8549565,low-flow
2026-09-01 14:00:00,-0.7933874,low-flow
2026-09-01 14:10:00,-0.7262077,low-flow
2026-09-01 14:20:00,-0.6538764,low-flow
2026-09-01 14:30:00,-0.5768758,low-flow
2026-09-01 14:40:00,-0.49570975,low-flow
2026-09-01 14:50:00,-0.41090268,low-flow
2026-09-01 15:00:00,-0.3229983,low-flow
2026-09-01 15:10:00,-0.2325578,low-flow
2026-09-01 15:20:00,-0.14015819,low-flow
2026-09-01 15:30:00,-0.04638963,low-flow
2026-09-01 15:40:00,0.048147287,high-flow
2026-09-01 15:50:00,0.14284478,high-flow
2026-09-01 16:00:00,0.23709139,high-flow
2026-09-01 16:10:00,0.33027562,high-flow
2026-09-01 16:20:00,0.42178968,high-flow
2026-09-01 16:30:00,0.51103306,high-flow
2026-09-01 16:40:00,0.59741586,high-flow
2026-09-01 16:50:00,0.6803621,high-flow
2026-09-01 17:00:00,0.7593128,high-flow
2026-09-01 17:10:00,0.8337284,high-flow
2026-09-01 17:20:00,0.90309155,high-flow
2026-09-01 17:30:00,0.96691,high-flow
2026-09-01 17:40:00,1.024719,high-flow
2026-09-01 17:50:00,1.0760844,high-flow
2026-09-01 18:00:00,1.1206057,high-flow
2026-09-01 18:10:00,1.15792,high-flow
2026-09-01 18:20:00,1.1877056,high-flow
2026-09-01 18:30:00,1.2096859,high-flow
2026-09-01 18:40:00,1.2236344,high-flow
2026-09-01 18:50:00,1.2293776,high-flow
2026-09-01 19:00:00,1.2268004,high-ebb
2026-09-01 19:10:00,1.2158484,high-ebb
2026-09-01 19:20:00,1.196531,high-ebb
2026-09-01 19:30:00,1.1689237,high-ebb
2026-09-01 19:40:00,1.1331682,high-ebb
2026-09-01 19:50:00,1.0894727,high-ebb
2026-09-01 20:00:00,1.0381105,high-ebb
2026-09-01 20:10:00,0.97941804,high-ebb
2026-09-01 20:20:00,0.9137912,high-ebb
2026-09-01 20:30:00,0.8416817,high-ebb
2026-09-01 20:40:00,0.7635928,high-ebb
2026-09-01 20:50:00,0.6800742,high-ebb
2026-09-01 21:00:00,0.59171766,high-ebb
2026-09-01 21:10:00,0.49915186,high-ebb
2026-09-01 21:20:00,0.40303767,high-ebb
2026-09-01 21:30:00,0.30406365,high-ebb
2026-09-01 21:40:00,0.20294164,high-ebb
2026-09-01 21:50:00,0.10040225,high-ebb
2026-09-01 22:00:00,-0.0028095646,low-ebb
2026-09-01 22:10:00,-0.10593925,low-ebb
2026-09-01 22:20:00,-0.20822775,low-ebb
2026-09-01 22:30:00,-0.30891716,low-ebb
2026-09-01 22:40:00,-0.40725687,low-ebb
2026-09-01 22:50:00,-0.5025104,low-ebb
2026-09-01 23:00:00,-0.59396297,low-ebb
2026-09-01 23:10:00,-0.68092895,low-ebb
2026-09-01 23:20:00,-0.76276,low-ebb
2026-09-01 23:30:00,-0.8388531,low-ebb
2026-09-01 23:40:00,-0.9086581,low-ebb
2026-09-01 23:50:00,-0.9716842,low-ebb
2026-09-02 00:00:00,-1.0275062,low-ebb
2026-09-02 00:10:00,-1.0757688,low-ebb
2026-09-02 00:20:00,-1.1161896,low-ebb
2026-09-02 00:30:00,-1.1485604,low-ebb
2026-09-02 00:40:00,-1.172747,low-ebb
2026-09-02 00:50:00,-1.1886877,low-ebb
2026-09-02 01:00:00,-1.1963894,low-ebb
2026-09-02 01:10:00,-1.195924,low-ebb
2026-09-02 01:20:00,-1.187423,low-flow
2026-09-02 01:30:00,-1.1710714,low-flow
2026-09-02 01:40:00,-1.1471032,low-flow
2026-09-02 01:50:00,-1.1157945,low-flow
2026-09-02 02:00:00,-1.0774595,low-flow
2026-09-02 02:10:00,-1.0324455,low-flow
2026-09-02 02:20:00,-0.9811295,low-flow
2026-09-02 02:30:00,-0.9239152,low-flow
2026-09-02 02:40:00,-0.86123085,low-flow
2026-09-02 02:50:00,-0.79352754,low-flow
2026-09-02 03:00:00,-0.7212781,low-flow
2026-09-02 03:10:00,-0.64497584,low-flow
2026-09-02 03:20:00,-0.5651337,low-flow
2026-09-02 03:30:00,-0.48228273,low-flow
2026-09-02 03:40:00,-0.39697054,low-flow
2026-09-02 03:50:00,-0.30975935,low-flow
2026-09-02 04:00:00,-0.22122332,low-flow
2026-09-02 04:10:00,-0.13194562,low-flow
2026-09-02 04:20:00,-0.042515155,low-flow
2026-09-02 04:30:00,0.04647699,high-flow
2026-09-02 04:40:00,0.13444124,high-flow
2026-09-02 04:50:00,0.22079311,high-flow
2026-09-02 05:00:00,0.30495682,high-flow
2026-09-02 05:10:00,0.38636842,high-flow
2026-09-02 05:20:00,0.46447906,high-flow
2026-09-02 05:30:00,0.5387577,high-flow
2026-09-02 05:40:00,0.6086937,high-flow
2026-09-02 05:50:00,0.6737998,high-flow
2026-09-02 06:00:00,0.73361427,high-flow
2026-09-02 06:10:00,0.7877038,high-flow
2026-09-02 06:20:00,0.83566684,high-flow
2026-09-02 06:30:00,0.87713647,high-flow
2026-09-02 06:40:00,0.9117842,high-flow
2026-09-02 06:50:00,0.9393238,high-flow
2026-09-02 07:00:00,0.9595154,high-flow
2026-09-02 07:10:00,0.9721695,high-flow
2026-09-02 07:20:00,0.9771509,high-flow
2026-09-02 07:30:00,0.97438216,high-ebb
2026-09-02 07:40:00,0.9638466,high-ebb
2026-09-02 07:50:00,0.9455905,high-ebb
2026-09-02 08:00:00,0.91972417,high-ebb
2026-09-02 08:10:00,0.8864222,high-ebb
2026-09-02 08:20:00,0.84592277,high-ebb
2026-09-02 08:30:00,0.79852545,high-ebb
2026-09-02 08:40:00,0.7445885,high-ebb
2026-09-02 08:50:00,0.6845252,high-ebb
2026-09-02 09:00:00,0.61879945,high-ebb
2026-09-02 09:10:00,0.54792154,high-ebb
2026-09-02 09:20:00,0.47244275,high-ebb
2026-09-02 09:30:00,0.39295107,high-ebb
2026-09-02 09:40:00,0.310066,high-ebb
2026-09-02 09:50:00,0.22443429,high-ebb
2026-09-02 10:00:00,0.13672538,high-ebb
2026-09-02 10:10:00,0.047627255,high-ebb
2026-09-02 10:20:00,-0.042157847,low-ebb
2026-09-02 10:30:00,-0.13191776,low-ebb
2026-09-02 10:40:00,-0.22093505,low-ebb
2026-09-02 10:50:00,-0.308492,low-ebb
2026-09-02 11:00:00,-0.39387628,low-ebb
2026-09-02 11:10:00,-0.47638717,low-ebb
2026-09-02 11:20:00,-0.5553422,low-ebb
2026-09-02 11:30:00,-0.6300846,low-ebb
2026-09-02 11:40:00,-0.6999906,low-ebb
2026-09-02 11:50:00,-0.76447755,low-ebb
2026-09-02 12:00:00,-0.82301116,low-ebb
2026-09-02 12:10:00,-0.8751123,low-ebb
2026-09-02 12:20:00,-0.9203634,low-ebb
2026-09-02 12:30:00,-0.9584134,low-ebb
2026-09-02 12:40:00,-0.98898125,low-ebb
2026-09-02 12:50:00,-1.0118579,low-ebb
2026-09-02 13:00:00,-1.026907,low-ebb
2026-09-02 13:10:00,-1.0340633,low-ebb
2026-09-02 13:20:00,-1.0333309,low-ebb
2026-09-02 13:30:00,-1.0247784,low-flow
2026-09-02 13:40:00,-1.0085349,low-flow
2026-09-02 13:50:00,-0.9847841,low-flow
2026-09-02 14:00:00,-0.9537592,low-flow
2026-09-02 14:10:00,-0.9157365,low-flow
2026-09-02 14:20:00,-0.8710308,low-flow
2026-09-02 14:30:00,-0.8199903,low-flow
2026-09-02 14:40:00,-0.7629928,low-flow
2026-09-02 14:50:00,-0.7004423,low-flow
2026-09-02 15:00:00,-0.63276666,low-flow
2026-09-02 15:10:00,-0.56041557,low-flow
2026-09-02 15:20:00,-0.48385933,low-flow
2026-09-02 15:30:00,-0.40358773,low-flow
2026-09-02 15:40:00,-0.32010892,low-flow
2026-09-02 15:50:00,-0.23394838,low-flow
2026-09-02 16:00:00,-0.1456475,low-flow
2026-09-02 16:10:00,-0.055761665,low-flow
2026-09-02 16:20:00,0.035141986,high-flow
2026-09-02 16:30:00,0.12648731,high-flow
2026-09-02 16:40:00,0.21769233,high-flow
2026-09-02 16:50:00,0.30817264,high-flow
2026-09-02 17:00:00,0.39734516,high-flow
2026-09-02 17:10:00,0.48463157,high-flow
2026-09-02 17:20:00,0.5694622,high-flow
2026-09-02 17:30:00,0.65127903,high-flow
2026-09-02 17:40:00,0.72953933,high-flow
2026-09-02 17:50:00,0.80371815,high-flow
2026-09-02 18:00:00,0.87331104,high-flow
2026-09-02 18:10:00,0.93783695,high-flow
2026-09-02 18:20:00,0.99684006,high-flow
2026-09-02 18:30:00,1.0498929,high-flow
2026-09-02 18:40:00,1.0965987,high-flow
2026-09-02 18:50:00,1.1365944,high-flow
2026-09-02 19:00:00,1.169554,high-flow
2026-09-02 19:10:00,1.1951917,high-flow
2026-09-02 19:20:00,1.213266,high-flow
2026-09-02 19:30:00,1.2235836,high-flow
2026-09-02 19:40:00,1.2260025,high-flow
2026-09-02 19:50:00,1.2204359,high-ebb
2026-09-02 20:00:00,1.2068555,high-ebb
2026-09-02 20:10:00,1.1852936,high-ebb
2026-09-02 20:20:00,1.1558439,high-ebb
2026-09-02 20:30:00,1.1186633,high-ebb
2026-09-02 20:40:00,1.0739704,high-ebb
2026-09-02 20:50:00,1.0220445,high-ebb
2026-09-02 21:00:00,0.96322304,high-ebb
2026-09-02 21:10:00,0.8978979,high-ebb
2026-09-02 21:20:00,0.826512,high-ebb
2026-09-02 21:30:00,0.74955446,high-ebb
2026-09-02 21:40:00,0.66755617,high-ebb
2026-09-02 21:50:00,0.5810849,high-ebb
2026-09-02 22:00:00,0.49074084,high-ebb
2026-09-02 22:10:00,0.39715192,high-ebb
2026-09-02 22:20:00,0.3009698,high-ebb
2026-09-02 22:30:00,0.20286576,high-ebb
2026-09-02 22:40:00,0.10352685,high-ebb
2026-09-02 22:50:00,0.003651901,high-ebb
2026-09-02 23:00:00,-0.09605254,low-ebb
2026-09-02 23:10:00,-0.19487667,low-ebb
2026-09-02 23:20:00,-0.29211235,low-ebb
2026-09-02 23:30:00,-0.38705865,low-ebb
2026-09-02 23:40:00,-0.4790279,low-ebb
2026-09-02 23:50:00,-0.56735253,low-ebb
2026-09-03 00:00:00,-0.65139216,low-ebb
2026-09-03 00:10:00,-0.7305408,low-ebb
2026-09-03 00:20:00,-0.80423474,low-ebb
2026-09-03 00:30:00,-0.87195915,low-ebb
2026-09-03 00:40:00,-0.93325484,low-ebb
2026-09-03 00:50:00,-0.98772365,low-ebb
2026-09-03 01:00:00,-1.0350327,low-ebb
2026-09-03 01:10:00,-1.0749178,low-ebb
2026-09-03 01:20:00,-1.1071839,low-ebb
2026-09-03 01:30:00,-1.1317056,low-ebb
2026-09-03 01:40:00,-1.1484253,low-ebb
2026-09-03 01:50:00,-1.15735,low-ebb
2026-09-03 02:00:00,-1.1585472,low-ebb
2026-09-03 02:10:00,-1.1521404,low-flow
2026-09-03 02:20:00,-1.1383033,low-flow
2026-09-03 02:30:00,-1.1172546,low-flow
2026-09-03 02:40:00,-1.0892531,low-flow
2026-09-03 02:50:00,-1.0545921,low-flow
2026-09-03 03:00:00,-1.0135967,low-flow
2026-09-03 03:10:00,-0.9666187,low-flow
2026-09-03 03:20:00,-0.9140355,low-flow
2026-09-03 03:30:00,-0.8562473,low-flow
2026-09-03 03:40:00,-0.793676,low-flow
2026-09-03 03:50:00,-0.72676426,low-flow
2026-09-03 04:00:00,-0.6559743,low-flow
2026-09-03 04:10:00,-0.5817874,low-flow
2026-09-03 04:20:00,-0.50470257,low-flow
2026-09-03 04:30:00,-0.42523482,low-flow
2026-09-03 04:40:00,-0.34391356,low-flow
2026-09-03 04:50:00,-0.26127982,low-flow
2026-09-03 05:00:00,-0.17788355,low-flow
2026-09-03 05:10:00,-0.094280116,low-flow
2026-09-03 05:20:00,-0.011026865,low-flow
2026-09-03 05:30:00,0.07132054,high-flow
2026-09-03 05:40:00,0.15221179,high-flow
2026-09-03 05:50:00,0.23110543,high-flow
2026-09-03 06:00:00,0.3074721,high-flow
2026-09-03 06:10:00,0.38079756,high-flow
2026-09-03 06:20:00,0.45058542,high-flow
2026-09-03 06:30:00,0.5163596,high-flow
2026-09-03 06:40:00,0.577667,high-flow
2026-09-03 06:50:00,0.6340794,high-flow
2026-09-03 07:00:00,0.6851962,high-flow
2026-09-03 07:10:00,0.7306473,high-flow
2026-09-03 07:20:00,0.7700956,high-flow
2026-09-03 07:30:00,0.80324024,high-flow
2026-09-03 07:40:00,0.82982033,high-flow
2026-09-03 07:50:00,0.84961814,high-flow
2026-09-03 08:00:00,0.862463,high-flow
2026-09-03 08:10:00,0.8682347,high-flow
2026-09-03 08:20:00,0.86686635,high-flow
2026-09-03 08:30:00,0.8583473,high-ebb
2026-09-03 08:40:00,0.8427247,high-ebb
2026-09-03 08:50:00,0.82010436,high-ebb
2026-09-03 09:00:00,0.79065126,high-ebb
2026-09-03 09:10:00,0.75458777,high-ebb
2026-09-03 09:20:00,0.71219224,high-ebb
2026-09-03 09:30:00,0.6637958,high-ebb
2026-09-03 09:40:00,0.60977924,high-ebb
2026-09-03 09:50:00,0.55056834,high-ebb
2026-09-03 10:00:00,0.48662993,high-ebb
2026-09-03 10:10:00,0.41846743,high-ebb
2026-09-03 10:20:00,0.34661618,high-ebb
2026-09-03 10:30:00,0.27163935,high-ebb
2026-09-03 10:40:00,0.19412404,high-ebb
2026-09-03 10:50:00,0.1146774,high-ebb
2026-09-03 11:00:00,0.0339232,high-ebb
2026-09-03 11:10:00,-0.04750167,low-ebb
2026-09-03 11:20:00,-0.12895076,low-ebb
2026-09-03 11:30:00,-0.20977187,low-ebb
2026-09-03 11:40:00,-0.2893113,low-ebb
2026-09-03 11:50:00,-0.36691856,low-ebb
2026-09-03 12:00:00,-0.44195196,low-ebb
2026-09-03 12:10:00,-0.5137844,low-ebb
2026-09-03 12:20:00,-0.58181036,low-ebb
2026-09-03 12:30:00,-0.6454525,low-ebb
2026-09-03 12:40:00,-0.70416903,low-ebb
2026-09-03 12:50:00,-0.757461,low-ebb
2026-09-03 13:00:00,-0.80487883,low-ebb
2026-09-03 13:10:00,-0.84602803,low-ebb
2026-09-03 13:20:00,-0.8805746,low-ebb
2026-09-03 13:30:00,-0.9082483,low-ebb
2026-09-03 13:40:00,-0.9288451,low-ebb
2026-09-03 13:50:00,-0.94222784,low-ebb
2026-09-03 14:00:00,-0.9483253,low-ebb
2026-09-03 14:10:00,-0.94712985,low-ebb
2026-09-03 14:20:00,-0.93869466,low-flow
2026-09-03 14:30:00,-0.92312855,low-flow
2026-09-03 14:40:00,-0.9005918,low-flow
2026-09-03 14:50:00,-0.87129045,low-flow
2026-09-03 15:00:00,-0.83547145,low-flow
2026-09-03 15:10:00,-0.79341775,low-flow
2026-09-03 15:20:00,-0.74544394,low-flow
2026-09-03 15:30:00,-0.69189274,low-flow
2026-09-03 15:40:00,-0.63313216,low-flow
2026-09-03 15:50:00,-0.56955326,low-flow
2026-09-03 16:00:00,-0.5015686,low-flow
2026-09-03 16:10:00,-0.42961115,low-flow
2026-09-03 16:20:00,-0.35413337,low-flow
2026-09-03 16:30:00,-0.2756063,low-flow
2026-09-03 16:40:00,-0.1945187,low-flow
2026-09-03 16:50:00,-0.11137544,low-flow
2026-09-03 17:00:00,-0.026695931,low-flow
2026-09-03 17:10:00,0.05898827,high-flow
2026-09-03 17:20:00,0.1451362,high-flow
2026-09-03 17:30:00,0.23120068,high-flow
2026-09-03 17:40:00,0.3166318,high-flow
2026-09-03 17:50:00,0.40088066,high-flow
2026-09-03 18:00:00,0.48340294,high-flow
2026-09-03 18:10:00,0.5636626,high-flow
2026-09-03 18:20:00,0.64113533,high-flow
2026-09-03 18:30:00,0.7153114,high-flow
2026-09-03 18:40:00,0.7856987,high-flow
2026-09-03 18:50:00,0.8518251,high-flow
2026-09-03 19:00:00,0.91324097,high-flow
2026-09-03 19:10:00,0.96952087,high-flow
2026-09-03 19:20:00,1.0202664,high-flow
2026-09-03 19:30:00,1.0651081,high-flow
2026-09-03 19:40:00,1.1037078,high-flow
2026-09-03 19:50:00,1.1357621,high-flow
2026-09-03 20:00:00,1.1610043,high-flow
2026-09-03 20:10:00,1.1792088,high-flow
2026-09-03 20:20:00,1.1901933,high-flow
2026-09-03 20:30:00,1.1938231,high-flow
2026-09-03 20:40:00,1.1900134,high-ebb
2026-09-03 20:50:00,1.1787323,high-ebb
2026-09-03 21:00:00,1.1600026,high-ebb
2026-09-03 21:10:00,1.1339036,high-ebb
2026-09-03 21:20:00,1.1005707,high-ebb
2026-09-03 21:30:00,1.0601953,high-ebb
2026-09-03 21:40:00,1.0130237,high-ebb
2026-09-03 21:50:00,0.95935386,high-ebb
2026-09-03 22:00:00,0.8995329,high-ebb
2026-09-03 22:10:00,0.83395356,high-ebb
2026-09-03 22:20:00,0.7630499,high-ebb
2026-09-03 22:30:00,0.68729335,high-ebb
2026-09-03 22:40:00,0.60718846,high-ebb
2026-09-03 22:50:00,0.5232691,high-ebb
2026-09-03 23:00:00,0.43609485,high-ebb
2026-09-03 23:10:00,0.34624738,high-ebb
2026-09-03 23:20:00,0.25432748,high-ebb
2026-09-03 23:30:00,0.16095203,high-ebb
2026-09-03 23:40:00,0.06675103,high-ebb
2026-09-03 23:50:00,-0.02763559,low-ebb
2026-09-04 00:00:00,-0.12156153,low-ebb
2026-09-04 00:10:00,-0.21437813,low-ebb
2026-09-04 00:20:00,-0.3054391,low-ebb
2026-09-04 00:30:00,-0.39410588,low-ebb
2026-09-04 00:40:00,-0.4797537,low-ebb
2026-09-04 00:50:00,-0.5617782,low-ebb
2026-09-04 01:00:00,-0.6396023,low-ebb
2026-09-04 01:10:00,-0.71268356,low-ebb
2026-09-04 01:20:00,-0.78052074,low-ebb
2026-09-04 01:30:00,-0.84266067,low-ebb
2026-09-04 01:40:00,-0.8987034,low-ebb
2026-09-04 01:50:00,-0.9483072,low-ebb
2026-09-04 02:00:00,-0.9911915,low-ebb
2026-09-04 02:10:00,-1.0271388,low-ebb
2026-09-04 02:20:00,-1.0559947,low-ebb
2026-09-04 02:30:00,-1.0776677,low-ebb
2026-09-04 02:40:00,-1.0921254,low-ebb
2026-09-04 02:50:00,-1.0993923,low-ebb
2026-09-04 03:00:00,-1.099545,low-ebb
2026-09-04 03:10:00,-1.0927079,low-flow
2026-09-04 03:20:00,-1.0790482,low-flow
2026-09-04 03:30:00,-1.0587711,low-flow
2026-09-04 03:40:00,-1.0321165,low-flow
2026-09-04 03:50:00,-0.9993545,low-flow
2026-09-04 04:00:00,-0.9607828,low-flow
2026-09-04 04:10:00,-0.91672504,low-flow
2026-09-04 04:20:00,-0.86752826,low-flow
2026-09-04 04:30:00,-0.8135626,low-flow
2026-09-04 04:40:00,-0.75522,low-flow
2026-09-04 04:50:00,-0.69291395,low-flow
2026-09-04 05:00:00,-0.62707824,low-flow
2026-09-04 05:10:00,-0.5581661,low-flow
2026-09-04 05:20:00,-0.48664865,low-flow
2026-09-04 05:30:00,-0.41301292,low-flow
2026-09-04 05:40:00,-0.33775932,low-flow
2026-09-04 05:50:00,-0.26139846,low-flow
2026-09-04 06:00:00,-0.18444808,low-flow
2026-09-04 06:10:00,-0.10742913,low-flow
2026-09-04 06:20:00,-0.030862197,low-flow
2026-09-04 06:30:00,0.044736244,high-flow
2026-09-04 06:40:00,0.118857324,high-flow
2026-09-04 06:50:00,0.19100302,high-flow
2026-09-04 07:00:00,0.26068908,high-flow
2026-09-04 07:10:00,0.32744756,high-flow
2026-09-04 07:20:00,0.39082927,high-flow
2026-09-04 07:30:00,0.45040566,high-flow
2026-09-04 07:40:00,0.5057711,high-flow
2026-09-04 07:50:00,0.5565449,high-flow
2026-09-04 08:00:00,0.6023733,high-flow
2026-09-04 08:10:00,0.6429323,high-flow
2026-09-04 08:20:00,0.67793,high-flow
2026-09-04 08:30:00,0.7071097,high-flow
2026-09-04 08:40:00,0.7302529,high-flow
2026-09-04 08:50:00,0.7471827,high-flow
2026-09-04 09:00:00,0.7577666,high-flow
2026-09-04 09:10:00,0.76191914,high-flow
2026-09-04 09:20:00,0.7596047,high-ebb
2026-09-04 09:30:00,0.7508387,high-ebb
2026-09-04 09:40:00,0.7356886,high-ebb
2026-09-04 09:50:00,0.71427417,high-ebb
2026-09-04 10:00:00,0.6867661,high-ebb
2026-09-04 10:10:00,0.6533847,high-ebb
2026-09-04 10:20:00,0.61439747,high-ebb
2026-09-04 10:30:00,0.5701157,high-ebb
2026-09-04 10:40:00,0.52089125,high-ebb
2026-09-04 10:50:00,0.46711293,high-ebb
2026-09-04 11:00:00,0.4092027,high-ebb
2026-09-04 11:10:00,0.3476121,high-ebb
2026-09-04 11:20:00,0.2828191,high-ebb
2026-09-04 11:30:00,0.21532491,high-ebb
2026-09-04 11:40:00,0.1456516,high-ebb
2026-09-04 11:50:00,0.07433929,high-ebb
2026-09-04 12:00:00,0.0019439759,high-ebb
2026-09-04 12:10:00,-0.070965104,low-ebb
2026-09-04 12:20:00,-0.14380825,low-ebb
2026-09-04 12:30:00,-0.21599855,low-ebb
2026-09-04 12:40:00,-0.28694582,low-ebb
2026-09-04 12:50:00,-0.3560613,low-ebb
2026-09-04 13:00:00,-0.42276293,low-ebb
2026-09-04 13:10:00,-0.48648155,low-ebb
2026-09-04 13:20:00,-0.5466674,low-ebb
2026-09-04 13:30:00,-0.60279715,low-ebb
2026-09-04 13:40:00,-0.654381,low-ebb
2026-09-04 13:50:00,-0.7009692,low-ebb
2026-09-04 14:00:00,-0.7421585,low-ebb
2026-09-04 14:10:00,-0.77759725,low-ebb
2026-09-04 14:20:00,-0.80698967,low-ebb
2026-09-04 14:30:00,-0.8300985,low-ebb
2026-09-04 14:40:00,-0.8467467,low-ebb
2026-09-04 14:50:00,-0.85681707,low-ebb
2026-09-04 15:00:00,-0.860251,low-ebb
2026-09-04 15:10:00,-0.85704607,low-flow
2026-09-04 15:20:00,-0.84725225,low-flow
2026-09-04 15:30:00,-0.8309682,low-flow
2026-09-04 15:40:00,-0.8083367,low-flow
2026-09-04 15:50:00,-0.7795402,low-flow
2026-09-04 16:00:00,-0.74479693,low-flow
2026-09-04 16:10:00,-0.704357,low-flow
2026-09-04 16:20:00,-0.65849984,low-flow
2026-09-04 16:30:00,-0.6075311,low-flow
2026-09-04 16:40:00,-0.5517814,low-flow
2026-09-04 16:50:00,-0.4916052,low-flow
2026-09-04 17:00:00,-0.4273794,low-flow
2026-09-04 17:10:00,-0.3595031,low-flow
2026-09-04 17:20:00,-0.2883965,low-flow
2026-09-04 17:30:00,-0.21450014,low-flow
2026-09-04 17:40:00,-0.13827345,low-flow
2026-09-04 17:50:00,-0.06019284,low-flow
2026-09-04 18:00:00,0.019250605,high-flow
2026-09-04 18:10:00,0.099554025,high-flow
2026-09-04 18:20:00,0.18020613,high-flow
2026-09-04 18:30:00,0.2606908,high-flow
2026-09-04 18:40:00,0.34049094,high-flow
2026-09-04 18:50:00,0.41909212,high-flow
2026-09-04 19:00:00,0.49598646,high-flow
2026-09-04 19:10:00,0.5706758,high-flow
2026-09-04 19:20:00,0.64267474,high-flow
2026-09-04 19:30:00,0.7115137,high-flow
2026-09-04 19:40:00,0.7767407,high-flow
2026-09-04 19:50:00,0.83792365,high-flow
2026-09-04 20:00:00,0.89465237,high-flow
2026-09-04 20:10:00,0.94654036,high-flow
2026-09-04 20:20:00,0.99322647,high-flow
2026-09-04 20:30:00,1.0343771,high-flow
2026-09-04 20:40:00,1.0696884,high-flow
2026-09-04 20:50:00,1.0988892,high-flow
2026-09-04 21:00:00,1.1217431,high-flow
2026-09-04 21:10:00,1.1380519,high-flow
2026-09-04 21:20:00,1.1476583,high-flow
2026-09-04 21:30:00,1.1504487,high-flow
2026-09-04 21:40:00,1.1463554,high-ebb
2026-09-04 21:50:00,1.135359,high-ebb
2026-09-04 22:00:00,1.1174896,high-ebb
2026-09-04 22:10:00,1.0928264,high-ebb
2026-09-04 22:20:00,1.0614986,high-ebb
2026-09-04 22:30:00,1.0236838,high-ebb
2026-09-04 22:40:00,0.97960585,high-ebb
2026-09-04 22:50:00,0.929533,high-ebb
2026-09-04 23:00:00,0.8737744,high-ebb
2026-09-04 23:10:00,0.8126774,high-ebb
2026-09-04 23:20:00,0.7466239,high-ebb
2026-09-04 23:30:00,0.6760276,high-ebb
2026-09-04 23:40:00,0.6013311,high-ebb
2026-09-04 23:50:00,0.52300316,high-ebb
2026-09-05 00:00:00,0.44153643,high-ebb
2026-09-05 00:10:00,0.3574456,high-ebb
2026-09-05 00:20:00,0.27126557,high-ebb
2026-09-05 00:30:00,0.18354945,high-ebb
2026-09-05 00:40:00,0.09486653,high-ebb
2026-09-05 00:50:00,0.005799656,high-ebb
2026-09-05 01:00:00,-0.08305786,low-ebb
2026-09-05 01:10:00,-0.17110617,low-ebb
2026-09-05 01:20:00,-0.2577437,low-ebb
2026-09-05 01:30:00,-0.3423725,low-ebb
2026-09-05 01:40:00,-0.42440477,low-ebb
2026-09-05 01:50:00,-0.50326943,low-ebb
2026-09-05 02:00:00,-0.57841945,low-ebb
2026-09-05 02:10:00,-0.6493386,low-ebb
2026-09-05 02:20:00,-0.71554863,low-ebb
2026-09-05 02:30:00,-0.77661514,low-ebb
2026-09-05 02:40:00,-0.8321527,low-ebb
2026-09-05 02:50:00,-0.8818292,low-ebb
2026-09-05 03:00:00,-0.925368,low-ebb
2026-09-05 03:10:00,-0.9625495,low-ebb
2026-09-05 03:20:00,-0.9932111,low-ebb
2026-09-05 03:30:00,-1.0172457,low-ebb
2026-09-05 03:40:00,-1.0345991,low-ebb
2026-09-05 03:50:00,-1.0452673,low-ebb
2026-09-05 04:00:00,-1.0492926,low-ebb
2026-09-05 04:10:00,-1.0467596,low-flow
2026-09-05 04:20:00,-1.0377918,low-flow
2026-09-05 04:30:00,-1.022548,low-flow
2026-09-05 04:40:00,-1.0012193,low-flow
2026-09-05 04:50:00,-0.9740272,low-flow
2026-09-05 05:00:00,-0.9412215,low-flow
2026-09-05 05:10:00,-0.903079,low-flow
2026-09-05 05:20:00,-0.85990316,low-flow
2026-09-05 05:30:00,-0.81202316,low-flow
2026-09-05 05:40:00,-0.75979334,low-flow
2026-09-05 05:50:00,-0.7035925,low-flow
2026-09-05 06:00:00,-0.6438227,low-flow
2026-09-05 06:10:00,-0.5809079,low-flow
2026-09-05 06:20:00,-0.5152914,low-flow
2026-09-05 06:30:00,-0.44743356,low-flow
2026-09-05 06:40:00,-0.37780848,low-flow
2026-09-05 06:50:00,-0.30690038,low-flow
2026-09-05 07:00:00,-0.23519991,low-flow
2026-09-05 07:10:00,-0.16320018,low-flow
2026-09-05 07:20:00,-0.091393076,low-flow
2026-09-05 07:30:00,-0.020265575,low-flow
2026-09-05 07:40:00,0.049703397,high-flow
2026-09-05 07:50:00,0.11804587,high-flow
2026-09-05 08:00:00,0.18430725,high-flow
2026-09-05 08:10:00,0.24804847,high-flow
2026-09-05 08:20:00,0.30884784,high-flow
2026-09-05 08:30:00,0.3663028,high-flow
2026-09-05 08:40:00,0.42003146,high-flow
2026-09-05 08:50:00,0.46967465,high-flow
2026-09-05 09:00:00,0.5148977,high-flow
2026-09-05 09:10:00,0.5553929,high-flow
2026-09-05 09:20:00,0.5908819,high-flow
2026-09-05 09:30:00,0.6211183,high-flow
2026-09-05 09:40:00,0.6458907,high-flow
2026-09-05 09:50:00,0.66502553,high-flow
2026-09-05 10:00:00,0.67838943,high-flow
2026-09-05 10:10:00,0.68589157,high-flow
2026-09-05 10:20:00,0.6874854,high-flow
2026-09-05 10:30:00,0.6831699,high-ebb
2026-09-05 10:40:00,0.67298955,high-ebb
2026-09-05 10:50:00,0.65703416,high-ebb
2026-09-05 11:00:00,0.6354375,high-ebb
2026-09-05 11:10:00,0.60837597,high-ebb
2026-09-05 11:20:00,0.5760658,high-ebb
2026-09-05 11:30:00,0.538761,high-ebb
2026-09-05 11:40:00,0.49675038,high-ebb
2026-09-05 11:50:00,0.4503551,high-ebb
2026-09-05 12:00:00,0.39992628,high-ebb
2026-09-05 12:10:00,0.34584272,high-ebb
2026-09-05 12:20:00,0.28850943,high-ebb
2026-09-05 12:30:00,0.22835596,high-ebb
2026-09-05 12:40:00,0.16583513,high-ebb
2026-09-05 12:50:00,0.10142182,high-ebb
2026-09-05 13:00:00,0.035611574,high-ebb
2026-09-05 13:10:00,-0.03108125,low-ebb
2026-09-05 13:20:00,-0.09812583,low-ebb
2026-09-05 13:30:00,-0.164978,low-ebb
2026-09-05 13:40:00,-0.23108427,low-ebb
2026-09-05 13:50:00,-0.29588673,low-ebb
2026-09-05 14:00:00,-0.35882875,low-ebb
2026-09-05 14:10:00,-0.41936162,low-ebb
2026-09-05 14:20:00,-0.4769514,low-ebb
2026-09-05 14:30:00,-0.53108627,low-ebb
2026-09-05 14:40:00,-0.5812836,low-ebb
2026-09-05 14:50:00,-0.62709695,low-ebb
2026-09-05 15:00:00,-0.6681218,low-ebb
2026-09-05 15:10:00,-0.70400065,low-ebb
2026-09-05 15:20:00,-0.734427,low-ebb
2026-09-05 15:30:00,-0.7591476,low-ebb
2026-09-05 15:40:00,-0.7779636,low-ebb
2026-09-05 15:50:00,-0.7907304,low-ebb
2026-09-05 16:00:00,-0.7973561,low-ebb
2026-09-05 16:10:00,-0.7977994,low-ebb
2026-09-05 16:20:00,-0.79206645,low-flow
2026-09-05 16:30:00,-0.7802077,low-flow
2026-09-05 16:40:00,-0.76231426,low-flow
2026-09-05 16:50:00,-0.7385148,low-flow
2026-09-05 17:00:00,-0.70897275,low-flow
2026-09-05 17:10:00,-0.6738838,low-flow
2026-09-05 17:20:00,-0.6334741,low-flow
2026-09-05 17:30:00,-0.5879989,low-flow
2026-09-05 17:40:00,-0.53774184,low-flow
2026-09-05 17:50:00,-0.4830139,low-flow
2026-09-05 18:00:00,-0.42415315,low-flow
2026-09-05 18:10:00,-0.36152396,low-flow
2026-09-05 18:20:00,-0.2955158,low-flow
2026-09-05 18:30:00,-0.22654201,low-flow
2026-09-05 18:40:00,-0.15503766,low-flow
2026-09-05 18:50:00,-0.081457,low-flow
2026-09-05 19:00:00,-0.0062704077,low-flow
2026-09-05 19:10:00,0.07003917,high-flow
2026-09-05 19:20:00,0.14698008,high-flow
2026-09-05 19:30:00,0.22405589,high-flow
2026-09-05 19:40:00,0.30076945,high-flow
2026-09-05 19:50:00,0.37662655,high-flow
2026-09-05 20:00:00,0.45113945,high-flow
2026-09-05 20:10:00,0.52382994,high-flow
2026-09-05 20:20:00,0.59423184,high-flow
2026-09-05 20:30:00,0.6618934,high-flow
2026-09-05 20:40:00,0.72637904,high-flow
2026-09-05 20:50:00,0.787271,high-flow
2026-09-05 21:00:00,0.84417087,high-flow
2026-09-05 21:10:00,0.8967011,high-flow
2026-09-05 21:20:00,0.94450676,high-flow
2026-09-05 21:30:00,0.98725736,high-flow
2026-09-05 21:40:00,1.0246491,high-flow
2026-09-05 21:50:00,1.0564073,high-flow
2026-09-05 22:00:00,1.082289,high-flow
2026-09-05 22:10:00,1.1020856,high-flow
2026-09-05 22:20:00,1.1156257,high-flow
2026-09-05 22:30:00,1.1227773,high-flow
2026-09-05 22:40:00,1.1234499,high-flow
2026-09-05 22:50:00,1.1175961,high-ebb
2026-09-05 23:00:00,1.1052126,high-ebb
2026-09-05 23:10:00,1.0863395,high-ebb
2026-09-05 23:20:00,1.0610611,high-ebb
2026-09-05 23:30:00,1.0295043,high-ebb
2026-09-05 23:40:00,0.9918362,high-ebb
2026-09-05 23:50:00,0.94826335,high-ebb
2026-09-06 00:00:00,0.89902914,high-ebb
2026-09-06 00:10:00,0.8444115,high-ebb
2026-09-06 00:20:00,0.7847213,high-ebb
2026-09-06 00:30:00,0.72030056,high-ebb
2026-09-06 00:40:00,0.65152115,high-ebb
2026-09-06 00:50:00,0.57878375,high-ebb
2026-09-06 01:00:00,0.50251716,high-ebb
2026-09-06 01:10:00,0.4231775,high-ebb
2026-09-06 01:20:00,0.34124756,high-ebb
2026-09-06 01:30:00,0.25723556,high-ebb
2026-09-06 01:40:00,0.1716736,high-ebb
2026-09-06 01:50:00,0.08511521,high-ebb
2026-09-06 02:00:00,-0.0018678711,low-ebb
2026-09-06 02:10:00,-0.08869007,low-ebb
2026-09-06 02:20:00,-0.17475718,low-ebb
2026-09-06 02:30:00,-0.25947255,low-ebb
2026-09-06 02:40:00,-0.34224403,low-ebb
2026-09-06 02:50:00,-0.42249122,low-ebb
2026-09-06 03:00:00,-0.4996533,low-ebb
2026-09-06 03:10:00,-0.5731962,low-ebb
2026-09-06 03:20:00,-0.6426196,low-ebb
2026-09-06 03:30:00,-0.70746326,low-ebb
2026-09-06 03:40:00,-0.7673117,low-ebb
2026-09-06 03:50:00,-0.8217983,low-ebb
2026-09-06 04:00:00,-0.870608,low-ebb
2026-09-06 04:10:00,-0.9134777,low-ebb
2026-09-06 04:20:00,-0.9501973,low-ebb
2026-09-06 04:30:00,-0.9806074,low-ebb
2026-09-06 04:40:00,-1.0045983,low-ebb
2026-09-06 04:50:00,-1.0221068,low-ebb
2026-09-06 05:00:00,-1.0331141,low-ebb
2026-09-06 05:10:00,-1.0376424,low-ebb
2026-09-06 05:20:00,-1.0357528,low-flow
2026-09-06 05:30:00,-1.027543,low-flow
2026-09-06 05:40:00,-1.0131453,low-flow
2026-09-06 05:50:00,-0.99272645,low-flow
2026-09-06 06:00:00,-0.9664852,low-flow
2026-09-06 06:10:00,-0.93465316,low-flow
2026-09-06 06:20:00,-0.8974935,low-flow
2026-09-06 06:30:00,-0.85530096,low-flow
2026-09-06 06:40:00,-0.8084007,low-flow
2026-09-06 06:50:00,-0.7571472,low-flow
2026-09-06 07:00:00,-0.7019226,low-flow
2026-09-06 07:10:00,-0.64313424,low-flow
2026-09-06 07:20:00,-0.5812118,low-flow
2026-09-06 07:30:00,-0.51660377,low-flow
2026-09-06 07:40:00,-0.44977388,low-flow
2026-09-06 07:50:00,-0.3811967,low-flow
2026-09-06 08:00:00,-0.31135383,low-flow
2026-09-06 08:10:00,-0.24072982,low-flow
2026-09-06 08:20:00,-0.16980837,low-flow
2026-09-06 08:30:00,-0.09906912,low-flow
2026-09-06 08:40:00,-0.028984722,low-flow
2026-09-06 08:50:00,0.0399816,high-flow
2026-09-06 09:00:00,0.10737804,high-flow
2026-09-06 09:10:00,0.17276597,high-flow
2026-09-06 09:20:00,0.23572135,high-flow
2026-09-06 09:30:00,0.29583627,high-flow
2026-09-06 09:40:00,0.3527205,high-flow
2026-09-06 09:50:00,0.40600303,high-flow
2026-09-06 10:00:00,0.45533425,high-flow
2026-09-06 10:10:00,0.50038815,high-flow
2026-09-06 10:20:00,0.5408647,high-flow
2026-09-06 10:30:00,0.5764928,high-flow
2026-09-06 10:40:00,0.6070327,high-flow
2026-09-06 10:50:00,0.6322789,high-flow
2026-09-06 11:00:00,0.6520625,high-flow
2026-09-06 11:10:00,0.66625285,high-flow
2026-09-06 11:20:00,0.6747597,high-flow
2026-09-06 11:30:00,0.6775333,high-flow
2026-09-06 11:40:00,0.67456514,high-ebb
2026-09-06 11:50:00,0.6658873,high-ebb
2026-09-06 12:00:00,0.6515718,high-ebb
2026-09-06 12:10:00,0.631729,high-ebb
2026-09-06 12:20:00,0.6065066,high-ebb
2026-09-06 12:30:00,0.5760875,high-ebb
2026-09-06 12:40:00,0.54068905,high-ebb
2026-09-06 12:50:00,0.5005614,high-ebb
2026-09-06 13:00:00,0.45598686,high-ebb
2026-09-06 13:10:00,0.40727925,high-ebb
2026-09-06 13:20:00,0.35478374,high-ebb
2026-09-06 13:30:00,0.29887664,high-ebb
2026-09-06 13:40:00,0.23996525,high-ebb
2026-09-06 13:50:00,0.1784874,high-ebb
2026-09-06 14:00:00,0.11491066,high-ebb
2026-09-06 14:10:00,0.04973053,high-ebb
2026-09-06 14:20:00,-0.016531989,low-ebb
2026-09-06 14:30:00,-0.08333397,low-ebb
2026-09-06 14:40:00,-0.15011527,low-ebb
2026-09-06 14:50:00,-0.21630415,low-ebb
2026-09-06 15:00:00,-0.281324,low-ebb
2026-09-06 15:10:00,-0.3446006,low-ebb
2026-09-06 15:20:00,-0.40556988,low-ebb
2026-09-06 15:30:00,-0.46368587,low-ebb
2026-09-06 15:40:00,-0.5184282,low-ebb
2026-09-06 15:50:00,-0.56930923,low-ebb
2026-09-06 16:00:00,-0.61588013,low-ebb
2026-09-06 16:10:00,-0.65773594,low-ebb
2026-09-06 16:20:00,-0.69451934,low-ebb
2026-09-06 16:30:00,-0.7259231,low-ebb
2026-09-06 16:40:00,-0.75169116,low-ebb
2026-09-06 16:50:00,-0.7716186,low-ebb
2026-09-06 17:00:00,-0.7855507,low-ebb
2026-09-06 17:10:00,-0.7933812,low-ebb
2026-09-06 17:20:00,-0.79504997,low-ebb
2026-09-06 17:30:00,-0.79054093,low-flow
2026-09-06 17:40:00,-0.7798795,low-flow
2026-09-06 17:50:00,-0.7631307,low-flow
2026-09-06 18:00:00,-0.74039745,low-flow
2026-09-06 18:10:00,-0.711819,low-flow
2026-09-06 18:20:00,-0.67757064,low-flow
2026-09-06 18:30:00,-0.6378624,low-flow
2026-09-06 18:40:00,-0.59293914,low-flow
2026-09-06 18:50:00,-0.5430796,low-flow
2026-09-06 19:00:00,-0.48859614,low-flow
2026-09-06 19:10:00,-0.42983305,low-flow
2026-09-06 19:20:00,-0.36716545,low-flow
2026-09-06 19:30:00,-0.30099672,low-flow
2026-09-06 19:40:00,-0.23175581,low-flow
2026-09-06 19:50:00,-0.15989386,low-flow
2026-09-06 20:00:00,-0.08588027,low-flow
2026-09-06 20:10:00,-0.010198642,low-flow
2026-09-06 20:20:00,0.066657566,high-flow
2026-09-06 20:30:00,0.14418924,high-flow
2026-09-06 20:40:00,0.2218956,high-flow
2026-09-06 20:50:00,0.29927793,high-flow
2026-09-06 21:00:00,0.37584257,high-flow
2026-09-06 21:10:00,0.45110384,high-flow
2026-09-06 21:20:00,0.5245861,high-flow
2026-09-06 21:30:00,0.59582555,high-flow
2026-09-06 21:40:00,0.66437197,high-flow
2026-09-06 21:50:00,0.72978985,high-flow
2026-09-06 22:00:00,0.7916598,high-flow
2026-09-06 22:10:00,0.84958017,high-flow
2026-09-06 22:20:00,0.90316874,high-flow
2026-09-06 22:30:00,0.95206463,high-flow
2026-09-06 22:40:00,0.9959306,high-flow
2026-09-06 22:50:00,1.0344558,high-flow
2026-09-06 23:00:00,1.067358,high-flow
2026-09-06 23:10:00,1.094387,high-flow
2026-09-06 23:20:00,1.1153266,high-flow
2026-09-06 23:30:00,1.1299973,high-flow
2026-09-06 23:40:00,1.1382577,high-flow
2026-09-06 23:50:00,1.1400068,high-flow
2026-09-07 00:00:00,1.1351839,high-ebb
2026-09-07 00:10:00,1.1237696,high-ebb
2026-09-07 00:20:00,1.1057848,high-ebb
2026-09-07 00:30:00,1.0812908,high-ebb
2026-09-07 00:40:00,1.0503879,high-ebb
2026-09-07 00:50:00,1.0132146,high-ebb
2026-09-07 01:00:00,0.9699466,high-ebb
2026-09-07 01:10:00,0.9207963,high-ebb
2026-09-07 01:20:00,0.8660118,high-ebb
2026-09-07 01:30:00,0.80587727,high-ebb
2026-09-07 01:40:00,0.7407129,high-ebb
2026-09-07 01:50:00,0.6708752,high-ebb
2026-09-07 02:00:00,0.59675735,high-ebb
2026-09-07 02:10:00,0.5187895,high-ebb
2026-09-07 02:20:00,0.43743843,high-ebb
2026-09-07 02:30:00,0.35320634,high-ebb
2026-09-07 02:40:00,0.2666295,high-ebb
2026-09-07 02:50:00,0.17827493,high-ebb
2026-09-07 03:00:00,0.088736616,high-ebb
2026-09-07 03:10:00,-0.0013698685,low-ebb
2026-09-07 03:20:00,-0.09141365,low-ebb
2026-09-07 03:30:00,-0.18075578,low-ebb
2026-09-07 03:40:00,-0.26875716,low-ebb
2026-09-07 03:50:00,-0.3547869,low-ebb
2026-09-07 04:00:00,-0.43823045,low-ebb
2026-09-07 04:10:00,-0.5184977,low-ebb
2026-09-07 04:20:00,-0.5950303,low-ebb
2026-09-07 04:30:00,-0.66730773,low-ebb
2026-09-07 04:40:00,-0.73485273,low-ebb
2026-09-07 04:50:00,-0.7972352,low-ebb
2026-09-07 05:00:00,-0.8540745,low-ebb
2026-09-07 05:10:00,-0.9050409,low-ebb
2026-09-07 05:20:00,-0.94985604,low-ebb
2026-09-07 05:30:00,-0.98829186,low-ebb
2026-09-07 05:40:00,-1.0201695,low-ebb
2026-09-07 05:50:00,-1.0453581,low-ebb
2026-09-07 06:00:00,-1.0637718,low-ebb
2026-09-07 06:10:00,-1.0753698,low-ebb
2026-09-07 06:20:00,-1.0801536,low-ebb
2026-09-07 06:30:00,-1.0781662,low-flow
2026-09-07 06:40:00,-1.0694919,low-flow
2026-09-07 06:50:00,-1.0542549,low-flow
2026-09-07 07:00:00,-1.03262,low-flow
2026-09-07 07:10:00,-1.0047915,low-flow
2026-09-07 07:20:00,-0.971013,low-flow
2026-09-07 07:30:00,-0.9315664,low-flow
2026-09-07 07:40:00,-0.8867706,low-flow
2026-09-07 07:50:00,-0.8369794,low-flow
2026-09-07 08:00:00,-0.78257906,low-flow
2026-09-07 08:10:00,-0.72398496,low-flow
2026-09-07 08:20:00,-0.6616377,low-flow
2026-09-07 08:30:00,-0.5959992,low-flow
2026-09-07 08:40:00,-0.52754796,low-flow
2026-09-07 08:50:00,-0.45677492,low-flow
2026-09-07 09:00:00,-0.38417897,low-flow
2026-09-07 09:10:00,-0.31026307,low-flow
2026-09-07 09:20:00,-0.23553066,low-flow
2026-09-07 09:30:00,-0.16048257,low-flow
2026-09-07 09:40:00,-0.08561453,low-flow
2026-09-07 09:50:00,-0.011415038,low-flow
2026-09-07 10:00:00,0.061636325,high-flow
2026-09-07 10:10:00,0.13307038,high-flow
2026-09-07 10:20:00,0.20242971,high-flow
2026-09-07 10:30:00,0.26927015,high-flow
2026-09-07 10:40:00,0.33316237,high-flow
2026-09-07 10:50:00,0.39369377,high-flow
2026-09-07 11:00:00,0.4504706,high-flow
2026-09-07 11:10:00,0.5031206,high-flow
2026-09-07 11:20:00,0.5512956,high-flow
2026-09-07 11:30:00,0.5946743,high-flow
2026-09-07 11:40:00,0.6329655,high-flow
2026-09-07 11:50:00,0.66591024,high-flow
2026-09-07 12:00:00,0.6932846,high-flow
2026-09-07 12:10:00,0.71490145,high-flow
2026-09-07 12:20:00,0.73061204,high-flow
2026-09-07 12:30:00,0.7403069,high-flow
2026-09-07 12:40:00,0.7439164,high-flow
2026-09-07 12:50:00,0.7414103,high-ebb
2026-09-07 13:00:00,0.73279834,high-ebb
2026-09-07 13:10:00,0.7181288,high-ebb
2026-09-07 13:20:00,0.6974888,high-ebb
2026-09-07 13:30:00,0.6710037,high-ebb
2026-09-07 13:40:00,0.63883704,high-ebb
2026-09-07 13:50:00,0.60119087,high-ebb
2026-09-07 14:00:00,0.55830616,high-ebb
2026-09-07 14:10:00,0.5104638,high-ebb
2026-09-07 14:20:00,0.45798507,high-ebb
2026-09-07 14:30:00,0.40123263,high-ebb
2026-09-07 14:40:00,0.3406108,high-ebb
2026-09-07 14:50:00,0.27656516,high-ebb
2026-09-07 15:00:00,0.20958158,high-ebb
2026-09-07 15:10:00,0.14018394,high-ebb
2026-09-07 15:20:00,0.0689308,high-ebb
2026-09-07 15:30:00,-0.0035892974,low-ebb
2026-09-07 15:40:00,-0.07676362,low-ebb
2026-09-07 15:50:00,-0.1499623,low-ebb
2026-09-07 16:00:00,-0.22254616,low-ebb
2026-09-07 16:10:00,-0.29387516,low-ebb
2026-09-07 16:20:00,-0.36331716,low-ebb
2026-09-07 16:30:00,-0.4302566,low-ebb
2026-09-07 16:40:00,-0.4941026,low-ebb
2026-09-07 16:50:00,-0.5542963,low-ebb
2026-09-07 17:00:00,-0.6103176,low-ebb
2026-09-07 17:10:00,-0.6616896,low-ebb
2026-09-07 17:20:00,-0.7079832,low-ebb
2026-09-07 17:30:00,-0.7488193,low-ebb
2026-09-07 17:40:00,-0.7838699,low-ebb
2026-09-07 17:50:00,-0.812859,low-ebb
2026-09-07 18:00:00,-0.8355616,low-ebb
2026-09-07 18:10:00,-0.8518029,low-ebb
2026-09-07 18:20:00,-0.8614569,low-ebb
2026-09-07 18:30:00,-0.86444503,low-ebb
2026-09-07 18:40:00,-0.8607351,low-flow
2026-09-07 18:50:00,-0.8503398,low-flow
2026-09-07 19:00:00,-0.8333161,low-flow
2026-09-07 19:10:00,-0.8097651,low-flow
2026-09-07 19:20:00,-0.7798312,low-flow
2026-09-07 19:30:00,-0.7437017,low-flow
2026-09-07 19:40:00,-0.701607,low-flow
2026-09-07 19:50:00,-0.65381885,low-flow
2026-09-07 20:00:00,-0.60064983,low-flow
2026-09-07 20:10:00,-0.5424511,low-flow
2026-09-07 20:20:00,-0.47960997,low-flow
2026-09-07 20:30:00,-0.41254672,low-flow
2026-09-07 20:40:00,-0.34171087,low-flow
2026-09-07 20:50:00,-0.2675769,low-flow
2026-09-07 21:00:00,-0.19063969,low-flow
2026-09-07 21:10:00,-0.11140987,low-flow
2026-09-07 21:20:00,-0.030409204,low-flow
2026-09-07 21:30:00,0.051833794,high-flow
2026-09-07 21:40:00,0.13478777,high-flow
2026-09-07 21:50:00,0.21792199,high-flow
2026-09-07 22:00:00,0.3007093,high-flow
2026-09-07 22:10:00,0.3826285,high-flow
2026-09-07 22:20:00,0.4631662,high-flow
2026-09-07 22:30:00,0.54181856,high-flow
2026-09-07 22:40:00,0.61809254,high-flow
2026-09-07 22:50:00,0.6915075,high-flow
2026-09-07 23:00:00,0.7615965,high-flow
2026-09-07 23:10:00,0.82790804,high-flow
2026-09-07 23:20:00,0.8900082,high-flow
2026-09-07 23:30:00,0.9474828,high-flow
2026-09-07 23:40:00,0.99994016,high-flow
2026-09-07 23:50:00,1.0470139,high-flow
2026-09-08 00:00:00,1.0883658,high-flow
2026-09-08 00:10:00,1.1236888,high-flow
2026-09-08 00:20:00,1.1527098,high-flow
2026-09-08 00:30:00,1.1751918,high-flow
2026-09-08 00:40:00,1.1909361,high-flow
2026-09-08 00:50:00,1.1997834,high-flow
2026-09-08 01:00:00,1.2016158,high-flow
2026-09-08 01:10:00,1.1963559,high-ebb
2026-09-08 01:20:00,1.1839685,high-ebb
2026-09-08 01:30:00,1.1644597,high-ebb
2026-09-08 01:40:00,1.1378773,high-ebb
2026-09-08 01:50:00,1.1043108,high-ebb
2026-09-08 02:00:00,1.0638914,high-ebb
2026-09-08 02:10:00,1.0167931,high-ebb
2026-09-08 02:20:00,0.9632331,high-ebb
2026-09-08 02:30:00,0.9034729,high-ebb
2026-09-08 02:40:00,0.8378197,high-ebb
2026-09-08 02:50:00,0.7666273,high-ebb
2026-09-08 03:00:00,0.6902972,high-ebb
2026-09-08 03:10:00,0.60927856,high-ebb
2026-09-08 03:20:00,0.5240681,high-ebb
2026-09-08 03:30:00,0.43520832,high-ebb
2026-09-08 03:40:00,0.3432847,high-ebb
2026-09-08 03:50:00,0.24892187,high-ebb
2026-09-08 04:00:00,0.15277806,high-ebb
2026-09-08 04:10:00,0.055538427,high-ebb
2026-09-08 04:20:00,-0.042092662,low-ebb
2026-09-08 04:30:00,-0.13940024,low-ebb
2026-09-08 04:40:00,-0.23566785,low-ebb
2026-09-08 04:50:00,-0.33018687,low-ebb
2026-09-08 05:00:00,-0.42226544,low-ebb
2026-09-08 05:10:00,-0.51123714,low-ebb
2026-09-08 05:20:00,-0.59646845,low-ebb
2026-09-08 05:30:00,-0.6773653,low-ebb
2026-09-08 05:40:00,-0.75337845,low-ebb
2026-09-08 05:50:00,-0.82400715,low-ebb
2026-09-08 06:00:00,-0.8888022,low-ebb
2026-09-08 06:10:00,-0.9473669,low-ebb
2026-09-08 06:20:00,-0.9993584,low-ebb
2026-09-08 06:30:00,-1.044487,low-ebb
2026-09-08 06:40:00,-1.0825155,low-ebb
2026-09-08 06:50:00,-1.1132585,low-ebb
2026-09-08 07:00:00,-1.136582,low-ebb
2026-09-08 07:10:00,-1.1524017,low-ebb
2026-09-08 07:20:00,-1.1606829,low-ebb
2026-09-08 07:30:00,-1.1614404,low-ebb
2026-09-08 07:40:00,-1.154738,low-flow
2026-09-08 07:50:00,-1.1406878,low-flow
2026-09-08 08:00:00,-1.1194513,low-flow
2026-09-08 08:10:00,-1.0912371,low-flow
2026-09-08 08:20:00,-1.0563011,low-flow
2026-09-08 08:30:00,-1.0149443,low-flow
2026-09-08 08:40:00,-0.96751094,low-flow
2026-09-08 08:50:00,-0.91438496,low-flow
2026-09-08 09:00:00,-0.8559867,low-flow
2026-09-08 09:10:00,-0.79276884,low-flow
2026-09-08 09:20:00,-0.72521144,low-flow
2026-09-08 09:30:00,-0.6538173,low-flow
2026-09-08 09:40:00,-0.57910705,low-flow
2026-09-08 09:50:00,-0.5016145,low-flow
2026-09-08 10:00:00,-0.42188206,low-flow
2026-09-08 10:10:00,-0.34045708,low-flow
2026-09-08 10:20:00,-0.25788838,low-flow
2026-09-08 10:30:00,-0.17472331,low-flow
2026-09-08 10:40:00,-0.09150572,low-flow
2026-09-08 10:50:00,-0.008773828,low-flow
2026-09-08 11:00:00,0.07294129,high-flow
2026-09-08 11:10:00,0.15311718,high-flow
2026-09-08 11:20:00,0.23124157,high-flow
2026-09-08 11:30:00,0.30681404,high-flow
2026-09-08 11:40:00,0.379348,high-flow
2026-09-08 11:50:00,0.44837293,high-flow
2026-09-08 12:00:00,0.5134371,high-flow
2026-09-08 12:10:00,0.57411027,high-flow
2026-09-08 12:20:00,0.6299871,high-flow
2026-09-08 12:30:00,0.68068993,high-flow
2026-09-08 12:40:00,0.7258721,high-flow
2026-09-08 12:50:00,0.7652206,high-flow
2026-09-08 13:00:00,0.79845876,high-flow
2026-09-08 13:10:00,0.8253481,high-flow
2026-09-08 13:20:00,0.84569013,high-flow
2026-09-08 13:30:00,0.8593275,high-flow
2026-09-08 13:40:00,0.8661447,high-flow
2026-09-08 13:50:00,0.86606884,high-flow
2026-09-08 14:00:00,0.8590698,high-ebb
2026-09-08 14:10:00,0.8451609,high-ebb
2026-09-08 14:20:00,0.8243993,high-ebb
2026-09-08 14:30:00,0.796887,high-ebb
2026-09-08 14:40:00,0.7627717,high-ebb
2026-09-08 14:50:00,0.72224844,high-ebb
2026-09-08 15:00:00,0.6755607,high-ebb
2026-09-08 15:10:00,0.6230023,high-ebb
2026-09-08 15:20:00,0.56491834,high-ebb
2026-09-08 15:30:00,0.50170624,high-ebb
2026-09-08 15:40:00,0.4338158,high-ebb
2026-09-08 15:50:00,0.36174816,high-ebb
2026-09-08 16:00:00,0.28605384,high-ebb
2026-09-08 16:10:00,0.20732933,high-ebb
2026-09-08 16:20:00,0.12621225,high-ebb
2026-09-08 16:30:00,0.043375086,high-ebb
2026-09-08 16:40:00,-0.04048228,low-ebb
2026-09-08 16:50:00,-0.12464102,low-ebb
2026-09-08 17:00:00,-0.20837268,low-ebb
2026-09-08 17:10:00,-0.2909488,low-ebb
2026-09-08 17:20:00,-0.37165067,low-ebb
2026-09-08 17:30:00,-0.44977847,low-ebb
2026-09-08 17:40:00,-0.52466017,low-ebb
2026-09-08 17:50:00,-0.59565884,low-ebb
2026-09-08 18:00:00,-0.66217935,low-ebb
2026-09-08 18:10:00,-0.7236736,low-ebb
2026-09-08 18:20:00,-0.77964395,low-ebb
2026-09-08 18:30:00,-0.8296463,low-ebb
2026-09-08 18:40:00,-0.87329113,low-ebb
2026-09-08 18:50:00,-0.9102445,low-ebb
2026-09-08 19:00:00,-0.9402279,low-ebb
2026-09-08 19:10:00,-0.96301764,low-ebb
2026-09-08 19:20:00,-0.97844434,low-ebb
2026-09-08 19:30:00,-0.9863924,low-ebb
2026-09-08 19:40:00,-0.98679924,low-ebb
2026-09-08 19:50:00,-0.97965515,low-flow
2026-09-08 20:00:00,-0.96500283,low-flow
2026-09-08 20:10:00,-0.94293725,low-flow
2026-09-08 20:20:00,-0.9136055,low-flow
2026-09-08 20:30:00,-0.87720585,low-flow
2026-09-08 20:40:00,-0.8339872,low-flow
2026-09-08 20:50:00,-0.78424734,low-flow
2026-09-08 21:00:00,-0.7283309,low-flow
2026-09-08 21:10:00,-0.6666265,low-flow
2026-09-08 21:20:00,-0.59956306,low-flow
2026-09-08 21:30:00,-0.5276057,low-flow
2026-09-08 21:40:00,-0.45125103,low-flow
2026-09-08 21:50:00,-0.37102216,low-flow
2026-09-08 22:00:00,-0.28746352,low-flow
2026-09-08 22:10:00,-0.20113586,low-flow
2026-09-08 22:20:00,-0.11261139,low-flow
2026-09-08 22:30:00,-0.022469487,low-flow
2026-09-08 22:40:00,0.06870718,high-flow
2026-09-08 22:50:00,0.16033587,high-flow
2026-09-08 23:00:00,0.25183645,high-flow
2026-09-08 23:10:00,0.34263363,high-flow
2026-09-08 23:20:00,0.43215874,high-flow
2026-09-08 23:30:00,0.5198513,high-flow
2026-09-08 23:40:00,0.6051607,high-flow
2026-09-08 23:50:00,0.68754774,high-flow
2026-09-09 00:00:00,0.7664864,high-flow
2026-09-09 00:10:00,0.8414661,high-flow
2026-09-09 00:20:00,0.9119944,high-flow
2026-09-09 00:30:00,0.9775992,high-flow
2026-09-09 00:40:00,1.0378326,high-flow
2026-09-09 00:50:00,1.0922738,high-flow
2026-09-09 01:00:00,1.140532,high-flow
2026-09-09 01:10:00,1.1822501,high-flow
2026-09-09 01:20:00,1.2171074,high-flow
2026-09-09 01:30:00,1.2448217,high-flow
2026-09-09 01:40:00,1.2651517,high-flow
2026-09-09 01:50:00,1.2778993,high-flow
2026-09-09 02:00:00,1.2829094,high-flow
2026-09-09 02:10:00,1.2800725,high-ebb
2026-09-09 02:20:00,1.2693241,high-ebb
2026-09-09 02:30:00,1.2506464,high-ebb
2026-09-09 02:40:00,1.2240688,high-ebb
2026-09-09 02:50:00,1.1896685,high-ebb
2026-09-09 03:00:00,1.1475728,high-ebb
2026-09-09 03:10:00,1.097959,high-ebb
2026-09-09 03:20:00,1.0410577,high-ebb
2026-09-09 03:30:00,0.97715354,high-ebb
2026-09-09 03:40:00,0.906587,high-ebb
2026-09-09 03:50:00,0.8297558,high-ebb
2026-09-09 04:00:00,0.7471152,high-ebb
2026-09-09 04:10:00,0.6591781,high-ebb
2026-09-09 04:20:00,0.56651294,high-ebb
2026-09-09 04:30:00,0.4697415,high-ebb
2026-09-09 04:40:00,0.36953428,high-ebb
2026-09-09 04:50:00,0.26660487,high-ebb
2026-09-09 05:00:00,0.16170277,high-ebb
2026-09-09 05:10:00,0.055605095,high-ebb
2026-09-09 05:20:00,-0.0508928,low-ebb
2026-09-09 05:30:00,-0.15698723,low-ebb
2026-09-09 05:40:00,-0.26187643,low-ebb
2026-09-09 05:50:00,-0.36477065,low-ebb
2026-09-09 06:00:00,-0.46490172,low-ebb
2026-09-09 06:10:00,-0.56153184,low-ebb
2026-09-09 06:20:00,-0.6539612,low-ebb
2026-09-09 06:30:00,-0.74153465,low-ebb
2026-09-09 06:40:00,-0.82364655,low-ebb
2026-09-09 06:50:00,-0.89974463,low-ebb
2026-09-09 07:00:00,-0.9693328,low-ebb
2026-09-09 07:10:00,-1.0319725,low-ebb
2026-09-09 07:20:00,-1.0872835,low-ebb
2026-09-09 07:30:00,-1.1349441,low-ebb
2026-09-09 07:40:00,-1.1746911,low-ebb
2026-09-09 07:50:00,-1.2063192,low-ebb
2026-09-09 08:00:00,-1.2296813,low-ebb
2026-09-09 08:10:00,-1.2446872,low-ebb
2026-09-09 08:20:00,-1.2513047,low-ebb
2026-09-09 08:30:00,-1.2495587,low-ebb
2026-09-09 08:40:00,-1.2395313,low-flow
2026-09-09 08:50:00,-1.2213612,low-flow
2026-09-09 09:00:00,-1.1952434,low-flow
2026-09-09 09:10:00,-1.1614275,low-flow
2026-09-09 09:20:00,-1.1202163,low-flow
2026-09-09 09:30:00,-1.0719624,low-flow
2026-09-09 09:40:00,-1.0170656,low-flow
2026-09-09 09:50:00,-0.9559686,low-flow
2026-09-09 10:00:00,-0.8891523,low-flow
2026-09-09 10:10:00,-0.81713045,low-flow
2026-09-09 10:20:00,-0.74044496,low-flow
2026-09-09 10:30:00,-0.65966004,low-flow
2026-09-09 10:40:00,-0.57535744,low-flow
2026-09-09 10:50:00,-0.4881312,low-flow
2026-09-09 11:00:00,-0.39858368,low-flow
2026-09-09 11:10:00,-0.30732173,low-flow
2026-09-09 11:20:00,-0.21495344,low-flow
2026-09-09 11:30:00,-0.12208561,low-flow
2026-09-09 11:40:00,-0.029321535,low-flow
2026-09-09 11:50:00,0.062740825,high-flow
2026-09-09 12:00:00,0.1535106,high-flow
2026-09-09 12:10:00,0.24240568,high-flow
2026-09-09 12:20:00,0.32885468,high-flow
2026-09-09 12:30:00,0.412299,high-flow
2026-09-09 12:40:00,0.4921954,high-flow
2026-09-09 12:50:00,0.5680188,high-flow
2026-09-09 13:00:00,0.6392654,high-flow
2026-09-09 13:10:00,0.70545626,high-flow
2026-09-09 13:20:00,0.7661402,high-flow
2026-09-09 13:30:00,0.8208982,high-flow
2026-09-09 13:40:00,0.8693454,high-flow
2026-09-09 13:50:00,0.9111353,high-flow
2026-09-09 14:00:00,0.9459616,high-flow
2026-09-09 14:10:00,0.97356033,high-flow
2026-09-09 14:20:00,0.99371207,high-flow
2026-09-09 14:30:00,1.006243,high-flow
2026-09-09 14:40:00,1.0110261,high-flow
2026-09-09 14:50:00,1.0079824,high-ebb
2026-09-09 15:00:00,0.9970816,high-ebb
2026-09-09 15:10:00,0.9783436,high-ebb
2026-09-09 15:20:00,0.95183975,high-ebb
2026-09-09 15:30:00,0.91769415,high-ebb
2026-09-09 15:40:00,0.8760858,high-ebb
2026-09-09 15:50:00,0.8272503,high-ebb
2026-09-09 16:00:00,0.7714817,high-ebb
2026-09-09 16:10:00,0.7091339,high-ebb
2026-09-09 16:20:00,0.6406218,high-ebb
2026-09-09 16:30:00,0.5664213,high-ebb
2026-09-09 16:40:00,0.48706847,high-ebb
2026-09-09 16:50:00,0.40315732,high-ebb
2026-09-09 17:00:00,0.31533617,high-ebb
2026-09-09 17:10:00,0.22430238,high-ebb
2026-09-09 17:20:00,0.1307958,high-ebb
2026-09-09 17:30:00,0.03559066,high-ebb
2026-09-09 17:40:00,-0.060513575,low-ebb
2026-09-09 17:50:00,-0.15670224,low-ebb
2026-09-09 18:00:00,-0.25215593,low-ebb
2026-09-09 18:10:00,-0.34606117,low-ebb
2026-09-09 18:20:00,-0.4376206,low-ebb
2026-09-09 18:30:00,-0.52606285,low-ebb
2026-09-09 18:40:00,-0.61065084,low-ebb
2026-09-09 18:50:00,-0.6906897,low-ebb
2026-09-09 19:00:00,-0.7655326,low-ebb
2026-09-09 19:10:00,-0.83458596,low-ebb
2026-09-09 19:20:00,-0.89731264,low-ebb
2026-09-09 19:30:00,-0.9532344,low-ebb
2026-09-09 19:40:00,-1.0019335,low-ebb
2026-09-09 19:50:00,-1.0430532,low-ebb
2026-09-09 20:00:00,-1.0762978,low-ebb
2026-09-09 20:10:00,-1.1014328,low-ebb
2026-09-09 20:20:00,-1.1182846,low-ebb
2026-09-09 20:30:00,-1.1267401,low-ebb
2026-09-09 20:40:00,-1.1267465,low-ebb
2026-09-09 20:50:00,-1.1183114,low-flow
2026-09-09 21:00:00,-1.1015022,low-flow
2026-09-09 21:10:00,-1.0764462,low-flow
2026-09-09 21:20:00,-1.0433294,low-flow
2026-09-09 21:30:00,-1.0023959,low-flow
2026-09-09 21:40:00,-0.95394576,low-flow
2026-09-09 21:50:00,-0.8983325,low-flow
2026-09-09 22:00:00,-0.83596027,low-flow
2026-09-09 22:10:00,-0.76727957,low-flow
2026-09-09 22:20:00,-0.69278276,low-flow
2026-09-09 22:30:00,-0.612999,low-flow
2026-09-09 22:40:00,-0.5284889,low-flow
2026-09-09 22:50:00,-0.43983853,low-flow
2026-09-09 23:00:00,-0.34765458,low-flow
2026-09-09 23:10:00,-0.25255865,low-flow
2026-09-09 23:20:00,-0.15518261,low-flow
2026-09-09 23:30:00,-0.05616454,low-flow
2026-09-09 23:40:00,0.04385509,high-flow
2026-09-09 23:50:00,0.14423631,high-flow
2026-09-10 00:00:00,0.2443422,high-flow
2026-09-10 00:10:00,0.343541,high-flow
2026-09-10 00:20:00,0.441208,high-flow
2026-09-10 00:30:00,0.5367273,high-flow
2026-09-10 00:40:00,0.6294936,high-flow
2026-09-10 00:50:00,0.7189145,high-flow
2026-09-10 01:00:00,0.8044128,high-flow
2026-09-10 01:10:00,0.8854289,high-flow
2026-09-10 01:20:00,0.9614246,high-flow
2026-09-10 01:30:00,1.0318859,high-flow
2026-09-10 01:40:00,1.0963265,high-flow
2026-09-10 01:50:00,1.154292,high-flow
2026-09-10 02:00:00,1.2053628,high-flow
2026-09-10 02:10:00,1.2491574,high-flow
2026-09-10 02:20:00,1.2853359,high-flow
2026-09-10 02:30:00,1.3136016,high-flow
2026-09-10 02:40:00,1.3337042,high-flow
2026-09-10 02:50:00,1.3454406,high-flow
2026-09-10 03:00:00,1.3486571,high-flow
2026-09-10 03:10:00,1.3432502,high-ebb
2026-09-10 03:20:00,1.3291675,high-ebb
2026-09-10 03:30:00,1.3064097,high-ebb
2026-09-10 03:40:00,1.2750317,high-ebb
2026-09-10 03:50:00,1.2351434,high-ebb
2026-09-10 04:00:00,1.1869127,high-ebb
2026-09-10 04:10:00,1.1305664,high-ebb
2026-09-10 04:20:00,1.0663925,high-ebb
2026-09-10 04:30:00,0.9947424,high-ebb
2026-09-10 04:40:00,0.91603094,high-ebb
2026-09-10 04:50:00,0.830738,high-ebb
2026-09-10 05:00:00,0.73940766,high-ebb
2026-09-10 05:10:00,0.6426466,high-ebb
2026-09-10 05:20:00,0.54112095,high-ebb
2026-09-10 05:30:00,0.43555173,high-ebb
2026-09-10 05:40:00,0.32670882,high-ebb
2026-09-10 05:50:00,0.21540315,high-ebb
2026-09-10 06:00:00,0.10247781,high-ebb
2026-09-10 06:10:00,-0.011201855,low-ebb
2026-09-10 06:20:00,-0.12475896,low-ebb
2026-09-10 06:30:00,-0.23731603,low-ebb
2026-09-10 06:40:00,-0.34800592,low-ebb
2026-09-10 06:50:00,-0.45598224,low-ebb
2026-09-10 07:00:00,-0.5604289,low-ebb
2026-09-10 07:10:00,-0.66056895,low-ebb
2026-09-10 07:20:00,-0.7556713,low-ebb
2026-09-10 07:30:00,-0.84505725,low-ebb
2026-09-10 07:40:00,-0.9281046,low-ebb
2026-09-10 07:50:00,-1.0042511,low-ebb
2026-09-10 08:00:00,-1.0729967,low-ebb
2026-09-10 08:10:00,-1.1339048,low-ebb
2026-09-10 08:20:00,-1.1866028,low-ebb
2026-09-10 08:30:00,-1.2307825,low-ebb
2026-09-10 08:40:00,-1.2662,low-ebb
2026-09-10 08:50:00,-1.2926753,low-ebb
2026-09-10 09:00:00,-1.3100927,low-ebb
2026-09-10 09:10:00,-1.3184004,low-ebb
2026-09-10 09:20:00,-1.3176103,low-ebb
2026-09-10 09:30:00,-1.3077979,low-flow
2026-09-10 09:40:00,-1.289102,low-flow
2026-09-10 09:50:00,-1.261723,low-flow
2026-09-10 10:00:00,-1.2259223,low-flow
2026-09-10 10:10:00,-1.1820198,low-flow
2026-09-10 10:20:00,-1.1303906,low-flow
2026-09-10 10:30:00,-1.071462,low-flow
2026-09-10 10:40:00,-1.0057085,low-flow
2026-09-10 10:50:00,-0.933647,low-flow
2026-09-10 11:00:00,-0.8558317,low-flow
2026-09-10 11:10:00,-0.7728479,low-flow
2026-09-10 11:20:00,-0.6853066,low-flow
2026-09-10 11:30:00,-0.5938389,low-flow
2026-09-10 11:40:00,-0.49909052,low-flow
2026-09-10 11:50:00,-0.40171766,low-flow
2026-09-10 12:00:00,-0.30238244,low-flow
2026-09-10 12:10:00,-0.20174967,low-flow
2026-09-10 12:20:00,-0.10048368,low-flow
2026-09-10 12:30:00,0.00075395656,high-flow
2026-09-10 12:40:00,0.101306684,high-flow
2026-09-10 12:50:00,0.20052494,high-flow
2026-09-10 13:00:00,0.29776815,high-flow
2026-09-10 13:10:00,0.39240685,high-flow
2026-09-10 13:20:00,0.48382512,high-flow
2026-09-10 13:30:00,0.57142335,high-flow
2026-09-10 13:40:00,0.6546213,high-flow
2026-09-10 13:50:00,0.7328617,high-flow
2026-09-10 14:00:00,0.80561364,high-flow
2026-09-10 14:10:00,0.8723765,high-flow
2026-09-10 14:20:00,0.9326838,high-flow
2026-09-10 14:30:00,0.98610663,high-flow
2026-09-10 14:40:00,1.0322571,high-flow
2026-09-10 14:50:00,1.070791,high-flow
2026-09-10 15:00:00,1.1014107,high-flow
2026-09-10 15:10:00,1.1238672,high-flow
2026-09-10 15:20:00,1.1379611,high-flow
2026-09-10 15:30:00,1.1435456,high-flow
2026-09-10 15:40:00,1.140526,high-ebb
2026-09-10 15:50:00,1.1288625,high-ebb
2026-09-10 16:00:00,1.1085701,high-ebb
2026-09-10 16:10:00,1.0797217,high-ebb
2026-09-10 16:20:00,1.042448,high-ebb
2026-09-10 16:30:00,0.99694115,high-ebb
2026-09-10 16:40:00,0.9434549,high-ebb
2026-09-10 16:50:00,0.8823076,high-ebb
2026-09-10 17:00:00,0.81388277,high-ebb
2026-09-10 17:10:00,0.73863053,high-ebb
2026-09-10 17:20:00,0.6570671,high-ebb
2026-09-10 17:30:00,0.5697739,high-ebb
2026-09-10 17:40:00,0.47739482,high-ebb
2026-09-10 17:50:00,0.3806322,high-ebb
2026-09-10 18:00:00,0.2802414,high-ebb
2026-09-10 18:10:00,0.17702359,high-ebb
2026-09-10 18:20:00,0.07181712,high-ebb
2026-09-10 18:30:00,-0.03451209,low-ebb
2026-09-10 18:40:00,-0.14108123,low-ebb
2026-09-10 18:50:00,-0.24700165,low-ebb
2026-09-10 19:00:00,-0.35139018,low-ebb
2026-09-10 19:10:00,-0.45338005,low-ebb
2026-09-10 19:20:00,-0.5521311,low-ebb
2026-09-10 19:30:00,-0.6468393,low-ebb
2026-09-10 19:40:00,-0.7367447,low-ebb
2026-09-10 19:50:00,-0.82113826,low-ebb
2026-09-10 20:00:00,-0.89936733,low-ebb
2026-09-10 20:10:00,-0.9708395,low-ebb
2026-09-10 20:20:00,-1.0350255,low-ebb
2026-09-10 20:30:00,-1.0914611,low-ebb
2026-09-10 20:40:00,-1.1397477,low-ebb
2026-09-10 20:50:00,-1.1795533,low-ebb
2026-09-10 21:00:00,-1.2106118,low-ebb
2026-09-10 21:10:00,-1.2327237,low-ebb
2026-09-10 21:20:00,-1.2457551,low-ebb
2026-09-10 21:30:00,-1.2496378,low-ebb
2026-09-10 21:40:00,-1.2443695,low-flow
2026-09-10 21:50:00,-1.2300127,low-flow
2026-09-10 22:00:00,-1.2066945,low-flow
2026-09-10 22:10:00,-1.1746063,low-flow
2026-09-10 22:20:00,-1.1340016,low-flow
2026-09-10 22:30:00,-1.0851947,low-flow
2026-09-10 22:40:00,-1.0285575,low-flow
2026-09-10 22:50:00,-0.9645166,low-flow
2026-09-10 23:00:00,-0.89354855,low-flow
2026-09-10 23:10:00,-0.8161754,low-flow
2026-09-10 23:20:00,-0.7329593,low-flow
2026-09-10 23:30:00,-0.6444965,low-flow
2026-09-10 23:40:00,-0.55141187,low-flow
2026-09-10 23:50:00,-0.4543528,low-flow
2026-09-11 00:00:00,-0.35398382,low-flow
2026-09-11 00:10:00,-0.25098157,low-flow
2026-09-11 00:20:00,-0.1460302,low-flow
2026-09-11 00:30:00,-0.039817538,low-flow
2026-09-11 00:40:00,0.06696835,high-flow
2026-09-11 00:50:00,0.17364188,high-flow
2026-09-11 01:00:00,0.27952233,high-flow
2026-09-11 01:10:00,0.3839361,high-flow
2026-09-11 01:20:00,0.48621872,high-flow
2026-09-11 01:30:00,0.58571696,high-flow
2026-09-11 01:40:00,0.68179125,high-flow
2026-09-11 01:50:00,0.77381825,high-flow
2026-09-11 02:00:00,0.8611942,high-flow
2026-09-11 02:10:00,0.94333786,high-flow
2026-09-11 02:20:00,1.0196943,high-flow
2026-09-11 02:30:00,1.0897392,high-flow
2026-09-11 02:40:00,1.1529818,high-flow
2026-09-11 02:50:00,1.2089695,high-flow
2026-09-11 03:00:00,1.2572912,high-flow
2026-09-11 03:10:00,1.2975805,high-flow
2026-09-11 03:20:00,1.3295181,high-flow
2026-09-11 03:30:00,1.3528348,high-flow
2026-09-11 03:40:00,1.3673133,high-flow
2026-09-11 03:50:00,1.3727894,high-flow
2026-09-11 04:00:00,1.3691535,high-ebb
2026-09-11 04:10:00,1.3563524,high-ebb
2026-09-11 04:20:00,1.3343899,high-ebb
2026-09-11 04:30:00,1.3033282,high-ebb
2026-09-11 04:40:00,1.2632895,high-ebb
2026-09-11 04:50:00,1.214458,high-ebb
2026-09-11 05:00:00,1.157081,high-ebb
2026-09-11 05:10:00,1.0914708,high-ebb
2026-09-11 05:20:00,1.0180066,high-ebb
2026-09-11 05:30:00,0.9371347,high-ebb
2026-09-11 05:40:00,0.8493691,high-ebb
2026-09-11 05:50:00,0.7552911,high-ebb
2026-09-11 06:00:00,0.6555465,high-ebb
2026-09-11 06:10:00,0.55084276,high-ebb
2026-09-11 06:20:00,0.44194376,high-ebb
2026-09-11 06:30:00,0.3296633,high-ebb
2026-09-11 06:40:00,0.21485701,high-ebb
2026-09-11 06:50:00,0.09841298,high-ebb
2026-09-11 07:00:00,-0.018758565,low-ebb
2026-09-11 07:10:00,-0.13573645,low-ebb
2026-09-11 07:20:00,-0.25159988,low-ebb
2026-09-11 07:30:00,-0.36543983,low-ebb
2026-09-11 07:40:00,-0.4763699,low-ebb
2026-09-11 07:50:00,-0.58353615,low-ebb
2026-09-11 08:00:00,-0.68612635,low-ebb
2026-09-11 08:10:00,-0.7833771,low-ebb
2026-09-11 08:20:00,-0.87458056,low-ebb
2026-09-11 08:30:00,-0.95908874,low-ebb
2026-09-11 08:40:00,-1.0363173,low-ebb
2026-09-11 08:50:00,-1.1057479,low-ebb
2026-09-11 09:00:00,-1.1669292,low-ebb
2026-09-11 09:10:00,-1.2194782,low-ebb
2026-09-11 09:20:00,-1.2630795,low-ebb
2026-09-11 09:30:00,-1.2974863,low-ebb
2026-09-11 09:40:00,-1.3225192,low-ebb
2026-09-11 09:50:00,-1.3380666,low-ebb
2026-09-11 10:00:00,-1.3440844,low-ebb
2026-09-11 10:10:00,-1.3405955,low-flow
2026-09-11 10:20:00,-1.3276893,low-flow
2026-09-11 10:30:00,-1.3055216,low-flow
2026-09-11 10:40:00,-1.2743126,low-flow
2026-09-11 10:50:00,-1.2343464,low-flow
2026-09-11 11:00:00,-1.1859674,low-flow
2026-09-11 11:10:00,-1.1295782,low-flow
2026-09-11 11:20:00,-1.0656354,low-flow
2026-09-11 11:30:00,-0.9946451,low-flow
2026-09-11 11:40:00,-0.9171575,low-flow
2026-09-11 11:50:00,-0.8337616,low-flow
2026-09-11 12:00:00,-0.7450792,low-flow
2026-09-11 12:10:00,-0.6517591,low-flow
2026-09-11 12:20:00,-0.55447096,low-flow
2026-09-11 12:30:00,-0.4539005,low-flow
2026-09-11 12:40:00,-0.35074392,low-flow
2026-09-11 12:50:00,-0.24570403,low-flow
2026-09-11 13:00:00,-0.13948624,low-flow
2026-09-11 13:10:00,-0.032795433,low-flow
2026-09-11 13:20:00,0.07366684,high-flow
2026-09-11 13:30:00,0.17920476,high-flow
2026-09-11 13:40:00,0.28313056,high-flow
2026-09-11 13:50:00,0.3847668,high-flow
2026-09-11 14:00:00,0.4834487,high-flow
2026-09-11 14:10:00,0.5785271,high-flow
2026-09-11 14:20:00,0.6693713,high-flow
2026-09-11 14:30:00,0.7553724,high-flow
2026-09-11 14:40:00,0.8359473,high-flow
2026-09-11 14:50:00,0.9105423,high-flow
2026-09-11 15:00:00,0.9786375,high-flow
2026-09-11 15:10:00,1.0397506,high-flow
2026-09-11 15:20:00,1.0934404,high-flow
2026-09-11 15:30:00,1.1393112,high-flow
2026-09-11 15:40:00,1.1770151,high-flow
2026-09-11 15:50:00,1.2062548,high-flow
2026-09-11 16:00:00,1.2267859,high-flow
2026-09-11 16:10:00,1.2384187,high-flow
2026-09-11 16:20:00,1.2410196,high-flow
2026-09-11 16:30:00,1.2345119,high-ebb
2026-09-11 16:40:00,1.2188773,high-ebb
2026-09-11 16:50:00,1.1941571,high-ebb
2026-09-11 17:00:00,1.1604532,high-ebb
2026-09-11 17:10:00,1.1179295,high-ebb
2026-09-11 17:20:00,1.0668129,high-ebb
2026-09-11 17:30:00,1.0073959,high-ebb
2026-09-11 17:40:00,0.94003665,high-ebb
2026-09-11 17:50:00,0.86516076,high-ebb
2026-09-11 18:00:00,0.7832613,high-ebb
2026-09-11 18:10:00,0.6948985,high-ebb
2026-09-11 18:20:00,0.6006979,high-ebb
2026-09-11 18:30:00,0.5013474,high-ebb
2026-09-11 18:40:00,0.3975933,high-ebb
2026-09-11 18:50:00,0.29023364,high-ebb
2026-09-11 19:00:00,0.18011117,high-ebb
2026-09-11 19:10:00,0.06810435,high-ebb
2026-09-11 19:20:00,-0.0448827,low-ebb
2026-09-11 19:30:00,-0.15793109,low-ebb
2026-09-11 19:40:00,-0.27011847,low-ebb
2026-09-11 19:50:00,-0.38053063,low-ebb
2026-09-11 20:00:00,-0.4882724,low-ebb
2026-09-11 20:10:00,-0.59247833,low-ebb
2026-09-11 20:20:00,-0.6923221,low-ebb
2026-09-11 20:30:00,-0.78702444,low-ebb
2026-09-11 20:40:00,-0.8758605,low-ebb
2026-09-11 20:50:00,-0.9581646,low-ebb
2026-09-11 21:00:00,-1.0333346,low-ebb
2026-09-11 21:10:00,-1.1008346,low-ebb
2026-09-11 21:20:00,-1.1601964,low-ebb
2026-09-11 21:30:00,-1.2110205,low-ebb
2026-09-11 21:40:00,-1.2529763,low-ebb
2026-09-11 21:50:00,-1.2858019,low-ebb
2026-09-11 22:00:00,-1.3093034,low-ebb
2026-09-11 22:10:00,-1.3233554,low-ebb
2026-09-11 22:20:00,-1.3278998,low-ebb
2026-09-11 22:30:00,-1.3229455,low-flow
2026-09-11 22:40:00,-1.3085681,low-flow
2026-09-11 22:50:00,-1.2849094,low-flow
2026-09-11 23:00:00,-1.2521763,low-flow
2026-09-11 23:10:00,-1.2106391,low-flow
2026-09-11 23:20:00,-1.16063,low-flow
2026-09-11 23:30:00,-1.10254,low-flow
2026-09-11 23:40:00,-1.0368156,low-flow
2026-09-11 23:50:00,-0.96395445,low-flow
2026-09-12 00:00:00,-0.8845007,low-flow
2026-09-12 00:10:00,-0.79903924,low-flow
2026-09-12 00:20:00,-0.7081904,low-flow
2026-09-12 00:30:00,-0.61260366,low-flow
2026-09-12 00:40:00,-0.51295185,low-flow
2026-09-12 00:50:00,-0.4099257,low-flow
2026-09-12 01:00:00,-0.30422843,low-flow
2026-09-12 01:10:00,-0.19657108,low-flow
2026-09-12 01:20:00,-0.08766856,low-flow
2026-09-12 01:30:00,0.02176409,high-flow
2026-09-12 01:40:00,0.13101465,high-flow
2026-09-12 01:50:00,0.23937641,high-flow
2026-09-12 02:00:00,0.3461506,high-flow
2026-09-12 02:10:00,0.45064873,high-flow
2026-09-12 02:20:00,0.5521951,high-flow
2026-09-12 02:30:00,0.6501294,high-flow
2026-09-12 02:40:00,0.7438097,high-flow
2026-09-12 02:50:00,0.8326158,high-flow
2026-09-12 03:00:00,0.91595286,high-flow
2026-09-12 03:10:00,0.99325544,high-flow
2026-09-12 03:20:00,1.0639913,high-flow
2026-09-12 03:30:00,1.1276659,high-flow
2026-09-12 03:40:00,1.183826,high-flow
2026-09-12 03:50:00,1.2320635,high-flow
2026-09-12 04:00:00,1.2720191,high-flow
2026-09-12 04:10:00,1.3033844,high-flow
2026-09-12 04:20:00,1.325905,high-flow
2026-09-12 04:30:00,1.3393815,high-flow
2026-09-12 04:40:00,1.3436718,high-flow
2026-09-12 04:50:00,1.3386916,high-ebb
2026-09-12 05:00:00,1.3244159,high-ebb
2026-09-12 05:10:00,1.3008791,high-ebb
2026-09-12 05:20:00,1.2681767,high-ebb
2026-09-12 05:30:00,1.2264655,high-ebb
2026-09-12 05:40:00,1.1759655,high-ebb
2026-09-12 05:50:00,1.1169606,high-ebb
2026-09-12 06:00:00,1.0497999,high-ebb
2026-09-12 06:10:00,0.9748986,high-ebb
2026-09-12 06:20:00,0.8927381,high-ebb
2026-09-12 06:30:00,0.80386627,high-ebb
2026-09-12 06:40:00,0.70889574,high-ebb
2026-09-12 06:50:00,0.6085018,high-ebb
2026-09-12 07:00:00,0.50341815,high-ebb
2026-09-12 07:10:00,0.39443198,high-ebb
2026-09-12 07:20:00,0.28237686,high-ebb
2026-09-12 07:30:00,0.16812462,high-ebb
2026-09-12 07:40:00,0.052575797,high-ebb
2026-09-12 07:50:00,-0.063350834,low-ebb
2026-09-12 08:00:00,-0.17872943,low-ebb
2026-09-12 08:10:00,-0.29263842,low-ebb
2026-09-12 08:20:00,-0.40417182,low-ebb
2026-09-12 08:30:00,-0.5124499,low-ebb
2026-09-12 08:40:00,-0.61662894,low-ebb
2026-09-12 08:50:00,-0.7159102,low-ebb
2026-09-12 09:00:00,-0.8095469,low-ebb
2026-09-12 09:10:00,-0.8968504,low-ebb
2026-09-12 09:20:00,-0.9771945,low-ebb
2026-09-12 09:30:00,-1.0500187,low-ebb
2026-09-12 09:40:00,-1.11483,low-ebb
2026-09-12 09:50:00,-1.1712043,low-ebb
2026-09-12 10:00:00,-1.2187862,low-ebb
2026-09-12 10:10:00,-1.2572892,low-ebb
2026-09-12 10:20:00,-1.2864949,low-ebb
2026-09-12 10:30:00,-1.3062531,low-ebb
2026-09-12 10:40:00,-1.3164805,low-ebb
2026-09-12 10:50:00,-1.3171612,low-ebb
2026-09-12 11:00:00,-1.3083453,low-flow
2026-09-12 11:10:00,-1.2901489,low-flow
2026-09-12 11:20:00,-1.262753,low-flow
2026-09-12 11:30:00,-1.2264029,low-flow
2026-09-12 11:40:00,-1.181406,low-flow
2026-09-12 11:50:00,-1.12813,low-flow
2026-09-12 12:00:00,-1.0669993,low-flow
2026-09-12 12:10:00,-0.9984922,low-flow
2026-09-12 12:20:00,-0.9231352,low-flow
2026-09-12 12:30:00,-0.8414992,low-flow
2026-09-12 12:40:00,-0.754193,low-flow
2026-09-12 12:50:00,-0.66185814,low-flow
2026-09-12 13:00:00,-0.56516254,low-flow
2026-09-12 13:10:00,-0.46479517,low-flow
2026-09-12 13:20:00,-0.36146027,low-flow
2026-09-12 13:30:00,-0.25587243,low-flow
2026-09-12 13:40:00,-0.14875217,low-flow
2026-09-12 13:50:00,-0.04082194,low-flow
2026-09-12 14:00:00,0.067197256,high-flow
2026-09-12 14:10:00,0.1745889,high-flow
2026-09-12 14:20:00,0.28064367,high-flow
2026-09-12 14:30:00,0.38466188,high-flow
2026-09-12 14:40:00,0.48595634,high-flow
2026-09-12 14:50:00,0.5838548,high-flow
2026-09-12 15:00:00,0.6777031,high-flow
2026-09-12 15:10:00,0.76686853,high-flow
2026-09-12 15:20:00,0.8507436,high-flow
2026-09-12 15:30:00,0.9287498,high-flow
2026-09-12 15:40:00,1.000342,high-flow
2026-09-12 15:50:00,1.0650123,high-flow
2026-09-12 16:00:00,1.122295,high-flow
2026-09-12 16:10:00,1.1717695,high-flow
2026-09-12 16:20:00,1.2130643,high-flow
2026-09-12 16:30:00,1.2458602,high-flow
2026-09-12 16:40:00,1.2698927,high-flow
2026-09-12 16:50:00,1.2849535,high-flow
2026-09-12 17:00:00,1.2908926,high-flow
2026-09-12 17:10:00,1.287619,high-ebb
2026-09-12 17:20:00,1.2751015,high-ebb
2026-09-12 17:30:00,1.2533691,high-ebb
2026-09-12 17:40:00,1.2225116,high-ebb
2026-09-12 17:50:00,1.1826806,high-ebb
2026-09-12 18:00:00,1.1340891,high-ebb
2026-09-12 18:10:00,1.0770134,high-ebb
2026-09-12 18:20:00,1.0117933,high-ebb
2026-09-12 18:30:00,0.9388326,high-ebb
2026-09-12 18:40:00,0.8585999,high-ebb
2026-09-12 18:50:00,0.7716278,high-ebb
2026-09-12 19:00:00,0.6785122,high-ebb
2026-09-12 19:10:00,0.5799102,high-ebb
2026-09-12 19:20:00,0.47653648,high-ebb
2026-09-12 19:30:00,0.3691589,high-ebb
2026-09-12 19:40:00,0.258592,high-ebb
2026-09-12 19:50:00,0.1456897,high-ebb
2026-09-12 20:00:00,0.031336155,high-ebb
2026-09-12 20:10:00,-0.08356413,low-ebb
2026-09-12 20:20:00,-0.19809705,low-ebb
2026-09-12 20:30:00,-0.31135002,low-ebb
2026-09-12 20:40:00,-0.42242324,low-ebb
2026-09-12 20:50:00,-0.53044033,low-ebb
2026-09-12 21:00:00,-0.63455856,low-ebb
2026-09-12 21:10:00,-0.7339775,low-ebb
2026-09-12 21:20:00,-0.82794726,low-ebb
2026-09-12 21:30:00,-0.9157741,low-ebb
2026-09-12 21:40:00,-0.996826,low-ebb
2026-09-12 21:50:00,-1.0705353,low-ebb
2026-09-12 22:00:00,-1.1364014,low-ebb
2026-09-12 22:10:00,-1.1939919,low-ebb
2026-09-12 22:20:00,-1.2429425,low-ebb
2026-09-12 22:30:00,-1.282957,low-ebb
2026-09-12 22:40:00,-1.3138065,low-ebb
2026-09-12 22:50:00,-1.3353292,low-ebb
2026-09-12 23:00:00,-1.3474287,low-ebb
2026-09-12 23:10:00,-1.3500743,low-ebb
2026-09-12 23:20:00,-1.3433,low-flow
2026-09-12 23:30:00,-1.327204,low-flow
2026-09-12 23:40:00,-1.3019478,low-flow
2026-09-12 23:50:00,-1.2677557,low-flow
2026-09-13 00:00:00,-1.2249135,low-flow
2026-09-13 00:10:00,-1.173766,low-flow
2026-09-13 00:20:00,-1.1147152,low-flow
2026-09-13 00:30:00,-1.0482168,low-flow
2026-09-13 00:40:00,-0.97477645,low-flow
2026-09-13 00:50:00,-0.8949446,low-flow
2026-09-13 01:00:00,-0.809312,low-flow
2026-09-13 01:10:00,-0.71850353,low-flow
2026-09-13 01:20:00,-0.6231731,low-flow
2026-09-13 01:30:00,-0.5239974,low-flow
2026-09-13 01:40:00,-0.4216706,low-flow
2026-09-13 01:50:00,-0.31689897,low-flow
2026-09-13 02:00:00,-0.21039641,low-flow
2026-09-13 02:10:00,-0.10288001,low-flow
2026-09-13 02:20:00,0.00493352,high-flow
2026-09-13 02:30:00,0.11233114,high-flow
2026-09-13 02:40:00,0.21860638,high-flow
2026-09-13 02:50:00,0.32306203,high-flow
2026-09-13 03:00:00,0.42501283,high-flow
2026-09-13 03:10:00,0.52378815,high-flow
2026-09-13 03:20:00,0.61873513,high-flow
2026-09-13 03:30:00,0.70922166,high-flow
2026-09-13 03:40:00,0.79464036,high-flow
2026-09-13 03:50:00,0.87441224,high-flow
2026-09-13 04:00:00,0.94799083,high-flow
2026-09-13 04:10:00,1.0148667,high-flow
2026-09-13 04:20:00,1.0745714,high-flow
2026-09-13 04:30:00,1.1266816,high-flow
2026-09-13 04:40:00,1.1708225,high-flow
2026-09-13 04:50:00,1.2066717,high-flow
2026-09-13 05:00:00,1.233961,high-flow
2026-09-13 05:10:00,1.2524787,high-flow
2026-09-13 05:20:00,1.2620714,high-flow
2026-09-13 05:30:00,1.2626443,high-flow
2026-09-13 05:40:00,1.2541623,high-ebb
2026-09-13 05:50:00,1.23665,high-ebb
2026-09-13 06:00:00,1.2101918,high-ebb
2026-09-13 06:10:00,1.1749325,high-ebb
2026-09-13 06:20:00,1.1310765,high-ebb
2026-09-13 06:30:00,1.0788889,high-ebb
2026-09-13 06:40:00,1.0186961,high-ebb
2026-09-13 06:50:00,0.95088524,high-ebb
2026-09-13 07:00:00,0.875905,high-ebb
2026-09-13 07:10:00,0.7942652,high-ebb
2026-09-13 07:20:00,0.706536,high-ebb
2026-09-13 07:30:00,0.613346,high-ebb
2026-09-13 07:40:00,0.5153795,high-ebb
2026-09-13 07:50:00,0.41337252,high-ebb
2026-09-13 08:00:00,0.30810717,high-ebb
2026-09-13 08:10:00,0.20040491,high-ebb
2026-09-13 08:20:00,0.09111839,high-ebb
2026-09-13 08:30:00,-0.018877856,low-ebb
2026-09-13 08:40:00,-0.1286975,low-ebb
2026-09-13 08:50:00,-0.23745315,low-ebb
2026-09-13 09:00:00,-0.34426722,low-ebb
2026-09-13 09:10:00,-0.44828257,low-ebb
2026-09-13 09:20:00,-0.5486725,low-ebb
2026-09-13 09:30:00,-0.6446499,low-ebb
2026-09-13 09:40:00,-0.7354753,low-ebb
2026-09-13 09:50:00,-0.8204632,low-ebb
2026-09-13 10:00:00,-0.8989872,low-ebb
2026-09-13 10:10:00,-0.9704839,low-ebb
2026-09-13 10:20:00,-1.0344552,low-ebb
2026-09-13 10:30:00,-1.0904692,low-ebb
2026-09-13 10:40:00,-1.1381612,low-ebb
2026-09-13 10:50:00,-1.1772323,low-ebb
2026-09-13 11:00:00,-1.2074498,low-ebb
2026-09-13 11:10:00,-1.2286457,low-ebb
2026-09-13 11:20:00,-1.2407156,low-ebb
2026-09-13 11:30:00,-1.2436187,low-ebb
2026-09-13 11:40:00,-1.2373762,low-flow
2026-09-13 11:50:00,-1.2220712,low-flow
2026-09-13 12:00:00,-1.1978482,low-flow
2026-09-13 12:10:00,-1.1649125,low-flow
2026-09-13 12:20:00,-1.1235288,low-flow
2026-09-13 12:30:00,-1.0740206,low-flow
2026-09-13 12:40:00,-1.0167674,low-flow
2026-09-13 12:50:00,-0.9522027,low-flow
2026-09-13 13:00:00,-0.8808103,low-flow
2026-09-13 13:10:00,-0.8031204,low-flow
2026-09-13 13:20:00,-0.7197047,low-flow
2026-09-13 13:30:00,-0.63117146,low-flow
2026-09-13 13:40:00,-0.53816,low-flow
2026-09-13 13:50:00,-0.4413348,low-flow
2026-09-13 14:00:00,-0.34138012,low-flow
2026-09-13 14:10:00,-0.2389946,low-flow
2026-09-13 14:20:00,-0.13488637,low-flow
2026-09-13 14:30:00,-0.029768392,low-flow
2026-09-13 14:40:00,0.07564544,high-flow
2026-09-13 14:50:00,0.18064395,high-flow
2026-09-13 15:00:00,0.28452185,high-flow
2026-09-13 15:10:00,0.38658273,high-flow
2026-09-13 15:20:00,0.4861419,high-flow
2026-09-13 15:30:00,0.5825292,high-flow
2026-09-13 15:40:00,0.67509216,high-flow
2026-09-13 15:50:00,0.7631993,high-flow
2026-09-13 16:00:00,0.84624374,high-flow
2026-09-13 16:10:00,0.92364705,high-flow
2026-09-13 16:20:00,0.9948635,high-flow
2026-09-13 16:30:00,1.0593845,high-flow
2026-09-13 16:40:00,1.1167426,high-flow
2026-09-13 16:50:00,1.1665158,high-flow
2026-09-13 17:00:00,1.2083317,high-flow
2026-09-13 17:10:00,1.24187,high-flow
2026-09-13 17:20:00,1.2668661,high-flow
2026-09-13 17:30:00,1.2831125,high-flow
2026-09-13 17:40:00,1.290461,high-flow
2026-09-13 17:50:00,1.2888225,high-flow
2026-09-13 18:00:00,1.2781687,high-ebb
2026-09-13 18:10:00,1.2585307,high-ebb
2026-09-13 18:20:00,1.2299994,high-ebb
2026-09-13 18:30:00,1.1927253,high-ebb
2026-09-13 18:40:00,1.1469176,high-ebb
2026-09-13 18:50:00,1.0928442,high-ebb
2026-09-13 19:00:00,1.0308317,high-ebb
2026-09-13 19:10:00,0.9612648,high-ebb
2026-09-13 19:20:00,0.88458675,high-ebb
2026-09-13 19:30:00,0.8012984,high-ebb
2026-09-13 19:40:00,0.7119575,high-ebb
2026-09-13 19:50:00,0.61717737,high-ebb
2026-09-13 20:00:00,0.51762396,high-ebb
2026-09-13 20:10:00,0.4140128,high-ebb
2026-09-13 20:20:00,0.30710372,high-ebb
2026-09-13 20:30:00,0.1976951,high-ebb
2026-09-13 20:40:00,0.08661627,high-ebb
2026-09-13 20:50:00,-0.025280999,low-ebb
2026-09-13 21:00:00,-0.13713194,low-ebb
2026-09-13 21:10:00,-0.248069,low-ebb
2026-09-13 21:20:00,-0.35723218,low-ebb
2026-09-13 21:30:00,-0.4637795,low-ebb
2026-09-13 21:40:00,-0.56689686,low-ebb
2026-09-13 21:50:00,-0.6658072,low-ebb
2026-09-13 22:00:00,-0.75977844,low-ebb
2026-09-13 22:10:00,-0.84813035,low-ebb
2026-09-13 22:20:00,-0.9302396,low-ebb
2026-09-13 22:30:00,-1.0055441,low-ebb
2026-09-13 22:40:00,-1.0735449,low-ebb
2026-09-13 22:50:00,-1.1338077,low-ebb
2026-09-13 23:00:00,-1.1859635,low-ebb
2026-09-13 23:10:00,-1.2297077,low-ebb
2026-09-13 23:20:00,-1.2647994,low-ebb
2026-09-13 23:30:00,-1.29106,low-ebb
2026-09-13 23:40:00,-1.3083725,low-ebb
2026-09-13 23:50:00,-1.3166802,low-ebb
2026-09-14 00:00:00,-1.3159857,low-ebb
2026-09-14 00:10:00,-1.3063505,low-flow
2026-09-14 00:20:00,-1.2878945,low-flow
2026-09-14 00:30:00,-1.2607955,low-flow
2026-09-14 00:40:00,-1.2252884,low-flow
2026-09-14 00:50:00,-1.1816643,low-flow
2026-09-14 01:00:00,-1.1302696,low-flow
2026-09-14 01:10:00,-1.071503,low-flow
2026-09-14 01:20:00,-1.0058135,low-flow
2026-09-14 01:30:00,-0.9336968,low-flow
2026-09-14 01:40:00,-0.85569113,low-flow
2026-09-14 01:50:00,-0.7723725,low-flow
2026-09-14 02:00:00,-0.6843498,low-flow
2026-09-14 02:10:00,-0.59225917,low-flow
2026-09-14 02:20:00,-0.49675873,low-flow
2026-09-14 02:30:00,-0.39852312,low-flow
2026-09-14 02:40:00,-0.29823855,low-flow
2026-09-14 02:50:00,-0.19659796,low-flow
2026-09-14 03:00:00,-0.09429696,low-flow
2026-09-14 03:10:00,0.007970134,high-flow
2026-09-14 03:20:00,0.10951365,high-flow
2026-09-14 03:30:00,0.20965168,high-flow
2026-09-14 03:40:00,0.30771306,high-flow
2026-09-14 03:50:00,0.40304035,high-flow
2026-09-14 04:00:00,0.4949928,high-flow
2026-09-14 04:10:00,0.58294964,high-flow
2026-09-14 04:20:00,0.66631377,high-flow
2026-09-14 04:30:00,0.74451536,high-flow
2026-09-14 04:40:00,0.8170161,high-flow
2026-09-14 04:50:00,0.8833136,high-flow
2026-09-14 05:00:00,0.94294524,high-flow
2026-09-14 05:10:00,0.9954929,high-flow
2026-09-14 05:20:00,1.0405864,high-flow
2026-09-14 05:30:00,1.077907,high-flow
2026-09-14 05:40:00,1.1071906,high-flow
2026-09-14 05:50:00,1.1282293,high-flow
2026-09-14 06:00:00,1.1408733,high-flow
2026-09-14 06:10:00,1.1450316,high-flow
2026-09-14 06:20:00,1.1406718,high-ebb
2026-09-14 06:30:00,1.1278205,high-ebb
2026-09-14 06:40:00,1.1065619,high-ebb
2026-09-14 06:50:00,1.0770376,high-ebb
2026-09-14 07:00:00,1.039445,high-ebb
2026-09-14 07:10:00,0.99403775,high-ebb
2026-09-14 07:20:00,0.9411235,high-ebb
2026-09-14 07:30:00,0.8810646,high-ebb
2026-09-14 07:40:00,0.8142772,high-ebb
2026-09-14 07:50:00,0.74123037,high-ebb
2026-09-14 08:00:00,0.6624457,high-ebb
2026-09-14 08:10:00,0.5784959,high-ebb
2026-09-14 08:20:00,0.49000224,high-ebb
2026-09-14 08:30:00,0.39763218,high-ebb
2026-09-14 08:40:00,0.30209494,high-ebb
2026-09-14 08:50:00,0.2041363,high-ebb
2026-09-14 09:00:00,0.104532175,high-ebb
2026-09-14 09:10:00,0.0040808506,high-ebb
2026-09-14 09:20:00,-0.09640557,low-ebb
2026-09-14 09:30:00,-0.19611058,low-ebb
2026-09-14 09:40:00,-0.29422304,low-ebb
2026-09-14 09:50:00,-0.38994703,low-ebb
2026-09-14 10:00:00,-0.48251158,low-ebb
2026-09-14 10:10:00,-0.57117933,low-ebb
2026-09-14 10:20:00,-0.6552549,low-ebb
2026-09-14 10:30:00,-0.7340911,low-ebb
2026-09-14 10:40:00,-0.807095,low-ebb
2026-09-14 10:50:00,-0.8737314,low-ebb
2026-09-14 11:00:00,-0.9335255,low-ebb
2026-09-14 11:10:00,-0.9860646,low-ebb
2026-09-14 11:20:00,-1.0309982,low-ebb
2026-09-14 11:30:00,-1.0680372,low-ebb
2026-09-14 11:40:00,-1.0969533,low-ebb
2026-09-14 11:50:00,-1.1175774,low-ebb
2026-09-14 12:00:00,-1.1297984,low-ebb
2026-09-14 12:10:00,-1.1335618,low-ebb
2026-09-14 12:20:00,-1.1288689,low-flow
2026-09-14 12:30:00,-1.1157758,low-flow
2026-09-14 12:40:00,-1.0943934,low-flow
2026-09-14 12:50:00,-1.0648863,low-flow
2026-09-14 13:00:00,-1.0274736,low-flow
2026-09-14 13:10:00,-0.9824272,low-flow
2026-09-14 13:20:00,-0.9300719,low-flow
2026-09-14 13:30:00,-0.87078327,low-flow
2026-09-14 13:40:00,-0.80498606,low-flow
2026-09-14 13:50:00,-0.73315126,low-flow
2026-09-14 14:00:00,-0.6557927,low-flow
2026-09-14 14:10:00,-0.5734629,low-flow
2026-09-14 14:20:00,-0.48674834,low-flow
2026-09-14 14:30:00,-0.39626458,low-flow
2026-09-14 14:40:00,-0.30265084,low-flow
2026-09-14 14:50:00,-0.20656468,low-flow
2026-09-14 15:00:00,-0.108677015,low-flow
2026-09-14 15:10:00,-0.009667108,low-flow
2026-09-14 15:20:00,0.089781865,high-flow
2026-09-14 15:30:00,0.18898693,high-flow
2026-09-14 15:40:00,0.28726906,high-flow
2026-09-14 15:50:00,0.3839565,high-flow
2026-09-14 16:00:00,0.478388,high-flow
2026-09-14 16:10:00,0.569916,high-flow
2026-09-14 16:20:00,0.65790975,high-flow
2026-09-14 16:30:00,0.74175847,high-flow
2026-09-14 16:40:00,0.8208751,high-flow
2026-09-14 16:50:00,0.8947002,high-flow
2026-09-14 17:00:00,0.9627059,high-flow
2026-09-14 17:10:00,1.0244,high-flow
2026-09-14 17:20:00,1.0793307,high-flow
2026-09-14 17:30:00,1.1270905,high-flow
2026-09-14 17:40:00,1.1673203,high-flow
2026-09-14 17:50:00,1.1997125,high-flow
2026-09-14 18:00:00,1.2240149,high-flow
2026-09-14 18:10:00,1.240032,high-flow
2026-09-14 18:20:00,1.2476265,high-flow
2026-09-14 18:30:00,1.2467208,high-flow
2026-09-14 18:40:00,1.2372963,high-ebb
2026-09-14 18:50:00,1.2193929,high-ebb
2026-09-14 19:00:00,1.1931083,high-ebb
2026-09-14 19:10:00,1.1585966,high-ebb
2026-09-14 19:20:00,1.1160667,high-ebb
2026-09-14 19:30:00,1.0657809,high-ebb
2026-09-14 19:40:00,1.008054,high-ebb
2026-09-14 19:50:00,0.9432518,high-ebb
2026-09-14 20:00:00,0.87179035,high-ebb
2026-09-14 20:10:00,0.7941349,high-ebb
2026-09-14 20:20:00,0.710799,high-ebb
2026-09-14 20:30:00,0.6223428,high-ebb
2026-09-14 20:40:00,0.52937186,high-ebb
2026-09-14 20:50:00,0.43253374,high-ebb
2026-09-14 21:00:00,0.33251527,high-ebb
2026-09-14 21:10:00,0.23003739,high-ebb
2026-09-14 21:20:00,0.12584983,high-ebb
2026-09-14 21:30:00,0.020724062,high-ebb
2026-09-14 21:40:00,-0.08455433,low-ebb
2026-09-14 21:50:00,-0.18919437,low-ebb
2026-09-14 22:00:00,-0.29240873,low-ebb
2026-09-14 22:10:00,-0.3934232,low-ebb
2026-09-14 22:20:00,-0.4914857,low-ebb
2026-09-14 22:30:00,-0.5858751,low-ebb
2026-09-14 22:40:00,-0.67590916,low-ebb
2026-09-14 22:50:00,-0.7609509,low-ebb
2026-09-14 23:00:00,-0.8404148,low-ebb
2026-09-14 23:10:00,-0.91377,low-ebb
2026-09-14 23:20:00,-0.9805439,low-ebb
2026-09-14 23:30:00,-1.0403229,low-ebb
2026-09-14 23:40:00,-1.092753,low-ebb
2026-09-14 23:50:00,-1.1375395,low-ebb
2026-09-15 00:00:00,-1.1744454,low-ebb
2026-09-15 00:10:00,-1.20329,low-ebb
2026-09-15 00:20:00,-1.2239474,low-ebb
2026-09-15 00:30:00,-1.236345,low-ebb
2026-09-15 00:40:00,-1.2404625,low-ebb
2026-09-15 00:50:00,-1.2363306,low-flow
2026-09-15 01:00:00,-1.224031,low-flow
2026-09-15 01:10:00,-1.2036954,low-flow
2026-09-15 01:20:00,-1.1755068,low-flow
2026-09-15 01:30:00,-1.1396978,low-flow
2026-09-15 01:40:00,-1.0965512,low-flow
2026-09-15 01:50:00,-1.0463988,low-flow
2026-09-15 02:00:00,-0.9896203,low-flow
2026-09-15 02:10:00,-0.9266412,low-flow
2026-09-15 02:20:00,-0.8579298,low-flow
2026-09-15 02:30:00,-0.78399396,low-flow
2026-09-15 02:40:00,-0.70537704,low-flow
2026-09-15 02:50:00,-0.62265325,low-flow
2026-09-15 03:00:00,-0.53642255,low-flow
2026-09-15 03:10:00,-0.44730583,low-flow
2026-09-15 03:20:00,-0.35593966,low-flow
2026-09-15 03:30:00,-0.2629714,low-flow
2026-09-15 03:40:00,-0.1690546,low-flow
2026-09-15 03:50:00,-0.07484473,low-flow
2026-09-15 04:00:00,0.019004738,high-flow
2026-09-15 04:10:00,0.1118459,high-flow
2026-09-15 04:20:00,0.20303978,high-flow
2026-09-15 04:30:00,0.2919595,high-flow
2026-09-15 04:40:00,0.37799343,high-flow
2026-09-15 04:50:00,0.46054867,high-flow
2026-09-15 05:00:00,0.5390543,high-flow
2026-09-15 05:10:00,0.61296517,high-flow
2026-09-15 05:20:00,0.68176603,high-flow
2026-09-15 05:30:00,0.7449756,high-flow
2026-09-15 05:40:00,0.80215067,high-flow
2026-09-15 05:50:00,0.8528905,high-flow
2026-09-15 06:00:00,0.8968405,high-flow
2026-09-15 06:10:00,0.9336962,high-flow
2026-09-15 06:20:00,0.96320575,high-flow
2026-09-15 06:30:00,0.9851727,high-flow
2026-09-15 06:40:00,0.99945694,high-flow
2026-09-15 06:50:00,1.0059761,high-flow
2026-09-15 07:00:00,1.0047047,high-flow
2026-09-15 07:10:00,0.9956743,high-ebb
2026-09-15 07:20:00,0.9789715,high-ebb
2026-09-15 07:30:00,0.95473653,high-ebb
2026-09-15 07:40:00,0.9231615,high-ebb
2026-09-15 07:50:00,0.8844885,high-ebb
2026-09-15 08:00:00,0.83900785,high-ebb
2026-09-15 08:10:00,0.7870563,high-ebb
2026-09-15 08:20:00,0.72901607,high-ebb
2026-09-15 08:30:00,0.66531324,high-ebb
2026-09-15 08:40:00,0.59641695,high-ebb
2026-09-15 08:50:00,0.52283794,high-ebb
2026-09-15 09:00:00,0.44512698,high-ebb
2026-09-15 09:10:00,0.36387286,high-ebb
2026-09-15 09:20:00,0.2796995,high-ebb
2026-09-15 09:30:00,0.19326212,high-ebb
2026-09-15 09:40:00,0.10524254,high-ebb
2026-09-15 09:50:00,0.016343439,high-ebb
2026-09-15 10:00:00,-0.072718576,low-ebb
2026-09-15 10:10:00,-0.16122054,low-ebb
2026-09-15 10:20:00,-0.24844137,low-ebb
2026-09-15 10:30:00,-0.33367056,low-ebb
2026-09-15 10:40:00,-0.41621667,low-ebb
2026-09-15 10:50:00,-0.49541572,low-ebb
2026-09-15 11:00:00,-0.57063866,low-ebb
2026-09-15 11:10:00,-0.641298,low-ebb
2026-09-15 11:20:00,-0.70685345,low-ebb
2026-09-15 11:30:00,-0.76681584,low-ebb
2026-09-15 11:40:00,-0.8207501,low-ebb
2026-09-15 11:50:00,-0.8682767,low-ebb
2026-09-15 12:00:00,-0.90907204,low-ebb
2026-09-15 12:10:00,-0.94286776,low-ebb
2026-09-15 12:20:00,-0.9694497,low-ebb
2026-09-15 12:30:00,-0.9886561,low-ebb
2026-09-15 12:40:00,-1.0003759,low-ebb
2026-09-15 12:50:00,-1.0045469,low-ebb
2026-09-15 13:00:00,-1.0011549,low-flow
2026-09-15 13:10:00,-0.99023217,low-flow
2026-09-15 13:20:00,-0.971857,low-flow
2026-09-15 13:30:00,-0.9461539,low-flow
2026-09-15 13:40:00,-0.9132932,low-flow
2026-09-15 13:50:00,-0.8734917,low-flow
2026-09-15 14:00:00,-0.82701236,low-flow
2026-09-15 14:10:00,-0.77416444,low-flow
2026-09-15 14:20:00,-0.7153025,low-flow
2026-09-15 14:30:00,-0.6508254,low-flow
2026-09-15 14:40:00,-0.581174,low-flow
2026-09-15 14:50:00,-0.50682855,low-flow
2026-09-15 15:00:00,-0.42830506,low-flow
2026-09-15 15:10:00,-0.3461514,low-flow
2026-09-15 15:20:00,-0.2609426,low-flow
2026-09-15 15:30:00,-0.17327596,low-flow
2026-09-15 15:40:00,-0.08376606,low-flow
2026-09-15 15:50:00,0.0069600963,high-flow
2026-09-15 16:00:00,0.098267935,high-flow
2026-09-15 16:10:00,0.18951978,high-flow
2026-09-15 16:20:00,0.280079,high-flow
2026-09-15 16:30:00,0.36931384,high-flow
2026-09-15 16:40:00,0.45660102,high-flow
2026-09-15 16:50:00,0.54132915,high-flow
2026-09-15 17:00:00,0.622902,high-flow
2026-09-15 17:10:00,0.7007418,high-flow
2026-09-15 17:20:00,0.77429307,high-flow
2026-09-15 17:30:00,0.8430259,high-flow
2026-09-15 17:40:00,0.90644026,high-flow
2026-09-15 17:50:00,0.96406966,high-flow
2026-09-15 18:00:00,1.0154858,high-flow
2026-09-15 18:10:00,1.0603025,high-flow
2026-09-15 18:20:00,1.0981797,high-flow
2026-09-15 18:30:00,1.128827,high-flow
2026-09-15 18:40:00,1.152007,high-flow
2026-09-15 18:50:00,1.1675372,high-flow
2026-09-15 19:00:00,1.1752921,high-flow
2026-09-15 19:10:00,1.1752033,high-flow
2026-09-15 19:20:00,1.1672602,high-ebb
2026-09-15 19:30:00,1.1515082,high-ebb
2026-09-15 19:40:00,1.1280481,high-ebb
2026-09-15 19:50:00,1.0970331,high-ebb
2026-09-15 20:00:00,1.0586679,high-ebb
2026-09-15 20:10:00,1.0132047,high-ebb
2026-09-15 20:20:00,0.96094215,high-ebb
2026-09-15 20:30:00,0.90222263,high-ebb
2026-09-15 20:40:00,0.8374304,high-ebb
2026-09-15 20:50:00,0.76699024,high-ebb
2026-09-15 21:00:00,0.69136584,high-ebb
2026-09-15 21:10:00,0.6110583,high-ebb
2026-09-15 21:20:00,0.52660495,high-ebb
2026-09-15 21:30:00,0.4385771,high-ebb
2026-09-15 21:40:00,0.34757802,high-ebb
2026-09-15 21:50:00,0.25423965,high-ebb
2026-09-15 22:00:00,0.15921853,high-ebb
2026-09-15 22:10:00,0.06319098,high-ebb
2026-09-15 22:20:00,-0.033152875,low-ebb
2026-09-15 22:30:00,-0.12911588,low-ebb
2026-09-15 22:40:00,-0.22400126,low-ebb
2026-09-15 22:50:00,-0.31712058,low-ebb
2026-09-15 23:00:00,-0.40780175,low-ebb
2026-09-15 23:10:00,-0.49539685,low-ebb
2026-09-15 23:20:00,-0.57928956,low-ebb
2026-09-15 23:30:00,-0.65890163,low-ebb
2026-09-15 23:40:00,-0.73369837,low-ebb
2026-09-15 23:50:00,-0.80319273,low-ebb
2026-09-16 00:00:00,-0.8669486,low-ebb
2026-09-16 00:10:00,-0.9245822,low-ebb
2026-09-16 00:20:00,-0.9757625,low-ebb
2026-09-16 00:30:00,-1.0202111,low-ebb
2026-09-16 00:40:00,-1.0577005,low-ebb
2026-09-16 00:50:00,-1.0880527,low-ebb
2026-09-16 01:00:00,-1.1111373,low-ebb
2026-09-16 01:10:00,-1.1268696,low-ebb
2026-09-16 01:20:00,-1.1352086,low-ebb
2026-09-16 01:30:00,-1.1361569,low-ebb
2026-09-16 01:40:00,-1.1297593,low-flow
2026-09-16 01:50:00,-1.1161026,low-flow
2026-09-16 02:00:00,-1.0953162,low-flow
2026-09-16 02:10:00,-1.0675722,low-flow
2026-09-16 02:20:00,-1.0330863,low-flow
2026-09-16 02:30:00,-0.99211764,low-flow
2026-09-16 02:40:00,-0.9449692,low-flow
2026-09-16 02:50:00,-0.8919869,low-flow
2026-09-16 03:00:00,-0.8335584,low-flow
2026-09-16 03:10:00,-0.7701109,low-flow
2026-09-16 03:20:00,-0.70210874,low-flow
2026-09-16 03:30:00,-0.63004947,low-flow
2026-09-16 03:40:00,-0.55446,low-flow
2026-09-16 03:50:00,-0.47589195,low-flow
2026-09-16 04:00:00,-0.394917,low-flow
2026-09-16 04:10:00,-0.31212202,low-flow
2026-09-16 04:20:00,-0.22810416,low-flow
2026-09-16 04:30:00,-0.14346646,low-flow
2026-09-16 04:40:00,-0.058813438,low-flow
2026-09-16 04:50:00,0.025252892,high-flow
2026-09-16 05:00:00,0.10813669,high-flow
2026-09-16 05:10:00,0.18925184,high-flow
2026-09-16 05:20:00,0.2680253,high-flow
2026-09-16 05:30:00,0.34390047,high-flow
2026-09-16 05:40:00,0.41634062,high-flow
2026-09-16 05:50:00,0.48483247,high-flow
2026-09-16 06:00:00,0.54889005,high-flow
2026-09-16 06:10:00,0.60805863,high-flow
2026-09-16 06:20:00,0.66191864,high-flow
2026-09-16 06:30:00,0.71008986,high-flow
2026-09-16 06:40:00,0.7522354,high-flow
2026-09-16 06:50:00,0.78806525,high-flow
2026-09-16 07:00:00,0.8173392,high-flow
2026-09-16 07:10:00,0.83986944,high-flow
2026-09-16 07:20:00,0.8555223,high-flow
2026-09-16 07:30:00,0.86421895,high-flow
2026-09-16 07:40:00,0.86593515,high-flow
2026-09-16 07:50:00,0.86070085,high-ebb
2026-09-16 08:00:00,0.84859794,high-ebb
2026-09-16 08:10:00,0.8297586,high-ebb
2026-09-16 08:20:00,0.80436254,high-ebb
2026-09-16 08:30:00,0.7726342,high-ebb
2026-09-16 08:40:00,0.7348403,high-ebb
2026-09-16 08:50:00,0.6912871,high-ebb
2026-09-16 09:00:00,0.6423183,high-ebb
2026-09-16 09:10:00,0.588313,high-ebb
2026-09-16 09:20:00,0.52968425,high-ebb
2026-09-16 09:30:00,0.46687764,high-ebb
2026-09-16 09:40:00,0.4003698,high-ebb
2026-09-16 09:50:00,0.33066702,high-ebb
2026-09-16 10:00:00,0.2583035,high-ebb
2026-09-16 10:10:00,0.18383878,high-ebb
2026-09-16 10:20:00,0.1078548,high-ebb
2026-09-16 10:30:00,0.03095178,high-ebb
2026-09-16 10:40:00,-0.04625658,low-ebb
2026-09-16 10:50:00,-0.123148836,low-ebb
2026-09-16 11:00:00,-0.19910231,low-ebb
2026-09-16 11:10:00,-0.27350008,low-ebb
2026-09-16 11:20:00,-0.3457383,low-ebb
2026-09-16 11:30:00,-0.41523346,low-ebb
2026-09-16 11:40:00,-0.4814294,low-ebb
2026-09-16 11:50:00,-0.5438034,low-ebb
2026-09-16 12:00:00,-0.6018719,low-ebb
2026-09-16 12:10:00,-0.65519434,low-ebb
2026-09-16 12:20:00,-0.7033767,low-ebb
2026-09-16 12:30:00,-0.7460728,low-ebb
2026-09-16 12:40:00,-0.78298545,low-ebb
2026-09-16 12:50:00,-0.81386554,low-ebb
2026-09-16 13:00:00,-0.8385113,low-ebb
2026-09-16 13:10:00,-0.8567662,low-ebb
2026-09-16 13:20:00,-0.86851734,low-ebb
2026-09-16 13:30:00,-0.87369317,low-ebb
2026-09-16 13:40:00,-0.872262,low-ebb
2026-09-16 13:50:00,-0.8642307,low-flow
2026-09-16 14:00:00,-0.84964377,low-flow
2026-09-16 14:10:00,-0.8285834,low-flow
2026-09-16 14:20:00,-0.8011697,low-flow
2026-09-16 14:30:00,-0.76756114,low-flow
2026-09-16 14:40:00,-0.72795564,low-flow
2026-09-16 14:50:00,-0.68259126,low-flow
2026-09-16 15:00:00,-0.6317466,low-flow
2026-09-16 15:10:00,-0.5757411,low-flow
2026-09-16 15:20:00,-0.5149342,low-flow
2026-09-16 15:30:00,-0.44972405,low-flow
2026-09-16 15:40:00,-0.38054562,low-flow
2026-09-16 15:50:00,-0.30786747,low-flow
2026-09-16 16:00:00,-0.2321884,low-flow
2026-09-16 16:10:00,-0.1540332,low-flow
2026-09-16 16:20:00,-0.07394814,low-flow
2026-09-16 16:30:00,0.007503782,high-flow
2026-09-16 16:40:00,0.08974763,high-flow
2026-09-16 16:50:00,0.17220123,high-flow
2026-09-16 17:00:00,0.25427964,high-flow
2026-09-16 17:10:00,0.33539936,high-flow
2026-09-16 17:20:00,0.4149823,high-flow
2026-09-16 17:30:00,0.49245945,high-flow
2026-09-16 17:40:00,0.5672744,high-flow
2026-09-16 17:50:00,0.6388867,high-flow
2026-09-16 18:00:00,0.7067756,high-flow
2026-09-16 18:10:00,0.7704433,high-flow
2026-09-16 18:20:00,0.82941884,high-flow
2026-09-16 18:30:00,0.88326186,high-flow
2026-09-16 18:40:00,0.9315668,high-flow
2026-09-16 18:50:00,0.9739665,high-flow
2026-09-16 19:00:00,1.0101365,high-flow
2026-09-16 19:10:00,1.0397984,high-flow
2026-09-16 19:20:00,1.0627229,high-flow
2026-09-16 19:30:00,1.0787327,high-flow
2026-09-16 19:40:00,1.0877042,high-flow
2026-09-16 19:50:00,1.0895677,high-flow
2026-09-16 20:00:00,1.0843086,high-ebb
2026-09-16 20:10:00,1.0719656,high-ebb
2026-09-16 20:20:00,1.0526292,high-ebb
2026-09-16 20:30:00,1.02644,high-ebb
2026-09-16 20:40:00,0.993585,high-ebb
2026-09-16 20:50:00,0.9542951,high-ebb
2026-09-16 21:00:00,0.90884197,high-ebb
2026-09-16 21:10:00,0.857535,high-ebb
2026-09-16 21:20:00,0.8007186,high-ebb
2026-09-16 21:30:00,0.7387701,high-ebb
2026-09-16 21:40:00,0.6720975,high-ebb
2026-09-16 21:50:00,0.6011381,high-ebb
2026-09-16 22:00:00,0.5263571,high-ebb
2026-09-16 22:10:00,0.44824624,high-ebb
2026-09-16 22:20:00,0.3673222,high-ebb
2026-09-16 22:30:00,0.28412485,high-ebb
2026-09-16 22:40:00,0.19921465,high-ebb
2026-09-16 22:50:00,0.11316958,high-ebb
2026-09-16 23:00:00,0.026581043,high-ebb
2026-09-16 23:10:00,-0.059950985,low-ebb
2026-09-16 23:20:00,-0.14582358,low-ebb
2026-09-16 23:30:00,-0.23043716,low-ebb
2026-09-16 23:40:00,-0.31320208,low-ebb
2026-09-16 23:50:00,-0.39354548,low-ebb
2026-09-17 00:00:00,-0.47091785,low-ebb
2026-09-17 00:10:00,-0.54479927,low-ebb
2026-09-17 00:20:00,-0.61470467,low-ebb
2026-09-17 00:30:00,-0.6801882,low-ebb
2026-09-17 00:40:00,-0.7408465,low-ebb
2026-09-17 00:50:00,-0.7963211,low-ebb
2026-09-17 01:00:00,-0.8462987,low-ebb
2026-09-17 01:10:00,-0.8905116,low-ebb
2026-09-17 01:20:00,-0.9287361,low-ebb
2026-09-17 01:30:00,-0.96079147,low-ebb
2026-09-17 01:40:00,-0.98653775,low-ebb
2026-09-17 01:50:00,-1.0058736,low-ebb
2026-09-17 02:00:00,-1.0187345,low-ebb
2026-09-17 02:10:00,-1.0250918,low-ebb
2026-09-17 02:20:00,-1.024951,low-ebb
2026-09-17 02:30:00,-1.0183525,low-flow
2026-09-17 02:40:00,-1.0053711,low-flow
2026-09-17 02:50:00,-0.9861172,low-flow
2026-09-17 03:00:00,-0.9607377,low-flow
2026-09-17 03:10:00,-0.92941713,low-flow
2026-09-17 03:20:00,-0.89237875,low-flow
2026-09-17 03:30:00,-0.84988534,low-flow
2026-09-17 03:40:00,-0.8022389,low-flow
2026-09-17 03:50:00,-0.7497803,low-flow
2026-09-17 04:00:00,-0.69288796,low-flow
2026-09-17 04:10:00,-0.6319753,low-flow
2026-09-17 04:20:00,-0.56748796,low-flow
2026-09-17 04:30:00,-0.49990013,low-flow
2026-09-17 04:40:00,-0.4297102,low-flow
2026-09-17 04:50:00,-0.35743642,low-flow
2026-09-17 05:00:00,-0.2836121,low-flow
2026-09-17 05:10:00,-0.20878102,low-flow
2026-09-17 05:20:00,-0.1334928,low-flow
2026-09-17 05:30:00,-0.058298603,low-flow
2026-09-17 05:40:00,0.016252834,high-flow
2026-09-17 05:50:00,0.0896191,high-flow
2026-09-17 06:00:00,0.16126764,high-flow
2026-09-17 06:10:00,0.23067923,high-flow
2026-09-17 06:20:00,0.29735133,high-flow
2026-09-17 06:30:00,0.36080167,high-flow
2026-09-17 06:40:00,0.42057163,high-flow
2026-09-17 06:50:00,0.47623008,high-flow
2026-09-17 07:00:00,0.5273771,high-flow
2026-09-17 07:10:00,0.573648,high-flow
2026-09-17 07:20:00,0.6147166,high-flow
2026-09-17 07:30:00,0.65029943,high-flow
2026-09-17 07:40:00,0.68015856,high-flow
2026-09-17 07:50:00,0.7041041,high-flow
2026-09-17 08:00:00,0.7219965,high-flow
2026-09-17 08:10:00,0.733747,high-flow
2026-09-17 08:20:00,0.7393185,high-flow
2026-09-17 08:30:00,0.73872435,high-flow
2026-09-17 08:40:00,0.73202693,high-ebb
2026-09-17 08:50:00,0.7193354,high-ebb
2026-09-17 09:00:00,0.7008029,high-ebb
2026-09-17 09:10:00,0.67662334,high-ebb
2026-09-17 09:20:00,0.6470281,high-ebb
2026-09-17 09:30:00,0.6122828,high-ebb
2026-09-17 09:40:00,0.57268465,high-ebb
2026-09-17 09:50:00,0.52855957,high-ebb
2026-09-17 10:00:00,0.48026034,high-ebb
2026-09-17 10:10:00,0.42816484,high-ebb
2026-09-17 10:20:00,0.37267488,high-ebb
2026-09-17 10:30:00,0.31421492,high-ebb
2026-09-17 10:40:00,0.25323117,high-ebb
2026-09-17 10:50:00,0.19019018,high-ebb
2026-09-17 11:00:00,0.12557715,high-ebb
2026-09-17 11:10:00,0.059893698,high-ebb
2026-09-17 11:20:00,-0.006345306,low-ebb
2026-09-17 11:30:00,-0.07261552,low-ebb
2026-09-17 11:40:00,-0.13838783,low-ebb
2026-09-17 11:50:00,-0.20313363,low-ebb
2026-09-17 12:00:00,-0.26633078,low-ebb
2026-09-17 12:10:00,-0.32746965,low-ebb
2026-09-17 12:20:00,-0.3860594,low-ebb
2026-09-17 12:30:00,-0.44163367,low-ebb
2026-09-17 12:40:00,-0.49375594,low-ebb
2026-09-17 12:50:00,-0.54202396,low-ebb
2026-09-17 13:00:00,-0.5860732,low-ebb
2026-09-17 13:10:00,-0.6255791,low-ebb
2026-09-17 13:20:00,-0.66025823,low-ebb
2026-09-17 13:30:00,-0.6898684,low-ebb
2026-09-17 13:40:00,-0.71420807,low-ebb
2026-09-17 13:50:00,-0.73311454,low-ebb
2026-09-17 14:00:00,-0.7464625,low-ebb
2026-09-17 14:10:00,-0.75416166,low-ebb
2026-09-17 14:20:00,-0.75615495,low-ebb
2026-09-17 14:30:00,-0.75241727,low-flow
2026-09-17 14:40:00,-0.74295413,low-flow
2026-09-17 14:50:00,-0.7278017,low-flow
2026-09-17 15:00:00,-0.7070266,low-flow
2026-09-17 15:10:00,-0.68072724,low-flow
2026-09-17 15:20:00,-0.6490346,low-flow
2026-09-17 15:30:00,-0.612114,low-flow
2026-09-17 15:40:00,-0.57016623,low-flow
2026-09-17 15:50:00,-0.5234291,low-flow
2026-09-17 16:00:00,-0.47217774,low-flow
2026-09-17 16:10:00,-0.41672486,low-flow
2026-09-17 16:20:00,-0.35741994,low-flow
2026-09-17 16:30:00,-0.2946476,low-flow
2026-09-17 16:40:00,-0.22882523,low-flow
2026-09-17 16:50:00,-0.16039969,low-flow
2026-09-17 17:00:00,-0.08984355,low-flow
2026-09-17 17:10:00,-0.017650826,low-flow
2026-09-17 17:20:00,0.055667665,high-flow
2026-09-17 17:30:00,0.12958895,high-flow
2026-09-17 17:40:00,0.20358254,high-flow
2026-09-17 17:50:00,0.27711493,high-flow
2026-09-17 18:00:00,0.34965378,high-flow
2026-09-17 18:10:00,0.42067194,high-flow
2026-09-17 18:20:00,0.4896511,high-flow
2026-09-17 18:30:00,0.5560855,high-flow
2026-09-17 18:40:00,0.61948526,high-flow
2026-09-17 18:50:00,0.6793797,high-flow
2026-09-17 19:00:00,0.7353211,high-flow
2026-09-17 19:10:00,0.78688824,high-flow
2026-09-17 19:20:00,0.8336898,high-flow
2026-09-17 19:30:00,0.8753685,high-flow
2026-09-17 19:40:00,0.9116044,high-flow
2026-09-17 19:50:00,0.94211894,high-flow
2026-09-17 20:00:00,0.9666776,high-flow
2026-09-17 20:10:00,0.985093,high-flow
2026-09-17 20:20:00,0.99722683,high-flow
2026-09-17 20:30:00,1.002991,high-flow
2026-09-17 20:40:00,1.0023482,high-flow
2026-09-17 20:50:00,0.9953112,high-ebb
2026-09-17 21:00:00,0.9819417,high-ebb
2026-09-17 21:10:00,0.9623478,high-ebb
2026-09-17 21:20:00,0.93668145,high-ebb
2026-09-17 21:30:00,0.905135,high-ebb
2026-09-17 21:40:00,0.8679379,high-ebb
2026-09-17 21:50:00,0.8253534,high-ebb
2026-09-17 22:00:00,0.77767485,high-ebb
2026-09-17 22:10:00,0.7252235,high-ebb
2026-09-17 22:20:00,0.6683456,high-ebb
2026-09-17 22:30:00,0.60741085,high-ebb
2026-09-17 22:40:00,0.542811,high-ebb
2026-09-17 22:50:00,0.47495857,high-ebb
2026-09-17 23:00:00,0.4042862,high-ebb
2026-09-17 23:10:00,0.33124554,high-ebb
2026-09-17 23:20:00,0.25630614,high-ebb
2026-09-17 23:30:00,0.17995365,high-ebb
2026-09-17 23:40:00,0.10268767,high-ebb
2026-09-17 23:50:00,0.025018543,high-ebb
2026-09-18 00:00:00,-0.05253646,low-ebb
2026-09-18 00:10:00,-0.12945776,low-ebb
2026-09-18 00:20:00,-0.20522864,low-ebb
2026-09-18 00:30:00,-0.279341,low-ebb
2026-09-18 00:40:00,-0.35130107,low-ebb
2026-09-18 00:50:00,-0.4206351,low-ebb
2026-09-18 01:00:00,-0.48689464,low-ebb
2026-09-18 01:10:00,-0.54966116,low-ebb
2026-09-18 01:20:00,-0.60854965,low-ebb
2026-09-18 01:30:00,-0.66321164,low-ebb
2026-09-18 01:40:00,-0.7133362,low-ebb
2026-09-18 01:50:00,-0.75865114,low-ebb
2026-09-18 02:00:00,-0.798922,low-ebb
2026-09-18 02:10:00,-0.8339514,low-ebb
2026-09-18 02:20:00,-0.86357707,low-ebb
2026-09-18 02:30:00,-0.8876699,low-ebb
2026-09-18 02:40:00,-0.9061324,low-ebb
2026-09-18 02:50:00,-0.9188969,low-ebb
2026-09-18 03:00:00,-0.92592454,low-ebb
2026-09-18 03:10:00,-0.9272047,low-ebb
2026-09-18 03:20:00,-0.9227554,low-flow
2026-09-18 03:30:00,-0.91262394,low-flow
2026-09-18 03:40:00,-0.89688826,low-flow
2026-09-18 03:50:00,-0.8756586,low-flow
2026-09-18 04:00:00,-0.8490791,low-flow
2026-09-18 04:10:00,-0.81732965,low-flow
2026-09-18 04:20:00,-0.7806271,low-flow
2026-09-18 04:30:00,-0.7392255,low-flow
2026-09-18 04:40:00,-0.69341654,low-flow
2026-09-18 04:50:00,-0.6435281,low-flow
2026-09-18 05:00:00,-0.5899229,low-flow
2026-09-18 05:10:00,-0.5329955,low-flow
2026-09-18 05:20:00,-0.47316897,low-flow
2026-09-18 05:30:00,-0.41089106,low-flow
2026-09-18 05:40:00,-0.3466298,low-flow
2026-09-18 05:50:00,-0.28086892,low-flow
2026-09-18 06:00:00,-0.21410318,low-flow
2026-09-18 06:10:00,-0.14683396,low-flow
2026-09-18 06:20:00,-0.0795649,low-flow
2026-09-18 06:30:00,-0.012797872,low-flow
2026-09-18 06:40:00,0.052970853,high-flow
2026-09-18 06:50:00,0.11725413,high-flow
2026-09-18 07:00:00,0.17957741,high-flow
2026-09-18 07:10:00,0.23948203,high-flow
2026-09-18 07:20:00,0.2965286,high-flow
2026-09-18 07:30:00,0.35030043,high-flow
2026-09-18 07:40:00,0.400407,high-flow
2026-09-18 07:50:00,0.4464875,high-flow
2026-09-18 08:00:00,0.48821446,high-flow
2026-09-18 08:10:00,0.5252972,high-flow
2026-09-18 08:20:00,0.55748504,high-flow
2026-09-18 08:30:00,0.58456993,high-flow
2026-09-18 08:40:00,0.606389,high-flow
2026-09-18 08:50:00,0.6228256,high-flow
2026-09-18 09:00:00,0.63381046,high-flow
2026-09-18 09:10:00,0.63932097,high-flow
2026-09-18 09:20:00,0.6393804,high-flow
2026-09-18 09:30:00,0.63405585,high-ebb
2026-09-18 09:40:00,0.6234555,high-ebb
2026-09-18 09:50:00,0.60772586,high-ebb
2026-09-18 10:00:00,0.58704793,high-ebb
2026-09-18 10:10:00,0.5616341,high-ebb
2026-09-18 10:20:00,0.53172463,high-ebb
2026-09-18 10:30:00,0.49758488,high-ebb
2026-09-18 10:40:00,0.45950282,high-ebb
2026-09-18 10:50:00,0.41778705,high-ebb
2026-09-18 11:00:00,0.37276557,high-ebb
2026-09-18 11:10:00,0.32478473,high-ebb
2026-09-18 11:20:00,0.27420875,high-ebb
2026-09-18 11:30:00,0.22141911,high-ebb
2026-09-18 11:40:00,0.16681401,high-ebb
2026-09-18 11:50:00,0.110807426,high-ebb
2026-09-18 12:00:00,0.05382752,high-ebb
2026-09-18 12:10:00,-0.0036854174,low-ebb
2026-09-18 12:20:00,-0.061282016,low-ebb
2026-09-18 12:30:00,-0.118507534,low-ebb
2026-09-18 12:40:00,-0.1749063,low-ebb
2026-09-18 12:50:00,-0.23002672,low-ebb
2026-09-18 13:00:00,-0.2834266,low-ebb
2026-09-18 13:10:00,-0.33467856,low-ebb
2026-09-18 13:20:00,-0.38337508,low-ebb
2026-09-18 13:30:00,-0.42913327,low-ebb
2026-09-18 13:40:00,-0.4715988,low-ebb
2026-09-18 13:50:00,-0.51044893,low-ebb
2026-09-18 14:00:00,-0.54539436,low-ebb
2026-09-18 14:10:00,-0.5761804,low-ebb
2026-09-18 14:20:00,-0.60258687,low-ebb
2026-09-18 14:30:00,-0.6244272,low-ebb
2026-09-18 14:40:00,-0.6415474,low-ebb
2026-09-18 14:50:00,-0.65382385,low-ebb
2026-09-18 15:00:00,-0.6611619,low-ebb
2026-09-18 15:10:00,-0.6634941,low-ebb
2026-09-18 15:20:00,-0.6607792,low-flow
2026-09-18 15:30:00,-0.6530013,low-flow
2026-09-18 15:40:00,-0.6401703,low-flow
2026-09-18 15:50:00,-0.62232226,low-flow
2026-09-18 16:00:00,-0.5995209,low-flow
2026-09-18 16:10:00,-0.57185954,low-flow
2026-09-18 16:20:00,-0.53946257,low-flow
2026-09-18 16:30:00,-0.5024879,low-flow
2026-09-18 16:40:00,-0.46112823,low-flow
2026-09-18 16:50:00,-0.41561252,low-flow
2026-09-18 17:00:00,-0.36620617,low-flow
2026-09-18 17:10:00,-0.31321096,low-flow
2026-09-18 17:20:00,-0.25696352,low-flow
2026-09-18 17:30:00,-0.1978334,low-flow
2026-09-18 17:40:00,-0.13622005,low-flow
2026-09-18 17:50:00,-0.072549194,low-flow
2026-09-18 18:00:00,-0.007268719,low-flow
2026-09-18 18:10:00,0.059155807,high-flow
2026-09-18 18:20:00,0.12624574,high-flow
2026-09-18 18:30:00,0.19351391,high-flow
2026-09-18 18:40:00,0.26046914,high-flow
2026-09-18 18:50:00,0.3266204,high-flow
2026-09-18 19:00:00,0.39148065,high-flow
2026-09-18 19:10:00,0.4545708,high-flow
2026-09-18 19:20:00,0.5154228,high-flow
2026-09-18 19:30:00,0.57358354,high-flow
2026-09-18 19:40:00,0.62861747,high-flow
2026-09-18 19:50:00,0.6801105,high-flow
2026-09-18 20:00:00,0.72767323,high-flow
2026-09-18 20:10:00,0.77094436,high-flow
2026-09-18 20:20:00,0.80959404,high-flow
2026-09-18 20:30:00,0.8433275,high-flow
2026-09-18 20:40:00,0.87188846,high-flow
2026-09-18 20:50:00,0.8950613,high-flow
2026-09-18 21:00:00,0.9126744,high-flow
2026-09-18 21:10:00,0.9246012,high-flow
2026-09-18 21:20:00,0.93076134,high-flow
2026-09-18 21:30:00,0.9311209,high-flow
2026-09-18 21:40:00,0.9256914,high-ebb
2026-09-18 21:50:00,0.9145285,high-ebb
2026-09-18 22:00:00,0.8977291,high-ebb
2026-09-18 22:10:00,0.8754289,high-ebb
2026-09-18 22:20:00,0.84779894,high-ebb
2026-09-18 22:30:00,0.81504196,high-ebb
2026-09-18 22:40:00,0.7773891,high-ebb
2026-09-18 22:50:00,0.73509693,high-ebb
2026-09-18 23:00:00,0.68844485,high-ebb
2026-09-18 23:10:00,0.6377327,high-ebb
2026-09-18 23:20:00,0.5832795,high-ebb
2026-09-18 23:30:00,0.5254226,high-ebb
2026-09-18 23:40:00,0.46451673,high-ebb
2026-09-18 23:50:00,0.40093416,high-ebb
2026-09-19 00:00:00,0.33506408,high-ebb
2026-09-19 00:10:00,0.26731214,high-ebb
2026-09-19 00:20:00,0.1980997,high-ebb
2026-09-19 00:30:00,0.12786205,high-ebb
2026-09-19 00:40:00,0.057046276,high-ebb
2026-09-19 00:50:00,-0.013891905,low-ebb
2026-09-19 01:00:00,-0.08449199,low-ebb
2026-09-19 01:10:00,-0.1542932,low-ebb
2026-09-19 01:20:00,-0.22283949,low-ebb
2026-09-19 01:30:00,-0.28968474,low-ebb
2026-09-19 01:40:00,-0.354398,low-ebb
2026-09-19 01:50:00,-0.41656825,low-ebb
2026-09-19 02:00:00,-0.47580874,low-ebb
2026-09-19 02:10:00,-0.5317605,low-ebb
2026-09-19 02:20:00,-0.58409476,low-ebb
2026-09-19 02:30:00,-0.6325148,low-ebb
2026-09-19 02:40:00,-0.6767559,low-ebb
2026-09-19 02:50:00,-0.7165859,low-ebb
2026-09-19 03:00:00,-0.75180346,low-ebb
2026-09-19 03:10:00,-0.7822371,low-ebb
2026-09-19 03:20:00,-0.80774343,low-ebb
2026-09-19 03:30:00,-0.8282056,low-ebb
2026-09-19 03:40:00,-0.84353226,low-ebb
2026-09-19 03:50:00,-0.8536567,low-ebb
2026-09-19 04:00:00,-0.858537,low-ebb
2026-09-19 04:10:00,-0.8581565,low-ebb
2026-09-19 04:20:00,-0.852525,low-flow
2026-09-19 04:30:00,-0.84168077,low-flow
2026-09-19 04:40:00,-0.8256925,low-flow
2026-09-19 04:50:00,-0.8046612,low-flow
2026-09-19 05:00:00,-0.7787228,low-flow
2026-09-19 05:10:00,-0.74804926,low-flow
2026-09-19 05:20:00,-0.7128496,low-flow
2026-09-19 05:30:00,-0.6733706,low-flow
2026-09-19 05:40:00,-0.62989545,low-flow
2026-09-19 05:50:00,-0.5827427,low-flow
2026-09-19 06:00:00,-0.5322636,low-flow
2026-09-19 06:10:00,-0.47883886,low-flow
2026-09-19 06:20:00,-0.42287502,low-flow
2026-09-19 06:30:00,-0.36479998,low-flow
2026-09-19 06:40:00,-0.30505866,low-flow
2026-09-19 06:50:00,-0.2441083,low-flow
2026-09-19 07:00:00,-0.18241419,low-flow
2026-09-19 07:10:00,-0.120445274,low-flow
2026-09-19 07:20:00,-0.058670145,low-flow
2026-09-19 07:30:00,0.0024466044,high-flow
2026-09-19 07:40:00,0.062447924,high-flow
2026-09-19 07:50:00,0.1208876,high-flow
2026-09-19 08:00:00,0.17733346,high-flow
2026-09-19 08:10:00,0.23137057,high-flow
2026-09-19 08:20:00,0.28260443,high-flow
2026-09-19 08:30:00,0.33066425,high-flow
2026-09-19 08:40:00,0.37520638,high-flow
2026-09-19 08:50:00,0.41591752,high-flow
2026-09-19 09:00:00,0.45251793,high-flow
2026-09-19 09:10:00,0.48476446,high-flow
2026-09-19 09:20:00,0.51245314,high-flow
2026-09-19 09:30:00,0.535421,high-flow
2026-09-19 09:40:00,0.5535476,high-flow
2026-09-19 09:50:00,0.56675535,high-flow
2026-09-19 10:00:00,0.57500935,high-flow
2026-09-19 10:10:00,0.5783158,high-flow
2026-09-19 10:20:00,0.5767206,high-ebb
2026-09-19 10:30:00,0.5703063,high-ebb
2026-09-19 10:40:00,0.5591893,high-ebb
2026-09-19 10:50:00,0.5435165,high-ebb
2026-09-19 11:00:00,0.52346206,high-ebb
2026-09-19 11:10:00,0.49922422,high-ebb
2026-09-19 11:20:00,0.471023,high-ebb
2026-09-19 11:30:00,0.4390978,high-ebb
2026-09-19 11:40:00,0.40370604,high-ebb
2026-09-19 11:50:00,0.3651223,high-ebb
2026-09-19 12:00:00,0.32363787,high-ebb
2026-09-19 12:10:00,0.27956077,high-ebb
2026-09-19 12:20:00,0.2332159,high-ebb
2026-09-19 12:30:00,0.18494491,high-ebb
2026-09-19 12:40:00,0.13510612,high-ebb
2026-09-19 12:50:00,0.08407352,high-ebb
2026-09-19 13:00:00,0.032235354,high-ebb
2026-09-19 13:10:00,-0.02000829,low-ebb
2026-09-19 13:20:00,-0.072248586,low-ebb
2026-09-19 13:30:00,-0.12407189,low-ebb
2026-09-19 13:40:00,-0.17506428,low-ebb
2026-09-19 13:50:00,-0.22481643,low-ebb
2026-09-19 14:00:00,-0.2729287,low-ebb
2026-09-19 14:10:00,-0.31901613,low-ebb
2026-09-19 14:20:00,-0.36271286,low-ebb
2026-09-19 14:30:00,-0.40367606,low-ebb
2026-09-19 14:40:00,-0.44158894,low-ebb
2026-09-19 14:50:00,-0.47616288,low-ebb
2026-09-19 15:00:00,-0.50713867,low-ebb
2026-09-19 15:10:00,-0.5342865,low-ebb
2026-09-19 15:20:00,-0.5574057,low-ebb
2026-09-19 15:30:00,-0.5763236,low-ebb
2026-09-19 15:40:00,-0.5908941,low-ebb
2026-09-19 15:50:00,-0.6009963,low-ebb
2026-09-19 16:00:00,-0.60653335,low-ebb
2026-09-19 16:10:00,-0.6074317,low-ebb
2026-09-19 16:20:00,-0.60364085,low-flow
2026-09-19 16:30:00,-0.59513384,low-flow
2026-09-19 16:40:00,-0.5819084,low-flow
2026-09-19 16:50:00,-0.5639888,low-flow
2026-09-19 17:00:00,-0.54142755,low-flow
2026-09-19 17:10:00,-0.5143081,low-flow
2026-09-19 17:20:00,-0.48274687,low-flow
2026-09-19 17:30:00,-0.44689542,low-flow
2026-09-19 17:40:00,-0.40694162,low-flow
2026-09-19 17:50:00,-0.36311057,low-flow
2026-09-19 18:00:00,-0.3156644,low-flow
2026-09-19 18:10:00,-0.26490116,low-flow
2026-09-19 18:20:00,-0.21115293,low-flow
2026-09-19 18:30:00,-0.15478292,low-flow
2026-09-19 18:40:00,-0.096182056,low-flow
2026-09-19 18:50:00,-0.03576484,low-flow
2026-09-19 19:00:00,0.026035033,high-flow
2026-09-19 19:10:00,0.08876921,high-flow
2026-09-19 19:20:00,0.15197922,high-flow
2026-09-19 19:30:00,0.21520087,high-flow
2026-09-19 19:40:00,0.27796838,high-flow
2026-09-19 19:50:00,0.33981824,high-flow
2026-09-19 20:00:00,0.40029278,high-flow
2026-09-19 20:10:00,0.45894364,high-flow
2026-09-19 20:20:00,0.51533484,high-flow
2026-09-19 20:30:00,0.5690461,high-flow
2026-09-19 20:40:00,0.6196757,high-flow
2026-09-19 20:50:00,0.6668441,high-flow
2026-09-19 21:00:00,0.71019685,high-flow
2026-09-19 21:10:00,0.74940795,high-flow
2026-09-19 21:20:00,0.78418314,high-flow
2026-09-19 21:30:00,0.8142629,high-flow
2026-09-19 21:40:00,0.83942544,high-flow
2026-09-19 21:50:00,0.8594885,high-flow
2026-09-19 22:00:00,0.87431127,high-flow
2026-09-19 22:10:00,0.8837955,high-flow
2026-09-19 22:20:00,0.8878853,high-flow
2026-09-19 22:30:00,0.8865664,high-flow
2026-09-19 22:40:00,0.87986493,high-ebb
2026-09-19 22:50:00,0.86784506,high-ebb
2026-09-19 23:00:00,0.8506059,high-ebb
2026-09-19 23:10:00,0.82827914,high-ebb
2026-09-19 23:20:00,0.8010253,high-ebb
2026-09-19 23:30:00,0.76903075,high-ebb
2026-09-19 23:40:00,0.73250544,high-ebb
2026-09-19 23:50:00,0.6916802,high-ebb
2026-09-20 00:00:00,0.64680547,high-ebb
2026-09-20 00:10:00,0.59815,high-ebb
2026-09-20 00:20:00,0.5460007,high-ebb
2026-09-20 00:30:00,0.49066252,high-ebb
2026-09-20 00:40:00,0.43245852,high-ebb
2026-09-20 00:50:00,0.3717305,high-ebb
2026-09-20 01:00:00,0.30883878,high-ebb
2026-09-20 01:10:00,0.24416196,high-ebb
2026-09-20 01:20:00,0.17809582,high-ebb
2026-09-20 01:30:00,0.11105154,high-ebb
2026-09-20 01:40:00,0.04345302,high-ebb
2026-09-20 01:50:00,-0.024266576,low-ebb
2026-09-20 02:00:00,-0.091669075,low-ebb
2026-09-20 02:10:00,-0.15831605,low-ebb
2026-09-20 02:20:00,-0.22377388,low-ebb
2026-09-20 02:30:00,-0.28761894,low-ebb
2026-09-20 02:40:00,-0.3494424,low-ebb
2026-09-20 02:50:00,-0.4088547,low-ebb
2026-09-20 03:00:00,-0.4654891,low-ebb
2026-09-20 03:10:00,-0.5190046,low-ebb
2026-09-20 03:20:00,-0.56908774,low-ebb
2026-09-20 03:30:00,-0.6154534,low-ebb
2026-09-20 03:40:00,-0.65784526,low-ebb
2026-09-20 03:50:00,-0.69603455,low-ebb
2026-09-20 04:00:00,-0.7298198,low-ebb
2026-09-20 04:10:00,-0.75902516,low-ebb
2026-09-20 04:20:00,-0.7834994,low-ebb
2026-09-20 04:30:00,-0.80311537,low-ebb
2026-09-20 04:40:00,-0.81776917,low-ebb
2026-09-20 04:50:00,-0.82738096,low-ebb
2026-09-20 05:00:00,-0.8318957,low-ebb
2026-09-20 05:10:00,-0.83128476,low-ebb
2026-09-20 05:20:00,-0.8255477,low-flow
2026-09-20 05:30:00,-0.81471515,low-flow
2026-09-20 05:40:00,-0.7988507,low-flow
2026-09-20 05:50:00,-0.7780534,low-flow
2026-09-20 06:00:00,-0.75245935,low-flow
2026-09-20 06:10:00,-0.7222432,low-flow
2026-09-20 06:20:00,-0.687618,low-flow
2026-09-20 06:30:00,-0.6488352,low-flow
2026-09-20 06:40:00,-0.6061827,low-flow
2026-09-20 06:50:00,-0.5599829,low-flow
2026-09-20 07:00:00,-0.5105892,low-flow
2026-09-20 07:10:00,-0.45838234,low-flow
2026-09-20 07:20:00,-0.4037664,low-flow
2026-09-20 07:30:00,-0.34716403,low-flow
2026-09-20 07:40:00,-0.28901213,low-flow
2026-09-20 07:50:00,-0.22975735,low-flow
2026-09-20 08:00:00,-0.16985197,low-flow
2026-09-20 08:10:00,-0.10974989,low-flow
2026-09-20 08:20:00,-0.049903028,low-flow
2026-09-20 08:30:00,0.00924203,high-flow
2026-09-20 08:40:00,0.06724724,high-flow
2026-09-20 08:50:00,0.12368614,high-flow
2026-09-20 09:00:00,0.1781469,high-flow
2026-09-20 09:10:00,0.23023531,high-flow
2026-09-20 09:20:00,0.27957797,high-flow
2026-09-20 09:30:00,0.32582548,high-flow
2026-09-20 09:40:00,0.3686555,high-flow
2026-09-20 09:50:00,0.40777603,high-flow
2026-09-20 10:00:00,0.44292808,high-flow
2026-09-20 10:10:00,0.4738884,high-flow
2026-09-20 10:20:00,0.50047135,high-flow
2026-09-20 10:30:00,0.5225303,high-flow
2026-09-20 10:40:00,0.5399583,high-flow
2026-09-20 10:50:00,0.5526877,high-flow
2026-09-20 11:00:00,0.56068945,high-flow
2026-09-20 11:10:00,0.5639711,high-flow
2026-09-20 11:20:00,0.5625748,high-ebb
2026-09-20 11:30:00,0.5565744,high-ebb
2026-09-20 11:40:00,0.5460727,high-ebb
2026-09-20 11:50:00,0.53119856,high-ebb
2026-09-20 12:00:00,0.5121043,high-ebb
2026-09-20 12:10:00,0.4889635,high-ebb
2026-09-20 12:20:00,0.4619696,high-ebb
2026-09-20 12:30:00,0.43133473,high-ebb
2026-09-20 12:40:00,0.39728937,high-ebb
2026-09-20 12:50:00,0.36008242,high-ebb
2026-09-20 13:00:00,0.3199819,high-ebb
2026-09-20 13:10:00,0.2772753,high-ebb
2026-09-20 13:20:00,0.23227014,high-ebb
2026-09-20 13:30:00,0.18529421,high-ebb
2026-09-20 13:40:00,0.13669501,high-ebb
2026-09-20 13:50:00,0.08683861,high-ebb
2026-09-20 14:00:00,0.03610758,high-ebb
2026-09-20 14:10:00,-0.015101959,low-ebb
2026-09-20 14:20:00,-0.066384085,low-ebb
2026-09-20 14:30:00,-0.117327556,low-ebb
2026-09-20 14:40:00,-0.16752076,low-ebb
2026-09-20 14:50:00,-0.21655689,low-ebb
2026-09-20 15:00:00,-0.26403904,low-ebb
2026-09-20 15:10:00,-0.309585,low-ebb
2026-09-20 15:20:00,-0.35283145,low-ebb
2026-09-20 15:30:00,-0.39343742,low-ebb
2026-09-20 15:40:00,-0.43108672,low-ebb
2026-09-20 15:50:00,-0.46548957,low-ebb
2026-09-20 16:00:00,-0.49638337,low-ebb
2026-09-20 16:10:00,-0.52353257,low-ebb
2026-09-20 16:20:00,-0.546728,low-ebb
2026-09-20 16:30:00,-0.5657863,low-ebb
2026-09-20 16:40:00,-0.58054835,low-ebb
2026-09-20 16:50:00,-0.5908789,low-ebb
2026-09-20 17:00:00,-0.5966663,low-ebb
2026-09-20 17:10:00,-0.5978219,low-ebb
2026-09-20 17:20:00,-0.5942816,low-flow
2026-09-20 17:30:00,-0.5860069,low-flow
2026-09-20 17:40:00,-0.5729865,low-flow
2026-09-20 17:50:00,-0.5552391,low-flow
2026-09-20 18:00:00,-0.53281546,low-flow
2026-09-20 18:10:00,-0.50580096,low-flow
2026-09-20 18:20:00,-0.4743175,low-flow
2026-09-20 18:30:00,-0.4385251,low-flow
2026-09-20 18:40:00,-0.3986228,low-flow
2026-09-20 18:50:00,-0.3548483,low-flow
2026-09-20 19:00:00,-0.30747703,low-flow
2026-09-20 19:10:00,-0.2568203,low-flow
2026-09-20 19:20:00,-0.2032223,low-flow
2026-09-20 19:30:00,-0.14705683,low-flow
2026-09-20 19:40:00,-0.08872303,low-flow
2026-09-20 19:50:00,-0.028641107,low-flow
2026-09-20 20:00:00,0.03275224,high-flow
2026-09-20 20:10:00,0.09500828,high-flow
2026-09-20 20:20:00,0.15767063,high-flow
2026-09-20 20:30:00,0.22027935,high-flow
2026-09-20 20:40:00,0.28237465,high-flow
2026-09-20 20:50:00,0.34350047,high-flow
2026-09-20 21:00:00,0.40320766,high-flow
2026-09-20 21:10:00,0.46105713,high-flow
2026-09-20 21:20:00,0.51662284,high-flow
2026-09-20 21:30:00,0.5694947,high-flow
2026-09-20 21:40:00,0.619282,high-flow
2026-09-20 21:50:00,0.6656161,high-flow
2026-09-20 22:00:00,0.7081537,high-flow
2026-09-20 22:10:00,0.7465804,high-flow
2026-09-20 22:20:00,0.7806133,high-flow
2026-09-20 22:30:00,0.810004,high-flow
2026-09-20 22:40:00,0.83454084,high-flow
2026-09-20 22:50:00,0.85405076,high-flow
2026-09-20 23:00:00,0.8684004,high-flow
2026-09-20 23:10:00,0.8774964,high-flow
2026-09-20 23:20:00,0.88128525,high-flow
2026-09-20 23:30:00,0.8797516,high-ebb
2026-09-20 23:40:00,0.8729169,high-ebb
2026-09-20 23:50:00,0.8608367,high-ebb
2026-09-21 00:00:00,0.8435985,high-ebb
2026-09-21 00:10:00,0.82131857,high-ebb
2026-09-21 00:20:00,0.79413974,high-ebb
2026-09-21 00:30:00,0.7622292,high-ebb
2026-09-21 00:40:00,0.7257764,high-ebb
2026-09-21 00:50:00,0.68499243,high-ebb
2026-09-21 01:00:00,0.6401091,high-ebb
2026-09-21 01:10:00,0.59137934,high-ebb
2026-09-21 01:20:00,0.5390772,high-ebb
2026-09-21 01:30:00,0.48349884,high-ebb
2026-09-21 01:40:00,0.42496288,high-ebb
2026-09-21 01:50:00,0.36381105,high-ebb
2026-09-21 02:00:00,0.30040792,high-ebb
2026-09-21 02:10:00,0.23514003,high-ebb
2026-09-21 02:20:00,0.16841426,high-ebb
2026-09-21 02:30:00,0.10065528,high-ebb
2026-09-21 02:40:00,0.03230189,high-ebb
2026-09-21 02:50:00,-0.036197152,low-ebb
2026-09-21 03:00:00,-0.10438816,low-ebb
2026-09-21 03:10:00,-0.17181784,low-ebb
2026-09-21 03:20:00,-0.23803869,low-ebb
2026-09-21 03:30:00,-0.30261436,low-ebb
2026-09-21 03:40:00,-0.36512443,low-ebb
2026-09-21 03:50:00,-0.42516854,low-ebb
2026-09-21 04:00:00,-0.48236975,low-ebb
2026-09-21 04:10:00,-0.53637683,low-ebb
2026-09-21 04:20:00,-0.5868658,low-ebb
2026-09-21 04:30:00,-0.6335404,low-ebb
2026-09-21 04:40:00,-0.67613226,low-ebb
2026-09-21 04:50:00,-0.7144001,low-ebb
2026-09-21 05:00:00,-0.74812895,low-ebb
2026-09-21 05:10:00,-0.77712965,low-ebb
2026-09-21 05:20:00,-0.8012381,low-ebb
2026-09-21 05:30:00,-0.8203154,low-ebb
2026-09-21 05:40:00,-0.83424824,low-ebb
2026-09-21 05:50:00,-0.84295005,low-ebb
2026-09-21 06:00:00,-0.8463627,low-ebb
2026-09-21 06:10:00,-0.84445864,low-flow
2026-09-21 06:20:00,-0.8372431,low-flow
2026-09-21 06:30:00,-0.8247568,low-flow
2026-09-21 06:40:00,-0.8070778,low-flow
2026-09-21 06:50:00,-0.7843237,low-flow
2026-09-21 07:00:00,-0.7566523,low-flow
2026-09-21 07:10:00,-0.7242622,low-flow
2026-09-21 07:20:00,-0.68739206,low-flow
2026-09-21 07:30:00,-0.6463193,low-flow
2026-09-21 07:40:00,-0.6013574,low-flow
2026-09-21 07:50:00,-0.5528528,low-flow
2026-09-21 08:00:00,-0.5011811,low-flow
2026-09-21 08:10:00,-0.44674292,low-flow
2026-09-21 08:20:00,-0.38995928,low-flow
2026-09-21 08:30:00,-0.33126712,low-flow
2026-09-21 08:40:00,-0.271115,low-flow
2026-09-21 08:50:00,-0.20995885,low-flow
2026-09-21 09:00:00,-0.14825808,low-flow
2026-09-21 09:10:00,-0.086472094,low-flow
2026-09-21 09:20:00,-0.025056975,low-flow
2026-09-21 09:30:00,0.0355376,high-flow
2026-09-21 09:40:00,0.0948713,high-flow
2026-09-21 09:50:00,0.15251604,high-flow
2026-09-21 10:00:00,0.20805898,high-flow
2026-09-21 10:10:00,0.26110554,high-flow
2026-09-21 10:20:00,0.31128255,high-flow
2026-09-21 10:30:00,0.35824132,high-flow
2026-09-21 10:40:00,0.40166095,high-flow
2026-09-21 10:50:00,0.44125113,high-flow
2026-09-21 11:00:00,0.47675487,high-flow
2026-09-21 11:10:00,0.5079508,high-flow
2026-09-21 11:20:00,0.5346544,high-flow
2026-09-21 11:30:00,0.5567195,high-flow
2026-09-21 11:40:00,0.57403797,high-flow
2026-09-21 11:50:00,0.58653927,high-flow
2026-09-21 12:00:00,0.5941894,high-flow
2026-09-21 12:10:00,0.5969888,high-flow
2026-09-21 12:20:00,0.59497035,high-ebb
2026-09-21 12:30:00,0.58819675,high-ebb
2026-09-21 12:40:00,0.5767586,high-ebb
2026-09-21 12:50:00,0.560772,high-ebb
2026-09-21 13:00:00,0.5403768,high-ebb
2026-09-21 13:10:00,0.5157356,high-ebb
2026-09-21 13:20:00,0.48703355,high-ebb
2026-09-21 13:30:00,0.45447752,high-ebb
2026-09-21 13:40:00,0.41829738,high-ebb
2026-09-21 13:50:00,0.37874633,high-ebb
2026-09-21 14:00:00,0.33610195,high-ebb
2026-09-21 14:10:00,0.2906667,high-ebb
2026-09-21 14:20:00,0.24276835,high-ebb
2026-09-21 14:30:00,0.19275947,high-ebb
2026-09-21 14:40:00,0.14101632,high-ebb
2026-09-21 14:50:00,0.08793663,high-ebb
2026-09-21 15:00:00,0.033936527,high-ebb
2026-09-21 15:10:00,-0.02055351,low-ebb
2026-09-21 15:20:00,-0.07509341,low-ebb
2026-09-21 15:30:00,-0.12923883,low-ebb
2026-09-21 15:40:00,-0.18254684,low-ebb
2026-09-21 15:50:00,-0.23458147,low-ebb
2026-09-21 16:00:00,-0.28491908,low-ebb
2026-09-21 16:10:00,-0.33315313,low-ebb
2026-09-21 16:20:00,-0.37889814,low-ebb
2026-09-21 16:30:00,-0.42179295,low-ebb
2026-09-21 16:40:00,-0.4615027,low-ebb
2026-09-21 16:50:00,-0.4977202,low-ebb
2026-09-21 17:00:00,-0.53016645,low-ebb
2026-09-21 17:10:00,-0.55859023,low-ebb
2026-09-21 17:20:00,-0.5827681,low-ebb
2026-09-21 17:30:00,-0.60250306,low-ebb
2026-09-21 17:40:00,-0.61762476,low-ebb
2026-09-21 17:50:00,-0.62798864,low-ebb
2026-09-21 18:00:00,-0.6334766,low-ebb
2026-09-21 18:10:00,-0.6339977,low-ebb
2026-09-21 18:20:00,-0.6294895,low-flow
2026-09-21 18:30:00,-0.6199201,low-flow
2026-09-21 18:40:00,-0.60529006,low-flow
2026-09-21 18:50:00,-0.5856351,low-flow
2026-09-21 19:00:00,-0.56102806,low-flow
2026-09-21 19:10:00,-0.531581,low-flow
2026-09-21 19:20:00,-0.49744642,low-flow
2026-09-21 19:30:00,-0.45881817,low-flow
2026-09-21 19:40:00,-0.41593084,low-flow
2026-09-21 19:50:00,-0.36905888,low-flow
2026-09-21 20:00:00,-0.3185144,low-flow
2026-09-21 20:10:00,-0.26464432,low-flow
2026-09-21 20:20:00,-0.20782664,low-flow
2026-09-21 20:30:00,-0.1484665,low-flow
2026-09-21 20:40:00,-0.08699159,low-flow
2026-09-21 20:50:00,-0.023847662,low-flow
2026-09-21 21:00:00,0.04050602,high-flow
2026-09-21 21:10:00,0.105601005,high-flow
2026-09-21 21:20:00,0.17096369,high-flow
2026-09-21 21:30:00,0.23611908,high-flow
2026-09-21 21:40:00,0.30059415,high-flow
2026-09-21 21:50:00,0.36392117,high-flow
2026-09-21 22:00:00,0.42564046,high-flow
2026-09-21 22:10:00,0.4853036,high-flow
2026-09-21 22:20:00,0.54247624,high-flow
2026-09-21 22:30:00,0.596741,high-flow
2026-09-21 22:40:00,0.6477009,high-flow
2026-09-21 22:50:00,0.6949822,high-flow
2026-09-21 23:00:00,0.738238,high-flow
2026-09-21 23:10:00,0.77715105,high-flow
2026-09-21 23:20:00,0.81143695,high-flow
2026-09-21 23:30:00,0.84084666,high-flow
2026-09-21 23:40:00,0.8651686,high-flow
2026-09-21 23:50:00,0.8842299,high-flow
2026-09-22 00:00:00,0.8978975,high-flow
2026-09-22 00:10:00,0.90607786,high-flow
2026-09-22 00:20:00,0.9087165,high-flow
2026-09-22 00:30:00,0.9057964,high-ebb
2026-09-22 00:40:00,0.89733636,high-ebb
2026-09-22 00:50:00,0.88338894,high-ebb
2026-09-22 01:00:00,0.86403805,high-ebb
2026-09-22 01:10:00,0.83939713,high-ebb
2026-09-22 01:20:00,0.80960727,high-ebb
2026-09-22 01:30:00,0.7748358,high-ebb
2026-09-22 01:40:00,0.7352759,high-ebb
2026-09-22 01:50:00,0.69114596,high-ebb
2026-09-22 02:00:00,0.6426902,high-ebb
2026-09-22 02:10:00,0.5901789,high-ebb
2026-09-22 02:20:00,0.53390974,high-ebb
2026-09-22 02:30:00,0.474208,high-ebb
2026-09-22 02:40:00,0.41142723,high-ebb
2026-09-22 02:50:00,0.34594885,high-ebb
2026-09-22 03:00:00,0.27818128,high-ebb
2026-09-22 03:10:00,0.20855808,high-ebb
2026-09-22 03:20:00,0.13753486,high-ebb
2026-09-22 03:30:00,0.06558554,high-ebb
2026-09-22 03:40:00,-0.0068024276,low-ebb
2026-09-22 03:50:00,-0.07913353,low-ebb
2026-09-22 04:00:00,-0.1509101,low-ebb
2026-09-22 04:10:00,-0.2216383,low-ebb
2026-09-22 04:20:00,-0.2908342,low-ebb
2026-09-22 04:30:00,-0.35802895,low-ebb
2026-09-22 04:40:00,-0.4227739,low-ebb
2026-09-22 04:50:00,-0.4846444,low-ebb
2026-09-22 05:00:00,-0.5432428,low-ebb
2026-09-22 05:10:00,-0.59820044,low-ebb
2026-09-22 05:20:00,-0.64917886,low-ebb
2026-09-22 05:30:00,-0.6958701,low-ebb
2026-09-22 05:40:00,-0.7379966,low-ebb
2026-09-22 05:50:00,-0.7753106,low-ebb
2026-09-22 06:00:00,-0.8075937,low-ebb
2026-09-22 06:10:00,-0.8346566,low-ebb
2026-09-22 06:20:00,-0.8563391,low-ebb
2026-09-22 06:30:00,-0.8725103,low-ebb
2026-09-22 06:40:00,-0.88307005,low-ebb
2026-09-22 06:50:00,-0.88795036,low-ebb
2026-09-22 07:00:00,-0.8871171,low-ebb
2026-09-22 07:10:00,-0.8805725,low-flow
2026-09-22 07:20:00,-0.86835724,low-flow
2026-09-22 07:30:00,-0.8505523,low-flow
2026-09-22 07:40:00,-0.8272806,low-flow
2026-09-22 07:50:00,-0.79870784,low-flow
2026-09-22 08:00:00,-0.7650425,low-flow
2026-09-22 08:10:00,-0.7265352,low-flow
2026-09-22 08:20:00,-0.68347675,low-flow
2026-09-22 08:30:00,-0.63619566,low-flow
2026-09-22 08:40:00,-0.5850548,low-flow
2026-09-22 08:50:00,-0.53044754,low-flow
2026-09-22 09:00:00,-0.4727931,low-flow
2026-09-22 09:10:00,-0.4125323,low-flow
2026-09-22 09:20:00,-0.3501229,low-flow
2026-09-22 09:30:00,-0.28603512,low-flow
2026-09-22 09:40:00,-0.22074756,low-flow
2026-09-22 09:50:00,-0.15474334,low-flow
2026-09-22 10:00:00,-0.08850654,low-flow
2026-09-22 10:10:00,-0.022518959,low-flow
2026-09-22 10:20:00,0.042742845,high-flow
2026-09-22 10:30:00,0.106810495,high-flow
2026-09-22 10:40:00,0.16922665,high-flow
2026-09-22 10:50:00,0.22954795,high-flow
2026-09-22 11:00:00,0.28734806,high-flow
2026-09-22 11:10:00,0.34222078,high-flow
2026-09-22 11:20:00,0.39378345,high-flow
2026-09-22 11:30:00,0.44168,high-flow
2026-09-22 11:40:00,0.48558435,high-flow
2026-09-22 11:50:00,0.52520305,high-flow
2026-09-22 12:00:00,0.56027794,high-flow
2026-09-22 12:10:00,0.5905882,high-flow
2026-09-22 12:20:00,0.6159515,high-flow
2026-09-22 12:30:00,0.6362246,high-flow
2026-09-22 12:40:00,0.6513035,high-flow
2026-09-22 12:50:00,0.6611225,high-flow
2026-09-22 13:00:00,0.66565263,high-flow
2026-09-22 13:10:00,0.66490054,high-flow
2026-09-22 13:20:00,0.65890604,high-ebb
2026-09-22 13:30:00,0.64774066,high-ebb
2026-09-22 13:40:00,0.6315055,high-ebb
2026-09-22 13:50:00,0.6103304,high-ebb
2026-09-22 14:00:00,0.5843727,high-ebb
2026-09-22 14:10:00,0.5538171,high-ebb
2026-09-22 14:20:00,0.51887584,high-ebb
2026-09-22 14:30:00,0.47978932,high-ebb
2026-09-22 14:40:00,0.43682674,high-ebb
2026-09-22 14:50:00,0.39028695,high-ebb
2026-09-22 15:00:00,0.3404991,high-ebb
2026-09-22 15:10:00,0.2878226,high-ebb
2026-09-22 15:20:00,0.23264645,high-ebb
2026-09-22 15:30:00,0.17538767,high-ebb
2026-09-22 15:40:00,0.116488755,high-ebb
2026-09-22 15:50:00,0.05641407,high-ebb
2026-09-22 16:00:00,-0.0043547493,low-ebb
2026-09-22 16:10:00,-0.06532419,low-ebb
2026-09-22 16:20:00,-0.12599483,low-ebb
2026-09-22 16:30:00,-0.1858677,low-ebb
2026-09-22 16:40:00,-0.24445054,low-ebb
2026-09-22 16:50:00,-0.30126393,low-ebb
2026-09-22 17:00:00,-0.35584673,low-ebb
2026-09-22 17:10:00,-0.40776077,low-ebb
2026-09-22 17:20:00,-0.4565946,low-ebb
2026-09-22 17:30:00,-0.5019663,low-ebb
2026-09-22 17:40:00,-0.5435252,low-ebb
2026-09-22 17:50:00,-0.5809529,low-ebb
2026-09-22 18:00:00,-0.6139633,low-ebb
2026-09-22 18:10:00,-0.64230263,low-ebb
2026-09-22 18:20:00,-0.66574854,low-ebb
2026-09-22 18:30:00,-0.68411016,low-ebb
2026-09-22 18:40:00,-0.6972274,low-ebb
2026-09-22 18:50:00,-0.70497155,low-ebb
2026-09-22 19:00:00,-0.7072456,low-ebb
2026-09-22 19:10:00,-0.7039854,low-flow
2026-09-22 19:20:00,-0.6951616,low-flow
2026-09-22 19:30:00,-0.6807812,low-flow
2026-09-22 19:40:00,-0.66088957,low-flow
2026-09-22 19:50:00,-0.6355726,low-flow
2026-09-22 20:00:00,-0.6049581,low-flow
2026-09-22 20:10:00,-0.5692168,low-flow
2026-09-22 20:20:00,-0.52856255,low-flow
2026-09-22 20:30:00,-0.48325217,low-flow
2026-09-22 20:40:00,-0.43358353,low-flow
2026-09-22 20:50:00,-0.37989348,low-flow
2026-09-22 21:00:00,-0.32255468,low-flow
2026-09-22 21:10:00,-0.26197177,low-flow
2026-09-22 21:20:00,-0.19857708,low-flow
2026-09-22 21:30:00,-0.13282613,low-flow
2026-09-22 21:40:00,-0.06519293,low-flow
2026-09-22 21:50:00,0.003834592,high-flow
2026-09-22 22:00:00,0.07375893,high-flow
2026-09-22 22:10:00,0.14407706,high-flow
2026-09-22 22:20:00,0.21428415,high-flow
2026-09-22 22:30:00,0.28387696,high-flow
2026-09-22 22:40:00,0.35235694,high-flow
2026-09-22 22:50:00,0.41923326,high-flow
2026-09-22 23:00:00,0.48402566,high-flow
2026-09-22 23:10:00,0.54626733,high-flow
2026-09-22 23:20:00,0.60550815,high-flow
2026-09-22 23:30:00,0.6613175,high-flow
2026-09-22 23:40:00,0.71328807,high-flow
2026-09-22 23:50:00,0.76103854,high-flow
2026-09-23 00:00:00,0.8042176,high-flow
2026-09-23 00:10:00,0.8425067,high-flow
2026-09-23 00:20:00,0.8756232,high-flow
2026-09-23 00:30:00,0.90332276,high-flow
2026-09-23 00:40:00,0.92540103,high-flow
2026-09-23 00:50:00,0.94169486,high-flow
2026-09-23 01:00:00,0.95208305,high-flow
2026-09-23 01:10:00,0.95648587,high-flow
2026-09-23 01:20:00,0.95486414,high-ebb
2026-09-23 01:30:00,0.9472182,high-ebb
2026-09-23 01:40:00,0.9335859,high-ebb
2026-09-23 01:50:00,0.914041,high-ebb
2026-09-23 02:00:00,0.8886915,high-ebb
2026-09-23 02:10:00,0.85767806,high-ebb
2026-09-23 02:20:00,0.821173,high-ebb
2026-09-23 02:30:00,0.7793798,high-ebb
2026-09-23 02:40:00,0.7325325,high-ebb
2026-09-23 02:50:00,0.6808968,high-ebb
2026-09-23 03:00:00,0.62476975,high-ebb
2026-09-23 03:10:00,0.56448096,high-ebb
2026-09-23 03:20:00,0.50039274,high-ebb
2026-09-23 03:30:00,0.43290025,high-ebb
2026-09-23 03:40:00,0.36243096,high-ebb
2026-09-23 03:50:00,0.289443,high-ebb
2026-09-23 04:00:00,0.21442285,high-ebb
2026-09-23 04:10:00,0.13788183,high-ebb
2026-09-23 04:20:00,0.06035145,high-ebb
2026-09-23 04:30:00,-0.017621955,low-ebb
2026-09-23 04:40:00,-0.095483445,low-ebb
2026-09-23 04:50:00,-0.17267615,low-ebb
2026-09-23 05:00:00,-0.24864802,low-ebb
2026-09-23 05:10:00,-0.32285863,low-ebb
2026-09-23 05:20:00,-0.39478523,low-ebb
2026-09-23 05:30:00,-0.46392843,low-ebb
2026-09-23 05:40:00,-0.5298166,low-ebb
2026-09-23 05:50:00,-0.5920097,low-ebb
2026-09-23 06:00:00,-0.6501016,low-ebb
2026-09-23 06:10:00,-0.70372164,low-ebb
2026-09-23 06:20:00,-0.75253534,low-ebb
2026-09-23 06:30:00,-0.7962445,low-ebb
2026-09-23 06:40:00,-0.83458674,low-ebb
2026-09-23 06:50:00,-0.8673351,low-ebb
2026-09-23 07:00:00,-0.89429724,low-ebb
2026-09-23 07:10:00,-0.9153157,low-ebb
2026-09-23 07:20:00,-0.9302679,low-ebb
2026-09-23 07:30:00,-0.9390667,low-ebb
2026-09-23 07:40:00,-0.9416618,low-ebb
2026-09-23 07:50:00,-0.9380411,low-flow
2026-09-23 08:00:00,-0.9282323,low-flow
2026-09-23 08:10:00,-0.9123049,low-flow
2026-09-23 08:20:00,-0.89037126,low-flow
2026-09-23 08:30:00,-0.86258805,low-flow
2026-09-23 08:40:00,-0.82915646,low-flow
2026-09-23 08:50:00,-0.79032195,low-flow
2026-09-23 09:00:00,-0.7463729,low-flow
2026-09-23 09:10:00,-0.69763863,low-flow
2026-09-23 09:20:00,-0.6444868,low-flow
2026-09-23 09:30:00,-0.5873191,low-flow
2026-09-23 09:40:00,-0.52656776,low-flow
2026-09-23 09:50:00,-0.4626908,low-flow
2026-09-23 10:00:00,-0.39616722,low-flow
2026-09-23 10:10:00,-0.32749254,low-flow
2026-09-23 10:20:00,-0.25717425,low-flow
2026-09-23 10:30:00,-0.18572763,low-flow
2026-09-23 10:40:00,-0.11367185,low-flow
2026-09-23 10:50:00,-0.04152658,low-flow
2026-09-23 11:00:00,0.030191304,high-flow
2026-09-23 11:10:00,0.10097066,high-flow
2026-09-23 11:20:00,0.17030898,high-flow
2026-09-23 11:30:00,0.23771518,high-flow
2026-09-23 11:40:00,0.30271265,high-flow
2026-09-23 11:50:00,0.36484227,high-flow
2026-09-23 12:00:00,0.42366564,high-flow
2026-09-23 12:10:00,0.47876853,high-flow
2026-09-23 12:20:00,0.52976435,high-flow
2026-09-23 12:30:00,0.57629734,high-flow
2026-09-23 12:40:00,0.61804605,high-flow
2026-09-23 12:50:00,0.6547261,high-flow
2026-09-23 13:00:00,0.6860922,high-flow
2026-09-23 13:10:00,0.7119405,high-flow
2026-09-23 13:20:00,0.7321092,high-flow
2026-09-23 13:30:00,0.74647886,high-flow
2026-09-23 13:40:00,0.7549724,high-flow
2026-09-23 13:50:00,0.75755405,high-flow
2026-09-23 14:00:00,0.754228,high-ebb
2026-09-23 14:10:00,0.74503696,high-ebb
2026-09-23 14:20:00,0.7300605,high-ebb
2026-09-23 14:30:00,0.7094135,high-ebb
2026-09-23 14:40:00,0.68324536,high-ebb
2026-09-23 14:50:00,0.6517386,high-ebb
2026-09-23 15:00:00,0.61510915,high-ebb
2026-09-23 15:10:00,0.57360613,high-ebb
2026-09-23 15:20:00,0.5275121,high-ebb
2026-09-23 15:30:00,0.4771438,high-ebb
2026-09-23 15:40:00,0.42285252,high-ebb
2026-09-23 15:50:00,0.36502415,high-ebb
2026-09-23 16:00:00,0.30407864,high-ebb
2026-09-23 16:10:00,0.24046887,high-ebb
2026-09-23 16:20:00,0.17467834,high-ebb
2026-09-23 16:30:00,0.107217856,high-ebb
2026-09-23 16:40:00,0.038621217,high-ebb
2026-09-23 16:50:00,-0.030560201,low-ebb
2026-09-23 17:00:00,-0.09976364,low-ebb
2026-09-23 17:10:00,-0.1684218,low-ebb
2026-09-23 17:20:00,-0.23596998,low-ebb
2026-09-23 17:30:00,-0.3018532,low-ebb
2026-09-23 17:40:00,-0.36553308,low-ebb
2026-09-23 17:50:00,-0.426494,low-ebb
2026-09-23 18:00:00,-0.48424843,low-ebb
2026-09-23 18:10:00,-0.53834134,low-ebb
2026-09-23 18:20:00,-0.58835346,low-ebb
2026-09-23 18:30:00,-0.63390326,low-ebb
2026-09-23 18:40:00,-0.67464846,low-ebb
2026-09-23 18:50:00,-0.7102861,low-ebb
2026-09-23 19:00:00,-0.74055225,low-ebb
2026-09-23 19:10:00,-0.76522183,low-ebb
2026-09-23 19:20:00,-0.7841077,low-ebb
2026-09-23 19:30:00,-0.7970601,low-ebb
2026-09-23 19:40:00,-0.80396634,low-ebb
2026-09-23 19:50:00,-0.80475146,low-ebb
2026-09-23 20:00:00,-0.7993783,low-flow
2026-09-23 20:10:00,-0.7878488,low-flow
2026-09-23 20:20:00,-0.7702053,low-flow
2026-09-23 20:30:00,-0.7465319,low-flow
2026-09-23 20:40:00,-0.7169557,low-flow
2026-09-23 20:50:00,-0.681648,low-flow
2026-09-23 21:00:00,-0.64082456,low-flow
2026-09-23 21:10:00,-0.59474534,low-flow
2026-09-23 21:20:00,-0.54371375,low-flow
2026-09-23 21:30:00,-0.48807463,low-flow
2026-09-23 21:40:00,-0.42821154,low-flow
2026-09-23 21:50:00,-0.36454338,low-flow
2026-09-23 22:00:00,-0.29752028,low-flow
2026-09-23 22:10:00,-0.22761926,low-flow
2026-09-23 22:20:00,-0.15533932,low-flow
2026-09-23 22:30:00,-0.08119684,low-flow
2026-09-23 22:40:00,-0.005720881,low-flow
2026-09-23 22:50:00,0.07055119,high-flow
2026-09-23 23:00:00,0.14707774,high-flow
2026-09-23 23:10:00,0.22331658,high-flow
2026-09-23 23:20:00,0.29872832,high-flow
2026-09-23 23:30:00,0.3727794,high-flow
2026-09-23 23:40:00,0.4449451,high-flow
2026-09-23 23:50:00,0.5147124,high-flow
2026-09-24 00:00:00,0.5815828,high-flow
2026-09-24 00:10:00,0.64507556,high-flow
2026-09-24 00:20:00,0.70473075,high-flow
2026-09-24 00:30:00,0.7601128,high-flow
2026-09-24 00:40:00,0.81081396,high-flow
2026-09-24 00:50:00,0.85645795,high-flow
2026-09-24 01:00:00,0.8967031,high-flow
2026-09-24 01:10:00,0.9312463,high-flow
2026-09-24 01:20:00,0.95982474,high-flow
2026-09-24 01:30:00,0.9822191,high-flow
2026-09-24 01:40:00,0.9982548,high-flow
2026-09-24 01:50:00,1.0078025,high-flow
2026-09-24 02:00:00,1.0107791,high-flow
2026-09-24 02:10:00,1.0071466,high-ebb
2026-09-24 02:20:00,0.99691135,high-ebb
2026-09-24 02:30:00,0.98012275,high-ebb
2026-09-24 02:40:00,0.95687157,high-ebb
2026-09-24 02:50:00,0.92728865,high-ebb
2026-09-24 03:00:00,0.8915432,high-ebb
2026-09-24 03:10:00,0.8498421,high-ebb
2026-09-24 03:20:00,0.8024288,high-ebb
2026-09-24 03:30:00,0.74958324,high-ebb
2026-09-24 03:40:00,0.6916218,high-ebb
2026-09-24 03:50:00,0.6288975,high-ebb
2026-09-24 04:00:00,0.5617998,high-ebb
2026-09-24 04:10:00,0.49075517,high-ebb
2026-09-24 04:20:00,0.41622567,high-ebb
2026-09-24 04:30:00,0.33870828,high-ebb
2026-09-24 04:40:00,0.2587324,high-ebb
2026-09-24 04:50:00,0.17685656,high-ebb
2026-09-24 05:00:00,0.093664214,high-ebb
2026-09-24 05:10:00,0.009758162,high-ebb
2026-09-24 05:20:00,-0.07424569,low-ebb
2026-09-24 05:30:00,-0.15772545,low-ebb
2026-09-24 05:40:00,-0.24006075,low-ebb
2026-09-24 05:50:00,-0.3206404,low-ebb
2026-09-24 06:00:00,-0.39886978,low-ebb
2026-09-24 06:10:00,-0.474178,low-ebb
2026-09-24 06:20:00,-0.5460237,low-ebb
2026-09-24 06:30:00,-0.61390066,low-ebb
2026-09-24 06:40:00,-0.6773412,low-ebb
2026-09-24 06:50:00,-0.7359198,low-ebb
2026-09-24 07:00:00,-0.7892539,low-ebb
2026-09-24 07:10:00,-0.8370056,low-ebb
2026-09-24 07:20:00,-0.8788811,low-ebb
2026-09-24 07:30:00,-0.91463,low-ebb
2026-09-24 07:40:00,-0.94404495,low-ebb
2026-09-24 07:50:00,-0.9669603,low-ebb
2026-09-24 08:00:00,-0.98325175,low-ebb
2026-09-24 08:10:00,-0.9928357,low-ebb
2026-09-24 08:20:00,-0.9956695,low-ebb
2026-09-24 08:30:00,-0.99175173,low-flow
2026-09-24 08:40:00,-0.9811229,low-flow
2026-09-24 08:50:00,-0.96386683,low-flow
2026-09-24 09:00:00,-0.9401109,low-flow
2026-09-24 09:10:00,-0.9100277,low-flow
2026-09-24 09:20:00,-0.87383455,low-flow
2026-09-24 09:30:00,-0.8317941,low-flow
2026-09-24 09:40:00,-0.78421277,low-flow
2026-09-24 09:50:00,-0.73143965,low-flow
2026-09-24 10:00:00,-0.6738635,low-flow
2026-09-24 10:10:00,-0.61190975,low-flow
2026-09-24 10:20:00,-0.54603654,low-flow
2026-09-24 10:30:00,-0.4767305,low-flow
2026-09-24 10:40:00,-0.40450162,low-flow
2026-09-24 10:50:00,-0.32987896,low-flow
2026-09-24 11:00:00,-0.2534056,low-flow
2026-09-24 11:10:00,-0.17563434,low-flow
2026-09-24 11:20:00,-0.0971233,low-flow
2026-09-24 11:30:00,-0.018432306,low-flow
2026-09-24 11:40:00,0.05988068,high-flow
2026-09-24 11:50:00,0.13726267,high-flow
2026-09-24 12:00:00,0.21316859,high-flow
2026-09-24 12:10:00,0.28706408,high-flow
2026-09-24 12:20:00,0.35842833,high-flow
2026-09-24 12:30:00,0.42675713,high-flow
2026-09-24 12:40:00,0.49156585,high-flow
2026-09-24 12:50:00,0.5523929,high-flow
2026-09-24 13:00:00,0.60880315,high-flow
2026-09-24 13:10:00,0.66039175,high-flow
2026-09-24 13:20:00,0.7067875,high-flow
2026-09-24 13:30:00,0.74765664,high-flow
2026-09-24 13:40:00,0.7827057,high-flow
2026-09-24 13:50:00,0.8116845,high-flow
2026-09-24 14:00:00,0.834388,high-flow
2026-09-24 14:10:00,0.85065806,high-flow
2026-09-24 14:20:00,0.8603838,high-flow
2026-09-24 14:30:00,0.8635021,high-flow
2026-09-24 14:40:00,0.85999644,high-ebb
2026-09-24 14:50:00,0.84989643,high-ebb
2026-09-24 15:00:00,0.8332761,high-ebb
2026-09-24 15:10:00,0.8102525,high-ebb
2026-09-24 15:20:00,0.7809843,high-ebb
2026-09-24 15:30:00,0.7456705,high-ebb
2026-09-24 15:40:00,0.7045494,high-ebb
2026-09-24 15:50:00,0.657898,high-ebb
2026-09-24 16:00:00,0.60603195,high-ebb
2026-09-24 16:10:00,0.5493049,high-ebb
2026-09-24 16:20:00,0.48810884,high-ebb
2026-09-24 16:30:00,0.42287368,high-ebb
2026-09-24 16:40:00,0.35406658,high-ebb
2026-09-24 16:50:00,0.28219077,high-ebb
2026-09-24 17:00:00,0.2077833,high-ebb
2026-09-24 17:10:00,0.13141191,high-ebb
2026-09-24 17:20:00,0.053670827,high-ebb
2026-09-24 17:30:00,-0.024824547,low-ebb
2026-09-24 17:40:00,-0.103444,low-ebb
2026-09-24 17:50:00,-0.18154967,low-ebb
2026-09-24 18:00:00,-0.25850374,low-ebb
2026-09-24 18:10:00,-0.33367652,low-ebb
2026-09-24 18:20:00,-0.40645432,low-ebb
2026-09-24 18:30:00,-0.47624704,low-ebb
2026-09-24 18:40:00,-0.54249495,low-ebb
2026-09-24 18:50:00,-0.60467476,low-ebb
2026-09-24 19:00:00,-0.66230404,low-ebb
2026-09-24 19:10:00,-0.71494514,low-ebb
2026-09-24 19:20:00,-0.7622071,low-ebb
2026-09-24 19:30:00,-0.80374706,low-ebb
2026-09-24 19:40:00,-0.8392705,low-ebb
2026-09-24 19:50:00,-0.8685305,low-ebb
2026-09-24 20:00:00,-0.89132726,low-ebb
2026-09-24 20:10:00,-0.9075062,low-ebb
2026-09-24 20:20:00,-0.9169575,low-ebb
2026-09-24 20:30:00,-0.9196147,low-ebb
2026-09-24 20:40:00,-0.9154544,low-flow
2026-09-24 20:50:00,-0.90449584,low-flow
2026-09-24 21:00:00,-0.8868013,low-flow
2026-09-24 21:10:00,-0.8624764,low-flow
2026-09-24 21:20:00,-0.8316708,low-flow
2026-09-24 21:30:00,-0.79457855,low-flow
2026-09-24 21:40:00,-0.7514385,low-flow
2026-09-24 21:50:00,-0.7025339,low-flow
2026-09-24 22:00:00,-0.6481918,low-flow
2026-09-24 22:10:00,-0.58878136,low-flow
2026-09-24 22:20:00,-0.5247113,low-flow
2026-09-24 22:30:00,-0.45642734,low-flow
2026-09-24 22:40:00,-0.38440797,low-flow
2026-09-24 22:50:00,-0.3091604,low-flow
2026-09-24 23:00:00,-0.23121594,low-flow
2026-09-24 23:10:00,-0.15112495,low-flow
2026-09-24 23:20:00,-0.06945227,low-flow
2026-09-24 23:30:00,0.0132275345,high-flow
2026-09-24 23:40:00,0.09633453,high-flow
2026-09-24 23:50:00,0.17928737,high-flow
2026-09-25 00:00:00,0.26150694,high-flow
2026-09-25 00:10:00,0.34241965,high-flow
2026-09-25 00:20:00,0.42146033,high-flow
2026-09-25 00:30:00,0.49807522,high-flow
2026-09-25 00:40:00,0.5717247,high-flow
2026-09-25 00:50:00,0.64188635,high-flow
2026-09-25 01:00:00,0.70805776,high-flow
2026-09-25 01:10:00,0.7697601,high-flow
2026-09-25 01:20:00,0.8265413,high-flow
2026-09-25 01:30:00,0.8779803,high-flow
2026-09-25 01:40:00,0.92369026,high-flow
2026-09-25 01:50:00,0.9633227,high-flow
2026-09-25 02:00:00,0.9965706,high-flow
2026-09-25 02:10:00,1.023172,high-flow
2026-09-25 02:20:00,1.0429124,high-flow
2026-09-25 02:30:00,1.0556264,high-flow
2026-09-25 02:40:00,1.0611995,high-flow
2026-09-25 02:50:00,1.0595684,high-flow
2026-09-25 03:00:00,1.0507205,high-ebb
2026-09-25 03:10:00,1.0346935,high-ebb
2026-09-25 03:20:00,1.0115741,high-ebb
2026-09-25 03:30:00,0.98149693,high-ebb
2026-09-25 03:40:00,0.94464177,high-ebb
2026-09-25 03:50:00,0.90123343,high-ebb
2026-09-25 04:00:00,0.8515395,high-ebb
2026-09-25 04:10:00,0.79586965,high-ebb
2026-09-25 04:20:00,0.73457485,high-ebb
2026-09-25 04:30:00,0.6680465,high-ebb
2026-09-25 04:40:00,0.59671617,high-ebb
2026-09-25 04:50:00,0.521055,high-ebb
2026-09-25 05:00:00,0.44157237,high-ebb
2026-09-25 05:10:00,0.35881492,high-ebb
2026-09-25 05:20:00,0.273364,high-ebb
2026-09-25 05:30:00,0.18583244,high-ebb
2026-09-25 05:40:00,0.09686041,high-ebb
2026-09-25 05:50:00,0.007109983,high-ebb
2026-09-25 06:00:00,-0.08274127,low-ebb
2026-09-25 06:10:00,-0.17200756,low-ebb
2026-09-25 06:20:00,-0.26000294,low-ebb
2026-09-25 06:30:00,-0.3460496,low-ebb
2026-09-25 06:40:00,-0.4294864,low-ebb
2026-09-25 06:50:00,-0.509677,low-ebb
2026-09-25 07:00:00,-0.5860173,low-ebb
2026-09-25 07:10:00,-0.65794224,low-ebb
2026-09-25 07:20:00,-0.7249311,low-ebb
2026-09-25 07:30:00,-0.7865119,low-ebb
2026-09-25 07:40:00,-0.84226406,low-ebb
2026-09-25 07:50:00,-0.8918204,low-ebb
2026-09-25 08:00:00,-0.9348671,low-ebb
2026-09-25 08:10:00,-0.97114396,low-ebb
2026-09-25 08:20:00,-1.0004427,low-ebb
2026-09-25 08:30:00,-1.022606,low-ebb
2026-09-25 08:40:00,-1.0375253,low-ebb
2026-09-25 08:50:00,-1.0451398,low-ebb
2026-09-25 09:00:00,-1.0454348,low-ebb
2026-09-25 09:10:00,-1.0384412,low-flow
2026-09-25 09:20:00,-1.0242344,low-flow
2026-09-25 09:30:00,-1.0029345,low-flow
2026-09-25 09:40:00,-0.9747061,low-flow
2026-09-25 09:50:00,-0.93975896,low-flow
2026-09-25 10:00:00,-0.8983469,low-flow
2026-09-25 10:10:00,-0.8507684,low-flow
2026-09-25 10:20:00,-0.7973651,low-flow
2026-09-25 10:30:00,-0.7385208,low-flow
2026-09-25 10:40:00,-0.67465866,low-flow
2026-09-25 10:50:00,-0.6062388,low-flow
2026-09-25 11:00:00,-0.5337545,low-flow
2026-09-25 11:10:00,-0.45772806,low-flow
2026-09-25 11:20:00,-0.37870622,low-flow
2026-09-25 11:30:00,-0.29725537,low-flow
2026-09-25 11:40:00,-0.21395679,low-flow
2026-09-25 11:50:00,-0.12940194,low-flow
2026-09-25 12:00:00,-0.044187885,low-flow
2026-09-25 12:10:00,0.041086674,high-flow
2026-09-25 12:20:00,0.12582518,high-flow
2026-09-25 12:30:00,0.20943654,high-flow
2026-09-25 12:40:00,0.29133812,high-flow
2026-09-25 12:50:00,0.3709587,high-flow
2026-09-25 13:00:00,0.447741,high-flow
2026-09-25 13:10:00,0.52114475,high-flow
2026-09-25 13:20:00,0.59064937,high-flow
2026-09-25 13:30:00,0.6557573,high-flow
2026-09-25 13:40:00,0.7159974,high-flow
2026-09-25 13:50:00,0.77092856,high-flow
2026-09-25 14:00:00,0.8201436,high-flow
2026-09-25 14:10:00,0.863273,high-flow
2026-09-25 14:20:00,0.899989,high-flow
2026-09-25 14:30:00,0.93000853,high-flow
2026-09-25 14:40:00,0.9530968,high-flow
2026-09-25 14:50:00,0.96906936,high-flow
2026-09-25 15:00:00,0.9777941,high-flow
2026-09-25 15:10:00,0.9791922,high-flow
2026-09-25 15:20:00,0.9732382,high-ebb
2026-09-25 15:30:00,0.95996004,high-ebb
2026-09-25 15:40:00,0.93943775,high-ebb
2026-09-25 15:50:00,0.91180205,high-ebb
2026-09-25 16:00:00,0.8772332,high-ebb
2026-09-25 16:10:00,0.8359589,high-ebb
2026-09-25 16:20:00,0.7882529,high-ebb
2026-09-25 16:30:00,0.7344334,high-ebb
2026-09-25 16:40:00,0.6748623,high-ebb
2026-09-25 16:50:00,0.6099438,high-ebb
2026-09-25 17:00:00,0.5401235,high-ebb
2026-09-25 17:10:00,0.46588784,high-ebb
2026-09-25 17:20:00,0.38776243,high-ebb
2026-09-25 17:30:00,0.30631083,high-ebb
2026-09-25 17:40:00,0.22213198,high-ebb
2026-09-25 17:50:00,0.13585709,high-ebb
2026-09-25 18:00:00,0.04814535,high-ebb
2026-09-25 18:10:00,-0.040321264,low-ebb
2026-09-25 18:20:00,-0.12884444,low-ebb
2026-09-25 18:30:00,-0.21671681,low-ebb
2026-09-25 18:40:00,-0.3032301,low-ebb
2026-09-25 18:50:00,-0.38768375,low-ebb
2026-09-25 19:00:00,-0.46939364,low-ebb
2026-09-25 19:10:00,-0.54770076,low-ebb
2026-09-25 19:20:00,-0.6219793,low-ebb
2026-09-25 19:30:00,-0.691644,low-ebb
2026-09-25 19:40:00,-0.75615627,low-ebb
2026-09-25 19:50:00,-0.81502897,low-ebb
2026-09-25 20:00:00,-0.86783016,low-ebb
2026-09-25 20:10:00,-0.9141851,low-ebb
2026-09-25 20:20:00,-0.953777,low-ebb
2026-09-25 20:30:00,-0.9863471,low-ebb
2026-09-25 20:40:00,-1.011693,low-ebb
2026-09-25 20:50:00,-1.0296677,low-ebb
2026-09-25 21:00:00,-1.040177,low-ebb
2026-09-25 21:10:00,-1.0431775,low-ebb
2026-09-25 21:20:00,-1.0386751,low-flow
2026-09-25 21:30:00,-1.0267227,low-flow
2026-09-25 21:40:00,-1.0074198,low-flow
2026-09-25 21:50:00,-0.9809109,low-flow
2026-09-25 22:00:00,-0.9473852,low-flow
2026-09-25 22:10:00,-0.90707636,low-flow
2026-09-25 22:20:00,-0.8602621,low-flow
2026-09-25 22:30:00,-0.8072633,low-flow
2026-09-25 22:40:00,-0.7484435,low-flow
2026-09-25 22:50:00,-0.68420714,low-flow
2026-09-25 23:00:00,-0.6149976,low-flow
2026-09-25 23:10:00,-0.5412945,low-flow
2026-09-25 23:20:00,-0.46361023,low-flow
2026-09-25 23:30:00,-0.3824859,low-flow
2026-09-25 23:40:00,-0.29848707,low-flow
2026-09-25 23:50:00,-0.212199,low-flow
2026-09-26 00:00:00,-0.12422174,low-flow
2026-09-26 00:10:00,-0.035165455,low-flow
2026-09-26 00:20:00,0.054354154,high-flow
2026-09-26 00:30:00,0.14372006,high-flow
2026-09-26 00:40:00,0.23231775,high-flow
2026-09-26 00:50:00,0.3195387,high-flow
2026-09-26 01:00:00,0.40478355,high-flow
2026-09-26 01:10:00,0.48746476,high-flow
2026-09-26 01:20:00,0.5670097,high-flow
2026-09-26 01:30:00,0.642863,high-flow
2026-09-26 01:40:00,0.7144898,high-flow
2026-09-26 01:50:00,0.78137857,high-flow
2026-09-26 02:00:00,0.8430446,high-flow
2026-09-26 02:10:00,0.89903355,high-flow
2026-09-26 02:20:00,0.9489254,high-flow
2026-09-26 02:30:00,0.99233836,high-flow
2026-09-26 02:40:00,1.028933,high-flow
2026-09-26 02:50:00,1.0584161,high-flow
2026-09-26 03:00:00,1.0805435,high-flow
2026-09-26 03:10:00,1.095124,high-flow
2026-09-26 03:20:00,1.1020206,high-flow
2026-09-26 03:30:00,1.1011529,high-flow
2026-09-26 03:40:00,1.0924971,high-ebb
2026-09-26 03:50:00,1.0760866,high-ebb
2026-09-26 04:00:00,1.0520108,high-ebb
2026-09-26 04:10:00,1.0204141,high-ebb
2026-09-26 04:20:00,0.9814943,high-ebb
2026-09-26 04:30:00,0.9355008,high-ebb
2026-09-26 04:40:00,0.88273257,high-ebb
2026-09-26 04:50:00,0.8235364,high-ebb
2026-09-26 05:00:00,0.75830525,high-ebb
2026-09-26 05:10:00,0.6874767,high-ebb
2026-09-26 05:20:00,0.6115315,high-ebb
2026-09-26 05:30:00,0.5309924,high-ebb
2026-09-26 05:40:00,0.446422,high-ebb
2026-09-26 05:50:00,0.35842147,high-ebb
2026-09-26 06:00:00,0.26762745,high-ebb
2026-09-26 06:10:00,0.17470883,high-ebb
2026-09-26 06:20:00,0.080362655,high-ebb
2026-09-26 06:30:00,-0.01469149,low-ebb
2026-09-26 06:40:00,-0.10971773,low-ebb
2026-09-26 06:50:00,-0.20397134,low-ebb
2026-09-26 07:00:00,-0.296707,low-ebb
2026-09-26 07:10:00,-0.38718766,low-ebb
2026-09-26 07:20:00,-0.47469357,low-ebb
2026-09-26 07:30:00,-0.55853134,low-ebb
2026-09-26 07:40:00,-0.6380428,low-ebb
2026-09-26 07:50:00,-0.7126126,low-ebb
2026-09-26 08:00:00,-0.7816753,low-ebb
2026-09-26 08:10:00,-0.84472054,low-ebb
2026-09-26 08:20:00,-0.90129775,low-ebb
2026-09-26 08:30:00,-0.95101815,low-ebb
2026-09-26 08:40:00,-0.99355644,low-ebb
2026-09-26 08:50:00,-1.0286505,low-ebb
2026-09-26 09:00:00,-1.0561002,low-ebb
2026-09-26 09:10:00,-1.075766,low-ebb
2026-09-26 09:20:00,-1.0875657,low-ebb
2026-09-26 09:30:00,-1.0914723,low-ebb
2026-09-26 09:40:00,-1.0875114,low-flow
2026-09-26 09:50:00,-1.075759,low-flow
2026-09-26 10:00:00,-1.0563388,low-flow
2026-09-26 10:10:00,-1.029421,low-flow
2026-09-26 10:20:00,-0.99522084,low-flow
2026-09-26 10:30:00,-0.9539981,low-flow
2026-09-26 10:40:00,-0.9060555,low-flow
2026-09-26 10:50:00,-0.8517383,low-flow
2026-09-26 11:00:00,-0.79143286,low-flow
2026-09-26 11:10:00,-0.72556543,low-flow
2026-09-26 11:20:00,-0.65459996,low-flow
2026-09-26 11:30:00,-0.5790354,low-flow
2026-09-26 11:40:00,-0.4994027,low-flow
2026-09-26 11:50:00,-0.41626072,low-flow
2026-09-26 12:00:00,-0.33019227,low-flow
2026-09-26 12:10:00,-0.2417993,low-flow
2026-09-26 12:20:00,-0.1516983,low-flow
2026-09-26 12:30:00,-0.060515467,low-flow
2026-09-26 12:40:00,0.031117834,high-flow
2026-09-26 12:50:00,0.12256933,high-flow
2026-09-26 13:00:00,0.2132098,high-flow
2026-09-26 13:10:00,0.3024165,high-flow
2026-09-26 13:20:00,0.3895765,high-flow
2026-09-26 13:30:00,0.47408926,high-flow
2026-09-26 13:40:00,0.5553696,high-flow
2026-09-26 13:50:00,0.6328502,high-flow
2026-09-26 14:00:00,0.7059844,high-flow
2026-09-26 14:10:00,0.774249,high-flow
2026-09-26 14:20:00,0.8371476,high-flow
2026-09-26 14:30:00,0.894214,high-flow
2026-09-26 14:40:00,0.94501615,high-flow
2026-09-26 14:50:00,0.98916006,high-flow
2026-09-26 15:00:00,1.0262941,high-flow
2026-09-26 15:10:00,1.0561125,high-flow
2026-09-26 15:20:00,1.0783598,high-flow
2026-09-26 15:30:00,1.0928339,high-flow
2026-09-26 15:40:00,1.0993882,high-flow
2026-09-26 15:50:00,1.0979347,high-flow
2026-09-26 16:00:00,1.0884444,high-ebb
2026-09-26 16:10:00,1.0709478,high-ebb
2026-09-26 16:20:00,1.0455346,high-ebb
2026-09-26 16:30:00,1.0123532,high-ebb
2026-09-26 16:40:00,0.9716082,high-ebb
2026-09-26 16:50:00,0.92355937,high-ebb
2026-09-26 17:00:00,0.86851907,high-ebb
2026-09-26 17:10:00,0.80685025,high-ebb
2026-09-26 17:20:00,0.7389646,high-ebb
2026-09-26 17:30:00,0.6653203,high-ebb
2026-09-26 17:40:00,0.58642036,high-ebb
2026-09-26 17:50:00,0.5028106,high-ebb
2026-09-26 18:00:00,0.4150779,high-ebb
2026-09-26 18:10:00,0.32384777,high-ebb
2026-09-26 18:20:00,0.22978161,high-ebb
2026-09-26 18:30:00,0.13357338,high-ebb
2026-09-26 18:40:00,0.035945147,high-ebb
2026-09-26 18:50:00,-0.06235816,low-ebb
2026-09-26 19:00:00,-0.16057509,low-ebb
2026-09-26 19:10:00,-0.25793508,low-ebb
2026-09-26 19:20:00,-0.35366663,low-ebb
2026-09-26 19:30:00,-0.4470063,low-ebb
2026-09-26 19:40:00,-0.53720784,low-ebb
2026-09-26 19:50:00,-0.62355185,low-ebb
2026-09-26 20:00:00,-0.7053547,low-ebb
2026-09-26 20:10:00,-0.78197676,low-ebb
2026-09-26 20:20:00,-0.8528303,low-ebb
2026-09-26 20:30:00,-0.9173851,low-ebb
2026-09-26 20:40:00,-0.9751736,low-ebb
2026-09-26 20:50:00,-1.0257939,low-ebb
2026-09-26 21:00:00,-1.0689113,low-ebb
2026-09-26 21:10:00,-1.1042591,low-ebb
2026-09-26 21:20:00,-1.1316367,low-ebb
2026-09-26 21:30:00,-1.1509084,low-ebb
2026-09-26 21:40:00,-1.1620002,low-ebb
2026-09-26 21:50:00,-1.164897,low-ebb
2026-09-26 22:00:00,-1.1596395,low-flow
2026-09-26 22:10:00,-1.1463208,low-flow
2026-09-26 22:20:00,-1.1250839,low-flow
2026-09-26 22:30:00,-1.0961193,low-flow
2026-09-26 22:40:00,-1.0596627,low-flow
2026-09-26 22:50:00,-1.0159941,low-flow
2026-09-26 23:00:00,-0.9654358,low-flow
2026-09-26 23:10:00,-0.9083517,low-flow
2026-09-26 23:20:00,-0.8451457,low-flow
2026-09-26 23:30:00,-0.7762601,low-flow
2026-09-26 23:40:00,-0.7021738,low-flow
2026-09-26 23:50:00,-0.62340015,low-flow
2026-09-27 00:00:00,-0.5404831,low-flow
2026-09-27 00:10:00,-0.45399463,low-flow
2026-09-27 00:20:00,-0.36452994,low-flow
2026-09-27 00:30:00,-0.27270347,low-flow
2026-09-27 00:40:00,-0.17914422,low-flow
2026-09-27 00:50:00,-0.084490985,low-flow
2026-09-27 01:00:00,0.010612163,high-flow
2026-09-27 01:10:00,0.105520174,high-flow
2026-09-27 01:20:00,0.19959104,high-flow
2026-09-27 01:30:00,0.29218942,high-flow
2026-09-27 01:40:00,0.3826898,high-flow
2026-09-27 01:50:00,0.47047958,high-flow
2026-09-27 02:00:00,0.5549615,high-flow
2026-09-27 02:10:00,0.6355566,high-flow
2026-09-27 02:20:00,0.7117065,high-flow
2026-09-27 02:30:00,0.7828767,high-flow
2026-09-27 02:40:00,0.8485591,high-flow
2026-09-27 02:50:00,0.908276,high-flow
2026-09-27 03:00:00,0.96158373,high-flow
2026-09-27 03:10:00,1.0080763,high-flow
2026-09-27 03:20:00,1.0473901,high-flow
2026-09-27 03:30:00,1.079208,high-flow
2026-09-27 03:40:00,1.1032633,high-flow
2026-09-27 03:50:00,1.1193433,high-flow
2026-09-27 04:00:00,1.127293,high-flow
2026-09-27 04:10:00,1.127017,high-flow
2026-09-27 04:20:00,1.1184816,high-ebb
2026-09-27 04:30:00,1.1017154,high-ebb
2026-09-27 04:40:00,1.0768094,high-ebb
2026-09-27 04:50:00,1.0439161,high-ebb
2026-09-27 05:00:00,1.0032482,high-ebb
2026-09-27 05:10:00,0.9550767,high-ebb
2026-09-27 05:20:00,0.89972866,high-ebb
2026-09-27 05:30:00,0.83758456,high-ebb
2026-09-27 05:40:00,0.76907617,high-ebb
2026-09-27 05:50:00,0.6946838,high-ebb
2026-09-27 06:00:00,0.61493397,high-ebb
2026-09-27 06:10:00,0.53039724,high-ebb
2026-09-27 06:20:00,0.44168547,high-ebb
2026-09-27 06:30:00,0.34944943,high-ebb
2026-09-27 06:40:00,0.25437558,high-ebb
2026-09-27 06:50:00,0.15718244,high-ebb
2026-09-27 07:00:00,0.05861617,high-ebb
2026-09-27 07:10:00,-0.04055481,low-ebb
2026-09-27 07:20:00,-0.1395461,low-ebb
2026-09-27 07:30:00,-0.2375647,low-ebb
2026-09-27 07:40:00,-0.3338172,low-ebb
2026-09-27 07:50:00,-0.42751884,low-ebb
2026-09-27 08:00:00,-0.51790285,low-ebb
2026-09-27 08:10:00,-0.6042301,low-ebb
2026-09-27 08:20:00,-0.68579847,low-ebb
2026-09-27 08:30:00,-0.7619519,low-ebb
2026-09-27 08:40:00,-0.832088,low-ebb
2026-09-27 08:50:00,-0.8956651,low-ebb
2026-09-27 09:00:00,-0.9522073,low-ebb
2026-09-27 09:10:00,-1.0013084,low-ebb
2026-09-27 09:20:00,-1.0426337,low-ebb
2026-09-27 09:30:00,-1.0759207,low-ebb
2026-09-27 09:40:00,-1.1009784,low-ebb
2026-09-27 09:50:00,-1.1176847,low-ebb
2026-09-27 10:00:00,-1.1259841,low-ebb
2026-09-27 10:10:00,-1.1258837,low-ebb
2026-09-27 10:20:00,-1.1174496,low-flow
2026-09-27 10:30:00,-1.1008034,low-flow
2026-09-27 10:40:00,-1.0761176,low-flow
2026-09-27 10:50:00,-1.0436141,low-flow
2026-09-27 11:00:00,-1.00356,low-flow
2026-09-27 11:10:00,-0.9562655,low-flow
2026-09-27 11:20:00,-0.9020831,low-flow
2026-09-27 11:30:00,-0.8414045,low-flow
2026-09-27 11:40:00,-0.7746599,low-flow
2026-09-27 11:50:00,-0.7023158,low-flow
2026-09-27 12:00:00,-0.6248734,low-flow
2026-09-27 12:10:00,-0.54286593,low-flow
2026-09-27 12:20:00,-0.45685607,low-flow
2026-09-27 12:30:00,-0.36743242,low-flow
2026-09-27 12:40:00,-0.27520573,low-flow
2026-09-27 12:50:00,-0.18080486,low-flow
2026-09-27 13:00:00,-0.08487216,low-flow
2026-09-27 13:10:00,0.011941031,high-flow
2026-09-27 13:20:00,0.108978815,high-flow
2026-09-27 13:30:00,0.20558514,high-flow
2026-09-27 13:40:00,0.3011077,high-flow
2026-09-27 13:50:00,0.39490178,high-flow
2026-09-27 14:00:00,0.48633328,high-flow
2026-09-27 14:10:00,0.5747818,high-flow
2026-09-27 14:20:00,0.6596432,high-flow
2026-09-27 14:30:00,0.7403323,high-flow
2026-09-27 14:40:00,0.8162854,high-flow
2026-09-27 14:50:00,0.8869626,high-flow
2026-09-27 15:00:00,0.95185125,high-flow
2026-09-27 15:10:00,1.010469,high-flow
2026-09-27 15:20:00,1.0623672,high-flow
2026-09-27 15:30:00,1.1071353,high-flow
2026-09-27 15:40:00,1.1444045,high-flow
2026-09-27 15:50:00,1.1738527,high-flow
2026-09-27 16:00:00,1.1952083,high-flow
2026-09-27 16:10:00,1.2082543,high-flow
2026-09-27 16:20:00,1.2128319,high-flow
2026-09-27 16:30:00,1.2088431,high-ebb
2026-09-27 16:40:00,1.1962535,high-ebb
2026-09-27 16:50:00,1.1750929,high-ebb
2026-09-27 17:00:00,1.1454562,high-ebb
2026-09-27 17:10:00,1.1075022,high-ebb
2026-09-27 17:20:00,1.0614535,high-ebb
2026-09-27 17:30:00,1.0075933,high-ebb
2026-09-27 17:40:00,0.9462642,high-ebb
2026-09-27 17:50:00,0.8778652,high-ebb
2026-09-27 18:00:00,0.8028485,high-ebb
2026-09-27 18:10:00,0.72171736,high-ebb
2026-09-27 18:20:00,0.63502264,high-ebb
2026-09-27 18:30:00,0.5433604,high-ebb
2026-09-27 18:40:00,0.44736883,high-ebb
2026-09-27 18:50:00,0.34772536,high-ebb
2026-09-27 19:00:00,0.24514334,high-ebb
2026-09-27 19:10:00,0.1403681,high-ebb
2026-09-27 19:20:00,0.034172606,high-ebb
2026-09-27 19:30:00,-0.072647974,low-ebb
2026-09-27 19:40:00,-0.17928244,low-ebb
2026-09-27 19:50:00,-0.2849108,low-ebb
2026-09-27 20:00:00,-0.38871235,low-ebb
2026-09-27 20:10:00,-0.48987466,low-ebb
2026-09-27 20:20:00,-0.58760285,low-ebb
2026-09-27 20:30:00,-0.6811296,low-ebb
2026-09-27 20:40:00,-0.7697244,low-ebb
2026-09-27 20:50:00,-0.8527032,low-ebb
2026-09-27 21:00:00,-0.92943645,low-ebb
2026-09-27 21:10:00,-0.9993565,low-ebb
2026-09-27 21:20:00,-1.0619634,low-ebb
2026-09-27 21:30:00,-1.1168295,low-ebb
2026-09-27 21:40:00,-1.1636014,low-ebb
2026-09-27 21:50:00,-1.2020015,low-ebb
2026-09-27 22:00:00,-1.231827,low-ebb
2026-09-27 22:10:00,-1.2529484,low-ebb
2026-09-27 22:20:00,-1.2653061,low-ebb
2026-09-27 22:30:00,-1.2689068,low-ebb
2026-09-27 22:40:00,-1.2638192,low-flow
2026-09-27 22:50:00,-1.2501701,low-flow
2026-09-27 23:00:00,-1.2281396,low-flow
2026-09-27 23:10:00,-1.1979578,low-flow
2026-09-27 23:20:00,-1.1599009,low-flow
2026-09-27 23:30:00,-1.1142889,low-flow
2026-09-27 23:40:00,-1.0614829,low-flow
2026-09-27 23:50:00,-1.0018826,low-flow
2026-09-28 00:00:00,-0.93592507,low-flow
2026-09-28 00:10:00,-0.8640827,low-flow
2026-09-28 00:20:00,-0.7868612,low-flow
2026-09-28 00:30:00,-0.70479745,low-flow
2026-09-28 00:40:00,-0.618457,low-flow
2026-09-28 00:50:00,-0.5284309,low-flow
2026-09-28 01:00:00,-0.43533218,low-flow
2026-09-28 01:10:00,-0.339792,low-flow
2026-09-28 01:20:00,-0.24245562,low-flow
2026-09-28 01:30:00,-0.14397766,low-flow
2026-09-28 01:40:00,-0.045018025,low-flow
2026-09-28 01:50:00,0.05376245,high-flow
2026-09-28 02:00:00,0.15170608,high-flow
2026-09-28 02:10:00,0.24816196,high-flow
2026-09-28 02:20:00,0.34248936,high-flow
2026-09-28 02:30:00,0.43406066,high-flow
2026-09-28 02:40:00,0.52226406,high-flow
2026-09-28 02:50:00,0.6065063,high-flow
2026-09-28 03:00:00,0.6862148,high-flow
2026-09-28 03:10:00,0.7608406,high-flow
2026-09-28 03:20:00,0.8298611,high-flow
2026-09-28 03:30:00,0.8927831,high-flow
2026-09-28 03:40:00,0.9491464,high-flow
2026-09-28 03:50:00,0.99852777,high-flow
2026-09-28 04:00:00,1.040545,high-flow
2026-09-28 04:10:00,1.0748614,high-flow
2026-09-28 04:20:00,1.1011903,high-flow
2026-09-28 04:30:00,1.1192994,high-flow
2026-09-28 04:40:00,1.129014,high-flow
2026-09-28 04:50:00,1.1302214,high-flow
2026-09-28 05:00:00,1.1228725,high-ebb
2026-09-28 05:10:00,1.1069841,high-ebb
2026-09-28 05:20:00,1.08264,high-ebb
2026-09-28 05:30:00,1.0499898,high-ebb
2026-09-28 05:40:00,1.0092491,high-ebb
2026-09-28 05:50:00,0.9606969,high-ebb
2026-09-28 06:00:00,0.90467376,high-ebb
2026-09-28 06:10:00,0.841579,high-ebb
2026-09-28 06:20:00,0.77186733,high-ebb
2026-09-28 06:30:00,0.6960458,high-ebb
2026-09-28 06:40:00,0.61467075,high-ebb
2026-09-28 06:50:00,0.5283442,high-ebb
2026-09-28 07:00:00,0.4377107,high-ebb
2026-09-28 07:10:00,0.34345397,high-ebb
2026-09-28 07:20:00,0.24629326,high-ebb
2026-09-28 07:30:00,0.14697927,high-ebb
2026-09-28 07:40:00,0.04628964,high-ebb
2026-09-28 07:50:00,-0.05497645,low-ebb
2026-09-28 08:00:00,-0.15600437,low-ebb
2026-09-28 08:10:00,-0.2559711,low-ebb
2026-09-28 08:20:00,-0.35405323,low-ebb
2026-09-28 08:30:00,-0.4494357,low-ebb
2026-09-28 08:40:00,-0.54132116,low-ebb
2026-09-28 08:50:00,-0.62893957,low-ebb
2026-09-28 09:00:00,-0.7115583,low-ebb
2026-09-28 09:10:00,-0.7884911,low-ebb
2026-09-28 09:20:00,-0.85910714,low-ebb
2026-09-28 09:30:00,-0.9228387,low-ebb
2026-09-28 09:40:00,-0.97918737,low-ebb
2026-09-28 09:50:00,-1.0277288,low-ebb
2026-09-28 10:00:00,-1.0681161,low-ebb
2026-09-28 10:10:00,-1.1000804,low-ebb
2026-09-28 10:20:00,-1.1234317,low-ebb
2026-09-28 10:30:00,-1.138056,low-ebb
2026-09-28 10:40:00,-1.143913,low-ebb
2026-09-28 10:50:00,-1.1410316,low-flow
2026-09-28 11:00:00,-1.1295056,low-flow
2026-09-28 11:10:00,-1.1094888,low-flow
2026-09-28 11:20:00,-1.0811902,low-flow
2026-09-28 11:30:00,-1.0448693,low-flow
2026-09-28 11:40:00,-1.0008322,low-flow
2026-09-28 11:50:00,-0.9494278,low-flow
2026-09-28 12:00:00,-0.8910447,low-flow
2026-09-28 12:10:00,-0.8261088,low-flow
2026-09-28 12:20:00,-0.75508094,low-flow
2026-09-28 12:30:00,-0.67845494,low-flow
2026-09-28 12:40:00,-0.59675545,low-flow
2026-09-28 12:50:00,-0.51053584,low-flow
2026-09-28 13:00:00,-0.42037582,low-flow
2026-09-28 13:10:00,-0.3268787,low-flow
2026-09-28 13:20:00,-0.23066784,low-flow
2026-09-28 13:30:00,-0.13238342,low-flow
2026-09-28 13:40:00,-0.032678198,low-flow
2026-09-28 13:50:00,0.06778646,high-flow
2026-09-28 14:00:00,0.16834494,high-flow
2026-09-28 14:10:00,0.26833147,high-flow
2026-09-28 14:20:00,0.3670842,high-flow
2026-09-28 14:30:00,0.46394882,high-flow
2026-09-28 14:40:00,0.55828196,high-flow
2026-09-28 14:50:00,0.6494542,high-flow
2026-09-28 15:00:00,0.7368528,high-flow
2026-09-28 15:10:00,0.81988436,high-flow
2026-09-28 15:20:00,0.8979767,high-flow
2026-09-28 15:30:00,0.97058195,high-flow
2026-09-28 15:40:00,1.0371789,high-flow
2026-09-28 15:50:00,1.097276,high-flow
2026-09-28 16:00:00,1.1504146,high-flow
2026-09-28 16:10:00,1.1961727,high-flow
2026-09-28 16:20:00,1.2341691,high-flow
2026-09-28 16:30:00,1.2640679,high-flow
2026-09-28 16:40:00,1.2855824,high-flow
2026-09-28 16:50:00,1.29848,high-flow
2026-09-28 17:00:00,1.3025864,high-flow
2026-09-28 17:10:00,1.2977887,high-ebb
2026-09-28 17:20:00,1.2840391,high-ebb
2026-09-28 17:30:00,1.2613562,high-ebb
2026-09-28 17:40:00,1.2298269,high-ebb
2026-09-28 17:50:00,1.1896063,high-ebb
2026-09-28 18:00:00,1.1409173,high-ebb
2026-09-28 18:10:00,1.0840485,high-ebb
2026-09-28 18:20:00,1.0193526,high-ebb
2026-09-28 18:30:00,0.94724303,high-ebb
2026-09-28 18:40:00,0.868191,high-ebb
2026-09-28 18:50:00,0.78272194,high-ebb
2026-09-28 19:00:00,0.69141185,high-ebb
2026-09-28 19:10:00,0.5948837,high-ebb
2026-09-28 19:20:00,0.49380386,high-ebb
2026-09-28 19:30:00,0.38887823,high-ebb
2026-09-28 19:40:00,0.28084853,high-ebb
2026-09-28 19:50:00,0.17048794,high-ebb
2026-09-28 20:00:00,0.058596652,high-ebb
2026-09-28 20:10:00,-0.05400346,low-ebb
2026-09-28 20:20:00,-0.16647482,low-ebb
2026-09-28 20:30:00,-0.27797097,low-ebb
2026-09-28 20:40:00,-0.38764432,low-ebb
2026-09-28 20:50:00,-0.49465457,low-ebb
2026-09-28 21:00:00,-0.59817785,low-ebb
2026-09-28 21:10:00,-0.6974166,low-ebb
2026-09-28 21:20:00,-0.791609,low-ebb
2026-09-28 21:30:00,-0.88003856,low-ebb
2026-09-28 21:40:00,-0.9620435,low-ebb
2026-09-28 21:50:00,-1.0370244,low-ebb
2026-09-28 22:00:00,-1.1044511,low-ebb
2026-09-28 22:10:00,-1.1638683,low-ebb
2026-09-28 22:20:00,-1.214899,low-ebb
2026-09-28 22:30:00,-1.2572464,low-ebb
2026-09-28 22:40:00,-1.290694,low-ebb
2026-09-28 22:50:00,-1.3151045,low-ebb
2026-09-28 23:00:00,-1.3304164,low-ebb
2026-09-28 23:10:00,-1.3366406,low-ebb
2026-09-28 23:20:00,-1.3338553,low-flow
2026-09-28 23:30:00,-1.3222011,low-flow
2026-09-28 23:40:00,-1.301876,low-flow
2026-09-28 23:50:00,-1.2731298,low-flow
2026-09-29 00:00:00,-1.23626,low-flow
2026-09-29 00:10:00,-1.1916074,low-flow
2026-09-29 00:20:00,-1.1395522,low-flow
2026-09-29 00:30:00,-1.0805119,low-flow
2026-09-29 00:40:00,-1.0149384,low-flow
2026-09-29 00:50:00,-0.94331515,low-flow
2026-09-29 01:00:00,-0.86615634,low-flow
2026-09-29 01:10:00,-0.78400403,low-flow
2026-09-29 01:20:00,-0.69742626,low-flow
2026-09-29 01:30:00,-0.6070145,low-flow
2026-09-29 01:40:00,-0.51338065,low-flow
2026-09-29 01:50:00,-0.41715398,low-flow
2026-09-29 02:00:00,-0.31897748,low-flow
2026-09-29 02:10:00,-0.21950383,low-flow
2026-09-29 02:20:00,-0.11939152,low-flow
2026-09-29 02:30:00,-0.019300735,low-flow
2026-09-29 02:40:00,0.0801106,high-flow
2026-09-29 02:50:00,0.1781905,high-flow
2026-09-29 03:00:00,0.2742963,high-flow
2026-09-29 03:10:00,0.36779788,high-flow
2026-09-29 03:20:00,0.45808023,high-flow
2026-09-29 03:30:00,0.54454625,high-flow
2026-09-29 03:40:00,0.6266189,high-flow
2026-09-29 03:50:00,0.7037439,high-flow
2026-09-29 04:00:00,0.775392,high-flow
2026-09-29 04:10:00,0.84106207,high-flow
2026-09-29 04:20:00,0.9002841,high-flow
2026-09-29 04:30:00,0.9526229,high-flow
2026-09-29 04:40:00,0.99768203,high-flow
2026-09-29 04:50:00,1.0351081,high-flow
2026-09-29 05:00:00,1.0645952,high-flow
2026-09-29 05:10:00,1.0858898,high-flow
2026-09-29 05:20:00,1.0987945,high-flow
2026-09-29 05:30:00,1.1031724,high-flow
2026-09-29 05:40:00,1.0989506,high-ebb
2026-09-29 05:50:00,1.0861223,high-ebb
2026-09-29 06:00:00,1.0647488,high-ebb
2026-09-29 06:10:00,1.03496,high-ebb
2026-09-29 06:20:00,0.9969543,high-ebb
2026-09-29 06:30:00,0.95099694,high-ebb
2026-09-29 06:40:00,0.89741814,high-ebb
2026-09-29 06:50:00,0.83661044,high-ebb
2026-09-29 07:00:00,0.769025,high-ebb
2026-09-29 07:10:00,0.69516844,high-ebb
2026-09-29 07:20:00,0.61559844,high-ebb
2026-09-29 07:30:00,0.53092027,high-ebb
2026-09-29 07:40:00,0.4417825,high-ebb
2026-09-29 07:50:00,0.3488732,high-ebb
2026-09-29 08:00:00,0.2529158,high-ebb
2026-09-29 08:10:00,0.15466475,high-ebb
2026-09-29 08:20:00,0.054900877,high-ebb
2026-09-29 08:30:00,-0.04557369,low-ebb
2026-09-29 08:40:00,-0.14594138,low-ebb
2026-09-29 08:50:00,-0.24537565,low-ebb
2026-09-29 09:00:00,-0.34304845,low-ebb
2026-09-29 09:10:00,-0.43813834,low-ebb
2026-09-29 09:20:00,-0.5298392,low-ebb
2026-09-29 09:30:00,-0.61736983,low-ebb
2026-09-29 09:40:00,-0.6999834,low-ebb
2026-09-29 09:50:00,-0.7769771,low-ebb
2026-09-29 10:00:00,-0.8477011,low-ebb
2026-09-29 10:10:00,-0.911567,low-ebb
2026-09-29 10:20:00,-0.96805495,low-ebb
2026-09-29 10:30:00,-1.0167197,low-ebb
2026-09-29 10:40:00,-1.0571942,low-ebb
2026-09-29 10:50:00,-1.0891927,low-ebb
2026-09-29 11:00:00,-1.1125107,low-ebb
2026-09-29 11:10:00,-1.127024,low-ebb
2026-09-29 11:20:00,-1.1326869,low-ebb
2026-09-29 11:30:00,-1.1295266,low-flow
2026-09-29 11:40:00,-1.1176405,low-flow
2026-09-29 11:50:00,-1.0971892,low-flow
2026-09-29 12:00:00,-1.0683917,low-flow
2026-09-29 12:10:00,-1.0315197,low-flow
2026-09-29 12:20:00,-0.9868922,low-flow
2026-09-29 12:30:00,-0.9348711,low-flow
2026-09-29 12:40:00,-0.8758568,low-flow
2026-09-29 12:50:00,-0.8102849,low-flow
2026-09-29 13:00:00,-0.7386234,low-flow
2026-09-29 13:10:00,-0.6613698,low-flow
2026-09-29 13:20:00,-0.5790497,low-flow
2026-09-29 13:30:00,-0.4922141,low-flow
2026-09-29 13:40:00,-0.4014378,low-flow
2026-09-29 13:50:00,-0.30731666,low-flow
2026-09-29 14:00:00,-0.21046548,low-flow
2026-09-29 14:10:00,-0.11151471,low-flow
2026-09-29 14:20:00,-0.011107287,low-flow
2026-09-29 14:30:00,0.09010503,high-flow
2026-09-29 14:40:00,0.19146545,high-flow
2026-09-29 14:50:00,0.2923161,high-flow
2026-09-29 15:00:00,0.3920018,high-flow
2026-09-29 15:10:00,0.48987383,high-flow
2026-09-29 15:20:00,0.58529335,high-flow
2026-09-29 15:30:00,0.6776344,high-flow
2026-09-29 15:40:00,0.7662871,high-flow
2026-09-29 15:50:00,0.8506595,high-flow
2026-09-29 16:00:00,0.93018085,high-flow
2026-09-29 16:10:00,1.0043031,high-flow
2026-09-29 16:20:00,1.0725037,high-flow
2026-09-29 16:30:00,1.1342884,high-flow
2026-09-29 16:40:00,1.189194,high-flow
2026-09-29 16:50:00,1.236791,high-flow
2026-09-29 17:00:00,1.2766889,high-flow
2026-09-29 17:10:00,1.3085388,high-flow
2026-09-29 17:20:00,1.3320384,high-flow
2026-09-29 17:30:00,1.346937,high-flow
2026-09-29 17:40:00,1.3530384,high-flow
2026-09-29 17:50:00,1.3502071,high-ebb
2026-09-29 18:00:00,1.33837,high-ebb
2026-09-29 18:10:00,1.3175204,high-ebb
2026-09-29 18:20:00,1.2877195,high-ebb
2026-09-29 18:30:00,1.249098,high-ebb
2026-09-29 18:40:00,1.2018551,high-ebb
2026-09-29 18:50:00,1.1462588,high-ebb
2026-09-29 19:00:00,1.082643,high-ebb
2026-09-29 19:10:00,1.0114052,high-ebb
2026-09-29 19:20:00,0.9330033,high-ebb
2026-09-29 19:30:00,0.8479514,high-ebb
2026-09-29 19:40:00,0.7568165,high-ebb
2026-09-29 19:50:00,0.66021365,high-ebb
2026-09-29 20:00:00,0.55880237,high-ebb
2026-09-29 20:10:00,0.45328185,high-ebb
2026-09-29 20:20:00,0.34438726,high-ebb
2026-09-29 20:30:00,0.23288506,high-ebb
2026-09-29 20:40:00,0.11956846,high-ebb
2026-09-29 20:50:00,0.005252505,high-ebb
2026-09-29 21:00:00,-0.10923149,low-ebb
2026-09-29 21:10:00,-0.22304212,low-ebb
2026-09-29 21:20:00,-0.33533487,low-ebb
2026-09-29 21:30:00,-0.44526976,low-ebb
2026-09-29 21:40:00,-0.5520199,low-ebb
2026-09-29 21:50:00,-0.6547803,low-ebb
2026-09-29 22:00:00,-0.75277764,low-ebb
2026-09-29 22:10:00,-0.84527916,low-ebb
2026-09-29 22:20:00,-0.9316023,low-ebb
2026-09-29 22:30:00,-1.0111231,low-ebb
2026-09-29 22:40:00,-1.0832834,low-ebb
2026-09-29 22:50:00,-1.1475981,low-ebb
2026-09-29 23:00:00,-1.2036589,low-ebb
2026-09-29 23:10:00,-1.2511379,low-ebb
2026-09-29 23:20:00,-1.2897884,low-ebb
2026-09-29 23:30:00,-1.3194449,low-ebb
2026-09-29 23:40:00,-1.3400207,low-ebb
2026-09-29 23:50:00,-1.3515046,low-ebb
2026-09-30 00:00:00,-1.3539561,low-ebb
2026-09-30 00:10:00,-1.3475004,low-flow
2026-09-30 00:20:00,-1.3323227,low-flow
2026-09-30 00:30:00,-1.3086622,low-flow
2026-09-30 00:40:00,-1.2768067,low-flow
2026-09-30 00:50:00,-1.2370877,low-flow
2026-09-30 01:00:00,-1.1898762,low-flow
2026-09-30 01:10:00,-1.1355782,low-flow
2026-09-30 01:20:00,-1.0746323,low-flow
2026-09-30 01:30:00,-1.007507,low-flow
2026-09-30 01:40:00,-0.934698,low-flow
2026-09-30 01:50:00,-0.8567273,low-flow
2026-09-30 02:00:00,-0.7741404,low-flow
2026-09-30 02:10:00,-0.6875048,low-flow
2026-09-30 02:20:00,-0.5974078,low-flow
2026-09-30 02:30:00,-0.5044536,low-flow
2026-09-30 02:40:00,-0.4092607,low-flow
2026-09-30 02:50:00,-0.3124585,low-flow
2026-09-30 03:00:00,-0.21468373,low-flow
2026-09-30 03:10:00,-0.11657682,low-flow
2026-09-30 03:20:00,-0.018778106,low-flow
2026-09-30 03:30:00,0.07807586,high-flow
2026-09-30 03:40:00,0.17335573,high-flow
2026-09-30 03:50:00,0.26644254,high-flow
2026-09-30 04:00:00,0.3567307,high-flow
2026-09-30 04:10:00,0.44363058,high-flow
2026-09-30 04:20:00,0.5265709,high-flow
2026-09-30 04:30:00,0.6050011,high-flow
2026-09-30 04:40:00,0.6783938,high-flow
2026-09-30 04:50:00,0.746247,high-flow
2026-09-30 05:00:00,0.8080872,high-flow
2026-09-30 05:10:00,0.8634725,high-flow
2026-09-30 05:20:00,0.9119959,high-flow
2026-09-30 05:30:00,0.95328957,high-flow
2026-09-30 05:40:00,0.98702884,high-flow
2026-09-30 05:50:00,1.0129371,high-flow
2026-09-30 06:00:00,1.0307895,high-flow
2026-09-30 06:10:00,1.0404184,high-flow
2026-09-30 06:20:00,1.041716,high-flow
2026-09-30 06:30:00,1.0346383,high-ebb
2026-09-30 06:40:00,1.0192074,high-ebb
2026-09-30 06:50:00,0.9955127,high-ebb
2026-09-30 07:00:00,0.963712,high-ebb
2026-09-30 07:10:00,0.9240298,high-ebb
2026-09-30 07:20:00,0.87675697,high-ebb
2026-09-30 07:30:00,0.8222474,high-ebb
2026-09-30 07:40:00,0.76091516,high-ebb
2026-09-30 07:50:00,0.693231,high-ebb
2026-09-30 08:00:00,0.6197181,high-ebb
2026-09-30 08:10:00,0.54094774,high-ebb
2026-09-30 08:20:00,0.45753545,high-ebb
2026-09-30 08:30:00,0.37013614,high-ebb
2026-09-30 08:40:00,0.27944025,high-ebb
2026-09-30 08:50:00,0.1861691,high-ebb
2026-09-30 09:00:00,0.09107064,high-ebb
2026-09-30 09:10:00,-0.005085446,low-ebb
2026-09-30 09:20:00,-0.10151284,low-ebb
2026-09-30 09:30:00,-0.19741441,low-ebb
2026-09-30 09:40:00,-0.2919886,low-ebb
2026-09-30 09:50:00,-0.3844366,low-ebb
2026-09-30 10:00:00,-0.4739702,low-ebb
2026-09-30 10:10:00,-0.5598204,low-ebb
2026-09-30 10:20:00,-0.6412462,low-ebb
2026-09-30 10:30:00,-0.7175441,low-ebb
2026-09-30 10:40:00,-0.78805655,low-ebb
2026-09-30 10:50:00,-0.85218126,low-ebb
2026-09-30 11:00:00,-0.9093786,low-ebb
2026-09-30 11:10:00,-0.95917815,low-ebb
2026-09-30 11:20:00,-1.0011842,low-ebb
2026-09-30 11:30:00,-1.0350794,low-ebb
2026-09-30 11:40:00,-1.060626,low-ebb
2026-09-30 11:50:00,-1.0776668,low-ebb
2026-09-30 12:00:00,-1.0861229,low-ebb
2026-09-30 12:10:00,-1.0859908,low-ebb
2026-09-30 12:20:00,-1.0773383,low-flow
2026-09-30 12:30:00,-1.0602993,low-flow
2026-09-30 12:40:00,-1.0350676,low-flow
2026-09-30 12:50:00,-1.0018915,low-flow
2026-09-30 13:00:00,-0.9610682,low-flow
2026-09-30 13:10:00,-0.91293764,low-flow
2026-09-30 13:20:00,-0.8578783,low-flow
2026-09-30 13:30:00,-0.79630286,low-flow
2026-09-30 13:40:00,-0.7286546,low-flow
2026-09-30 13:50:00,-0.65540504,low-flow
2026-09-30 14:00:00,-0.5770511,low-flow
2026-09-30 14:10:00,-0.4941135,low-flow
2026-09-30 14:20:00,-0.40713492,low-flow
2026-09-30 14:30:00,-0.3166781,low-flow
2026-09-30 14:40:00,-0.22332399,low-flow
2026-09-30 14:50:00,-0.12766944,low-flow
2026-09-30 15:00:00,-0.030324573,low-flow
2026-09-30 15:10:00,0.06809019,high-flow
2026-09-30 15:20:00,0.16694742,high-flow
2026-09-30 15:30:00,0.2656162,high-flow
2026-09-30 15:40:00,0.3634658,high-flow
2026-09-30 15:50:00,0.45986912,high-flow
2026-09-30 16:00:00,0.5542065,high-flow
2026-09-30 16:10:00,0.6458685,high-flow
2026-09-30 16:20:00,0.7342594,high-flow
2026-09-30 16:30:00,0.81879956,high-flow
2026-09-30 16:40:00,0.89892787,high-flow
2026-09-30 16:50:00,0.9741041,high-flow
2026-09-30 17:00:00,1.0438113,high-flow
2026-09-30 17:10:00,1.1075578,high-flow
2026-09-30 17:20:00,1.1648799,high-flow
2026-09-30 17:30:00,1.215345,high-flow
2026-09-30 17:40:00,1.2585543,high-flow
2026-09-30 17:50:00,1.294147,high-flow
2026-09-30 18:00:00,1.3218038,high-flow
2026-09-30 18:10:00,1.3412514,high-flow
2026-09-30 18:20:00,1.3522669,high-flow
2026-09-30 18:30:00,1.3546821,high-flow
2026-09-30 18:40:00,1.3483869,high-ebb
2026-09-30 18:50:00,1.3333336,high-ebb
2026-09-30 19:00:00,1.309539,high-ebb
2026-09-30 19:10:00,1.2770859,high-ebb
2026-09-30 19:20:00,1.2361249,high-ebb
2026-09-30 19:30:00,1.186873,high-ebb
2026-09-30 19:40:00,1.1296132,high-ebb
2026-09-30 19:50:00,1.0646921,high-ebb
2026-09-30 20:00:00,0.9925168,high-ebb
2026-09-30 20:10:00,0.9135515,high-ebb
2026-09-30 20:20:00,0.8283134,high-ebb
2026-09-30 20:30:00,0.73736864,high-ebb
2026-09-30 20:40:00,0.641328,high-ebb
2026-09-30 20:50:00,0.5408421,high-ebb
2026-09-30 21:00:00,0.4365979,high-ebb
2026-09-30 21:10:00,0.32931384,high-ebb
2026-09-30 21:20:00,0.21973573,high-ebb
2026-09-30 21:30:00,0.10863219,high-ebb
2026-09-30 21:40:00,-0.0032099474,low-ebb
2026-09-30 21:50:00,-0.114991106,low-ebb
2026-09-30 22:00:00,-0.2259047,low-ebb
2026-09-30 22:10:00,-0.33514377,low-ebb
2026-09-30 22:20:00,-0.44190818,low-ebb
2026-09-30 22:30:00,-0.5454126,low-ebb
2026-09-30 22:40:00,-0.6448949,low-ebb
2026-09-30 22:50:00,-0.73962516,low-ebb
2026-09-30 23:00:00,-0.8289144,low-ebb
2026-09-30 23:10:00,-0.91212314,low-ebb
2026-09-30 23:20:00,-0.9886697,low-ebb
2026-09-30 23:30:00,-1.0580369,low-ebb
2026-09-30 23:40:00,-1.1197782,low-ebb
2026-09-30 23:50:00,-1.1735216,low-ebb
2026-10-01 00:00:00,-1.2189726,low-ebb
2026-10-01 00:10:00,-1.255915,low-ebb
2026-10-01 00:20:00,-1.2842102,low-ebb
2026-10-01 00:30:00,-1.3037944,low-ebb
2026-10-01 00:40:00,-1.3146755,low-ebb
2026-10-01 00:50:00,-1.3169278,low-ebb
2026-10-01 01:00:00,-1.3106874,low-flow
2026-10-01 01:10:00,-1.2961457,low-flow
2026-10-01 01:20:00,-1.273544,low-flow
2026-10-01 01:30:00,-1.243168,low-flow
2026-10-01 01:40:00,-1.2053431,low-flow
2026-10-01 01:50:00,-1.1604297,low-flow
2026-10-01 02:00:00,-1.10882,low-flow
2026-10-01 02:10:00,-1.0509348,low-flow
2026-10-01 02:20:00,-0.9872216,low-flow
2026-10-01 02:30:00,-0.9181525,low-flow
2026-10-01 02:40:00,-0.84422266,low-flow
2026-10-01 02:50:00,-0.7659488,low-flow
2026-10-01 03:00:00,-0.6838676,low-flow
2026-10-01 03:10:00,-0.5985338,low-flow
2026-10-01 03:20:00,-0.5105181,low-flow
2026-10-01 03:30:00,-0.4204041,low-flow
2026-10-01 03:40:00,-0.3287861,low-flow
2026-10-01 03:50:00,-0.23626506,low-flow
2026-10-01 04:00:00,-0.14344555,low-flow
2026-10-01 04:10:00,-0.050932046,low-flow
2026-10-01 04:20:00,0.04067447,high-flow
2026-10-01 04:30:00,0.1307799,high-flow
2026-10-01 04:40:00,0.21880014,high-flow
2026-10-01 04:50:00,0.3041638,high-flow
2026-10-01 05:00:00,0.38631484,high-flow
2026-10-01 05:10:00,0.4647149,high-flow
2026-10-01 05:20:00,0.53884554,high-flow
2026-10-01 05:30:00,0.60821044,high-flow
2026-10-01 05:40:00,0.6723379,high-flow
2026-10-01 05:50:00,0.7307834,high-flow
2026-10-01 06:00:00,0.7831328,high-flow
2026-10-01 06:10:00,0.8290054,high-flow
2026-10-01 06:20:00,0.8680582,high-flow
2026-10-01 06:30:00,0.8999894,high-flow
2026-10-01 06:40:00,0.92454314,high-flow
2026-10-01 06:50:00,0.94151354,high-flow
2026-10-01 07:00:00,0.95074856,high-flow
2026-10-01 07:10:00,0.9521541,high-flow
2026-10-01 07:20:00,0.9456965,high-ebb
2026-10-01 07:30:00,0.931405,high-ebb
2026-10-01 07:40:00,0.90937287,high-ebb
2026-10-01 07:50:00,0.87975776,high-ebb
2026-10-01 08:00:00,0.84278065,high-ebb
2026-10-01 08:10:00,0.79872435,high-ebb
2026-10-01 08:20:00,0.7479309,high-ebb
2026-10-01 08:30:00,0.6907981,high-ebb
2026-10-01 08:40:00,0.62777597,high-ebb
2026-10-01 08:50:00,0.5593626,high-ebb
2026-10-01 09:00:00,0.48609996,high-ebb
2026-10-01 09:10:00,0.40856975,high-ebb
2026-10-01 09:20:00,0.32738912,high-ebb
2026-10-01 09:30:00,0.24320671,high-ebb
2026-10-01 09:40:00,0.15669863,high-ebb
2026-10-01 09:50:00,0.068564236,high-ebb
2026-10-01 10:00:00,-0.02047808,low-ebb
2026-10-01 10:10:00,-0.1096956,low-ebb
2026-10-01 10:20:00,-0.19834648,low-ebb
2026-10-01 10:30:00,-0.2856855,low-ebb
2026-10-01 10:40:00,-0.37097076,low-ebb
2026-10-01 10:50:00,-0.45347056,low-ebb
2026-10-01 11:00:00,-0.53247166,low-ebb
2026-10-01 11:10:00,-0.60728717,low-ebb
2026-10-01 11:20:00,-0.67726535,low-ebb
2026-10-01 11:30:00,-0.74179804,low-ebb
2026-10-01 11:40:00,-0.80032855,low-ebb
2026-10-01 11:50:00,-0.85235894,low-ebb
2026-10-01 12:00:00,-0.89745647,low-ebb
2026-10-01 12:10:00,-0.9352583,low-ebb
2026-10-01 12:20:00,-0.96547496,low-ebb
2026-10-01 12:30:00,-0.98789155,low-ebb
2026-10-01 12:40:00,-1.0023683,low-ebb
2026-10-01 12:50:00,-1.0088387,low-ebb
2026-10-01 13:00:00,-1.0073057,low-ebb
2026-10-01 13:10:00,-0.9978392,low-flow
2026-10-01 13:20:00,-0.98056906,low-flow
2026-10-01 13:30:00,-0.9556809,low-flow
2026-10-01 13:40:00,-0.92340994,low-flow
2026-10-01 13:50:00,-0.8840354,low-flow
2026-10-01 14:00:00,-0.83787566,low-flow
2026-10-01 14:10:00,-0.7852836,low-flow
2026-10-01 14:20:00,-0.72664297,low-flow
2026-10-01 14:30:00,-0.662365,low-flow
2026-10-01 14:40:00,-0.59288645,low-flow
2026-10-01 14:50:00,-0.51866734,low-flow
2026-10-01 15:00:00,-0.44018966,low-flow
2026-10-01 15:10:00,-0.35795572,low-flow
2026-10-01 15:20:00,-0.27248707,low-flow
2026-10-01 15:30:00,-0.18432258,low-flow
2026-10-01 15:40:00,-0.094016664,low-flow
2026-10-01 15:50:00,-0.00213694,low-flow
2026-10-01 16:00:00,0.09073852,high-flow
2026-10-01 16:10:00,0.18402423,high-flow
2026-10-01 16:20:00,0.2771307,high-flow
2026-10-01 16:30:00,0.36946777,high-flow
2026-10-01 16:40:00,0.4604483,high-flow
2026-10-01 16:50:00,0.5494914,high-flow
2026-10-01 17:00:00,0.6360258,high-flow
2026-10-01 17:10:00,0.7194925,high-flow
2026-10-01 17:20:00,0.7993475,high-flow
2026-10-01 17:30:00,0.87506455,high-flow
2026-10-01 17:40:00,0.9461366,high-flow
2026-10-01 17:50:00,1.0120786,high-flow
2026-10-01 18:00:00,1.0724297,high-flow
2026-10-01 18:10:00,1.1267546,high-flow
2026-10-01 18:20:00,1.1746479,high-flow
2026-10-01 18:30:00,1.2157358,high-flow
2026-10-01 18:40:00,1.2496798,high-flow
2026-10-01 18:50:00,1.2761807,high-flow
2026-10-01 19:00:00,1.2949824,high-flow
2026-10-01 19:10:00,1.3058759,high-flow
2026-10-01 19:20:00,1.3087033,high-flow
2026-10-01 19:30:00,1.3033613,high-ebb
2026-10-01 19:40:00,1.2898047,high-ebb
2026-10-01 19:50:00,1.2680484,high-ebb
2026-10-01 20:00:00,1.2381691,high-ebb
2026-10-01 20:10:00,1.2003062,high-ebb
2026-10-01 20:20:00,1.1546607,high-ebb
2026-10-01 20:30:00,1.1014947,high-ebb
2026-10-01 20:40:00,1.0411286,high-ebb
2026-10-01 20:50:00,0.9739385,high-ebb
2026-10-01 21:00:00,0.90035224,high-ebb
2026-10-01 21:10:00,0.8208462,high-ebb
2026-10-01 21:20:00,0.7359408,high-ebb
2026-10-01 21:30:00,0.64619684,high-ebb
2026-10-01 21:40:00,0.5522111,high-ebb
2026-10-01 21:50:00,0.45461303,high-ebb
2026-10-01 22:00:00,0.35406053,high-ebb
2026-10-01 22:10:00,0.25123665,high-ebb
2026-10-01 22:20:00,0.14684545,high-ebb
2026-10-01 22:30:00,0.041608147,high-ebb
2026-10-01 22:40:00,-0.06374146,low-ebb
2026-10-01 22:50:00,-0.16846204,low-ebb
2026-10-01 23:00:00,-0.27181047,low-ebb
2026-10-01 23:10:00,-0.37304825,low-ebb
2026-10-01 23:20:00,-0.4714487,low-ebb
2026-10-01 23:30:00,-0.5663046,low-ebb
2026-10-01 23:40:00,-0.6569366,low-ebb
2026-10-01 23:50:00,-0.7427008,low-ebb
2026-10-02 00:00:00,-0.82299775,low-ebb
2026-10-02 00:10:00,-0.8972792,low-ebb
2026-10-02 00:20:00,-0.9650552,low-ebb
2026-10-02 00:30:00,-1.0258996,low-ebb
2026-10-02 00:40:00,-1.0794544,low-ebb
2026-10-02 00:50:00,-1.1254315,low-ebb
2026-10-02 01:00:00,-1.163615,low-ebb
2026-10-02 01:10:00,-1.1938592,low-ebb
2026-10-02 01:20:00,-1.2160876,low-ebb
2026-10-02 01:30:00,-1.2302885,low-ebb
2026-10-02 01:40:00,-1.2365117,low-ebb
2026-10-02 01:50:00,-1.2348626,low-ebb
2026-10-02 02:00:00,-1.2254976,low-flow
2026-10-02 02:10:00,-1.2086188,low-flow
2026-10-02 02:20:00,-1.1844684,low-flow
2026-10-02 02:30:00,-1.1533252,low-flow
2026-10-02 02:40:00,-1.1155005,low-flow
2026-10-02 02:50:00,-1.0713346,low-flow
2026-10-02 03:00:00,-1.0211955,low-flow
2026-10-02 03:10:00,-0.9654761,low-flow
2026-10-02 03:20:00,-0.9045934,low-flow
2026-10-02 03:30:00,-0.8389872,low-flow
2026-10-02 03:40:00,-0.7691189,low-flow
2026-10-02 03:50:00,-0.6954706,low-flow
2026-10-02 04:00:00,-0.6185431,low-flow
2026-10-02 04:10:00,-0.5388542,low-flow
2026-10-02 04:20:00,-0.4569363,low-flow
2026-10-02 04:30:00,-0.3733336,low-flow
2026-10-02 04:40:00,-0.28859887,low-flow
2026-10-02 04:50:00,-0.20329009,low-flow
2026-10-02 05:00:00,-0.117967,low-flow
2026-10-02 05:10:00,-0.033187665,low-flow
2026-10-02 05:20:00,0.05049491,high-flow
2026-10-02 05:30:00,0.13253579,high-flow
2026-10-02 05:40:00,0.21240091,high-flow
2026-10-02 05:50:00,0.28956962,high-flow
2026-10-02 06:00:00,0.36353692,high-flow
2026-10-02 06:10:00,0.43381563,high-flow
2026-10-02 06:20:00,0.49993852,high-flow
2026-10-02 06:30:00,0.5614604,high-flow
2026-10-02 06:40:00,0.6179608,high-flow
2026-10-02 06:50:00,0.6690465,high-flow
2026-10-02 07:00:00,0.7143548,high-flow
2026-10-02 07:10:00,0.7535568,high-flow
2026-10-02 07:20:00,0.7863611,high-flow
2026-10-02 07:30:00,0.812518,high-flow
2026-10-02 07:40:00,0.8318231,high-flow
2026-10-02 07:50:00,0.8441212,high-flow
2026-10-02 08:00:00,0.8493094,high-flow
2026-10-02 08:10:00,0.8473399,high-ebb
2026-10-02 08:20:00,0.8382222,high-ebb
2026-10-02 08:30:00,0.8220238,high-ebb
2026-10-02 08:40:00,0.79887044,high-ebb
2026-10-02 08:50:00,0.7689455,high-ebb
2026-10-02 09:00:00,0.7324879,high-ebb
2026-10-02 09:10:00,0.68979007,high-ebb
2026-10-02 09:20:00,0.64119446,high-ebb
2026-10-02 09:30:00,0.5870905,high-ebb
2026-10-02 09:40:00,0.52791077,high-ebb
2026-10-02 09:50:00,0.4641272,high-ebb
2026-10-02 10:00:00,0.3962476,high-ebb
2026-10-02 10:10:00,0.32481202,high-ebb
2026-10-02 10:20:00,0.25038958,high-ebb
2026-10-02 10:30:00,0.17357515,high-ebb
2026-10-02 10:40:00,0.09498616,high-ebb
2026-10-02 10:50:00,0.015259201,high-ebb
2026-10-02 11:00:00,-0.0649537,low-ebb
2026-10-02 11:10:00,-0.14498927,low-ebb
2026-10-02 11:20:00,-0.2241778,low-ebb
2026-10-02 11:30:00,-0.30184877,low-ebb
2026-10-02 11:40:00,-0.3773372,low-ebb
2026-10-02 11:50:00,-0.4499904,low-ebb
2026-10-02 12:00:00,-0.5191758,low-ebb
2026-10-02 12:10:00,-0.58428884,low-ebb
2026-10-02 12:20:00,-0.64476043,low-ebb
2026-10-02 12:30:00,-0.700065,low-ebb
2026-10-02 12:40:00,-0.7497274,low-ebb
2026-10-02 12:50:00,-0.793329,low-ebb
2026-10-02 13:00:00,-0.83051234,low-ebb
2026-10-02 13:10:00,-0.86098486,low-ebb
2026-10-02 13:20:00,-0.8845205,low-ebb
2026-10-02 13:30:00,-0.90096,low-ebb
2026-10-02 13:40:00,-0.91021025,low-ebb
2026-10-02 13:50:00,-0.9122408,low-ebb
2026-10-02 14:00:00,-0.907081,low-flow
2026-10-02 14:10:00,-0.8948153,low-flow
2026-10-02 14:20:00,-0.8755786,low-flow
2026-10-02 14:30:00,-0.8495509,low-flow
2026-10-02 14:40:00,-0.8169529,low-flow
2026-10-02 14:50:00,-0.77804136,low-flow
2026-10-02 15:00:00,-0.73310554,low-flow
2026-10-02 15:10:00,-0.6824639,low-flow
2026-10-02 15:20:00,-0.6264616,low-flow
2026-10-02 15:30:00,-0.56546915,low-flow
2026-10-02 15:40:00,-0.49988034,low-flow
2026-10-02 15:50:00,-0.4301119,low-flow
2026-10-02 16:00:00,-0.3566021,low-flow
2026-10-02 16:10:00,-0.27980986,low-flow
2026-10-02 16:20:00,-0.20021342,low-flow
2026-10-02 16:30:00,-0.1183087,low-flow
2026-10-02 16:40:00,-0.034607112,low-flow
2026-10-02 16:50:00,0.050367024,high-flow
2026-10-02 17:00:00,0.13607945,high-flow
2026-10-02 17:10:00,0.2219893,high-flow
2026-10-02 17:20:00,0.30755255,high-flow
2026-10-02 17:30:00,0.39222562,high-flow
2026-10-02 17:40:00,0.47546864,high-flow
2026-10-02 17:50:00,0.55674887,high-flow
2026-10-02 18:00:00,0.6355435,high-flow
2026-10-02 18:10:00,0.7113423,high-flow
2026-10-02 18:20:00,0.78364986,high-flow
2026-10-02 18:30:00,0.85198796,high-flow
2026-10-02 18:40:00,0.91589737,high-flow
2026-10-02 18:50:00,0.9749399,high-flow
2026-10-02 19:00:00,1.0287005,high-flow
2026-10-02 19:10:00,1.0767896,high-flow
2026-10-02 19:20:00,1.1188463,high-flow
2026-10-02 19:30:00,1.1545403,high-flow
2026-10-02 19:40:00,1.1835765,high-flow
2026-10-02 19:50:00,1.2056977,high-flow
2026-10-02 20:00:00,1.2206883,high-flow
2026-10-02 20:10:00,1.2283789,high-flow
2026-10-02 20:20:00,1.228648,high-flow
2026-10-02 20:30:00,1.221426,high-ebb
2026-10-02 20:40:00,1.2066973,high-ebb
2026-10-02 20:50:00,1.1845012,high-ebb
2026-10-02 21:00:00,1.1549329,high-ebb
2026-10-02 21:10:00,1.1181427,high-ebb
2026-10-02 21:20:00,1.0743356,high-ebb
2026-10-02 21:30:00,1.0237683,high-ebb
2026-10-02 21:40:00,0.96674716,high-ebb
2026-10-02 21:50:00,0.90362525,high-ebb
2026-10-02 22:00:00,0.8347988,high-ebb
2026-10-02 22:10:00,0.76070386,high-ebb
2026-10-02 22:20:00,0.68181324,high-ebb
2026-10-02 22:30:00,0.5986331,high-ebb
2026-10-02 22:40:00,0.5117003,high-ebb
2026-10-02 22:50:00,0.4215795,high-ebb
2026-10-02 23:00:00,0.3288606,high-ebb
2026-10-02 23:10:00,0.23415597,high-ebb
2026-10-02 23:20:00,0.13809742,high-ebb
2026-10-02 23:30:00,0.041333012,high-ebb
2026-10-02 23:40:00,-0.055477038,low-ebb
2026-10-02 23:50:00,-0.151665,low-ebb
2026-10-03 00:00:00,-0.2465611,low-ebb
2026-10-03 00:10:00,-0.33949974,low-ebb
2026-10-03 00:20:00,-0.42982644,low-ebb
2026-10-03 00:30:00,-0.51690525,low-ebb
2026-10-03 00:40:00,-0.6001267,low-ebb
2026-10-03 00:50:00,-0.67891496,low-ebb
2026-10-03 01:00:00,-0.7527359,low-ebb
2026-10-03 01:10:00,-0.8211031,low-ebb
2026-10-03 01:20:00,-0.8835838,low-ebb
2026-10-03 01:30:00,-0.9398033,low-ebb
2026-10-03 01:40:00,-0.98944795,low-ebb
2026-10-03 01:50:00,-1.0322665,low-ebb
2026-10-03 02:00:00,-1.0680703,low-ebb
2026-10-03 02:10:00,-1.0967314,low-ebb
2026-10-03 02:20:00,-1.118181,low-ebb
2026-10-03 02:30:00,-1.1324048,low-ebb
2026-10-03 02:40:00,-1.1394396,low-ebb
2026-10-03 02:50:00,-1.139369,low-ebb
2026-10-03 03:00:00,-1.1323185,low-flow
2026-10-03 03:10:00,-1.1184522,low-flow
2026-10-03 03:20:00,-1.0979687,low-flow
2026-10-03 03:30:00,-1.0710984,low-flow
2026-10-03 03:40:00,-1.0381012,low-flow
2026-10-03 03:50:00,-0.9992647,low-flow
2026-10-03 04:00:00,-0.95490324,low-flow
2026-10-03 04:10:00,-0.905357,low-flow
2026-10-03 04:20:00,-0.85099125,low-flow
2026-10-03 04:30:00,-0.7921957,low-flow
2026-10-03 04:40:00,-0.72938365,low-flow
2026-10-03 04:50:00,-0.66299045,low-flow
2026-10-03 05:00:00,-0.5934718,low-flow
2026-10-03 05:10:00,-0.5213017,low-flow
2026-10-03 05:20:00,-0.44696906,low-flow
2026-10-03 05:30:00,-0.37097526,low-flow
2026-10-03 05:40:00,-0.29383013,low-flow
2026-10-03 05:50:00,-0.21604878,low-flow
2026-10-03 06:00:00,-0.13814782,low-flow
2026-10-03 06:10:00,-0.060642056,low-flow
2026-10-03 06:20:00,0.015958667,high-flow
2026-10-03 06:30:00,0.09115229,high-flow
2026-10-03 06:40:00,0.16444705,high-flow
2026-10-03 06:50:00,0.2353637,high-flow
2026-10-03 07:00:00,0.30343756,high-flow
2026-10-03 07:10:00,0.36822036,high-flow
2026-10-03 07:20:00,0.42928243,high-flow
2026-10-03 07:30:00,0.48621464,high-flow
2026-10-03 07:40:00,0.5386309,high-flow
2026-10-03 07:50:00,0.586171,high-flow
2026-10-03 08:00:00,0.62850326,high-flow
2026-10-03 08:10:00,0.6653285,high-flow
2026-10-03 08:20:00,0.69638294,high-flow
2026-10-03 08:30:00,0.721442,high-flow
2026-10-03 08:40:00,0.7403236,high-flow
2026-10-03 08:50:00,0.7528913,high-flow
2026-10-03 09:00:00,0.7590567,high-flow
2026-10-03 09:10:00,0.7587813,high-flow
2026-10-03 09:20:00,0.7520775,high-ebb
2026-10-03 09:30:00,0.7390091,high-ebb
2026-10-03 09:40:00,0.7196901,high-ebb
2026-10-03 09:50:00,0.69428396,high-ebb
2026-10-03 10:00:00,0.6630011,high-ebb
2026-10-03 10:10:00,0.6260967,high-ebb
2026-10-03 10:20:00,0.58386785,high-ebb
2026-10-03 10:30:00,0.5366504,high-ebb
2026-10-03 10:40:00,0.48481667,high-ebb
2026-10-03 10:50:00,0.4287723,high-ebb
2026-10-03 11:00:00,0.36895412,high-ebb
2026-10-03 11:10:00,0.3058278,high-ebb
2026-10-03 11:20:00,0.23988602,high-ebb
2026-10-03 11:30:00,0.17164616,high-ebb
2026-10-03 11:40:00,0.10164846,high-ebb
2026-10-03 11:50:00,0.03045328,high-ebb
2026-10-03 12:00:00,-0.041361745,low-ebb
2026-10-03 12:10:00,-0.11320551,low-ebb
2026-10-03 12:20:00,-0.18447793,low-ebb
2026-10-03 12:30:00,-0.25457525,low-ebb
2026-10-03 12:40:00,-0.32289633,low-ebb
2026-10-03 12:50:00,-0.38884938,low-ebb
2026-10-03 13:00:00,-0.4518594,low-ebb
2026-10-03 13:10:00,-0.5113757,low-ebb
2026-10-03 13:20:00,-0.56687945,low-ebb
2026-10-03 13:30:00,-0.61789054,low-ebb
2026-10-03 13:40:00,-0.66397387,low-ebb
2026-10-03 13:50:00,-0.70474494,low-ebb
2026-10-03 14:00:00,-0.73987323,low-ebb
2026-10-03 14:10:00,-0.76908517,low-ebb
2026-10-03 14:20:00,-0.7921651,low-ebb
2026-10-03 14:30:00,-0.80895495,low-ebb
2026-10-03 14:40:00,-0.8193527,low-ebb
2026-10-03 14:50:00,-0.8233098,low-ebb
2026-10-03 15:00:00,-0.82082784,low-flow
2026-10-03 15:10:00,-0.8119548,low-flow
2026-10-03 15:20:00,-0.796781,low-flow
2026-10-03 15:30:00,-0.7754357,low-flow
2026-10-03 15:40:00,-0.7480831,low-flow
2026-10-03 15:50:00,-0.7149202,low-flow
2026-10-03 16:00:00,-0.6761739,low-flow
2026-10-03 16:10:00,-0.63209975,low-flow
2026-10-03 16:20:00,-0.5829806,low-flow
2026-10-03 16:30:00,-0.5291259,low-flow
2026-10-03 16:40:00,-0.47087136,low-flow
2026-10-03 16:50:00,-0.40857792,low-flow
2026-10-03 17:00:00,-0.34263146,low-flow
2026-10-03 17:10:00,-0.27344146,low-flow
2026-10-03 17:20:00,-0.20143956,low-flow
2026-10-03 17:30:00,-0.1270774,low-flow
2026-10-03 17:40:00,-0.05082408,low-flow
2026-10-03 17:50:00,0.026836963,high-flow
2026-10-03 18:00:00,0.10541132,high-flow
2026-10-03 18:10:00,0.18439727,high-flow
2026-10-03 18:20:00,0.2632894,high-flow
2026-10-03 18:30:00,0.34158224,high-flow
2026-10-03 18:40:00,0.41877356,high-flow
2026-10-03 18:50:00,0.4943674,high-flow
2026-10-03 19:00:00,0.5678767,high-flow
2026-10-03 19:10:00,0.63882583,high-flow
2026-10-03 19:20:00,0.7067523,high-flow
2026-10-03 19:30:00,0.771209,high-flow
2026-10-03 19:40:00,0.83176565,high-flow
2026-10-03 19:50:00,0.8880109,high-flow
2026-10-03 20:00:00,0.9395545,high-flow
2026-10-03 20:10:00,0.9860292,high-flow
2026-10-03 20:20:00,1.0270938,high-flow
2026-10-03 20:30:00,1.062436,high-flow
2026-10-03 20:40:00,1.0917754,high-flow
2026-10-03 20:50:00,1.1148671,high-flow
2026-10-03 21:00:00,1.1315047,high-flow
2026-10-03 21:10:00,1.1415232,high-flow
2026-10-03 21:20:00,1.1448023,high-flow
2026-10-03 21:30:00,1.141268,high-ebb
2026-10-03 21:40:00,1.130894,high-ebb
2026-10-03 21:50:00,1.1137027,high-ebb
2026-10-03 22:00:00,1.0897646,high-ebb
2026-10-03 22:10:00,1.0591984,high-ebb
2026-10-03 22:20:00,1.0221682,high-ebb
2026-10-03 22:30:00,0.9788825,high-ebb
2026-10-03 22:40:00,0.92959195,high-ebb
2026-10-03 22:50:00,0.8745862,high-ebb
2026-10-03 23:00:00,0.81419235,high-ebb
2026-10-03 23:10:00,0.74877197,high-ebb
2026-10-03 23:20:00,0.6787198,high-ebb
2026-10-03 23:30:00,0.60446185,high-ebb
2026-10-03 23:40:00,0.52645373,high-ebb
2026-10-03 23:50:00,0.4451795,high-ebb
2026-10-04 00:00:00,0.36115023,high-ebb
2026-10-04 00:10:00,0.27490237,high-ebb
2026-10-04 00:20:00,0.18699554,high-ebb
2026-10-04 00:30:00,0.09800973,high-ebb
2026-10-04 00:40:00,0.008541862,high-ebb
2026-10-04 00:50:00,-0.08079886,low-ebb
2026-10-04 01:00:00,-0.16939627,low-ebb
2026-10-04 01:10:00,-0.25663355,low-ebb
2026-10-04 01:20:00,-0.34190023,low-ebb
2026-10-04 01:30:00,-0.4245994,low-ebb
2026-10-04 01:40:00,-0.5041556,low-ebb
2026-10-04 01:50:00,-0.5800219,low-ebb
2026-10-04 02:00:00,-0.65168726,low-ebb
2026-10-04 02:10:00,-0.71868217,low-ebb
2026-10-04 02:20:00,-0.78058404,low-ebb
2026-10-04 02:30:00,-0.83702075,low-ebb
2026-10-04 02:40:00,-0.8876734,low-ebb
2026-10-04 02:50:00,-0.93227667,low-ebb
2026-10-04 03:00:00,-0.97061944,low-ebb
2026-10-04 03:10:00,-1.0025426,low-ebb
2026-10-04 03:20:00,-1.0279372,low-ebb
2026-10-04 03:30:00,-1.0467416,low-ebb
2026-10-04 03:40:00,-1.0589381,low-ebb
2026-10-04 03:50:00,-1.0645499,low-ebb
2026-10-04 04:00:00,-1.0636381,low-ebb
2026-10-04 04:10:00,-1.0562991,low-flow
2026-10-04 04:20:00,-1.0426631,low-flow
2026-10-04 04:30:00,-1.0228916,low-flow
2026-10-04 04:40:00,-0.997178,low-flow
2026-10-04 04:50:00,-0.96574545,low-flow
2026-10-04 05:00:00,-0.92884755,low-flow
2026-10-04 05:10:00,-0.88676804,low-flow
2026-10-04 05:20:00,-0.83981997,low-flow
2026-10-04 05:30:00,-0.7883452,low-flow
2026-10-04 05:40:00,-0.7327133,low-flow
2026-10-04 05:50:00,-0.6733194,low-flow
2026-10-04 06:00:00,-0.6105823,low-flow
2026-10-04 06:10:00,-0.5449413,low-flow
2026-10-04 06:20:00,-0.47685283,low-flow
2026-10-04 06:30:00,-0.40678707,low-flow
2026-10-04 06:40:00,-0.335224,low-flow
2026-10-04 06:50:00,-0.26264966,low-flow
2026-10-04 07:00:00,-0.1895526,low-flow
2026-10-04 07:10:00,-0.11642063,low-flow
2026-10-04 07:20:00,-0.043737754,low-flow
2026-10-04 07:30:00,0.028018251,high-flow
2026-10-04 07:40:00,0.098378144,high-flow
2026-10-04 07:50:00,0.16688314,high-flow
2026-10-04 08:00:00,0.2330867,high-flow
2026-10-04 08:10:00,0.29655635,high-flow
2026-10-04 08:20:00,0.35687554,high-flow
2026-10-04 08:30:00,0.41364565,high-flow
2026-10-04 08:40:00,0.46648857,high-flow
2026-10-04 08:50:00,0.5150492,high-flow
2026-10-04 09:00:00,0.5589985,high-flow
2026-10-04 09:10:00,0.59803665,high-flow
2026-10-04 09:20:00,0.63189614,high-flow
2026-10-04 09:30:00,0.66034526,high-flow
2026-10-04 09:40:00,0.68319046,high-flow
2026-10-04 09:50:00,0.70027936,high-flow
2026-10-04 10:00:00,0.7115021,high-flow
2026-10-04 10:10:00,0.716793,high-flow
2026-10-04 10:20:00,0.7161308,high-flow
2026-10-04 10:30:00,0.7095385,high-ebb
2026-10-04 10:40:00,0.6970826,high-ebb
2026-10-04 10:50:00,0.67887163,high-ebb
2026-10-04 11:00:00,0.65505457,high-ebb
2026-10-04 11:10:00,0.6258191,high-ebb
2026-10-04 11:20:00,0.5913893,high-ebb
2026-10-04 11:30:00,0.55202466,high-ebb
2026-10-04 11:40:00,0.5080179,high-ebb
2026-10-04 11:50:00,0.45969433,high-ebb
2026-10-04 12:00:00,0.40741074,high-ebb
2026-10-04 12:10:00,0.35155472,high-ebb
2026-10-04 12:20:00,0.29254407,high-ebb
2026-10-04 12:30:00,0.2308258,high-ebb
2026-10-04 12:40:00,0.16687511,high-ebb
2026-10-04 12:50:00,0.101193376,high-ebb
2026-10-04 13:00:00,0.034305613,high-ebb
2026-10-04 13:10:00,-0.033243097,low-ebb
2026-10-04 13:20:00,-0.10089215,low-ebb
2026-10-04 13:30:00,-0.16807094,low-ebb
2026-10-04 13:40:00,-0.23420526,low-ebb
2026-10-04 13:50:00,-0.2987244,low-ebb
2026-10-04 14:00:00,-0.36106864,low-ebb
2026-10-04 14:10:00,-0.4206968,low-ebb
2026-10-04 14:20:00,-0.4770937,low-ebb
2026-10-04 14:30:00,-0.52977693,low-ebb
2026-10-04 14:40:00,-0.57830274,low-ebb
2026-10-04 14:50:00,-0.62227106,low-ebb
2026-10-04 15:00:00,-0.66132885,low-ebb
2026-10-04 15:10:00,-0.6951724,low-ebb
2026-10-04 15:20:00,-0.72354835,low-ebb
2026-10-04 15:30:00,-0.7462533,low-ebb
2026-10-04 15:40:00,-0.76313263,low-ebb
2026-10-04 15:50:00,-0.77407837,low-ebb
2026-10-04 16:00:00,-0.77902687,low-ebb
2026-10-04 16:10:00,-0.7779561,low-ebb
2026-10-04 16:20:00,-0.7708831,low-flow
2026-10-04 16:30:00,-0.7578614,low-flow
2026-10-04 16:40:00,-0.73897964,low-flow
2026-10-04 16:50:00,-0.71436006,low-flow
2026-10-04 17:00:00,-0.6841573,low-flow
2026-10-04 17:10:00,-0.64855844,low-flow
2026-10-04 17:20:00,-0.60778236,low-flow
2026-10-04 17:30:00,-0.5620799,low-flow
2026-10-04 17:40:00,-0.5117336,low-flow
2026-10-04 17:50:00,-0.4570569,low-flow
2026-10-04 18:00:00,-0.39839342,low-flow
2026-10-04 18:10:00,-0.33611536,low-flow
2026-10-04 18:20:00,-0.27062124,low-flow
2026-10-04 18:30:00,-0.20233323,low-flow
2026-10-04 18:40:00,-0.1316939,low-flow
2026-10-04 18:50:00,-0.059162505,low-flow
2026-10-04 19:00:00,0.014788812,high-flow
2026-10-04 19:10:00,0.089679025,high-flow
2026-10-04 19:20:00,0.16502202,high-flow
2026-10-04 19:30:00,0.24033013,high-flow
2026-10-04 19:40:00,0.31511742,high-flow
2026-10-04 19:50:00,0.3889024,high-flow
2026-10-04 20:00:00,0.4612105,high-flow
2026-10-04 20:10:00,0.53157604,high-flow
2026-10-04 20:20:00,0.59954417,high-flow
2026-10-04 20:30:00,0.6646723,high-flow
2026-10-04 20:40:00,0.72653216,high-flow
2026-10-04 20:50:00,0.7847112,high-flow
2026-10-04 21:00:00,0.83881474,high-flow
2026-10-04 21:10:00,0.8884687,high-flow
2026-10-04 21:20:00,0.93332165,high-flow
2026-10-04 21:30:00,0.97304815,high-flow
2026-10-04 21:40:00,1.0073515,high-flow
2026-10-04 21:50:00,1.0359671,high-flow
2026-10-04 22:00:00,1.0586649,high-flow
2026-10-04 22:10:00,1.0752527,high-flow
2026-10-04 22:20:00,1.0855776,high-flow
2026-10-04 22:30:00,1.0895283,high-flow
2026-10-04 22:40:00,1.0870358,high-ebb
2026-10-04 22:50:00,1.0780735,high-ebb
2026-10-04 23:00:00,1.0626574,high-ebb
2026-10-04 23:10:00,1.0408446,high-ebb
2026-10-04 23:20:00,1.0127332,high-ebb
2026-10-04 23:30:00,0.97846,high-ebb
2026-10-04 23:40:00,0.93819976,high-ebb
2026-10-04 23:50:00,0.8921634,high-ebb
2026-10-05 00:00:00,0.8405975,high-ebb
2026-10-05 00:10:00,0.7837833,high-ebb
2026-10-05 00:20:00,0.72203654,high-ebb
2026-10-05 00:30:00,0.65570706,high-ebb
2026-10-05 00:40:00,0.585179,high-ebb
2026-10-05 00:50:00,0.5108705,high-ebb
2026-10-05 01:00:00,0.4332334,high-ebb
2026-10-05 01:10:00,0.35275233,high-ebb
2026-10-05 01:20:00,0.26994276,high-ebb
2026-10-05 01:30:00,0.18534859,high-ebb
2026-10-05 01:40:00,0.09953831,high-ebb
2026-10-05 01:50:00,0.013100277,high-ebb
2026-10-05 02:00:00,-0.07336315,low-ebb
2026-10-05 02:10:00,-0.15924232,low-ebb
2026-10-05 02:20:00,-0.24392761,low-ebb
2026-10-05 02:30:00,-0.3268173,low-ebb
2026-10-05 02:40:00,-0.40732524,low-ebb
2026-10-05 02:50:00,-0.48488846,low-ebb
2026-10-05 03:00:00,-0.55897397,low-ebb
2026-10-05 03:10:00,-0.62908477,low-ebb
2026-10-05 03:20:00,-0.6947646,low-ebb
2026-10-05 03:30:00,-0.7556019,low-ebb
2026-10-05 03:40:00,-0.8112315,low-ebb
2026-10-05 03:50:00,-0.86133623,low-ebb
2026-10-05 04:00:00,-0.9056467,low-ebb
2026-10-05 04:10:00,-0.9439402,low-ebb
2026-10-05 04:20:00,-0.9760399,low-ebb
2026-10-05 04:30:00,-1.001812,low-ebb
2026-10-05 04:40:00,-1.0211648,low-ebb
2026-10-05 04:50:00,-1.0340459,low-ebb
2026-10-05 05:00:00,-1.0404419,low-ebb
2026-10-05 05:10:00,-1.0403763,low-ebb
2026-10-05 05:20:00,-1.0339096,low-flow
2026-10-05 05:30:00,-1.0211385,low-flow
2026-10-05 05:40:00,-1.0021964,low-flow
2026-10-05 05:50:00,-0.97725356,low-flow
2026-10-05 06:00:00,-0.9465166,low-flow
2026-10-05 06:10:00,-0.91022885,low-flow
2026-10-05 06:20:00,-0.86866957,low-flow
2026-10-05 06:30:00,-0.8221526,low-flow
2026-10-05 06:40:00,-0.7710245,low-flow
2026-10-05 06:50:00,-0.7156622,low-flow
2026-10-05 07:00:00,-0.65646964,low-flow
2026-10-05 07:10:00,-0.5938745,low-flow
2026-10-05 07:20:00,-0.5283238,low-flow
2026-10-05 07:30:00,-0.4602804,low-flow
2026-10-05 07:40:00,-0.39021823,low-flow
2026-10-05 07:50:00,-0.31861904,low-flow
2026-10-05 08:00:00,-0.24596855,low-flow
2026-10-05 08:10:00,-0.17275327,low-flow
2026-10-05 08:20:00,-0.099457905,low-flow
2026-10-05 08:30:00,-0.026562974,low-flow
2026-10-05 08:40:00,0.045457136,high-flow
2026-10-05 08:50:00,0.11613595,high-flow
2026-10-05 09:00:00,0.18501654,high-flow
2026-10-05 09:10:00,0.25165334,high-flow
2026-10-05 09:20:00,0.31561393,high-flow
2026-10-05 09:30:00,0.37648118,high-flow
2026-10-05 09:40:00,0.4338559,high-flow
2026-10-05 09:50:00,0.48735926,high-flow
2026-10-05 10:00:00,0.53663605,high-flow
2026-10-05 10:10:00,0.58135754,high-flow
2026-10-05 10:20:00,0.62122464,high-flow
2026-10-05 10:30:00,0.65597075,high-flow
2026-10-05 10:40:00,0.68536437,high-flow
2026-10-05 10:50:00,0.70921093,high-flow
2026-10-05 11:00:00,0.7273547,high-flow
2026-10-05 11:10:00,0.73967946,high-flow
2026-10-05 11:20:00,0.74610883,high-flow
2026-10-05 11:30:00,0.74660623,high-flow
2026-10-05 11:40:00,0.7411744,high-ebb
2026-10-05 11:50:00,0.7298544,high-ebb
2026-10-05 12:00:00,0.7127249,high-ebb
2026-10-05 12:10:00,0.6899014,high-ebb
2026-10-05 12:20:00,0.6615355,high-ebb
2026-10-05 12:30:00,0.627815,high-ebb
2026-10-05 12:40:00,0.58896375,high-ebb
2026-10-05 12:50:00,0.545242,high-ebb
2026-10-05 13:00:00,0.49694705,high-ebb
2026-10-05 13:10:00,0.44441378,high-ebb
2026-10-05 13:20:00,0.38801506,high-ebb
2026-10-05 13:30:00,0.3281614,high-ebb
2026-10-05 13:40:00,0.26530027,high-ebb
2026-10-05 13:50:00,0.1999145,high-ebb
2026-10-05 14:00:00,0.13251911,high-ebb
2026-10-05 14:10:00,0.06365764,high-ebb
2026-10-05 14:20:00,-0.0061031086,low-ebb
2026-10-05 14:30:00,-0.07617924,low-ebb
2026-10-05 14:40:00,-0.14597687,low-ebb
2026-10-05 14:50:00,-0.21489978,low-ebb
2026-10-05 15:00:00,-0.28235742,low-ebb
2026-10-05 15:10:00,-0.347773,low-ebb
2026-10-05 15:20:00,-0.4105909,low-ebb
2026-10-05 15:30:00,-0.47028372,low-ebb
2026-10-05 15:40:00,-0.5263581,low-ebb
2026-10-05 15:50:00,-0.57835966,low-ebb
2026-10-05 16:00:00,-0.62587637,low-ebb
2026-10-05 16:10:00,-0.6685409,low-ebb
2026-10-05 16:20:00,-0.70603186,low-ebb
2026-10-05 16:30:00,-0.7380739,low-ebb
2026-10-05 16:40:00,-0.76443696,low-ebb
2026-10-05 16:50:00,-0.7849355,low-ebb
2026-10-05 17:00:00,-0.7994267,low-ebb
2026-10-05 17:10:00,-0.80780935,low-ebb
2026-10-05 17:20:00,-0.8100226,low-ebb
2026-10-05 17:30:00,-0.80604523,low-flow
2026-10-05 17:40:00,-0.7958948,low-flow
2026-10-05 17:50:00,-0.77962786,low-flow
2026-10-05 18:00:00,-0.75733984,low-flow
2026-10-05 18:10:00,-0.72916543,low-flow
2026-10-05 18:20:00,-0.6952788,low-flow
2026-10-05 18:30:00,-0.6558935,low-flow
2026-10-05 18:40:00,-0.611262,low-flow
2026-10-05 18:50:00,-0.56167483,low-flow
2026-10-05 19:00:00,-0.50745875,low-flow
2026-10-05 19:10:00,-0.44897443,low-flow
2026-10-05 19:20:00,-0.3866137,low-flow
2026-10-05 19:30:00,-0.3207956,low-flow
2026-10-05 19:40:00,-0.25196263,low-flow
2026-10-05 19:50:00,-0.1805765,low-flow
2026-10-05 20:00:00,-0.10711368,low-flow
2026-10-05 20:10:00,-0.032061353,low-flow
2026-10-05 20:20:00,0.04408654,high-flow
2026-10-05 20:30:00,0.12083278,high-flow
2026-10-05 20:40:00,0.19767995,high-flow
2026-10-05 20:50:00,0.274133,high-flow
2026-10-05 21:00:00,0.3497014,high-flow
2026-10-05 21:10:00,0.42390108,high-flow
2026-10-05 21:20:00,0.49625596,high-flow
2026-10-05 21:30:00,0.5662997,high-flow
2026-10-05 21:40:00,0.63357735,high-flow
2026-10-05 21:50:00,0.69764733,high-flow
2026-10-05 22:00:00,0.7580835,high-flow
2026-10-05 22:10:00,0.81447774,high-flow
2026-10-05 22:20:00,0.8664427,high-flow
2026-10-05 22:30:00,0.9136147,high-flow
2026-10-05 22:40:00,0.9556567,high-flow
2026-10-05 22:50:00,0.99226147,high-flow
2026-10-05 23:00:00,1.0231541,high-flow
2026-10-05 23:10:00,1.0480946,high-flow
2026-10-05 23:20:00,1.0668797,high-flow
2026-10-05 23:30:00,1.0793442,high-flow
2026-10-05 23:40:00,1.0853618,high-flow
2026-10-05 23:50:00,1.0848461,high-flow
2026-10-06 00:00:00,1.0777495,high-ebb
2026-10-06 00:10:00,1.0640635,high-ebb
2026-10-06 00:20:00,1.0438187,high-ebb
2026-10-06 00:30:00,1.0170834,high-ebb
2026-10-06 00:40:00,0.9839643,high-ebb
2026-10-06 00:50:00,0.9446063,high-ebb
2026-10-06 01:00:00,0.899193,high-ebb
2026-10-06 01:10:00,0.8479472,high-ebb
2026-10-06 01:20:00,0.79113257,high-ebb
2026-10-06 01:30:00,0.72905403,high-ebb
2026-10-06 01:40:00,0.6620593,high-ebb
2026-10-06 01:50:00,0.5905391,high-ebb
2026-10-06 02:00:00,0.51492727,high-ebb
2026-10-06 02:10:00,0.43569997,high-ebb
2026-10-06 02:20:00,0.35337353,high-ebb
2026-10-06 02:30:00,0.26850128,high-ebb
2026-10-06 02:40:00,0.18166931,high-ebb
2026-10-06 02:50:00,0.09349061,high-ebb
2026-10-06 03:00:00,0.0045984834,high-ebb
2026-10-06 03:10:00,-0.08436109,low-ebb
2026-10-06 03:20:00,-0.1727376,low-ebb
2026-10-06 03:30:00,-0.2598844,low-ebb
2026-10-06 03:40:00,-0.34516695,low-ebb
2026-10-06 03:50:00,-0.42797065,low-ebb
2026-10-06 04:00:00,-0.50770783,low-ebb
2026-10-06 04:10:00,-0.583824,low-ebb
2026-10-06 04:20:00,-0.65580225,low-ebb
2026-10-06 04:30:00,-0.72316754,low-ebb
2026-10-06 04:40:00,-0.78548867,low-ebb
2026-10-06 04:50:00,-0.84237987,low-ebb
2026-10-06 05:00:00,-0.8935014,low-ebb
2026-10-06 05:10:00,-0.9385591,low-ebb
2026-10-06 05:20:00,-0.9773042,low-ebb
2026-10-06 05:30:00,-1.0095322,low-ebb
2026-10-06 05:40:00,-1.0350825,low-ebb
2026-10-06 05:50:00,-1.0538375,low-ebb
2026-10-06 06:00:00,-1.0657232,low-ebb
2026-10-06 06:10:00,-1.0707082,low-ebb
2026-10-06 06:20:00,-1.068805,low-flow
2026-10-06 06:30:00,-1.0600702,low-flow
2026-10-06 06:40:00,-1.0446045,low-flow
2026-10-06 06:50:00,-1.0225539,low-flow
2026-10-06 07:00:00,-0.9941088,low-flow
2026-10-06 07:10:00,-0.9595035,low-flow
2026-10-06 07:20:00,-0.91901517,low-flow
2026-10-06 07:30:00,-0.8729614,low-flow
2026-10-06 07:40:00,-0.8216977,low-flow
2026-10-06 07:50:00,-0.7656138,low-flow
2026-10-06 08:00:00,-0.70512986,low-flow
2026-10-06 08:10:00,-0.640692,low-flow
2026-10-06 08:20:00,-0.57276773,low-flow
2026-10-06 08:30:00,-0.50184184,low-flow
2026-10-06 08:40:00,-0.42841157,low-flow
2026-10-06 08:50:00,-0.3529831,low-flow
2026-10-06 09:00:00,-0.27606776,low-flow
2026-10-06 09:10:00,-0.1981794,low-flow
2026-10-06 09:20:00,-0.11983145,low-flow
2026-10-06 09:30:00,-0.04153511,low-flow
2026-10-06 09:40:00,0.036202714,high-flow
2026-10-06 09:50:00,0.11288104,high-flow
2026-10-06 10:00:00,0.18800655,high-flow
2026-10-06 10:10:00,0.2610955,high-flow
2026-10-06 10:20:00,0.33167565,high-flow
2026-10-06 10:30:00,0.39928883,high-flow
2026-10-06 10:40:00,0.46349356,high-flow
2026-10-06 10:50:00,0.52386785,high-flow
2026-10-06 11:00:00,0.5800124,high-flow
2026-10-06 11:10:00,0.63155365,high-flow
2026-10-06 11:20:00,0.6781468,high-flow
2026-10-06 11:30:00,0.7194785,high-flow
2026-10-06 11:40:00,0.75526935,high-flow
2026-10-06 11:50:00,0.7852757,high-flow
2026-10-06 12:00:00,0.80929106,high-flow
2026-10-06 12:10:00,0.82714707,high-flow
2026-10-06 12:20:00,0.8387139,high-flow
2026-10-06 12:30:00,0.84390074,high-flow
2026-10-06 12:40:00,0.8426554,high-flow
2026-10-06 12:50:00,0.8349649,high-ebb
2026-10-06 13:00:00,0.820855,high-ebb
2026-10-06 13:10:00,0.8003912,high-ebb
2026-10-06 13:20:00,0.77367926,high-ebb
2026-10-06 13:30:00,0.7408663,high-ebb
2026-10-06 13:40:00,0.7021424,high-ebb
2026-10-06 13:50:00,0.65774184,high-ebb
2026-10-06 14:00:00,0.6079448,high-ebb
2026-10-06 14:10:00,0.5530787,high-ebb
2026-10-06 14:20:00,0.49351856,high-ebb
2026-10-06 14:30:00,0.42968714,high-ebb
2026-10-06 14:40:00,0.36205366,high-ebb
2026-10-06 14:50:00,0.29113156,high-ebb
2026-10-06 15:00:00,0.21747456,high-ebb
2026-10-06 15:10:00,0.14167202,high-ebb
2026-10-06 15:20:00,0.06434241,high-ebb
2026-10-06 15:30:00,-0.013873828,low-ebb
2026-10-06 15:40:00,-0.09232243,low-ebb
2026-10-06 15:50:00,-0.17034392,low-ebb
2026-10-06 16:00:00,-0.24728225,low-ebb
2026-10-06 16:10:00,-0.32249343,low-ebb
2026-10-06 16:20:00,-0.39535332,low-ebb
2026-10-06 16:30:00,-0.46526477,low-ebb
2026-10-06 16:40:00,-0.5316637,low-ebb
2026-10-06 16:50:00,-0.59402394,low-ebb
2026-10-06 17:00:00,-0.6518609,low-ebb
2026-10-06 17:10:00,-0.70473385,low-ebb
2026-10-06 17:20:00,-0.7522479,low-ebb
2026-10-06 17:30:00,-0.79405427,low-ebb
2026-10-06 17:40:00,-0.8298507,low-ebb
2026-10-06 17:50:00,-0.85938084,low-ebb
2026-10-06 18:00:00,-0.8824346,low-ebb
2026-10-06 18:10:00,-0.8988474,low-ebb
2026-10-06 18:20:00,-0.9085003,low-ebb
2026-10-06 18:30:00,-0.91132027,low-ebb
2026-10-06 18:40:00,-0.90728045,low-flow
2026-10-06 18:50:00,-0.896401,low-flow
2026-10-06 19:00:00,-0.87874943,low-flow
2026-10-06 19:10:00,-0.85444134,low-flow
2026-10-06 19:20:00,-0.82364017,low-flow
2026-10-06 19:30:00,-0.7865567,low-flow
2026-10-06 19:40:00,-0.7434484,low-flow
2026-10-06 19:50:00,-0.69461703,low-flow
2026-10-06 20:00:00,-0.6404063,low-flow
2026-10-06 20:10:00,-0.58119863,low-flow
2026-10-06 20:20:00,-0.51741076,low-flow
2026-10-06 20:30:00,-0.4494898,low-flow
2026-10-06 20:40:00,-0.37790826,low-flow
2026-10-06 20:50:00,-0.3031594,low-flow
2026-10-06 21:00:00,-0.22575238,low-flow
2026-10-06 21:10:00,-0.1462083,low-flow
2026-10-06 21:20:00,-0.06505594,low-flow
2026-10-06 21:30:00,0.017171476,high-flow
2026-10-06 21:40:00,0.0999392,high-flow
2026-10-06 21:50:00,0.18271339,high-flow
2026-10-06 22:00:00,0.2649632,high-flow
2026-10-06 22:10:00,0.34616256,high-flow
2026-10-06 22:20:00,0.4257919,high-flow
2026-10-06 22:30:00,0.50333995,high-flow
2026-10-06 22:40:00,0.57830566,high-flow
2026-10-06 22:50:00,0.65020037,high-flow
2026-10-06 23:00:00,0.7185503,high-flow
2026-10-06 23:10:00,0.7828995,high-flow
2026-10-06 23:20:00,0.84281236,high-flow
2026-10-06 23:30:00,0.8978774,high-flow
2026-10-06 23:40:00,0.9477098,high-flow
2026-10-06 23:50:00,0.99195457,high-flow
2026-10-07 00:00:00,1.0302893,high-flow
2026-10-07 00:10:00,1.0624261,high-flow
2026-10-07 00:20:00,1.0881139,high-flow
2026-10-07 00:30:00,1.1071395,high-flow
2026-10-07 00:40:00,1.1193286,high-flow
2026-10-07 00:50:00,1.1245465,high-flow
2026-10-07 01:00:00,1.1226983,high-ebb
2026-10-07 01:10:00,1.1137296,high-ebb
2026-10-07 01:20:00,1.0976267,high-ebb
2026-10-07 01:30:00,1.0744171,high-ebb
2026-10-07 01:40:00,1.0441711,high-ebb
2026-10-07 01:50:00,1.0070026,high-ebb
2026-10-07 02:00:00,0.9630711,high-ebb
2026-10-07 02:10:00,0.9125833,high-ebb
2026-10-07 02:20:00,0.85579515,high-ebb
2026-10-07 02:30:00,0.7930136,high-ebb
2026-10-07 02:40:00,0.7245979,high-ebb
2026-10-07 02:50:00,0.6509601,high-ebb
2026-10-07 03:00:00,0.5725646,high-ebb
2026-10-07 03:10:00,0.48992687,high-ebb
2026-10-07 03:20:00,0.40361002,high-ebb
2026-10-07 03:30:00,0.3142209,high-ebb
2026-10-07 03:40:00,0.2224042,high-ebb
2026-10-07 03:50:00,0.12883553,high-ebb
2026-10-07 04:00:00,0.034213502,high-ebb
2026-10-07 04:10:00,-0.060748935,low-ebb
2026-10-07 04:20:00,-0.15533364,low-ebb
2026-10-07 04:30:00,-0.24882634,low-ebb
2026-10-07 04:40:00,-0.34052536,low-ebb
2026-10-07 04:50:00,-0.42974982,low-ebb
2026-10-07 05:00:00,-0.5158467,low-ebb
2026-10-07 05:10:00,-0.59819716,low-ebb
2026-10-07 05:20:00,-0.67622113,low-ebb
2026-10-07 05:30:00,-0.7493813,low-ebb
2026-10-07 05:40:00,-0.8171857,low-ebb
2026-10-07 05:50:00,-0.8791895,low-ebb
2026-10-07 06:00:00,-0.9349957,low-ebb
2026-10-07 06:10:00,-0.98425627,low-ebb
2026-10-07 06:20:00,-1.0266716,low-ebb
2026-10-07 06:30:00,-1.0619915,low-ebb
2026-10-07 06:40:00,-1.0900148,low-ebb
2026-10-07 06:50:00,-1.1105906,low-ebb
2026-10-07 07:00:00,-1.123618,low-ebb
2026-10-07 07:10:00,-1.1290478,low-ebb
2026-10-07 07:20:00,-1.1268822,low-flow
2026-10-07 07:30:00,-1.1171768,low-flow
2026-10-07 07:40:00,-1.1000398,low-flow
2026-10-07 07:50:00,-1.0756327,low-flow
2026-10-07 08:00:00,-1.0441687,low-flow
2026-10-07 08:10:00,-1.0059116,low-flow
2026-10-07 08:20:00,-0.96117353,low-flow
2026-10-07 08:30:00,-0.9103116,low-flow
2026-10-07 08:40:00,-0.853724,low-flow
2026-10-07 08:50:00,-0.7918457,low-flow
2026-10-07 09:00:00,-0.72514355,low-flow
2026-10-07 09:10:00,-0.6541114,low-flow
2026-10-07 09:20:00,-0.57926476,low-flow
2026-10-07 09:30:00,-0.5011365,low-flow
2026-10-07 09:40:00,-0.4202722,low-flow
2026-10-07 09:50:00,-0.33722624,low-flow
2026-10-07 10:00:00,-0.25255844,low-flow
2026-10-07 10:10:00,-0.16683127,low-flow
2026-10-07 10:20:00,-0.08060734,low-flow
2026-10-07 10:30:00,0.005552686,high-flow
2026-10-07 10:40:00,0.09109196,high-flow
2026-10-07 10:50:00,0.17545934,high-flow
2026-10-07 11:00:00,0.25811136,high-flow
2026-10-07 11:10:00,0.33851436,high-flow
2026-10-07 11:20:00,0.416147,high-flow
2026-10-07 11:30:00,0.49050286,high-flow
2026-10-07 11:40:00,0.5610936,high-flow
2026-10-07 11:50:00,0.62745214,high-flow
2026-10-07 12:00:00,0.6891357,high-flow
2026-10-07 12:10:00,0.745729,high-flow
2026-10-07 12:20:00,0.79684776,high-flow
2026-10-07 12:30:00,0.84214056,high-flow
2026-10-07 12:40:00,0.8812918,high-flow
2026-10-07 12:50:00,0.91402304,high-flow
2026-10-07 13:00:00,0.9400948,high-flow
2026-10-07 13:10:00,0.95930743,high-flow
2026-10-07 13:20:00,0.97150165,high-flow
2026-10-07 13:30:00,0.9765598,high-flow
2026-10-07 13:40:00,0.97440606,high-ebb
2026-10-07 13:50:00,0.9650074,high-ebb
2026-10-07 14:00:00,0.948375,high-ebb
2026-10-07 14:10:00,0.9245653,high-ebb
2026-10-07 14:20:00,0.89368224,high-ebb
2026-10-07 14:30:00,0.85587907,high-ebb
2026-10-07 14:40:00,0.81136054,high-ebb
2026-10-07 14:50:00,0.7603851,high-ebb
2026-10-07 15:00:00,0.7032666,high-ebb
2026-10-07 15:10:00,0.64037555,high-ebb
2026-10-07 15:20:00,0.57213914,high-ebb
2026-10-07 15:30:00,0.49904048,high-ebb
2026-10-07 15:40:00,0.42161644,high-ebb
2026-10-07 15:50:00,0.34045392,high-ebb
2026-10-07 16:00:00,0.25618485,high-ebb
2026-10-07 16:10:00,0.16947958,high-ebb
2026-10-07 16:20:00,0.081039354,high-ebb
2026-10-07 16:30:00,-0.008412363,low-ebb
2026-10-07 16:40:00,-0.09813913,low-ebb
2026-10-07 16:50:00,-0.187401,low-ebb
2026-10-07 17:00:00,-0.27546388,low-ebb
2026-10-07 17:10:00,-0.36160854,low-ebb
2026-10-07 17:20:00,-0.44513857,low-ebb
2026-10-07 17:30:00,-0.52538776,low-ebb
2026-10-07 17:40:00,-0.601726,low-ebb
2026-10-07 17:50:00,-0.673564,low-ebb
2026-10-07 18:00:00,-0.7403572,low-ebb
2026-10-07 18:10:00,-0.80160815,low-ebb
2026-10-07 18:20:00,-0.8568684,low-ebb
2026-10-07 18:30:00,-0.90573967,low-ebb
2026-10-07 18:40:00,-0.9478745,low-ebb
2026-10-07 18:50:00,-0.9829768,low-ebb
2026-10-07 19:00:00,-1.0108023,low-ebb
2026-10-07 19:10:00,-1.0311592,low-ebb
2026-10-07 19:20:00,-1.0439086,low-ebb
2026-10-07 19:30:00,-1.048966,low-ebb
2026-10-07 19:40:00,-1.0463014,low-flow
2026-10-07 19:50:00,-1.0359404,low-flow
2026-10-07 20:00:00,-1.0179645,low-flow
2026-10-07 20:10:00,-0.9925116,low-flow
2026-10-07 20:20:00,-0.95977473,low-flow
2026-10-07 20:30:00,-0.9200013,low-flow
2026-10-07 20:40:00,-0.87349063,low-flow
2026-10-07 20:50:00,-0.8205911,low-flow
2026-10-07 21:00:00,-0.76169634,low-flow
2026-10-07 21:10:00,-0.697241,low-flow
2026-10-07 21:20:00,-0.62769556,low-flow
2026-10-07 21:30:00,-0.5535615,low-flow
2026-10-07 21:40:00,-0.47536567,low-flow
2026-10-07 21:50:00,-0.39365533,low-flow
2026-10-07 22:00:00,-0.30899343,low-flow
2026-10-07 22:10:00,-0.22195406,low-flow
2026-10-07 22:20:00,-0.1331187,low-flow
2026-10-07 22:30:00,-0.043072935,low-flow
2026-10-07 22:40:00,0.047596324,high-flow
2026-10-07 22:50:00,0.13830319,high-flow
2026-10-07 23:00:00,0.2284649,high-flow
2026-10-07 23:10:00,0.31750366,high-flow
2026-10-07 23:20:00,0.40484872,high-flow
2026-10-07 23:30:00,0.48993832,high-flow
2026-10-07 23:40:00,0.5722221,high-flow
2026-10-07 23:50:00,0.65116364,high-flow
2026-10-08 00:00:00,0.72624344,high-flow
2026-10-08 00:10:00,0.79696196,high-flow
2026-10-08 00:20:00,0.86284274,high-flow
2026-10-08 00:30:00,0.9234361,high-flow
2026-10-08 00:40:00,0.9783218,high-flow
2026-10-08 00:50:00,1.0271124,high-flow
2026-10-08 01:00:00,1.0694554,high-flow
2026-10-08 01:10:00,1.105036,high-flow
2026-10-08 01:20:00,1.1335782,high-flow
2026-10-08 01:30:00,1.1548468,high-flow
2026-10-08 01:40:00,1.1686481,high-flow
2026-10-08 01:50:00,1.1748308,high-flow
2026-10-08 02:00:00,1.1732874,high-flow
2026-10-08 02:10:00,1.1639544,high-ebb
2026-10-08 02:20:00,1.1468141,high-ebb
2026-10-08 02:30:00,1.1218961,high-ebb
2026-10-08 02:40:00,1.0892789,high-ebb
2026-10-08 02:50:00,1.0490923,high-ebb
2026-10-08 03:00:00,1.0015193,high-ebb
2026-10-08 03:10:00,0.94679934,high-ebb
2026-10-08 03:20:00,0.8852296,high-ebb
2026-10-08 03:30:00,0.8171668,high-ebb
2026-10-08 03:40:00,0.74302834,high-ebb
2026-10-08 03:50:00,0.6632917,high-ebb
2026-10-08 04:00:00,0.57849306,high-ebb
2026-10-08 04:10:00,0.48922443,high-ebb
2026-10-08 04:20:00,0.39612916,high-ebb
2026-10-08 04:30:00,0.29989594,high-ebb
2026-10-08 04:40:00,0.20125154,high-ebb
2026-10-08 04:50:00,0.1009525,high-ebb
2026-10-08 05:00:00,-0.00022422976,low-ebb
2026-10-08 05:10:00,-0.10149101,low-ebb
2026-10-08 05:20:00,-0.20205936,low-ebb
2026-10-08 05:30:00,-0.3011496,low-ebb
2026-10-08 05:40:00,-0.39799985,low-ebb
2026-10-08 05:50:00,-0.49187422,low-ebb
2026-10-08 06:00:00,-0.5820698,low-ebb
2026-10-08 06:10:00,-0.66792274,low-ebb
2026-10-08 06:20:00,-0.74881274,low-ebb
2026-10-08 06:30:00,-0.824167,low-ebb
2026-10-08 06:40:00,-0.8934626,low-ebb
2026-10-08 06:50:00,-0.95622826,low-ebb
2026-10-08 07:00:00,-1.012046,low-ebb
2026-10-08 07:10:00,-1.0605516,low-ebb
2026-10-08 07:20:00,-1.1014361,low-ebb
2026-10-08 07:30:00,-1.1344457,low-ebb
2026-10-08 07:40:00,-1.1593833,low-ebb
2026-10-08 07:50:00,-1.1761092,low-ebb
2026-10-08 08:00:00,-1.1845421,low-ebb
2026-10-08 08:10:00,-1.1846597,low-ebb
2026-10-08 08:20:00,-1.1765001,low-flow
2026-10-08 08:30:00,-1.1601611,low-flow
2026-10-08 08:40:00,-1.1358011,low-flow
2026-10-08 08:50:00,-1.1036365,low-flow
2026-10-08 09:00:00,-1.0639415,low-flow
2026-10-08 09:10:00,-1.0170442,low-flow
2026-10-08 09:20:00,-0.96332353,low-flow
2026-10-08 09:30:00,-0.90320504,low-flow
2026-10-08 09:40:00,-0.8371558,low-flow
2026-10-08 09:50:00,-0.7656793,low-flow
2026-10-08 10:00:00,-0.68930954,low-flow
2026-10-08 10:10:00,-0.60860616,low-flow
2026-10-08 10:20:00,-0.5241487,low-flow
2026-10-08 10:30:00,-0.43653187,low-flow
2026-10-08 10:40:00,-0.3463613,low-flow
2026-10-08 10:50:00,-0.2542497,low-flow
2026-10-08 11:00:00,-0.16081348,low-flow
2026-10-08 11:10:00,-0.0666702,low-flow
2026-10-08 11:20:00,0.027563997,high-flow
2026-10-08 11:30:00,0.12127644,high-flow
2026-10-08 11:40:00,0.21386006,high-flow
2026-10-08 11:50:00,0.30471554,high-flow
2026-10-08 12:00:00,0.3932536,high-flow
2026-10-08 12:10:00,0.47889766,high-flow
2026-10-08 12:20:00,0.5610867,high-flow
2026-10-08 12:30:00,0.63927835,high-flow
2026-10-08 12:40:00,0.71295226,high-flow
2026-10-08 12:50:00,0.7816135,high-flow
2026-10-08 13:00:00,0.844796,high-flow
2026-10-08 13:10:00,0.90206563,high-flow
2026-10-08 13:20:00,0.9530233,high-flow
2026-10-08 13:30:00,0.9973073,high-flow
2026-10-08 13:40:00,1.0345955,high-flow
2026-10-08 13:50:00,1.0646073,high-flow
2026-10-08 14:00:00,1.0871044,high-flow
2026-10-08 14:10:00,1.1018931,high-flow
2026-10-08 14:20:00,1.1088239,high-flow
2026-10-08 14:30:00,1.1077938,high-flow
2026-10-08 14:40:00,1.0987467,high-ebb
2026-10-08 14:50:00,1.0816752,high-ebb
2026-10-08 15:00:00,1.0566227,high-ebb
2026-10-08 15:10:00,1.0236851,high-ebb
2026-10-08 15:20:00,0.9830131,high-ebb
2026-10-08 15:30:00,0.9348151,high-ebb
2026-10-08 15:40:00,0.879359,high-ebb
2026-10-08 15:50:00,0.81697446,high-ebb
2026-10-08 16:00:00,0.7480539,high-ebb
2026-10-08 16:10:00,0.67305297,high-ebb
2026-10-08 16:20:00,0.59248936,high-ebb
2026-10-08 16:30:00,0.5069409,high-ebb
2026-10-08 16:40:00,0.4170413,high-ebb
2026-10-08 16:50:00,0.3234751,high-ebb
2026-10-08 17:00:00,0.2269707,high-ebb
2026-10-08 17:10:00,0.12829228,high-ebb
2026-10-08 17:20:00,0.028230667,high-ebb
2026-10-08 17:30:00,-0.0724065,low-ebb
2026-10-08 17:40:00,-0.17280495,low-ebb
2026-10-08 17:50:00,-0.27215385,low-ebb
2026-10-08 18:00:00,-0.3696556,low-ebb
2026-10-08 18:10:00,-0.46453467,low-ebb
2026-10-08 18:20:00,-0.5560458,low-ebb
2026-10-08 18:30:00,-0.6434805,low-ebb
2026-10-08 18:40:00,-0.7261731,low-ebb
2026-10-08 18:50:00,-0.803505,low-ebb
2026-10-08 19:00:00,-0.8749081,low-ebb
2026-10-08 19:10:00,-0.9398671,low-ebb
2026-10-08 19:20:00,-0.99792147,low-ebb
2026-10-08 19:30:00,-1.0486667,low-ebb
2026-10-08 19:40:00,-1.0917553,low-ebb
2026-10-08 19:50:00,-1.1268971,low-ebb
2026-10-08 20:00:00,-1.1538612,low-ebb
2026-10-08 20:10:00,-1.1724758,low-ebb
2026-10-08 20:20:00,-1.1826298,low-ebb
2026-10-08 20:30:00,-1.1842736,low-ebb
2026-10-08 20:40:00,-1.1774194,low-flow
2026-10-08 20:50:00,-1.1621422,low-flow
2026-10-08 21:00:00,-1.1385791,low-flow
2026-10-08 21:10:00,-1.106929,low-flow
2026-10-08 21:20:00,-1.0674505,low-flow
2026-10-08 21:30:00,-1.0204599,low-flow
2026-10-08 21:40:00,-0.96632755,low-flow
2026-10-08 21:50:00,-0.90547395,low-flow
2026-10-08 22:00:00,-0.8383648,low-flow
2026-10-08 22:10:00,-0.76550573,low-flow
2026-10-08 22:20:00,-0.68743664,low-flow
2026-10-08 22:30:00,-0.60472596,low-flow
2026-10-08 22:40:00,-0.51796514,low-flow
2026-10-08 22:50:00,-0.4277633,low-flow
2026-10-08 23:00:00,-0.33474264,low-flow
2026-10-08 23:10:00,-0.2395339,low-flow
2026-10-08 23:20:00,-0.14277297,low-flow
2026-10-08 23:30:00,-0.045097675,low-flow
2026-10-08 23:40:00,0.05285493,high-flow
2026-10-08 23:50:00,0.15045081,high-flow
2026-10-09 00:00:00,0.24706121,high-flow
2026-10-09 00:10:00,0.3420647,high-flow
2026-10-09 00:20:00,0.43484965,high-flow
2026-10-09 00:30:00,0.52481645,high-flow
2026-10-09 00:40:00,0.6113805,high-flow
2026-10-09 00:50:00,0.6939752,high-flow
2026-10-09 01:00:00,0.77205515,high-flow
2026-10-09 01:10:00,0.8450996,high-flow
2026-10-09 01:20:00,0.9126162,high-flow
2026-10-09 01:30:00,0.9741437,high-flow
2026-10-09 01:40:00,1.0292557,high-flow
2026-10-09 01:50:00,1.0775635,high-flow
2026-10-09 02:00:00,1.1187178,high-flow
2026-10-09 02:10:00,1.1524113,high-flow
2026-10-09 02:20:00,1.1783805,high-flow
2026-10-09 02:30:00,1.1964064,high-flow
2026-10-09 02:40:00,1.2063161,high-flow
2026-10-09 02:50:00,1.2079839,high-flow
2026-10-09 03:00:00,1.2013322,high-ebb
2026-10-09 03:10:00,1.1863334,high-ebb
2026-10-09 03:20:00,1.1630112,high-ebb
2026-10-09 03:30:00,1.1314424,high-ebb
2026-10-09 03:40:00,1.0917602,high-ebb
2026-10-09 03:50:00,1.0441551,high-ebb
2026-10-09 04:00:00,0.9888787,high-ebb
2026-10-09 04:10:00,0.926245,high-ebb
2026-10-09 04:20:00,0.85663205,high-ebb
2026-10-09 04:30:00,0.7804831,high-ebb
2026-10-09 04:40:00,0.6983059,high-ebb
2026-10-09 04:50:00,0.61067086,high-ebb
2026-10-09 05:00:00,0.5182084,high-ebb
2026-10-09 05:10:00,0.42160365,high-ebb
2026-10-09 05:20:00,0.32159066,high-ebb
2026-10-09 05:30:00,0.21894442,high-ebb
2026-10-09 05:40:00,0.11447203,high-ebb
2026-10-09 05:50:00,0.009003077,high-ebb
2026-10-09 06:00:00,-0.096620776,low-ebb
2026-10-09 06:10:00,-0.20155619,low-ebb
2026-10-09 06:20:00,-0.30496845,low-ebb
2026-10-09 06:30:00,-0.40604097,low-ebb
2026-10-09 06:40:00,-0.5039843,low-ebb
2026-10-09 06:50:00,-0.59804356,low-ebb
2026-10-09 07:00:00,-0.6875053,low-ebb
2026-10-09 07:10:00,-0.7717026,low-ebb
2026-10-09 07:20:00,-0.85001916,low-ebb
2026-10-09 07:30:00,-0.92189246,low-ebb
2026-10-09 07:40:00,-0.98681617,low-ebb
2026-10-09 07:50:00,-1.0443416,low-ebb
2026-10-09 08:00:00,-1.094079,low-ebb
2026-10-09 08:10:00,-1.1356984,low-ebb
2026-10-09 08:20:00,-1.1689308,low-ebb
2026-10-09 08:30:00,-1.193569,low-ebb
2026-10-09 08:40:00,-1.209468,low-ebb
2026-10-09 08:50:00,-1.2165471,low-ebb
2026-10-09 09:00:00,-1.2147894,low-ebb
2026-10-09 09:10:00,-1.2042431,low-flow
2026-10-09 09:20:00,-1.185021,low-flow
2026-10-09 09:30:00,-1.157301,low-flow
2026-10-09 09:40:00,-1.1213231,low-flow
2026-10-09 09:50:00,-1.077389,low-flow
2026-10-09 10:00:00,-1.025858,low-flow
2026-10-09 10:10:00,-0.96714354,low-flow
2026-10-09 10:20:00,-0.90170825,low-flow
2026-10-09 10:30:00,-0.83005905,low-flow
2026-10-09 10:40:00,-0.7527413,low-flow
2026-10-09 10:50:00,-0.6703328,low-flow
2026-10-09 11:00:00,-0.58343804,low-flow
2026-10-09 11:10:00,-0.49268264,low-flow
2026-10-09 11:20:00,-0.39870796,low-flow
2026-10-09 11:30:00,-0.30216652,low-flow
2026-10-09 11:40:00,-0.20371772,low-flow
2026-10-09 11:50:00,-0.104024485,low-flow
2026-10-09 12:00:00,-0.0037499906,low-flow
2026-10-09 12:10:00,0.09644486,high-flow
2026-10-09 12:20:00,0.19590388,high-flow
2026-10-09 12:30:00,0.29397795,high-flow
2026-10-09 12:40:00,0.39002725,high-flow
2026-10-09 12:50:00,0.48342392,high-flow
2026-10-09 13:00:00,0.5735548,high-flow
2026-10-09 13:10:00,0.6598244,high-flow
2026-10-09 13:20:00,0.74165815,high-flow
2026-10-09 13:30:00,0.8185062,high-flow
2026-10-09 13:40:00,0.88984656,high-flow
2026-10-09 13:50:00,0.95518917,high-flow
2026-10-09 14:00:00,1.0140786,high-flow
2026-10-09 14:10:00,1.0660979,high-flow
2026-10-09 14:20:00,1.1108705,high-flow
2026-10-09 14:30:00,1.1480633,high-flow
2026-10-09 14:40:00,1.177388,high-flow
2026-10-09 14:50:00,1.1986027,high-flow
2026-10-09 15:00:00,1.2115135,high-flow
2026-10-09 15:10:00,1.2159752,high-flow
2026-10-09 15:20:00,1.2118924,high-ebb
2026-10-09 15:30:00,1.1992213,high-ebb
2026-10-09 15:40:00,1.1779704,high-ebb
2026-10-09 15:50:00,1.1482029,high-ebb
2026-10-09 16:00:00,1.1100385,high-ebb
2026-10-09 16:10:00,1.0636554,high-ebb
2026-10-09 16:20:00,1.0092928,high-ebb
2026-10-09 16:30:00,0.94725335,high-ebb
2026-10-09 16:40:00,0.87790406,high-ebb
2026-10-09 16:50:00,0.8016778,high-ebb
2026-10-09 17:00:00,0.7190735,high-ebb
2026-10-09 17:10:00,0.6306544,high-ebb
2026-10-09 17:20:00,0.5370458,high-ebb
2026-10-09 17:30:00,0.43893087,high-ebb
2026-10-09 17:40:00,0.33704472,high-ebb
2026-10-09 17:50:00,0.23216736,high-ebb
2026-10-09 18:00:00,0.12511513,high-ebb
2026-10-09 18:10:00,0.01673107,high-ebb
2026-10-09 18:20:00,-0.092125304,low-ebb
2026-10-09 18:30:00,-0.20058869,low-ebb
2026-10-09 18:40:00,-0.30779853,low-ebb
2026-10-09 18:50:00,-0.41290927,low-ebb
2026-10-09 19:00:00,-0.5150997,low-ebb
2026-10-09 19:10:00,-0.61358136,low-ebb
2026-10-09 19:20:00,-0.70760596,low-ebb
2026-10-09 19:30:00,-0.79647124,low-ebb
2026-10-09 19:40:00,-0.8795258,low-ebb
2026-10-09 19:50:00,-0.95617265,low-ebb
2026-10-09 20:00:00,-1.0258722,low-ebb
2026-10-09 20:10:00,-1.0881437,low-ebb
2026-10-09 20:20:00,-1.1425669,low-ebb
2026-10-09 20:30:00,-1.188783,low-ebb
2026-10-09 20:40:00,-1.2264956,low-ebb
2026-10-09 20:50:00,-1.255471,low-ebb
2026-10-09 21:00:00,-1.2755394,low-ebb
2026-10-09 21:10:00,-1.2865961,low-ebb
2026-10-09 21:20:00,-1.2886009,low-ebb
2026-10-09 21:30:00,-1.2815803,low-flow
2026-10-09 21:40:00,-1.2656262,low-flow
2026-10-09 21:50:00,-1.2408963,low-flow
2026-10-09 22:00:00,-1.2076129,low-flow
2026-10-09 22:10:00,-1.1660607,low-flow
2026-10-09 22:20:00,-1.1165849,low-flow
2026-10-09 22:30:00,-1.0595868,low-flow
2026-10-09 22:40:00,-0.99551964,low-flow
2026-10-09 22:50:00,-0.9248838,low-flow
2026-10-09 23:00:00,-0.84822077,low-flow
2026-10-09 23:10:00,-0.76610756,low-flow
2026-10-09 23:20:00,-0.6791505,low-flow
2026-10-09 23:30:00,-0.5879796,low-flow
2026-10-09 23:40:00,-0.49324268,low-flow
2026-10-09 23:50:00,-0.39560056,low-flow
2026-10-10 00:00:00,-0.2957225,low-flow
2026-10-10 00:10:00,-0.19428235,low-flow
2026-10-10 00:20:00,-0.09195496,low-flow
2026-10-10 00:30:00,0.010586467,high-flow
2026-10-10 00:40:00,0.11267308,high-flow
2026-10-10 00:50:00,0.21364272,high-flow
2026-10-10 01:00:00,0.3128423,high-flow
2026-10-10 01:10:00,0.40963027,high-flow
2026-10-10 01:20:00,0.5033793,high-flow
2026-10-10 01:30:00,0.5934791,high-flow
2026-10-10 01:40:00,0.67933995,high-flow
2026-10-10 01:50:00,0.7603957,high-flow
2026-10-10 02:00:00,0.8361079,high-flow
2026-10-10 02:10:00,0.90596896,high-flow
2026-10-10 02:20:00,0.9695057,high-flow
2026-10-10 02:30:00,1.0262831,high-flow
2026-10-10 02:40:00,1.0759066,high-flow
2026-10-10 02:50:00,1.1180251,high-flow
2026-10-10 03:00:00,1.1523325,high-flow
2026-10-10 03:10:00,1.1785704,high-flow
2026-10-10 03:20:00,1.1965282,high-flow
2026-10-10 03:30:00,1.206045,high-flow
2026-10-10 03:40:00,1.2070107,high-flow
2026-10-10 03:50:00,1.1993666,high-ebb
2026-10-10 04:00:00,1.1831067,high-ebb
2026-10-10 04:10:00,1.1582797,high-ebb
2026-10-10 04:20:00,1.1249903,high-ebb
2026-10-10 04:30:00,1.0834016,high-ebb
2026-10-10 04:40:00,1.0337365,high-ebb
2026-10-10 04:50:00,0.9762803,high-ebb
2026-10-10 05:00:00,0.91138256,high-ebb
2026-10-10 05:10:00,0.83945805,high-ebb
2026-10-10 05:20:00,0.76098704,high-ebb
2026-10-10 05:30:00,0.67651474,high-ebb
2026-10-10 05:40:00,0.5866492,high-ebb
2026-10-10 05:50:00,0.49205774,high-ebb
2026-10-10 06:00:00,0.39346185,high-ebb
2026-10-10 06:10:00,0.29163054,high-ebb
2026-10-10 06:20:00,0.18737231,high-ebb
2026-10-10 06:30:00,0.08152599,high-ebb
2026-10-10 06:40:00,-0.025049439,low-ebb
2026-10-10 06:50:00,-0.13148539,low-ebb
2026-10-10 07:00:00,-0.23691443,low-ebb
2026-10-10 07:10:00,-0.34048077,low-ebb
2026-10-10 07:20:00,-0.44135022,low-ebb
2026-10-10 07:30:00,-0.53871906,low-ebb
2026-10-10 07:40:00,-0.6318221,low-ebb
2026-10-10 07:50:00,-0.71993905,low-ebb
2026-10-10 08:00:00,-0.8024001,low-ebb
2026-10-10 08:10:00,-0.87859017,low-ebb
2026-10-10 08:20:00,-0.9479515,low-ebb
2026-10-10 08:30:00,-1.0099863,low-ebb
2026-10-10 08:40:00,-1.0642581,low-ebb
2026-10-10 08:50:00,-1.1103927,low-ebb
2026-10-10 09:00:00,-1.1480789,low-ebb
2026-10-10 09:10:00,-1.1770694,low-ebb
2026-10-10 09:20:00,-1.1971811,low-ebb
2026-10-10 09:30:00,-1.2082961,low-ebb
2026-10-10 09:40:00,-1.2103618,low-ebb
2026-10-10 09:50:00,-1.2033921,low-flow
2026-10-10 10:00:00,-1.1874673,low-flow
2026-10-10 10:10:00,-1.1627337,low-flow
2026-10-10 10:20:00,-1.1294026,low-flow
2026-10-10 10:30:00,-1.08775,low-flow
2026-10-10 10:40:00,-1.0381124,low-flow
2026-10-10 10:50:00,-0.9808854,low-flow
2026-10-10 11:00:00,-0.9165182,low-flow
2026-10-10 11:10:00,-0.84550977,low-flow
2026-10-10 11:20:00,-0.7684027,low-flow
2026-10-10 11:30:00,-0.6857779,low-flow
2026-10-10 11:40:00,-0.59824806,low-flow
2026-10-10 11:50:00,-0.50645196,low-flow
2026-10-10 12:00:00,-0.41104868,low-flow
2026-10-10 12:10:00,-0.31271183,low-flow
2026-10-10 12:20:00,-0.21212508,low-flow
2026-10-10 12:30:00,-0.10997752,low-flow
2026-10-10 12:40:00,-0.0069601447,low-flow
2026-10-10 12:50:00,0.09623755,high-flow
2026-10-10 13:00:00,0.19893034,high-flow
2026-10-10 13:10:00,0.30043983,high-flow
2026-10-10 13:20:00,0.40009713,high-flow
2026-10-10 13:30:00,0.49724504,high-flow
2026-10-10 13:40:00,0.5912412,high-flow
2026-10-10 13:50:00,0.68146056,high-flow
2026-10-10 14:00:00,0.76729906,high-flow
2026-10-10 14:10:00,0.84817666,high-flow
2026-10-10 14:20:00,0.9235414,high-flow
2026-10-10 14:30:00,0.9928729,high-flow
2026-10-10 14:40:00,1.0556859,high-flow
2026-10-10 14:50:00,1.1115341,high-flow
2026-10-10 15:00:00,1.1600132,high-flow
2026-10-10 15:10:00,1.2007635,high-flow
2026-10-10 15:20:00,1.2334722,high-flow
2026-10-10 15:30:00,1.2578758,high-flow
2026-10-10 15:40:00,1.2737606,high-flow
2026-10-10 15:50:00,1.2809646,high-flow
2026-10-10 16:00:00,1.2793782,high-flow
2026-10-10 16:10:00,1.2689446,high-ebb
2026-10-10 16:20:00,1.2496616,high-ebb
2026-10-10 16:30:00,1.2215818,high-ebb
2026-10-10 16:40:00,1.1848146,high-ebb
2026-10-10 16:50:00,1.1395273,high-ebb
2026-10-10 17:00:00,1.0859474,high-ebb
2026-10-10 17:10:00,1.0243638,high-ebb
2026-10-10 17:20:00,0.95512867,high-ebb
2026-10-10 17:30:00,0.87865853,high-ebb
2026-10-10 17:40:00,0.79543483,high-ebb
2026-10-10 17:50:00,0.7060034,high-ebb
2026-10-10 18:00:00,0.6109728,high-ebb
2026-10-10 18:10:00,0.51101124,high-ebb
2026-10-10 18:20:00,0.40684184,high-ebb
2026-10-10 18:30:00,0.29923683,high-ebb
2026-10-10 18:40:00,0.1890097,high-ebb
2026-10-10 18:50:00,0.07700655,high-ebb
2026-10-10 19:00:00,-0.03590378,low-ebb
2026-10-10 19:10:00,-0.14884022,low-ebb
2026-10-10 19:20:00,-0.26092026,low-ebb
2026-10-10 19:30:00,-0.3712706,low-ebb
2026-10-10 19:40:00,-0.4790374,low-ebb
2026-10-10 19:50:00,-0.5833958,low-ebb
2026-10-10 20:00:00,-0.683558,low-ebb
2026-10-10 20:10:00,-0.7787809,low-ebb
2026-10-10 20:20:00,-0.86837137,low-ebb
2026-10-10 20:30:00,-0.9516913,low-ebb
2026-10-10 20:40:00,-1.0281607,low-ebb
2026-10-10 20:50:00,-1.0972601,low-ebb
2026-10-10 21:00:00,-1.1585323,low-ebb
2026-10-10 21:10:00,-1.2115828,low-ebb
2026-10-10 21:20:00,-1.2560811,low-ebb
2026-10-10 21:30:00,-1.2917607,low-ebb
2026-10-10 21:40:00,-1.3184196,low-ebb
2026-10-10 21:50:00,-1.3359206,low-ebb
2026-10-10 22:00:00,-1.3441919,low-ebb
2026-10-10 22:10:00,-1.3432273,low-ebb
2026-10-10 22:20:00,-1.3330864,low-flow
2026-10-10 22:30:00,-1.3138944,low-flow
2026-10-10 22:40:00,-1.2858421,low-flow
2026-10-10 22:50:00,-1.2491837,low-flow
2026-10-10 23:00:00,-1.2042356,low-flow
2026-10-10 23:10:00,-1.151373,low-flow
2026-10-10 23:20:00,-1.091027,low-flow
2026-10-10 23:30:00,-1.0236791,low-flow
2026-10-10 23:40:00,-0.9498571,low-flow
2026-10-10 23:50:00,-0.87012875,low-flow
2026-10-11 00:00:00,-0.7850961,low-flow
2026-10-11 00:10:00,-0.69538945,low-flow
2026-10-11 00:20:00,-0.60166144,low-flow
2026-10-11 00:30:00,-0.5045814,low-flow
2026-10-11 00:40:00,-0.40483034,low-flow
2026-10-11 00:50:00,-0.30309618,low-flow
2026-10-11 01:00:00,-0.20006986,low-flow
2026-10-11 01:10:00,-0.096441895,low-flow
2026-10-11 01:20:00,0.0071007754,high-flow
2026-10-11 01:30:00,0.10987744,high-flow
2026-10-11 01:40:00,0.21121615,high-flow
2026-10-11 01:50:00,0.3104563,high-flow
2026-10-11 02:00:00,0.4069512,high-flow
2026-10-11 02:10:00,0.500071,high-flow
2026-10-11 02:20:00,0.5892057,high-flow
2026-10-11 02:30:00,0.6737687,high-flow
2026-10-11 02:40:00,0.7532005,high-flow
2026-10-11 02:50:00,0.82697195,high-flow
2026-10-11 03:00:00,0.89458877,high-flow
2026-10-11 03:10:00,0.9555945,high-flow
2026-10-11 03:20:00,1.0095742,high-flow
2026-10-11 03:30:00,1.0561574,high-flow
2026-10-11 03:40:00,1.0950203,high-flow
2026-10-11 03:50:00,1.1258883,high-flow
2026-10-11 04:00:00,1.1485374,high-flow
2026-10-11 04:10:00,1.1627946,high-flow
2026-10-11 04:20:00,1.1685399,high-flow
2026-10-11 04:30:00,1.165706,high-ebb
2026-10-11 04:40:00,1.15428,high-ebb
2026-10-11 04:50:00,1.1343025,high-ebb
2026-10-11 05:00:00,1.1058706,high-ebb
2026-10-11 05:10:00,1.0691375,high-ebb
2026-10-11 05:20:00,1.0243144,high-ebb
2026-10-11 05:30:00,0.97167224,high-ebb
2026-10-11 05:40:00,0.9115426,high-ebb
2026-10-11 05:50:00,0.84431916,high-ebb
2026-10-11 06:00:00,0.7704583,high-ebb
2026-10-11 06:10:00,0.69047856,high-ebb
2026-10-11 06:20:00,0.60495967,high-ebb
2026-10-11 06:30:00,0.5145399,high-ebb
2026-10-11 06:40:00,0.4199121,high-ebb
2026-10-11 06:50:00,0.3218182,high-ebb
2026-10-11 07:00:00,0.22104228,high-ebb
2026-10-11 07:10:00,0.11840239,high-ebb
2026-10-11 07:20:00,0.014741188,high-ebb
2026-10-11 07:30:00,-0.08908428,low-ebb
2026-10-11 07:40:00,-0.19221312,low-ebb
2026-10-11 07:50:00,-0.29379123,low-ebb
2026-10-11 08:00:00,-0.3929817,low-ebb
2026-10-11 08:10:00,-0.48897445,low-ebb
2026-10-11 08:20:00,-0.5809949,low-ebb
2026-10-11 08:30:00,-0.6683114,low-ebb
2026-10-11 08:40:00,-0.75024176,low-ebb
2026-10-11 08:50:00,-0.8261577,low-ebb
2026-10-11 09:00:00,-0.89548886,low-ebb
2026-10-11 09:10:00,-0.957725,low-ebb
2026-10-11 09:20:00,-1.0124179,low-ebb
2026-10-11 09:30:00,-1.0591819,low-ebb
2026-10-11 09:40:00,-1.0976946,low-ebb
2026-10-11 09:50:00,-1.1276971,low-ebb
2026-10-11 10:00:00,-1.1489936,low-ebb
2026-10-11 10:10:00,-1.1614523,low-ebb
2026-10-11 10:20:00,-1.1650047,low-ebb
2026-10-11 10:30:00,-1.1596466,low-flow
2026-10-11 10:40:00,-1.1454377,low-flow
2026-10-11 10:50:00,-1.1225016,low-flow
2026-10-11 11:00:00,-1.0910257,low-flow
2026-10-11 11:10:00,-1.05126,low-flow
2026-10-11 11:20:00,-1.0035154,low-flow
2026-10-11 11:30:00,-0.9481616,low-flow
2026-10-11 11:40:00,-0.8856237,low-flow
2026-10-11 11:50:00,-0.81637824,low-flow
2026-10-11 12:00:00,-0.74094844,low-flow
2026-10-11 12:10:00,-0.6598989,low-flow
2026-10-11 12:20:00,-0.5738299,low-flow
2026-10-11 12:30:00,-0.48337135,low-flow
2026-10-11 12:40:00,-0.3891769,low-flow
2026-10-11 12:50:00,-0.29191828,low-flow
2026-10-11 13:00:00,-0.19227974,low-flow
2026-10-11 13:10:00,-0.09095342,low-flow
2026-10-11 13:20:00,0.011365136,high-flow
2026-10-11 13:30:00,0.1139807,high-flow
2026-10-11 13:40:00,0.21620171,high-flow
2026-10-11 13:50:00,0.31734315,high-flow
2026-10-11 14:00:00,0.4167294,high-flow
2026-10-11 14:10:00,0.5136967,high-flow
2026-10-11 14:20:00,0.60759586,high-flow
2026-10-11 14:30:00,0.69779545,high-flow
2026-10-11 14:40:00,0.78368443,high-flow
2026-10-11 14:50:00,0.86467594,high-flow
2026-10-11 15:00:00,0.9402107,high-flow
2026-10-11 15:10:00,1.0097611,high-flow
2026-10-11 15:20:00,1.0728347,high-flow
2026-10-11 15:30:00,1.1289784,high-flow
2026-10-11 15:40:00,1.1777815,high-flow
2026-10-11 15:50:00,1.2188796,high-flow
2026-10-11 16:00:00,1.2519565,high-flow
2026-10-11 16:10:00,1.2767467,high-flow
2026-10-11 16:20:00,1.2930377,high-flow
2026-10-11 16:30:00,1.3006696,high-flow
2026-10-11 16:40:00,1.2995374,high-flow
2026-10-11 16:50:00,1.2895907,high-ebb
2026-10-11 17:00:00,1.2708341,high-ebb
2026-10-11 17:10:00,1.2433274,high-ebb
2026-10-11 17:20:00,1.2071862,high-ebb
2026-10-11 17:30:00,1.1625826,high-ebb
2026-10-11 17:40:00,1.1097459,high-ebb
2026-10-11 17:50:00,1.0489631,high-ebb
2026-10-11 18:00:00,0.9805809,high-ebb
2026-10-11 18:10:00,0.9050056,high-ebb
2026-10-11 18:20:00,0.82270384,high-ebb
2026-10-11 18:30:00,0.73420244,high-ebb
2026-10-11 18:40:00,0.6400873,high-ebb
2026-10-11 18:50:00,0.5410011,high-ebb
2026-10-11 19:00:00,0.43763968,high-ebb
2026-10-11 19:10:00,0.33074728,high-ebb
2026-10-11 19:20:00,0.22111003,high-ebb
2026-10-11 19:30:00,0.10954824,high-ebb
2026-10-11 19:40:00,-0.0030924566,low-ebb
2026-10-11 19:50:00,-0.115950905,low-ebb
2026-10-11 20:00:00,-0.22816077,low-ebb
2026-10-11 20:10:00,-0.3388611,low-ebb
2026-10-11 20:20:00,-0.44720668,low-ebb
2026-10-11 20:30:00,-0.5523778,low-ebb
2026-10-11 20:40:00,-0.65358937,low-ebb
2026-10-11 20:50:00,-0.7500984,low-ebb
2026-10-11 21:00:00,-0.84121084,low-ebb
2026-10-11 21:10:00,-0.92628646,low-ebb
2026-10-11 21:20:00,-1.0047429,low-ebb
2026-10-11 21:30:00,-1.0760583,low-ebb
2026-10-11 21:40:00,-1.1397724,low-ebb
2026-10-11 21:50:00,-1.1954885,low-ebb
2026-10-11 22:00:00,-1.2428719,low-ebb
2026-10-11 22:10:00,-1.2816515,low-ebb
2026-10-11 22:20:00,-1.3116184,low-ebb
2026-10-11 22:30:00,-1.3326265,low-ebb
2026-10-11 22:40:00,-1.3445913,low-ebb
2026-10-11 22:50:00,-1.3474908,low-ebb
2026-10-11 23:00:00,-1.3413653,low-flow
2026-10-11 23:10:00,-1.326317,low-flow
2026-10-11 23:20:00,-1.3025095,low-flow
2026-10-11 23:30:00,-1.2701681,low-flow
2026-10-11 23:40:00,-1.2295772,low-flow
2026-10-11 23:50:00,-1.1810799,low-flow
2026-10-12 00:00:00,-1.1250736,low-flow
2026-10-12 00:10:00,-1.062008,low-flow
2026-10-12 00:20:00,-0.9923803,low-flow
2026-10-12 00:30:00,-0.91673,low-flow
2026-10-12 00:40:00,-0.83563393,low-flow
2026-10-12 00:50:00,-0.7497005,low-flow
2026-10-12 01:00:00,-0.65956384,low-flow
2026-10-12 01:10:00,-0.5658781,low-flow
2026-10-12 01:20:00,-0.46931207,low-flow
2026-10-12 01:30:00,-0.37054417,low-flow
2026-10-12 01:40:00,-0.2702579,low-flow
2026-10-12 01:50:00,-0.16913794,low-flow
2026-10-12 02:00:00,-0.06786664,low-flow
2026-10-12 02:10:00,0.032879103,high-flow
2026-10-12 02:20:00,0.1324306,high-flow
2026-10-12 02:30:00,0.23013008,high-flow
2026-10-12 02:40:00,0.32533336,high-flow
2026-10-12 02:50:00,0.4174126,high-flow
2026-10-12 03:00:00,0.5057595,high-flow
2026-10-12 03:10:00,0.58978844,high-flow
2026-10-12 03:20:00,0.6689402,high-flow
2026-10-12 03:30:00,0.7426858,high-flow
2026-10-12 03:40:00,0.8105301,high-flow
2026-10-12 03:50:00,0.87201613,high-flow
2026-10-12 04:00:00,0.9267284,high-flow
2026-10-12 04:10:00,0.97429645,high-flow
2026-10-12 04:20:00,1.0143976,high-flow
2026-10-12 04:30:00,1.0467594,high-flow
2026-10-12 04:40:00,1.0711614,high-flow
2026-10-12 04:50:00,1.0874363,high-flow
2026-10-12 05:00:00,1.0954709,high-flow
2026-10-12 05:10:00,1.0952058,high-flow
2026-10-12 05:20:00,1.0866363,high-ebb
2026-10-12 05:30:00,1.0698117,high-ebb
2026-10-12 05:40:00,1.0448354,high-ebb
2026-10-12 05:50:00,1.0118655,high-ebb
2026-10-12 06:00:00,0.97111434,high-ebb
2026-10-12 06:10:00,0.9228498,high-ebb
2026-10-12 06:20:00,0.86739516,high-ebb
2026-10-12 06:30:00,0.8051302,high-ebb
2026-10-12 06:40:00,0.736491,high-ebb
2026-10-12 06:50:00,0.66197044,high-ebb
2026-10-12 07:00:00,0.58211654,high-ebb
2026-10-12 07:10:00,0.49753115,high-ebb
2026-10-12 07:20:00,0.4088668,high-ebb
2026-10-12 07:30:00,0.31682226,high-ebb
2026-10-12 07:40:00,0.22213696,high-ebb
2026-10-12 07:50:00,0.12558393,high-ebb
2026-10-12 08:00:00,0.027961629,high-ebb
2026-10-12 08:10:00,-0.06991527,low-ebb
2026-10-12 08:20:00,-0.16722575,low-ebb
2026-10-12 08:30:00,-0.26315263,low-ebb
2026-10-12 08:40:00,-0.35689273,low-ebb
2026-10-12 08:50:00,-0.44766656,low-ebb
2026-10-12 09:00:00,-0.53472733,low-ebb
2026-10-12 09:10:00,-0.6173689,low-ebb
2026-10-12 09:20:00,-0.69493216,low-ebb
2026-10-12 09:30:00,-0.76681083,low-ebb
2026-10-12 09:40:00,-0.832455,low-ebb
2026-10-12 09:50:00,-0.891374,low-ebb
2026-10-12 10:00:00,-0.94313794,low-ebb
2026-10-12 10:10:00,-0.98737824,low-ebb
2026-10-12 10:20:00,-1.0237877,low-ebb
2026-10-12 10:30:00,-1.0521201,low-ebb
2026-10-12 10:40:00,-1.0721895,low-ebb
2026-10-12 10:50:00,-1.0838696,low-ebb
2026-10-12 11:00:00,-1.0870932,low-ebb
2026-10-12 11:10:00,-1.0818523,low-flow
2026-10-12 11:20:00,-1.0681971,low-flow
2026-10-12 11:30:00,-1.0462364,low-flow
2026-10-12 11:40:00,-1.0161372,low-flow
2026-10-12 11:50:00,-0.97812444,low-flow
2026-10-12 12:00:00,-0.9324797,low-flow
2026-10-12 12:10:00,-0.87954,low-flow
2026-10-12 12:20:00,-0.8196957,low-flow
2026-10-12 12:30:00,-0.7533874,low-flow
2026-10-12 12:40:00,-0.68110234,low-flow
2026-10-12 12:50:00,-0.6033702,low-flow
2026-10-12 13:00:00,-0.5207579,low-flow
2026-10-12 13:10:00,-0.43386444,low-flow
2026-10-12 13:20:00,-0.34331512,low-flow
2026-10-12 13:30:00,-0.24975616,low-flow
2026-10-12 13:40:00,-0.15384911,low-flow
2026-10-12 13:50:00,-0.056265745,low-flow
2026-10-12 14:00:00,0.042316593,high-flow
2026-10-12 14:10:00,0.14121923,high-flow
2026-10-12 14:20:00,0.23976585,high-flow
2026-10-12 14:30:00,0.3372859,high-flow
2026-10-12 14:40:00,0.43311745,high-flow
2026-10-12 14:50:00,0.52661014,high-flow
2026-10-12 15:00:00,0.6171278,high-flow
2026-10-12 15:10:00,0.7040515,high-flow
2026-10-12 15:20:00,0.78678244,high-flow
2026-10-12 15:30:00,0.86474544,high-flow
2026-10-12 15:40:00,0.93739235,high-flow
2026-10-12 15:50:00,1.004206,high-flow
2026-10-12 16:00:00,1.0647041,high-flow
2026-10-12 16:10:00,1.1184431,high-flow
2026-10-12 16:20:00,1.1650226,high-flow
2026-10-12 16:30:00,1.2040879,high-flow
2026-10-12 16:40:00,1.2353339,high-flow
2026-10-12 16:50:00,1.2585074,high-flow
2026-10-12 17:00:00,1.2734085,high-flow
2026-10-12 17:10:00,1.2798929,high-flow
2026-10-12 17:20:00,1.2778715,high-flow
2026-10-12 17:30:00,1.2673111,high-ebb
2026-10-12 17:40:00,1.248234,high-ebb
2026-10-12 17:50:00,1.2207178,high-ebb
2026-10-12 18:00:00,1.1848942,high-ebb
2026-10-12 18:10:00,1.1409495,high-ebb
2026-10-12 18:20:00,1.0891232,high-ebb
2026-10-12 18:30:00,1.0297087,high-ebb
2026-10-12 18:40:00,0.96305275,high-ebb
2026-10-12 18:50:00,0.88955563,high-ebb
2026-10-12 19:00:00,0.8096713,high-ebb
2026-10-12 19:10:00,0.7239065,high-ebb
2026-10-12 19:20:00,0.6328205,high-ebb
2026-10-12 19:30:00,0.5370226,high-ebb
2026-10-12 19:40:00,0.4371702,high-ebb
2026-10-12 19:50:00,0.3339643,high-ebb
2026-10-12 20:00:00,0.22814463,high-ebb
2026-10-12 20:10:00,0.12048321,high-ebb
2026-10-12 20:20:00,0.011776651,high-ebb
2026-10-12 20:30:00,-0.097162426,low-ebb
2026-10-12 20:40:00,-0.20551479,low-ebb
2026-10-12 20:50:00,-0.31246445,low-ebb
2026-10-12 21:00:00,-0.41720855,low-ebb
2026-10-12 21:10:00,-0.518967,low-ebb
2026-10-12 21:20:00,-0.6169912,low-ebb
2026-10-12 21:30:00,-0.71057254,low-ebb
2026-10-12 21:40:00,-0.79904866,low-ebb
2026-10-12 21:50:00,-0.88180923,low-ebb
2026-10-12 22:00:00,-0.9582999,low-ebb
2026-10-12 22:10:00,-1.028025,low-ebb
2026-10-12 22:20:00,-1.0905492,low-ebb
2026-10-12 22:30:00,-1.145498,low-ebb
2026-10-12 22:40:00,-1.1925576,low-ebb
2026-10-12 22:50:00,-1.2314734,low-ebb
2026-10-12 23:00:00,-1.2620504,low-ebb
2026-10-12 23:10:00,-1.2841508,low-ebb
2026-10-12 23:20:00,-1.2976941,low-ebb
2026-10-12 23:30:00,-1.3026557,low-ebb
2026-10-12 23:40:00,-1.2990668,low-flow
2026-10-12 23:50:00,-1.2870141,low-flow
2026-10-13 00:00:00,-1.2666396,low-flow
2026-10-13 00:10:00,-1.23814,low-flow
2026-10-13 00:20:00,-1.2017664,low-flow
2026-10-13 00:30:00,-1.1578233,low-flow
2026-10-13 00:40:00,-1.1066668,low-flow
2026-10-13 00:50:00,-1.0487026,low-flow
2026-10-13 01:00:00,-0.9843825,low-flow
2026-10-13 01:10:00,-0.9142012,low-flow
2026-10-13 01:20:00,-0.8386916,low-flow
2026-10-13 01:30:00,-0.75841993,low-flow
2026-10-13 01:40:00,-0.6739807,low-flow
2026-10-13 01:50:00,-0.58599126,low-flow
2026-10-13 02:00:00,-0.4950864,low-flow
2026-10-13 02:10:00,-0.40191334,low-flow
2026-10-13 02:20:00,-0.307127,low-flow
2026-10-13 02:30:00,-0.21138571,low-flow
2026-10-13 02:40:00,-0.115347244,low-flow
2026-10-13 02:50:00,-0.019665433,low-flow
2026-10-13 03:00:00,0.07501294,high-flow
2026-10-13 03:10:00,0.168051,high-flow
2026-10-13 03:20:00,0.25882468,high-flow
2026-10-13 03:30:00,0.3467254,high-flow
2026-10-13 03:40:00,0.43116325,high-flow
2026-10-13 03:50:00,0.51157016,high-flow
2026-10-13 04:00:00,0.5874033,high-flow
2026-10-13 04:10:00,0.65814924,high-flow
2026-10-13 04:20:00,0.72332734,high-flow
2026-10-13 04:30:00,0.7824943,high-flow
2026-10-13 04:40:00,0.8352477,high-flow
2026-10-13 04:50:00,0.88122994,high-flow
2026-10-13 05:00:00,0.9201312,high-flow
2026-10-13 05:10:00,0.9516925,high-flow
2026-10-13 05:20:00,0.9757075,high-flow
2026-10-13 05:30:00,0.9920237,high-flow
2026-10-13 05:40:00,1.0005437,high-flow
2026-10-13 05:50:00,1.0012249,high-flow
2026-10-13 06:00:00,0.9940789,high-ebb
2026-10-13 06:10:00,0.9791711,high-ebb
2026-10-13 06:20:00,0.95661986,high-ebb
2026-10-13 06:30:00,0.9265951,high-ebb
2026-10-13 06:40:00,0.8893177,high-ebb
2026-10-13 06:50:00,0.8450588,high-ebb
2026-10-13 07:00:00,0.7941393,high-ebb
2026-10-13 07:10:00,0.73692924,high-ebb
2026-10-13 07:20:00,0.6738478,high-ebb
2026-10-13 07:30:00,0.60536236,high-ebb
2026-10-13 07:40:00,0.53198797,high-ebb
2026-10-13 07:50:00,0.4542856,high-ebb
2026-10-13 08:00:00,0.37285998,high-ebb
2026-10-13 08:10:00,0.28835624,high-ebb
2026-10-13 08:20:00,0.20145537,high-ebb
2026-10-13 08:30:00,0.112868585,high-ebb
2026-10-13 08:40:00,0.023330575,high-ebb
2026-10-13 08:50:00,-0.06640846,low-ebb
2026-10-13 09:00:00,-0.15559144,low-ebb
2026-10-13 09:10:00,-0.24346362,low-ebb
2026-10-13 09:20:00,-0.32928202,low-ebb
2026-10-13 09:30:00,-0.4123247,low-ebb
2026-10-13 09:40:00,-0.4918994,low-ebb
2026-10-13 09:50:00,-0.5673515,low-ebb
2026-10-13 10:00:00,-0.6380708,low-ebb
2026-10-13 10:10:00,-0.70349693,low-ebb
2026-10-13 10:20:00,-0.7631234,low-ebb
2026-10-13 10:30:00,-0.8165006,low-ebb
2026-10-13 10:40:00,-0.8632369,low-ebb
2026-10-13 10:50:00,-0.9029994,low-ebb
2026-10-13 11:00:00,-0.9355132,low-ebb
2026-10-13 11:10:00,-0.96056056,low-ebb
2026-10-13 11:20:00,-0.97797936,low-ebb
2026-10-13 11:30:00,-0.9876618,low-ebb
2026-10-13 11:40:00,-0.98955303,low-ebb
2026-10-13 11:50:00,-0.9836502,low-flow
2026-10-13 12:00:00,-0.9700015,low-flow
2026-10-13 12:10:00,-0.94870585,low-flow
2026-10-13 12:20:00,-0.9199127,low-flow
2026-10-13 12:30:00,-0.8838216,low-flow
2026-10-13 12:40:00,-0.84068227,low-flow
2026-10-13 12:50:00,-0.79079366,low-flow
2026-10-13 13:00:00,-0.73450285,low-flow
2026-10-13 13:10:00,-0.67220384,low-flow
2026-10-13 13:20:00,-0.6043346,low-flow
2026-10-13 13:30:00,-0.53137434,low-flow
2026-10-13 13:40:00,-0.45383972,low-flow
2026-10-13 13:50:00,-0.37228036,low-flow
2026-10-13 14:00:00,-0.28727415,low-flow
2026-10-13 14:10:00,-0.19942218,low-flow
2026-10-13 14:20:00,-0.10934352,low-flow
2026-10-13 14:30:00,-0.017670304,low-flow
2026-10-13 14:40:00,0.07495718,high-flow
2026-10-13 14:50:00,0.1678949,high-flow
2026-10-13 15:00:00,0.26049915,high-flow
2026-10-13 15:10:00,0.3521302,high-flow
2026-10-13 15:20:00,0.44215554,high-flow
2026-10-13 15:30:00,0.52995306,high-flow
2026-10-13 15:40:00,0.6149139,high-flow
2026-10-13 15:50:00,0.6964452,high-flow
2026-10-13 16:00:00,0.77397364,high-flow
2026-10-13 16:10:00,0.846948,high-flow
2026-10-13 16:20:00,0.9148435,high-flow
2026-10-13 16:30:00,0.9771647,high-flow
2026-10-13 16:40:00,1.03345,high-flow
2026-10-13 16:50:00,1.0832759,high-flow
2026-10-13 17:00:00,1.1262603,high-flow
2026-10-13 17:10:00,1.1620668,high-flow
2026-10-13 17:20:00,1.1904082,high-flow
2026-10-13 17:30:00,1.211049,high-flow
2026-10-13 17:40:00,1.2238077,high-flow
2026-10-13 17:50:00,1.2285585,high-flow
2026-10-13 18:00:00,1.2252318,high-ebb
2026-10-13 18:10:00,1.2138141,high-ebb
2026-10-13 18:20:00,1.1943479,high-ebb
2026-10-13 18:30:00,1.1669297,high-ebb
2026-10-13 18:40:00,1.1317098,high-ebb
2026-10-13 18:50:00,1.0888896,high-ebb
2026-10-13 19:00:00,1.0387212,high-ebb
2026-10-13 19:10:00,0.9815049,high-ebb
2026-10-13 19:20:00,0.9175889,high-ebb
2026-10-13 19:30:00,0.84736794,high-ebb
2026-10-13 19:40:00,0.77128226,high-ebb
2026-10-13 19:50:00,0.68981695,high-ebb
2026-10-13 20:00:00,0.6035008,high-ebb
2026-10-13 20:10:00,0.5129045,high-ebb
2026-10-13 20:20:00,0.41863897,high-ebb
2026-10-13 20:30:00,0.32135183,high-ebb
2026-10-13 20:40:00,0.22172384,high-ebb
2026-10-13 20:50:00,0.12046357,high-ebb
2026-10-13 21:00:00,0.018301314,high-ebb
2026-10-13 21:10:00,-0.08401811,low-ebb
2026-10-13 21:20:00,-0.18574344,low-ebb
2026-10-13 21:30:00,-0.28612557,low-ebb
2026-10-13 21:40:00,-0.3844266,low-ebb
2026-10-13 21:50:00,-0.47992864,low-ebb
2026-10-13 22:00:00,-0.57194245,low-ebb
2026-10-13 22:10:00,-0.65981513,low-ebb
2026-10-13 22:20:00,-0.7429369,low-ebb
2026-10-13 22:30:00,-0.82074666,low-ebb
2026-10-13 22:40:00,-0.89273614,low-ebb
2026-10-13 22:50:00,-0.95845276,low-ebb
2026-10-13 23:00:00,-1.0175011,low-ebb
2026-10-13 23:10:00,-1.0695432,low-ebb
2026-10-13 23:20:00,-1.114298,low-ebb
2026-10-13 23:30:00,-1.1515399,low-ebb
2026-10-13 23:40:00,-1.1810976,low-ebb
2026-10-13 23:50:00,-1.2028515,low-ebb
2026-10-14 00:00:00,-1.2167329,low-ebb
2026-10-14 00:10:00,-1.2227217,low-ebb
2026-10-14 00:20:00,-1.2208459,low-ebb
2026-10-14 00:30:00,-1.2111812,low-flow
2026-10-14 00:40:00,-1.1938496,low-flow
2026-10-14 00:50:00,-1.1690203,low-flow
2026-10-14 01:00:00,-1.1369091,low-flow
2026-10-14 01:10:00,-1.0977783,low-flow
2026-10-14 01:20:00,-1.0519364,low-flow
2026-10-14 01:30:00,-0.9997363,low-flow
2026-10-14 01:40:00,-0.94157445,low-flow
2026-10-14 01:50:00,-0.8778881,low-flow
2026-10-14 02:00:00,-0.8091521,low-flow
2026-10-14 02:10:00,-0.73587555,low-flow
2026-10-14 02:20:00,-0.6585971,low-flow
2026-10-14 02:30:00,-0.5778806,low-flow
2026-10-14 02:40:00,-0.49431038,low-flow
2026-10-14 02:50:00,-0.40848598,low-flow
2026-10-14 03:00:00,-0.32101777,low-flow
2026-10-14 03:10:00,-0.23252231,low-flow
2026-10-14 03:20:00,-0.14361826,low-flow
2026-10-14 03:30:00,-0.05492261,low-flow
2026-10-14 03:40:00,0.032952722,high-flow
2026-10-14 03:50:00,0.1194041,high-flow
2026-10-14 04:00:00,0.2038391,high-flow
2026-10-14 04:10:00,0.2856795,high-flow
2026-10-14 04:20:00,0.36436427,high-flow
2026-10-14 04:30:00,0.4393528,high-flow
2026-10-14 04:40:00,0.5101283,high-flow
2026-10-14 04:50:00,0.5762016,high-flow
2026-10-14 05:00:00,0.63711494,high-flow
2026-10-14 05:10:00,0.69244593,high-flow
2026-10-14 05:20:00,0.741812,high-flow
2026-10-14 05:30:00,0.7848738,high-flow
2026-10-14 05:40:00,0.82133895,high-flow
2026-10-14 05:50:00,0.85096514,high-flow
2026-10-14 06:00:00,0.8735623,high-flow
2026-10-14 06:10:00,0.88899446,high-flow
2026-10-14 06:20:00,0.8971804,high-flow
2026-10-14 06:30:00,0.8980936,high-flow
2026-10-14 06:40:00,0.89176196,high-ebb
2026-10-14 06:50:00,0.87826616,high-ebb
2026-10-14 07:00:00,0.8577382,high-ebb
2026-10-14 07:10:00,0.83035946,high-ebb
2026-10-14 07:20:00,0.7963587,high-ebb
2026-10-14 07:30:00,0.75601023,high-ebb
2026-10-14 07:40:00,0.7096321,high-ebb
2026-10-14 07:50:00,0.6575848,high-ebb
2026-10-14 08:00:00,0.6002698,high-ebb
2026-10-14 08:10:00,0.5381285,high-ebb
2026-10-14 08:20:00,0.47164094,high-ebb
2026-10-14 08:30:00,0.40132448,high-ebb
2026-10-14 08:40:00,0.32773176,high-ebb
2026-10-14 08:50:00,0.25144836,high-ebb
2026-10-14 09:00:00,0.17308925,high-ebb
2026-10-14 09:10:00,0.09329464,high-ebb
2026-10-14 09:20:00,0.012724516,high-ebb
2026-10-14 09:30:00,-0.06794765,low-ebb
2026-10-14 09:40:00,-0.14804208,low-ebb
2026-10-14 09:50:00,-0.2268806,low-ebb
2026-10-14 10:00:00,-0.30379483,low-ebb
2026-10-14 10:10:00,-0.3781347,low-ebb
2026-10-14 10:20:00,-0.44927636,low-ebb
2026-10-14 10:30:00,-0.51662976,low-ebb
2026-10-14 10:40:00,-0.57964534,low-ebb
2026-10-14 10:50:00,-0.6378193,low-ebb
2026-10-14 11:00:00,-0.6906979,low-ebb
2026-10-14 11:10:00,-0.7378804,low-ebb
2026-10-14 11:20:00,-0.7790203,low-ebb
2026-10-14 11:30:00,-0.8138258,low-ebb
2026-10-14 11:40:00,-0.84205884,low-ebb
2026-10-14 11:50:00,-0.86353403,low-ebb
2026-10-14 12:00:00,-0.87811637,low-ebb
2026-10-14 12:10:00,-0.88571936,low-ebb
2026-10-14 12:20:00,-0.88630277,low-ebb
2026-10-14 12:30:00,-0.8798708,low-flow
2026-10-14 12:40:00,-0.866471,low-flow
2026-10-14 12:50:00,-0.846193,low-flow
2026-10-14 13:00:00,-0.8191684,low-flow
2026-10-14 13:10:00,-0.7855703,low-flow
2026-10-14 13:20:00,-0.74561363,low-flow
2026-10-14 13:30:00,-0.6995551,low-flow
2026-10-14 13:40:00,-0.6476932,low-flow
2026-10-14 13:50:00,-0.5903676,low-flow
2026-10-14 14:00:00,-0.5279583,low-flow
2026-10-14 14:10:00,-0.4608837,low-flow
2026-10-14 14:20:00,-0.38959858,low-flow
2026-10-14 14:30:00,-0.31459063,low-flow
2026-10-14 14:40:00,-0.236377,low-flow
2026-10-14 14:50:00,-0.1555001,low-flow
2026-10-14 15:00:00,-0.07252302,low-flow
2026-10-14 15:10:00,0.011975118,high-flow
2026-10-14 15:20:00,0.09740383,high-flow
2026-10-14 15:30:00,0.18316576,high-flow
2026-10-14 15:40:00,0.268661,high-flow
2026-10-14 15:50:00,0.3532909,high-flow
2026-10-14 16:00:00,0.4364618,high-flow
2026-10-14 16:10:00,0.51758844,high-flow
2026-10-14 16:20:00,0.59609675,high-flow
2026-10-14 16:30:00,0.6714274,high-flow
2026-10-14 16:40:00,0.7430386,high-flow
2026-10-14 16:50:00,0.81040925,high-flow
2026-10-14 17:00:00,0.8730425,high-flow
2026-10-14 17:10:00,0.9304696,high-flow
2026-10-14 17:20:00,0.98225325,high-flow
2026-10-14 17:30:00,1.0279924,high-flow
2026-10-14 17:40:00,1.0673254,high-flow
2026-10-14 17:50:00,1.0999347,high-flow
2026-10-14 18:00:00,1.1255503,high-flow
2026-10-14 18:10:00,1.1439526,high-flow
2026-10-14 18:20:00,1.1549754,high-flow
2026-10-14 18:30:00,1.1585073,high-flow
2026-10-14 18:40:00,1.1544926,high-ebb
2026-10-14 18:50:00,1.1429317,high-ebb
2026-10-14 19:00:00,1.12388,high-ebb
2026-10-14 19:10:00,1.0974468,high-ebb
2026-10-14 19:20:00,1.063793,high-ebb
2026-10-14 19:30:00,1.0231289,high-ebb
2026-10-14 19:40:00,0.9757122,high-ebb
2026-10-14 19:50:00,0.9218446,high-ebb
2026-10-14 20:00:00,0.8618703,high-ebb
2026-10-14 20:10:00,0.7961732,high-ebb
2026-10-14 20:20:00,0.72517586,high-ebb
2026-10-14 20:30:00,0.649337,high-ebb
2026-10-14 20:40:00,0.5691507,high-ebb
2026-10-14 20:50:00,0.4851443,high-ebb
2026-10-14 21:00:00,0.3978769,high-ebb
2026-10-14 21:10:00,0.30793688,high-ebb
2026-10-14 21:20:00,0.21593897,high-ebb
2026-10-14 21:30:00,0.122520484,high-ebb
2026-10-14 21:40:00,0.028336592,high-ebb
2026-10-14 21:50:00,-0.06594526,low-ebb
2026-10-14 22:00:00,-0.15965188,low-ebb
2026-10-14 22:10:00,-0.25211146,low-ebb
2026-10-14 22:20:00,-0.34266138,low-ebb
2026-10-14 22:30:00,-0.43065587,low-ebb
2026-10-14 22:40:00,-0.51547396,low-ebb
2026-10-14 22:50:00,-0.59652674,low-ebb
2026-10-14 23:00:00,-0.67326367,low-ebb
2026-10-14 23:10:00,-0.7451783,low-ebb
2026-10-14 23:20:00,-0.81181234,low-ebb
2026-10-14 23:30:00,-0.87275887,low-ebb
2026-10-14 23:40:00,-0.9276635,low-ebb
2026-10-14 23:50:00,-0.9762252,low-ebb
2026-10-15 00:00:00,-1.0181953,low-ebb
2026-10-15 00:10:00,-1.053376,low-ebb
2026-10-15 00:20:00,-1.0816183,low-ebb
2026-10-15 00:30:00,-1.1028198,low-ebb
2026-10-15 00:40:00,-1.116922,low-ebb
2026-10-15 00:50:00,-1.1239085,low-ebb
2026-10-15 01:00:00,-1.123803,low-ebb
2026-10-15 01:10:00,-1.1166687,low-flow
2026-10-15 01:20:00,-1.1026069,low-flow
2026-10-15 01:30:00,-1.0817575,low-flow
2026-10-15 01:40:00,-1.0542991,low-flow
2026-10-15 01:50:00,-1.0204487,low-flow
2026-10-15 02:00:00,-0.98046273,low-flow
2026-10-15 02:10:00,-0.93463695,low-flow
2026-10-15 02:20:00,-0.88330585,low-flow
2026-10-15 02:30:00,-0.8268417,low-flow
2026-10-15 02:40:00,-0.76565313,low-flow
2026-10-15 02:50:00,-0.7001825,low-flow
2026-10-15 03:00:00,-0.6309029,low-flow
2026-10-15 03:10:00,-0.5583145,low-flow
2026-10-15 03:20:00,-0.48294067,low-flow
2026-10-15 03:30:00,-0.40532324,low-flow
2026-10-15 03:40:00,-0.32601833,low-flow
2026-10-15 03:50:00,-0.24559176,low-flow
2026-10-15 04:00:00,-0.16461475,low-flow
2026-10-15 04:10:00,-0.08365998,low-flow
2026-10-15 04:20:00,-0.0032978172,low-flow
2026-10-15 04:30:00,0.07590712,high-flow
2026-10-15 04:40:00,0.15339923,high-flow
2026-10-15 04:50:00,0.228635,high-flow
2026-10-15 05:00:00,0.30108616,high-flow
2026-10-15 05:10:00,0.37024283,high-flow
2026-10-15 05:20:00,0.43561685,high-flow
2026-10-15 05:30:00,0.4967454,high-flow
2026-10-15 05:40:00,0.55319476,high-flow
2026-10-15 05:50:00,0.6045643,high-flow
2026-10-15 06:00:00,0.6504904,high-flow
2026-10-15 06:10:00,0.6906506,high-flow
2026-10-15 06:20:00,0.724767,high-flow
2026-10-15 06:30:00,0.75261015,high-flow
2026-10-15 06:40:00,0.77400076,high-flow
2026-10-15 06:50:00,0.78881264,high-flow
2026-10-15 07:00:00,0.7969731,high-flow
2026-10-15 07:10:00,0.7984635,high-flow
2026-10-15 07:20:00,0.79331845,high-ebb
2026-10-15 07:30:00,0.78162444,high-ebb
2026-10-15 07:40:00,0.7635177,high-ebb
2026-10-15 07:50:00,0.7391818,high-ebb
2026-10-15 08:00:00,0.7088448,high-ebb
2026-10-15 08:10:00,0.6727763,high-ebb
2026-10-15 08:20:00,0.6312849,high-ebb
2026-10-15 08:30:00,0.5847154,high-ebb
2026-10-15 08:40:00,0.53344697,high-ebb
2026-10-15 08:50:00,0.4778908,high-ebb
2026-10-15 09:00:00,0.41848874,high-ebb
2026-10-15 09:10:00,0.3557116,high-ebb
2026-10-15 09:20:00,0.29005748,high-ebb
2026-10-15 09:30:00,0.22204979,high-ebb
2026-10-15 09:40:00,0.15223493,high-ebb
2026-10-15 09:50:00,0.081179075,high-ebb
2026-10-15 10:00:00,0.009464438,high-ebb
2026-10-15 10:10:00,-0.062315583,low-ebb
2026-10-15 10:20:00,-0.13356192,low-ebb
2026-10-15 10:30:00,-0.20367616,low-ebb
2026-10-15 10:40:00,-0.27206746,low-ebb
2026-10-15 10:50:00,-0.33815962,low-ebb
2026-10-15 11:00:00,-0.40139842,low-ebb
2026-10-15 11:10:00,-0.4612584,low-ebb
2026-10-15 11:20:00,-0.5172492,low-ebb
2026-10-15 11:30:00,-0.56892085,low-ebb
2026-10-15 11:40:00,-0.61586815,low-ebb
2026-10-15 11:50:00,-0.6577335,low-ebb
2026-10-15 12:00:00,-0.69420874,low-ebb
2026-10-15 12:10:00,-0.7250356,low-ebb
2026-10-15 12:20:00,-0.75000495,low-ebb
2026-10-15 12:30:00,-0.7689553,low-ebb
2026-10-15 12:40:00,-0.78177065,low-ebb
2026-10-15 12:50:00,-0.7883779,low-ebb
2026-10-15 13:00:00,-0.7887443,low-ebb
2026-10-15 13:10:00,-0.78287494,low-flow
2026-10-15 13:20:00,-0.770811,low-flow
2026-10-15 13:30:00,-0.7526284,low-flow
2026-10-15 13:40:00,-0.7284364,low-flow
2026-10-15 13:50:00,-0.69837815,low-flow
2026-10-15 14:00:00,-0.6626304,low-flow
2026-10-15 14:10:00,-0.6214042,low-flow
2026-10-15 14:20:00,-0.57494545,low-flow
2026-10-15 14:30:00,-0.5235356,low-flow
2026-10-15 14:40:00,-0.4674917,low-flow
2026-10-15 14:50:00,-0.40716594,low-flow
2026-10-15 15:00:00,-0.34294498,low-flow
2026-10-15 15:10:00,-0.27524793,low-flow
2026-10-15 15:20:00,-0.20452414,low-flow
2026-10-15 15:30:00,-0.13125001,low-flow
2026-10-15 15:40:00,-0.055925302,low-flow
2026-10-15 15:50:00,0.020930808,high-flow
2026-10-15 16:00:00,0.09878416,high-flow
2026-10-15 16:10:00,0.17708997,high-flow
2026-10-15 16:20:00,0.25529712,high-flow
2026-10-15 16:30:00,0.33285233,high-flow
2026-10-15 16:40:00,0.40920407,high-flow
2026-10-15 16:50:00,0.4838062,high-flow
2026-10-15 17:00:00,0.5561213,high-flow
2026-10-15 17:10:00,0.6256241,high-flow
2026-10-15 17:20:00,0.6918046,high-flow
2026-10-15 17:30:00,0.7541711,high-flow
2026-10-15 17:40:00,0.8122538,high-flow
2026-10-15 17:50:00,0.8656082,high-flow
2026-10-15 18:00:00,0.913819,high-flow
2026-10-15 18:10:00,0.9565036,high-flow
2026-10-15 18:20:00,0.9933166,high-flow
2026-10-15 18:30:00,1.0239532,high-flow
2026-10-15 18:40:00,1.0481536,high-flow
2026-10-15 18:50:00,1.0657058,high-flow
2026-10-15 19:00:00,1.0764486,high-flow
2026-10-15 19:10:00,1.0802739,high-flow
2026-10-15 19:20:00,1.0771276,high-ebb
2026-10-15 19:30:00,1.0670102,high-ebb
2026-10-15 19:40:00,1.049976,high-ebb
2026-10-15 19:50:00,1.0261321,high-ebb
2026-10-15 20:00:00,0.9956356,high-ebb
2026-10-15 20:10:00,0.95869136,high-ebb
2026-10-15 20:20:00,0.9155486,high-ebb
2026-10-15 20:30:00,0.8664978,high-ebb
2026-10-15 20:40:00,0.8118674,high-ebb
2026-10-15 20:50:00,0.75202084,high-ebb
2026-10-15 21:00:00,0.6873536,high-ebb
2026-10-15 21:10:00,0.61829126,high-ebb
2026-10-15 21:20:00,0.545287,high-ebb
2026-10-15 21:30:00,0.46882015,high-ebb
2026-10-15 21:40:00,0.3893943,high-ebb
2026-10-15 21:50:00,0.30753553,high-ebb
2026-10-15 22:00:00,0.22379015,high-ebb
2026-10-15 22:10:00,0.13872233,high-ebb
2026-10-15 22:20:00,0.05291057,high-ebb
2026-10-15 22:30:00,-0.03305621,low-ebb
2026-10-15 22:40:00,-0.118583605,low-ebb
2026-10-15 22:50:00,-0.20307726,low-ebb
2026-10-15 23:00:00,-0.2859491,low-ebb
2026-10-15 23:10:00,-0.36662406,low-ebb
2026-10-15 23:20:00,-0.44454658,low-ebb
2026-10-15 23:30:00,-0.5191875,low-ebb
2026-10-15 23:40:00,-0.59005,low-ebb
2026-10-15 23:50:00,-0.656675,low-ebb
2026-10-16 00:00:00,-0.71864563,low-ebb
2026-10-16 00:10:00,-0.7755904,low-ebb
2026-10-16 00:20:00,-0.827185,low-ebb
2026-10-16 00:30:00,-0.8731532,low-ebb
2026-10-16 00:40:00,-0.91326624,low-ebb
2026-10-16 00:50:00,-0.9473417,low-ebb
2026-10-16 01:00:00,-0.9752408,low-ebb
2026-10-16 01:10:00,-0.9968666,low-ebb
2026-10-16 01:20:00,-1.0121605,low-ebb
2026-10-16 01:30:00,-1.0211005,low-ebb
2026-10-16 01:40:00,-1.0236982,low-ebb
2026-10-16 01:50:00,-1.0199977,low-flow
2026-10-16 02:00:00,-1.0100743,low-flow
2026-10-16 02:10:00,-0.9940343,low-flow
2026-10-16 02:20:00,-0.97201526,low-flow
2026-10-16 02:30:00,-0.9441865,low-flow
2026-10-16 02:40:00,-0.91075003,low-flow
2026-10-16 02:50:00,-0.8719414,low-flow
2026-10-16 03:00:00,-0.8280305,low-flow
2026-10-16 03:10:00,-0.77932185,low-flow
2026-10-16 03:20:00,-0.726154,low-flow
2026-10-16 03:30:00,-0.66889894,low-flow
2026-10-16 03:40:00,-0.6079598,low-flow
2026-10-16 03:50:00,-0.5437688,low-flow
2026-10-16 04:00:00,-0.47678393,low-flow
2026-10-16 04:10:00,-0.40748507,low-flow
2026-10-16 04:20:00,-0.33637023,low-flow
2026-10-16 04:30:00,-0.26395118,low-flow
2026-10-16 04:40:00,-0.19074924,low-flow
2026-10-16 04:50:00,-0.11729092,low-flow
2026-10-16 05:00:00,-0.04410414,low-flow
2026-10-16 05:10:00,0.028285671,high-flow
2026-10-16 05:20:00,0.099359035,high-flow
2026-10-16 05:30:00,0.16860579,high-flow
2026-10-16 05:40:00,0.23552832,high-flow
2026-10-16 05:50:00,0.2996447,high-flow
2026-10-16 06:00:00,0.3604921,high-flow
2026-10-16 06:10:00,0.41763008,high-flow
2026-10-16 06:20:00,0.47064424,high-flow
2026-10-16 06:30:00,0.51915,high-flow
2026-10-16 06:40:00,0.5627965,high-flow
2026-10-16 06:50:00,0.6012704,high-flow
2026-10-16 07:00:00,0.63429964,high-flow
2026-10-16 07:10:00,0.66165715,high-flow
2026-10-16 07:20:00,0.6831634,high-flow
2026-10-16 07:30:00,0.6986888,high-flow
2026-10-16 07:40:00,0.70815533,high-flow
2026-10-16 07:50:00,0.7115368,high-flow
2026-10-16 08:00:00,0.7088588,high-ebb
2026-10-16 08:10:00,0.7001972,high-ebb
2026-10-16 08:20:00,0.6856761,high-ebb
2026-10-16 08:30:00,0.66546524,high-ebb
2026-10-16 08:40:00,0.63977647,high-ebb
2026-10-16 08:50:00,0.6088608,high-ebb
2026-10-16 09:00:00,0.5730044,high-ebb
2026-10-16 09:10:00,0.53252584,high-ebb
2026-10-16 09:20:00,0.48777252,high-ebb
2026-10-16 09:30:00,0.43911856,high-ebb
2026-10-16 09:40:00,0.3869623,high-ebb
2026-10-16 09:50:00,0.33172455,high-ebb
2026-10-16 10:00:00,0.273847,high-ebb
2026-10-16 10:10:00,0.21379058,high-ebb
2026-10-16 10:20:00,0.15203385,high-ebb
2026-10-16 10:30:00,0.089070976,high-ebb
2026-10-16 10:40:00,0.025409112,high-ebb
2026-10-16 10:50:00,-0.038434748,low-ebb
2026-10-16 11:00:00,-0.101937756,low-ebb
2026-10-16 11:10:00,-0.16457593,low-ebb
2026-10-16 11:20:00,-0.22582953,low-ebb
2026-10-16 11:30:00,-0.28518882,low-ebb
2026-10-16 11:40:00,-0.34216043,low-ebb
2026-10-16 11:50:00,-0.3962733,low-ebb
2026-10-16 12:00:00,-0.44708452,low-ebb
2026-10-16 12:10:00,-0.4941848,low-ebb
2026-10-16 12:20:00,-0.53720266,low-ebb
2026-10-16 12:30:00,-0.5758078,low-ebb
2026-10-16 12:40:00,-0.60971344,low-ebb
2026-10-16 12:50:00,-0.63867706,low-ebb
2026-10-16 13:00:00,-0.6625003,low-ebb
2026-10-16 13:10:00,-0.68102777,low-ebb
2026-10-16 13:20:00,-0.6941451,low-ebb
2026-10-16 13:30:00,-0.70177615,low-ebb
2026-10-16 13:40:00,-0.7038807,low-ebb
2026-10-16 13:50:00,-0.70045143,low-flow
2026-10-16 14:00:00,-0.69151163,low-flow
2026-10-16 14:10:00,-0.67711335,low-flow
2026-10-16 14:20:00,-0.65733635,low-flow
2026-10-16 14:30:00,-0.6322873,low-flow
2026-10-16 14:40:00,-0.6021002,low-flow
2026-10-16 14:50:00,-0.56693697,low-flow
2026-10-16 15:00:00,-0.5269884,low-flow
2026-10-16 15:10:00,-0.48247558,low-flow
2026-10-16 15:20:00,-0.43365088,low-flow
2026-10-16 15:30:00,-0.3807987,low-flow
2026-10-16 15:40:00,-0.32423577,low-flow
2026-10-16 15:50:00,-0.26431084,low-flow
2026-10-16 16:00:00,-0.20140335,low-flow
2026-10-16 16:10:00,-0.13592163,low-flow
2026-10-16 16:20:00,-0.06830013,low-flow
2026-10-16 16:30:00,0.0010037966,high-flow
2026-10-16 16:40:00,0.07151374,high-flow
2026-10-16 16:50:00,0.14273831,high-flow
2026-10-16 17:00:00,0.2141754,high-flow
2026-10-16 17:10:00,0.2853164,high-flow
2026-10-16 17:20:00,0.35565045,high-flow
2026-10-16 17:30:00,0.42466813,high-flow
2026-10-16 17:40:00,0.49186546,high-flow
2026-10-16 17:50:00,0.55674714,high-flow
2026-10-16 18:00:00,0.6188301,high-flow
2026-10-16 18:10:00,0.6776466,high-flow
2026-10-16 18:20:00,0.7327477,high-flow
2026-10-16 18:30:00,0.7837063,high-flow
2026-10-16 18:40:00,0.8301212,high-flow
2026-10-16 18:50:00,0.8716203,high-flow
2026-10-16 19:00:00,0.9078645,high-flow
2026-10-16 19:10:00,0.9385517,high-flow
2026-10-16 19:20:00,0.96342033,high-flow
2026-10-16 19:30:00,0.98225296,high-flow
2026-10-16 19:40:00,0.9948793,high-flow
2026-10-16 19:50:00,1.0011786,high-flow
2026-10-16 20:00:00,1.0010815,high-flow
2026-10-16 20:10:00,0.9945704,high-ebb
2026-10-16 20:20:00,0.98167956,high-ebb
2026-10-16 20:30:00,0.96249413,high-ebb
2026-10-16 20:40:00,0.937148,high-ebb
2026-10-16 20:50:00,0.9058209,high-ebb
2026-10-16 21:00:00,0.8687355,high-ebb
2026-10-16 21:10:00,0.82615346,high-ebb
2026-10-16 21:20:00,0.778372,high-ebb
2026-10-16 21:30:00,0.72571987,high-ebb
2026-10-16 21:40:00,0.6685544,high-ebb
2026-10-16 21:50:00,0.6072583,high-ebb
2026-10-16 22:00:00,0.54223716,high-ebb
2026-10-16 22:10:00,0.47391725,high-ebb
2026-10-16 22:20:00,0.4027441,high-ebb
2026-10-16 22:30:00,0.32918078,high-ebb
2026-10-16 22:40:00,0.2537064,high-ebb
2026-10-16 22:50:00,0.17681444,high-ebb
2026-10-16 23:00:00,0.09901076,high-ebb
2026-10-16 23:10:00,0.020810902,high-ebb
2026-10-16 23:20:00,-0.057263166,low-ebb
2026-10-16 23:30:00,-0.13468708,low-ebb
2026-10-16 23:40:00,-0.21093881,low-ebb
2026-10-16 23:50:00,-0.2855039,low-ebb
2026-10-17 00:00:00,-0.35788113,low-ebb
2026-10-17 00:10:00,-0.42758846,low-ebb
2026-10-17 00:20:00,-0.49416858,low-ebb
2026-10-17 00:30:00,-0.55719423,low-ebb
2026-10-17 00:40:00,-0.6162728,low-ebb
2026-10-17 00:50:00,-0.6710498,low-ebb
2026-10-17 01:00:00,-0.7212117,low-ebb
2026-10-17 01:10:00,-0.7664869,low-ebb
2026-10-17 01:20:00,-0.80664635,low-ebb
2026-10-17 01:30:00,-0.8415025,low-ebb
2026-10-17 01:40:00,-0.8709076,low-ebb
2026-10-17 01:50:00,-0.8947515,low-ebb
2026-10-17 02:00:00,-0.91295886,low-ebb
2026-10-17 02:10:00,-0.9254866,low-ebb
2026-10-17 02:20:00,-0.9323213,low-ebb
2026-10-17 02:30:00,-0.93347734,low-ebb
2026-10-17 02:40:00,-0.9289953,low-flow
2026-10-17 02:50:00,-0.9189416,low-flow
2026-10-17 03:00:00,-0.9034082,low-flow
2026-10-17 03:10:00,-0.8825136,low-flow
2026-10-17 03:20:00,-0.8564037,low-flow
2026-10-17 03:30:00,-0.8252534,low-flow
2026-10-17 03:40:00,-0.78926796,low-flow
2026-10-17 03:50:00,-0.7486841,low-flow
2026-10-17 04:00:00,-0.7037712,low-flow
2026-10-17 04:10:00,-0.65483093,low-flow
2026-10-17 04:20:00,-0.6021972,low-flow
2026-10-17 04:30:00,-0.5462342,low-flow
2026-10-17 04:40:00,-0.48733503,low-flow
2026-10-17 04:50:00,-0.4259181,low-flow
2026-10-17 05:00:00,-0.3624241,low-flow
2026-10-17 05:10:00,-0.29731196,low-flow
2026-10-17 05:20:00,-0.23105481,low-flow
2026-10-17 05:30:00,-0.16413563,low-flow
2026-10-17 05:40:00,-0.09704316,low-flow
2026-10-17 05:50:00,-0.030267823,low-flow
2026-10-17 06:00:00,0.035702065,high-flow
2026-10-17 06:10:00,0.100383915,high-flow
2026-10-17 06:20:00,0.16330427,high-flow
2026-10-17 06:30:00,0.22400208,high-flow
2026-10-17 06:40:00,0.28203192,high-flow
2026-10-17 06:50:00,0.33696738,high-flow
2026-10-17 07:00:00,0.38840425,high-flow
2026-10-17 07:10:00,0.4359643,high-flow
2026-10-17 07:20:00,0.47929862,high-flow
2026-10-17 07:30:00,0.5180916,high-flow
2026-10-17 07:40:00,0.5520645,high-flow
2026-10-17 07:50:00,0.58097875,high-flow
2026-10-17 08:00:00,0.6046395,high-flow
2026-10-17 08:10:00,0.6228976,high-flow
2026-10-17 08:20:00,0.63565224,high-flow
2026-10-17 08:30:00,0.6428513,high-flow
2026-10-17 08:40:00,0.6444919,high-flow
2026-10-17 08:50:00,0.6406196,high-ebb
2026-10-17 09:00:00,0.63132626,high-ebb
2026-10-17 09:10:00,0.61674833,high-ebb
2026-10-17 09:20:00,0.5970628,high-ebb
2026-10-17 09:30:00,0.5724845,high-ebb
2026-10-17 09:40:00,0.54326165,high-ebb
2026-10-17 09:50:00,0.5096725,high-ebb
2026-10-17 10:00:00,0.47202188,high-ebb
2026-10-17 10:10:00,0.4306378,high-ebb
2026-10-17 10:20:00,0.38586906,high-ebb
2026-10-17 10:30:00,0.3380831,high-ebb
2026-10-17 10:40:00,0.28766412,high-ebb
2026-10-17 10:50:00,0.23501205,high-ebb
2026-10-17 11:00:00,0.18054117,high-ebb
2026-10-17 11:10:00,0.124678984,high-ebb
2026-10-17 11:20:00,0.06786472,high-ebb
2026-10-17 11:30:00,0.010547539,high-ebb
2026-10-17 11:40:00,-0.046816073,low-ebb
2026-10-17 11:50:00,-0.103765406,low-ebb
2026-10-17 12:00:00,-0.15983945,low-ebb
2026-10-17 12:10:00,-0.21458144,low-ebb
2026-10-17 12:20:00,-0.26754388,low-ebb
2026-10-17 12:30:00,-0.3182939,low-ebb
2026-10-17 12:40:00,-0.36641866,low-ebb
2026-10-17 12:50:00,-0.41153044,low-ebb
2026-10-17 13:00:00,-0.4532713,low-ebb
2026-10-17 13:10:00,-0.49131685,low-ebb
2026-10-17 13:20:00,-0.52537924,low-ebb
2026-10-17 13:30:00,-0.5552088,low-ebb
2026-10-17 13:40:00,-0.5805947,low-ebb
2026-10-17 13:50:00,-0.6013648,low-ebb
2026-10-17 14:00:00,-0.617384,low-ebb
2026-10-17 14:10:00,-0.62855226,low-ebb
2026-10-17 14:20:00,-0.63480246,low-ebb
2026-10-17 14:30:00,-0.63609725,low-ebb
2026-10-17 14:40:00,-0.6324271,low-flow
2026-10-17 14:50:00,-0.6238077,low-flow
2026-10-17 15:00:00,-0.61027884,low-flow
2026-10-17 15:10:00,-0.5919034,low-flow
2026-10-17 15:20:00,-0.568767,low-flow
2026-10-17 15:30:00,-0.5409792,low-flow
2026-10-17 15:40:00,-0.50867397,low-flow
2026-10-17 15:50:00,-0.4720118,low-flow
2026-10-17 16:00:00,-0.43118095,low-flow
2026-10-17 16:10:00,-0.3863993,low-flow
2026-10-17 16:20:00,-0.33791548,low-flow
2026-10-17 16:30:00,-0.28600955,low-flow
2026-10-17 16:40:00,-0.23099302,low-flow
2026-10-17 16:50:00,-0.17320801,low-flow
2026-10-17 17:00:00,-0.11302558,low-flow
2026-10-17 17:10:00,-0.05084333,low-flow
2026-10-17 17:20:00,0.012917787,high-flow
2026-10-17 17:30:00,0.07781706,high-flow
2026-10-17 17:40:00,0.1433981,high-flow
2026-10-17 17:50:00,0.20919307,high-flow
2026-10-17 18:00:00,0.2747269,high-flow
2026-10-17 18:10:00,0.3395215,high-flow
2026-10-17 18:20:00,0.40309975,high-flow
2026-10-17 18:30:00,0.46498924,high-flow
2026-10-17 18:40:00,0.52472585,high-flow
2026-10-17 18:50:00,0.5818571,high-flow
2026-10-17 19:00:00,0.6359454,high-flow
2026-10-17 19:10:00,0.68657136,high-flow
2026-10-17 19:20:00,0.73333716,high-flow
2026-10-17 19:30:00,0.7758699,high-flow
2026-10-17 19:40:00,0.81382495,high-flow
2026-10-17 19:50:00,0.84689003,high-flow
2026-10-17 20:00:00,0.8747882,high-flow
2026-10-17 20:10:00,0.897282,high-flow
2026-10-17 20:20:00,0.9141759,high-flow
2026-10-17 20:30:00,0.9253199,high-flow
2026-10-17 20:40:00,0.9306108,high-flow
2026-10-17 20:50:00,0.929994,high-flow
2026-10-17 21:00:00,0.92346394,high-ebb
2026-10-17 21:10:00,0.9110635,high-ebb
2026-10-17 21:20:00,0.8928826,high-ebb
2026-10-17 21:30:00,0.8690558,high-ebb
2026-10-17 21:40:00,0.83975965,high-ebb
2026-10-17 21:50:00,0.8052089,high-ebb
2026-10-17 22:00:00,0.76565295,high-ebb
2026-10-17 22:10:00,0.72137177,high-ebb
2026-10-17 22:20:00,0.67267233,high-ebb
2026-10-17 22:30:00,0.6198852,high-ebb
2026-10-17 22:40:00,0.56336194,high-ebb
2026-10-17 22:50:00,0.50347227,high-ebb
2026-10-17 23:00:00,0.44060278,high-ebb
2026-10-17 23:10:00,0.37515512,high-ebb
2026-10-17 23:20:00,0.30754519,high-ebb
2026-10-17 23:30:00,0.23820207,high-ebb
2026-10-17 23:40:00,0.16756685,high-ebb
2026-10-17 23:50:00,0.09609134,high-ebb
2026-10-18 00:00:00,0.024236,high-ebb
2026-10-18 00:10:00,-0.047532555,low-ebb
2026-10-18 00:20:00,-0.1187449,low-ebb
2026-10-18 00:30:00,-0.18893276,low-ebb
2026-10-18 00:40:00,-0.2576336,low-ebb
2026-10-18 00:50:00,-0.3243957,low-ebb
2026-10-18 01:00:00,-0.38878325,low-ebb
2026-10-18 01:10:00,-0.45038164,low-ebb
2026-10-18 01:20:00,-0.5088021,low-ebb
2026-10-18 01:30:00,-0.563686,low-ebb
2026-10-18 01:40:00,-0.6147082,low-ebb
2026-10-18 01:50:00,-0.66157913,low-ebb
2026-10-18 02:00:00,-0.7040464,low-ebb
2026-10-18 02:10:00,-0.7418947,low-ebb
2026-10-18 02:20:00,-0.77494526,low-ebb
2026-10-18 02:30:00,-0.80305386,low-ebb
2026-10-18 02:40:00,-0.82610905,low-ebb
2026-10-18 02:50:00,-0.8440297,low-ebb
2026-10-18 03:00:00,-0.85676247,low-ebb
2026-10-18 03:10:00,-0.86427957,low-ebb
2026-10-18 03:20:00,-0.8665773,low-ebb
2026-10-18 03:30:00,-0.8636751,low-flow
2026-10-18 03:40:00,-0.85561496,low-flow
2026-10-18 03:50:00,-0.8424621,low-flow
2026-10-18 04:00:00,-0.8243063,low-flow
2026-10-18 04:10:00,-0.8012628,low-flow
2026-10-18 04:20:00,-0.77347463,low-flow
2026-10-18 04:30:00,-0.7411145,low-flow
2026-10-18 04:40:00,-0.70438594,low-flow
2026-10-18 04:50:00,-0.66352475,low-flow
2026-10-18 05:00:00,-0.61879945,low-flow
2026-10-18 05:10:00,-0.5705108,low-flow
2026-10-18 05:20:00,-0.5189909,low-flow
2026-10-18 05:30:00,-0.46460092,low-flow
2026-10-18 05:40:00,-0.40772858,low-flow
2026-10-18 05:50:00,-0.34878466,low-flow
2026-10-18 06:00:00,-0.2881991,low-flow
2026-10-18 06:10:00,-0.226417,low-flow
2026-10-18 06:20:00,-0.16389422,low-flow
2026-10-18 06:30:00,-0.10109319,low-flow
2026-10-18 06:40:00,-0.038478866,low-flow
2026-10-18 06:50:00,0.023485195,high-flow
2026-10-18 07:00:00,0.08434044,high-flow
2026-10-18 07:10:00,0.14363676,high-flow
2026-10-18 07:20:00,0.2009358,high-flow
2026-10-18 07:30:00,0.25581405,high-flow
2026-10-18 07:40:00,0.3078662,high-flow
2026-10-18 07:50:00,0.35670823,high-flow
2026-10-18 08:00:00,0.40198103,high-flow
2026-10-18 08:10:00,0.4433535,high-flow
2026-10-18 08:20:00,0.48052642,high-flow
2026-10-18 08:30:00,0.51323557,high-flow
2026-10-18 08:40:00,0.5412552,high-flow
2026-10-18 08:50:00,0.5644007,high-flow
2026-10-18 09:00:00,0.5825309,high-flow
2026-10-18 09:10:00,0.5955502,high-flow
2026-10-18 09:20:00,0.6034085,high-flow
2026-10-18 09:30:00,0.606102,high-flow
2026-10-18 09:40:00,0.6036717,high-ebb
2026-10-18 09:50:00,0.5962017,high-ebb
2026-10-18 10:00:00,0.5838165,high-ebb
2026-10-18 10:10:00,0.5666778,high-ebb
2026-10-18 10:20:00,0.54498106,high-ebb
2026-10-18 10:30:00,0.51895154,high-ebb
2026-10-18 10:40:00,0.48884085,high-ebb
2026-10-18 10:50:00,0.45492348,high-ebb
2026-10-18 11:00:00,0.417494,high-ebb
2026-10-18 11:10:00,0.3768645,high-ebb
2026-10-18 11:20:00,0.333363,high-ebb
2026-10-18 11:30:00,0.28733215,high-ebb
2026-10-18 11:40:00,0.23912819,high-ebb
2026-10-18 11:50:00,0.1891205,high-ebb
2026-10-18 12:00:00,0.13769087,high-ebb
2026-10-18 12:10:00,0.08523261,high-ebb
2026-10-18 12:20:00,0.032149315,high-ebb
2026-10-18 12:30:00,-0.021147,low-ebb
2026-10-18 12:40:00,-0.07423847,low-ebb
2026-10-18 12:50:00,-0.1267047,low-ebb
2026-10-18 13:00:00,-0.1781267,low-ebb
2026-10-18 13:10:00,-0.22809146,low-ebb
2026-10-18 13:20:00,-0.27619687,low-ebb
2026-10-18 13:30:00,-0.32205665,low-ebb
2026-10-18 13:40:00,-0.3653053,low-ebb
2026-10-18 13:50:00,-0.40560243,low-ebb
2026-10-18 14:00:00,-0.44263643,low-ebb
2026-10-18 14:10:00,-0.47612748,low-ebb
2026-10-18 14:20:00,-0.5058292,low-ebb
2026-10-18 14:30:00,-0.5315295,low-ebb
2026-10-18 14:40:00,-0.5530503,low-ebb
2026-10-18 14:50:00,-0.5702466,low-ebb
2026-10-18 15:00:00,-0.5830045,low-ebb
2026-10-18 15:10:00,-0.5912392,low-ebb
2026-10-18 15:20:00,-0.594893,low-ebb
2026-10-18 15:30:00,-0.59393245,low-ebb
2026-10-18 15:40:00,-0.5883474,low-flow
2026-10-18 15:50:00,-0.57814944,low-flow
2026-10-18 16:00:00,-0.56337154,low-flow
2026-10-18 16:10:00,-0.5440684,low-flow
2026-10-18 16:20:00,-0.5203173,low-flow
2026-10-18 16:30:00,-0.49221975,low-flow
2026-10-18 16:40:00,-0.45990315,low-flow
2026-10-18 16:50:00,-0.423523,low-flow
2026-10-18 17:00:00,-0.38326466,low-flow
2026-10-18 17:10:00,-0.33934474,low-flow
2026-10-18 17:20:00,-0.29201218,low-flow
2026-10-18 17:30:00,-0.2415483,low-flow
2026-10-18 17:40:00,-0.1882661,low-flow
2026-10-18 17:50:00,-0.13250872,low-flow
2026-10-18 18:00:00,-0.07464709,low-flow
2026-10-18 18:10:00,-0.015076774,low-flow
2026-10-18 18:20:00,0.045785666,high-flow
2026-10-18 18:30:00,0.10750676,high-flow
2026-10-18 18:40:00,0.16964038,high-flow
2026-10-18 18:50:00,0.23173209,high-flow
2026-10-18 19:00:00,0.29332334,high-flow
2026-10-18 19:10:00,0.35395557,high-flow
2026-10-18 19:20:00,0.41317388,high-flow
2026-10-18 19:30:00,0.47053075,high-flow
2026-10-18 19:40:00,0.5255892,high-flow
2026-10-18 19:50:00,0.5779262,high-flow
2026-10-18 20:00:00,0.6271358,high-flow
2026-10-18 20:10:00,0.67283225,high-flow
2026-10-18 20:20:00,0.71465313,high-flow
2026-10-18 20:30:00,0.7522632,high-flow
2026-10-18 20:40:00,0.7853571,high-flow
2026-10-18 20:50:00,0.8136635,high-flow
2026-10-18 21:00:00,0.8369477,high-flow
2026-10-18 21:10:00,0.8550149,high-flow
2026-10-18 21:20:00,0.867713,high-flow
2026-10-18 21:30:00,0.8749339,high-flow
2026-10-18 21:40:00,0.8766153,high-flow
2026-10-18 21:50:00,0.8727405,high-ebb
2026-10-18 22:00:00,0.8633385,high-ebb
2026-10-18 22:10:00,0.84848166,high-ebb
2026-10-18 22:20:00,0.82828426,high-ebb
2026-10-18 22:30:00,0.80289906,high-ebb
2026-10-18 22:40:00,0.7725141,high-ebb
2026-10-18 22:50:00,0.73734903,high-ebb
2026-10-18 23:00:00,0.69765145,high-ebb
2026-10-18 23:10:00,0.6536935,high-ebb
2026-10-18 23:20:00,0.60576874,high-ebb
2026-10-18 23:30:00,0.5541898,high-ebb
2026-10-18 23:40:00,0.49928612,high-ebb
2026-10-18 23:50:00,0.44140288,high-ebb
2026-10-19 00:00:00,0.38089994,high-ebb
2026-10-19 00:10:00,0.31815127,high-ebb
2026-10-19 00:20:00,0.2535445,high-ebb
2026-10-19 00:30:00,0.1874804,high-ebb
2026-10-19 00:40:00,0.12037197,high-ebb
2026-10-19 00:50:00,0.052642953,high-ebb
2026-10-19 01:00:00,-0.015274098,low-ebb
2026-10-19 01:10:00,-0.08294075,low-ebb
2026-10-19 01:20:00,-0.1499162,low-ebb
2026-10-19 01:30:00,-0.21576157,low-ebb
2026-10-19 01:40:00,-0.28004453,low-ebb
2026-10-19 01:50:00,-0.34234437,low-ebb
2026-10-19 02:00:00,-0.40225708,low-ebb
2026-10-19 02:10:00,-0.4593999,low-ebb
2026-10-19 02:20:00,-0.51341575,low-ebb
2026-10-19 02:30:00,-0.5639766,low-ebb
2026-10-19 02:40:00,-0.61078584,low-ebb
2026-10-19 02:50:00,-0.65358,low-ebb
2026-10-19 03:00:00,-0.69212925,low-ebb
2026-10-19 03:10:00,-0.72623676,low-ebb
2026-10-19 03:20:00,-0.7557375,low-ebb
2026-10-19 03:30:00,-0.7804967,low-ebb
2026-10-19 03:40:00,-0.8004079,low-ebb
2026-10-19 03:50:00,-0.81539035,low-ebb
2026-10-19 04:00:00,-0.825388,low-ebb
2026-10-19 04:10:00,-0.83036786,low-ebb
2026-10-19 04:20:00,-0.8303194,low-ebb
2026-10-19 04:30:00,-0.8252546,low-flow
2026-10-19 04:40:00,-0.8152088,low-flow
2026-10-19 04:50:00,-0.800242,low-flow
2026-10-19 05:00:00,-0.7804406,low-flow
2026-10-19 05:10:00,-0.7559197,low-flow
2026-10-19 05:20:00,-0.7268247,low-flow
2026-10-19 05:30:00,-0.6933334,low-flow
2026-10-19 05:40:00,-0.6556571,low-flow
2026-10-19 05:50:00,-0.61404115,low-flow
2026-10-19 06:00:00,-0.5687647,low-flow
2026-10-19 06:10:00,-0.5201394,low-flow
2026-10-19 06:20:00,-0.4685078,low-flow
2026-10-19 06:30:00,-0.4142402,low-flow
2026-10-19 06:40:00,-0.3577314,low-flow
2026-10-19 06:50:00,-0.29939672,low-flow
2026-10-19 07:00:00,-0.23966771,low-flow
2026-10-19 07:10:00,-0.17898796,low-flow
2026-10-19 07:20:00,-0.1178087,low-flow
2026-10-19 07:30:00,-0.056584682,low-flow
2026-10-19 07:40:00,0.004229724,high-flow
2026-10-19 07:50:00,0.06418417,high-flow
2026-10-19 08:00:00,0.12283573,high-flow
2026-10-19 08:10:00,0.17975214,high-flow
2026-10-19 08:20:00,0.23451489,high-flow
2026-10-19 08:30:00,0.2867223,high-flow
2026-10-19 08:40:00,0.33599263,high-flow
2026-10-19 08:50:00,0.3819674,high-flow
2026-10-19 09:00:00,0.42431447,high-flow
2026-10-19 09:10:00,0.46273148,high-flow
2026-10-19 09:20:00,0.49694914,high-flow
2026-10-19 09:30:00,0.5267341,high-flow
2026-10-19 09:40:00,0.55189204,high-flow
2026-10-19 09:50:00,0.57226944,high-flow
2026-10-19 10:00:00,0.5877555,high-flow
2026-10-19 10:10:00,0.59828264,high-flow
2026-10-19 10:20:00,0.60382676,high-flow
2026-10-19 10:30:00,0.60440606,high-flow
2026-10-19 10:40:00,0.60007936,high-ebb
2026-10-19 10:50:00,0.5909435,high-ebb
2026-10-19 11:00:00,0.57713073,high-ebb
2026-10-19 11:10:00,0.55880487,high-ebb
2026-10-19 11:20:00,0.5361581,high-ebb
2026-10-19 11:30:00,0.50940764,high-ebb
2026-10-19 11:40:00,0.4787929,high-ebb
2026-10-19 11:50:00,0.44457257,high-ebb
2026-10-19 12:00:00,0.407023,high-ebb
2026-10-19 12:10:00,0.36643684,high-ebb
2026-10-19 12:20:00,0.32312202,high-ebb
2026-10-19 12:30:00,0.27740154,high-ebb
2026-10-19 12:40:00,0.22961326,high-ebb
2026-10-19 12:50:00,0.18010959,high-ebb
2026-10-19 13:00:00,0.12925728,high-ebb
2026-10-19 13:10:00,0.07743639,high-ebb
2026-10-19 13:20:00,0.025038926,high-ebb
2026-10-19 13:30:00,-0.02753343,low-ebb
2026-10-19 13:40:00,-0.079872355,low-ebb
2026-10-19 13:50:00,-0.13156663,low-ebb
2026-10-19 14:00:00,-0.18220659,low-ebb
2026-10-19 14:10:00,-0.2313889,low-ebb
2026-10-19 14:20:00,-0.27872166,low-ebb
2026-10-19 14:30:00,-0.32382935,low-ebb
2026-10-19 14:40:00,-0.36635742,low-ebb
2026-10-19 14:50:00,-0.40597624,low-ebb
2026-10-19 15:00:00,-0.44238433,low-ebb
2026-10-19 15:10:00,-0.4753105,low-ebb
2026-10-19 15:20:00,-0.5045151,low-ebb
2026-10-19 15:30:00,-0.5297902,low-ebb
2026-10-19 15:40:00,-0.55095905,low-ebb
2026-10-19 15:50:00,-0.56787467,low-ebb
2026-10-19 16:00:00,-0.58041835,low-ebb
2026-10-19 16:10:00,-0.58849764,low-ebb
2026-10-19 16:20:00,-0.5920447,low-ebb
2026-10-19 16:30:00,-0.5910152,low-ebb
2026-10-19 16:40:00,-0.5853871,low-flow
2026-10-19 16:50:00,-0.5751607,low-flow
2026-10-19 17:00:00,-0.56035924,low-flow
2026-10-19 17:10:00,-0.5410301,low-flow
2026-10-19 17:20:00,-0.51724625,low-flow
2026-10-19 17:30:00,-0.4891085,low-flow
2026-10-19 17:40:00,-0.45674747,low-flow
2026-10-19 17:50:00,-0.4203255,low-flow
2026-10-19 18:00:00,-0.38003823,low-flow
2026-10-19 18:10:00,-0.33611545,low-flow
2026-10-19 18:20:00,-0.28882125,low-flow
2026-10-19 18:30:00,-0.2384533,low-flow
2026-10-19 18:40:00,-0.18534113,low-flow
2026-10-19 18:50:00,-0.12984382,low-flow
2026-10-19 19:00:00,-0.072346635,low-flow
2026-10-19 19:10:00,-0.013257414,low-flow
2026-10-19 19:20:00,0.046997722,high-flow
2026-10-19 19:30:00,0.10797867,high-flow
2026-10-19 19:40:00,0.16923578,high-flow
2026-10-19 19:50:00,0.23031409,high-flow
2026-10-19 20:00:00,0.29075748,high-flow
2026-10-19 20:10:00,0.3501124,high-flow
2026-10-19 20:20:00,0.40793145,high-flow
2026-10-19 20:30:00,0.46377662,high-flow
2026-10-19 20:40:00,0.5172226,high-flow
2026-10-19 20:50:00,0.5678595,high-flow
2026-10-19 21:00:00,0.61529636,high-flow
2026-10-19 21:10:00,0.65916395,high-flow
2026-10-19 21:20:00,0.699118,high-flow
2026-10-19 21:30:00,0.73484266,high-flow
2026-10-19 21:40:00,0.7660534,high-flow
2026-10-19 21:50:00,0.79250056,high-flow
2026-10-19 22:00:00,0.81397194,high-flow
2026-10-19 22:10:00,0.8302955,high-flow
2026-10-19 22:20:00,0.84134114,high-flow
2026-10-19 22:30:00,0.847022,high-flow
2026-10-19 22:40:00,0.84729487,high-flow
2026-10-19 22:50:00,0.8421598,high-ebb
2026-10-19 23:00:00,0.8316587,high-ebb
2026-10-19 23:10:00,0.81587356,high-ebb
2026-10-19 23:20:00,0.7949234,high-ebb
2026-10-19 23:30:00,0.76896185,high-ebb
2026-10-19 23:40:00,0.7381731,high-ebb
2026-10-19 23:50:00,0.7027693,high-ebb
2026-10-20 00:00:00,0.662987,high-ebb
2026-10-20 00:10:00,0.619085,high-ebb
2026-10-20 00:20:00,0.5713419,high-ebb
2026-10-20 00:30:00,0.5200546,high-ebb
2026-10-20 00:40:00,0.46553767,high-ebb
2026-10-20 00:50:00,0.4081226,high-ebb
2026-10-20 01:00:00,0.34815764,high-ebb
2026-10-20 01:10:00,0.28600788,high-ebb
2026-10-20 01:20:00,0.22205491,high-ebb
2026-10-20 01:30:00,0.15669629,high-ebb
2026-10-20 01:40:00,0.09034448,high-ebb
2026-10-20 01:50:00,0.02342485,high-ebb
2026-10-20 02:00:00,-0.043626904,low-ebb
2026-10-20 02:10:00,-0.110368304,low-ebb
2026-10-20 02:20:00,-0.1763543,low-ebb
2026-10-20 02:30:00,-0.24114214,low-ebb
2026-10-20 02:40:00,-0.30429643,low-ebb
2026-10-20 02:50:00,-0.36539456,low-ebb
2026-10-20 03:00:00,-0.42403162,low-ebb
2026-10-20 03:10:00,-0.47982505,low-ebb
2026-10-20 03:20:00,-0.53241855,low-ebb
2026-10-20 03:30:00,-0.58148515,low-ebb
2026-10-20 03:40:00,-0.6267291,low-ebb
2026-10-20 03:50:00,-0.66788673,low-ebb
2026-10-20 04:00:00,-0.704727,low-ebb
2026-10-20 04:10:00,-0.73705035,low-ebb
2026-10-20 04:20:00,-0.7646877,low-ebb
2026-10-20 04:30:00,-0.7874988,low-ebb
2026-10-20 04:40:00,-0.8053704,low-ebb
2026-10-20 04:50:00,-0.8182154,low-ebb
2026-10-20 05:00:00,-0.82597136,low-ebb
2026-10-20 05:10:00,-0.8286003,low-ebb
2026-10-20 05:20:00,-0.82608896,low-flow
2026-10-20 05:30:00,-0.81844974,low-flow
2026-10-20 05:40:00,-0.80572194,low-flow
2026-10-20 05:50:00,-0.787974,low-flow
2026-10-20 06:00:00,-0.765305,low-flow
2026-10-20 06:10:00,-0.73784703,low-flow
2026-10-20 06:20:00,-0.70576686,low-flow
2026-10-20 06:30:00,-0.6692668,low-flow
2026-10-20 06:40:00,-0.62858546,low-flow
2026-10-20 06:50:00,-0.5839971,low-flow
2026-10-20 07:00:00,-0.5358105,low-flow
2026-10-20 07:10:00,-0.4843668,low-flow
2026-10-20 07:20:00,-0.4300366,low-flow
2026-10-20 07:30:00,-0.3732163,low-flow
2026-10-20 07:40:00,-0.31432408,low-flow
2026-10-20 07:50:00,-0.25379553,low-flow
2026-10-20 08:00:00,-0.19207932,low-flow
2026-10-20 08:10:00,-0.12963264,low-flow
2026-10-20 08:20:00,-0.066917144,low-flow
2026-10-20 08:30:00,-0.0043949694,low-flow
2026-10-20 08:40:00,0.05747488,high-flow
2026-10-20 08:50:00,0.11823992,high-flow
2026-10-20 09:00:00,0.17745732,high-flow
2026-10-20 09:10:00,0.23469694,high-flow
2026-10-20 09:20:00,0.28954428,high-flow
2026-10-20 09:30:00,0.34160352,high-flow
2026-10-20 09:40:00,0.39050055,high-flow
2026-10-20 09:50:00,0.43588614,high-flow
2026-10-20 10:00:00,0.47743928,high-flow
2026-10-20 10:10:00,0.51487017,high-flow
2026-10-20 10:20:00,0.54792327,high-flow
2026-10-20 10:30:00,0.57638025,high-flow
2026-10-20 10:40:00,0.6000621,high-flow
2026-10-20 10:50:00,0.6188307,high-flow
2026-10-20 11:00:00,0.63258994,high-flow
2026-10-20 11:10:00,0.64128584,high-flow
2026-10-20 11:20:00,0.6449058,high-flow
2026-10-20 11:30:00,0.64347726,high-ebb
2026-10-20 11:40:00,0.6370654,high-ebb
2026-10-20 11:50:00,0.6257707,high-ebb
2026-10-20 12:00:00,0.6097258,high-ebb
2026-10-20 12:10:00,0.58909255,high-ebb
2026-10-20 12:20:00,0.5640593,high-ebb
2026-10-20 12:30:00,0.534838,high-ebb
2026-10-20 12:40:00,0.50166243,high-ebb
2026-10-20 12:50:00,0.46478632,high-ebb
2026-10-20 13:00:00,0.42448267,high-ebb
2026-10-20 13:10:00,0.38104323,high-ebb
2026-10-20 13:20:00,0.33477837,high-ebb
2026-10-20 13:30:00,0.28601727,high-ebb
2026-10-20 13:40:00,0.2351079,high-ebb
2026-10-20 13:50:00,0.1824169,high-ebb
2026-10-20 14:00:00,0.12832879,high-ebb
2026-10-20 14:10:00,0.073244594,high-ebb
2026-10-20 14:20:00,0.017579634,high-ebb
2026-10-20 14:30:00,-0.038239624,low-ebb
2026-10-20 14:40:00,-0.09377947,low-ebb
2026-10-20 14:50:00,-0.14860357,low-ebb
2026-10-20 15:00:00,-0.2022782,low-ebb
2026-10-20 15:10:00,-0.2543775,low-ebb
2026-10-20 15:20:00,-0.30448914,low-ebb
2026-10-20 15:30:00,-0.3522191,low-ebb
2026-10-20 15:40:00,-0.39719653,low-ebb
2026-10-20 15:50:00,-0.4390772,low-ebb
2026-10-20 16:00:00,-0.4775465,low-ebb
2026-10-20 16:10:00,-0.5123211,low-ebb
2026-10-20 16:20:00,-0.5431498,low-ebb
2026-10-20 16:30:00,-0.5698136,low-ebb
2026-10-20 16:40:00,-0.59212464,low-ebb
2026-10-20 16:50:00,-0.60992527,low-ebb
2026-10-20 17:00:00,-0.6230864,low-ebb
2026-10-20 17:10:00,-0.6315062,low-ebb
2026-10-20 17:20:00,-0.6351091,low-ebb
2026-10-20 17:30:00,-0.6338451,low-flow
2026-10-20 17:40:00,-0.62768966,low-flow
2026-10-20 17:50:00,-0.61664444,low-flow
2026-10-20 18:00:00,-0.6007384,low-flow
2026-10-20 18:10:00,-0.5800295,low-flow
2026-10-20 18:20:00,-0.5546065,low-flow
2026-10-20 18:30:00,-0.524591,low-flow
2026-10-20 18:40:00,-0.49013928,low-flow
2026-10-20 18:50:00,-0.45144334,low-flow
2026-10-20 19:00:00,-0.40873197,low-flow
2026-10-20 19:10:00,-0.36227047,low-flow
2026-10-20 19:20:00,-0.31235978,low-flow
2026-10-20 19:30:00,-0.25933453,low-flow
2026-10-20 19:40:00,-0.20356059,low-flow
2026-10-20 19:50:00,-0.14543149,low-flow
2026-10-20 20:00:00,-0.08536456,low-flow
2026-10-20 20:10:00,-0.023796648,low-flow
2026-10-20 20:20:00,0.038820446,high-flow
2026-10-20 20:30:00,0.10202441,high-flow
2026-10-20 20:40:00,0.16534683,high-flow
2026-10-20 20:50:00,0.22831723,high-flow
2026-10-20 21:00:00,0.29046696,high-flow
2026-10-20 21:10:00,0.3513326,high-flow
2026-10-20 21:20:00,0.4104594,high-flow
2026-10-20 21:30:00,0.46740407,high-flow
2026-10-20 21:40:00,0.521738,high-flow
2026-10-20 21:50:00,0.57305014,high-flow
2026-10-20 22:00:00,0.6209499,high-flow
2026-10-20 22:10:00,0.66507053,high-flow
2026-10-20 22:20:00,0.705072,high-flow
2026-10-20 22:30:00,0.74064445,high-flow
2026-10-20 22:40:00,0.77151126,high-flow
2026-10-20 22:50:00,0.797432,high-flow
2026-10-20 23:00:00,0.818205,high-flow
2026-10-20 23:10:00,0.8336695,high-flow
2026-10-20 23:20:00,0.84370697,high-flow
2026-10-20 23:30:00,0.8482419,high-flow
2026-10-20 23:40:00,0.84724176,high-flow
2026-10-20 23:50:00,0.8407158,high-ebb
2026-10-21 00:00:00,0.82871366,high-ebb
2026-10-21 00:10:00,0.811323,high-ebb
2026-10-21 00:20:00,0.78866696,high-ebb
2026-10-21 00:30:00,0.7609014,high-ebb
2026-10-21 00:40:00,0.7282117,high-ebb
2026-10-21 00:50:00,0.6908106,high-ebb
2026-10-21 01:00:00,0.6489356,high-ebb
2026-10-21 01:10:00,0.60284764,high-ebb
2026-10-21 01:20:00,0.5528294,high-ebb
2026-10-21 01:30:00,0.49918514,high-ebb
2026-10-21 01:40:00,0.4422404,high-ebb
2026-10-21 01:50:00,0.38234174,high-ebb
2026-10-21 02:00:00,0.3198571,high-ebb
2026-10-21 02:10:00,0.2551756,high-ebb
2026-10-21 02:20:00,0.188707,high-ebb
2026-10-21 02:30:00,0.120880425,high-ebb
2026-10-21 02:40:00,0.052142512,high-ebb
2026-10-21 02:50:00,-0.017045585,low-ebb
2026-10-21 03:00:00,-0.08621193,low-ebb
2026-10-21 03:10:00,-0.1548784,low-ebb
2026-10-21 03:20:00,-0.22256587,low-ebb
2026-10-21 03:30:00,-0.28880003,low-ebb
2026-10-21 03:40:00,-0.35311696,low-ebb
2026-10-21 03:50:00,-0.41506895,low-ebb
2026-10-21 04:00:00,-0.47422975,low-ebb
2026-10-21 04:10:00,-0.53019893,low-ebb
2026-10-21 04:20:00,-0.5826057,low-ebb
2026-10-21 04:30:00,-0.6311114,low-ebb
2026-10-21 04:40:00,-0.6754113,low-ebb
2026-10-21 04:50:00,-0.71523494,low-ebb
2026-10-21 05:00:00,-0.75034636,low-ebb
2026-10-21 05:10:00,-0.7805429,low-ebb
2026-10-21 05:20:00,-0.8056542,low-ebb
2026-10-21 05:30:00,-0.82554084,low-ebb
2026-10-21 05:40:00,-0.84009296,low-ebb
2026-10-21 05:50:00,-0.84922975,low-ebb
2026-10-21 06:00:00,-0.8528987,low-ebb
2026-10-21 06:10:00,-0.85107636,low-flow
2026-10-21 06:20:00,-0.84376836,low-flow
2026-10-21 06:30:00,-0.83101153,low-flow
2026-10-21 06:40:00,-0.8128749,low-flow
2026-10-21 06:50:00,-0.78946185,low-flow
2026-10-21 07:00:00,-0.76091164,low-flow
2026-10-21 07:10:00,-0.72740096,low-flow
2026-10-21 07:20:00,-0.6891446,low-flow
2026-10-21 07:30:00,-0.6463957,low-flow
2026-10-21 07:40:00,-0.5994451,low-flow
2026-10-21 07:50:00,-0.54861975,low-flow
2026-10-21 08:00:00,-0.49428013,low-flow
2026-10-21 08:10:00,-0.43681744,low-flow
2026-10-21 08:20:00,-0.37664947,low-flow
2026-10-21 08:30:00,-0.3142165,low-flow
2026-10-21 08:40:00,-0.24997675,low-flow
2026-10-21 08:50:00,-0.18440185,low-flow
2026-10-21 09:00:00,-0.11797233,low-flow
2026-10-21 09:10:00,-0.05117332,low-flow
2026-10-21 09:20:00,0.015509322,high-flow
2026-10-21 09:30:00,0.08159269,high-flow
2026-10-21 09:40:00,0.14660014,high-flow
2026-10-21 09:50:00,0.21006441,high-flow
2026-10-21 10:00:00,0.2715306,high-flow
2026-10-21 10:10:00,0.33055896,high-flow
2026-10-21 10:20:00,0.38672796,high-flow
2026-10-21 10:30:00,0.43963718,high-flow
2026-10-21 10:40:00,0.48891053,high-flow
2026-10-21 10:50:00,0.53419936,high-flow
2026-10-21 11:00:00,0.57518584,high-flow
2026-10-21 11:10:00,0.6115858,high-flow
2026-10-21 11:20:00,0.6431519,high-flow
2026-10-21 11:30:00,0.6696757,high-flow
2026-10-21 11:40:00,0.6909901,high-flow
2026-10-21 11:50:00,0.70697004,high-flow
2026-10-21 12:00:00,0.7175333,high-flow
2026-10-21 12:10:00,0.72264004,high-flow
2026-10-21 12:20:00,0.7222919,high-flow
2026-10-21 12:30:00,0.71653,high-ebb
2026-10-21 12:40:00,0.70543325,high-ebb
2026-10-21 12:50:00,0.68911535,high-ebb
2026-10-21 13:00:00,0.6677222,high-ebb
2026-10-21 13:10:00,0.64142996,high-ebb
2026-10-21 13:20:00,0.610442,high-ebb
2026-10-21 13:30:00,0.5749878,high-ebb
2026-10-21 13:40:00,0.53532153,high-ebb
2026-10-21 13:50:00,0.49172103,high-ebb
2026-10-21 14:00:00,0.4444878,high-ebb
2026-10-21 14:10:00,0.3939471,high-ebb
2026-10-21 14:20:00,0.34044772,high-ebb
2026-10-21 14:30:00,0.28436244,high-ebb
2026-10-21 14:40:00,0.22608738,high-ebb
2026-10-21 14:50:00,0.16604127,high-ebb
2026-10-21 15:00:00,0.10466372,high-ebb
2026-10-21 15:10:00,0.042412642,high-ebb
2026-10-21 15:20:00,-0.020239238,low-ebb
2026-10-21 15:30:00,-0.0828088,low-ebb
2026-10-21 15:40:00,-0.14480771,low-ebb
2026-10-21 15:50:00,-0.20574817,low-ebb
2026-10-21 16:00:00,-0.26514903,low-ebb
2026-10-21 16:10:00,-0.32254177,low-ebb
2026-10-21 16:20:00,-0.3774765,low-ebb
2026-10-21 16:30:00,-0.42952698,low-ebb
2026-10-21 16:40:00,-0.47829524,low-ebb
2026-10-21 16:50:00,-0.5234149,low-ebb
2026-10-21 17:00:00,-0.56455374,low-ebb
2026-10-21 17:10:00,-0.6014151,low-ebb
2026-10-21 17:20:00,-0.6337381,low-ebb
2026-10-21 17:30:00,-0.6612976,low-ebb
2026-10-21 17:40:00,-0.68390316,low-ebb
2026-10-21 17:50:00,-0.70139784,low-ebb
2026-10-21 18:00:00,-0.713657,low-ebb
2026-10-21 18:10:00,-0.7205873,low-ebb
2026-10-21 18:20:00,-0.7221261,low-ebb
2026-10-21 18:30:00,-0.71824116,low-flow
2026-10-21 18:40:00,-0.70893115,low-flow
2026-10-21 18:50:00,-0.69422674,low-flow
2026-10-21 19:00:00,-0.6741916,low-flow
2026-10-21 19:10:00,-0.6489242,low-flow
2026-10-21 19:20:00,-0.6185593,low-flow
2026-10-21 19:30:00,-0.5832696,low-flow
2026-10-21 19:40:00,-0.5432662,low-flow
2026-10-21 19:50:00,-0.4987993,low-flow
2026-10-21 20:00:00,-0.45015773,low-flow
2026-10-21 20:10:00,-0.39766753,low-flow
2026-10-21 20:20:00,-0.34168983,low-flow
2026-10-21 20:30:00,-0.28261793,low-flow
2026-10-21 20:40:00,-0.22087362,low-flow
2026-10-21 20:50:00,-0.15690304,low-flow
2026-10-21 21:00:00,-0.091172144,low-flow
2026-10-21 21:10:00,-0.024162028,low-flow
2026-10-21 21:20:00,0.043635633,high-flow
2026-10-21 21:30:00,0.11172305,high-flow
2026-10-21 21:40:00,0.17960046,high-flow
2026-10-21 21:50:00,0.24676998,high-flow
2026-10-21 22:00:00,0.312739,high-flow
2026-10-21 22:10:00,0.37702355,high-flow
2026-10-21 22:20:00,0.43915114,high-flow
2026-10-21 22:30:00,0.4986638,high-flow
2026-10-21 22:40:00,0.55512094,high-flow
2026-10-21 22:50:00,0.6081022,high-flow
2026-10-21 23:00:00,0.65721077,high-flow
2026-10-21 23:10:00,0.70207644,high-flow
2026-10-21 23:20:00,0.7423588,high-flow
2026-10-21 23:30:00,0.7777507,high-flow
2026-10-21 23:40:00,0.8079811,high-flow
2026-10-21 23:50:00,0.83281803,high-flow
2026-10-22 00:00:00,0.8520709,high-flow
2026-10-22 00:10:00,0.86559224,high-flow
2026-10-22 00:20:00,0.87327856,high-flow
2026-10-22 00:30:00,0.8750709,high-flow
2026-10-22 00:40:00,0.87095416,high-ebb
2026-10-22 00:50:00,0.86095583,high-ebb
2026-10-22 01:00:00,0.8451444,high-ebb
2026-10-22 01:10:00,0.82362705,high-ebb
2026-10-22 01:20:00,0.7965472,high-ebb
2026-10-22 01:30:00,0.7640819,high-ebb
2026-10-22 01:40:00,0.72643983,high-ebb
2026-10-22 01:50:00,0.6838593,high-ebb
2026-10-22 02:00:00,0.63660645,high-ebb
2026-10-22 02:10:00,0.58497477,high-ebb
2026-10-22 02:20:00,0.529284,high-ebb
2026-10-22 02:30:00,0.46988022,high-ebb
2026-10-22 02:40:00,0.40713584,high-ebb
2026-10-22 02:50:00,0.34144944,high-ebb
2026-10-22 03:00:00,0.2732454,high-ebb
2026-10-22 03:10:00,0.20297311,high-ebb
2026-10-22 03:20:00,0.13110545,high-ebb
2026-10-22 03:30:00,0.058136243,high-ebb
2026-10-22 03:40:00,-0.015423075,low-ebb
2026-10-22 03:50:00,-0.08904784,low-ebb
2026-10-22 04:00:00,-0.16220537,low-ebb
2026-10-22 04:10:00,-0.2343609,low-ebb
2026-10-22 04:20:00,-0.30498397,low-ebb
2026-10-22 04:30:00,-0.37355494,low-ebb
2026-10-22 04:40:00,-0.4395715,low-ebb
2026-10-22 04:50:00,-0.50255454,low-ebb
2026-10-22 05:00:00,-0.5620535,low-ebb
2026-10-22 05:10:00,-0.61765057,low-ebb
2026-10-22 05:20:00,-0.66896427,low-ebb
2026-10-22 05:30:00,-0.7156513,low-ebb
2026-10-22 05:40:00,-0.7574078,low-ebb
2026-10-22 05:50:00,-0.7939697,low-ebb
2026-10-22 06:00:00,-0.825112,low-ebb
2026-10-22 06:10:00,-0.8506478,low-ebb
2026-10-22 06:20:00,-0.87042713,low-ebb
2026-10-22 06:30:00,-0.8843356,low-ebb
2026-10-22 06:40:00,-0.8922935,low-ebb
2026-10-22 06:50:00,-0.89425534,low-ebb
2026-10-22 07:00:00,-0.89020944,low-flow
2026-10-22 07:10:00,-0.8801787,low-flow
2026-10-22 07:20:00,-0.86422133,low-flow
2026-10-22 07:30:00,-0.84243196,low-flow
2026-10-22 07:40:00,-0.81494313,low-flow
2026-10-22 07:50:00,-0.7819263,low-flow
2026-10-22 08:00:00,-0.74359274,low-flow
2026-10-22 08:10:00,-0.70019424,low-flow
2026-10-22 08:20:00,-0.65202224,low-flow
2026-10-22 08:30:00,-0.5994072,low-flow
2026-10-22 08:40:00,-0.54271626,low-flow
2026-10-22 08:50:00,-0.48235086,low-flow
2026-10-22 09:00:00,-0.41874272,low-flow
2026-10-22 09:10:00,-0.35235026,low-flow
2026-10-22 09:20:00,-0.28365383,low-flow
2026-10-22 09:30:00,-0.21315102,low-flow
2026-10-22 09:40:00,-0.14135212,low-flow
2026-10-22 09:50:00,-0.06877532,low-flow
2026-10-22 10:00:00,0.004057492,high-flow
2026-10-22 10:10:00,0.07662471,high-flow
2026-10-22 10:20:00,0.14840865,high-flow
2026-10-22 10:30:00,0.21889888,high-flow
2026-10-22 10:40:00,0.2875952,high-flow
2026-10-22 10:50:00,0.35401067,high-flow
2026-10-22 11:00:00,0.41767427,high-flow
2026-10-22 11:10:00,0.47813386,high-flow
2026-10-22 11:20:00,0.53495926,high-flow
2026-10-22 11:30:00,0.5877453,high-flow
2026-10-22 11:40:00,0.63611495,high-flow
2026-10-22 11:50:00,0.6797229,high-flow
2026-10-22 12:00:00,0.71825856,high-flow
2026-10-22 12:10:00,0.7514493,high-flow
2026-10-22 12:20:00,0.779063,high-flow
2026-10-22 12:30:00,0.80091035,high-flow
2026-10-22 12:40:00,0.81684643,high-flow
2026-10-22 12:50:00,0.82677156,high-flow
2026-10-22 13:00:00,0.8306313,high-flow
2026-10-22 13:10:00,0.8284161,high-ebb
2026-10-22 13:20:00,0.8201596,high-ebb
2026-10-22 13:30:00,0.8059372,high-ebb
2026-10-22 13:40:00,0.7858636,high-ebb
2026-10-22 13:50:00,0.76009095,high-ebb
2026-10-22 14:00:00,0.7288062,high-ebb
2026-10-22 14:10:00,0.6922293,high-ebb
2026-10-22 14:20:00,0.65061164,high-ebb
2026-10-22 14:30:00,0.60423476,high-ebb
2026-10-22 14:40:00,0.55340964,high-ebb
2026-10-22 14:50:00,0.4984763,high-ebb
2026-10-22 15:00:00,0.43980378,high-ebb
2026-10-22 15:10:00,0.37778983,high-ebb
2026-10-22 15:20:00,0.31286067,high-ebb
2026-10-22 15:30:00,0.24547036,high-ebb
2026-10-22 15:40:00,0.17609921,high-ebb
2026-10-22 15:50:00,0.10525163,high-ebb
2026-10-22 16:00:00,0.03345292,high-ebb
2026-10-22 16:10:00,-0.038754966,low-ebb
2026-10-22 16:20:00,-0.11081856,low-ebb
2026-10-22 16:30:00,-0.18217884,low-ebb
2026-10-22 16:40:00,-0.25227788,low-ebb
2026-10-22 16:50:00,-0.3205656,low-ebb
2026-10-22 17:00:00,-0.38650694,low-ebb
2026-10-22 17:10:00,-0.44958818,low-ebb
2026-10-22 17:20:00,-0.50932324,low-ebb
2026-10-22 17:30:00,-0.5652586,low-ebb
2026-10-22 17:40:00,-0.6169778,low-ebb
2026-10-22 17:50:00,-0.664104,low-ebb
2026-10-22 18:00:00,-0.7063023,low-ebb
2026-10-22 18:10:00,-0.74328023,low-ebb
2026-10-22 18:20:00,-0.7747879,low-ebb
2026-10-22 18:30:00,-0.8006172,low-ebb
2026-10-22 18:40:00,-0.82060057,low-ebb
2026-10-22 18:50:00,-0.83460987,low-ebb
2026-10-22 19:00:00,-0.8425549,low-ebb
2026-10-22 19:10:00,-0.84438276,low-ebb
2026-10-22 19:20:00,-0.840077,low-flow
2026-10-22 19:30:00,-0.8296578,low-flow
2026-10-22 19:40:00,-0.81318223,low-flow
2026-10-22 19:50:00,-0.79074526,low-flow
2026-10-22 20:00:00,-0.7624804,low-flow
2026-10-22 20:10:00,-0.7285609,low-flow
2026-10-22 20:20:00,-0.6892007,low-flow
2026-10-22 20:30:00,-0.6446542,low-flow
2026-10-22 20:40:00,-0.5952169,low-flow
2026-10-22 20:50:00,-0.54122347,low-flow
2026-10-22 21:00:00,-0.48304695,low-flow
2026-10-22 21:10:00,-0.4210954,low-flow
2026-10-22 21:20:00,-0.355809,low-flow
2026-10-22 21:30:00,-0.28765586,low-flow
2026-10-22 21:40:00,-0.21712774,low-flow
2026-10-22 21:50:00,-0.1447352,low-flow
2026-10-22 22:00:00,-0.07100287,low-flow
2026-10-22 22:10:00,0.0035353112,high-flow
2026-10-22 22:20:00,0.07834059,high-flow
2026-10-22 22:30:00,0.15287358,high-flow
2026-10-22 22:40:00,0.22659805,high-flow
2026-10-22 22:50:00,0.2989844,high-flow
2026-10-22 23:00:00,0.3695129,high-flow
2026-10-22 23:10:00,0.4376763,high-flow
2026-10-22 23:20:00,0.5029833,high-flow
2026-10-22 23:30:00,0.5649606,high-flow
2026-10-22 23:40:00,0.62315655,high-flow
2026-10-22 23:50:00,0.67714393,high-flow
2026-10-23 00:00:00,0.72652304,high-flow
2026-10-23 00:10:00,0.7709253,high-flow
2026-10-23 00:20:00,0.81001663,high-flow
2026-10-23 00:30:00,0.84350055,high-flow
2026-10-23 00:40:00,0.8711214,high-flow
2026-10-23 00:50:00,0.8926668,high-flow
2026-10-23 01:00:00,0.9079701,high-flow
2026-10-23 01:10:00,0.9169112,high-flow
2026-10-23 01:20:00,0.91941774,high-flow
2026-10-23 01:30:00,0.91546476,high-ebb
2026-10-23 01:40:00,0.9050741,high-ebb
2026-10-23 01:50:00,0.8883129,high-ebb
2026-10-23 02:00:00,0.8652914,high-ebb
2026-10-23 02:10:00,0.8361616,high-ebb
2026-10-23 02:20:00,0.8011143,high-ebb
2026-10-23 02:30:00,0.7603776,high-ebb
2026-10-23 02:40:00,0.71421444,high-ebb
2026-10-23 02:50:00,0.66292185,high-ebb
2026-10-23 03:00:00,0.60682917,high-ebb
2026-10-23 03:10:00,0.54629797,high-ebb
2026-10-23 03:20:00,0.481721,high-ebb
2026-10-23 03:30:00,0.41352242,high-ebb
2026-10-23 03:40:00,0.3421568,high-ebb
2026-10-23 03:50:00,0.26810846,high-ebb
2026-10-23 04:00:00,0.19189017,high-ebb
2026-10-23 04:10:00,0.11404064,high-ebb
2026-10-23 04:20:00,0.035121612,high-ebb
2026-10-23 04:30:00,-0.0442865,low-ebb
2026-10-23 04:40:00,-0.1235897,low-ebb
2026-10-23 04:50:00,-0.20218652,low-ebb
2026-10-23 05:00:00,-0.27947485,low-ebb
2026-10-23 05:10:00,-0.35485908,low-ebb
2026-10-23 05:20:00,-0.42775777,low-ebb
2026-10-23 05:30:00,-0.49761066,low-ebb
2026-10-23 05:40:00,-0.56388557,low-ebb
2026-10-23 05:50:00,-0.6260844,low-ebb
2026-10-23 06:00:00,-0.68374807,low-ebb
2026-10-23 06:10:00,-0.73646045,low-ebb
2026-10-23 06:20:00,-0.7838511,low-ebb
2026-10-23 06:30:00,-0.82559645,low-ebb
2026-10-23 06:40:00,-0.8614204,low-ebb
2026-10-23 06:50:00,-0.89109397,low-ebb
2026-10-23 07:00:00,-0.9144341,low-ebb
2026-10-23 07:10:00,-0.9313021,low-ebb
2026-10-23 07:20:00,-0.94160247,low-ebb
2026-10-23 07:30:00,-0.94528127,low-ebb
2026-10-23 07:40:00,-0.9423252,low-flow
2026-10-23 07:50:00,-0.93276054,low-flow
2026-10-23 08:00:00,-0.9166536,low-flow
2026-10-23 08:10:00,-0.89411026,low-flow
2026-10-23 08:20:00,-0.8652768,low-flow
2026-10-23 08:30:00,-0.8303404,low-flow
2026-10-23 08:40:00,-0.7895295,low-flow
2026-10-23 08:50:00,-0.7431143,low-flow
2026-10-23 09:00:00,-0.691406,low-flow
2026-10-23 09:10:00,-0.6347564,low-flow
2026-10-23 09:20:00,-0.5735557,low-flow
2026-10-23 09:30:00,-0.5082305,low-flow
2026-10-23 09:40:00,-0.43924037,low-flow
2026-10-23 09:50:00,-0.3670738,low-flow
2026-10-23 10:00:00,-0.2922442,low-flow
2026-10-23 10:10:00,-0.21528485,low-flow
2026-10-23 10:20:00,-0.13674422,low-flow
2026-10-23 10:30:00,-0.057180967,low-flow
2026-10-23 10:40:00,0.022840537,high-flow
2026-10-23 10:50:00,0.10275468,high-flow
2026-10-23 11:00:00,0.18199852,high-flow
2026-10-23 11:10:00,0.2600154,high-flow
2026-10-23 11:20:00,0.33625808,high-flow
2026-10-23 11:30:00,0.41019186,high-flow
2026-10-23 11:40:00,0.48129728,high-flow
2026-10-23 11:50:00,0.5490729,high-flow
2026-10-23 12:00:00,0.61303824,high-flow
2026-10-23 12:10:00,0.67273647,high-flow
2026-10-23 12:20:00,0.72773784,high-flow
2026-10-23 12:30:00,0.7776431,high-flow
2026-10-23 12:40:00,0.82208633,high-flow
2026-10-23 12:50:00,0.8607392,high-flow
2026-10-23 13:00:00,0.89331335,high-flow
2026-10-23 13:10:00,0.9195643,high-flow
2026-10-23 13:20:00,0.9392932,high-flow
2026-10-23 13:30:00,0.9523493,high-flow
2026-10-23 13:40:00,0.95863086,high-flow
2026-10-23 13:50:00,0.95808583,high-flow
2026-10-23 14:00:00,0.9507116,high-ebb
2026-10-23 14:10:00,0.93655396,high-ebb
2026-10-23 14:20:00,0.91570574,high-ebb
2026-10-23 14:30:00,0.88830495,high-ebb
2026-10-23 14:40:00,0.85453284,high-ebb
2026-10-23 14:50:00,0.81461143,high-ebb
2026-10-23 15:00:00,0.76880205,high-ebb
2026-10-23 15:10:00,0.7174034,high-ebb
2026-10-23 15:20:00,0.66075027,high-ebb
2026-10-23 15:30:00,0.5992127,high-ebb
2026-10-23 15:40:00,0.5331951,high-ebb
2026-10-23 15:50:00,0.46313557,high-ebb
2026-10-23 16:00:00,0.38950565,high-ebb
2026-10-23 16:10:00,0.312809,high-ebb
2026-10-23 16:20:00,0.23358007,high-ebb
2026-10-23 16:30:00,0.152382,high-ebb
2026-10-23 16:40:00,0.069803454,high-ebb
2026-10-23 16:50:00,-0.013545442,low-ebb
2026-10-23 17:00:00,-0.09703823,low-ebb
2026-10-23 17:10:00,-0.18003824,low-ebb
2026-10-23 17:20:00,-0.26190552,low-ebb
2026-10-23 17:30:00,-0.3420043,low-ebb
2026-10-23 17:40:00,-0.41971102,low-ebb
2026-10-23 17:50:00,-0.4944219,low-ebb
2026-10-23 18:00:00,-0.5655606,low-ebb
2026-10-23 18:10:00,-0.63258487,low-ebb
2026-10-23 18:20:00,-0.6949926,low-ebb
2026-10-23 18:30:00,-0.75232637,low-ebb
2026-10-23 18:40:00,-0.8041768,low-ebb
2026-10-23 18:50:00,-0.8501853,low-ebb
2026-10-23 19:00:00,-0.89004433,low-ebb
2026-10-23 19:10:00,-0.92349803,low-ebb
2026-10-23 19:20:00,-0.95034105,low-ebb
2026-10-23 19:30:00,-0.9704172,low-ebb
2026-10-23 19:40:00,-0.98361784,low-ebb
2026-10-23 19:50:00,-0.98988014,low-ebb
2026-10-23 20:00:00,-0.98918563,low-ebb
2026-10-23 20:10:00,-0.98155874,low-flow
2026-10-23 20:20:00,-0.9670664,low-flow
2026-10-23 20:30:00,-0.9458173,low-flow
2026-10-23 20:40:00,-0.91796196,low-flow
2026-10-23 20:50:00,-0.8836931,low-flow
2026-10-23 21:00:00,-0.8432454,low-flow
2026-10-23 21:10:00,-0.796896,low-flow
2026-10-23 21:20:00,-0.74496365,low-flow
2026-10-23 21:30:00,-0.6878082,low-flow
2026-10-23 21:40:00,-0.6258288,low-flow
2026-10-23 21:50:00,-0.5594616,low-flow
2026-10-23 22:00:00,-0.4891767,low-flow
2026-10-23 22:10:00,-0.41547453,low-flow
2026-10-23 22:20:00,-0.33888152,low-flow
2026-10-23 22:30:00,-0.25994527,low-flow
2026-10-23 22:40:00,-0.17922984,low-flow
2026-10-23 22:50:00,-0.097310655,low-flow
2026-10-23 23:00:00,-0.0147698885,low-flow
2026-10-23 23:10:00,0.067808144,high-flow
2026-10-23 23:20:00,0.14984109,high-flow
2026-10-23 23:30:00,0.23075232,high-flow
2026-10-23 23:40:00,0.30997428,high-flow
2026-10-23 23:50:00,0.3869515,high-flow
2026-10-24 00:00:00,0.46114352,high-flow
2026-10-24 00:10:00,0.5320275,high-flow
2026-10-24 00:20:00,0.5991012,high-flow
2026-10-24 00:30:00,0.66188556,high-flow
2026-10-24 00:40:00,0.7199282,high-flow
2026-10-24 00:50:00,0.77280635,high-flow
2026-10-24 01:00:00,0.8201304,high-flow
2026-10-24 01:10:00,0.8615475,high-flow
2026-10-24 01:20:00,0.89674526,high-flow
2026-10-24 01:30:00,0.92545444,high-flow
2026-10-24 01:40:00,0.9474527,high-flow
2026-10-24 01:50:00,0.9625665,high-flow
2026-10-24 02:00:00,0.97067297,high-flow
2026-10-24 02:10:00,0.97170115,high-flow
2026-10-24 02:20:00,0.9656323,high-ebb
2026-10-24 02:30:00,0.9524994,high-ebb
2026-10-24 02:40:00,0.93238586,high-ebb
2026-10-24 02:50:00,0.9054245,high-ebb
2026-10-24 03:00:00,0.8717951,high-ebb
2026-10-24 03:10:00,0.8317228,high-ebb
2026-10-24 03:20:00,0.78547555,high-ebb
2026-10-24 03:30:00,0.7333627,high-ebb
2026-10-24 03:40:00,0.67573303,high-ebb
2026-10-24 03:50:00,0.6129735,high-ebb
2026-10-24 04:00:00,0.5455083,high-ebb
2026-10-24 04:10:00,0.47379777,high-ebb
2026-10-24 04:20:00,0.3983372,high-ebb
2026-10-24 04:30:00,0.31965616,high-ebb
2026-10-24 04:40:00,0.2383166,high-ebb
2026-10-24 04:50:00,0.15491052,high-ebb
2026-10-24 05:00:00,0.070057034,high-ebb
2026-10-24 05:10:00,-0.015601869,low-ebb
2026-10-24 05:20:00,-0.10140642,low-ebb
2026-10-24 05:30:00,-0.18668525,low-ebb
2026-10-24 05:40:00,-0.2707625,low-ebb
2026-10-24 05:50:00,-0.3529656,low-ebb
2026-10-24 06:00:00,-0.4326334,low-ebb
2026-10-24 06:10:00,-0.50912464,low-ebb
2026-10-24 06:20:00,-0.581826,low-ebb
2026-10-24 06:30:00,-0.6501595,low-ebb
2026-10-24 06:40:00,-0.71358943,low-ebb
2026-10-24 06:50:00,-0.7716277,low-ebb
2026-10-24 07:00:00,-0.8238382,low-ebb
2026-10-24 07:10:00,-0.8698395,low-ebb
2026-10-24 07:20:00,-0.9093069,low-ebb
2026-10-24 07:30:00,-0.9419723,low-ebb
2026-10-24 07:40:00,-0.9676241,low-ebb
2026-10-24 07:50:00,-0.9861054,low-ebb
2026-10-24 08:00:00,-0.99731225,low-ebb
2026-10-24 08:10:00,-1.0011917,low-ebb
2026-10-24 08:20:00,-0.9977397,low-flow
2026-10-24 08:30:00,-0.98699886,low-flow
2026-10-24 08:40:00,-0.9690574,low-flow
2026-10-24 08:50:00,-0.94404787,low-flow
2026-10-24 09:00:00,-0.91214633,low-flow
2026-10-24 09:10:00,-0.87357193,low-flow
2026-10-24 09:20:00,-0.8285867,low-flow
2026-10-24 09:30:00,-0.7774949,low-flow
2026-10-24 09:40:00,-0.72064275,low-flow
2026-10-24 09:50:00,-0.6584169,low-flow
2026-10-24 10:00:00,-0.59124345,low-flow
2026-10-24 10:10:00,-0.519585,low-flow
2026-10-24 10:20:00,-0.44393817,low-flow
2026-10-24 10:30:00,-0.3648297,low-flow
2026-10-24 10:40:00,-0.28281236,low-flow
2026-10-24 10:50:00,-0.19846028,low-flow
2026-10-24 11:00:00,-0.11236405,low-flow
2026-10-24 11:10:00,-0.025125735,low-flow
2026-10-24 11:20:00,0.062646,high-flow
2026-10-24 11:30:00,0.15034051,high-flow
2026-10-24 11:40:00,0.23734945,high-flow
2026-10-24 11:50:00,0.3230706,high-flow
2026-10-24 12:00:00,0.40691137,high-flow
2026-10-24 12:10:00,0.48829186,high-flow
2026-10-24 12:20:00,0.56664765,high-flow
2026-10-24 12:30:00,0.6414325,high-flow
2026-10-24 12:40:00,0.71212107,high-flow
2026-10-24 12:50:00,0.7782116,high-flow
2026-10-24 13:00:00,0.8392288,high-flow
2026-10-24 13:10:00,0.89472705,high-flow
2026-10-24 13:20:00,0.9442939,high-flow
2026-10-24 13:30:00,0.98755354,high-flow
2026-10-24 13:40:00,1.0241702,high-flow
2026-10-24 13:50:00,1.053852,high-flow
2026-10-24 14:00:00,1.0763541,high-flow
2026-10-24 14:10:00,1.0914817,high-flow
2026-10-24 14:20:00,1.0990921,high-flow
2026-10-24 14:30:00,1.0990964,high-flow
2026-10-24 14:40:00,1.0914606,high-ebb
2026-10-24 14:50:00,1.0762054,high-ebb
2026-10-24 15:00:00,1.0534056,high-ebb
2026-10-24 15:10:00,1.0231897,high-ebb
2026-10-24 15:20:00,0.9857367,high-ebb
2026-10-24 15:30:00,0.9412758,high-ebb
2026-10-24 15:40:00,0.890083,high-ebb
2026-10-24 15:50:00,0.83248,high-ebb
2026-10-24 16:00:00,0.7688319,high-ebb
2026-10-24 16:10:00,0.6995455,high-ebb
2026-10-24 16:20:00,0.625068,high-ebb
2026-10-24 16:30:00,0.5458859,high-ebb
2026-10-24 16:40:00,0.46252343,high-ebb
2026-10-24 16:50:00,0.37554133,high-ebb
2026-10-24 17:00:00,0.2855351,high-ebb
2026-10-24 17:10:00,0.19313261,high-ebb
2026-10-24 17:20:00,0.0989909,high-ebb
2026-10-24 17:30:00,0.003792169,high-ebb
2026-10-24 17:40:00,-0.0917614,low-ebb
2026-10-24 17:50:00,-0.18695383,low-ebb
2026-10-24 18:00:00,-0.28106245,low-ebb
2026-10-24 18:10:00,-0.37336597,low-ebb
2026-10-24 18:20:00,-0.46315286,low-ebb
2026-10-24 18:30:00,-0.5497303,low-ebb
2026-10-24 18:40:00,-0.63243264,low-ebb
2026-10-24 18:50:00,-0.71062994,low-ebb
2026-10-24 19:00:00,-0.78373504,low-ebb
2026-10-24 19:10:00,-0.8512104,low-ebb
2026-10-24 19:20:00,-0.9125728,low-ebb
2026-10-24 19:30:00,-0.9673974,low-ebb
2026-10-24 19:40:00,-1.0153198,low-ebb
2026-10-24 19:50:00,-1.0560373,low-ebb
2026-10-24 20:00:00,-1.0893084,low-ebb
2026-10-24 20:10:00,-1.1149515,low-ebb
2026-10-24 20:20:00,-1.1328435,low-ebb
2026-10-24 20:30:00,-1.1429172,low-ebb
2026-10-24 20:40:00,-1.1451584,low-ebb
2026-10-24 20:50:00,-1.1396047,low-flow
2026-10-24 21:00:00,-1.1263418,low-flow
2026-10-24 21:10:00,-1.1055032,low-flow
2026-10-24 21:20:00,-1.0772679,low-flow
2026-10-24 21:30:00,-1.0418596,low-flow
2026-10-24 21:40:00,-0.99954635,low-flow
2026-10-24 21:50:00,-0.950639,low-flow
2026-10-24 22:00:00,-0.8954908,low-flow
2026-10-24 22:10:00,-0.8344964,low-flow
2026-10-24 22:20:00,-0.7680898,low-flow
2026-10-24 22:30:00,-0.69674236,low-flow
2026-10-24 22:40:00,-0.62096006,low-flow
2026-10-24 22:50:00,-0.54128,low-flow
2026-10-24 23:00:00,-0.45826593,low-flow
2026-10-24 23:10:00,-0.37250447,low-flow
2026-10-24 23:20:00,-0.2845996,low-flow
2026-10-24 23:30:00,-0.1951681,low-flow
2026-10-24 23:40:00,-0.10483435,low-flow
2026-10-24 23:50:00,-0.014225873,low-flow
2026-10-25 00:00:00,0.07603124,high-flow
2026-10-25 00:10:00,0.16531625,high-flow
2026-10-25 00:20:00,0.2530174,high-flow
2026-10-25 00:30:00,0.33853495,high-flow
2026-10-25 00:40:00,0.42128423,high-flow
2026-10-25 00:50:00,0.5006982,high-flow
2026-10-25 01:00:00,0.57623005,high-flow
2026-10-25 01:10:00,0.64735585,high-flow
2026-10-25 01:20:00,0.71357745,high-flow
2026-10-25 01:30:00,0.7744255,high-flow
2026-10-25 01:40:00,0.8294628,high-flow
2026-10-25 01:50:00,0.878288,high-flow
2026-10-25 02:00:00,0.92053884,high-flow
2026-10-25 02:10:00,0.9558967,high-flow
2026-10-25 02:20:00,0.98408943,high-flow
2026-10-25 02:30:00,1.0048952,high-flow
2026-10-25 02:40:00,1.0181448,high-flow
2026-10-25 02:50:00,1.0237244,high-flow
2026-10-25 03:00:00,1.0215765,high-ebb
2026-10-25 03:10:00,1.0117011,high-ebb
2026-10-25 03:20:00,0.994155,high-ebb
2026-10-25 03:30:00,0.9690517,high-ebb
2026-10-25 03:40:00,0.93655956,high-ebb
2026-10-25 03:50:00,0.89690024,high-ebb
2026-10-25 04:00:00,0.85034645,high-ebb
2026-10-25 04:10:00,0.7972201,high-ebb
2026-10-25 04:20:00,0.7378899,high-ebb
2026-10-25 04:30:00,0.67276967,high-ebb
2026-10-25 04:40:00,0.6023162,high-ebb
2026-10-25 04:50:00,0.5270281,high-ebb
2026-10-25 05:00:00,0.44744352,high-ebb
2026-10-25 05:10:00,0.3641391,high-ebb
2026-10-25 05:20:00,0.27772748,high-ebb
2026-10-25 05:30:00,0.18885498,high-ebb
2026-10-25 05:40:00,0.09819826,high-ebb
2026-10-25 05:50:00,0.006460216,high-ebb
2026-10-25 06:00:00,-0.08563519,low-ebb
2026-10-25 06:10:00,-0.17734915,low-ebb
2026-10-25 06:20:00,-0.2679352,low-ebb
2026-10-25 06:30:00,-0.35664734,low-ebb
2026-10-25 06:40:00,-0.44274884,low-ebb
2026-10-25 06:50:00,-0.52552134,low-ebb
2026-10-25 07:00:00,-0.60427386,low-ebb
2026-10-25 07:10:00,-0.67835194,low-ebb
2026-10-25 07:20:00,-0.74714565,low-ebb
2026-10-25 07:30:00,-0.8100966,low-ebb
2026-10-25 07:40:00,-0.8667041,low-ebb
2026-10-25 07:50:00,-0.9165294,low-ebb
2026-10-25 08:00:00,-0.9591989,low-ebb
2026-10-25 08:10:00,-0.9944053,low-ebb
2026-10-25 08:20:00,-1.0219082,low-ebb
2026-10-25 08:30:00,-1.0415325,low-ebb
2026-10-25 08:40:00,-1.0531669,low-ebb
2026-10-25 08:50:00,-1.056761,low-ebb
2026-10-25 09:00:00,-1.0523226,low-flow
2026-10-25 09:10:00,-1.0399148,low-flow
2026-10-25 09:20:00,-1.0196527,low-flow
2026-10-25 09:30:00,-0.9917011,low-flow
2026-10-25 09:40:00,-0.95627266,low-flow
2026-10-25 09:50:00,-0.9136255,low-flow
2026-10-25 10:00:00,-0.86406213,low-flow
2026-10-25 10:10:00,-0.807928,low-flow
2026-10-25 10:20:00,-0.74561036,low-flow
2026-10-25 10:30:00,-0.67753637,low-flow
2026-10-25 10:40:00,-0.6041718,low-flow
2026-10-25 10:50:00,-0.5260186,low-flow
2026-10-25 11:00:00,-0.44361207,low-flow
2026-10-25 11:10:00,-0.3575174,low-flow
2026-10-25 11:20:00,-0.2683259,low-flow
2026-10-25 11:30:00,-0.17665046,low-flow
2026-10-25 11:40:00,-0.083120845,low-flow
2026-10-25 11:50:00,0.011621283,high-flow
2026-10-25 12:00:00,0.106927246,high-flow
2026-10-25 12:10:00,0.20214616,high-flow
2026-10-25 12:20:00,0.2966294,high-flow
2026-10-25 12:30:00,0.38973463,high-flow
2026-10-25 12:40:00,0.48082948,high-flow
2026-10-25 12:50:00,0.5692948,high-flow
2026-10-25 13:00:00,0.6545275,high-flow
2026-10-25 13:10:00,0.735943,high-flow
2026-10-25 13:20:00,0.8129781,high-flow
2026-10-25 13:30:00,0.88509303,high-flow
2026-10-25 13:40:00,0.95177436,high-flow
2026-10-25 13:50:00,1.012538,high-flow
2026-10-25 14:00:00,1.0669318,high-flow
2026-10-25 14:10:00,1.1145401,high-flow
2026-10-25 14:20:00,1.1549863,high-flow
2026-10-25 14:30:00,1.187937,high-flow
2026-10-25 14:40:00,1.2131065,high-flow
2026-10-25 14:50:00,1.2302594,high-flow
2026-10-25 15:00:00,1.2392145,high-flow
2026-10-25 15:10:00,1.2398473,high-flow
2026-10-25 15:20:00,1.2320915,high-ebb
2026-10-25 15:30:00,1.2159414,high-ebb
2026-10-25 15:40:00,1.1914511,high-ebb
2026-10-25 15:50:00,1.1587348,high-ebb
2026-10-25 16:00:00,1.1179657,high-ebb
2026-10-25 16:10:00,1.0693746,high-ebb
2026-10-25 16:20:00,1.0132476,high-ebb
2026-10-25 16:30:00,0.9499242,high-ebb
2026-10-25 16:40:00,0.87979484,high-ebb
2026-10-25 16:50:00,0.80329895,high-ebb
2026-10-25 17:00:00,0.7209227,high-ebb
2026-10-25 17:10:00,0.6331969,high-ebb
2026-10-25 17:20:00,0.540695,high-ebb
2026-10-25 17:30:00,0.44403145,high-ebb
2026-10-25 17:40:00,0.34385887,high-ebb
2026-10-25 17:50:00,0.24086574,high-ebb
2026-10-25 18:00:00,0.13577285,high-ebb
2026-10-25 18:10:00,0.02932919,high-ebb
2026-10-25 18:20:00,-0.07769327,low-ebb
2026-10-25 18:30:00,-0.18450575,low-ebb
2026-10-25 18:40:00,-0.2903099,low-ebb
2026-10-25 18:50:00,-0.39430603,low-ebb
2026-10-25 19:00:00,-0.49570194,low-ebb
2026-10-25 19:10:00,-0.59372246,low-ebb
2026-10-25 19:20:00,-0.687619,low-ebb
2026-10-25 19:30:00,-0.7766788,low-ebb
2026-10-25 19:40:00,-0.8602342,low-ebb
2026-10-25 19:50:00,-0.93766993,low-ebb
2026-10-25 20:00:00,-1.0084305,low-ebb
2026-10-25 20:10:00,-1.072025,low-ebb
2026-10-25 20:20:00,-1.1280308,low-ebb
2026-10-25 20:30:00,-1.1760964,low-ebb
2026-10-25 20:40:00,-1.2159417,low-ebb
2026-10-25 20:50:00,-1.2473564,low-ebb
2026-10-25 21:00:00,-1.2702001,low-ebb
2026-10-25 21:10:00,-1.2843981,low-ebb
2026-10-25 21:20:00,-1.2899389,low-ebb
2026-10-25 21:30:00,-1.2868706,low-flow
2026-10-25 21:40:00,-1.2752978,low-flow
2026-10-25 21:50:00,-1.255378,low-flow
2026-10-25 22:00:00,-1.2273194,low-flow
2026-10-25 22:10:00,-1.1913778,low-flow
2026-10-25 22:20:00,-1.1478548,low-flow
2026-10-25 22:30:00,-1.0970963,low-flow
2026-10-25 22:40:00,-1.0394903,low-flow
2026-10-25 22:50:00,-0.97546583,low-flow
2026-10-25 23:00:00,-0.9054904,low-flow
2026-10-25 23:10:00,-0.8300684,low-flow
2026-10-25 23:20:00,-0.7497381,low-flow
2026-10-25 23:30:00,-0.66506827,low-flow
2026-10-25 23:40:00,-0.5766549,low-flow
2026-10-25 23:50:00,-0.4851165,low-flow
2026-10-26 00:00:00,-0.3910899,low-flow
2026-10-26 00:10:00,-0.29522505,low-flow
2026-10-26 00:20:00,-0.19818057,low-flow
2026-10-26 00:30:00,-0.100618616,low-flow
2026-10-26 00:40:00,-0.0032006034,low-flow
2026-10-26 00:50:00,0.09341707,high-flow
2026-10-26 01:00:00,0.1885867,high-flow
2026-10-26 01:10:00,0.2816726,high-flow
2026-10-26 01:20:00,0.37205395,high-flow
2026-10-26 01:30:00,0.45912755,high-flow
2026-10-26 01:40:00,0.5423101,high-flow
2026-10-26 01:50:00,0.6210409,high-flow
2026-10-26 02:00:00,0.69478387,high-flow
2026-10-26 02:10:00,0.76303107,high-flow
2026-10-26 02:20:00,0.825305,high-flow
2026-10-26 02:30:00,0.8811627,high-flow
2026-10-26 02:40:00,0.9301989,high-flow
2026-10-26 02:50:00,0.9720503,high-flow
2026-10-26 03:00:00,1.0063995,high-flow
2026-10-26 03:10:00,1.0329788,high-flow
2026-10-26 03:20:00,1.0515738,high-flow
2026-10-26 03:30:00,1.0620271,high-flow
2026-10-26 03:40:00,1.0642402,high-flow
2026-10-26 03:50:00,1.0581757,high-ebb
2026-10-26 04:00:00,1.0438582,high-ebb
2026-10-26 04:10:00,1.0213747,high-ebb
2026-10-26 04:20:00,0.99087363,high-ebb
2026-10-26 04:30:00,0.95256424,high-ebb
2026-10-26 04:40:00,0.9067142,high-ebb
2026-10-26 04:50:00,0.8536478,high-ebb
2026-10-26 05:00:00,0.7937437,high-ebb
2026-10-26 05:10:00,0.72743225,high-ebb
2026-10-26 05:20:00,0.6551932,high-ebb
2026-10-26 05:30:00,0.5775536,high-ebb
2026-10-26 05:40:00,0.49508482,high-ebb
2026-10-26 05:50:00,0.40840104,high-ebb
2026-10-26 06:00:00,0.31815603,high-ebb
2026-10-26 06:10:00,0.22504047,high-ebb
2026-10-26 06:20:00,0.1297784,high-ebb
2026-10-26 06:30:00,0.033123035,high-ebb
2026-10-26 06:40:00,-0.06414849,low-ebb
2026-10-26 06:50:00,-0.16124123,low-ebb
2026-10-26 07:00:00,-0.25734964,low-ebb
2026-10-26 07:10:00,-0.3516658,low-ebb
2026-10-26 07:20:00,-0.4433883,low-ebb
2026-10-26 07:30:00,-0.531732,low-ebb
2026-10-26 07:40:00,-0.61593777,low-ebb
2026-10-26 07:50:00,-0.6952822,low-ebb
2026-10-26 08:00:00,-0.7690874,low-ebb
2026-10-26 08:10:00,-0.8367288,low-ebb
2026-10-26 08:20:00,-0.89764345,low-ebb
2026-10-26 08:30:00,-0.9513352,low-ebb
2026-10-26 08:40:00,-0.9973798,low-ebb
2026-10-26 08:50:00,-1.0354272,low-ebb
2026-10-26 09:00:00,-1.065203,low-ebb
2026-10-26 09:10:00,-1.0865076,low-ebb
2026-10-26 09:20:00,-1.0992154,low-ebb
2026-10-26 09:30:00,-1.1032712,low-ebb
2026-10-26 09:40:00,-1.0986873,low-flow
2026-10-26 09:50:00,-1.0855393,low-flow
2026-10-26 10:00:00,-1.0639625,low-flow
2026-10-26 10:10:00,-1.0341475,low-flow
2026-10-26 10:20:00,-0.99633694,low-flow
2026-10-26 10:30:00,-0.95082235,low-flow
2026-10-26 10:40:00,-0.897941,low-flow
2026-10-26 10:50:00,-0.8380738,low-flow
2026-10-26 11:00:00,-0.7716428,low-flow
2026-10-26 11:10:00,-0.69910944,low-flow
2026-10-26 11:20:00,-0.6209721,low-flow
2026-10-26 11:30:00,-0.537764,low-flow
2026-10-26 11:40:00,-0.45005035,low-flow
2026-10-26 11:50:00,-0.35842523,low-flow
2026-10-26 12:00:00,-0.2635081,low-flow
2026-10-26 12:10:00,-0.16593963,low-flow
2026-10-26 12:20:00,-0.06637727,low-flow
2026-10-26 12:30:00,0.034509365,high-flow
2026-10-26 12:40:00,0.13604331,high-flow
2026-10-26 12:50:00,0.23754497,high-flow
2026-10-26 13:00:00,0.33833665,high-flow
2026-10-26 13:10:00,0.4377467,high-flow
2026-10-26 13:20:00,0.53511333,high-flow
2026-10-26 13:30:00,0.62978786,high-flow
2026-10-26 13:40:00,0.7211378,high-flow
2026-10-26 13:50:00,0.8085492,high-flow
2026-10-26 14:00:00,0.8914292,high-flow
2026-10-26 14:10:00,0.9692083,high-flow
2026-10-26 14:20:00,1.0413426,high-flow
2026-10-26 14:30:00,1.1073165,high-flow
2026-10-26 14:40:00,1.1666454,high-flow
2026-10-26 14:50:00,1.2188791,high-flow
2026-10-26 15:00:00,1.2636054,high-flow
2026-10-26 15:10:00,1.3004537,high-flow
2026-10-26 15:20:00,1.3290992,high-flow
2026-10-26 15:30:00,1.3492674,high-flow
2026-10-26 15:40:00,1.3607371,high-flow
2026-10-26 15:50:00,1.363345,high-flow
2026-10-26 16:00:00,1.3569882,high-ebb
2026-10-26 16:10:00,1.3416262,high-ebb
2026-10-26 16:20:00,1.3172833,high-ebb
2026-10-26 16:30:00,1.2840487,high-ebb
2026-10-26 16:40:00,1.2420765,high-ebb
2026-10-26 16:50:00,1.191585,high-ebb
2026-10-26 17:00:00,1.1328548,high-ebb
2026-10-26 17:10:00,1.0662273,high-ebb
2026-10-26 17:20:00,0.99210197,high-ebb
2026-10-26 17:30:00,0.9109337,high-ebb
2026-10-26 17:40:00,0.8232304,high-ebb
2026-10-26 17:50:00,0.72955036,high-ebb
2026-10-26 18:00:00,0.6304994,high-ebb
2026-10-26 18:10:00,0.52672833,high-ebb
2026-10-26 18:20:00,0.41893008,high-ebb
2026-10-26 18:30:00,0.30783644,high-ebb
2026-10-26 18:40:00,0.19421457,high-ebb
2026-10-26 18:50:00,0.078862585,high-ebb
2026-10-26 19:00:00,-0.037395515,low-ebb
2026-10-26 19:10:00,-0.15371604,low-ebb
2026-10-26 19:20:00,-0.2692427,low-ebb
2026-10-26 19:30:00,-0.38311473,low-ebb
2026-10-26 19:40:00,-0.49447593,low-ebb
2026-10-26 19:50:00,-0.6024842,low-ebb
2026-10-26 20:00:00,-0.706322,low-ebb
2026-10-26 20:10:00,-0.8052061,low-ebb
2026-10-26 20:20:00,-0.89839756,low-ebb
2026-10-26 20:30:00,-0.9852111,low-ebb
2026-10-26 20:40:00,-1.0650228,low-ebb
2026-10-26 20:50:00,-1.1372776,low-ebb
2026-10-26 21:00:00,-1.2014937,low-ebb
2026-10-26 21:10:00,-1.2572665,low-ebb
2026-10-26 21:20:00,-1.3042706,low-ebb
2026-10-26 21:30:00,-1.3422595,low-ebb
2026-10-26 21:40:00,-1.3710649,low-ebb
2026-10-26 21:50:00,-1.3905934,low-ebb
2026-10-26 22:00:00,-1.400824,low-ebb
2026-10-26 22:10:00,-1.401803,low-ebb
2026-10-26 22:20:00,-1.3936408,low-flow
2026-10-26 22:30:00,-1.3765064,low-flow
2026-10-26 22:40:00,-1.3506243,low-flow
2026-10-26 22:50:00,-1.3162698,low-flow
2026-10-26 23:00:00,-1.2737659,low-flow
2026-10-26 23:10:00,-1.2234809,low-flow
2026-10-26 23:20:00,-1.1658252,low-flow
2026-10-26 23:30:00,-1.1012492,low-flow
2026-10-26 23:40:00,-1.0302408,low-flow
2026-10-26 23:50:00,-0.9533231,low-flow
2026-10-27 00:00:00,-0.87105244,low-flow
2026-10-27 00:10:00,-0.7840143,low-flow
2026-10-27 00:20:00,-0.6928209,low-flow
2026-10-27 00:30:00,-0.598107,low-flow
2026-10-27 00:40:00,-0.5005258,low-flow
2026-10-27 00:50:00,-0.4007444,low-flow
2026-10-27 01:00:00,-0.29943958,low-flow
2026-10-27 01:10:00,-0.19729257,low-flow
2026-10-27 01:20:00,-0.09498511,low-flow
2026-10-27 01:30:00,0.0068049855,high-flow
2026-10-27 01:40:00,0.1074076,high-flow
2026-10-27 01:50:00,0.20616367,high-flow
2026-10-27 02:00:00,0.30242825,high-flow
2026-10-27 02:10:00,0.39557305,high-flow
2026-10-27 02:20:00,0.48498878,high-flow
2026-10-27 02:30:00,0.57008755,high-flow
2026-10-27 02:40:00,0.650305,high-flow
2026-10-27 02:50:00,0.7251027,high-flow
2026-10-27 03:00:00,0.7939712,high-flow
2026-10-27 03:10:00,0.8564326,high-flow
2026-10-27 03:20:00,0.91204476,high-flow
2026-10-27 03:30:00,0.9604045,high-flow
2026-10-27 03:40:00,1.0011523,high-flow
2026-10-27 03:50:00,1.0339761,high-flow
2026-10-27 04:00:00,1.0586159,high-flow
2026-10-27 04:10:00,1.0748678,high-flow
2026-10-27 04:20:00,1.0825869,high-flow
2026-10-27 04:30:00,1.0816911,high-flow
2026-10-27 04:40:00,1.0721626,high-ebb
2026-10-27 04:50:00,1.0540495,high-ebb
2026-10-27 05:00:00,1.0274659,high-ebb
2026-10-27 05:10:00,0.9925921,high-ebb
2026-10-27 05:20:00,0.94967276,high-ebb
2026-10-27 05:30:00,0.8990155,high-ebb
2026-10-27 05:40:00,0.8409883,high-ebb
2026-10-27 05:50:00,0.77601725,high-ebb
2026-10-27 06:00:00,0.70458364,high-ebb
2026-10-27 06:10:00,0.627221,high-ebb
2026-10-27 06:20:00,0.54451215,high-ebb
2026-10-27 06:30:00,0.45708653,high-ebb
2026-10-27 06:40:00,0.3656167,high-ebb
2026-10-27 06:50:00,0.2708154,high-ebb
2026-10-27 07:00:00,0.17343149,high-ebb
2026-10-27 07:10:00,0.07424577,high-ebb
2026-10-27 07:20:00,-0.025934082,low-ebb
2026-10-27 07:30:00,-0.12627958,low-ebb
2026-10-27 07:40:00,-0.22594835,low-ebb
2026-10-27 07:50:00,-0.32409206,low-ebb
2026-10-27 08:00:00,-0.41986534,low-ebb
2026-10-27 08:10:00,-0.5124353,low-ebb
2026-10-27 08:20:00,-0.6009918,low-ebb
2026-10-27 08:30:00,-0.68475753,low-ebb
2026-10-27 08:40:00,-0.7629985,low-ebb
2026-10-27 08:50:00,-0.8350332,low-ebb
2026-10-27 09:00:00,-0.90024155,low-ebb
2026-10-27 09:10:00,-0.95807225,low-ebb
2026-10-27 09:20:00,-1.0080485,low-ebb
2026-10-27 09:30:00,-1.0497725,low-ebb
2026-10-27 09:40:00,-1.0829273,low-ebb
2026-10-27 09:50:00,-1.107278,low-ebb
2026-10-27 10:00:00,-1.1226703,low-ebb
2026-10-27 10:10:00,-1.1290288,low-ebb
2026-10-27 10:20:00,-1.1263525,low-flow
2026-10-27 10:30:00,-1.1147118,low-flow
2026-10-27 10:40:00,-1.0942423,low-flow
2026-10-27 10:50:00,-1.0651412,low-flow
2026-10-27 11:00:00,-1.0276618,low-flow
2026-10-27 11:10:00,-0.9821091,low-flow
2026-10-27 11:20:00,-0.928836,low-flow
2026-10-27 11:30:00,-0.8682393,low-flow
2026-10-27 11:40:00,-0.800757,low-flow
2026-10-27 11:50:00,-0.72686523,low-flow
2026-10-27 12:00:00,-0.6470758,low-flow
2026-10-27 12:10:00,-0.5619335,low-flow
2026-10-27 12:20:00,-0.47201386,low-flow
2026-10-27 12:30:00,-0.37791985,low-flow
2026-10-27 12:40:00,-0.28027892,low-flow
2026-10-27 12:50:00,-0.17973942,low-flow
2026-10-27 13:00:00,-0.076966666,low-flow
2026-10-27 13:10:00,0.027361352,high-flow
2026-10-27 13:20:00,0.13255832,high-flow
2026-10-27 13:30:00,0.23793411,high-flow
2026-10-27 13:40:00,0.34279916,high-flow
2026-10-27 13:50:00,0.4464686,high-flow
2026-10-27 14:00:00,0.5482661,high-flow
2026-10-27 14:10:00,0.64752734,high-flow
2026-10-27 14:20:00,0.7436029,high-flow
2026-10-27 14:30:00,0.83586085,high-flow
2026-10-27 14:40:00,0.92368937,high-flow
2026-10-27 14:50:00,1.0064986,high-flow
2026-10-27 15:00:00,1.0837227,high-flow
2026-10-27 15:10:00,1.1548223,high-flow
2026-10-27 15:20:00,1.2192873,high-flow
2026-10-27 15:30:00,1.2766389,high-flow
2026-10-27 15:40:00,1.3264337,high-flow
2026-10-27 15:50:00,1.3682672,high-flow
2026-10-27 16:00:00,1.4017775,high-flow
2026-10-27 16:10:00,1.4266503,high-flow
2026-10-27 16:20:00,1.4426224,high-flow
2026-10-27 16:30:00,1.4494869,high-flow
2026-10-27 16:40:00,1.447096,high-ebb
2026-10-27 16:50:00,1.4353651,high-ebb
2026-10-27 17:00:00,1.4142753,high-ebb
2026-10-27 17:10:00,1.3838749,high-ebb
2026-10-27 17:20:00,1.3442805,high-ebb
2026-10-27 17:30:00,1.2956771,high-ebb
2026-10-27 17:40:00,1.2383169,high-ebb
2026-10-27 17:50:00,1.1725184,high-ebb
2026-10-27 18:00:00,1.0986634,high-ebb
2026-10-27 18:10:00,1.017195,high-ebb
2026-10-27 18:20:00,0.9286144,high-ebb
2026-10-27 18:30:00,0.8334781,high-ebb
2026-10-27 18:40:00,0.7323946,high-ebb
2026-10-27 18:50:00,0.6260211,high-ebb
2026-10-27 19:00:00,0.5150604,high-ebb
2026-10-27 19:10:00,0.40025732,high-ebb
2026-10-27 19:20:00,0.28239456,high-ebb
2026-10-27 19:30:00,0.16228883,high-ebb
2026-10-27 19:40:00,0.04078548,high-ebb
2026-10-27 19:50:00,-0.081247166,low-ebb
2026-10-27 20:00:00,-0.20292464,low-ebb
2026-10-27 20:10:00,-0.323354,low-ebb
2026-10-27 20:20:00,-0.44164258,low-ebb
2026-10-27 20:30:00,-0.55690736,low-ebb
2026-10-27 20:40:00,-0.66828513,low-ebb
2026-10-27 20:50:00,-0.7749429,low-ebb
2026-10-27 21:00:00,-0.87608814,low-ebb
2026-10-27 21:10:00,-0.97097903,low-ebb
2026-10-27 21:20:00,-1.0589333,low-ebb
2026-10-27 21:30:00,-1.1393363,low-ebb
2026-10-27 21:40:00,-1.2116485,low-ebb
2026-10-27 21:50:00,-1.2754085,low-ebb
2026-10-27 22:00:00,-1.3302385,low-ebb
2026-10-27 22:10:00,-1.3758439,low-ebb
2026-10-27 22:20:00,-1.4120136,low-ebb
2026-10-27 22:30:00,-1.4386183,low-ebb
2026-10-27 22:40:00,-1.4556067,low-ebb
2026-10-27 22:50:00,-1.4630018,low-ebb
2026-10-27 23:00:00,-1.4608963,low-ebb
2026-10-27 23:10:00,-1.4494463,low-flow
2026-10-27 23:20:00,-1.4288678,low-flow
2026-10-27 23:30:00,-1.3994308,low-flow
2026-10-27 23:40:00,-1.361455,low-flow
2026-10-27 23:50:00,-1.3153057,low-flow
2026-10-28 00:00:00,-1.2613908,low-flow
2026-10-28 00:10:00,-1.2001574,low-flow
2026-10-28 00:20:00,-1.1320889,low-flow
2026-10-28 00:30:00,-1.057703,low-flow
2026-10-28 00:40:00,-0.9775487,low-flow
2026-10-28 00:50:00,-0.89220387,low-flow
2026-10-28 01:00:00,-0.8022724,low-flow
2026-10-28 01:10:00,-0.7083808,low-flow
2026-10-28 01:20:00,-0.61117476,low-flow
2026-10-28 01:30:00,-0.5113152,low-flow
2026-10-28 01:40:00,-0.40947413,low-flow
2026-10-28 01:50:00,-0.30633038,low-flow
2026-10-28 02:00:00,-0.20256531,low-flow
2026-10-28 02:10:00,-0.098858826,low-flow
2026-10-28 02:20:00,0.00411453,high-flow
2026-10-28 02:30:00,0.10568901,high-flow
2026-10-28 02:40:00,0.20521078,high-flow
2026-10-28 02:50:00,0.30204052,high-flow
2026-10-28 03:00:00,0.3955559,high-flow
2026-10-28 03:10:00,0.4851537,high-flow
2026-10-28 03:20:00,0.5702519,high-flow
2026-10-28 03:30:00,0.65029186,high-flow
2026-10-28 03:40:00,0.72474074,high-flow
2026-10-28 03:50:00,0.7930942,high-flow
2026-10-28 04:00:00,0.8548798,high-flow
2026-10-28 04:10:00,0.9096602,high-flow
2026-10-28 04:20:00,0.9570376,high-flow
2026-10-28 04:30:00,0.996658,high-flow
2026-10-28 04:40:00,1.0282155,high-flow
2026-10-28 04:50:00,1.0514572,high-flow
2026-10-28 05:00:00,1.0661868,high-flow
2026-10-28 05:10:00,1.0722691,high-flow
2026-10-28 05:20:00,1.0696328,high-ebb
2026-10-28 05:30:00,1.0582728,high-ebb
2026-10-28 05:40:00,1.038252,high-ebb
2026-10-28 05:50:00,1.0097013,high-ebb
2026-10-28 06:00:00,0.9728195,high-ebb
2026-10-28 06:10:00,0.9278726,high-ebb
2026-10-28 06:20:00,0.8751909,high-ebb
2026-10-28 06:30:00,0.8151675,high-ebb
2026-10-28 06:40:00,0.74825466,high-ebb
2026-10-28 06:50:00,0.6749614,high-ebb
2026-10-28 07:00:00,0.59584963,high-ebb
2026-10-28 07:10:00,0.5115313,high-ebb
2026-10-28 07:20:00,0.42266452,high-ebb
2026-10-28 07:30:00,0.3299503,high-ebb
2026-10-28 07:40:00,0.23412855,high-ebb
2026-10-28 07:50:00,0.13597372,high-ebb
2026-10-28 08:00:00,0.036290105,high-ebb
2026-10-28 08:10:00,-0.06409378,low-ebb
2026-10-28 08:20:00,-0.16433163,low-ebb
2026-10-28 08:30:00,-0.2635667,low-ebb
2026-10-28 08:40:00,-0.36094007,low-ebb
2026-10-28 08:50:00,-0.4555998,low-ebb
2026-10-28 09:00:00,-0.5467108,low-ebb
2026-10-28 09:10:00,-0.6334649,low-ebb
2026-10-28 09:20:00,-0.71509135,low-ebb
2026-10-28 09:30:00,-0.7908671,low-ebb
2026-10-28 09:40:00,-0.86012584,low-ebb
2026-10-28 09:50:00,-0.92226696,low-ebb
2026-10-28 10:00:00,-0.97676235,low-ebb
2026-10-28 10:10:00,-1.0231622,low-ebb
2026-10-28 10:20:00,-1.0610986,low-ebb
2026-10-28 10:30:00,-1.0902874,low-ebb
2026-10-28 10:40:00,-1.110529,low-ebb
2026-10-28 10:50:00,-1.1217058,low-ebb
2026-10-28 11:00:00,-1.12378,low-ebb
2026-10-28 11:10:00,-1.1167895,low-flow
2026-10-28 11:20:00,-1.1008427,low-flow
2026-10-28 11:30:00,-1.0761131,low-flow
2026-10-28 11:40:00,-1.0428344,low-flow
2026-10-28 11:50:00,-1.0012943,low-flow
2026-10-28 12:00:00,-0.95183,low-flow
2026-10-28 12:10:00,-0.8948241,low-flow
2026-10-28 12:20:00,-0.83069974,low-flow
2026-10-28 12:30:00,-0.7599178,low-flow
2026-10-28 12:40:00,-0.68297374,low-flow
2026-10-28 12:50:00,-0.6003949,low-flow
2026-10-28 13:00:00,-0.51273805,low-flow
2026-10-28 13:10:00,-0.42058674,low-flow
2026-10-28 13:20:00,-0.32454857,low-flow
2026-10-28 13:30:00,-0.22525235,low-flow
2026-10-28 13:40:00,-0.12334464,low-flow
2026-10-28 13:50:00,-0.01948624,low-flow
2026-10-28 14:00:00,0.08565171,high-flow
2026-10-28 14:10:00,0.19139177,high-flow
2026-10-28 14:20:00,0.29705432,high-flow
2026-10-28 14:30:00,0.40196154,high-flow
2026-10-28 14:40:00,0.5054412,high-flow
2026-10-28 14:50:00,0.60683024,high-flow
2026-10-28 15:00:00,0.7054777,high-flow
2026-10-28 15:10:00,0.8007477,high-flow
2026-10-28 15:20:00,0.89202154,high-flow
2026-10-28 15:30:00,0.97870016,high-flow
2026-10-28 15:40:00,1.0602058,high-flow
2026-10-28 15:50:00,1.1359844,high-flow
2026-10-28 16:00:00,1.2055075,high-flow
2026-10-28 16:10:00,1.268275,high-flow
2026-10-28 16:20:00,1.323818,high-flow
2026-10-28 16:30:00,1.3717018,high-flow
2026-10-28 16:40:00,1.4115306,high-flow
2026-10-28 16:50:00,1.442951,high-flow
2026-10-28 17:00:00,1.4656563,high-flow
2026-10-28 17:10:00,1.479392,high-flow
2026-10-28 17:20:00,1.4839592,high-flow
2026-10-28 17:30:00,1.4792193,high-ebb
2026-10-28 17:40:00,1.465097,high-ebb
2026-10-28 17:50:00,1.4415834,high-ebb
2026-10-28 18:00:00,1.4087383,high-ebb
2026-10-28 18:10:00,1.36669,high-ebb
2026-10-28 18:20:00,1.3156368,high-ebb
2026-10-28 18:30:00,1.2558447,high-ebb
2026-10-28 18:40:00,1.187647,high-ebb
2026-10-28 18:50:00,1.1114411,high-ebb
2026-10-28 19:00:00,1.0276864,high-ebb
2026-10-28 19:10:00,0.9369002,high-ebb
2026-10-28 19:20:00,0.8396557,high-ebb
2026-10-28 19:30:00,0.73657733,high-ebb
2026-10-28 19:40:00,0.6283378,high-ebb
2026-10-28 19:50:00,0.51565427,high-ebb
2026-10-28 20:00:00,0.39928454,high-ebb
2026-10-28 20:10:00,0.28002277,high-ebb
2026-10-28 20:20:00,0.15869491,high-ebb
2026-10-28 20:30:00,0.036153346,high-ebb
2026-10-28 20:40:00,-0.08672908,low-ebb
2026-10-28 20:50:00,-0.2090661,low-ebb
2026-10-28 21:00:00,-0.32996577,low-ebb
2026-10-28 21:10:00,-0.44853938,low-ebb
2026-10-28 21:20:00,-0.56391066,low-ebb
2026-10-28 21:30:00,-0.6752261,low-ebb
2026-10-28 21:40:00,-0.7816651,low-ebb
2026-10-28 21:50:00,-0.88245004,low-ebb
2026-10-28 22:00:00,-0.97685647,low-ebb
2026-10-28 22:10:00,-1.0642216,low-ebb
2026-10-28 22:20:00,-1.1439523,low-ebb
2026-10-28 22:30:00,-1.2155311,low-ebb
2026-10-28 22:40:00,-1.2785213,low-ebb
2026-10-28 22:50:00,-1.3325692,low-ebb
2026-10-28 23:00:00,-1.3774054,low-ebb
2026-10-28 23:10:00,-1.4128436,low-ebb
2026-10-28 23:20:00,-1.4387784,low-ebb
2026-10-28 23:30:00,-1.4551822,low-ebb
2026-10-28 23:40:00,-1.4620996,low-ebb
2026-10-28 23:50:00,-1.459643,low-flow
2026-10-29 00:00:00,-1.4479868,low-flow
2026-10-29 00:10:00,-1.427362,low-flow
2026-10-29 00:20:00,-1.3980507,low-flow
2026-10-29 00:30:00,-1.3603821,low-flow
2026-10-29 00:40:00,-1.3147277,low-flow
2026-10-29 00:50:00,-1.261498,low-flow
2026-10-29 01:00:00,-1.2011392,low-flow
2026-10-29 01:10:00,-1.1341313,low-flow
2026-10-29 01:20:00,-1.0609846,low-flow
2026-10-29 01:30:00,-0.98223805,low-flow
2026-10-29 01:40:00,-0.89845705,low-flow
2026-10-29 01:50:00,-0.81023014,low-flow
2026-10-29 02:00:00,-0.71816677,low-flow
2026-10-29 02:10:00,-0.62289375,low-flow
2026-10-29 02:20:00,-0.5250518,low-flow
2026-10-29 02:30:00,-0.42529187,low-flow
2026-10-29 02:40:00,-0.3242712,low-flow
2026-10-29 02:50:00,-0.22264938,low-flow
2026-10-29 03:00:00,-0.12108473,low-flow
2026-10-29 03:10:00,-0.020230632,low-flow
2026-10-29 03:20:00,0.079267554,high-flow
2026-10-29 03:30:00,0.17677543,high-flow
2026-10-29 03:40:00,0.27167195,high-flow
2026-10-29 03:50:00,0.36335182,high-flow
2026-10-29 04:00:00,0.45122743,high-flow
2026-10-29 04:10:00,0.5347308,high-flow
2026-10-29 04:20:00,0.61331606,high-flow
2026-10-29 04:30:00,0.68646145,high-flow
2026-10-29 04:40:00,0.75367236,high-flow
2026-10-29 04:50:00,0.8144845,high-flow
2026-10-29 05:00:00,0.8684676,high-flow
2026-10-29 05:10:00,0.9152296,high-flow
2026-10-29 05:20:00,0.95442104,high-flow
2026-10-29 05:30:00,0.9857396,high-flow
2026-10-29 05:40:00,1.008935,high-flow
2026-10-29 05:50:00,1.023813,high-flow
2026-10-29 06:00:00,1.0302397,high-flow
2026-10-29 06:10:00,1.0281445,high-flow
2026-10-29 06:20:00,1.0175223,high-ebb
2026-10-29 06:30:00,0.99843585,high-ebb
2026-10-29 06:40:00,0.97101545,high-ebb
2026-10-29 06:50:00,0.93545884,high-ebb
2026-10-29 07:00:00,0.89203,high-ebb
2026-10-29 07:10:00,0.8410573,high-ebb
2026-10-29 07:20:00,0.78293055,high-ebb
2026-10-29 07:30:00,0.7180983,high-ebb
2026-10-29 07:40:00,0.6470644,high-ebb
2026-10-29 07:50:00,0.57038474,high-ebb
2026-10-29 08:00:00,0.4886635,high-ebb
2026-10-29 08:10:00,0.4025497,high-ebb
2026-10-29 08:20:00,0.31273347,high-ebb
2026-10-29 08:30:00,0.21994185,high-ebb
2026-10-29 08:40:00,0.12493471,high-ebb
2026-10-29 08:50:00,0.028499698,high-ebb
2026-10-29 09:00:00,-0.068553224,low-ebb
2026-10-29 09:10:00,-0.16539817,low-ebb
2026-10-29 09:20:00,-0.26120055,low-ebb
2026-10-29 09:30:00,-0.35512522,low-ebb
2026-10-29 09:40:00,-0.4463453,low-ebb
2026-10-29 09:50:00,-0.5340519,low-ebb
2026-10-29 10:00:00,-0.6174638,low-ebb
2026-10-29 10:10:00,-0.69583803,low-ebb
2026-10-29 10:20:00,-0.76847893,low-ebb
2026-10-29 10:30:00,-0.83474785,low-ebb
2026-10-29 10:40:00,-0.8940709,low-ebb
2026-10-29 10:50:00,-0.9459461,low-ebb
2026-10-29 11:00:00,-0.9899483,low-ebb
2026-10-29 11:10:00,-1.0257326,low-ebb
2026-10-29 11:20:00,-1.0530362,low-ebb
2026-10-29 11:30:00,-1.0716782,low-ebb
2026-10-29 11:40:00,-1.0815572,low-ebb
2026-10-29 11:50:00,-1.082649,low-ebb
2026-10-29 12:00:00,-1.0750018,low-flow
2026-10-29 12:10:00,-1.0587311,low-flow
2026-10-29 12:20:00,-1.0340141,low-flow
2026-10-29 12:30:00,-1.0010843,low-flow
2026-10-29 12:40:00,-0.96022636,low-flow
2026-10-29 12:50:00,-0.9117702,low-flow
2026-10-29 13:00:00,-0.85608757,low-flow
2026-10-29 13:10:00,-0.7935877,low-flow
2026-10-29 13:20:00,-0.7247139,low-flow
2026-10-29 13:30:00,-0.64994144,low-flow
2026-10-29 13:40:00,-0.56977427,low-flow
2026-10-29 13:50:00,-0.48474362,low-flow
2026-10-29 14:00:00,-0.39540532,low-flow
2026-10-29 14:10:00,-0.30233762,low-flow
2026-10-29 14:20:00,-0.20613861,low-flow
2026-10-29 14:30:00,-0.10742342,low-flow
2026-10-29 14:40:00,-0.006820877,low-flow
2026-10-29 14:50:00,0.095029876,high-flow
2026-10-29 15:00:00,0.1974831,high-flow
2026-10-29 15:10:00,0.2998902,high-flow
2026-10-29 15:20:00,0.40160343,high-flow
2026-10-29 15:30:00,0.5019795,high-flow
2026-10-29 15:40:00,0.6003826,high-flow
2026-10-29 15:50:00,0.69618785,high-flow
2026-10-29 16:00:00,0.78878325,high-flow
2026-10-29 16:10:00,0.8775725,high-flow
2026-10-29 16:20:00,0.96197665,high-flow
2026-10-29 16:30:00,1.0414364,high-flow
2026-10-29 16:40:00,1.1154143,high-flow
2026-10-29 16:50:00,1.183396,high-flow
2026-10-29 17:00:00,1.2448938,high-flow
2026-10-29 17:10:00,1.2994494,high-flow
2026-10-29 17:20:00,1.3466369,high-flow
2026-10-29 17:30:00,1.3860668,high-flow
2026-10-29 17:40:00,1.4173907,high-flow
2026-10-29 17:50:00,1.4403051,high-flow
2026-10-29 18:00:00,1.4545566,high-flow
2026-10-29 18:10:00,1.4599458,high-flow
2026-10-29 18:20:00,1.456332,high-ebb
2026-10-29 18:30:00,1.4436361,high-ebb
2026-10-29 18:40:00,1.4218434,high-ebb
2026-10-29 18:50:00,1.3910065,high-ebb
2026-10-29 19:00:00,1.3512447,high-ebb
2026-10-29 19:10:00,1.3027451,high-ebb
2026-10-29 19:20:00,1.2457614,high-ebb
2026-10-29 19:30:00,1.1806121,high-ebb
2026-10-29 19:40:00,1.1076782,high-ebb
2026-10-29 19:50:00,1.0274001,high-ebb
2026-10-29 20:00:00,0.9402752,high-ebb
2026-10-29 20:10:00,0.84685326,high-ebb
2026-10-29 20:20:00,0.74773407,high-ebb
2026-10-29 20:30:00,0.64356315,high-ebb
2026-10-29 20:40:00,0.53502864,high-ebb
2026-10-29 20:50:00,0.4228571,high-ebb
2026-10-29 21:00:00,0.30780986,high-ebb
2026-10-29 21:10:00,0.19067824,high-ebb
2026-10-29 21:20:00,0.07227875,high-ebb
2026-10-29 21:30:00,-0.046552774,low-ebb
2026-10-29 21:40:00,-0.1649677,low-ebb
2026-10-29 21:50:00,-0.28211206,low-ebb
2026-10-29 22:00:00,-0.3971349,low-ebb
2026-10-29 22:10:00,-0.5091972,low-ebb
2026-10-29 22:20:00,-0.61748147,low-ebb
2026-10-29 22:30:00,-0.7212017,low-ebb
2026-10-29 22:40:00,-0.8196129,low-ebb
2026-10-29 22:50:00,-0.9120206,low-ebb
2026-10-29 23:00:00,-0.99778926,low-ebb
2026-10-29 23:10:00,-1.0763496,low-ebb
2026-10-29 23:20:00,-1.1472049,low-ebb
2026-10-29 23:30:00,-1.2099346,low-ebb
2026-10-29 23:40:00,-1.2641975,low-ebb
2026-10-29 23:50:00,-1.3097322,low-ebb
2026-10-30 00:00:00,-1.346356,low-ebb
2026-10-30 00:10:00,-1.373963,low-ebb
2026-10-30 00:20:00,-1.3925195,low-ebb
2026-10-30 00:30:00,-1.4020606,low-ebb
2026-10-30 00:40:00,-1.4026841,low-ebb
2026-10-30 00:50:00,-1.3945454,low-flow
2026-10-30 01:00:00,-1.3778528,low-flow
2026-10-30 01:10:00,-1.3528616,low-flow
2026-10-30 01:20:00,-1.3198704,low-flow
2026-10-30 01:30:00,-1.2792166,low-flow
2026-10-30 01:40:00,-1.2312744,low-flow
2026-10-30 01:50:00,-1.1764506,low-flow
2026-10-30 02:00:00,-1.1151837,low-flow
2026-10-30 02:10:00,-1.047941,low-flow
2026-10-30 02:20:00,-0.9752173,low-flow
2026-10-30 02:30:00,-0.89753294,low-flow
2026-10-30 02:40:00,-0.81543154,low-flow
2026-10-30 02:50:00,-0.72947747,low-flow
2026-10-30 03:00:00,-0.64025325,low-flow
2026-10-30 03:10:00,-0.5483565,low-flow
2026-10-30 03:20:00,-0.45439604,low-flow
2026-10-30 03:30:00,-0.35898906,low-flow
2026-10-30 03:40:00,-0.26275682,low-flow
2026-10-30 03:50:00,-0.16632147,low-flow
2026-10-30 04:00:00,-0.07030257,low-flow
2026-10-30 04:10:00,0.024686007,high-flow
2026-10-30 04:20:00,0.1180388,high-flow
2026-10-30 04:30:00,0.20916127,high-flow
2026-10-30 04:40:00,0.29747194,high-flow
2026-10-30 04:50:00,0.3824045,high-flow
2026-10-30 05:00:00,0.4634099,high-flow
2026-10-30 05:10:00,0.5399583,high-flow
2026-10-30 05:20:00,0.61154175,high-flow
2026-10-30 05:30:00,0.67767674,high-flow
2026-10-30 05:40:00,0.7379075,high-flow
2026-10-30 05:50:00,0.7918099,high-flow
2026-10-30 06:00:00,0.83899516,high-flow
2026-10-30 06:10:00,0.87911457,high-flow
2026-10-30 06:20:00,0.9118639,high-flow
2026-10-30 06:30:00,0.9369882,high-flow
2026-10-30 06:40:00,0.9542857,high-flow
2026-10-30 06:50:00,0.9636121,high-flow
2026-10-30 07:00:00,0.9648833,high-flow
2026-10-30 07:10:00,0.9580783,high-ebb
2026-10-30 07:20:00,0.9432401,high-ebb
2026-10-30 07:30:00,0.92047644,high-ebb
2026-10-30 07:40:00,0.8899594,high-ebb
2026-10-30 07:50:00,0.85192406,high-ebb
2026-10-30 08:00:00,0.8066665,high-ebb
2026-10-30 08:10:00,0.75454134,high-ebb
2026-10-30 08:20:00,0.6959586,high-ebb
2026-10-30 08:30:00,0.6313806,high-ebb
2026-10-30 08:40:00,0.5613189,high-ebb
2026-10-30 08:50:00,0.48633045,high-ebb
2026-10-30 09:00:00,0.40701482,high-ebb
2026-10-30 09:10:00,0.32401034,high-ebb
2026-10-30 09:20:00,0.23799074,high-ebb
2026-10-30 09:30:00,0.14966106,high-ebb
2026-10-30 09:40:00,0.05975349,high-ebb
2026-10-30 09:50:00,-0.030977802,low-ebb
2026-10-30 10:00:00,-0.121762335,low-ebb
2026-10-30 10:10:00,-0.21181993,low-ebb
2026-10-30 10:20:00,-0.30036816,low-ebb
2026-10-30 10:30:00,-0.38663068,low-ebb
2026-10-30 10:40:00,-0.469846,low-ebb
2026-10-30 10:50:00,-0.549277,low-ebb
2026-10-30 11:00:00,-0.6242202,low-ebb
2026-10-30 11:10:00,-0.694015,low-ebb
2026-10-30 11:20:00,-0.75805277,low-ebb
2026-10-30 11:30:00,-0.81578386,low-ebb
2026-10-30 11:40:00,-0.86672467,low-ebb
2026-10-30 11:50:00,-0.91046226,low-ebb
2026-10-30 12:00:00,-0.9466579,low-ebb
2026-10-30 12:10:00,-0.9750483,low-ebb
2026-10-30 12:20:00,-0.99544585,low-ebb
2026-10-30 12:30:00,-1.0077364,low-ebb
2026-10-30 12:40:00,-1.0118771,low-ebb
2026-10-30 12:50:00,-1.0078909,low-flow
2026-10-30 13:00:00,-0.99586344,low-flow
2026-10-30 13:10:00,-0.9759365,low-flow
2026-10-30 13:20:00,-0.94830364,low-flow
2026-10-30 13:30:00,-0.91320497,low-flow
2026-10-30 13:40:00,-0.8709228,low-flow
2026-10-30 13:50:00,-0.8217774,low-flow
2026-10-30 14:00:00,-0.7661243,low-flow
2026-10-30 14:10:00,-0.70435095,low-flow
2026-10-30 14:20:00,-0.63687503,low-flow
2026-10-30 14:30:00,-0.56414247,low-flow
2026-10-30 14:40:00,-0.48662585,low-flow
2026-10-30 14:50:00,-0.4048226,low-flow
2026-10-30 15:00:00,-0.3192534,low-flow
2026-10-30 15:10:00,-0.23045999,low-flow
2026-10-30 15:20:00,-0.1390027,low-flow
2026-10-30 15:30:00,-0.045457676,low-flow
2026-10-30 15:40:00,0.049586266,high-flow
2026-10-30 15:50:00,0.14553113,high-flow
2026-10-30 16:00:00,0.24177326,high-flow
2026-10-30 16:10:00,0.3377069,high-flow
2026-10-30 16:20:00,0.4327276,high-flow
2026-10-30 16:30:00,0.5262355,high-flow
2026-10-30 16:40:00,0.61763835,high-flow
2026-10-30 16:50:00,0.7063538,high-flow
2026-10-30 17:00:00,0.791812,high-flow
2026-10-30 17:10:00,0.87345773,high-flow
2026-10-30 17:20:00,0.95075214,high-flow
2026-10-30 17:30:00,1.023175,high-flow
2026-10-30 17:40:00,1.0902268,high-flow
2026-10-30 17:50:00,1.1514314,high-flow
2026-10-30 18:00:00,1.2063388,high-flow
2026-10-30 18:10:00,1.2545283,high-flow
2026-10-30 18:20:00,1.2956128,high-flow
2026-10-30 18:30:00,1.3292426,high-flow
2026-10-30 18:40:00,1.3551095,high-flow
2026-10-30 18:50:00,1.3729516,high-flow
2026-10-30 19:00:00,1.3825579,high-flow
2026-10-30 19:10:00,1.3837712,high-flow
2026-10-30 19:20:00,1.3764926,high-ebb
2026-10-30 19:30:00,1.3606834,high-ebb
2026-10-30 19:40:00,1.3363675,high-ebb
2026-10-30 19:50:00,1.3036314,high-ebb
2026-10-30 20:00:00,1.2626251,high-ebb
2026-10-30 20:10:00,1.2135606,high-ebb
2026-10-30 20:20:00,1.1567103,high-ebb
2026-10-30 20:30:00,1.0924048,high-ebb
2026-10-30 20:40:00,1.0210305,high-ebb
2026-10-30 20:50:00,0.9430261,high-ebb
2026-10-30 21:00:00,0.8588796,high-ebb
2026-10-30 21:10:00,0.7691255,high-ebb
2026-10-30 21:20:00,0.6743415,high-ebb
2026-10-30 21:30:00,0.5751453,high-ebb
2026-10-30 21:40:00,0.47219154,high-ebb
2026-10-30 21:50:00,0.36616853,high-ebb
2026-10-30 22:00:00,0.25779432,high-ebb
2026-10-30 22:10:00,0.14781258,high-ebb
2026-10-30 22:20:00,0.03698764,high-ebb
2026-10-30 22:30:00,-0.07390122,low-ebb
2026-10-30 22:40:00,-0.18406639,low-ebb
2026-10-30 22:50:00,-0.29271933,low-ebb
2026-10-30 23:00:00,-0.39907888,low-ebb
2026-10-30 23:10:00,-0.5023799,low-ebb
2026-10-30 23:20:00,-0.6018826,low-ebb
2026-10-30 23:30:00,-0.6968814,low-ebb
2026-10-30 23:40:00,-0.7867141,low-ebb
2026-10-30 23:50:00,-0.87076944,low-ebb
2026-10-31 00:00:00,-0.9484949,low-ebb
2026-10-31 00:10:00,-1.0194017,low-ebb
2026-10-31 00:20:00,-1.0830697,low-ebb
2026-10-31 00:30:00,-1.1391492,low-ebb
2026-10-31 00:40:00,-1.1873629,low-ebb
2026-10-31 00:50:00,-1.227504,low-ebb
2026-10-31 01:00:00,-1.2594353,low-ebb
2026-10-31 01:10:00,-1.283085,low-ebb
2026-10-31 01:20:00,-1.2984434,low-ebb
2026-10-31 01:30:00,-1.3055577,low-ebb
2026-10-31 01:40:00,-1.3045281,low-ebb
2026-10-31 01:50:00,-1.2955022,low-flow
2026-10-31 02:00:00,-1.2786716,low-flow
2026-10-31 02:10:00,-1.2542679,low-flow
2026-10-31 02:20:00,-1.2225597,low-flow
2026-10-31 02:30:00,-1.1838497,low-flow
2026-10-31 02:40:00,-1.1384733,low-flow
2026-10-31 02:50:00,-1.0867971,low-flow
2026-10-31 03:00:00,-1.0292172,low-flow
2026-10-31 03:10:00,-0.9661582,low-flow
2026-10-31 03:20:00,-0.8980718,low-flow
2026-10-31 03:30:00,-0.8254353,low-flow
2026-10-31 03:40:00,-0.74874926,low-flow
2026-10-31 03:50:00,-0.6685355,low-flow
2026-10-31 04:00:00,-0.585334,low-flow
2026-10-31 04:10:00,-0.49969968,low-flow
2026-10-31 04:20:00,-0.4121991,low-flow
2026-10-31 04:30:00,-0.32340685,low-flow
2026-10-31 04:40:00,-0.23390198,low-flow
2026-10-31 04:50:00,-0.14426462,low-flow
2026-10-31 05:00:00,-0.05507294,low-flow
2026-10-31 05:10:00,0.03309984,high-flow
2026-10-31 05:20:00,0.11968791,high-flow
2026-10-31 05:30:00,0.20413513,high-flow
2026-10-31 05:40:00,0.28589728,high-flow
2026-10-31 05:50:00,0.36444396,high-flow
2026-10-31 06:00:00,0.4392609,high-flow
2026-10-31 06:10:00,0.50985223,high-flow
2026-10-31 06:20:00,0.5757432,high-flow
2026-10-31 06:30:00,0.6364835,high-flow
2026-10-31 06:40:00,0.6916505,high-flow
2026-10-31 06:50:00,0.74085325,high-flow
2026-10-31 07:00:00,0.78373694,high-flow
2026-10-31 07:10:00,0.819987,high-flow
2026-10-31 07:20:00,0.84933347,high-flow
2026-10-31 07:30:00,0.87155515,high-flow
2026-10-31 07:40:00,0.8864832,high-flow
2026-10-31 07:50:00,0.8940042,high-flow
2026-10-31 08:00:00,0.8940622,high-flow
2026-10-31 08:10:00,0.8866603,high-ebb
2026-10-31 08:20:00,0.87186074,high-ebb
2026-10-31 08:30:00,0.8497848,high-ebb
2026-10-31 08:40:00,0.82061154,high-ebb
2026-10-31 08:50:00,0.78457576,high-ebb
2026-10-31 09:00:00,0.74196595,high-ebb
2026-10-31 09:10:00,0.69312143,high-ebb
2026-10-31 09:20:00,0.6384297,high-ebb
2026-10-31 09:30:00,0.5783236,high-ebb
2026-10-31 09:40:00,0.5132787,high-ebb
2026-10-31 09:50:00,0.44381055,high-ebb
2026-10-31 10:00:00,0.37047195,high-ebb
2026-10-31 10:10:00,0.2938503,high-ebb
2026-10-31 10:20:00,0.21456462,high-ebb
2026-10-31 10:30:00,0.13326217,high-ebb
2026-10-31 10:40:00,0.05061439,high-ebb
2026-10-31 10:50:00,-0.03268774,low-ebb
2026-10-31 11:00:00,-0.11593931,low-ebb
2026-10-31 11:10:00,-0.19842795,low-ebb
2026-10-31 11:20:00,-0.27944106,low-ebb
2026-10-31 11:30:00,-0.35827395,low-ebb
2026-10-31 11:40:00,-0.43423828,low-ebb
2026-10-31 11:50:00,-0.5066709,low-ebb
2026-10-31 12:00:00,-0.5749424,low-ebb
2026-10-31 12:10:00,-0.63846564,low-ebb
2026-10-31 12:20:00,-0.69670284,low-ebb
2026-10-31 12:30:00,-0.7491721,low-ebb
2026-10-31 12:40:00,-0.7954524,low-ebb
2026-10-31 12:50:00,-0.83518714,low-ebb
2026-10-31 13:00:00,-0.86808556,low-ebb
2026-10-31 13:10:00,-0.8939237,low-ebb
2026-10-31 13:20:00,-0.9125425,low-ebb
2026-10-31 13:30:00,-0.9238461,low-ebb
2026-10-31 13:40:00,-0.927798,low-ebb
2026-10-31 13:50:00,-0.92441714,low-flow
2026-10-31 14:00:00,-0.91377383,low-flow
2026-10-31 14:10:00,-0.8959854,low-flow
2026-10-31 14:20:00,-0.87121207,low-flow
2026-10-31 14:30:00,-0.8396532,low-flow
2026-10-31 14:40:00,-0.8015448,low-flow
2026-10-31 14:50:00,-0.7571566,low-flow
2026-10-31 15:00:00,-0.7067907,low-flow
2026-10-31 15:10:00,-0.65077955,low-flow
2026-10-31 15:20:00,-0.58948565,low-flow
2026-10-31 15:30:00,-0.52330005,low-flow
2026-10-31 15:40:00,-0.4526414,low-flow
2026-10-31 15:50:00,-0.3779548,low-flow
2026-10-31 16:00:00,-0.29971007,low-flow
2026-10-31 16:10:00,-0.21839952,low-flow
2026-10-31 16:20:00,-0.13453564,low-flow
2026-10-31 16:30:00,-0.048647813,low-flow
2026-10-31 16:40:00,0.038720775,high-flow
2026-10-31 16:50:00,0.12701681,high-flow
2026-10-31 17:00:00,0.21568042,high-flow
2026-10-31 17:10:00,0.30414867,high-flow
2026-10-31 17:20:00,0.39185902,high-flow
2026-10-31 17:30:00,0.47825223,high-flow
2026-10-31 17:40:00,0.5627752,high-flow
2026-10-31 17:50:00,0.64488345,high-flow
2026-10-31 18:00:00,0.7240433,high-flow
2026-10-31 18:10:00,0.7997338,high-flow
2026-10-31 18:20:00,0.8714491,high-flow
2026-10-31 18:30:00,0.93870026,high-flow
2026-10-31 18:40:00,1.0010179,high-flow
2026-10-31 18:50:00,1.057955,high-flow
2026-10-31 19:00:00,1.10909,high-flow
2026-10-31 19:10:00,1.1540302,high-flow
2026-10-31 19:20:00,1.1924157,high-flow
2026-10-31 19:30:00,1.2239238,high-flow
2026-10-31 19:40:00,1.2482729,high-flow
2026-10-31 19:50:00,1.2652261,high-flow
2026-10-31 20:00:00,1.2745957,high-flow
2026-10-31 20:10:00,1.2762458,high-flow
2026-10-31 20:20:00,1.270095,high-ebb
2026-10-31 20:30:00,1.2561176,high-ebb
2026-10-31 20:40:00,1.2343451,high-ebb
2026-10-31 20:50:00,1.2048657,high-ebb
2026-10-31 21:00:00,1.1678237,high-ebb
2026-10-31 21:10:00,1.1234179,high-ebb
2026-10-31 21:20:00,1.0718995,high-ebb
2026-10-31 21:30:00,1.0135705,high-ebb
2026-10-31 21:40:00,0.9487802,high-ebb
2026-10-31 21:50:00,0.8779235,high-ebb
2026-10-31 22:00:00,0.8014383,high-ebb
2026-10-31 22:10:00,0.7198031,high-ebb
2026-10-31 22:20:00,0.633535,high-ebb
2026-10-31 22:30:00,0.54318756,high-ebb
2026-10-31 22:40:00,0.44934827,high-ebb
2026-10-31 22:50:00,0.35263622,high-ebb
2026-10-31 23:00:00,0.25369892,high-ebb
2026-10-31 23:10:00,0.15320861,high-ebb
2026-10-31 23:20:00,0.05185766,high-ebb
2026-10-31 23:30:00,-0.049646854,low-ebb
2026-10-31 23:40:00,-0.15058956,low-ebb
2026-10-31 23:50:00,-0.25025398,low-ebb
2026-11-01 00:00:00,-0.34793046,low-ebb
2026-11-01 00:10:00,-0.44292456,low-ebb
2026-11-01 00:20:00,-0.5345655,low-ebb
2026-11-01 00:30:00,-0.6222147,low-ebb
2026-11-01 00:40:00,-0.70527333,low-ebb
2026-11-01 00:50:00,-0.78318965,low-ebb
2026-11-01 01:00:00,-0.8554645,low-ebb
2026-11-01 01:10:00,-0.92165613,low-ebb
2026-11-01 01:20:00,-0.9813827,low-ebb
2026-11-01 01:30:00,-1.0343243,low-ebb
2026-11-01 01:40:00,-1.0802224,low-ebb
2026-11-01 01:50:00,-1.118879,low-ebb
2026-11-01 02:00:00,-1.1501544,low-ebb
2026-11-01 02:10:00,-1.1739634,low-ebb
2026-11-01 02:20:00,-1.1902727,low-ebb
2026-11-01 02:30:00,-1.1990966,low-ebb
2026-11-01 02:40:00,-1.2004937,low-ebb
2026-11-01 02:50:00,-1.1945635,low-flow
2026-11-01 03:00:00,-1.1814445,low-flow
2026-11-01 03:10:00,-1.1613109,low-flow
2026-11-01 03:20:00,-1.134372,low-flow
2026-11-01 03:30:00,-1.1008711,low-flow
2026-11-01 03:40:00,-1.0610843,low-flow
2026-11-01 03:50:00,-1.0153201,low-flow
2026-11-01 04:00:00,-0.9639191,low-flow
2026-11-01 04:10:00,-0.9072529,low-flow
2026-11-01 04:20:00,-0.8457229,low-flow
2026-11-01 04:30:00,-0.7797587,low-flow
2026-11-01 04:40:00,-0.7098157,low-flow
2026-11-01 04:50:00,-0.6363726,low-flow
2026-11-01 05:00:00,-0.5599283,low-flow
2026-11-01 05:10:00,-0.48099807,low-flow
2026-11-01 05:20:00,-0.40011024,low-flow
2026-11-01 05:30:00,-0.3178023,low-flow
2026-11-01 05:40:00,-0.23461746,low-flow
2026-11-01 05:50:00,-0.1511012,low-flow
2026-11-01 06:00:00,-0.06779831,low-flow
2026-11-01 06:10:00,0.01474993,high-flow
2026-11-01 06:20:00,0.0960081,high-flow
2026-11-01 06:30:00,0.17544891,high-flow
2026-11-01 06:40:00,0.25255534,high-flow
2026-11-01 06:50:00,0.32682276,high-flow
2026-11-01 07:00:00,0.3977612,high-flow
2026-11-01 07:10:00,0.464898,high-flow
2026-11-01 07:20:00,0.52778065,high-flow
2026-11-01 07:30:00,0.58598024,high-flow
2026-11-01 07:40:00,0.63909477,high-flow
2026-11-01 07:50:00,0.68675345,high-flow
2026-11-01 08:00:00,0.72862047,high-flow
2026-11-01 08:10:00,0.76439905,high-flow
2026-11-01 08:20:00,0.7938353,high-flow
2026-11-01 08:30:00,0.81672144,high-flow
2026-11-01 08:40:00,0.8328987,high-flow
2026-11-01 08:50:00,0.8422593,high-flow
2026-11-01 09:00:00,0.8447479,high-flow
2026-11-01 09:10:00,0.8403618,high-ebb
2026-11-01 09:20:00,0.82915074,high-ebb
2026-11-01 09:30:00,0.81121606,high-ebb
2026-11-01 09:40:00,0.78670895,high-ebb
2026-11-01 09:50:00,0.75582886,high-ebb
2026-11-01 10:00:00,0.71882117,high-ebb
2026-11-01 10:10:00,0.6759755,high-ebb
2026-11-01 10:20:00,0.62762326,high-ebb
2026-11-01 10:30:00,0.57413644,high-ebb
2026-11-01 10:40:00,0.51592535,high-ebb
2026-11-01 10:50:00,0.45343766,high-ebb
2026-11-01 11:00:00,0.38715634,high-ebb
2026-11-01 11:10:00,0.3175983,high-ebb
2026-11-01 11:20:00,0.24531212,high-ebb
2026-11-01 11:30:00,0.17087534,high-ebb
2026-11-01 11:40:00,0.094891034,high-ebb
2026-11-01 11:50:00,0.01798344,high-ebb
2026-11-01 12:00:00,-0.05920731,low-ebb
2026-11-01 12:10:00,-0.13603148,low-ebb
2026-11-01 12:20:00,-0.21183683,low-ebb
2026-11-01 12:30:00,-0.28597635,low-ebb
2026-11-01 12:40:00,-0.35781643,low-ebb
2026-11-01 12:50:00,-0.42674512,low-ebb
2026-11-01 13:00:00,-0.4921801,low-ebb
2026-11-01 13:10:00,-0.5535761,low-ebb
2026-11-01 13:20:00,-0.6104313,low-ebb
2026-11-01 13:30:00,-0.66229284,low-ebb
2026-11-01 13:40:00,-0.70876044,low-ebb
2026-11-01 13:50:00,-0.7494893,low-ebb
2026-11-01 14:00:00,-0.78419095,low-ebb
2026-11-01 14:10:00,-0.812633,low-ebb
2026-11-01 14:20:00,-0.8346379,low-ebb
2026-11-01 14:30:00,-0.85008067,low-ebb
2026-11-01 14:40:00,-0.85888606,low-ebb
2026-11-01 14:50:00,-0.8610256,low-ebb
2026-11-01 15:00:00,-0.85651404,low-flow
2026-11-01 15:10:00,-0.84540725,low-flow
2026-11-01 15:20:00,-0.8277991,low-flow
2026-11-01 15:30:00,-0.80381984,low-flow
2026-11-01 15:40:00,-0.77363497,low-flow
2026-11-01 15:50:00,-0.7374439,low-flow
2026-11-01 16:00:00,-0.69547987,low-flow
2026-11-01 16:10:00,-0.64800924,low-flow
2026-11-01 16:20:00,-0.59533155,low-flow
2026-11-01 16:30:00,-0.5377787,low-flow
2026-11-01 16:40:00,-0.47571424,low-flow
2026-11-01 16:50:00,-0.40953207,low-flow
2026-11-01 17:00:00,-0.33965442,low-flow
2026-11-01 17:10:00,-0.26652935,low-flow
2026-11-01 17:20:00,-0.1906279,low-flow
2026-11-01 17:30:00,-0.11244053,low-flow
2026-11-01 17:40:00,-0.032473497,low-flow
2026-11-01 17:50:00,0.048754964,high-flow
2026-11-01 18:00:00,0.13071844,high-flow
2026-11-01 18:10:00,0.21288595,high-flow
2026-11-01 18:20:00,0.29472518,high-flow
2026-11-01 18:30:00,0.37570563,high-flow
2026-11-01 18:40:00,0.45530108,high-flow
2026-11-01 18:50:00,0.53299206,high-flow
2026-11-01 19:00:00,0.608268,high-flow
2026-11-01 19:10:00,0.6806294,high-flow
2026-11-01 19:20:00,0.74958944,high-flow
2026-11-01 19:30:00,0.8146772,high-flow
2026-11-01 19:40:00,0.8754393,high-flow
2026-11-01 19:50:00,0.9314434,high-flow
2026-11-01 20:00:00,0.9822814,high-flow
2026-11-01 20:10:00,1.0275725,high-flow
2026-11-01 20:20:00,1.0669678,high-flow
2026-11-01 20:30:00,1.1001531,high-flow
2026-11-01 20:40:00,1.1268533,high-flow
2026-11-01 20:50:00,1.1468358,high-flow
2026-11-01 21:00:00,1.1599128,high-flow
2026-11-01 21:10:00,1.1659441,high-flow
2026-11-01 21:20:00,1.1648389,high-flow
2026-11-01 21:30:00,1.1565559,high-ebb
2026-11-01 21:40:00,1.1411039,high-ebb
2026-11-01 21:50:00,1.1185415,high-ebb
2026-11-01 22:00:00,1.0889752,high-ebb
2026-11-01 22:10:00,1.0525587,high-ebb
2026-11-01 22:20:00,1.0094908,high-ebb
2026-11-01 22:30:00,0.96001416,high-ebb
2026-11-01 22:40:00,0.9044129,high-ebb
2026-11-01 22:50:00,0.8430121,high-ebb
2026-11-01 23:00:00,0.7761759,high-ebb
2026-11-01 23:10:00,0.704307,high-ebb
2026-11-01 23:20:00,0.6278457,high-ebb
2026-11-01 23:30:00,0.5472686,high-ebb
2026-11-01 23:40:00,0.46308777,high-ebb
2026-11-01 23:50:00,0.37584862,high-ebb
2026-11-02 00:00:00,0.28612792,high-ebb
2026-11-02 00:10:00,0.1945302,high-ebb
2026-11-02 00:20:00,0.10168361,high-ebb
2026-11-02 00:30:00,0.008234621,high-ebb
2026-11-02 00:40:00,-0.08515822,low-ebb
2026-11-02 00:50:00,-0.1778314,low-ebb
2026-11-02 01:00:00,-0.26912418,low-ebb
2026-11-02 01:10:00,-0.3583867,low-ebb
2026-11-02 01:20:00,-0.4449881,low-ebb
2026-11-02 01:30:00,-0.5283242,low-ebb
2026-11-02 01:40:00,-0.60782486,low-ebb
2026-11-02 01:50:00,-0.68296003,low-ebb
2026-11-02 02:00:00,-0.7532448,low-ebb
2026-11-02 02:10:00,-0.818243,low-ebb
2026-11-02 02:20:00,-0.8775699,low-ebb
2026-11-02 02:30:00,-0.93089277,low-ebb
2026-11-02 02:40:00,-0.977931,low-ebb
2026-11-02 02:50:00,-1.018455,low-ebb
2026-11-02 03:00:00,-1.0522842,low-ebb
2026-11-02 03:10:00,-1.079285,low-ebb
2026-11-02 03:20:00,-1.099368,low-ebb
2026-11-02 03:30:00,-1.1124865,low-ebb
2026-11-02 03:40:00,-1.1186335,low-ebb
2026-11-02 03:50:00,-1.1178411,low-ebb
2026-11-02 04:00:00,-1.1101793,low-flow
2026-11-02 04:10:00,-1.095755,low-flow
2026-11-02 04:20:00,-1.0747122,low-flow
2026-11-02 04:30:00,-1.0472323,low-flow
2026-11-02 04:40:00,-1.0135336,low-flow
2026-11-02 04:50:00,-0.9738717,low-flow
2026-11-02 05:00:00,-0.92853904,low-flow
2026-11-02 05:10:00,-0.8778636,low-flow
2026-11-02 05:20:00,-0.8222077,low-flow
2026-11-02 05:30:00,-0.761966,low-flow
2026-11-02 05:40:00,-0.6975622,low-flow
2026-11-02 05:50:00,-0.62944645,low-flow
2026-11-02 06:00:00,-0.558091,low-flow
2026-11-02 06:10:00,-0.4839867,low-flow
2026-11-02 06:20:00,-0.40763894,low-flow
2026-11-02 06:30:00,-0.32956362,low-flow
2026-11-02 06:40:00,-0.25028372,low-flow
2026-11-02 06:50:00,-0.17032576,low-flow
2026-11-02 07:00:00,-0.09021688,low-flow
2026-11-02 07:10:00,-0.01048225,low-flow
2026-11-02 07:20:00,0.06835735,high-flow
2026-11-02 07:30:00,0.14578769,high-flow
2026-11-02 07:40:00,0.22130322,high-flow
2026-11-02 07:50:00,0.29440933,high-flow
2026-11-02 08:00:00,0.3646247,high-flow
2026-11-02 08:10:00,0.431484,high-flow
2026-11-02 08:20:00,0.494541,high-flow
2026-11-02 08:30:00,0.5533716,high-flow
2026-11-02 08:40:00,0.6075778,high-flow
2026-11-02 08:50:00,0.6567911,high-flow
2026-11-02 09:00:00,0.70067626,high-flow
2026-11-02 09:10:00,0.7389347,high-flow
2026-11-02 09:20:00,0.77130777,high-flow
2026-11-02 09:30:00,0.7975793,high-flow
2026-11-02 09:40:00,0.8175775,high-flow
2026-11-02 09:50:00,0.8311763,high-flow
2026-11-02 10:00:00,0.8382961,high-flow
2026-11-02 10:10:00,0.8389034,high-flow
2026-11-02 10:20:00,0.83301044,high-ebb
2026-11-02 10:30:00,0.8206742,high-ebb
2026-11-02 10:40:00,0.80199486,high-ebb
2026-11-02 10:50:00,0.77711505,high-ebb
2026-11-02 11:00:00,0.74621826,high-ebb
2026-11-02 11:10:00,0.70952797,high-ebb
2026-11-02 11:20:00,0.667307,high-ebb
2026-11-02 11:30:00,0.61985713,high-ebb
2026-11-02 11:40:00,0.56751853,high-ebb
2026-11-02 11:50:00,0.51066977,high-ebb
2026-11-02 12:00:00,0.44972745,high-ebb
2026-11-02 12:10:00,0.3851452,high-ebb
2026-11-02 12:20:00,0.31741253,high-ebb
2026-11-02 12:30:00,0.2470525,high-ebb
2026-11-02 12:40:00,0.17461862,high-ebb
2026-11-02 12:50:00,0.10069059,high-ebb
2026-11-02 13:00:00,0.025869034,high-ebb
2026-11-02 13:10:00,-0.04923081,low-ebb
2026-11-02 13:20:00,-0.12398627,low-ebb
2026-11-02 13:30:00,-0.1977749,low-ebb
2026-11-02 13:40:00,-0.2699826,low-ebb
2026-11-02 13:50:00,-0.34001154,low-ebb
2026-11-02 14:00:00,-0.4072877,low-ebb
2026-11-02 14:10:00,-0.47126785,low-ebb
2026-11-02 14:20:00,-0.53144544,low-ebb
2026-11-02 14:30:00,-0.58735526,low-ebb
2026-11-02 14:40:00,-0.6385769,low-ebb
2026-11-02 14:50:00,-0.68473715,low-ebb
2026-11-02 15:00:00,-0.72551054,low-ebb
2026-11-02 15:10:00,-0.76061946,low-ebb
2026-11-02 15:20:00,-0.7898334,low-ebb
2026-11-02 15:30:00,-0.8129672,low-ebb
2026-11-02 15:40:00,-0.8298793,low-ebb
2026-11-02 15:50:00,-0.8404702,low-ebb
2026-11-02 16:00:00,-0.8446808,low-ebb
2026-11-02 16:10:00,-0.842491,low-flow
2026-11-02 16:20:00,-0.83391917,low-flow
2026-11-02 16:30:00,-0.8190218,low-flow
2026-11-02 16:40:00,-0.7978933,low-flow
2026-11-02 16:50:00,-0.7706665,low-flow
2026-11-02 17:00:00,-0.7375129,low-flow
2026-11-02 17:10:00,-0.6986431,low-flow
2026-11-02 17:20:00,-0.6543065,low-flow
2026-11-02 17:30:00,-0.6047906,low-flow
2026-11-02 17:40:00,-0.55042034,low-flow
2026-11-02 17:50:00,-0.4915556,low-flow
2026-11-02 18:00:00,-0.42858905,low-flow
2026-11-02 18:10:00,-0.36194292,low-flow
2026-11-02 18:20:00,-0.29206535,low-flow
2026-11-02 18:30:00,-0.21942648,low-flow
2026-11-02 18:40:00,-0.14451414,low-flow
2026-11-02 18:50:00,-0.06782987,low-flow
2026-11-02 19:00:00,0.010115117,high-flow
2026-11-02 19:10:00,0.08880353,high-flow
2026-11-02 19:20:00,0.16771533,high-flow
2026-11-02 19:30:00,0.24633062,high-flow
2026-11-02 19:40:00,0.32413217,high-flow
2026-11-02 19:50:00,0.4006078,high-flow
2026-11-02 20:00:00,0.47525224,high-flow
2026-11-02 20:10:00,0.5475695,high-flow
2026-11-02 20:20:00,0.61707497,high-flow
2026-11-02 20:30:00,0.68329763,high-flow
2026-11-02 20:40:00,0.74578303,high-flow
2026-11-02 20:50:00,0.8040959,high-flow
2026-11-02 21:00:00,0.85782385,high-flow
2026-11-02 21:10:00,0.90658015,high-flow
2026-11-02 21:20:00,0.950008,high-flow
2026-11-02 21:30:00,0.98778313,high-flow
2026-11-02 21:40:00,1.0196177,high-flow
2026-11-02 21:50:00,1.0452625,high-flow
2026-11-02 22:00:00,1.0645094,high-flow
2026-11-02 22:10:00,1.0771931,high-flow
2026-11-02 22:20:00,1.083192,high-flow
2026-11-02 22:30:00,1.0824281,high-flow
2026-11-02 22:40:00,1.0748675,high-ebb
2026-11-02 22:50:00,1.0605197,high-ebb
2026-11-02 23:00:00,1.039436,high-ebb
2026-11-02 23:10:00,1.0117097,high-ebb
2026-11-02 23:20:00,0.97747433,high-ebb
2026-11-02 23:30:00,0.9369036,high-ebb
2026-11-02 23:40:00,0.89021075,high-ebb
2026-11-02 23:50:00,0.83764875,high-ebb
2026-11-03 00:00:00,0.7795103,high-ebb
2026-11-03 00:10:00,0.7161286,high-ebb
2026-11-03 00:20:00,0.6478771,high-ebb
2026-11-03 00:30:00,0.5751703,high-ebb
2026-11-03 00:40:00,0.4984625,high-ebb
2026-11-03 00:50:00,0.4182474,high-ebb
2026-11-03 01:00:00,0.33505544,high-ebb
2026-11-03 01:10:00,0.24945089,high-ebb
2026-11-03 01:20:00,0.16202736,high-ebb
2026-11-03 01:30:00,0.07340243,high-ebb
2026-11-03 01:40:00,-0.015788924,low-ebb
2026-11-03 01:50:00,-0.10490158,low-ebb
2026-11-03 02:00:00,-0.19328818,low-ebb
2026-11-03 02:10:00,-0.2803072,low-ebb
2026-11-03 02:20:00,-0.36533096,low-ebb
2026-11-03 02:30:00,-0.4477532,low-ebb
2026-11-03 02:40:00,-0.5269957,low-ebb
2026-11-03 02:50:00,-0.6025144,low-ebb
2026-11-03 03:00:00,-0.67380357,low-ebb
2026-11-03 03:10:00,-0.7403997,low-ebb
2026-11-03 03:20:00,-0.80188346,low-ebb
2026-11-03 03:30:00,-0.8578807,low-ebb
2026-11-03 03:40:00,-0.9080628,low-ebb
2026-11-03 03:50:00,-0.95214623,low-ebb
2026-11-03 04:00:00,-0.98989135,low-ebb
2026-11-03 04:10:00,-1.0211018,low-ebb
2026-11-03 04:20:00,-1.0456231,low-ebb
2026-11-03 04:30:00,-1.0633419,low-ebb
2026-11-03 04:40:00,-1.0741861,low-ebb
2026-11-03 04:50:00,-1.0781244,low-ebb
2026-11-03 05:00:00,-1.0751665,low-flow
2026-11-03 05:10:00,-1.0653644,low-flow
2026-11-03 05:20:00,-1.0488125,low-flow
2026-11-03 05:30:00,-1.0256486,low-flow
2026-11-03 05:40:00,-0.9960539,low-flow
2026-11-03 05:50:00,-0.9602531,low-flow
2026-11-03 06:00:00,-0.91851366,low-flow
2026-11-03 06:10:00,-0.87114394,low-flow
2026-11-03 06:20:00,-0.8184915,low-flow
2026-11-03 06:30:00,-0.7609397,low-flow
2026-11-03 06:40:00,-0.6989045,low-flow
2026-11-03 06:50:00,-0.6328302,low-flow
2026-11-03 07:00:00,-0.5631854,low-flow
2026-11-03 07:10:00,-0.49045843,low-flow
2026-11-03 07:20:00,-0.41515315,low-flow
2026-11-03 07:30:00,-0.33778498,low-flow
2026-11-03 07:40:00,-0.25887707,low-flow
2026-11-03 07:50:00,-0.17895706,low-flow
2026-11-03 08:00:00,-0.09855424,low-flow
2026-11-03 08:10:00,-0.018196924,low-flow
2026-11-03 08:20:00,0.061589766,high-flow
2026-11-03 08:30:00,0.14028612,high-flow
2026-11-03 08:40:00,0.21737994,high-flow
2026-11-03 08:50:00,0.29236892,high-flow
2026-11-03 09:00:00,0.36476308,high-flow
2026-11-03 09:10:00,0.43408754,high-flow
2026-11-03 09:20:00,0.49988562,high-flow
2026-11-03 09:30:00,0.5617221,high-flow
2026-11-03 09:40:00,0.6191866,high-flow
2026-11-03 09:50:00,0.6718972,high-flow
2026-11-03 10:00:00,0.7195032,high-flow
2026-11-03 10:10:00,0.76168895,high-flow
2026-11-03 10:20:00,0.7981754,high-flow
2026-11-03 10:30:00,0.82872283,high-flow
2026-11-03 10:40:00,0.8531319,high-flow
2026-11-03 10:50:00,0.8712446,high-flow
2026-11-03 11:00:00,0.8829444,high-flow
2026-11-03 11:10:00,0.8881563,high-flow
2026-11-03 11:20:00,0.8868461,high-flow
2026-11-03 11:30:00,0.8790202,high-ebb
2026-11-03 11:40:00,0.86472476,high-ebb
2026-11-03 11:50:00,0.84404576,high-ebb
2026-11-03 12:00:00,0.81710875,high-ebb
2026-11-03 12:10:00,0.7840793,high-ebb
2026-11-03 12:20:00,0.7451638,high-ebb
2026-11-03 12:30:00,0.7006101,high-ebb
2026-11-03 12:40:00,0.6507087,high-ebb
2026-11-03 12:50:00,0.59579337,high-ebb
2026-11-03 13:00:00,0.5362418,high-ebb
2026-11-03 13:10:00,0.47247526,high-ebb
2026-11-03 13:20:00,0.4049573,high-ebb
2026-11-03 13:30:00,0.33419192,high-ebb
2026-11-03 13:40:00,0.26071995,high-ebb
2026-11-03 13:50:00,0.18511464,high-ebb
2026-11-03 14:00:00,0.107975714,high-ebb
2026-11-03 14:10:00,0.029922863,high-ebb
2026-11-03 14:20:00,-0.048411973,low-ebb
2026-11-03 14:30:00,-0.12639257,low-ebb
2026-11-03 14:40:00,-0.2033866,low-ebb
2026-11-03 14:50:00,-0.27877367,low-ebb
2026-11-03 15:00:00,-0.35195273,low-ebb
2026-11-03 15:10:00,-0.42234877,low-ebb
2026-11-03 15:20:00,-0.4894185,low-ebb
2026-11-03 15:30:00,-0.5526548,low-ebb
2026-11-03 15:40:00,-0.6115901,low-ebb
2026-11-03 15:50:00,-0.6657985,low-ebb
2026-11-03 16:00:00,-0.714897,low-ebb
2026-11-03 16:10:00,-0.75854594,low-ebb
2026-11-03 16:20:00,-0.79644895,low-ebb
2026-11-03 16:30:00,-0.8283522,low-ebb
2026-11-03 16:40:00,-0.85404414,low-ebb
2026-11-03 16:50:00,-0.8733551,low-ebb
2026-11-03 17:00:00,-0.88615704,low-ebb
2026-11-03 17:10:00,-0.892364,low-ebb
2026-11-03 17:20:00,-0.8919325,low-ebb
2026-11-03 17:30:00,-0.88486224,low-flow
2026-11-03 17:40:00,-0.87119746,low-flow
2026-11-03 17:50:00,-0.8510275,low-flow
2026-11-03 18:00:00,-0.8244874,low-flow
2026-11-03 18:10:00,-0.7917582,low-flow
2026-11-03 18:20:00,-0.7530666,low-flow
2026-11-03 18:30:00,-0.7086836,low-flow
2026-11-03 18:40:00,-0.6589227,low-flow
2026-11-03 18:50:00,-0.6041371,low-flow
2026-11-03 19:00:00,-0.54471654,low-flow
2026-11-03 19:10:00,-0.481083,low-flow
2026-11-03 19:20:00,-0.41368654,low-flow
2026-11-03 19:30:00,-0.34300083,low-flow
2026-11-03 19:40:00,-0.26951844,low-flow
2026-11-03 19:50:00,-0.19374649,low-flow
2026-11-03 20:00:00,-0.116202764,low-flow
2026-11-03 20:10:00,-0.037411902,low-flow
2026-11-03 20:20:00,0.042097755,high-flow
2026-11-03 20:30:00,0.12179692,high-flow
2026-11-03 20:40:00,0.20115784,high-flow
2026-11-03 20:50:00,0.27965647,high-flow
2026-11-03 21:00:00,0.35677463,high-flow
2026-11-03 21:10:00,0.4320021,high-flow
2026-11-03 21:20:00,0.5048389,high-flow
2026-11-03 21:30:00,0.5747978,high-flow
2026-11-03 21:40:00,0.64140713,high-flow
2026-11-03 21:50:00,0.7042138,high-flow
2026-11-03 22:00:00,0.76278645,high-flow
2026-11-03 22:10:00,0.81671876,high-flow
2026-11-03 22:20:00,0.86563265,high-flow
2026-11-03 22:30:00,0.9091814,high-flow
2026-11-03 22:40:00,0.94705236,high-flow
2026-11-03 22:50:00,0.97896904,high-flow
2026-11-03 23:00:00,1.0046928,high-flow
2026-11-03 23:10:00,1.0240245,high-flow
2026-11-03 23:20:00,1.0368043,high-flow
2026-11-03 23:30:00,1.0429128,high-flow
2026-11-03 23:40:00,1.0422703,high-flow
2026-11-03 23:50:00,1.0348368,high-ebb
2026-11-04 00:00:00,1.0206116,high-ebb
2026-11-04 00:10:00,0.9996337,high-ebb
2026-11-04 00:20:00,0.9719818,high-ebb
2026-11-04 00:30:00,0.9377748,high-ebb
2026-11-04 00:40:00,0.89717287,high-ebb
2026-11-04 00:50:00,0.85037917,high-ebb
2026-11-04 01:00:00,0.7976406,high-ebb
2026-11-04 01:10:00,0.73925,high-ebb
2026-11-04 01:20:00,0.6755466,high-ebb
2026-11-04 01:30:00,0.606917,high-ebb
2026-11-04 01:40:00,0.5337952,high-ebb
2026-11-04 01:50:00,0.45666084,high-ebb
2026-11-04 02:00:00,0.37603727,high-ebb
2026-11-04 02:10:00,0.29248762,high-ebb
2026-11-04 02:20:00,0.20661002,high-ebb
2026-11-04 02:30:00,0.11903136,high-ebb
2026-11-04 02:40:00,0.030400213,high-ebb
2026-11-04 02:50:00,-0.058621027,low-ebb
2026-11-04 03:00:00,-0.14736442,low-ebb
2026-11-04 03:10:00,-0.23516487,low-ebb
2026-11-04 03:20:00,-0.32136813,low-ebb
2026-11-04 03:30:00,-0.40533832,low-ebb
2026-11-04 03:40:00,-0.48646462,low-ebb
2026-11-04 03:50:00,-0.56416684,low-ebb
2026-11-04 04:00:00,-0.6378999,low-ebb
2026-11-04 04:10:00,-0.70715714,low-ebb
2026-11-04 04:20:00,-0.7714728,low-ebb
2026-11-04 04:30:00,-0.83042336,low-ebb
2026-11-04 04:40:00,-0.8836282,low-ebb
2026-11-04 04:50:00,-0.93075013,low-ebb
2026-11-04 05:00:00,-0.9714953,low-ebb
2026-11-04 05:10:00,-1.0056133,low-ebb
2026-11-04 05:20:00,-1.032898,low-ebb
2026-11-04 05:30:00,-1.0531871,low-ebb
2026-11-04 05:40:00,-1.066364,low-ebb
2026-11-04 05:50:00,-1.0723585,low-ebb
2026-11-04 06:00:00,-1.0711476,low-ebb
2026-11-04 06:10:00,-1.0627573,low-flow
2026-11-04 06:20:00,-1.0472635,low-flow
2026-11-04 06:30:00,-1.0247926,low-flow
2026-11-04 06:40:00,-0.99552095,low-flow
2026-11-04 06:50:00,-0.9596747,low-flow
2026-11-04 07:00:00,-0.9175281,low-flow
2026-11-04 07:10:00,-0.86940086,low-flow
2026-11-04 07:20:00,-0.81565523,low-flow
2026-11-04 07:30:00,-0.7566919,low-flow
2026-11-04 07:40:00,-0.69294584,low-flow
2026-11-04 07:50:00,-0.62488145,low-flow
2026-11-04 08:00:00,-0.5529878,low-flow
2026-11-04 08:10:00,-0.477774,low-flow
2026-11-04 08:20:00,-0.39976448,low-flow
2026-11-04 08:30:00,-0.31949523,low-flow
2026-11-04 08:40:00,-0.2375098,low-flow
2026-11-04 08:50:00,-0.15435645,low-flow
2026-11-04 09:00:00,-0.0705851,low-flow
2026-11-04 09:10:00,0.013254982,high-flow
2026-11-04 09:20:00,0.09661748,high-flow
2026-11-04 09:30:00,0.17896125,high-flow
2026-11-04 09:40:00,0.2597525,high-flow
2026-11-04 09:50:00,0.33846733,high-flow
2026-11-04 10:00:00,0.4145943,high-flow
2026-11-04 10:10:00,0.4876373,high-flow
2026-11-04 10:20:00,0.5571189,high-flow
2026-11-04 10:30:00,0.6225832,high-flow
2026-11-04 10:40:00,0.68359953,high-flow
2026-11-04 10:50:00,0.7397654,high-flow
2026-11-04 11:00:00,0.79070944,high-flow
2026-11-04 11:10:00,0.8360939,high-flow
2026-11-04 11:20:00,0.87561697,high-flow
2026-11-04 11:30:00,0.909014,high-flow
2026-11-04 11:40:00,0.93605876,high-flow
2026-11-04 11:50:00,0.9565641,high-flow
2026-11-04 12:00:00,0.97038215,high-flow
2026-11-04 12:10:00,0.97740424,high-flow
2026-11-04 12:20:00,0.97756124,high-flow
2026-11-04 12:30:00,0.9708236,high-ebb
2026-11-04 12:40:00,0.95720184,high-ebb
2026-11-04 12:50:00,0.9367474,high-ebb
2026-11-04 13:00:00,0.90955377,high-ebb
2026-11-04 13:10:00,0.8757582,high-ebb
2026-11-04 13:20:00,0.8355433,high-ebb
2026-11-04 13:30:00,0.78913933,high-ebb
2026-11-04 13:40:00,0.7368255,high-ebb
2026-11-04 13:50:00,0.6789316,high-ebb
2026-11-04 14:00:00,0.6158382,high-ebb
2026-11-04 14:10:00,0.54797703,high-ebb
2026-11-04 14:20:00,0.47582865,high-ebb
2026-11-04 14:30:00,0.39992023,high-ebb
2026-11-04 14:40:00,0.32082117,high-ebb
2026-11-04 14:50:00,0.2391378,high-ebb
2026-11-04 15:00:00,0.15550663,high-ebb
2026-11-04 15:10:00,0.070586905,high-ebb
2026-11-04 15:20:00,-0.01494768,low-ebb
2026-11-04 15:30:00,-0.10041747,low-ebb
2026-11-04 15:40:00,-0.18514538,low-ebb
2026-11-04 15:50:00,-0.268465,low-ebb
2026-11-04 16:00:00,-0.34972817,low-ebb
2026-11-04 16:10:00,-0.42831126,low-ebb
2026-11-04 16:20:00,-0.5036211,low-ebb
2026-11-04 16:30:00,-0.57509905,low-ebb
2026-11-04 16:40:00,-0.64222443,low-ebb
2026-11-04 16:50:00,-0.70451707,low-ebb
2026-11-04 17:00:00,-0.7615385,low-ebb
2026-11-04 17:10:00,-0.81289345,low-ebb
2026-11-04 17:20:00,-0.85823,low-ebb
2026-11-04 17:30:00,-0.8972406,low-ebb
2026-11-04 17:40:00,-0.92966217,low-ebb
2026-11-04 17:50:00,-0.9552773,low-ebb
2026-11-04 18:00:00,-0.97391516,low-ebb
2026-11-04 18:10:00,-0.9854526,low-ebb
2026-11-04 18:20:00,-0.9898157,low-ebb
2026-11-04 18:30:00,-0.98698115,low-flow
2026-11-04 18:40:00,-0.97697747,low-flow
2026-11-04 18:50:00,-0.9598858,low-flow
2026-11-04 19:00:00,-0.9358403,low-flow
2026-11-04 19:10:00,-0.90502787,low-flow
2026-11-04 19:20:00,-0.86768657,low-flow
2026-11-04 19:30:00,-0.8241039,low-flow
2026-11-04 19:40:00,-0.7746137,low-flow
2026-11-04 19:50:00,-0.7195922,low-flow
2026-11-04 20:00:00,-0.65945435,low-flow
2026-11-04 20:10:00,-0.5946483,low-flow
2026-11-04 20:20:00,-0.5256509,low-flow
2026-11-04 20:30:00,-0.45296264,low-flow
2026-11-04 20:40:00,-0.37710267,low-flow
2026-11-04 20:50:00,-0.29860455,low-flow
2026-11-04 21:00:00,-0.21801211,low-flow
2026-11-04 21:10:00,-0.1358759,low-flow
2026-11-04 21:20:00,-0.052750148,low-flow
2026-11-04 21:30:00,0.030809918,high-flow
2026-11-04 21:40:00,0.11425046,high-flow
2026-11-04 21:50:00,0.19702122,high-flow
2026-11-04 22:00:00,0.27857772,high-flow
2026-11-04 22:10:00,0.3583835,high-flow
2026-11-04 22:20:00,0.4359127,high-flow
2026-11-04 22:30:00,0.5106526,high-flow
2026-11-04 22:40:00,0.5821066,high-flow
2026-11-04 22:50:00,0.6497973,high-flow
2026-11-04 23:00:00,0.7132698,high-flow
2026-11-04 23:10:00,0.77209485,high-flow
2026-11-04 23:20:00,0.82587165,high-flow
2026-11-04 23:30:00,0.8742308,high-flow
2026-11-04 23:40:00,0.91683656,high-flow
2026-11-04 23:50:00,0.95338863,high-flow
2026-11-05 00:00:00,0.98362374,high-flow
2026-11-05 00:10:00,1.0073162,high-flow
2026-11-05 00:20:00,1.024279,high-flow
2026-11-05 00:30:00,1.0343636,high-flow
2026-11-05 00:40:00,1.0374606,high-flow
2026-11-05 00:50:00,1.0334998,high-ebb
2026-11-05 01:00:00,1.0224512,high-ebb
2026-11-05 01:10:00,1.0043254,high-ebb
2026-11-05 01:20:00,0.9791753,high-ebb
2026-11-05 01:30:00,0.947098,high-ebb
2026-11-05 01:40:00,0.90823644,high-ebb
2026-11-05 01:50:00,0.8627818,high-ebb
2026-11-05 02:00:00,0.8109759,high-ebb
2026-11-05 02:10:00,0.75311285,high-ebb
2026-11-05 02:20:00,0.6895405,high-ebb
2026-11-05 02:30:00,0.6206609,high-ebb
2026-11-05 02:40:00,0.54692954,high-ebb
2026-11-05 02:50:00,0.46885362,high-ebb
2026-11-05 03:00:00,0.38698867,high-ebb
2026-11-05 03:10:00,0.30193383,high-ebb
2026-11-05 03:20:00,0.21432588,high-ebb
2026-11-05 03:30:00,0.12483217,high-ebb
2026-11-05 03:40:00,0.034142524,high-ebb
2026-11-05 03:50:00,-0.057039328,low-ebb
2026-11-05 04:00:00,-0.1480045,low-ebb
2026-11-05 04:10:00,-0.23804764,low-ebb
2026-11-05 04:20:00,-0.32647508,low-ebb
2026-11-05 04:30:00,-0.41261235,low-ebb
2026-11-05 04:40:00,-0.4958105,low-ebb
2026-11-05 04:50:00,-0.57545185,low-ebb
2026-11-05 05:00:00,-0.65095395,low-ebb
2026-11-05 05:10:00,-0.72177345,low-ebb
2026-11-05 05:20:00,-0.78740793,low-ebb
2026-11-05 05:30:00,-0.8473982,low-ebb
2026-11-05 05:40:00,-0.9013294,low-ebb
2026-11-05 05:50:00,-0.94883186,low-ebb
2026-11-05 06:00:00,-0.9895824,low-ebb
2026-11-05 06:10:00,-1.0233052,low-ebb
2026-11-05 06:20:00,-1.0497731,low-ebb
2026-11-05 06:30:00,-1.0688089,low-ebb
2026-11-05 06:40:00,-1.0802873,low-ebb
2026-11-05 06:50:00,-1.0841361,low-ebb
2026-11-05 07:00:00,-1.0803382,low-flow
2026-11-05 07:10:00,-1.0689322,low-flow
2026-11-05 07:20:00,-1.0500134,low-flow
2026-11-05 07:30:00,-1.0237339,low-flow
2026-11-05 07:40:00,-0.9903013,low-flow
2026-11-05 07:50:00,-0.9499775,low-flow
2026-11-05 08:00:00,-0.9030757,low-flow
2026-11-05 08:10:00,-0.849957,low-flow
2026-11-05 08:20:00,-0.7910261,low-flow
2026-11-05 08:30:00,-0.7267268,low-flow
2026-11-05 08:40:00,-0.6575364,low-flow
2026-11-05 08:50:00,-0.583961,low-flow
2026-11-05 09:00:00,-0.50652987,low-flow
2026-11-05 09:10:00,-0.42579076,low-flow
2026-11-05 09:20:00,-0.3423054,low-flow
2026-11-05 09:30:00,-0.2566454,low-flow
2026-11-05 09:40:00,-0.16938883,low-flow
2026-11-05 09:50:00,-0.08111706,low-flow
2026-11-05 10:00:00,0.007587914,high-flow
2026-11-05 10:10:00,0.09614581,high-flow
2026-11-05 10:20:00,0.18398044,high-flow
2026-11-05 10:30:00,0.27052203,high-flow
2026-11-05 10:40:00,0.35520965,high-flow
2026-11-05 10:50:00,0.4374938,high-flow
2026-11-05 11:00:00,0.5168394,high-flow
2026-11-05 11:10:00,0.59272873,high-flow
2026-11-05 11:20:00,0.66466475,high-flow
2026-11-05 11:30:00,0.7321742,high-flow
2026-11-05 11:40:00,0.79481095,high-flow
2026-11-05 11:50:00,0.8521588,high-flow
2026-11-05 12:00:00,0.9038341,high-flow
2026-11-05 12:10:00,0.94948804,high-flow
2026-11-05 12:20:00,0.9888082,high-flow
2026-11-05 12:30:00,1.02152,high-flow
2026-11-05 12:40:00,1.0473876,high-flow
2026-11-05 12:50:00,1.0662142,high-flow
2026-11-05 13:00:00,1.0778427,high-flow
2026-11-05 13:10:00,1.0821565,high-flow
2026-11-05 13:20:00,1.0790794,high-ebb
2026-11-05 13:30:00,1.0685773,high-ebb
2026-11-05 13:40:00,1.0506591,high-ebb
2026-11-05 13:50:00,1.0253787,high-ebb
2026-11-05 14:00:00,0.992837,high-ebb
2026-11-05 14:10:00,0.9531845,high-ebb
2026-11-05 14:20:00,0.90662336,high-ebb
2026-11-05 14:30:00,0.8534102,high-ebb
2026-11-05 14:40:00,0.7938575,high-ebb
2026-11-05 14:50:00,0.728335,high-ebb
2026-11-05 15:00:00,0.6572695,high-ebb
2026-11-05 15:10:00,0.58114386,high-ebb
2026-11-05 15:20:00,0.5004945,high-ebb
2026-11-05 15:30:00,0.41590735,high-ebb
2026-11-05 15:40:00,0.32801256,high-ebb
2026-11-05 15:50:00,0.23747772,high-ebb
2026-11-05 16:00:00,0.14500025,high-ebb
2026-11-05 16:10:00,0.05129882,high-ebb
2026-11-05 16:20:00,-0.042895593,low-ebb
2026-11-05 16:30:00,-0.13684867,low-ebb
2026-11-05 16:40:00,-0.22983159,low-ebb
2026-11-05 16:50:00,-0.32112914,low-ebb
2026-11-05 17:00:00,-0.41004705,low-ebb
2026-11-05 17:10:00,-0.49591854,low-ebb
2026-11-05 17:20:00,-0.5781093,low-ebb
2026-11-05 17:30:00,-0.656022,low-ebb
2026-11-05 17:40:00,-0.7290995,low-ebb
2026-11-05 17:50:00,-0.7968272,low-ebb
2026-11-05 18:00:00,-0.8587349,low-ebb
2026-11-05 18:10:00,-0.91439843,low-ebb
2026-11-05 18:20:00,-0.9634408,low-ebb
2026-11-05 18:30:00,-1.0055335,low-ebb
2026-11-05 18:40:00,-1.0403975,low-ebb
2026-11-05 18:50:00,-1.0678058,low-ebb
2026-11-05 19:00:00,-1.0875839,low-ebb
2026-11-05 19:10:00,-1.0996121,low-ebb
2026-11-05 19:20:00,-1.1038274,low-ebb
2026-11-05 19:30:00,-1.100224,low-flow
2026-11-05 19:40:00,-1.0888556,low-flow
2026-11-05 19:50:00,-1.0698342,low-flow
2026-11-05 20:00:00,-1.0433307,low-flow
2026-11-05 20:10:00,-1.0095731,low-flow
2026-11-05 20:20:00,-0.96884406,low-flow
2026-11-05 20:30:00,-0.9214781,low-flow
2026-11-05 20:40:00,-0.8678571,low-flow
2026-11-05 20:50:00,-0.80840605,low-flow
2026-11-05 21:00:00,-0.74358743,low-flow
2026-11-05 21:10:00,-0.6738962,low-flow
2026-11-05 21:20:00,-0.59985423,low-flow
2026-11-05 21:30:00,-0.5220051,low-flow
2026-11-05 21:40:00,-0.44090924,low-flow
2026-11-05 21:50:00,-0.35713947,low-flow
2026-11-05 22:00:00,-0.2712772,low-flow
2026-11-05 22:10:00,-0.18390897,low-flow
2026-11-05 22:20:00,-0.0956236,low-flow
2026-11-05 22:30:00,-0.007009512,low-flow
2026-11-05 22:40:00,0.08134756,high-flow
2026-11-05 22:50:00,0.16886693,high-flow
2026-11-05 23:00:00,0.2549753,high-flow
2026-11-05 23:10:00,0.33910915,high-flow
2026-11-05 23:20:00,0.4207177,high-flow
2026-11-05 23:30:00,0.49926555,high-flow
2026-11-05 23:40:00,0.57423604,high-flow
2026-11-05 23:50:00,0.64513415,high-flow
2026-11-06 00:00:00,0.7114901,high-flow
2026-11-06 00:10:00,0.7728619,high-flow
2026-11-06 00:20:00,0.8288386,high-flow
2026-11-06 00:30:00,0.8790424,high-flow
2026-11-06 00:40:00,0.9231307,high-flow
2026-11-06 00:50:00,0.9607977,high-flow
2026-11-06 01:00:00,0.99177575,high-flow
2026-11-06 01:10:00,1.0158356,high-flow
2026-11-06 01:20:00,1.0327877,high-flow
2026-11-06 01:30:00,1.0424821,high-flow
2026-11-06 01:40:00,1.0448099,high-flow
2026-11-06 01:50:00,1.0397035,high-ebb
2026-11-06 02:00:00,1.0271384,high-ebb
2026-11-06 02:10:00,1.0071344,high-ebb
2026-11-06 02:20:00,0.97975874,high-ebb
2026-11-06 02:30:00,0.94512737,high-ebb
2026-11-06 02:40:00,0.9034084,high-ebb
2026-11-06 02:50:00,0.8548244,high-ebb
2026-11-06 03:00:00,0.7996547,high-ebb
2026-11-06 03:10:00,0.7382371,high-ebb
2026-11-06 03:20:00,0.6709683,high-ebb
2026-11-06 03:30:00,0.5983041,high-ebb
2026-11-06 03:40:00,0.520757,high-ebb
2026-11-06 03:50:00,0.4388936,high-ebb
2026-11-06 04:00:00,0.35332942,high-ebb
2026-11-06 04:10:00,0.2647232,high-ebb
2026-11-06 04:20:00,0.17376943,high-ebb
2026-11-06 04:30:00,0.081190124,high-ebb
2026-11-06 04:40:00,-0.012274089,low-ebb
2026-11-06 04:50:00,-0.10587322,low-ebb
2026-11-06 05:00:00,-0.19885705,low-ebb
2026-11-06 05:10:00,-0.29048392,low-ebb
2026-11-06 05:20:00,-0.38002884,low-ebb
2026-11-06 05:30:00,-0.46679062,low-ebb
2026-11-06 05:40:00,-0.550098,low-ebb
2026-11-06 05:50:00,-0.62931496,low-ebb
2026-11-06 06:00:00,-0.7038445,low-ebb
2026-11-06 06:10:00,-0.7731319,low-ebb
2026-11-06 06:20:00,-0.83666724,low-ebb
2026-11-06 06:30:00,-0.8939873,low-ebb
2026-11-06 06:40:00,-0.94467694,low-ebb
2026-11-06 06:50:00,-0.98837095,low-ebb
2026-11-06 07:00:00,-1.0247551,low-ebb
2026-11-06 07:10:00,-1.0535684,low-ebb
2026-11-06 07:20:00,-1.0746039,low-ebb
2026-11-06 07:30:00,-1.0877116,low-ebb
2026-11-06 07:40:00,-1.092799,low-ebb
2026-11-06 07:50:00,-1.0898337,low-flow
2026-11-06 08:00:00,-1.0788444,low-flow
2026-11-06 08:10:00,-1.0599208,low-flow
2026-11-06 08:20:00,-1.0332142,low-flow
2026-11-06 08:30:00,-0.9989363,low-flow
2026-11-06 08:40:00,-0.95735705,low-flow
2026-11-06 08:50:00,-0.9088018,low-flow
2026-11-06 09:00:00,-0.85364777,low-flow
2026-11-06 09:10:00,-0.79231906,low-flow
2026-11-06 09:20:00,-0.7252819,low-flow
2026-11-06 09:30:00,-0.65303886,low-flow
2026-11-06 09:40:00,-0.57612324,low-flow
2026-11-06 09:50:00,-0.49509373,low-flow
2026-11-06 10:00:00,-0.41052884,low-flow
2026-11-06 10:10:00,-0.32302225,low-flow
2026-11-06 10:20:00,-0.23317829,low-flow
2026-11-06 10:30:00,-0.1416082,low-flow
2026-11-06 10:40:00,-0.04892681,low-flow
2026-11-06 10:50:00,0.044250418,high-flow
2026-11-06 11:00:00,0.13731,high-flow
2026-11-06 11:10:00,0.22964282,high-flow
2026-11-06 11:20:00,0.3206467,high-flow
2026-11-06 11:30:00,0.40972877,high-flow
2026-11-06 11:40:00,0.49630824,high-flow
2026-11-06 11:50:00,0.5798193,high-flow
2026-11-06 12:00:00,0.6597142,high-flow
2026-11-06 12:10:00,0.7354666,high-flow
2026-11-06 12:20:00,0.8065745,high-flow
2026-11-06 12:30:00,0.8725639,high-flow
2026-11-06 12:40:00,0.93299156,high-flow
2026-11-06 12:50:00,0.98744756,high-flow
2026-11-06 13:00:00,1.0355579,high-flow
2026-11-06 13:10:00,1.076986,high-flow
2026-11-06 13:20:00,1.1114345,high-flow
2026-11-06 13:30:00,1.1386458,high-flow
2026-11-06 13:40:00,1.1584034,high-flow
2026-11-06 13:50:00,1.1705321,high-flow
2026-11-06 14:00:00,1.1748989,high-flow
2026-11-06 14:10:00,1.1714138,high-ebb
2026-11-06 14:20:00,1.160031,high-ebb
2026-11-06 14:30:00,1.1407504,high-ebb
2026-11-06 14:40:00,1.1136197,high-ebb
2026-11-06 14:50:00,1.0787367,high-ebb
2026-11-06 15:00:00,1.0362515,high-ebb
2026-11-06 15:10:00,0.9863701,high-ebb
2026-11-06 15:20:00,0.92935586,high-ebb
2026-11-06 15:30:00,0.8655319,high-ebb
2026-11-06 15:40:00,0.7952824,high-ebb
2026-11-06 15:50:00,0.71905243,high-ebb
2026-11-06 16:00:00,0.6373471,high-ebb
2026-11-06 16:10:00,0.5507289,high-ebb
2026-11-06 16:20:00,0.45981365,high-ebb
2026-11-06 16:30:00,0.36526507,high-ebb
2026-11-06 16:40:00,0.26778784,high-ebb
2026-11-06 16:50:00,0.16811962,high-ebb
2026-11-06 17:00:00,0.06702226,high-ebb
2026-11-06 17:10:00,-0.034727633,low-ebb
2026-11-06 17:20:00,-0.13634805,low-ebb
2026-11-06 17:30:00,-0.23706092,low-ebb
2026-11-06 17:40:00,-0.33610082,low-ebb
2026-11-06 17:50:00,-0.4327228,low-ebb
2026-11-06 18:00:00,-0.5262095,low-ebb
2026-11-06 18:10:00,-0.6158768,low-ebb
2026-11-06 18:20:00,-0.7010788,low-ebb
2026-11-06 18:30:00,-0.78121156,low-ebb
2026-11-06 18:40:00,-0.8557161,low-ebb
2026-11-06 18:50:00,-0.92408055,low-ebb
2026-11-06 19:00:00,-0.9858423,low-ebb
2026-11-06 19:10:00,-1.0405893,low-ebb
2026-11-06 19:20:00,-1.087962,low-ebb
2026-11-06 19:30:00,-1.1276546,low-ebb
2026-11-06 19:40:00,-1.1594166,low-ebb
2026-11-06 19:50:00,-1.1830552,low-ebb
2026-11-06 20:00:00,-1.1984366,low-ebb
2026-11-06 20:10:00,-1.2054878,low-ebb
2026-11-06 20:20:00,-1.2041978,low-ebb
2026-11-06 20:30:00,-1.1946185,low-flow
2026-11-06 20:40:00,-1.176865,low-flow
2026-11-06 20:50:00,-1.1511146,low-flow
2026-11-06 21:00:00,-1.1176058,low-flow
2026-11-06 21:10:00,-1.076635,low-flow
2026-11-06 21:20:00,-1.0285536,low-flow
2026-11-06 21:30:00,-0.97376347,low-flow
2026-11-06 21:40:00,-0.9127118,low-flow
2026-11-06 21:50:00,-0.8458858,low-flow
2026-11-06 22:00:00,-0.77380705,low-flow
2026-11-06 22:10:00,-0.6970256,low-flow
2026-11-06 22:20:00,-0.6161143,low-flow
2026-11-06 22:30:00,-0.5316641,low-flow
2026-11-06 22:40:00,-0.44427863,low-flow
2026-11-06 22:50:00,-0.35457075,low-flow
2026-11-06 23:00:00,-0.26315838,low-flow
2026-11-06 23:10:00,-0.17066169,low-flow
2026-11-06 23:20:00,-0.077700086,low-flow
2026-11-06 23:30:00,0.015110152,high-flow
2026-11-06 23:40:00,0.10715839,high-flow
2026-11-06 23:50:00,0.19784209,high-flow
2026-11-07 00:00:00,0.2865694,high-flow
2026-11-07 00:10:00,0.37276182,high-flow
2026-11-07 00:20:00,0.45585743,high-flow
2026-11-07 00:30:00,0.5353138,high-flow
2026-11-07 00:40:00,0.6106114,high-flow
2026-11-07 00:50:00,0.6812568,high-flow
2026-11-07 01:00:00,0.74678576,high-flow
2026-11-07 01:10:00,0.80676615,high-flow
2026-11-07 01:20:00,0.86080045,high-flow
2026-11-07 01:30:00,0.9085278,high-flow
2026-11-07 01:40:00,0.9496256,high-flow
2026-11-07 01:50:00,0.98381096,high-flow
2026-11-07 02:00:00,1.0108416,high-flow
2026-11-07 02:10:00,1.0305163,high-flow
2026-11-07 02:20:00,1.042676,high-flow
2026-11-07 02:30:00,1.0472041,high-flow
2026-11-07 02:40:00,1.0440282,high-ebb
2026-11-07 02:50:00,1.0331208,high-ebb
2026-11-07 03:00:00,1.0145013,high-ebb
2026-11-07 03:10:00,0.98823863,high-ebb
2026-11-07 03:20:00,0.9544531,high-ebb
2026-11-07 03:30:00,0.9133195,high-ebb
2026-11-07 03:40:00,0.8650697,high-ebb
2026-11-07 03:50:00,0.8099944,high-ebb
2026-11-07 04:00:00,0.74844545,high-ebb
2026-11-07 04:10:00,0.6808359,high-ebb
2026-11-07 04:20:00,0.60764,high-ebb
2026-11-07 04:30:00,0.5293912,high-ebb
2026-11-07 04:40:00,0.44667858,high-ebb
2026-11-07 04:50:00,0.36014232,high-ebb
2026-11-07 05:00:00,0.2704673,high-ebb
2026-11-07 05:10:00,0.17837557,high-ebb
2026-11-07 05:20:00,0.08461775,high-ebb
2026-11-07 05:30:00,-0.010036178,low-ebb
2026-11-07 05:40:00,-0.10480644,low-ebb
2026-11-07 05:50:00,-0.19891304,low-ebb
2026-11-07 06:00:00,-0.2915849,low-ebb
2026-11-07 06:10:00,-0.38206843,low-ebb
2026-11-07 06:20:00,-0.46963495,low-ebb
2026-11-07 06:30:00,-0.55358744,low-ebb
2026-11-07 06:40:00,-0.6332658,low-ebb
2026-11-07 06:50:00,-0.7080514,low-ebb
2026-11-07 07:00:00,-0.77737045,low-ebb
2026-11-07 07:10:00,-0.8406968,low-ebb
2026-11-07 07:20:00,-0.897554,low-ebb
2026-11-07 07:30:00,-0.9475167,low-ebb
2026-11-07 07:40:00,-0.9902129,low-ebb
2026-11-07 07:50:00,-1.025325,low-ebb
2026-11-07 08:00:00,-1.0525914,low-ebb
2026-11-07 08:10:00,-1.0718087,low-ebb
2026-11-07 08:20:00,-1.0828325,low-ebb
2026-11-07 08:30:00,-1.08558,low-ebb
2026-11-07 08:40:00,-1.0800308,low-flow
2026-11-07 08:50:00,-1.0662283,low-flow
2026-11-07 09:00:00,-1.0442796,low-flow
2026-11-07 09:10:00,-1.0143558,low-flow
2026-11-07 09:20:00,-0.9766904,low-flow
2026-11-07 09:30:00,-0.9315769,low-flow
2026-11-07 09:40:00,-0.8793662,low-flow
2026-11-07 09:50:00,-0.8204621,low-flow
2026-11-07 10:00:00,-0.7553165,low-flow
2026-11-07 10:10:00,-0.6844243,low-flow
2026-11-07 10:20:00,-0.60831726,low-flow
2026-11-07 10:30:00,-0.52755845,low-flow
2026-11-07 10:40:00,-0.4427361,low-flow
2026-11-07 10:50:00,-0.35445827,low-flow
2026-11-07 11:00:00,-0.26334766,low-flow
2026-11-07 11:10:00,-0.17003705,low-flow
2026-11-07 11:20:00,-0.075165235,low-flow
2026-11-07 11:30:00,0.020626424,high-flow
2026-11-07 11:40:00,0.11669716,high-flow
2026-11-07 11:50:00,0.21240951,high-flow
2026-11-07 12:00:00,0.3071319,high-flow
2026-11-07 12:10:00,0.4002412,high-flow
2026-11-07 12:20:00,0.4911253,high-flow
2026-11-07 12:30:00,0.5791859,high-flow
2026-11-07 12:40:00,0.6638416,high-flow
2026-11-07 12:50:00,0.74453086,high-flow
2026-11-07 13:00:00,0.8207154,high-flow
2026-11-07 13:10:00,0.8918836,high-flow
2026-11-07 13:20:00,0.9575537,high-flow
2026-11-07 13:30:00,1.0172769,high-flow
2026-11-07 13:40:00,1.07064,high-flow
2026-11-07 13:50:00,1.1172681,high-flow
2026-11-07 14:00:00,1.1568263,high-flow
2026-11-07 14:10:00,1.1890206,high-flow
2026-11-07 14:20:00,1.2136004,high-flow
2026-11-07 14:30:00,1.230358,high-flow
2026-11-07 14:40:00,1.2391295,high-flow
2026-11-07 14:50:00,1.2397962,high-flow
2026-11-07 15:00:00,1.2322843,high-ebb
2026-11-07 15:10:00,1.2165673,high-ebb
2026-11-07 15:20:00,1.1926659,high-ebb
2026-11-07 15:30:00,1.1606517,high-ebb
2026-11-07 15:40:00,1.1206475,high-ebb
2026-11-07 15:50:00,1.0728313,high-ebb
2026-11-07 16:00:00,1.0174379,high-ebb
2026-11-07 16:10:00,0.95476127,high-ebb
2026-11-07 16:20:00,0.88515645,high-ebb
2026-11-07 16:30:00,0.8090406,high-ebb
2026-11-07 16:40:00,0.72689265,high-ebb
2026-11-07 16:50:00,0.6392521,high-ebb
2026-11-07 17:00:00,0.5467163,high-ebb
2026-11-07 17:10:00,0.44993573,high-ebb
2026-11-07 17:20:00,0.34960893,high-ebb
2026-11-07 17:30:00,0.24647471,high-ebb
2026-11-07 17:40:00,0.14130414,high-ebb
2026-11-07 17:50:00,0.03489133,high-ebb
2026-11-07 18:00:00,-0.07195612,low-ebb
2026-11-07 18:10:00,-0.17842701,low-ebb
2026-11-07 18:20:00,-0.28371602,low-ebb
2026-11-07 18:30:00,-0.38703275,low-ebb
2026-11-07 18:40:00,-0.48760983,low-ebb
2026-11-07 18:50:00,-0.5847103,low-ebb
2026-11-07 19:00:00,-0.6776333,low-ebb
2026-11-07 19:10:00,-0.7657195,low-ebb
2026-11-07 19:20:00,-0.84835464,low-ebb
2026-11-07 19:30:00,-0.92497265,low-ebb
2026-11-07 19:40:00,-0.99505824,low-ebb
2026-11-07 19:50:00,-1.0581483,low-ebb
2026-11-07 20:00:00,-1.1138337,low-ebb
2026-11-07 20:10:00,-1.1617607,low-ebb
2026-11-07 20:20:00,-1.2016323,low-ebb
2026-11-07 20:30:00,-1.2332097,low-ebb
2026-11-07 20:40:00,-1.2563143,low-ebb
2026-11-07 20:50:00,-1.2708285,low-ebb
2026-11-07 21:00:00,-1.2766975,low-ebb
2026-11-07 21:10:00,-1.2739308,low-flow
2026-11-07 21:20:00,-1.262602,low-flow
2026-11-07 21:30:00,-1.2428491,low-flow
2026-11-07 21:40:00,-1.214874,low-flow
2026-11-07 21:50:00,-1.1789402,low-flow
2026-11-07 22:00:00,-1.1353699,low-flow
2026-11-07 22:10:00,-1.084541,low-flow
2026-11-07 22:20:00,-1.0268819,low-flow
2026-11-07 22:30:00,-0.9628667,low-flow
2026-11-07 22:40:00,-0.8930096,low-flow
2026-11-07 22:50:00,-0.81785864,low-flow
2026-11-07 23:00:00,-0.73799,low-flow
2026-11-07 23:10:00,-0.6540024,low-flow
2026-11-07 23:20:00,-0.56651175,low-flow
2026-11-07 23:30:00,-0.47614592,low-flow
2026-11-07 23:40:00,-0.38354084,low-flow
2026-11-07 23:50:00,-0.28933668,low-flow
2026-11-08 00:00:00,-0.19417436,low-flow
2026-11-08 00:10:00,-0.09869291,low-flow
2026-11-08 00:20:00,-0.003526649,low-flow
2026-11-08 00:30:00,0.09069723,high-flow
2026-11-08 00:40:00,0.18336126,high-flow
2026-11-08 00:50:00,0.27386037,high-flow
2026-11-08 01:00:00,0.36160472,high-flow
2026-11-08 01:10:00,0.44602287,high-flow
2026-11-08 01:20:00,0.5265649,high-flow
2026-11-08 01:30:00,0.60270584,high-flow
2026-11-08 01:40:00,0.673949,high-flow
2026-11-08 01:50:00,0.73982924,high-flow
2026-11-08 02:00:00,0.7999158,high-flow
2026-11-08 02:10:00,0.853815,high-flow
2026-11-08 02:20:00,0.90117234,high-flow
2026-11-08 02:30:00,0.9416743,high-flow
2026-11-08 02:40:00,0.97504944,high-flow
2026-11-08 02:50:00,1.0010694,high-flow
2026-11-08 03:00:00,1.01955,high-flow
2026-11-08 03:10:00,1.030351,high-flow
2026-11-08 03:20:00,1.0333774,high-flow
2026-11-08 03:30:00,1.0285804,high-ebb
2026-11-08 03:40:00,1.0159581,high-ebb
2026-11-08 03:50:00,0.9955572,high-ebb
2026-11-08 04:00:00,0.96747524,high-ebb
2026-11-08 04:10:00,0.93186265,high-ebb
2026-11-08 04:20:00,0.88892484,high-ebb
2026-11-08 04:30:00,0.83892465,high-ebb
2026-11-08 04:40:00,0.7821844,high-ebb
2026-11-08 04:50:00,0.7190868,high-ebb
2026-11-08 05:00:00,0.6500755,high-ebb
2026-11-08 05:10:00,0.57565427,high-ebb
2026-11-08 05:20:00,0.4963847,high-ebb
2026-11-08 05:30:00,0.4128827,high-ebb
2026-11-08 05:40:00,0.32581314,high-ebb
2026-11-08 05:50:00,0.23588347,high-ebb
2026-11-08 06:00:00,0.1438358,high-ebb
2026-11-08 06:10:00,0.050437998,high-ebb
2026-11-08 06:20:00,-0.043525618,low-ebb
2026-11-08 06:30:00,-0.13726419,low-ebb
2026-11-08 06:40:00,-0.22999002,low-ebb
2026-11-08 06:50:00,-0.32092783,low-ebb
2026-11-08 07:00:00,-0.40932342,low-ebb
2026-11-08 07:10:00,-0.49445125,low-ebb
2026-11-08 07:20:00,-0.57562107,low-ebb
2026-11-08 07:30:00,-0.6521832,low-ebb
2026-11-08 07:40:00,-0.7235329,low-ebb
2026-11-08 07:50:00,-0.78911394,low-ebb
2026-11-08 08:00:00,-0.84842044,low-ebb
2026-11-08 08:10:00,-0.9009993,low-ebb
2026-11-08 08:20:00,-0.94645154,low-ebb
2026-11-08 08:30:00,-0.98443335,low-ebb
2026-11-08 08:40:00,-1.0146574,low-ebb
2026-11-08 08:50:00,-1.0368941,low-ebb
2026-11-08 09:00:00,-1.0509729,low-ebb
2026-11-08 09:10:00,-1.0567837,low-ebb
2026-11-08 09:20:00,-1.0542779,low-flow
2026-11-08 09:30:00,-1.0434699,low-flow
2026-11-08 09:40:00,-1.0244373,low-flow
2026-11-08 09:50:00,-0.99732167,low-flow
2026-11-08 10:00:00,-0.9623273,low-flow
2026-11-08 10:10:00,-0.9197203,low-flow
2026-11-08 10:20:00,-0.8698259,low-flow
2026-11-08 10:30:00,-0.8130252,low-flow
2026-11-08 10:40:00,-0.74975115,low-flow
2026-11-08 10:50:00,-0.68048346,low-flow
2026-11-08 11:00:00,-0.6057433,low-flow
2026-11-08 11:10:00,-0.52608716,low-flow
2026-11-08 11:20:00,-0.4421012,low-flow
2026-11-08 11:30:00,-0.35439515,low-flow
2026-11-08 11:40:00,-0.26359683,low-flow
2026-11-08 11:50:00,-0.170347,low-flow
2026-11-08 12:00:00,-0.07529463,low-flow
2026-11-08 12:10:00,0.020907093,high-flow
2026-11-08 12:20:00,0.11760435,high-flow
2026-11-08 12:30:00,0.21414587,high-flow
2026-11-08 12:40:00,0.30988568,high-flow
2026-11-08 12:50:00,0.4041858,high-flow
2026-11-08 13:00:00,0.49641883,high-flow
2026-11-08 13:10:00,0.58597064,high-flow
2026-11-08 13:20:00,0.67224324,high-flow
2026-11-08 13:30:00,0.7546578,high-flow
2026-11-08 13:40:00,0.83265793,high-flow
2026-11-08 13:50:00,0.9057132,high-flow
2026-11-08 14:00:00,0.9733224,high-flow
2026-11-08 14:10:00,1.035017,high-flow
2026-11-08 14:20:00,1.0903645,high-flow
2026-11-08 14:30:00,1.1389707,high-flow
2026-11-08 14:40:00,1.1804831,high-flow
2026-11-08 14:50:00,1.2145916,high-flow
2026-11-08 15:00:00,1.2410313,high-flow
2026-11-08 15:10:00,1.2595823,high-flow
2026-11-08 15:20:00,1.2700713,high-flow
2026-11-08 15:30:00,1.2723715,high-flow
2026-11-08 15:40:00,1.2664038,high-ebb
2026-11-08 15:50:00,1.2521361,high-ebb
2026-11-08 16:00:00,1.2295856,high-ebb
2026-11-08 16:10:00,1.1988188,high-ebb
2026-11-08 16:20:00,1.1599531,high-ebb
2026-11-08 16:30:00,1.1131592,high-ebb
2026-11-08 16:40:00,1.058662,high-ebb
2026-11-08 16:50:00,0.9967436,high-ebb
2026-11-08 17:00:00,0.92774427,high-ebb
2026-11-08 17:10:00,0.85206413,high-ebb
2026-11-08 17:20:00,0.7701634,high-ebb
2026-11-08 17:30:00,0.6825619,high-ebb
2026-11-08 17:40:00,0.58983713,high-ebb
2026-11-08 17:50:00,0.49262145,high-ebb
2026-11-08 18:00:00,0.3915968,high-ebb
2026-11-08 18:10:00,0.28748897,high-ebb
2026-11-08 18:20:00,0.18105997,high-ebb
2026-11-08 18:30:00,0.07309958,high-ebb
2026-11-08 18:40:00,-0.03558408,low-ebb
2026-11-08 18:50:00,-0.14417432,low-ebb
2026-11-08 19:00:00,-0.2518557,low-ebb
2026-11-08 19:10:00,-0.35782373,low-ebb
2026-11-08 19:20:00,-0.46129367,low-ebb
2026-11-08 19:30:00,-0.56150883,low-ebb
2026-11-08 19:40:00,-0.6577475,low-ebb
2026-11-08 19:50:00,-0.7493286,low-ebb
2026-11-08 20:00:00,-0.8356169,low-ebb
2026-11-08 20:10:00,-0.9160258,low-ebb
2026-11-08 20:20:00,-0.99002075,low-ebb
2026-11-08 20:30:00,-1.0571206,low-ebb
2026-11-08 20:40:00,-1.1168991,low-ebb
2026-11-08 20:50:00,-1.1689863,low-ebb
2026-11-08 21:00:00,-1.2130686,low-ebb
2026-11-08 21:10:00,-1.2488904,low-ebb
2026-11-08 21:20:00,-1.2762551,low-ebb
2026-11-08 21:30:00,-1.2950255,low-ebb
2026-11-08 21:40:00,-1.3051256,low-ebb
2026-11-08 21:50:00,-1.3065412,low-ebb
2026-11-08 22:00:00,-1.2993209,low-flow
2026-11-08 22:10:00,-1.2835761,low-flow
2026-11-08 22:20:00,-1.2594811,low-flow
2026-11-08 22:30:00,-1.2272713,low-flow
2026-11-08 22:40:00,-1.1872423,low-flow
2026-11-08 22:50:00,-1.139746,low-flow
2026-11-08 23:00:00,-1.0851874,low-flow
2026-11-08 23:10:00,-1.0240206,low-flow
2026-11-08 23:20:00,-0.9567424,low-flow
2026-11-08 23:30:00,-0.8838876,low-flow
2026-11-08 23:40:00,-0.806023,low-flow
2026-11-08 23:50:00,-0.72374135,low-flow
2026-11-09 00:00:00,-0.63765585,low-flow
2026-11-09 00:10:00,-0.5483949,low-flow
2026-11-09 00:20:00,-0.45659718,low-flow
2026-11-09 00:30:00,-0.36290738,low-flow
2026-11-09 00:40:00,-0.26797253,low-flow
2026-11-09 00:50:00,-0.17243871,low-flow
2026-11-09 01:00:00,-0.07694819,low-flow
2026-11-09 01:10:00,0.017863339,high-flow
2026-11-09 01:20:00,0.111369245,high-flow
2026-11-09 01:30:00,0.20295464,high-flow
2026-11-09 01:40:00,0.29201907,high-flow
2026-11-09 01:50:00,0.37797955,high-flow
2026-11-09 02:00:00,0.46027377,high-flow
2026-11-09 02:10:00,0.5383634,high-flow
2026-11-09 02:20:00,0.61173767,high-flow
2026-11-09 02:30:00,0.6799167,high-flow
2026-11-09 02:40:00,0.742455,high-flow
2026-11-09 02:50:00,0.7989444,high-flow
2026-11-09 03:00:00,0.84901696,high-flow
2026-11-09 03:10:00,0.89234674,high-flow
2026-11-09 03:20:00,0.92865205,high-flow
2026-11-09 03:30:00,0.9576961,high-flow
2026-11-09 03:40:00,0.9792883,high-flow
2026-11-09 03:50:00,0.9932845,high-flow
2026-11-09 04:00:00,0.99958754,high-flow
2026-11-09 04:10:00,0.99814713,high-flow
2026-11-09 04:20:00,0.98896086,high-ebb
2026-11-09 04:30:00,0.97207475,high-ebb
2026-11-09 04:40:00,0.9475841,high-ebb
2026-11-09 04:50:00,0.91563505,high-ebb
2026-11-09 05:00:00,0.8764262,high-ebb
2026-11-09 05:10:00,0.8302102,high-ebb
2026-11-09 05:20:00,0.7772954,high-ebb
2026-11-09 05:30:00,0.7180471,high-ebb
2026-11-09 05:40:00,0.6528882,high-ebb
2026-11-09 05:50:00,0.582299,high-ebb
2026-11-09 06:00:00,0.5068158,high-ebb
2026-11-09 06:10:00,0.42702824,high-ebb
2026-11-09 06:20:00,0.3435751,high-ebb
2026-11-09 06:30:00,0.25713885,high-ebb
2026-11-09 06:40:00,0.1684388,high-ebb
2026-11-09 06:50:00,0.07822297,high-ebb
2026-11-09 07:00:00,-0.012740881,low-ebb
2026-11-09 07:10:00,-0.10367478,low-ebb
2026-11-09 07:20:00,-0.19380033,low-ebb
2026-11-09 07:30:00,-0.2823484,low-ebb
2026-11-09 07:40:00,-0.36856812,low-ebb
2026-11-09 07:50:00,-0.4517354,low-ebb
2026-11-09 08:00:00,-0.5311602,low-ebb
2026-11-09 08:10:00,-0.6061924,low-ebb
2026-11-09 08:20:00,-0.6762274,low-ebb
2026-11-09 08:30:00,-0.740709,low-ebb
2026-11-09 08:40:00,-0.7991328,low-ebb
2026-11-09 08:50:00,-0.8510478,low-ebb
2026-11-09 09:00:00,-0.8960574,low-ebb
2026-11-09 09:10:00,-0.9338205,low-ebb
2026-11-09 09:20:00,-0.96405166,low-ebb
2026-11-09 09:30:00,-0.986522,low-ebb
2026-11-09 09:40:00,-1.0010597,low-ebb
2026-11-09 09:50:00,-1.00755,low-ebb
2026-11-09 10:00:00,-1.0059375,low-ebb
2026-11-09 10:10:00,-0.99622506,low-flow
2026-11-09 10:20:00,-0.9784762,low-flow
2026-11-09 10:30:00,-0.9528144,low-flow
2026-11-09 10:40:00,-0.9194232,low-flow
2026-11-09 10:50:00,-0.8785457,low-flow
2026-11-09 11:00:00,-0.83048266,low-flow
2026-11-09 11:10:00,-0.7755904,low-flow
2026-11-09 11:20:00,-0.7142774,low-flow
2026-11-09 11:30:00,-0.6470001,low-flow
2026-11-09 11:40:00,-0.57425815,low-flow
2026-11-09 11:50:00,-0.49658945,low-flow
2026-11-09 12:00:00,-0.41456383,low-flow
2026-11-09 12:10:00,-0.32877773,low-flow
2026-11-09 12:20:00,-0.2398484,low-flow
2026-11-09 12:30:00,-0.14840841,low-flow
2026-11-09 12:40:00,-0.05510071,low-flow
2026-11-09 12:50:00,0.03942589,high-flow
2026-11-09 13:00:00,0.13452066,high-flow
2026-11-09 13:10:00,0.22953448,high-flow
2026-11-09 13:20:00,0.32382286,high-flow
2026-11-09 13:30:00,0.41674885,high-flow
2026-11-09 13:40:00,0.50768554,high-flow
2026-11-09 13:50:00,0.59601885,high-flow
2026-11-09 14:00:00,0.68115026,high-flow
2026-11-09 14:10:00,0.7624996,high-flow
2026-11-09 14:20:00,0.83950853,high-flow
2026-11-09 14:30:00,0.91164374,high-flow
2026-11-09 14:40:00,0.9784005,high-flow
2026-11-09 14:50:00,1.0393064,high-flow
2026-11-09 15:00:00,1.0939248,high-flow
2026-11-09 15:10:00,1.1418579,high-flow
2026-11-09 15:20:00,1.1827499,high-flow
2026-11-09 15:30:00,1.2162895,high-flow
2026-11-09 15:40:00,1.242212,high-flow
2026-11-09 15:50:00,1.2602999,high-flow
2026-11-09 16:00:00,1.2703848,high-flow
2026-11-09 16:10:00,1.2723472,high-flow
2026-11-09 16:20:00,1.2661167,high-ebb
2026-11-09 16:30:00,1.2516729,high-ebb
2026-11-09 16:40:00,1.229044,high-ebb
2026-11-09 16:50:00,1.1983085,high-ebb
2026-11-09 17:00:00,1.1595945,high-ebb
2026-11-09 17:10:00,1.1130816,high-ebb
2026-11-09 17:20:00,1.0590005,high-ebb
2026-11-09 17:30:00,0.9976357,high-ebb
2026-11-09 17:40:00,0.9293255,high-ebb
2026-11-09 17:50:00,0.8544637,high-ebb
2026-11-09 18:00:00,0.7734997,high-ebb
2026-11-09 18:10:00,0.68693846,high-ebb
2026-11-09 18:20:00,0.5953393,high-ebb
2026-11-09 18:30:00,0.49931335,high-ebb
2026-11-09 18:40:00,0.39951998,high-ebb
2026-11-09 18:50:00,0.2966616,high-ebb
2026-11-09 19:00:00,0.19147718,high-ebb
2026-11-09 19:10:00,0.084734604,high-ebb
2026-11-09 19:20:00,-0.022778042,low-ebb
2026-11-09 19:30:00,-0.13026182,low-ebb
2026-11-09 19:40:00,-0.23691672,low-ebb
2026-11-09 19:50:00,-0.34195122,low-ebb
2026-11-09 20:00:00,-0.44459182,low-ebb
2026-11-09 20:10:00,-0.54409134,low-ebb
2026-11-09 20:20:00,-0.6397369,low-ebb
2026-11-09 20:30:00,-0.73085594,low-ebb
2026-11-09 20:40:00,-0.816822,low-ebb
2026-11-09 20:50:00,-0.897058,low-ebb
2026-11-09 21:00:00,-0.9710398,low-ebb
2026-11-09 21:10:00,-1.0382972,low-ebb
2026-11-09 21:20:00,-1.0984157,low-ebb
2026-11-09 21:30:00,-1.1510369,low-ebb
2026-11-09 21:40:00,-1.1958579,low-ebb
2026-11-09 21:50:00,-1.2326324,low-ebb
2026-11-09 22:00:00,-1.2611703,low-ebb
2026-11-09 22:10:00,-1.2813381,low-ebb
2026-11-09 22:20:00,-1.2930591,low-ebb
2026-11-09 22:30:00,-1.2963144,low-ebb
2026-11-09 22:40:00,-1.2911427,low-flow
2026-11-09 22:50:00,-1.2776417,low-flow
2026-11-09 23:00:00,-1.2559667,low-flow
2026-11-09 23:10:00,-1.2263317,low-flow
2026-11-09 23:20:00,-1.1890072,low-flow
2026-11-09 23:30:00,-1.1443182,low-flow
2026-11-09 23:40:00,-1.0926425,low-flow
2026-11-09 23:50:00,-1.0344062,low-flow
2026-11-10 00:00:00,-0.9700793,low-flow
2026-11-10 00:10:00,-0.90017164,low-flow
2026-11-10 00:20:00,-0.8252269,low-flow
2026-11-10 00:30:00,-0.74581736,low-flow
2026-11-10 00:40:00,-0.66253805,low-flow
2026-11-10 00:50:00,-0.57600176,low-flow
2026-11-10 01:00:00,-0.4868337,low-flow
2026-11-10 01:10:00,-0.39566708,low-flow
2026-11-10 01:20:00,-0.30313897,low-flow
2026-11-10 01:30:00,-0.20988676,low-flow
2026-11-10 01:40:00,-0.11654491,low-flow
2026-11-10 01:50:00,-0.023742171,low-flow
2026-11-10 02:00:00,0.06790107,high-flow
2026-11-10 02:10:00,0.15777542,high-flow
2026-11-10 02:20:00,0.24528517,high-flow
2026-11-10 02:30:00,0.32985118,high-flow
2026-11-10 02:40:00,0.41091394,high-flow
2026-11-10 02:50:00,0.48793694,high-flow
2026-11-10 03:00:00,0.5604103,high-flow
2026-11-10 03:10:00,0.62785435,high-flow
2026-11-10 03:20:00,0.68982327,high-flow
2026-11-10 03:30:00,0.74590856,high-flow
2026-11-10 03:40:00,0.79574233,high-flow
2026-11-10 03:50:00,0.8389999,high-flow
2026-11-10 04:00:00,0.87540215,high-flow
2026-11-10 04:10:00,0.9047171,high-flow
2026-11-10 04:20:00,0.9267608,high-flow
2026-11-10 04:30:00,0.9413982,high-flow
2026-11-10 04:40:00,0.9485432,high-flow
2026-11-10 04:50:00,0.9481585,high-flow
2026-11-10 05:00:00,0.94025546,high-ebb
2026-11-10 05:10:00,0.924894,high-ebb
2026-11-10 05:20:00,0.90218246,high-ebb
2026-11-10 05:30:00,0.8722783,high-ebb
2026-11-10 05:40:00,0.83538806,high-ebb
2026-11-10 05:50:00,0.79176867,high-ebb
2026-11-10 06:00:00,0.741728,high-ebb
2026-11-10 06:10:00,0.6856256,high-ebb
2026-11-10 06:20:00,0.62387335,high-ebb
2026-11-10 06:30:00,0.556935,high-ebb
2026-11-10 06:40:00,0.48532575,high-ebb
2026-11-10 06:50:00,0.40960953,high-ebb
2026-11-10 07:00:00,0.33039638,high-ebb
2026-11-10 07:10:00,0.24833761,high-ebb
2026-11-10 07:20:00,0.16411994,high-ebb
2026-11-10 07:30:00,0.078458555,high-ebb
2026-11-10 07:40:00,-0.007911224,low-ebb
2026-11-10 07:50:00,-0.09424276,low-ebb
2026-11-10 08:00:00,-0.17978756,low-ebb
2026-11-10 08:10:00,-0.26380473,low-ebb
2026-11-10 08:20:00,-0.34557033,low-ebb
2026-11-10 08:30:00,-0.4243858,low-ebb
2026-11-10 08:40:00,-0.4995859,low-ebb
2026-11-10 08:50:00,-0.5705452,low-ebb
2026-11-10 09:00:00,-0.63668346,low-ebb
2026-11-10 09:10:00,-0.6974697,low-ebb
2026-11-10 09:20:00,-0.75242513,low-ebb
2026-11-10 09:30:00,-0.8011245,low-ebb
2026-11-10 09:40:00,-0.8431976,low-ebb
2026-11-10 09:50:00,-0.87832874,low-ebb
2026-11-10 10:00:00,-0.9062571,low-ebb
2026-11-10 10:10:00,-0.92677593,low-ebb
2026-11-10 10:20:00,-0.93973243,low-ebb
2026-11-10 10:30:00,-0.9450274,low-ebb
2026-11-10 10:40:00,-0.94261515,low-flow
2026-11-10 10:50:00,-0.9325037,low-flow
2026-11-10 11:00:00,-0.91475517,low-flow
2026-11-10 11:10:00,-0.8894859,low-flow
2026-11-10 11:20:00,-0.85686666,low-flow
2026-11-10 11:30:00,-0.81712234,low-flow
2026-11-10 11:40:00,-0.770531,low-flow
2026-11-10 11:50:00,-0.71742266,low-flow
2026-11-10 12:00:00,-0.65817696,low-flow
2026-11-10 12:10:00,-0.59322006,low-flow
2026-11-10 12:20:00,-0.5230209,low-flow
2026-11-10 12:30:00,-0.4480869,low-flow
2026-11-10 12:40:00,-0.3689587,low-flow
2026-11-10 12:50:00,-0.28620532,low-flow
2026-11-10 13:00:00,-0.20041838,low-flow
2026-11-10 13:10:00,-0.11220706,low-flow
2026-11-10 13:20:00,-0.022192882,low-flow
2026-11-10 13:30:00,0.0689949,high-flow
2026-11-10 13:40:00,0.16072357,high-flow
2026-11-10 13:50:00,0.25236067,high-flow
2026-11-10 14:00:00,0.34327736,high-flow
2026-11-10 14:10:00,0.43285143,high-flow
2026-11-10 14:20:00,0.52046996,high-flow
2026-11-10 14:30:00,0.6055321,high-flow
2026-11-10 14:40:00,0.6874517,high-flow
2026-11-10 14:50:00,0.76566017,high-flow
2026-11-10 15:00:00,0.8396096,high-flow
2026-11-10 15:10:00,0.90877634,high-flow
2026-11-10 15:20:00,0.972664,high-flow
2026-11-10 15:30:00,1.0308077,high-flow
2026-11-10 15:40:00,1.0827781,high-flow
2026-11-10 15:50:00,1.128184,high-flow
2026-11-10 16:00:00,1.1666769,high-flow
2026-11-10 16:10:00,1.1979533,high-flow
2026-11-10 16:20:00,1.2217575,high-flow
2026-11-10 16:30:00,1.2378834,high-flow
2026-11-10 16:40:00,1.2461755,high-flow
2026-11-10 16:50:00,1.2465298,high-flow
2026-11-10 17:00:00,1.2388939,high-ebb
2026-11-10 17:10:00,1.2232662,high-ebb
2026-11-10 17:20:00,1.1996963,high-ebb
2026-11-10 17:30:00,1.1682838,high-ebb
2026-11-10 17:40:00,1.1291777,high-ebb
2026-11-10 17:50:00,1.0825762,high-ebb
2026-11-10 18:00:00,1.0287265,high-ebb
2026-11-10 18:10:00,0.9679253,high-ebb
2026-11-10 18:20:00,0.9005185,high-ebb
2026-11-10 18:30:00,0.82690156,high-ebb
2026-11-10 18:40:00,0.74751985,high-ebb
2026-11-10 18:50:00,0.6628681,high-ebb
2026-11-10 19:00:00,0.57348925,high-ebb
2026-11-10 19:10:00,0.47997305,high-ebb
2026-11-10 19:20:00,0.38295245,high-ebb
2026-11-10 19:30:00,0.28309986,high-ebb
2026-11-10 19:40:00,0.18112148,high-ebb
2026-11-10 19:50:00,0.077750675,high-ebb
2026-11-10 20:00:00,-0.026259748,low-ebb
2026-11-10 20:10:00,-0.13014616,low-ebb
2026-11-10 20:20:00,-0.23314327,low-ebb
2026-11-10 20:30:00,-0.33449346,low-ebb
2026-11-10 20:40:00,-0.4334561,low-ebb
2026-11-10 20:50:00,-0.529316,low-ebb
2026-11-10 21:00:00,-0.6213917,low-ebb
2026-11-10 21:10:00,-0.7090418,low-ebb
2026-11-10 21:20:00,-0.79167074,low-ebb
2026-11-10 21:30:00,-0.8687332,low-ebb
2026-11-10 21:40:00,-0.93973666,low-ebb
2026-11-10 21:50:00,-1.0042434,low-ebb
2026-11-10 22:00:00,-1.0618709,low-ebb
2026-11-10 22:10:00,-1.1122925,low-ebb
2026-11-10 22:20:00,-1.1552358,low-ebb
2026-11-10 22:30:00,-1.1904825,low-ebb
2026-11-10 22:40:00,-1.2178674,low-ebb
2026-11-10 22:50:00,-1.2372777,low-ebb
2026-11-10 23:00:00,-1.2486522,low-ebb
2026-11-10 23:10:00,-1.2519813,low-ebb
2026-11-10 23:20:00,-1.2473067,low-flow
2026-11-10 23:30:00,-1.2347223,low-flow
2026-11-10 23:40:00,-1.2143732,low-flow
2026-11-10 23:50:00,-1.1864564,low-flow
2026-11-11 00:00:00,-1.1512202,low-flow
2026-11-11 00:10:00,-1.1089625,low-flow
2026-11-11 00:20:00,-1.0600303,low-flow
2026-11-11 00:30:00,-1.0048164,low-flow
2026-11-11 00:40:00,-0.9437563,low-flow
2026-11-11 00:50:00,-0.8773245,low-flow
2026-11-11 01:00:00,-0.8060305,low-flow
2026-11-11 01:10:00,-0.73041296,low-flow
2026-11-11 01:20:00,-0.65103567,low-flow
2026-11-11 01:30:00,-0.56848174,low-flow
2026-11-11 01:40:00,-0.48334894,low-flow
2026-11-11 01:50:00,-0.39624515,low-flow
2026-11-11 02:00:00,-0.3077838,low-flow
2026-11-11 02:10:00,-0.21858037,low-flow
2026-11-11 02:20:00,-0.12924866,low-flow
2026-11-11 02:30:00,-0.040398046,low-flow
2026-11-11 02:40:00,0.047369514,high-flow
2026-11-11 02:50:00,0.13346204,high-flow
2026-11-11 03:00:00,0.21730022,high-flow
2026-11-11 03:10:00,0.29832026,high-flow
2026-11-11 03:20:00,0.3759769,high-flow
2026-11-11 03:30:00,0.44974658,high-flow
2026-11-11 03:40:00,0.5191312,high-flow
2026-11-11 03:50:00,0.58366174,high-flow
2026-11-11 04:00:00,0.64290226,high-flow
2026-11-11 04:10:00,0.69645345,high-flow
2026-11-11 04:20:00,0.7439566,high-flow
2026-11-11 04:30:00,0.7850966,high-flow
2026-11-11 04:40:00,0.8196047,high-flow
2026-11-11 04:50:00,0.84726083,high-flow
2026-11-11 05:00:00,0.86789495,high-flow
2026-11-11 05:10:00,0.88138777,high-flow
2026-11-11 05:20:00,0.8876712,high-flow
2026-11-11 05:30:00,0.8867275,high-flow
2026-11-11 05:40:00,0.87858933,high-ebb
2026-11-11 05:50:00,0.8633383,high-ebb
2026-11-11 06:00:00,0.8411042,high-ebb
2026-11-11 06:10:00,0.81206423,high-ebb
2026-11-11 06:20:00,0.7764422,high-ebb
2026-11-11 06:30:00,0.73450845,high-ebb
2026-11-11 06:40:00,0.68657905,high-ebb
2026-11-11 06:50:00,0.6330163,high-ebb
2026-11-11 07:00:00,0.574228,high-ebb
2026-11-11 07:10:00,0.51066744,high-ebb
2026-11-11 07:20:00,0.4428323,high-ebb
2026-11-11 07:30:00,0.37126276,high-ebb
2026-11-11 07:40:00,0.29653925,high-ebb
2026-11-11 07:50:00,0.21927865,high-ebb
2026-11-11 08:00:00,0.14012928,high-ebb
2026-11-11 08:10:00,0.059765056,high-ebb
2026-11-11 08:20:00,-0.021121714,low-ebb
2026-11-11 08:30:00,-0.10182833,low-ebb
2026-11-11 08:40:00,-0.18165033,low-ebb
2026-11-11 08:50:00,-0.25989047,low-ebb
2026-11-11 09:00:00,-0.33586767,low-ebb
2026-11-11 09:10:00,-0.4089255,low-ebb
2026-11-11 09:20:00,-0.4784401,low-ebb
2026-11-11 09:30:00,-0.5438268,low-ebb
2026-11-11 09:40:00,-0.604546,low-ebb
2026-11-11 09:50:00,-0.6601071,low-ebb
2026-11-11 10:00:00,-0.7100716,low-ebb
2026-11-11 10:10:00,-0.7540549,low-ebb
2026-11-11 10:20:00,-0.7917267,low-ebb
2026-11-11 10:30:00,-0.82281065,low-ebb
2026-11-11 10:40:00,-0.8470834,low-ebb
2026-11-11 10:50:00,-0.86437345,low-ebb
2026-11-11 11:00:00,-0.8745596,low-ebb
2026-11-11 11:10:00,-0.87756974,low-ebb
2026-11-11 11:20:00,-0.8733797,low-flow
2026-11-11 11:30:00,-0.8620126,low-flow
2026-11-11 11:40:00,-0.84353864,low-flow
2026-11-11 11:50:00,-0.8180746,low-flow
2026-11-11 12:00:00,-0.78578424,low-flow
2026-11-11 12:10:00,-0.74687815,low-flow
2026-11-11 12:20:00,-0.7016136,low-flow
2026-11-11 12:30:00,-0.6502937,low-flow
2026-11-11 12:40:00,-0.5932665,low-flow
2026-11-11 12:50:00,-0.53092283,low-flow
2026-11-11 13:00:00,-0.46369407,low-flow
2026-11-11 13:10:00,-0.39204863,low-flow
2026-11-11 13:20:00,-0.31648815,low-flow
2026-11-11 13:30:00,-0.23754303,low-flow
2026-11-11 13:40:00,-0.1557679,low-flow
2026-11-11 13:50:00,-0.07173658,low-flow
2026-11-11 14:00:00,0.013962693,high-flow
2026-11-11 14:10:00,0.100731894,high-flow
2026-11-11 14:20:00,0.18796752,high-flow
2026-11-11 14:30:00,0.2750646,high-flow
2026-11-11 14:40:00,0.36142012,high-flow
2026-11-11 14:50:00,0.44643632,high-flow
2026-11-11 15:00:00,0.5295236,high-flow
2026-11-11 15:10:00,0.6101032,high-flow
2026-11-11 15:20:00,0.68761,high-flow
2026-11-11 15:30:00,0.7614952,high-flow
2026-11-11 15:40:00,0.8312297,high-flow
2026-11-11 15:50:00,0.89630693,high-flow
2026-11-11 16:00:00,0.9562468,high-flow
2026-11-11 16:10:00,1.0105991,high-flow
2026-11-11 16:20:00,1.058948,high-flow
2026-11-11 16:30:00,1.1009154,high-flow
2026-11-11 16:40:00,1.136165,high-flow
2026-11-11 16:50:00,1.1644058,high-flow
2026-11-11 17:00:00,1.1853952,high-flow
2026-11-11 17:10:00,1.1989412,high-flow
2026-11-11 17:20:00,1.2049038,high-flow
2026-11-11 17:30:00,1.2031968,high-flow
2026-11-11 17:40:00,1.1937869,high-ebb
2026-11-11 17:50:00,1.1766942,high-ebb
2026-11-11 18:00:00,1.1519908,high-ebb
2026-11-11 18:10:00,1.1198,high-ebb
2026-11-11 18:20:00,1.080294,high-ebb
2026-11-11 18:30:00,1.0336936,high-ebb
2026-11-11 18:40:00,0.98026574,high-ebb
2026-11-11 18:50:00,0.9203235,high-ebb
2026-11-11 19:00:00,0.85422426,high-ebb
2026-11-11 19:10:00,0.7823694,high-ebb
2026-11-11 19:20:00,0.7052034,high-ebb
2026-11-11 19:30:00,0.6232132,high-ebb
2026-11-11 19:40:00,0.53692687,high-ebb
2026-11-11 19:50:00,0.44691202,high-ebb
2026-11-11 20:00:00,0.35377318,high-ebb
2026-11-11 20:10:00,0.25814852,high-ebb
2026-11-11 20:20:00,0.16070522,high-ebb
2026-11-11 20:30:00,0.062134024,high-ebb
2026-11-11 20:40:00,-0.03685753,low-ebb
2026-11-11 20:50:00,-0.13555259,low-ebb
2026-11-11 21:00:00,-0.23323323,low-ebb
2026-11-11 21:10:00,-0.32918918,low-ebb
2026-11-11 21:20:00,-0.42272645,low-ebb
2026-11-11 21:30:00,-0.51317585,low-ebb
2026-11-11 21:40:00,-0.5999007,low-ebb
2026-11-11 21:50:00,-0.6823039,low-ebb
2026-11-11 22:00:00,-0.7598334,low-ebb
2026-11-11 22:10:00,-0.83198684,low-ebb
2026-11-11 22:20:00,-0.8983144,low-ebb
2026-11-11 22:30:00,-0.95842063,low-ebb
2026-11-11 22:40:00,-1.011965,low-ebb
2026-11-11 22:50:00,-1.0586615,low-ebb
2026-11-11 23:00:00,-1.0982767,low-ebb
2026-11-11 23:10:00,-1.1306295,low-ebb
2026-11-11 23:20:00,-1.1555878,low-ebb
2026-11-11 23:30:00,-1.1730677,low-ebb
2026-11-11 23:40:00,-1.1830314,low-ebb
2026-11-11 23:50:00,-1.1854863,low-ebb
2026-11-12 00:00:00,-1.1804843,low-flow
2026-11-12 00:10:00,-1.1681211,low-flow
2026-11-12 00:20:00,-1.1485366,low-flow
2026-11-12 00:30:00,-1.1219141,low-flow
2026-11-12 00:40:00,-1.0884817,low-flow
2026-11-12 00:50:00,-1.0485102,low-flow
2026-11-12 01:00:00,-1.0023142,low-flow
2026-11-12 01:10:00,-0.9502494,low-flow
2026-11-12 01:20:00,-0.8927116,low-flow
2026-11-12 01:30:00,-0.8301336,low-flow
2026-11-12 01:40:00,-0.7629822,low-flow
2026-11-12 01:50:00,-0.6917542,low-flow
2026-11-12 02:00:00,-0.6169722,low-flow
2026-11-12 02:10:00,-0.5391801,low-flow
2026-11-12 02:20:00,-0.4589384,low-flow
2026-11-12 02:30:00,-0.37681994,low-flow
2026-11-12 02:40:00,-0.29340535,low-flow
2026-11-12 02:50:00,-0.20927933,low-flow
2026-11-12 03:00:00,-0.12502679,low-flow
2026-11-12 03:10:00,-0.041229807,low-flow
2026-11-12 03:20:00,0.04153549,high-flow
2026-11-12 03:30:00,0.12270167,high-flow
2026-11-12 03:40:00,0.20171273,high-flow
2026-11-12 03:50:00,0.27802694,high-flow
2026-11-12 04:00:00,0.35111973,high-flow
2026-11-12 04:10:00,0.42048702,high-flow
2026-11-12 04:20:00,0.4856487,high-flow
2026-11-12 04:30:00,0.5461523,high-flow
2026-11-12 04:40:00,0.60157704,high-flow
2026-11-12 04:50:00,0.6515379,high-flow
2026-11-12 05:00:00,0.6956895,high-flow
2026-11-12 05:10:00,0.73372966,high-flow
2026-11-12 05:20:00,0.765403,high-flow
2026-11-12 05:30:00,0.790503,high-flow
2026-11-12 05:40:00,0.80887467,high-flow
2026-11-12 05:50:00,0.8204151,high-flow
2026-11-12 06:00:00,0.8250741,high-flow
2026-11-12 06:10:00,0.8228539,high-ebb
2026-11-12 06:20:00,0.8138081,high-ebb
2026-11-12 06:30:00,0.79804015,high-ebb
2026-11-12 06:40:00,0.775702,high-ebb
2026-11-12 06:50:00,0.74699175,high-ebb
2026-11-12 07:00:00,0.7121522,high-ebb
2026-11-12 07:10:00,0.6714692,high-ebb
2026-11-12 07:20:00,0.62527,high-ebb
2026-11-12 07:30:00,0.5739223,high-ebb
2026-11-12 07:40:00,0.5178329,high-ebb
2026-11-12 07:50:00,0.45744684,high-ebb
2026-11-12 08:00:00,0.3932462,high-ebb
2026-11-12 08:10:00,0.32574823,high-ebb
2026-11-12 08:20:00,0.25550342,high-ebb
2026-11-12 08:30:00,0.18309228,high-ebb
2026-11-12 08:40:00,0.10912157,high-ebb
2026-11-12 08:50:00,0.034219243,high-ebb
2026-11-12 09:00:00,-0.040971383,low-ebb
2026-11-12 09:10:00,-0.11579858,low-ebb
2026-11-12 09:20:00,-0.18960977,low-ebb
2026-11-12 09:30:00,-0.26175958,low-ebb
2026-11-12 09:40:00,-0.3316182,low-ebb
2026-11-12 09:50:00,-0.39857933,low-ebb
2026-11-12 10:00:00,-0.462068,low-ebb
2026-11-12 10:10:00,-0.52154714,low-ebb
2026-11-12 10:20:00,-0.5765233,low-ebb
2026-11-12 10:30:00,-0.6265513,low-ebb
2026-11-12 10:40:00,-0.671237,low-ebb
2026-11-12 10:50:00,-0.71023923,low-ebb
2026-11-12 11:00:00,-0.74327016,low-ebb
2026-11-12 11:10:00,-0.77009475,low-ebb
2026-11-12 11:20:00,-0.79052913,low-ebb
2026-11-12 11:30:00,-0.8044389,low-ebb
2026-11-12 11:40:00,-0.81173646,low-ebb
2026-11-12 11:50:00,-0.81237906,low-ebb
2026-11-12 12:00:00,-0.8063666,low-flow
2026-11-12 12:10:00,-0.79374015,low-flow
2026-11-12 12:20:00,-0.77458036,low-flow
2026-11-12 12:30:00,-0.74900734,low-flow
2026-11-12 12:40:00,-0.7171799,low-flow
2026-11-12 12:50:00,-0.679296,low-flow
2026-11-12 13:00:00,-0.6355924,low-flow
2026-11-12 13:10:00,-0.586345,low-flow
2026-11-12 13:20:00,-0.5318686,low-flow
2026-11-12 13:30:00,-0.47251588,low-flow
2026-11-12 13:40:00,-0.40867642,low-flow
2026-11-12 13:50:00,-0.34077442,low-flow
2026-11-12 14:00:00,-0.26926625,low-flow
2026-11-12 14:10:00,-0.19463712,low-flow
2026-11-12 14:20:00,-0.11739722,low-flow
2026-11-12 14:30:00,-0.038077634,low-flow
2026-11-12 14:40:00,0.04277401,high-flow
2026-11-12 14:50:00,0.12459795,high-flow
2026-11-12 15:00:00,0.20682654,high-flow
2026-11-12 15:10:00,0.28888828,high-flow
2026-11-12 15:20:00,0.37021157,high-flow
2026-11-12 15:30:00,0.4502281,high-flow
2026-11-12 15:40:00,0.5283759,high-flow
2026-11-12 15:50:00,0.6041026,high-flow
2026-11-12 16:00:00,0.6768678,high-flow
2026-11-12 16:10:00,0.74614626,high-flow
2026-11-12 16:20:00,0.81143075,high-flow
2026-11-12 16:30:00,0.8722354,high-flow
2026-11-12 16:40:00,0.9280991,high-flow
2026-11-12 16:50:00,0.9785891,high-flow
2026-11-12 17:00:00,1.0233054,high-flow
2026-11-12 17:10:00,1.0618844,high-flow
2026-11-12 17:20:00,1.0940031,high-flow
2026-11-12 17:30:00,1.1193832,high-flow
2026-11-12 17:40:00,1.1377941,high-flow
2026-11-12 17:50:00,1.1490561,high-flow
2026-11-12 18:00:00,1.1530421,high-flow
2026-11-12 18:10:00,1.1496795,high-ebb
2026-11-12 18:20:00,1.1389507,high-ebb
2026-11-12 18:30:00,1.120892,high-ebb
2026-11-12 18:40:00,1.0955935,high-ebb
2026-11-12 18:50:00,1.0631968,high-ebb
2026-11-12 19:00:00,1.0238934,high-ebb
2026-11-12 19:10:00,0.97792166,high-ebb
2026-11-12 19:20:00,0.9255654,high-ebb
2026-11-12 19:30:00,0.8671509,high-ebb
2026-11-12 19:40:00,0.8030449,high-ebb
2026-11-12 19:50:00,0.7336529,high-ebb
2026-11-12 20:00:00,0.65941733,high-ebb
2026-11-12 20:10:00,0.5808161,high-ebb
2026-11-12 20:20:00,0.49836114,high-ebb
2026-11-12 20:30:00,0.4125963,high-ebb
2026-11-12 20:40:00,0.32409543,high-ebb
2026-11-12 20:50:00,0.23345941,high-ebb
2026-11-12 21:00:00,0.14131264,high-ebb
2026-11-12 21:10:00,0.048298437,high-ebb
2026-11-12 21:20:00,-0.04492634,low-ebb
2026-11-12 21:30:00,-0.13769764,low-ebb
2026-11-12 21:40:00,-0.22935125,low-ebb
2026-11-12 21:50:00,-0.31923056,low-ebb
2026-11-12 22:00:00,-0.40669435,low-ebb
2026-11-12 22:10:00,-0.49112463,low-ebb
2026-11-12 22:20:00,-0.5719342,low-ebb
2026-11-12 22:30:00,-0.6485735,low-ebb
2026-11-12 22:40:00,-0.720536,low-ebb
2026-11-12 22:50:00,-0.7873633,low-ebb
2026-11-12 23:00:00,-0.84864783,low-ebb
2026-11-12 23:10:00,-0.9040352,low-ebb
2026-11-12 23:20:00,-0.95322436,low-ebb
2026-11-12 23:30:00,-0.9959673,low-ebb
2026-11-12 23:40:00,-1.0320672,low-ebb
2026-11-12 23:50:00,-1.0613766,low-ebb
2026-11-13 00:00:00,-1.0837942,low-ebb
2026-11-13 00:10:00,-1.0992631,low-ebb
2026-11-13 00:20:00,-1.1077675,low-ebb
2026-11-13 00:30:00,-1.1093311,low-ebb
2026-11-13 00:40:00,-1.1040156,low-flow
2026-11-13 00:50:00,-1.091919,low-flow
2026-11-13 01:00:00,-1.0731758,low-flow
2026-11-13 01:10:00,-1.0479571,low-flow
2026-11-13 01:20:00,-1.0164697,low-flow
2026-11-13 01:30:00,-0.9789578,low-flow
2026-11-13 01:40:00,-0.93570185,low-flow
2026-11-13 01:50:00,-0.8870192,low-flow
2026-11-13 02:00:00,-0.833263,low-flow
2026-11-13 02:10:00,-0.7748207,low-flow
2026-11-13 02:20:00,-0.71211237,low-flow
2026-11-13 02:30:00,-0.64558804,low-flow
2026-11-13 02:40:00,-0.57572407,low-flow
2026-11-13 02:50:00,-0.50301987,low-flow
2026-11-13 03:00:00,-0.42799354,low-flow
2026-11-13 03:10:00,-0.35117793,low-flow
2026-11-13 03:20:00,-0.2731164,low-flow
2026-11-13 03:30:00,-0.19435881,low-flow
2026-11-13 03:40:00,-0.11545772,low-flow
2026-11-13 03:50:00,-0.036964882,low-flow
2026-11-13 04:00:00,0.040571973,high-flow
2026-11-13 04:10:00,0.11661216,high-flow
2026-11-13 04:20:00,0.19062495,high-flow
2026-11-13 04:30:00,0.26209247,high-flow
2026-11-13 04:40:00,0.3305126,high-flow
2026-11-13 04:50:00,0.39540225,high-flow
2026-11-13 05:00:00,0.45630065,high-flow
2026-11-13 05:10:00,0.51277316,high-flow
2026-11-13 05:20:00,0.5644151,high-flow
2026-11-13 05:30:00,0.61085594,high-flow
2026-11-13 05:40:00,0.6517633,high-flow
2026-11-13 05:50:00,0.6868469,high-flow
2026-11-13 06:00:00,0.7158623,high-flow
2026-11-13 06:10:00,0.7386136,high-flow
2026-11-13 06:20:00,0.75495654,high-flow
2026-11-13 06:30:00,0.76479924,high-flow
2026-11-13 06:40:00,0.76810366,high-flow
2026-11-13 06:50:00,0.76488495,high-ebb
2026-11-13 07:00:00,0.75521076,high-ebb
2026-11-13 07:10:00,0.73919934,high-ebb
2026-11-13 07:20:00,0.7170174,high-ebb
2026-11-13 07:30:00,0.68887776,high-ebb
2026-11-13 07:40:00,0.65503615,high-ebb
2026-11-13 07:50:00,0.6157888,high-ebb
2026-11-13 08:00:00,0.57146996,high-ebb
2026-11-13 08:10:00,0.52244925,high-ebb
2026-11-13 08:20:00,0.46912992,high-ebb
2026-11-13 08:30:00,0.41194683,high-ebb
2026-11-13 08:40:00,0.35136485,high-ebb
2026-11-13 08:50:00,0.28787687,high-ebb
2026-11-13 09:00:00,0.22200207,high-ebb
2026-11-13 09:10:00,0.15428318,high-ebb
2026-11-13 09:20:00,0.08528347,high-ebb
2026-11-13 09:30:00,0.015582966,high-ebb
2026-11-13 09:40:00,-0.054226413,low-ebb
2026-11-13 09:50:00,-0.12354635,low-ebb
2026-11-13 10:00:00,-0.19177845,low-ebb
2026-11-13 10:10:00,-0.2583313,low-ebb
2026-11-13 10:20:00,-0.3226276,low-ebb
2026-11-13 10:30:00,-0.38411176,low-ebb
2026-11-13 10:40:00,-0.4422568,low-ebb
2026-11-13 10:50:00,-0.49657115,low-ebb
2026-11-13 11:00:00,-0.54660416,low-ebb
2026-11-13 11:10:00,-0.5919508,low-ebb
2026-11-13 11:20:00,-0.6322549,low-ebb
2026-11-13 11:30:00,-0.6672111,low-ebb
2026-11-13 11:40:00,-0.6965657,low-ebb
2026-11-13 11:50:00,-0.7201158,low-ebb
2026-11-13 12:00:00,-0.7377078,low-ebb
2026-11-13 12:10:00,-0.7492352,low-ebb
2026-11-13 12:20:00,-0.7546357,low-ebb
2026-11-13 12:30:00,-0.7538881,low-ebb
2026-11-13 12:40:00,-0.74700963,low-flow
2026-11-13 12:50:00,-0.73405343,low-flow
2026-11-13 13:00:00,-0.71510655,low-flow
2026-11-13 13:10:00,-0.69028866,low-flow
2026-11-13 13:20:00,-0.6597511,low-flow
2026-11-13 13:30:00,-0.62367713,low-flow
2026-11-13 13:40:00,-0.58228153,low-flow
2026-11-13 13:50:00,-0.53581166,low-flow
2026-11-13 14:00:00,-0.48454735,low-flow
2026-11-13 14:10:00,-0.42880148,low-flow
2026-11-13 14:20:00,-0.3689196,low-flow
2026-11-13 14:30:00,-0.3052793,low-flow
2026-11-13 14:40:00,-0.23828869,low-flow
2026-11-13 14:50:00,-0.16838434,low-flow
2026-11-13 15:00:00,-0.096028686,low-flow
2026-11-13 15:10:00,-0.02170659,low-flow
2026-11-13 15:20:00,0.054078262,high-flow
2026-11-13 15:30:00,0.13080736,high-flow
2026-11-13 15:40:00,0.20795141,high-flow
2026-11-13 15:50:00,0.28497443,high-flow
2026-11-13 16:00:00,0.3613376,high-flow
2026-11-13 16:10:00,0.43650293,high-flow
2026-11-13 16:20:00,0.50993663,high-flow
2026-11-13 16:30:00,0.5811123,high-flow
2026-11-13 16:40:00,0.6495142,high-flow
2026-11-13 16:50:00,0.7146398,high-flow
2026-11-13 17:00:00,0.77600324,high-flow
2026-11-13 17:10:00,0.83313817,high-flow
2026-11-13 17:20:00,0.88560146,high-flow
2026-11-13 17:30:00,0.9329765,high-flow
2026-11-13 17:40:00,0.97487736,high-flow
2026-11-13 17:50:00,1.0109527,high-flow
2026-11-13 18:00:00,1.04089,high-flow
2026-11-13 18:10:00,1.0644194,high-flow
2026-11-13 18:20:00,1.0813174,high-flow
2026-11-13 18:30:00,1.0914108,high-flow
2026-11-13 18:40:00,1.0945779,high-flow
2026-11-13 18:50:00,1.0907516,high-ebb
2026-11-13 19:00:00,1.0799198,high-ebb
2026-11-13 19:10:00,1.0621251,high-ebb
2026-11-13 19:20:00,1.0374643,high-ebb
2026-11-13 19:30:00,1.0060863,high-ebb
2026-11-13 19:40:00,0.9681901,high-ebb
2026-11-13 19:50:00,0.9240213,high-ebb
2026-11-13 20:00:00,0.8738696,high-ebb
2026-11-13 20:10:00,0.81806517,high-ebb
2026-11-13 20:20:00,0.75697565,high-ebb
2026-11-13 20:30:00,0.69100314,high-ebb
2026-11-13 20:40:00,0.62058175,high-ebb
2026-11-13 20:50:00,0.5461751,high-ebb
2026-11-13 21:00:00,0.46827438,high-ebb
2026-11-13 21:10:00,0.38739616,high-ebb
2026-11-13 21:20:00,0.30408037,high-ebb
2026-11-13 21:30:00,0.21888798,high-ebb
2026-11-13 21:40:00,0.13239808,high-ebb
2026-11-13 21:50:00,0.045204397,high-ebb
2026-11-13 22:00:00,-0.042088885,low-ebb
2026-11-13 22:10:00,-0.12887214,low-ebb
2026-11-13 22:20:00,-0.21453609,low-ebb
2026-11-13 22:30:00,-0.29847816,low-ebb
2026-11-13 22:40:00,-0.38010937,low-ebb
2026-11-13 22:50:00,-0.45886135,low-ebb
2026-11-13 23:00:00,-0.5341933,low-ebb
2026-11-13 23:10:00,-0.60559815,low-ebb
2026-11-13 23:20:00,-0.6726089,low-ebb
2026-11-13 23:30:00,-0.7348027,low-ebb
2026-11-13 23:40:00,-0.7918049,low-ebb
2026-11-13 23:50:00,-0.84329087,low-ebb
2026-11-14 00:00:00,-0.8889872,low-ebb
2026-11-14 00:10:00,-0.92867106,low-ebb
2026-11-14 00:20:00,-0.96216905,low-ebb
2026-11-14 00:30:00,-0.9893546,low-ebb
2026-11-14 00:40:00,-1.0101453,low-ebb
2026-11-14 00:50:00,-1.0244997,low-ebb
2026-11-14 01:00:00,-1.032414,low-ebb
2026-11-14 01:10:00,-1.0339196,low-ebb
2026-11-14 01:20:00,-1.0290806,low-flow
2026-11-14 01:30:00,-1.017992,low-flow
2026-11-14 01:40:00,-1.0007789,low-flow
2026-11-14 01:50:00,-0.97759616,low-flow
2026-11-14 02:00:00,-0.94862837,low-flow
2026-11-14 02:10:00,-0.9140905,low-flow
2026-11-14 02:20:00,-0.87422854,low-flow
2026-11-14 02:30:00,-0.82932013,low-flow
2026-11-14 02:40:00,-0.77967477,low-flow
2026-11-14 02:50:00,-0.7256336,low-flow
2026-11-14 03:00:00,-0.6675688,low-flow
2026-11-14 03:10:00,-0.60588187,low-flow
2026-11-14 03:20:00,-0.54100144,low-flow
2026-11-14 03:30:00,-0.47338083,low-flow
2026-11-14 03:40:00,-0.40349433,low-flow
2026-11-14 03:50:00,-0.33183372,low-flow
2026-11-14 04:00:00,-0.2589043,low-flow
2026-11-14 04:10:00,-0.18522088,low-flow
2026-11-14 04:20:00,-0.11130392,low-flow
2026-11-14 04:30:00,-0.03767572,low-flow
2026-11-14 04:40:00,0.035143055,high-flow
2026-11-14 04:50:00,0.106636755,high-flow
2026-11-14 05:00:00,0.17629786,high-flow
2026-11-14 05:10:00,0.24363002,high-flow
2026-11-14 05:20:00,0.30815116,high-flow
2026-11-14 05:30:00,0.36939648,high-flow
2026-11-14 05:40:00,0.426922,high-flow
2026-11-14 05:50:00,0.48030788,high-flow
2026-11-14 06:00:00,0.5291623,high-flow
2026-11-14 06:10:00,0.5731254,high-flow
2026-11-14 06:20:00,0.61187357,high-flow
2026-11-14 06:30:00,0.645123,high-flow
2026-11-14 06:40:00,0.6726338,high-flow
2026-11-14 06:50:00,0.6942136,high-flow
2026-11-14 07:00:00,0.7097197,high-flow
2026-11-14 07:10:00,0.71906173,high-flow
2026-11-14 07:20:00,0.72220236,high-flow
2026-11-14 07:30:00,0.71915776,high-ebb
2026-11-14 07:40:00,0.70999664,high-ebb
2026-11-14 07:50:00,0.6948387,high-ebb
2026-11-14 08:00:00,0.67385244,high-ebb
2026-11-14 08:10:00,0.6472518,high-ebb
2026-11-14 08:20:00,0.6152932,high-ebb
2026-11-14 08:30:00,0.57827175,high-ebb
2026-11-14 08:40:00,0.5365181,high-ebb
2026-11-14 08:50:00,0.4903949,high-ebb
2026-11-14 09:00:00,0.44029403,high-ebb
2026-11-14 09:10:00,0.38663396,high-ebb
2026-11-14 09:20:00,0.3298574,high-ebb
2026-11-14 09:30:00,0.2704293,high-ebb
2026-11-14 09:40:00,0.20883487,high-ebb
2026-11-14 09:50:00,0.1455773,high-ebb
2026-11-14 10:00:00,0.08117561,high-ebb
2026-11-14 10:10:00,0.016161574,high-ebb
2026-11-14 10:20:00,-0.04892375,low-ebb
2026-11-14 10:30:00,-0.11353427,low-ebb
2026-11-14 10:40:00,-0.17712386,low-ebb
2026-11-14 10:50:00,-0.23915197,low-ebb
2026-11-14 11:00:00,-0.29908982,low-ebb
2026-11-14 11:10:00,-0.35642686,low-ebb
2026-11-14 11:20:00,-0.41067722,low-ebb
2026-11-14 11:30:00,-0.46138594,low-ebb
2026-11-14 11:40:00,-0.5081345,low-ebb
2026-11-14 11:50:00,-0.5505457,low-ebb
2026-11-14 12:00:00,-0.58828723,low-ebb
2026-11-14 12:10:00,-0.6210742,low-ebb
2026-11-14 12:20:00,-0.64867014,low-ebb
2026-11-14 12:30:00,-0.670887,low-ebb
2026-11-14 12:40:00,-0.68758374,low-ebb
2026-11-14 12:50:00,-0.69866425,low-ebb
2026-11-14 13:00:00,-0.7040745,low-ebb
2026-11-14 13:10:00,-0.7037991,low-ebb
2026-11-14 13:20:00,-0.6978584,low-flow
2026-11-14 13:30:00,-0.6863049,low-flow
2026-11-14 13:40:00,-0.6692212,low-flow
2026-11-14 13:50:00,-0.64671755,low-flow
2026-11-14 14:00:00,-0.6189309,low-flow
2026-11-14 14:10:00,-0.58602405,low-flow
2026-11-14 14:20:00,-0.5481862,low-flow
2026-11-14 14:30:00,-0.50563294,low-flow
2026-11-14 14:40:00,-0.45860744,low-flow
2026-11-14 14:50:00,-0.4073812,low-flow
2026-11-14 15:00:00,-0.35225484,low-flow
2026-11-14 15:10:00,-0.29355827,low-flow
2026-11-14 15:20:00,-0.23165044,low-flow
2026-11-14 15:30:00,-0.16691859,low-flow
2026-11-14 15:40:00,-0.0997764,low-flow
2026-11-14 15:50:00,-0.030661784,low-flow
2026-11-14 16:00:00,0.039966103,high-flow
2026-11-14 16:10:00,0.111630276,high-flow
2026-11-14 16:20:00,0.18383971,high-flow
2026-11-14 16:30:00,0.25609326,high-flow
2026-11-14 16:40:00,0.3278837,high-flow
2026-11-14 16:50:00,0.3987015,high-flow
2026-11-14 17:00:00,0.46803862,high-flow
2026-11-14 17:10:00,0.5353921,high-flow
2026-11-14 17:20:00,0.60026723,high-flow
2026-11-14 17:30:00,0.6621808,high-flow
2026-11-14 17:40:00,0.72066426,high-flow
2026-11-14 17:50:00,0.7752669,high-flow
2026-11-14 18:00:00,0.825559,high-flow
2026-11-14 18:10:00,0.8711357,high-flow
2026-11-14 18:20:00,0.91162014,high-flow
2026-11-14 18:30:00,0.94666773,high-flow
2026-11-14 18:40:00,0.9759702,high-flow
2026-11-14 18:50:00,0.99925923,high-flow
2026-11-14 19:00:00,1.0163106,high-flow
2026-11-14 19:10:00,1.0269476,high-flow
2026-11-14 19:20:00,1.0310436,high-flow
2026-11-14 19:30:00,1.0285252,high-ebb
2026-11-14 19:40:00,1.0193722,high-ebb
2026-11-14 19:50:00,1.0036191,high-ebb
2026-11-14 20:00:00,0.9813541,high-ebb
2026-11-14 20:10:00,0.95271754,high-ebb
2026-11-14 20:20:00,0.9178995,high-ebb
2026-11-14 20:30:00,0.8771369,high-ebb
2026-11-14 20:40:00,0.83070976,high-ebb
2026-11-14 20:50:00,0.77893764,high-ebb
2026-11-14 21:00:00,0.72217554,high-ebb
2026-11-14 21:10:00,0.6608104,high-ebb
2026-11-14 21:20:00,0.59525764,high-ebb
2026-11-14 21:30:00,0.5259579,high-ebb
2026-11-14 21:40:00,0.45337477,high-ebb
2026-11-14 21:50:00,0.3779922,high-ebb
2026-11-14 22:00:00,0.30031246,high-ebb
2026-11-14 22:10:00,0.22085406,high-ebb
2026-11-14 22:20:00,0.14014946,high-ebb
2026-11-14 22:30:00,0.058742598,high-ebb
2026-11-14 22:40:00,-0.022814209,low-ebb
2026-11-14 22:50:00,-0.103964,low-ebb
2026-11-14 23:00:00,-0.18414955,low-ebb
2026-11-14 23:10:00,-0.26281843,low-ebb
2026-11-14 23:20:00,-0.33942866,low-ebb
2026-11-14 23:30:00,-0.4134547,low-ebb
2026-11-14 23:40:00,-0.4843937,low-ebb
2026-11-14 23:50:00,-0.5517714,low-ebb
2026-11-15 00:00:00,-0.6151479,low-ebb
2026-11-15 00:10:00,-0.6741225,low-ebb
2026-11-15 00:20:00,-0.7283377,low-ebb
2026-11-15 00:30:00,-0.77748185,low-ebb
2026-11-15 00:40:00,-0.8212907,low-ebb
2026-11-15 00:50:00,-0.8595478,low-ebb
2026-11-15 01:00:00,-0.89208364,low-ebb
2026-11-15 01:10:00,-0.91877335,low-ebb
2026-11-15 01:20:00,-0.93953454,low-ebb
2026-11-15 01:30:00,-0.95432377,low-ebb
2026-11-15 01:40:00,-0.96313334,low-ebb
2026-11-15 01:50:00,-0.9659881,low-ebb
2026-11-15 02:00:00,-0.9629425,low-flow
2026-11-15 02:10:00,-0.9540785,low-flow
2026-11-15 02:20:00,-0.93950397,low-flow
2026-11-15 02:30:00,-0.9193518,low-flow
2026-11-15 02:40:00,-0.8937801,low-flow
2026-11-15 02:50:00,-0.8629724,low-flow
2026-11-15 03:00:00,-0.8271386,low-flow
2026-11-15 03:10:00,-0.7865163,low-flow
2026-11-15 03:20:00,-0.74137163,low-flow
2026-11-15 03:30:00,-0.69199985,low-flow
2026-11-15 03:40:00,-0.6387258,low-flow
2026-11-15 03:50:00,-0.5819034,low-flow
2026-11-15 04:00:00,-0.5219145,low-flow
2026-11-15 04:10:00,-0.45916706,low-flow
2026-11-15 04:20:00,-0.39409265,low-flow
2026-11-15 04:30:00,-0.32714325,low-flow
2026-11-15 04:40:00,-0.25878775,low-flow
2026-11-15 04:50:00,-0.18950799,low-flow
2026-11-15 05:00:00,-0.11979496,low-flow
2026-11-15 05:10:00,-0.050144672,low-flow
2026-11-15 05:20:00,0.01894558,high-flow
2026-11-15 05:30:00,0.08698092,high-flow
2026-11-15 05:40:00,0.15347232,high-flow
2026-11-15 05:50:00,0.21793997,high-flow
2026-11-15 06:00:00,0.27991635,high-flow
2026-11-15 06:10:00,0.3389495,high-flow
2026-11-15 06:20:00,0.39460623,high-flow
2026-11-15 06:30:00,0.44647545,high-flow
2026-11-15 06:40:00,0.49417177,high-flow
2026-11-15 06:50:00,0.53733927,high-flow
2026-11-15 07:00:00,0.5756553,high-flow
2026-11-15 07:10:00,0.6088344,high-flow
2026-11-15 07:20:00,0.63663226,high-flow
2026-11-15 07:30:00,0.65884894,high-flow
2026-11-15 07:40:00,0.67533225,high-flow
2026-11-15 07:50:00,0.6859799,high-flow
2026-11-15 08:00:00,0.6907413,high-flow
2026-11-15 08:10:00,0.68961805,high-flow
2026-11-15 08:20:00,0.68266374,high-ebb
2026-11-15 08:30:00,0.66998255,high-ebb
2026-11-15 08:40:00,0.65172726,high-ebb
2026-11-15 08:50:00,0.62809616,high-ebb
2026-11-15 09:00:00,0.5993295,high-ebb
2026-11-15 09:10:00,0.5657057,high-ebb
2026-11-15 09:20:00,0.5275377,high-ebb
2026-11-15 09:30:00,0.48516843,high-ebb
2026-11-15 09:40:00,0.4389676,high-ebb
2026-11-15 09:50:00,0.3893284,high-ebb
2026-11-15 10:00:00,0.3366647,high-ebb
2026-11-15 10:10:00,0.28140858,high-ebb
2026-11-15 10:20:00,0.22400826,high-ebb
2026-11-15 10:30:00,0.16492635,high-ebb
2026-11-15 10:40:00,0.10463781,high-ebb
2026-11-15 10:50:00,0.04362799,high-ebb
2026-11-15 11:00:00,-0.017609885,low-ebb
2026-11-15 11:10:00,-0.07857768,low-ebb
2026-11-15 11:20:00,-0.13877602,low-ebb
2026-11-15 11:30:00,-0.19770855,low-ebb
2026-11-15 11:40:00,-0.25488687,low-ebb
2026-11-15 11:50:00,-0.309836,low-ebb
2026-11-15 12:00:00,-0.36209998,low-ebb
2026-11-15 12:10:00,-0.41124764,low-ebb
2026-11-15 12:20:00,-0.456878,low-ebb
2026-11-15 12:30:00,-0.4986254,low-ebb
2026-11-15 12:40:00,-0.5361632,low-ebb
2026-11-15 12:50:00,-0.5692073,low-ebb
2026-11-15 13:00:00,-0.5975178,low-ebb
2026-11-15 13:10:00,-0.6208996,low-ebb
2026-11-15 13:20:00,-0.6392023,low-ebb
2026-11-15 13:30:00,-0.6523181,low-ebb
2026-11-15 13:40:00,-0.66017985,low-ebb
2026-11-15 13:50:00,-0.66275775,low-ebb
2026-11-15 14:00:00,-0.66005623,low-flow
2026-11-15 14:10:00,-0.6521107,low-flow
2026-11-15 14:20:00,-0.6389844,low-flow
2026-11-15 14:30:00,-0.6207659,low-flow
2026-11-15 14:40:00,-0.5975678,low-flow
2026-11-15 14:50:00,-0.56952506,low-flow
2026-11-15 15:00:00,-0.53679526,low-flow
2026-11-15 15:10:00,-0.49955878,low-flow
2026-11-15 15:20:00,-0.45801964,low-flow
2026-11-15 15:30:00,-0.41240692,low-flow
2026-11-15 15:40:00,-0.36297596,low-flow
2026-11-15 15:50:00,-0.31000927,low-flow
2026-11-15 16:00:00,-0.2538174,low-flow
2026-11-15 16:10:00,-0.19473891,low-flow
2026-11-15 16:20:00,-0.13313965,low-flow
2026-11-15 16:30:00,-0.069411546,low-flow
2026-11-15 16:40:00,-0.0039703287,low-flow
2026-11-15 16:50:00,0.06274725,high-flow
2026-11-15 17:00:00,0.13028677,high-flow
2026-11-15 17:10:00,0.19817987,high-flow
2026-11-15 17:20:00,0.26594833,high-flow
2026-11-15 17:30:00,0.33310795,high-flow
2026-11-15 17:40:00,0.39917266,high-flow
2026-11-15 17:50:00,0.46365845,high-flow
2026-11-15 18:00:00,0.52608675,high-flow
2026-11-15 18:10:00,0.5859882,high-flow
2026-11-15 18:20:00,0.6429058,high-flow
2026-11-15 18:30:00,0.69639796,high-flow
2026-11-15 18:40:00,0.74604225,high-flow
2026-11-15 18:50:00,0.79143816,high-flow
2026-11-15 19:00:00,0.83221096,high-flow
2026-11-15 19:10:00,0.8680151,high-flow
2026-11-15 19:20:00,0.89853793,high-flow
2026-11-15 19:30:00,0.9235037,high-flow
2026-11-15 19:40:00,0.9426771,high-flow
2026-11-15 19:50:00,0.955867,high-flow
2026-11-15 20:00:00,0.9629295,high-flow
2026-11-15 20:10:00,0.96377033,high-flow
2026-11-15 20:20:00,0.95834696,high-ebb
2026-11-15 20:30:00,0.9466693,high-ebb
2026-11-15 20:40:00,0.92879957,high-ebb
2026-11-15 20:50:00,0.9048516,high-ebb
2026-11-15 21:00:00,0.87498844,high-ebb
2026-11-15 21:10:00,0.83941966,high-ebb
2026-11-15 21:20:00,0.79839814,high-ebb
2026-11-15 21:30:00,0.7522157,high-ebb
2026-11-15 21:40:00,0.70119923,high-ebb
2026-11-15 21:50:00,0.6457065,high-ebb
2026-11-15 22:00:00,0.5861221,high-ebb
2026-11-15 22:10:00,0.5228541,high-ebb
2026-11-15 22:20:00,0.45633075,high-ebb
2026-11-15 22:30:00,0.38699788,high-ebb
2026-11-15 22:40:00,0.31531668,high-ebb
2026-11-15 22:50:00,0.2417618,high-ebb
2026-11-15 23:00:00,0.16681956,high-ebb
2026-11-15 23:10:00,0.09098607,high-ebb
2026-11-15 23:20:00,0.014765219,high-ebb
2026-11-15 23:30:00,-0.06133393,low-ebb
2026-11-15 23:40:00,-0.13680018,low-ebb
2026-11-15 23:50:00,-0.21112402,low-ebb
2026-11-16 00:00:00,-0.28380194,low-ebb
2026-11-16 00:10:00,-0.35434148,low-ebb
2026-11-16 00:20:00,-0.4222664,low-ebb
2026-11-16 00:30:00,-0.48712242,low-ebb
2026-11-16 00:40:00,-0.54848254,low-ebb
2026-11-16 00:50:00,-0.605952,low-ebb
2026-11-16 01:00:00,-0.6591729,low-ebb
2026-11-16 01:10:00,-0.7078275,low-ebb
2026-11-16 01:20:00,-0.7516407,low-ebb
2026-11-16 01:30:00,-0.7903812,low-ebb
2026-11-16 01:40:00,-0.8238619,low-ebb
2026-11-16 01:50:00,-0.8519384,low-ebb
2026-11-16 02:00:00,-0.8745073,low-ebb
2026-11-16 02:10:00,-0.89150345,low-ebb
2026-11-16 02:20:00,-0.90289676,low-ebb
2026-11-16 02:30:00,-0.90868914,low-ebb
2026-11-16 02:40:00,-0.9089114,low-ebb
2026-11-16 02:50:00,-0.9036206,low-flow
2026-11-16 03:00:00,-0.89289784,low-flow
2026-11-16 03:10:00,-0.87684745,low-flow
2026-11-16 03:20:00,-0.85559624,low-flow
2026-11-16 03:30:00,-0.8292936,low-flow
2026-11-16 03:40:00,-0.79811263,low-flow
2026-11-16 03:50:00,-0.7622512,low-flow
2026-11-16 04:00:00,-0.72193336,low-flow
2026-11-16 04:10:00,-0.6774106,low-flow
2026-11-16 04:20:00,-0.62896293,low-flow
2026-11-16 04:30:00,-0.5768994,low-flow
2026-11-16 04:40:00,-0.52155775,low-flow
2026-11-16 04:50:00,-0.46330342,low-flow
2026-11-16 05:00:00,-0.40252802,low-flow
2026-11-16 05:10:00,-0.3396467,low-flow
2026-11-16 05:20:00,-0.275095,low-flow
2026-11-16 05:30:00,-0.20932533,low-flow
2026-11-16 05:40:00,-0.14280307,low-flow
2026-11-16 05:50:00,-0.07600239,low-flow
2026-11-16 06:00:00,-0.009402199,low-flow
2026-11-16 06:10:00,0.056517802,high-flow
2026-11-16 06:20:00,0.12128095,high-flow
2026-11-16 06:30:00,0.18441722,high-flow
2026-11-16 06:40:00,0.2454666,high-flow
2026-11-16 06:50:00,0.3039824,high-flow
2026-11-16 07:00:00,0.3595344,high-flow
2026-11-16 07:10:00,0.41171214,high-flow
2026-11-16 07:20:00,0.46012816,high-flow
2026-11-16 07:30:00,0.5044216,high-flow
2026-11-16 07:40:00,0.5442615,high-flow
2026-11-16 07:50:00,0.5793509,high-flow
2026-11-16 08:00:00,0.60943,high-flow
2026-11-16 08:10:00,0.63428,high-flow
2026-11-16 08:20:00,0.6537263,high-flow
2026-11-16 08:30:00,0.66764104,high-flow
2026-11-16 08:40:00,0.6759452,high-flow
2026-11-16 08:50:00,0.67860997,high-flow
2026-11-16 09:00:00,0.6756568,high-ebb
2026-11-16 09:10:00,0.6671568,high-ebb
2026-11-16 09:20:00,0.6532293,high-ebb
2026-11-16 09:30:00,0.634039,high-ebb
2026-11-16 09:40:00,0.6097928,high-ebb
2026-11-16 09:50:00,0.58073646,high-ebb
2026-11-16 10:00:00,0.5471498,high-ebb
2026-11-16 10:10:00,0.5093431,high-ebb
2026-11-16 10:20:00,0.46765292,high-ebb
2026-11-16 10:30:00,0.42243844,high-ebb
2026-11-16 10:40:00,0.37407824,high-ebb
2026-11-16 10:50:00,0.3229676,high-ebb
2026-11-16 11:00:00,0.26951623,high-ebb
2026-11-16 11:10:00,0.21414669,high-ebb
2026-11-16 11:20:00,0.15729254,high-ebb
2026-11-16 11:30:00,0.09939712,high-ebb
2026-11-16 11:40:00,0.04091185,high-ebb
2026-11-16 11:50:00,-0.017705716,low-ebb
2026-11-16 12:00:00,-0.075994276,low-ebb
2026-11-16 12:10:00,-0.13349184,low-ebb
2026-11-16 12:20:00,-0.18973947,low-ebb
2026-11-16 12:30:00,-0.24428555,low-ebb
2026-11-16 12:40:00,-0.2966907,low-ebb
2026-11-16 12:50:00,-0.34653288,low-ebb
2026-11-16 13:00:00,-0.39341265,low-ebb
2026-11-16 13:10:00,-0.43695822,low-ebb
2026-11-16 13:20:00,-0.47683004,low-ebb
2026-11-16 13:30:00,-0.5127245,low-ebb
2026-11-16 13:40:00,-0.54437715,low-ebb
2026-11-16 13:50:00,-0.57156396,low-ebb
2026-11-16 14:00:00,-0.59410244,low-ebb
2026-11-16 14:10:00,-0.611851,low-ebb
2026-11-16 14:20:00,-0.6247073,low-ebb
2026-11-16 14:30:00,-0.63260615,low-ebb
2026-11-16 14:40:00,-0.63551676,low-ebb
2026-11-16 14:50:00,-0.63343954,low-flow
2026-11-16 15:00:00,-0.62640303,low-flow
2026-11-16 15:10:00,-0.6144613,low-flow
2026-11-16 15:20:00,-0.59769183,low-flow
2026-11-16 15:30:00,-0.5761938,low-flow
2026-11-16 15:40:00,-0.5500877,low-flow
2026-11-16 15:50:00,-0.519515,low-flow
2026-11-16 16:00:00,-0.48463926,low-flow
2026-11-16 16:10:00,-0.44564697,low-flow
2026-11-16 16:20:00,-0.40274927,low-flow
2026-11-16 16:30:00,-0.35618326,low-flow
2026-11-16 16:40:00,-0.30621338,low-flow
2026-11-16 16:50:00,-0.25313216,low-flow
2026-11-16 17:00:00,-0.19726047,low-flow
2026-11-16 17:10:00,-0.13894695,low-flow
2026-11-16 17:20:00,-0.0785667,low-flow
2026-11-16 17:30:00,-0.016519051,low-flow
2026-11-16 17:40:00,0.046775207,high-flow
2026-11-16 17:50:00,0.11087729,high-flow
2026-11-16 18:00:00,0.17533426,high-flow
2026-11-16 18:10:00,0.23968314,high-flow
2026-11-16 18:20:00,0.3034551,high-flow
2026-11-16 18:30:00,0.3661796,high-flow
2026-11-16 18:40:00,0.42738825,high-flow
2026-11-16 18:50:00,0.48661885,high-flow
2026-11-16 19:00:00,0.54341865,high-flow
2026-11-16 19:10:00,0.59734786,high-flow
2026-11-16 19:20:00,0.6479829,high-flow
2026-11-16 19:30:00,0.6949194,high-flow
2026-11-16 19:40:00,0.73777586,high-flow
2026-11-16 19:50:00,0.77619636,high-flow
2026-11-16 20:00:00,0.8098547,high-flow
2026-11-16 20:10:00,0.83845717,high-flow
2026-11-16 20:20:00,0.8617468,high-flow
2026-11-16 20:30:00,0.87950635,high-flow
2026-11-16 20:40:00,0.8915618,high-flow
2026-11-16 20:50:00,0.89778507,high-flow
2026-11-16 21:00:00,0.8980962,high-flow
2026-11-16 21:10:00,0.89246505,high-ebb
2026-11-16 21:20:00,0.8809115,high-ebb
2026-11-16 21:30:00,0.8635058,high-ebb
2026-11-16 21:40:00,0.8403663,high-ebb
2026-11-16 21:50:00,0.8116583,high-ebb
2026-11-16 22:00:00,0.77759016,high-ebb
2026-11-16 22:10:00,0.7384102,high-ebb
2026-11-16 22:20:00,0.6944024,high-ebb
2026-11-16 22:30:00,0.6458824,high-ebb
2026-11-16 22:40:00,0.59319323,high-ebb
2026-11-16 22:50:00,0.53670156,high-ebb
2026-11-16 23:00:00,0.47679403,high-ebb
2026-11-16 23:10:00,0.41387475,high-ebb
2026-11-16 23:20:00,0.3483625,high-ebb
2026-11-16 23:30:00,0.28068903,high-ebb
2026-11-16 23:40:00,0.21129756,high-ebb
2026-11-16 23:50:00,0.14064126,high-ebb
2026-11-17 00:00:00,0.069182046,high-ebb
2026-11-17 00:10:00,-0.002611083,low-ebb
2026-11-17 00:20:00,-0.07426406,low-ebb
2026-11-17 00:30:00,-0.14530028,low-ebb
2026-11-17 00:40:00,-0.2152439,low-ebb
2026-11-17 00:50:00,-0.28362367,low-ebb
2026-11-17 01:00:00,-0.34997743,low-ebb
2026-11-17 01:10:00,-0.4138571,low-ebb
2026-11-17 01:20:00,-0.47483382,low-ebb
2026-11-17 01:30:00,-0.53250307,low-ebb
2026-11-17 01:40:00,-0.58648956,low-ebb
2026-11-17 01:50:00,-0.6364515,low-ebb
2026-11-17 02:00:00,-0.6820839,low-ebb
2026-11-17 02:10:00,-0.72312135,low-ebb
2026-11-17 02:20:00,-0.7593389,low-ebb
2026-11-17 02:30:00,-0.7905527,low-ebb
2026-11-17 02:40:00,-0.8166187,low-ebb
2026-11-17 02:50:00,-0.83743143,low-ebb
2026-11-17 03:00:00,-0.8529211,low-ebb
2026-11-17 03:10:00,-0.86305124,low-ebb
2026-11-17 03:20:00,-0.8678152,low-ebb
2026-11-17 03:30:00,-0.86723405,low-ebb
2026-11-17 03:40:00,-0.8613538,low-flow
2026-11-17 03:50:00,-0.85024387,low-flow
2026-11-17 04:00:00,-0.83399606,low-flow
2026-11-17 04:10:00,-0.81272435,low-flow
2026-11-17 04:20:00,-0.7865655,low-flow
2026-11-17 04:30:00,-0.75567955,low-flow
2026-11-17 04:40:00,-0.7202521,low-flow
2026-11-17 04:50:00,-0.6804949,low-flow
2026-11-17 05:00:00,-0.6366481,low-flow
2026-11-17 05:10:00,-0.58898073,low-flow
2026-11-17 05:20:00,-0.5377914,low-flow
2026-11-17 05:30:00,-0.4834082,low-flow
2026-11-17 05:40:00,-0.4261877,low-flow
2026-11-17 05:50:00,-0.3665129,low-flow
2026-11-17 06:00:00,-0.30479088,low-flow
2026-11-17 06:10:00,-0.24144958,low-flow
2026-11-17 06:20:00,-0.17693385,low-flow
2026-11-17 06:30:00,-0.11170162,low-flow
2026-11-17 06:40:00,-0.046219483,low-flow
2026-11-17 06:50:00,0.019041454,high-flow
2026-11-17 07:00:00,0.08360971,high-flow
2026-11-17 07:10:00,0.14701733,high-flow
2026-11-17 07:20:00,0.20880356,high-flow
2026-11-17 07:30:00,0.2685183,high-flow
2026-11-17 07:40:00,0.3257253,high-flow
2026-11-17 07:50:00,0.38000542,high-flow
2026-11-17 08:00:00,0.43095967,high-flow
2026-11-17 08:10:00,0.47821242,high-flow
2026-11-17 08:20:00,0.52141464,high-flow
2026-11-17 08:30:00,0.56024724,high-flow
2026-11-17 08:40:00,0.59442455,high-flow
2026-11-17 08:50:00,0.62369764,high-flow
2026-11-17 09:00:00,0.6478578,high-flow
2026-11-17 09:10:00,0.66673887,high-flow
2026-11-17 09:20:00,0.6802204,high-flow
2026-11-17 09:30:00,0.688229,high-flow
2026-11-17 09:40:00,0.6907395,high-flow
2026-11-17 09:50:00,0.6877747,high-ebb
2026-11-17 10:00:00,0.6794053,high-ebb
2026-11-17 10:10:00,0.66574705,high-ebb
2026-11-17 10:20:00,0.6469592,high-ebb
2026-11-17 10:30:00,0.6232406,high-ebb
2026-11-17 10:40:00,0.5948261,high-ebb
2026-11-17 10:50:00,0.56198263,high-ebb
2026-11-17 11:00:00,0.525005,high-ebb
2026-11-17 11:10:00,0.48421213,high-ebb
2026-11-17 11:20:00,0.43994376,high-ebb
2026-11-17 11:30:00,0.39255726,high-ebb
2026-11-17 11:40:00,0.34242532,high-ebb
2026-11-17 11:50:00,0.28993407,high-ebb
2026-11-17 12:00:00,0.23548178,high-ebb
2026-11-17 12:10:00,0.17947759,high-ebb
2026-11-17 12:20:00,0.12234052,high-ebb
2026-11-17 12:30:00,0.06449838,high-ebb
2026-11-17 12:40:00,0.006386199,high-ebb
2026-11-17 12:50:00,-0.05155572,low-ebb
2026-11-17 13:00:00,-0.10888444,low-ebb
2026-11-17 13:10:00,-0.16515775,low-ebb
2026-11-17 13:20:00,-0.21993814,low-ebb
2026-11-17 13:30:00,-0.2727974,low-ebb
2026-11-17 13:40:00,-0.32332155,low-ebb
2026-11-17 13:50:00,-0.371116,low-ebb
2026-11-17 14:00:00,-0.41581053,low-ebb
2026-11-17 14:10:00,-0.45706382,low-ebb
2026-11-17 14:20:00,-0.49456748,low-ebb
2026-11-17 14:30:00,-0.5280491,low-ebb
2026-11-17 14:40:00,-0.5572741,low-ebb
2026-11-17 14:50:00,-0.5820469,low-ebb
2026-11-17 15:00:00,-0.60221064,low-ebb
2026-11-17 15:10:00,-0.61764586,low-ebb
2026-11-17 15:20:00,-0.62826896,low-ebb
2026-11-17 15:30:00,-0.63402945,low-ebb
2026-11-17 15:40:00,-0.6349074,low-ebb
2026-11-17 15:50:00,-0.6309107,low-flow
2026-11-17 16:00:00,-0.62207264,low-flow
2026-11-17 16:10:00,-0.6084501,low-flow
2026-11-17 16:20:00,-0.5901223,low-flow
2026-11-17 16:30:00,-0.5671903,low-flow
2026-11-17 16:40:00,-0.5397773,low-flow
2026-11-17 16:50:00,-0.5080293,low-flow
2026-11-17 17:00:00,-0.4721168,low-flow
2026-11-17 17:10:00,-0.43223584,low-flow
2026-11-17 17:20:00,-0.38860986,low-flow
2026-11-17 17:30:00,-0.34149092,low-flow
2026-11-17 17:40:00,-0.29116037,low-flow
2026-11-17 17:50:00,-0.23792918,low-flow
2026-11-17 18:00:00,-0.18213709,low-flow
2026-11-17 18:10:00,-0.124151304,low-flow
2026-11-17 18:20:00,-0.064364165,low-flow
2026-11-17 18:30:00,-0.0031901244,low-flow
2026-11-17 18:40:00,0.058937807,high-flow
2026-11-17 18:50:00,0.1215721,high-flow
2026-11-17 19:00:00,0.18425496,high-flow
2026-11-17 19:10:00,0.24652264,high-flow
2026-11-17 19:20:00,0.30790973,high-flow
2026-11-17 19:30:00,0.36795324,high-flow
2026-11-17 19:40:00,0.42619634,high-flow
2026-11-17 19:50:00,0.482192,high-flow
2026-11-17 20:00:00,0.53550637,high-flow
2026-11-17 20:10:00,0.58572173,high-flow
2026-11-17 20:20:00,0.63244,high-flow
2026-11-17 20:30:00,0.6752852,high-flow
2026-11-17 20:40:00,0.71390724,high-flow
2026-11-17 20:50:00,0.74798465,high-flow
2026-11-17 21:00:00,0.7772281,high-flow
2026-11-17 21:10:00,0.8013837,high-flow
2026-11-17 21:20:00,0.820236,high-flow
2026-11-17 21:30:00,0.8336115,high-flow
2026-11-17 21:40:00,0.84138054,high-flow
2026-11-17 21:50:00,0.8434601,high-flow
2026-11-17 22:00:00,0.8398144,high-ebb
2026-11-17 22:10:00,0.83045614,high-ebb
2026-11-17 22:20:00,0.8154455,high-ebb
2026-11-17 22:30:00,0.7948891,high-ebb
2026-11-17 22:40:00,0.7689378,high-ebb
2026-11-17 22:50:00,0.7377838,high-ebb
2026-11-17 23:00:00,0.70165676,high-ebb
2026-11-17 23:10:00,0.66082054,high-ebb
2026-11-17 23:20:00,0.6155688,high-ebb
2026-11-17 23:30:00,0.56622136,high-ebb
2026-11-17 23:40:00,0.5131203,high-ebb
2026-11-17 23:50:00,0.45662725,high-ebb
2026-11-18 00:00:00,0.39712048,high-ebb
2026-11-18 00:10:00,0.3349931,high-ebb
2026-11-18 00:20:00,0.27065146,high-ebb
2026-11-18 00:30:00,0.204514,high-ebb
2026-11-18 00:40:00,0.13701032,high-ebb
2026-11-18 00:50:00,0.068580225,high-ebb
2026-11-18 01:00:00,-0.00032750165,low-ebb
2026-11-18 01:10:00,-0.069256775,low-ebb
2026-11-18 01:20:00,-0.13774645,low-ebb
2026-11-18 01:30:00,-0.20533326,low-ebb
2026-11-18 01:40:00,-0.2715556,low-ebb
2026-11-18 01:50:00,-0.3359577,low-ebb
2026-11-18 02:00:00,-0.3980947,low-ebb
2026-11-18 02:10:00,-0.4575377,low-ebb
2026-11-18 02:20:00,-0.51387894,low-ebb
2026-11-18 02:30:00,-0.56673694,low-ebb
2026-11-18 02:40:00,-0.61576086,low-ebb
2026-11-18 02:50:00,-0.66063434,low-ebb
2026-11-18 03:00:00,-0.7010781,low-ebb
2026-11-18 03:10:00,-0.7368519,low-ebb
2026-11-18 03:20:00,-0.76775485,low-ebb
2026-11-18 03:30:00,-0.79362535,low-ebb
2026-11-18 03:40:00,-0.81433934,low-ebb
2026-11-18 03:50:00,-0.82980865,low-ebb
2026-11-18 04:00:00,-0.8399784,low-ebb
2026-11-18 04:10:00,-0.8448244,low-ebb
2026-11-18 04:20:00,-0.8443507,low-ebb
2026-11-18 04:30:00,-0.8385879,low-flow
2026-11-18 04:40:00,-0.82759094,low-flow
2026-11-18 04:50:00,-0.81143904,low-flow
2026-11-18 05:00:00,-0.7902351,low-flow
2026-11-18 05:10:00,-0.7641063,low-flow
2026-11-18 05:20:00,-0.7332053,low-flow
2026-11-18 05:30:00,-0.6977116,low-flow
2026-11-18 05:40:00,-0.65783286,low-flow
2026-11-18 05:50:00,-0.6138065,low-flow
2026-11-18 06:00:00,-0.5659002,low-flow
2026-11-18 06:10:00,-0.5144129,low-flow
2026-11-18 06:20:00,-0.45967367,low-flow
2026-11-18 06:30:00,-0.40204138,low-flow
2026-11-18 06:40:00,-0.3419019,low-flow
2026-11-18 06:50:00,-0.27966586,low-flow
2026-11-18 07:00:00,-0.21576501,low-flow
2026-11-18 07:10:00,-0.15064827,low-flow
2026-11-18 07:20:00,-0.084777564,low-flow
2026-11-18 07:30:00,-0.018623352,low-flow
2026-11-18 07:40:00,0.04733967,high-flow
2026-11-18 07:50:00,0.112636834,high-flow
2026-11-18 08:00:00,0.17679743,high-flow
2026-11-18 08:10:00,0.23935843,high-flow
2026-11-18 08:20:00,0.29986784,high-flow
2026-11-18 08:30:00,0.35788792,high-flow
2026-11-18 08:40:00,0.4129983,high-flow
2026-11-18 08:50:00,0.46479872,high-flow
2026-11-18 09:00:00,0.51291233,high-flow
2026-11-18 09:10:00,0.55698854,high-flow
2026-11-18 09:20:00,0.5967063,high-flow
2026-11-18 09:30:00,0.631777,high-flow
2026-11-18 09:40:00,0.6619481,high-flow
2026-11-18 09:50:00,0.6870059,high-flow
2026-11-18 10:00:00,0.70677835,high-flow
2026-11-18 10:10:00,0.7211373,high-flow
2026-11-18 10:20:00,0.7300004,high-flow
2026-11-18 10:30:00,0.73333186,high-flow
2026-11-18 10:40:00,0.7311425,high-ebb
2026-11-18 10:50:00,0.7234894,high-ebb
2026-11-18 11:00:00,0.7104736,high-ebb
2026-11-18 11:10:00,0.6922382,high-ebb
2026-11-18 11:20:00,0.6689651,high-ebb
2026-11-18 11:30:00,0.6408714,high-ebb
2026-11-18 11:40:00,0.6082058,high-ebb
2026-11-18 11:50:00,0.5712448,high-ebb
2026-11-18 12:00:00,0.5302892,high-ebb
2026-11-18 12:10:00,0.485661,high-ebb
2026-11-18 12:20:00,0.4377008,high-ebb
2026-11-18 12:30:00,0.38676578,high-ebb
2026-11-18 12:40:00,0.3332281,high-ebb
2026-11-18 12:50:00,0.27747408,high-ebb
2026-11-18 13:00:00,0.219903,high-ebb
2026-11-18 13:10:00,0.16092682,high-ebb
2026-11-18 13:20:00,0.10096901,high-ebb
2026-11-18 13:30:00,0.04046341,high-ebb
2026-11-18 13:40:00,-0.020147596,low-ebb
2026-11-18 13:50:00,-0.08041558,low-ebb
2026-11-18 14:00:00,-0.13988933,low-ebb
2026-11-18 14:10:00,-0.1981189,low-ebb
2026-11-18 14:20:00,-0.2546602,low-ebb
2026-11-18 14:30:00,-0.30908012,low-ebb
2026-11-18 14:40:00,-0.360962,low-ebb
2026-11-18 14:50:00,-0.40991068,low-ebb
2026-11-18 15:00:00,-0.45555764,low-ebb
2026-11-18 15:10:00,-0.49756533,low-ebb
2026-11-18 15:20:00,-0.5356306,low-ebb
2026-11-18 15:30:00,-0.5694873,low-ebb
2026-11-18 15:40:00,-0.5989075,low-ebb
2026-11-18 15:50:00,-0.6237021,low-ebb
2026-11-18 16:00:00,-0.64372015,low-ebb
2026-11-18 16:10:00,-0.65884703,low-ebb
2026-11-18 16:20:00,-0.66900295,low-ebb
2026-11-18 16:30:00,-0.6741403,low-ebb
2026-11-18 16:40:00,-0.67424124,low-ebb
2026-11-18 16:50:00,-0.6693158,low-flow
2026-11-18 17:00:00,-0.65940005,low-flow
2026-11-18 17:10:00,-0.644555,low-flow
2026-11-18 17:20:00,-0.62486607,low-flow
2026-11-18 17:30:00,-0.6004438,low-flow
2026-11-18 17:40:00,-0.57142395,low-flow
2026-11-18 17:50:00,-0.53796935,low-flow
2026-11-18 18:00:00,-0.50027096,low-flow
2026-11-18 18:10:00,-0.45854917,low-flow
2026-11-18 18:20:00,-0.41305524,low-flow
2026-11-18 18:30:00,-0.3640715,low-flow
2026-11-18 18:40:00,-0.31191146,low-flow
2026-11-18 18:50:00,-0.256919,low-flow
2026-11-18 19:00:00,-0.19946639,low-flow
2026-11-18 19:10:00,-0.13995211,low-flow
2026-11-18 19:20:00,-0.078797385,low-flow
2026-11-18 19:30:00,-0.01644252,low-flow
2026-11-18 19:40:00,0.046657376,high-flow
2026-11-18 19:50:00,0.11003677,high-flow
2026-11-18 20:00:00,0.17322417,high-flow
2026-11-18 20:10:00,0.2357465,high-flow
2026-11-18 20:20:00,0.29713318,high-flow
2026-11-18 20:30:00,0.35692,high-flow
2026-11-18 20:40:00,0.41465262,high-flow
2026-11-18 20:50:00,0.46988982,high-flow
2026-11-18 21:00:00,0.5222066,high-flow
2026-11-18 21:10:00,0.57119715,high-flow
2026-11-18 21:20:00,0.61647767,high-flow
2026-11-18 21:30:00,0.6576893,high-flow
2026-11-18 21:40:00,0.69450116,high-flow
2026-11-18 21:50:00,0.7266137,high-flow
2026-11-18 22:00:00,0.7537615,high-flow
2026-11-18 22:10:00,0.7757163,high-flow
2026-11-18 22:20:00,0.79229045,high-flow
2026-11-18 22:30:00,0.8033387,high-flow
2026-11-18 22:40:00,0.8087608,high-flow
2026-11-18 22:50:00,0.8085027,high-flow
2026-11-18 23:00:00,0.802557,high-ebb
2026-11-18 23:10:00,0.7909628,high-ebb
2026-11-18 23:20:00,0.7738048,high-ebb
2026-11-18 23:30:00,0.7512108,high-ebb
2026-11-18 23:40:00,0.7233497,high-ebb
2026-11-18 23:50:00,0.6904278,high-ebb
2026-11-19 00:00:00,0.6526856,high-ebb
2026-11-19 00:10:00,0.6103939,high-ebb
2026-11-19 00:20:00,0.56385064,high-ebb
2026-11-19 00:30:00,0.5133775,high-ebb
2026-11-19 00:40:00,0.459317,high-ebb
2026-11-19 00:50:00,0.40203068,high-ebb
2026-11-19 01:00:00,0.34189704,high-ebb
2026-11-19 01:10:00,0.27931055,high-ebb
2026-11-19 01:20:00,0.21468079,high-ebb
2026-11-19 01:30:00,0.14843164,high-ebb
2026-11-19 01:40:00,0.081000604,high-ebb
2026-11-19 01:50:00,0.012837686,high-ebb
2026-11-19 02:00:00,-0.05559616,low-ebb
2026-11-19 02:10:00,-0.12383128,low-ebb
2026-11-19 02:20:00,-0.1913923,low-ebb
2026-11-19 02:30:00,-0.257802,low-ebb
2026-11-19 02:40:00,-0.32258576,low-ebb
2026-11-19 02:50:00,-0.38527682,low-ebb
2026-11-19 03:00:00,-0.4454216,low-ebb
2026-11-19 03:10:00,-0.5025856,low-ebb
2026-11-19 03:20:00,-0.5563585,low-ebb
2026-11-19 03:30:00,-0.6063596,low-ebb
2026-11-19 03:40:00,-0.6522417,low-ebb
2026-11-19 03:50:00,-0.69369453,low-ebb
2026-11-19 04:00:00,-0.7304471,low-ebb
2026-11-19 04:10:00,-0.7622689,low-ebb
2026-11-19 04:20:00,-0.7889698,low-ebb
2026-11-19 04:30:00,-0.8103995,low-ebb
2026-11-19 04:40:00,-0.8264454,low-ebb
2026-11-19 04:50:00,-0.83703125,low-ebb
2026-11-19 05:00:00,-0.8421144,low-ebb
2026-11-19 05:10:00,-0.84168357,low-ebb
2026-11-19 05:20:00,-0.8357572,low-flow
2026-11-19 05:30:00,-0.82438177,low-flow
2026-11-19 05:40:00,-0.8076311,low-flow
2026-11-19 05:50:00,-0.7856059,low-flow
2026-11-19 06:00:00,-0.7584348,low-flow
2026-11-19 06:10:00,-0.7262743,low-flow
2026-11-19 06:20:00,-0.6893107,low-flow
2026-11-19 06:30:00,-0.64776105,low-flow
2026-11-19 06:40:00,-0.6018739,low-flow
2026-11-19 06:50:00,-0.5519303,low-flow
2026-11-19 07:00:00,-0.4982439,low-flow
2026-11-19 07:10:00,-0.44115993,low-flow
2026-11-19 07:20:00,-0.381054,low-flow
2026-11-19 07:30:00,-0.31832966,low-flow
2026-11-19 07:40:00,-0.25341538,low-flow
2026-11-19 07:50:00,-0.18676096,low-flow
2026-11-19 08:00:00,-0.11883325,low-flow
2026-11-19 08:10:00,-0.050111797,low-flow
2026-11-19 08:20:00,0.018915733,high-flow
2026-11-19 08:30:00,0.087758005,high-flow
2026-11-19 08:40:00,0.15592429,high-flow
2026-11-19 08:50:00,0.22292846,high-flow
2026-11-19 09:00:00,0.28829265,high-flow
2026-11-19 09:10:00,0.35155052,high-flow
2026-11-19 09:20:00,0.4122505,high-flow
2026-11-19 09:30:00,0.4699585,high-flow
2026-11-19 09:40:00,0.52426094,high-flow
2026-11-19 09:50:00,0.5747674,high-flow
2026-11-19 10:00:00,0.6211136,high-flow
2026-11-19 10:10:00,0.6629642,high-flow
2026-11-19 10:20:00,0.7000163,high-flow
2026-11-19 10:30:00,0.7320021,high-flow
2026-11-19 10:40:00,0.7586918,high-flow
2026-11-19 10:50:00,0.7798968,high-flow
2026-11-19 11:00:00,0.7954717,high-flow
2026-11-19 11:10:00,0.80531615,high-flow
2026-11-19 11:20:00,0.80937594,high-flow
2026-11-19 11:30:00,0.80764335,high-ebb
2026-11-19 11:40:00,0.8001567,high-ebb
2026-11-19 11:50:00,0.78699875,high-ebb
2026-11-19 12:00:00,0.7682948,high-ebb
2026-11-19 12:10:00,0.74420995,high-ebb
2026-11-19 12:20:00,0.71494585,high-ebb
2026-11-19 12:30:00,0.6807375,high-ebb
2026-11-19 12:40:00,0.6418499,high-ebb
2026-11-19 12:50:00,0.5985746,high-ebb
2026-11-19 13:00:00,0.5512275,high-ebb
2026-11-19 13:10:00,0.5001461,high-ebb
2026-11-19 13:20:00,0.44568798,high-ebb
2026-11-19 13:30:00,0.38822943,high-ebb
2026-11-19 13:40:00,0.32816473,high-ebb
2026-11-19 13:50:00,0.26590535,high-ebb
2026-11-19 14:00:00,0.20187946,high-ebb
2026-11-19 14:10:00,0.13653097,high-ebb
2026-11-19 14:20:00,0.070318274,high-ebb
2026-11-19 14:30:00,0.0037123575,high-ebb
2026-11-19 14:40:00,-0.06280593,low-ebb
2026-11-19 14:50:00,-0.1287494,low-ebb
2026-11-19 15:00:00,-0.19362886,low-ebb
2026-11-19 15:10:00,-0.2569582,low-ebb
2026-11-19 15:20:00,-0.3182599,low-ebb
2026-11-19 15:30:00,-0.37707105,low-ebb
2026-11-19 15:40:00,-0.4329491,low-ebb
2026-11-19 15:50:00,-0.48547748,low-ebb
2026-11-19 16:00:00,-0.53427064,low-ebb
2026-11-19 16:10:00,-0.578978,low-ebb
2026-11-19 16:20:00,-0.61928755,low-ebb
2026-11-19 16:30:00,-0.65492725,low-ebb
2026-11-19 16:40:00,-0.6856667,low-ebb
2026-11-19 16:50:00,-0.7113162,low-ebb
2026-11-19 17:00:00,-0.7317266,low-ebb
2026-11-19 17:10:00,-0.74678695,low-ebb
2026-11-19 17:20:00,-0.75642276,low-ebb
2026-11-19 17:30:00,-0.76059395,low-ebb
2026-11-19 17:40:00,-0.75929266,low-ebb
2026-11-19 17:50:00,-0.7525414,low-flow
2026-11-19 18:00:00,-0.7403925,low-flow
2026-11-19 18:10:00,-0.7229268,low-flow
2026-11-19 18:20:00,-0.7002542,low-flow
2026-11-19 18:30:00,-0.672514,low-flow
2026-11-19 18:40:00,-0.639876,low-flow
2026-11-19 18:50:00,-0.60254115,low-flow
2026-11-19 19:00:00,-0.560743,low-flow
2026-11-19 19:10:00,-0.51474804,low-flow
2026-11-19 19:20:00,-0.4648562,low-flow
2026-11-19 19:30:00,-0.4114002,low-flow
2026-11-19 19:40:00,-0.35474437,low-flow
2026-11-19 19:50:00,-0.29528257,low-flow
2026-11-19 20:00:00,-0.23343544,low-flow
2026-11-19 20:10:00,-0.16964684,low-flow
2026-11-19 20:20:00,-0.10437984,low-flow
2026-11-19 20:30:00,-0.038112286,low-flow
2026-11-19 20:40:00,0.028667752,high-flow
2026-11-19 20:50:00,0.09546658,high-flow
2026-11-19 21:00:00,0.16178925,high-flow
2026-11-19 21:10:00,0.22714376,high-flow
2026-11-19 21:20:00,0.29104486,high-flow
2026-11-19 21:30:00,0.35301745,high-flow
2026-11-19 21:40:00,0.41259983,high-flow
2026-11-19 21:50:00,0.46934658,high-flow
2026-11-19 22:00:00,0.52283144,high-flow
2026-11-19 22:10:00,0.57264996,high-flow
2026-11-19 22:20:00,0.61842227,high-flow
2026-11-19 22:30:00,0.6597962,high-flow
2026-11-19 22:40:00,0.6964499,high-flow
2026-11-19 22:50:00,0.7280952,high-flow
2026-11-19 23:00:00,0.7544806,high-flow
2026-11-19 23:10:00,0.77539414,high-flow
2026-11-19 23:20:00,0.7906659,high-flow
2026-11-19 23:30:00,0.8001705,high-flow
2026-11-19 23:40:00,0.8038281,high-flow
2026-11-19 23:50:00,0.80160606,high-ebb
2026-11-20 00:00:00,0.7935182,high-ebb
2026-11-20 00:10:00,0.7796244,high-ebb
2026-11-20 00:20:00,0.76002914,high-ebb
2026-11-20 00:30:00,0.734879,high-ebb
2026-11-20 00:40:00,0.70436,high-ebb
2026-11-20 00:50:00,0.6686946,high-ebb
2026-11-20 01:00:00,0.6281385,high-ebb
2026-11-20 01:10:00,0.5829772,high-ebb
2026-11-20 01:20:00,0.53352356,high-ebb
2026-11-20 01:30:00,0.48011535,high-ebb
2026-11-20 01:40:00,0.423113,high-ebb
2026-11-20 01:50:00,0.36289832,high-ebb
2026-11-20 02:00:00,0.2998736,high-ebb
2026-11-20 02:10:00,0.23446062,high-ebb
2026-11-20 02:20:00,0.16710004,high-ebb
2026-11-20 02:30:00,0.0982506,high-ebb
2026-11-20 02:40:00,0.028387863,high-ebb
2026-11-20 02:50:00,-0.04199752,low-ebb
2026-11-20 03:00:00,-0.11240235,low-ebb
2026-11-20 03:10:00,-0.18231428,low-ebb
2026-11-20 03:20:00,-0.251216,low-ebb
2026-11-20 03:30:00,-0.31859037,low-ebb
2026-11-20 03:40:00,-0.3839261,low-ebb
2026-11-20 03:50:00,-0.44672373,low-ebb
2026-11-20 04:00:00,-0.5065022,low-ebb
2026-11-20 04:10:00,-0.5628049,low-ebb
2026-11-20 04:20:00,-0.61520517,low-ebb
2026-11-20 04:30:00,-0.66331154,low-ebb
2026-11-20 04:40:00,-0.7067717,low-ebb
2026-11-20 04:50:00,-0.74527526,low-ebb
2026-11-20 05:00:00,-0.7785558,low-ebb
2026-11-20 05:10:00,-0.8063913,low-ebb
2026-11-20 05:20:00,-0.8286037,low-ebb
2026-11-20 05:30:00,-0.84505785,low-ebb
2026-11-20 05:40:00,-0.8556596,low-ebb
2026-11-20 05:50:00,-0.8603537,low-ebb
2026-11-20 06:00:00,-0.8591216,low-ebb
2026-11-20 06:10:00,-0.8519797,low-flow
2026-11-20 06:20:00,-0.8389773,low-flow
2026-11-20 06:30:00,-0.82019603,low-flow
2026-11-20 06:40:00,-0.7957492,low-flow
2026-11-20 06:50:00,-0.7657815,low-flow
2026-11-20 07:00:00,-0.7304702,low-flow
2026-11-20 07:10:00,-0.6900249,low-flow
2026-11-20 07:20:00,-0.6446891,low-flow
2026-11-20 07:30:00,-0.5947403,low-flow
2026-11-20 07:40:00,-0.54049015,low-flow
2026-11-20 07:50:00,-0.48228437,low-flow
2026-11-20 08:00:00,-0.42050135,low-flow
2026-11-20 08:10:00,-0.35555035,low-flow
2026-11-20 08:20:00,-0.28786874,low-flow
2026-11-20 08:30:00,-0.21791872,low-flow
2026-11-20 08:40:00,-0.1461834,low-flow
2026-11-20 08:50:00,-0.0731622,low-flow
2026-11-20 09:00:00,0.0006335641,high-flow
2026-11-20 09:10:00,0.07468546,high-flow
2026-11-20 09:20:00,0.14847247,high-flow
2026-11-20 09:30:00,0.22147533,high-flow
2026-11-20 09:40:00,0.29318044,high-flow
2026-11-20 09:50:00,0.36308348,high-flow
2026-11-20 10:00:00,0.43069276,high-flow
2026-11-20 10:10:00,0.4955321,high-flow
2026-11-20 10:20:00,0.5571435,high-flow
2026-11-20 10:30:00,0.61509013,high-flow
2026-11-20 10:40:00,0.66895866,high-flow
2026-11-20 10:50:00,0.71836215,high-flow
2026-11-20 11:00:00,0.762943,high-flow
2026-11-20 11:10:00,0.802376,high-flow
2026-11-20 11:20:00,0.83637106,high-flow
2026-11-20 11:30:00,0.8646766,high-flow
2026-11-20 11:40:00,0.8870821,high-flow
2026-11-20 11:50:00,0.90342087,high-flow
2026-11-20 12:00:00,0.9135717,high-flow
2026-11-20 12:10:00,0.9174606,high-flow
2026-11-20 12:20:00,0.91506124,high-ebb
2026-11-20 12:30:00,0.9063948,high-ebb
2026-11-20 12:40:00,0.891529,high-ebb
2026-11-20 12:50:00,0.8705767,high-ebb
2026-11-20 13:00:00,0.843693,high-ebb
2026-11-20 13:10:00,0.8110735,high-ebb
2026-11-20 13:20:00,0.77295023,high-ebb
2026-11-20 13:30:00,0.7295897,high-ebb
2026-11-20 13:40:00,0.6812894,high-ebb
2026-11-20 13:50:00,0.6283757,high-ebb
2026-11-20 14:00:00,0.5712018,high-ebb
2026-11-20 14:10:00,0.51014584,high-ebb
2026-11-20 14:20:00,0.44561005,high-ebb
2026-11-20 14:30:00,0.3780198,high-ebb
2026-11-20 14:40:00,0.3078228,high-ebb
2026-11-20 14:50:00,0.23548834,high-ebb
2026-11-20 15:00:00,0.16150622,high-ebb
2026-11-20 15:10:00,0.0863851,high-ebb
2026-11-20 15:20:00,0.010650202,high-ebb
2026-11-20 15:30:00,-0.06515993,low-ebb
2026-11-20 15:40:00,-0.14049749,low-ebb
2026-11-20 15:50:00,-0.21481042,low-ebb
2026-11-20 16:00:00,-0.2875481,low-ebb
2026-11-20 16:10:00,-0.3581678,low-ebb
2026-11-20 16:20:00,-0.42614117,low-ebb
2026-11-20 16:30:00,-0.4909611,low-ebb
2026-11-20 16:40:00,-0.552148,low-ebb
2026-11-20 16:50:00,-0.60925555,low-ebb
2026-11-20 17:00:00,-0.66187584,low-ebb
2026-11-20 17:10:00,-0.709643,low-ebb
2026-11-20 17:20:00,-0.75223607,low-ebb
2026-11-20 17:30:00,-0.7893804,low-ebb
2026-11-20 17:40:00,-0.8208481,low-ebb
2026-11-20 17:50:00,-0.8464574,low-ebb
2026-11-20 18:00:00,-0.8660714,low-ebb
2026-11-20 18:10:00,-0.87959594,low-ebb
2026-11-20 18:20:00,-0.88697755,low-ebb
2026-11-20 18:30:00,-0.8882016,low-ebb
2026-11-20 18:40:00,-0.88329005,low-flow
2026-11-20 18:50:00,-0.87230045,low-flow
2026-11-20 19:00:00,-0.85532457,low-flow
2026-11-20 19:10:00,-0.8324884,low-flow
2026-11-20 19:20:00,-0.803952,low-flow
2026-11-20 19:30:00,-0.7699098,low-flow
2026-11-20 19:40:00,-0.7305913,low-flow
2026-11-20 19:50:00,-0.6862613,low-flow
2026-11-20 20:00:00,-0.6372204,low-flow
2026-11-20 20:10:00,-0.58380413,low-flow
2026-11-20 20:20:00,-0.52638245,low-flow
2026-11-20 20:30:00,-0.46535787,low-flow
2026-11-20 20:40:00,-0.40116283,low-flow
2026-11-20 20:50:00,-0.3342568,low-flow
2026-11-20 21:00:00,-0.2651222,low-flow
2026-11-20 21:10:00,-0.19426017,low-flow
2026-11-20 21:20:00,-0.12218603,low-flow
2026-11-20 21:30:00,-0.049424417,low-flow
2026-11-20 21:40:00,0.0234953,high-flow
2026-11-20 21:50:00,0.09604352,high-flow
2026-11-20 22:00:00,0.16769454,high-flow
2026-11-20 22:10:00,0.23793031,high-flow
2026-11-20 22:20:00,0.30624387,high-flow
2026-11-20 22:30:00,0.3721423,high-flow
2026-11-20 22:40:00,0.43514967,high-flow
2026-11-20 22:50:00,0.49480954,high-flow
2026-11-20 23:00:00,0.55068773,high-flow
2026-11-20 23:10:00,0.60237485,high-flow
2026-11-20 23:20:00,0.64948916,high-flow
2026-11-20 23:30:00,0.69167966,high-flow
2026-11-20 23:40:00,0.72862875,high-flow
2026-11-20 23:50:00,0.7600558,high-flow
2026-11-21 00:00:00,0.7857199,high-flow
2026-11-21 00:10:00,0.80542266,high-flow
2026-11-21 00:20:00,0.8190108,high-flow
2026-11-21 00:30:00,0.8263778,high-flow
2026-11-21 00:40:00,0.8274655,high-flow
2026-11-21 00:50:00,0.8222639,high-ebb
2026-11-21 01:00:00,0.8108115,high-ebb
2026-11-21 01:10:00,0.793194,high-ebb
2026-11-21 01:20:00,0.7695423,high-ebb
2026-11-21 01:30:00,0.74003047,high-ebb
2026-11-21 01:40:00,0.704873,high-ebb
2026-11-21 01:50:00,0.66432214,high-ebb
2026-11-21 02:00:00,0.618665,high-ebb
2026-11-21 02:10:00,0.56822085,high-ebb
2026-11-21 02:20:00,0.51333934,high-ebb
2026-11-21 02:30:00,0.45439842,high-ebb
2026-11-21 02:40:00,0.39180294,high-ebb
2026-11-21 02:50:00,0.32598364,high-ebb
2026-11-21 03:00:00,0.25739628,high-ebb
2026-11-21 03:10:00,0.18652065,high-ebb
2026-11-21 03:20:00,0.113859475,high-ebb
2026-11-21 03:30:00,0.039936826,high-ebb
2026-11-21 03:40:00,-0.03470416,low-ebb
2026-11-21 03:50:00,-0.10950438,low-ebb
2026-11-21 04:00:00,-0.18389279,low-ebb
2026-11-21 04:10:00,-0.25729135,low-ebb
2026-11-21 04:20:00,-0.3291208,low-ebb
2026-11-21 04:30:00,-0.39880735,low-ebb
2026-11-21 04:40:00,-0.4657894,low-ebb
2026-11-21 04:50:00,-0.529525,low-ebb
2026-11-21 05:00:00,-0.58949846,low-ebb
2026-11-21 05:10:00,-0.64522743,low-ebb
2026-11-21 05:20:00,-0.6962683,low-ebb
2026-11-21 05:30:00,-0.7422212,low-ebb
2026-11-21 05:40:00,-0.78273326,low-ebb
2026-11-21 05:50:00,-0.81750154,low-ebb
2026-11-21 06:00:00,-0.84627366,low-ebb
2026-11-21 06:10:00,-0.868848,low-ebb
2026-11-21 06:20:00,-0.8850729,low-ebb
2026-11-21 06:30:00,-0.8948445,low-ebb
2026-11-21 06:40:00,-0.898105,low-ebb
2026-11-21 06:50:00,-0.8948405,low-flow
2026-11-21 07:00:00,-0.88507825,low-flow
2026-11-21 07:10:00,-0.8688853,low-flow
2026-11-21 07:20:00,-0.84636647,low-flow
2026-11-21 07:30:00,-0.8176638,low-flow
2026-11-21 07:40:00,-0.7829557,low-flow
2026-11-21 07:50:00,-0.742457,low-flow
2026-11-21 08:00:00,-0.69641846,low-flow
2026-11-21 08:10:00,-0.6451277,low-flow
2026-11-21 08:20:00,-0.5889085,low-flow
2026-11-21 08:30:00,-0.5281202,low-flow
2026-11-21 08:40:00,-0.46315747,low-flow
2026-11-21 08:50:00,-0.3944477,low-flow
2026-11-21 09:00:00,-0.3224493,low-flow
2026-11-21 09:10:00,-0.2476482,low-flow
2026-11-21 09:20:00,-0.17055431,low-flow
2026-11-21 09:30:00,-0.091697134,low-flow
2026-11-21 09:40:00,-0.01162112,low-flow
2026-11-21 09:50:00,0.06911907,high-flow
2026-11-21 10:00:00,0.14996344,high-flow
2026-11-21 10:10:00,0.23035115,high-flow
2026-11-21 10:20:00,0.309725,high-flow
2026-11-21 10:30:00,0.38753518,high-flow
2026-11-21 10:40:00,0.46324292,high-flow
2026-11-21 10:50:00,0.5363235,high-flow
2026-11-21 11:00:00,0.60626924,high-flow
2026-11-21 11:10:00,0.67259204,high-flow
2026-11-21 11:20:00,0.73482573,high-flow
2026-11-21 11:30:00,0.79252905,high-flow
2026-11-21 11:40:00,0.8452878,high-flow
2026-11-21 11:50:00,0.892718,high-flow
2026-11-21 12:00:00,0.93446887,high-flow
2026-11-21 12:10:00,0.9702257,high-flow
2026-11-21 12:20:00,0.9997131,high-flow
2026-11-21 12:30:00,1.0226982,high-flow
2026-11-21 12:40:00,1.0389929,high-flow
2026-11-21 12:50:00,1.0484568,high-flow
2026-11-21 13:00:00,1.0509984,high-flow
2026-11-21 13:10:00,1.0465767,high-ebb
2026-11-21 13:20:00,1.035201,high-ebb
2026-11-21 13:30:00,1.0169303,high-ebb
2026-11-21 13:40:00,0.9918732,high-ebb
2026-11-21 13:50:00,0.9601847,high-ebb
2026-11-21 14:00:00,0.92206484,high-ebb
2026-11-21 14:10:00,0.8777558,high-ebb
2026-11-21 14:20:00,0.8275395,high-ebb
2026-11-21 14:30:00,0.7717349,high-ebb
2026-11-21 14:40:00,0.7106958,high-ebb
2026-11-21 14:50:00,0.6448088,high-ebb
2026-11-21 15:00:00,0.57449216,high-ebb
2026-11-21 15:10:00,0.5001937,high-ebb
2026-11-21 15:20:00,0.42239064,high-ebb
2026-11-21 15:30:00,0.34158796,high-ebb
2026-11-21 15:40:00,0.2583176,high-ebb
2026-11-21 15:50:00,0.17313649,high-ebb
2026-11-21 16:00:00,0.086624764,high-ebb
2026-11-21 16:10:00,-0.0006175696,low-ebb
2026-11-21 16:20:00,-0.087974414,low-ebb
2026-11-21 16:30:00,-0.17481853,low-ebb
2026-11-21 16:40:00,-0.26051742,low-ebb
2026-11-21 16:50:00,-0.3444399,low-ebb
2026-11-21 17:00:00,-0.4259635,low-ebb
2026-11-21 17:10:00,-0.504482,low-ebb
2026-11-21 17:20:00,-0.5794131,low-ebb
2026-11-21 17:30:00,-0.65020573,low-ebb
2026-11-21 17:40:00,-0.71634674,low-ebb
2026-11-21 17:50:00,-0.77736664,low-ebb
2026-11-21 18:00:00,-0.83284426,low-ebb
2026-11-21 18:10:00,-0.88241,low-ebb
2026-11-21 18:20:00,-0.9257481,low-ebb
2026-11-21 18:30:00,-0.96259713,low-ebb
2026-11-21 18:40:00,-0.9927499,low-ebb
2026-11-21 18:50:00,-1.0160522,low-ebb
2026-11-21 19:00:00,-1.0324006,low-ebb
2026-11-21 19:10:00,-1.0417407,low-ebb
2026-11-21 19:20:00,-1.0440643,low-ebb
2026-11-21 19:30:00,-1.0394074,low-flow
2026-11-21 19:40:00,-1.0278482,low-flow
2026-11-21 19:50:00,-1.009506,low-flow
2026-11-21 20:00:00,-0.984539,low-flow
2026-11-21 20:10:00,-0.95314515,low-flow
2026-11-21 20:20:00,-0.9155608,low-flow
2026-11-21 20:30:00,-0.8720607,low-flow
2026-11-21 20:40:00,-0.8229579,low-flow
2026-11-21 20:50:00,-0.76860297,low-flow
2026-11-21 21:00:00,-0.7093831,low-flow
2026-11-21 21:10:00,-0.6457205,low-flow
2026-11-21 21:20:00,-0.5780702,low-flow
2026-11-21 21:30:00,-0.50691706,low-flow
2026-11-21 21:40:00,-0.43277192,low-flow
2026-11-21 21:50:00,-0.35616788,low-flow
2026-11-21 22:00:00,-0.2776554,low-flow
2026-11-21 22:10:00,-0.19779746,low-flow
2026-11-21 22:20:00,-0.11716497,low-flow
2026-11-21 22:30:00,-0.036331743,low-flow
2026-11-21 22:40:00,0.0441298,high-flow
2026-11-21 22:50:00,0.12365277,high-flow
2026-11-21 23:00:00,0.2016795,high-flow
2026-11-21 23:10:00,0.27766478,high-flow
2026-11-21 23:20:00,0.35107875,high-flow
2026-11-21 23:30:00,0.4214096,high-flow
2026-11-21 23:40:00,0.48816603,high-flow
2026-11-21 23:50:00,0.5508797,high-flow
2026-11-22 00:00:00,0.609108,high-flow
2026-11-22 00:10:00,0.6624363,high-flow
2026-11-22 00:20:00,0.7104816,high-flow
2026-11-22 00:30:00,0.7528948,high-flow
2026-11-22 00:40:00,0.78936476,high-flow
2026-11-22 00:50:00,0.8196208,high-flow
2026-11-22 01:00:00,0.8434361,high-flow
2026-11-22 01:10:00,0.86063063,high-flow
2026-11-22 01:20:00,0.8710729,high-flow
2026-11-22 01:30:00,0.8746821,high-flow
2026-11-22 01:40:00,0.8714289,high-ebb
2026-11-22 01:50:00,0.8613355,high-ebb
2026-11-22 02:00:00,0.8444752,high-ebb
2026-11-22 02:10:00,0.82097113,high-ebb
2026-11-22 02:20:00,0.79099435,high-ebb
2026-11-22 02:30:00,0.75476193,high-ebb
2026-11-22 02:40:00,0.71253407,high-ebb
2026-11-22 02:50:00,0.66461205,high-ebb
2026-11-22 03:00:00,0.61133575,high-ebb
2026-11-22 03:10:00,0.5530815,high-ebb
2026-11-22 03:20:00,0.49026057,high-ebb
2026-11-22 03:30:00,0.42331728,high-ebb
2026-11-22 03:40:00,0.35272798,high-ebb
2026-11-22 03:50:00,0.27899987,high-ebb
2026-11-22 04:00:00,0.20266952,high-ebb
2026-11-22 04:10:00,0.12430131,high-ebb
2026-11-22 04:20:00,0.044485178,high-ebb
2026-11-22 04:30:00,-0.03616636,low-ebb
2026-11-22 04:40:00,-0.11702209,low-ebb
2026-11-22 04:50:00,-0.19743699,low-ebb
2026-11-22 05:00:00,-0.27675807,low-ebb
2026-11-22 05:10:00,-0.35433125,low-ebb
2026-11-22 05:20:00,-0.42950875,low-ebb
2026-11-22 05:30:00,-0.50165707,low-ebb
2026-11-22 05:40:00,-0.57016534,low-ebb
2026-11-22 05:50:00,-0.63445294,low-ebb
2026-11-22 06:00:00,-0.6939774,low-ebb
2026-11-22 06:10:00,-0.7482407,low-ebb
2026-11-22 06:20:00,-0.79679507,low-ebb
2026-11-22 06:30:00,-0.839247,low-ebb
2026-11-22 06:40:00,-0.87526035,low-ebb
2026-11-22 06:50:00,-0.9045578,low-ebb
2026-11-22 07:00:00,-0.92692125,low-ebb
2026-11-22 07:10:00,-0.94219065,low-ebb
2026-11-22 07:20:00,-0.9502626,low-ebb
2026-11-22 07:30:00,-0.951088,low-ebb
2026-11-22 07:40:00,-0.94466925,low-flow
2026-11-22 07:50:00,-0.9310578,low-flow
2026-11-22 08:00:00,-0.9103517,low-flow
2026-11-22 08:10:00,-0.8826931,low-flow
2026-11-22 08:20:00,-0.84826696,low-flow
2026-11-22 08:30:00,-0.8072995,low-flow
2026-11-22 08:40:00,-0.7600572,low-flow
2026-11-22 08:50:00,-0.706846,low-flow
2026-11-22 09:00:00,-0.6480107,low-flow
2026-11-22 09:10:00,-0.58393407,low-flow
2026-11-22 09:20:00,-0.5150355,low-flow
2026-11-22 09:30:00,-0.4417695,low-flow
2026-11-22 09:40:00,-0.36462337,low-flow
2026-11-22 09:50:00,-0.28411412,low-flow
2026-11-22 10:00:00,-0.2007851,low-flow
2026-11-22 10:10:00,-0.1152018,low-flow
2026-11-22 10:20:00,-0.027947241,low-flow
2026-11-22 10:30:00,0.060382828,high-flow
2026-11-22 10:40:00,0.14918488,high-flow
2026-11-22 10:50:00,0.23785245,high-flow
2026-11-22 11:00:00,0.32578075,high-flow
2026-11-22 11:10:00,0.41237095,high-flow
2026-11-22 11:20:00,0.49703392,high-flow
2026-11-22 11:30:00,0.57919365,high-flow
2026-11-22 11:40:00,0.65829027,high-flow
2026-11-22 11:50:00,0.73378253,high-flow
2026-11-22 12:00:00,0.8051504,high-flow
2026-11-22 12:10:00,0.87189734,high-flow
2026-11-22 12:20:00,0.9335528,high-flow
2026-11-22 12:30:00,0.98967475,high-flow
2026-11-22 12:40:00,1.0398523,high-flow
2026-11-22 12:50:00,1.0837089,high-flow
2026-11-22 13:00:00,1.1209055,high-flow
2026-11-22 13:10:00,1.1511438,high-flow
2026-11-22 13:20:00,1.1741694,high-flow
2026-11-22 13:30:00,1.1897751,high-flow
2026-11-22 13:40:00,1.1978034,high-flow
2026-11-22 13:50:00,1.1981486,high-flow
2026-11-22 14:00:00,1.1907588,high-ebb
2026-11-22 14:10:00,1.1756363,high-ebb
2026-11-22 14:20:00,1.1528373,high-ebb
2026-11-22 14:30:00,1.1224723,high-ebb
2026-11-22 14:40:00,1.0847038,high-ebb
2026-11-22 14:50:00,1.0397449,high-ebb
2026-11-22 15:00:00,0.98785716,high-ebb
2026-11-22 15:10:00,0.92934823,high-ebb
2026-11-22 15:20:00,0.8645695,high-ebb
2026-11-22 15:30:00,0.7939139,high-ebb
2026-11-22 15:40:00,0.71781427,high-ebb
2026-11-22 15:50:00,0.6367412,high-ebb
2026-11-22 16:00:00,0.551202,high-ebb
2026-11-22 16:10:00,0.46173882,high-ebb
2026-11-22 16:20:00,0.36892766,high-ebb
2026-11-22 16:30:00,0.2733762,high-ebb
2026-11-22 16:40:00,0.1757218,high-ebb
2026-11-22 16:50:00,0.07662834,high-ebb
2026-11-22 17:00:00,-0.023217496,low-ebb
2026-11-22 17:10:00,-0.12311117,low-ebb
2026-11-22 17:20:00,-0.22233616,low-ebb
2026-11-22 17:30:00,-0.32017082,low-ebb
2026-11-22 17:40:00,-0.41589612,low-ebb
2026-11-22 17:50:00,-0.50880396,low-ebb
2026-11-22 18:00:00,-0.5982059,low-ebb
2026-11-22 18:10:00,-0.6834417,low-ebb
2026-11-22 18:20:00,-0.76388776,low-ebb
2026-11-22 18:30:00,-0.83896446,low-ebb
2026-11-22 18:40:00,-0.90814304,low-ebb
2026-11-22 18:50:00,-0.9709507,low-ebb
2026-11-22 19:00:00,-1.0269747,low-ebb
2026-11-22 19:10:00,-1.0758644,low-ebb
2026-11-22 19:20:00,-1.117333,low-ebb
2026-11-22 19:30:00,-1.1511571,low-ebb
2026-11-22 19:40:00,-1.177175,low-ebb
2026-11-22 19:50:00,-1.1952852,low-ebb
2026-11-22 20:00:00,-1.2054435,low-ebb
2026-11-22 20:10:00,-1.2076604,low-ebb
2026-11-22 20:20:00,-1.2019984,low-flow
2026-11-22 20:30:00,-1.1885685,low-flow
2026-11-22 20:40:00,-1.1675293,low-flow
2026-11-22 20:50:00,-1.1390842,low-flow
2026-11-22 21:00:00,-1.1034803,low-flow
2026-11-22 21:10:00,-1.0610068,low-flow
2026-11-22 21:20:00,-1.0119944,low-flow
2026-11-22 21:30:00,-0.9568138,low-flow
2026-11-22 21:40:00,-0.8958749,low-flow
2026-11-22 21:50:00,-0.8296245,low-flow
2026-11-22 22:00:00,-0.75854415,low-flow
2026-11-22 22:10:00,-0.6831478,low-flow
2026-11-22 22:20:00,-0.60397786,low-flow
2026-11-22 22:30:00,-0.52160156,low-flow
2026-11-22 22:40:00,-0.43660617,low-flow
2026-11-22 22:50:00,-0.34959444,low-flow
2026-11-22 23:00:00,-0.2611796,low-flow
2026-11-22 23:10:00,-0.17198041,low-flow
2026-11-22 23:20:00,-0.08261644,low-flow
2026-11-22 23:30:00,0.0062962226,high-flow
2026-11-22 23:40:00,0.094149046,high-flow
2026-11-22 23:50:00,0.1803445,high-flow
2026-11-23 00:00:00,0.26429915,high-flow
2026-11-23 00:10:00,0.34544632,high-flow
2026-11-23 00:20:00,0.42323864,high-flow
2026-11-23 00:30:00,0.49715024,high-flow
2026-11-23 00:40:00,0.5666791,high-flow
2026-11-23 00:50:00,0.63134974,high-flow
2026-11-23 01:00:00,0.6907154,high-flow
2026-11-23 01:10:00,0.7443614,high-flow
2026-11-23 01:20:00,0.7919084,high-flow
2026-11-23 01:30:00,0.83301526,high-flow
2026-11-23 01:40:00,0.86738306,high-flow
2026-11-23 01:50:00,0.89475816,high-flow
2026-11-23 02:00:00,0.91493547,high-flow
2026-11-23 02:10:00,0.927761,high-flow
2026-11-23 02:20:00,0.93313444,high-flow
2026-11-23 02:30:00,0.93101007,high-ebb
2026-11-23 02:40:00,0.92139804,high-ebb
2026-11-23 02:50:00,0.904364,high-ebb
2026-11-23 03:00:00,0.8800285,high-ebb
2026-11-23 03:10:00,0.84856576,high-ebb
2026-11-23 03:20:00,0.8102017,high-ebb
2026-11-23 03:30:00,0.76521206,high-ebb
2026-11-23 03:40:00,0.7139201,high-ebb
2026-11-23 03:50:00,0.65669453,high-ebb
2026-11-23 04:00:00,0.5939472,high-ebb
2026-11-23 04:10:00,0.5261315,high-ebb
2026-11-23 04:20:00,0.45374078,high-ebb
2026-11-23 04:30:00,0.37730625,high-ebb
2026-11-23 04:40:00,0.2973958,high-ebb
2026-11-23 04:50:00,0.21461187,high-ebb
2026-11-23 05:00:00,0.1295892,high-ebb
2026-11-23 05:10:00,0.042991795,high-ebb
2026-11-23 05:20:00,-0.04449089,low-ebb
2026-11-23 05:30:00,-0.13214874,low-ebb
2026-11-23 05:40:00,-0.21925686,low-ebb
2026-11-23 05:50:00,-0.3050825,low-ebb
2026-11-23 06:00:00,-0.38889286,low-ebb
2026-11-23 06:10:00,-0.46996358,low-ebb
2026-11-23 06:20:00,-0.547588,low-ebb
2026-11-23 06:30:00,-0.62108594,low-ebb
2026-11-23 06:40:00,-0.68981314,low-ebb
2026-11-23 06:50:00,-0.75316924,low-ebb
2026-11-23 07:00:00,-0.8106053,low-ebb
2026-11-23 07:10:00,-0.86163014,low-ebb
2026-11-23 07:20:00,-0.9058152,low-ebb
2026-11-23 07:30:00,-0.94279766,low-ebb
2026-11-23 07:40:00,-0.9722825,low-ebb
2026-11-23 07:50:00,-0.9940429,low-ebb
2026-11-23 08:00:00,-1.007919,low-ebb
2026-11-23 08:10:00,-1.0138162,low-ebb
2026-11-23 08:20:00,-1.0117029,low-flow
2026-11-23 08:30:00,-1.001607,low-flow
2026-11-23 08:40:00,-0.98361224,low-flow
2026-11-23 08:50:00,-0.9578563,low-flow
2026-11-23 09:00:00,-0.9245265,low-flow
2026-11-23 09:10:00,-0.883858,low-flow
2026-11-23 09:20:00,-0.83613133,low-flow
2026-11-23 09:30:00,-0.7816705,low-flow
2026-11-23 09:40:00,-0.7208416,low-flow
2026-11-23 09:50:00,-0.65405077,low-flow
2026-11-23 10:00:00,-0.58174294,low-flow
2026-11-23 10:10:00,-0.5043997,low-flow
2026-11-23 10:20:00,-0.42253703,low-flow
2026-11-23 10:30:00,-0.3367024,low-flow
2026-11-23 10:40:00,-0.24747133,low-flow
2026-11-23 10:50:00,-0.15544352,low-flow
2026-11-23 11:00:00,-0.061238375,low-flow
2026-11-23 11:10:00,0.03450972,high-flow
2026-11-23 11:20:00,0.13115638,high-flow
2026-11-23 11:30:00,0.22805218,high-flow
2026-11-23 11:40:00,0.32454747,high-flow
2026-11-23 11:50:00,0.41999683,high-flow
2026-11-23 12:00:00,0.5137632,high-flow
2026-11-23 12:10:00,0.6052215,high-flow
2026-11-23 12:20:00,0.6937618,high-flow
2026-11-23 12:30:00,0.77879196,high-flow
2026-11-23 12:40:00,0.8597401,high-flow
2026-11-23 12:50:00,0.9360568,high-flow
2026-11-23 13:00:00,1.0072174,high-flow
2026-11-23 13:10:00,1.0727242,high-flow
2026-11-23 13:20:00,1.1321087,high-flow
2026-11-23 13:30:00,1.1849346,high-flow
2026-11-23 13:40:00,1.2308012,high-flow
2026-11-23 13:50:00,1.2693458,high-flow
2026-11-23 14:00:00,1.3002481,high-flow
2026-11-23 14:10:00,1.3232335,high-flow
2026-11-23 14:20:00,1.3380761,high-flow
2026-11-23 14:30:00,1.3446025,high-flow
2026-11-23 14:40:00,1.3426939,high-flow
2026-11-23 14:50:00,1.3322889,high-ebb
2026-11-23 15:00:00,1.3133837,high-ebb
2026-11-23 15:10:00,1.2860341,high-ebb
2026-11-23 15:20:00,1.2503543,high-ebb
2026-11-23 15:30:00,1.2065166,high-ebb
2026-11-23 15:40:00,1.1547499,high-ebb
2026-11-23 15:50:00,1.0953377,high-ebb
2026-11-23 16:00:00,1.0286165,high-ebb
2026-11-23 16:10:00,0.9549735,high-ebb
2026-11-23 16:20:00,0.8748441,high-ebb
2026-11-23 16:30:00,0.78871024,high-ebb
2026-11-23 16:40:00,0.69709873,high-ebb
2026-11-23 16:50:00,0.60057884,high-ebb
2026-11-23 17:00:00,0.49976087,high-ebb
2026-11-23 17:10:00,0.39529398,high-ebb
2026-11-23 17:20:00,0.28786373,high-ebb
2026-11-23 17:30:00,0.17818907,high-ebb
2026-11-23 17:40:00,0.067018434,high-ebb
2026-11-23 17:50:00,-0.044874936,low-ebb
2026-11-23 18:00:00,-0.15669894,low-ebb
2026-11-23 18:10:00,-0.2676495,low-ebb
2026-11-23 18:20:00,-0.37691852,low-ebb
2026-11-23 18:30:00,-0.48370263,low-ebb
2026-11-23 18:40:00,-0.58721256,low-ebb
2026-11-23 18:50:00,-0.68668294,low-ebb
2026-11-23 19:00:00,-0.7813818,low-ebb
2026-11-23 19:10:00,-0.8706198,low-ebb
2026-11-23 19:20:00,-0.9537585,low-ebb
2026-11-23 19:30:00,-1.0302179,low-ebb
2026-11-23 19:40:00,-1.0994822,low-ebb
2026-11-23 19:50:00,-1.1611038,low-ebb
2026-11-23 20:00:00,-1.2147069,low-ebb
2026-11-23 20:10:00,-1.2599878,low-ebb
2026-11-23 20:20:00,-1.2967156,low-ebb
2026-11-23 20:30:00,-1.3247297,low-ebb
2026-11-23 20:40:00,-1.3439385,low-ebb
2026-11-23 20:50:00,-1.3543155,low-ebb
2026-11-23 21:00:00,-1.3558966,low-ebb
2026-11-23 21:10:00,-1.348776,low-flow
2026-11-23 21:20:00,-1.3331031,low-flow
2026-11-23 21:30:00,-1.3090795,low-flow
2026-11-23 21:40:00,-1.2769563,low-flow
2026-11-23 21:50:00,-1.2370315,low-flow
2026-11-23 22:00:00,-1.1896477,low-flow
2026-11-23 22:10:00,-1.135191,low-flow
2026-11-23 22:20:00,-1.0740882,low-flow
2026-11-23 22:30:00,-1.0068054,low-flow
2026-11-23 22:40:00,-0.9338456,low-flow
2026-11-23 22:50:00,-0.8557451,low-flow
2026-11-23 23:00:00,-0.7730714,low-flow
2026-11-23 23:10:00,-0.68641865,low-flow
2026-11-23 23:20:00,-0.5964036,low-flow
2026-11-23 23:30:00,-0.50366104,low-flow
2026-11-23 23:40:00,-0.40883872,low-flow
2026-11-23 23:50:00,-0.31259277,low-flow
2026-11-24 00:00:00,-0.21558245,low-flow
2026-11-24 00:10:00,-0.118465856,low-flow
2026-11-24 00:20:00,-0.021895653,low-flow
2026-11-24 00:30:00,0.07348472,high-flow
2026-11-24 00:40:00,0.16704427,high-flow
2026-11-24 00:50:00,0.25816727,high-flow
2026-11-24 01:00:00,0.3462557,high-flow
2026-11-24 01:10:00,0.4307315,high-flow
2026-11-24 01:20:00,0.5110387,high-flow
2026-11-24 01:30:00,0.58664554,high-flow
2026-11-24 01:40:00,0.6570468,high-flow
2026-11-24 01:50:00,0.7217667,high-flow
2026-11-24 02:00:00,0.78036153,high-flow
2026-11-24 02:10:00,0.8324232,high-flow
2026-11-24 02:20:00,0.87758285,high-flow
2026-11-24 02:30:00,0.9155145,high-flow
2026-11-24 02:40:00,0.94593894,high-flow
2026-11-24 02:50:00,0.96862715,high-flow
2026-11-24 03:00:00,0.9834037,high-flow
2026-11-24 03:10:00,0.9901493,high-flow
2026-11-24 03:20:00,0.98880315,high-flow
2026-11-24 03:30:00,0.9793639,high-ebb
2026-11-24 03:40:00,0.96189046,high-ebb
2026-11-24 03:50:00,0.93650174,high-ebb
2026-11-24 04:00:00,0.9033757,high-ebb
2026-11-24 04:10:00,0.86274815,high-ebb
2026-11-24 04:20:00,0.81491095,high-ebb
2026-11-24 04:30:00,0.76020986,high-ebb
2026-11-24 04:40:00,0.6990427,high-ebb
2026-11-24 04:50:00,0.631857,high-ebb
2026-11-24 05:00:00,0.5591483,high-ebb
2026-11-24 05:10:00,0.48145792,high-ebb
2026-11-24 05:20:00,0.39937106,high-ebb
2026-11-24 05:30:00,0.3135145,high-ebb
2026-11-24 05:40:00,0.22455432,high-ebb
2026-11-24 05:50:00,0.1331926,high-ebb
2026-11-24 06:00:00,0.04016379,high-ebb
2026-11-24 06:10:00,-0.05377011,low-ebb
2026-11-24 06:20:00,-0.14782521,low-ebb
2026-11-24 06:30:00,-0.24120264,low-ebb
2026-11-24 06:40:00,-0.33309636,low-ebb
2026-11-24 06:50:00,-0.42270207,low-ebb
2026-11-24 07:00:00,-0.50922674,low-ebb
2026-11-24 07:10:00,-0.5918985,low-ebb
2026-11-24 07:20:00,-0.66997695,low-ebb
2026-11-24 07:30:00,-0.7427627,low-ebb
2026-11-24 07:40:00,-0.8096066,low-ebb
2026-11-24 07:50:00,-0.86991787,low-ebb
2026-11-24 08:00:00,-0.92317075,low-ebb
2026-11-24 08:10:00,-0.96891,low-ebb
2026-11-24 08:20:00,-1.0067542,low-ebb
2026-11-24 08:30:00,-1.0363977,low-ebb
2026-11-24 08:40:00,-1.0576116,low-ebb
2026-11-24 08:50:00,-1.0702416,low-ebb
2026-11-24 09:00:00,-1.0742068,low-ebb
2026-11-24 09:10:00,-1.069496,low-flow
2026-11-24 09:20:00,-1.0561645,low-flow
2026-11-24 09:30:00,-1.0343295,low-flow
2026-11-24 09:40:00,-1.0041672,low-flow
2026-11-24 09:50:00,-0.9659079,low-flow
2026-11-24 10:00:00,-0.9198335,low-flow
2026-11-24 10:10:00,-0.866274,low-flow
2026-11-24 10:20:00,-0.8056048,low-flow
2026-11-24 10:30:00,-0.73824453,low-flow
2026-11-24 10:40:00,-0.66465217,low-flow
2026-11-24 10:50:00,-0.5853253,low-flow
2026-11-24 11:00:00,-0.5007973,low-flow
2026-11-24 11:10:00,-0.41163424,low-flow
2026-11-24 11:20:00,-0.31843218,low-flow
2026-11-24 11:30:00,-0.221813,low-flow
2026-11-24 11:40:00,-0.122420326,low-flow
2026-11-24 11:50:00,-0.020915149,low-flow
2026-11-24 12:00:00,0.082029134,high-flow
2026-11-24 12:10:00,0.18573157,high-flow
2026-11-24 12:20:00,0.2895085,high-flow
2026-11-24 12:30:00,0.39267817,high-flow
2026-11-24 12:40:00,0.49456504,high-flow
2026-11-24 12:50:00,0.59450364,high-flow
2026-11-24 13:00:00,0.69184184,high-flow
2026-11-24 13:10:00,0.78594387,high-flow
2026-11-24 13:20:00,0.87619245,high-flow
2026-11-24 13:30:00,0.9619915,high-flow
2026-11-24 13:40:00,1.0427675,high-flow
2026-11-24 13:50:00,1.1179721,high-flow
2026-11-24 14:00:00,1.187084,high-flow
2026-11-24 14:10:00,1.2496111,high-flow
2026-11-24 14:20:00,1.305094,high-flow
2026-11-24 14:30:00,1.3531084,high-flow
2026-11-24 14:40:00,1.3932693,high-flow
2026-11-24 14:50:00,1.4252342,high-flow
2026-11-24 15:00:00,1.4487075,high-flow
2026-11-24 15:10:00,1.4634441,high-flow
2026-11-24 15:20:00,1.469253,high-flow
2026-11-24 15:30:00,1.4660006,high-ebb
2026-11-24 15:40:00,1.4536133,high-ebb
2026-11-24 15:50:00,1.4320797,high-ebb
2026-11-24 16:00:00,1.401451,high-ebb
2026-11-24 16:10:00,1.3618425,high-ebb
2026-11-24 16:20:00,1.3134322,high-ebb
2026-11-24 16:30:00,1.2564604,high-ebb
2026-11-24 16:40:00,1.1912283,high-ebb
2026-11-24 16:50:00,1.1180956,high-ebb
2026-11-24 17:00:00,1.0374793,high-ebb
2026-11-24 17:10:00,0.94985086,high-ebb
2026-11-24 17:20:00,0.85573435,high-ebb
2026-11-24 17:30:00,0.7557043,high-ebb
2026-11-24 17:40:00,0.6503834,high-ebb
2026-11-24 17:50:00,0.54044044,high-ebb
2026-11-24 18:00:00,0.42658725,high-ebb
2026-11-24 18:10:00,0.3095759,high-ebb
2026-11-24 18:20:00,0.1901948,high-ebb
2026-11-24 18:30:00,0.069264114,high-ebb
2026-11-24 18:40:00,-0.052370034,low-ebb
2026-11-24 18:50:00,-0.17384219,low-ebb
2026-11-24 19:00:00,-0.2942755,low-ebb
2026-11-24 19:10:00,-0.41279054,low-ebb
2026-11-24 19:20:00,-0.528515,low-ebb
2026-11-24 19:30:00,-0.6405939,low-ebb
2026-11-24 19:40:00,-0.74820036,low-ebb
2026-11-24 19:50:00,-0.85054564,low-ebb
2026-11-24 20:00:00,-0.9468894,low-ebb
2026-11-24 20:10:00,-1.0365483,low-ebb
2026-11-24 20:20:00,-1.1189039,low-ebb
2026-11-24 20:30:00,-1.1934093,low-ebb
2026-11-24 20:40:00,-1.2595932,low-ebb
2026-11-24 20:50:00,-1.3170633,low-ebb
2026-11-24 21:00:00,-1.365507,low-ebb
2026-11-24 21:10:00,-1.4046913,low-ebb
2026-11-24 21:20:00,-1.4344615,low-ebb
2026-11-24 21:30:00,-1.4547372,low-ebb
2026-11-24 21:40:00,-1.4655104,low-ebb
2026-11-24 21:50:00,-1.46684,low-ebb
2026-11-24 22:00:00,-1.4588487,low-flow
2026-11-24 22:10:00,-1.4417182,low-flow
2026-11-24 22:20:00,-1.4156855,low-flow
2026-11-24 22:30:00,-1.38104,low-flow
2026-11-24 22:40:00,-1.3381194,low-flow
2026-11-24 22:50:00,-1.2873076,low-flow
2026-11-24 23:00:00,-1.229032,low-flow
2026-11-24 23:10:00,-1.1637605,low-flow
2026-11-24 23:20:00,-1.092,low-flow
2026-11-24 23:30:00,-1.0142922,low-flow
2026-11-24 23:40:00,-0.931212,low-flow
2026-11-24 23:50:00,-0.84336257,low-flow
2026-11-25 00:00:00,-0.75137246,low-flow
2026-11-25 00:10:00,-0.65589076,low-flow
2026-11-25 00:20:00,-0.5575827,low-flow
2026-11-25 00:30:00,-0.45712468,low-flow
2026-11-25 00:40:00,-0.35519975,low-flow
2026-11-25 00:50:00,-0.2524928,low-flow
2026-11-25 01:00:00,-0.14968616,low-flow
2026-11-25 01:10:00,-0.04745595,low-flow
2026-11-25 01:20:00,0.053531602,high-flow
2026-11-25 01:30:00,0.1526231,high-flow
2026-11-25 01:40:00,0.24918048,high-flow
2026-11-25 01:50:00,0.34258327,high-flow
2026-11-25 02:00:00,0.43223053,high-flow
2026-11-25 02:10:00,0.5175429,high-flow
2026-11-25 02:20:00,0.5979645,high-flow
2026-11-25 02:30:00,0.6729657,high-flow
2026-11-25 02:40:00,0.7420451,high-flow
2026-11-25 02:50:00,0.80473334,high-flow
2026-11-25 03:00:00,0.8605962,high-flow
2026-11-25 03:10:00,0.9092385,high-flow
2026-11-25 03:20:00,0.9503085,high-flow
2026-11-25 03:30:00,0.98350173,high-flow
2026-11-25 03:40:00,1.0085653,high-flow
2026-11-25 03:50:00,1.0253015,high-flow
2026-11-25 04:00:00,1.033571,high-flow
2026-11-25 04:10:00,1.033296,high-flow
2026-11-25 04:20:00,1.0244613,high-ebb
2026-11-25 04:30:00,1.0071158,high-ebb
2026-11-25 04:40:00,0.981373,high-ebb
2026-11-25 04:50:00,0.9474103,high-ebb
2026-11-25 05:00:00,0.9054677,high-ebb
2026-11-25 05:10:00,0.855847,high-ebb
2026-11-25 05:20:00,0.7989092,high-ebb
2026-11-25 05:30:00,0.73507303,high-ebb
2026-11-25 05:40:00,0.6648124,high-ebb
2026-11-25 05:50:00,0.58865446,high-ebb
2026-11-25 06:00:00,0.50717705,high-ebb
2026-11-25 06:10:00,0.42100668,high-ebb
2026-11-25 06:20:00,0.3308154,high-ebb
2026-11-25 06:30:00,0.23731805,high-ebb
2026-11-25 06:40:00,0.14126839,high-ebb
2026-11-25 06:50:00,0.043454673,high-ebb
2026-11-25 07:00:00,-0.055305846,low-ebb
2026-11-25 07:10:00,-0.15417343,low-ebb
2026-11-25 07:20:00,-0.2522935,low-ebb
2026-11-25 07:30:00,-0.3488053,low-ebb
2026-11-25 07:40:00,-0.44285148,low-ebb
2026-11-25 07:50:00,-0.5335885,low-ebb
2026-11-25 08:00:00,-0.62019724,low-ebb
2026-11-25 08:10:00,-0.7018937,low-ebb
2026-11-25 08:20:00,-0.7779395,low-ebb
2026-11-25 08:30:00,-0.8476514,low-ebb
2026-11-25 08:40:00,-0.91040987,low-ebb
2026-11-25 08:50:00,-0.9656662,low-ebb
2026-11-25 09:00:00,-1.0129477,low-ebb
2026-11-25 09:10:00,-1.0518619,low-ebb
2026-11-25 09:20:00,-1.082098,low-ebb
2026-11-25 09:30:00,-1.1034272,low-ebb
2026-11-25 09:40:00,-1.1157017,low-ebb
2026-11-25 09:50:00,-1.1188514,low-ebb
2026-11-25 10:00:00,-1.1128813,low-flow
2026-11-25 10:10:00,-1.0978668,low-flow
2026-11-25 10:20:00,-1.0739489,low-flow
2026-11-25 10:30:00,-1.0413302,low-flow
2026-11-25 10:40:00,-1.0002705,low-flow
2026-11-25 10:50:00,-0.95108217,low-flow
2026-11-25 11:00:00,-0.894127,low-flow
2026-11-25 11:10:00,-0.8298125,low-flow
2026-11-25 11:20:00,-0.75858915,low-flow
2026-11-25 11:30:00,-0.6809475,low-flow
2026-11-25 11:40:00,-0.5974153,low-flow
2026-11-25 11:50:00,-0.50855494,low-flow
2026-11-25 12:00:00,-0.41495982,low-flow
2026-11-25 12:10:00,-0.31725162,low-flow
2026-11-25 12:20:00,-0.21607599,low-flow
2026-11-25 12:30:00,-0.112098604,low-flow
2026-11-25 12:40:00,-0.0060007223,low-flow
2026-11-25 12:50:00,0.1015255,high-flow
2026-11-25 13:00:00,0.2097817,high-flow
2026-11-25 13:10:00,0.3180679,high-flow
2026-11-25 13:20:00,0.42568687,high-flow
2026-11-25 13:30:00,0.5319481,high-flow
2026-11-25 13:40:00,0.63617146,high-flow
2026-11-25 13:50:00,0.73769,high-flow
2026-11-25 14:00:00,0.83585286,high-flow
2026-11-25 14:10:00,0.9300273,high-flow
2026-11-25 14:20:00,1.0196007,high-flow
2026-11-25 14:30:00,1.1039824,high-flow
2026-11-25 14:40:00,1.1826057,high-flow
2026-11-25 14:50:00,1.25493,high-flow
2026-11-25 15:00:00,1.320443,high-flow
2026-11-25 15:10:00,1.378664,high-flow
2026-11-25 15:20:00,1.429147,high-flow
2026-11-25 15:30:00,1.4714844,high-flow
2026-11-25 15:40:00,1.5053115,high-flow
2026-11-25 15:50:00,1.5303103,high-flow
2026-11-25 16:00:00,1.5462142,high-flow
2026-11-25 16:10:00,1.5528119,high-flow
2026-11-25 16:20:00,1.549951,high-ebb
2026-11-25 16:30:00,1.5375414,high-ebb
2026-11-25 16:40:00,1.5155579,high-ebb
2026-11-25 16:50:00,1.4840411,high-ebb
2026-11-25 17:00:00,1.443099,high-ebb
2026-11-25 17:10:00,1.3929068,high-ebb
2026-11-25 17:20:00,1.333706,high-ebb
2026-11-25 17:30:00,1.2658038,high-ebb
2026-11-25 17:40:00,1.1895705,high-ebb
2026-11-25 17:50:00,1.1054384,high-ebb
2026-11-25 18:00:00,1.0138988,high-ebb
2026-11-25 18:10:00,0.91550094,high-ebb
2026-11-25 18:20:00,0.810848,high-ebb
2026-11-25 18:30:00,0.7005958,high-ebb
2026-11-25 18:40:00,0.5854496,high-ebb
2026-11-25 18:50:00,0.46616092,high-ebb
2026-11-25 19:00:00,0.34352422,high-ebb
2026-11-25 19:10:00,0.21837214,high-ebb
2026-11-25 19:20:00,0.09157039,high-ebb
2026-11-25 19:30:00,-0.03598849,low-ebb
2026-11-25 19:40:00,-0.16339262,low-ebb
2026-11-25 19:50:00,-0.2897192,low-ebb
2026-11-25 20:00:00,-0.41404408,low-ebb
2026-11-25 20:10:00,-0.535452,low-ebb
2026-11-25 20:20:00,-0.6530474,low-ebb
2026-11-25 20:30:00,-0.76596546,low-ebb
2026-11-25 20:40:00,-0.87338305,low-ebb
2026-11-25 20:50:00,-0.9745289,low-ebb
2026-11-25 21:00:00,-1.0686929,low-ebb
2026-11-25 21:10:00,-1.1552343,low-ebb
2026-11-25 21:20:00,-1.2335877,low-ebb
2026-11-25 21:30:00,-1.3032683,low-ebb
2026-11-25 21:40:00,-1.3638743,low-ebb
2026-11-25 21:50:00,-1.415088,low-ebb
2026-11-25 22:00:00,-1.456676,low-ebb
2026-11-25 22:10:00,-1.4884858,low-ebb
2026-11-25 22:20:00,-1.5104438,low-ebb
2026-11-25 22:30:00,-1.522551,low-ebb
2026-11-25 22:40:00,-1.5248783,low-ebb
2026-11-25 22:50:00,-1.5175619,low-flow
2026-11-25 23:00:00,-1.5007991,low-flow
2026-11-25 23:10:00,-1.4748433,low-flow
2026-11-25 23:20:00,-1.4400005,low-flow
2026-11-25 23:30:00,-1.3966255,low-flow
2026-11-25 23:40:00,-1.3451188,low-flow
2026-11-25 23:50:00,-1.2859234,low-flow
2026-11-26 00:00:00,-1.2195225,low-flow
2026-11-26 00:10:00,-1.1464366,low-flow
2026-11-26 00:20:00,-1.06722,low-flow
2026-11-26 00:30:00,-0.98245883,low-flow
2026-11-26 00:40:00,-0.8927665,low-flow
2026-11-26 00:50:00,-0.79878026,low-flow
2026-11-26 01:00:00,-0.7011573,low-flow
2026-11-26 01:10:00,-0.60056984,low-flow
2026-11-26 01:20:00,-0.49770114,low-flow
2026-11-26 01:30:00,-0.39324054,low-flow
2026-11-26 01:40:00,-0.28787947,low-flow
2026-11-26 01:50:00,-0.18230715,low-flow
2026-11-26 02:00:00,-0.07720715,low-flow
2026-11-26 02:10:00,0.026745932,high-flow
2026-11-26 02:20:00,0.12888913,high-flow
2026-11-26 02:30:00,0.2285735,high-flow
2026-11-26 02:40:00,0.32516614,high-flow
2026-11-26 02:50:00,0.418052,high-flow
2026-11-26 03:00:00,0.5066359,high-flow
2026-11-26 03:10:00,0.59034467,high-flow
2026-11-26 03:20:00,0.6686291,high-flow
2026-11-26 03:30:00,0.7409674,high-flow
2026-11-26 03:40:00,0.8068679,high-flow
2026-11-26 03:50:00,0.8658731,high-flow
2026-11-26 04:00:00,0.9175639,high-flow
2026-11-26 04:10:00,0.9615639,high-flow
2026-11-26 04:20:00,0.9975439,high-flow
2026-11-26 04:30:00,1.0252267,high-flow
2026-11-26 04:40:00,1.0443912,high-flow
2026-11-26 04:50:00,1.0548757,high-flow
2026-11-26 05:00:00,1.056582,high-flow
2026-11-26 05:10:00,1.0494764,high-ebb
2026-11-26 05:20:00,1.0335922,high-ebb
2026-11-26 05:30:00,1.0090301,high-ebb
2026-11-26 05:40:00,0.97595775,high-ebb
2026-11-26 05:50:00,0.93460923,high-ebb
2026-11-26 06:00:00,0.8852837,high-ebb
2026-11-26 06:10:00,0.8283436,high-ebb
2026-11-26 06:20:00,0.7642123,high-ebb
2026-11-26 06:30:00,0.6933724,high-ebb
2026-11-26 06:40:00,0.6163629,high-ebb
2026-11-26 06:50:00,0.53377694,high-ebb
2026-11-26 07:00:00,0.4462588,high-ebb
2026-11-26 07:10:00,0.35450122,high-ebb
2026-11-26 07:20:00,0.25924173,high-ebb
2026-11-26 07:30:00,0.16125853,high-ebb
2026-11-26 07:40:00,0.061365567,high-ebb
2026-11-26 07:50:00,-0.03959337,low-ebb
2026-11-26 08:00:00,-0.14075162,low-ebb
2026-11-26 08:10:00,-0.24122772,low-ebb
2026-11-26 08:20:00,-0.34013453,low-ebb
2026-11-26 08:30:00,-0.43658924,low-ebb
2026-11-26 08:40:00,-0.52972394,low-ebb
2026-11-26 08:50:00,-0.61869687,low-ebb
2026-11-26 09:00:00,-0.7027032,low-ebb
2026-11-26 09:10:00,-0.7809857,low-ebb
2026-11-26 09:20:00,-0.8528447,low-ebb
2026-11-26 09:30:00,-0.9176466,low-ebb
2026-11-26 09:40:00,-0.97483087,low-ebb
2026-11-26 09:50:00,-1.0239159,low-ebb
2026-11-26 10:00:00,-1.0645022,low-ebb
2026-11-26 10:10:00,-1.0962747,low-ebb
2026-11-26 10:20:00,-1.1190023,low-ebb
2026-11-26 10:30:00,-1.1325365,low-ebb
2026-11-26 10:40:00,-1.1368089,low-ebb
2026-11-26 10:50:00,-1.1318265,low-flow
2026-11-26 11:00:00,-1.1176683,low-flow
2026-11-26 11:10:00,-1.0944796,low-flow
2026-11-26 11:20:00,-1.0624672,low-flow
2026-11-26 11:30:00,-1.0218953,low-flow
2026-11-26 11:40:00,-0.97308016,low-flow
2026-11-26 11:50:00,-0.91638684,low-flow
2026-11-26 12:00:00,-0.85222536,low-flow
2026-11-26 12:10:00,-0.78104764,low-flow
2026-11-26 12:20:00,-0.70334446,low-flow
2026-11-26 12:30:00,-0.6196427,low-flow
2026-11-26 12:40:00,-0.5305027,low-flow
2026-11-26 12:50:00,-0.4365149,low-flow
2026-11-26 13:00:00,-0.33829704,low-flow
2026-11-26 13:10:00,-0.23649013,low-flow
2026-11-26 13:20:00,-0.13175486,low-flow
2026-11-26 13:30:00,-0.024767308,low-flow
2026-11-26 13:40:00,0.08378542,high-flow
2026-11-26 13:50:00,0.19320956,high-flow
2026-11-26 14:00:00,0.30280897,high-flow
2026-11-26 14:10:00,0.41188926,high-flow
2026-11-26 14:20:00,0.51976144,high-flow
2026-11-26 14:30:00,0.62574524,high-flow
2026-11-26 14:40:00,0.72917193,high-flow
2026-11-26 14:50:00,0.82938695,high-flow
2026-11-26 15:00:00,0.9257517,high-flow
2026-11-26 15:10:00,1.0176456,high-flow
2026-11-26 15:20:00,1.1044677,high-flow
2026-11-26 15:30:00,1.1856393,high-flow
2026-11-26 15:40:00,1.260605,high-flow
2026-11-26 15:50:00,1.3288362,high-flow
2026-11-26 16:00:00,1.3898342,high-flow
2026-11-26 16:10:00,1.4431329,high-flow
2026-11-26 16:20:00,1.4883038,high-flow
2026-11-26 16:30:00,1.5249599,high-flow
2026-11-26 16:40:00,1.5527606,high-flow
2026-11-26 16:50:00,1.571416,high-flow
2026-11-26 17:00:00,1.5806918,high-flow
2026-11-26 17:10:00,1.580413,high-flow
2026-11-26 17:20:00,1.5704677,high-ebb
2026-11-26 17:30:00,1.5508101,high-ebb
2026-11-26 17:40:00,1.5214617,high-ebb
2026-11-26 17:50:00,1.4825135,high-ebb
2026-11-26 18:00:00,1.4341254,high-ebb
2026-11-26 18:10:00,1.3765262,high-ebb
2026-11-26 18:20:00,1.3100123,high-ebb
2026-11-26 18:30:00,1.2349465,high-ebb
2026-11-26 18:40:00,1.1517553,high-ebb
2026-11-26 18:50:00,1.0609273,high-ebb
2026-11-26 19:00:00,0.96301067,high-ebb
2026-11-26 19:10:00,0.8586103,high-ebb
2026-11-26 19:20:00,0.7483855,high-ebb
2026-11-26 19:30:00,0.6330467,high-ebb
2026-11-26 19:40:00,0.5133523,high-ebb
2026-11-26 19:50:00,0.3901046,high-ebb
2026-11-26 20:00:00,0.26414537,high-ebb
2026-11-26 20:10:00,0.13635015,high-ebb
2026-11-26 20:20:00,0.007621748,high-ebb
2026-11-26 20:30:00,-0.121117346,low-ebb
2026-11-26 20:40:00,-0.24893366,low-ebb
2026-11-26 20:50:00,-0.37489238,low-ebb
2026-11-26 21:00:00,-0.49806783,low-ebb
2026-11-26 21:10:00,-0.6175544,low-ebb
2026-11-26 21:20:00,-0.7324778,low-ebb
2026-11-26 21:30:00,-0.84200555,low-ebb
2026-11-26 21:40:00,-0.945358,low-ebb
2026-11-26 21:50:00,-1.0418168,low-ebb
2026-11-26 22:00:00,-1.1307337,low-ebb
2026-11-26 22:10:00,-1.2115364,low-ebb
2026-11-26 22:20:00,-1.2837332,low-ebb
2026-11-26 22:30:00,-1.346916,low-ebb
2026-11-26 22:40:00,-1.4007608,low-ebb
2026-11-26 22:50:00,-1.4450275,low-ebb
2026-11-26 23:00:00,-1.4795575,low-ebb
2026-11-26 23:10:00,-1.5042702,low-ebb
2026-11-26 23:20:00,-1.5191591,low-ebb
2026-11-26 23:30:00,-1.5242867,low-ebb
2026-11-26 23:40:00,-1.5197805,low-flow
2026-11-26 23:50:00,-1.5058272,low-flow
2026-11-27 00:00:00,-1.4826691,low-flow
2026-11-27 00:10:00,-1.4505996,low-flow
2026-11-27 00:20:00,-1.4099594,low-flow
2026-11-27 00:30:00,-1.3611343,low-flow
2026-11-27 00:40:00,-1.3045511,low-flow
2026-11-27 00:50:00,-1.2406758,low-flow
2026-11-27 01:00:00,-1.1700106,low-flow
2026-11-27 01:10:00,-1.0930917,low-flow
2026-11-27 01:20:00,-1.010486,low-flow
2026-11-27 01:30:00,-0.9227882,low-flow
2026-11-27 01:40:00,-0.830617,low-flow
2026-11-27 01:50:00,-0.7346116,low-flow
2026-11-27 02:00:00,-0.6354274,low-flow
2026-11-27 02:10:00,-0.53373206,low-flow
2026-11-27 02:20:00,-0.430201,low-flow
2026-11-27 02:30:00,-0.32551345,low-flow
2026-11-27 02:40:00,-0.2203488,low-flow
2026-11-27 02:50:00,-0.11538296,low-flow
2026-11-27 03:00:00,-0.01128543,low-flow
2026-11-27 03:10:00,0.09128332,high-flow
2026-11-27 03:20:00,0.19167414,high-flow
2026-11-27 03:30:00,0.2892512,high-flow
2026-11-27 03:40:00,0.38339388,high-flow
2026-11-27 03:50:00,0.47349876,high-flow
2026-11-27 04:00:00,0.5589817,high-flow
2026-11-27 04:10:00,0.63928056,high-flow
2026-11-27 04:20:00,0.71385777,high-flow
2026-11-27 04:30:00,0.78220445,high-flow
2026-11-27 04:40:00,0.8438437,high-flow
2026-11-27 04:50:00,0.8983355,high-flow
2026-11-27 05:00:00,0.94528145,high-flow
2026-11-27 05:10:00,0.9843292,high-flow
2026-11-27 05:20:00,1.015178,high-flow
2026-11-27 05:30:00,1.0375822,high-flow
2026-11-27 05:40:00,1.0513563,high-flow
2026-11-27 05:50:00,1.0563776,high-flow
2026-11-27 06:00:00,1.0525893,high-ebb
2026-11-27 06:10:00,1.0400014,high-ebb
2026-11-27 06:20:00,1.0186926,high-ebb
2026-11-27 06:30:00,0.9888093,high-ebb
2026-11-27 06:40:00,0.95056564,high-ebb
2026-11-27 06:50:00,0.9042419,high-ebb
2026-11-27 07:00:00,0.85018283,high-ebb
2026-11-27 07:10:00,0.78879535,high-ebb
2026-11-27 07:20:00,0.7205466,high-ebb
2026-11-27 07:30:00,0.6459612,high-ebb
2026-11-27 07:40:00,0.56561893,high-ebb
2026-11-27 07:50:00,0.48015165,high-ebb
2026-11-27 08:00:00,0.39024043,high-ebb
2026-11-27 08:10:00,0.29661182,high-ebb
2026-11-27 08:20:00,0.20003378,high-ebb
2026-11-27 08:30:00,0.10131066,high-ebb
2026-11-27 08:40:00,0.0012772449,high-ebb
2026-11-27 08:50:00,-0.099208154,low-ebb
2026-11-27 09:00:00,-0.19927174,low-ebb
2026-11-27 09:10:00,-0.29803324,low-ebb
2026-11-27 09:20:00,-0.3946159,low-ebb
2026-11-27 09:30:00,-0.48815694,low-ebb
2026-11-27 09:40:00,-0.5778186,low-ebb
2026-11-27 09:50:00,-0.66279876,low-ebb
2026-11-27 10:00:00,-0.7423418,low-ebb
2026-11-27 10:10:00,-0.8157481,low-ebb
2026-11-27 10:20:00,-0.8823822,low-ebb
2026-11-27 10:30:00,-0.94168055,low-ebb
2026-11-27 10:40:00,-0.9931562,low-ebb
2026-11-27 10:50:00,-1.0364027,low-ebb
2026-11-27 11:00:00,-1.0710956,low-ebb
2026-11-27 11:10:00,-1.0969926,low-ebb
2026-11-27 11:20:00,-1.1139318,low-ebb
2026-11-27 11:30:00,-1.1218287,low-ebb
2026-11-27 11:40:00,-1.1206727,low-ebb
2026-11-27 11:50:00,-1.1105223,low-flow
2026-11-27 12:00:00,-1.0915002,low-flow
2026-11-27 12:10:00,-1.0637887,low-flow
2026-11-27 12:20:00,-1.027625,low-flow
2026-11-27 12:30:00,-0.98329675,low-flow
2026-11-27 12:40:00,-0.93113875,low-flow
2026-11-27 12:50:00,-0.871529,low-flow
2026-11-27 13:00:00,-0.80488634,low-flow
2026-11-27 13:10:00,-0.7316675,low-flow
2026-11-27 13:20:00,-0.65236497,low-flow
2026-11-27 13:30:00,-0.5675043,low-flow
2026-11-27 13:40:00,-0.4776416,low-flow
2026-11-27 13:50:00,-0.3833608,low-flow
2026-11-27 14:00:00,-0.28527024,low-flow
2026-11-27 14:10:00,-0.18399931,low-flow
2026-11-27 14:20:00,-0.08019469,low-flow
2026-11-27 14:30:00,0.025483778,high-flow
2026-11-27 14:40:00,0.13236712,high-flow
2026-11-27 14:50:00,0.23978129,high-flow
2026-11-27 15:00:00,0.34705102,high-flow
2026-11-27 15:10:00,0.4535034,high-flow
2026-11-27 15:20:00,0.558471,high-flow
2026-11-27 15:30:00,0.66129494,high-flow
2026-11-27 15:40:00,0.7613268,high-flow
2026-11-27 15:50:00,0.85793114,high-flow
2026-11-27 16:00:00,0.9504875,high-flow
2026-11-27 16:10:00,1.038392,high-flow
2026-11-27 16:20:00,1.1210594,high-flow
2026-11-27 16:30:00,1.1979262,high-flow
2026-11-27 16:40:00,1.268452,high-flow
2026-11-27 16:50:00,1.3321244,high-flow
2026-11-27 17:00:00,1.3884612,high-flow
2026-11-27 17:10:00,1.4370161,high-flow
2026-11-27 17:20:00,1.477382,high-flow
2026-11-27 17:30:00,1.5091965,high-flow
2026-11-27 17:40:00,1.532147,high-flow
2026-11-27 17:50:00,1.545975,high-flow
2026-11-27 18:00:00,1.5504802,high-flow
2026-11-27 18:10:00,1.5455248,high-ebb
2026-11-27 18:20:00,1.5310358,high-ebb
2026-11-27 18:30:00,1.5070074,high-ebb
2026-11-27 18:40:00,1.4735024,high-ebb
2026-11-27 18:50:00,1.4306525,high-ebb
2026-11-27 19:00:00,1.3786577,high-ebb
2026-11-27 19:10:00,1.3177853,high-ebb
2026-11-27 19:20:00,1.2483685,high-ebb
2026-11-27 19:30:00,1.1708044,high-ebb
2026-11-27 19:40:00,1.0855514,high-ebb
2026-11-27 19:50:00,0.99312747,high-ebb
2026-11-27 20:00:00,0.89410704,high-ebb
2026-11-27 20:10:00,0.78911865,high-ebb
2026-11-27 20:20:00,0.678842,high-ebb
2026-11-27 20:30:00,0.5640046,high-ebb
2026-11-27 20:40:00,0.44537815,high-ebb
2026-11-27 20:50:00,0.32377392,high-ebb
2026-11-27 21:00:00,0.20003767,high-ebb
2026-11-27 21:10:00,0.075043164,high-ebb
2026-11-27 21:20:00,-0.050315045,low-ebb
2026-11-27 21:30:00,-0.17513,low-ebb
2026-11-27 21:40:00,-0.29849163,low-ebb
2026-11-27 21:50:00,-0.41949695,low-ebb
2026-11-27 22:00:00,-0.5372606,low-ebb
2026-11-27 22:10:00,-0.6509255,low-ebb
2026-11-27 22:20:00,-0.7596739,low-ebb
2026-11-27 22:30:00,-0.86273676,low-ebb
2026-11-27 22:40:00,-0.95940334,low-ebb
2026-11-27 22:50:00,-1.0490288,low-ebb
2026-11-27 23:00:00,-1.1310401,low-ebb
2026-11-27 23:10:00,-1.2049412,low-ebb
2026-11-27 23:20:00,-1.2703149,low-ebb
2026-11-27 23:30:00,-1.3268247,low-ebb
2026-11-27 23:40:00,-1.3742129,low-ebb
2026-11-27 23:50:00,-1.4122996,low-ebb
2026-11-28 00:00:00,-1.440979,low-ebb
2026-11-28 00:10:00,-1.4602153,low-ebb
2026-11-28 00:20:00,-1.4700387,low-ebb
2026-11-28 00:30:00,-1.4705402,low-ebb
2026-11-28 00:40:00,-1.461868,low-flow
2026-11-28 00:50:00,-1.4442227,low-flow
2026-11-28 01:00:00,-1.4178536,low-flow
2026-11-28 01:10:00,-1.3830564,low-flow
2026-11-28 01:20:00,-1.3401693,low-flow
2026-11-28 01:30:00,-1.2895718,low-flow
2026-11-28 01:40:00,-1.2316816,low-flow
2026-11-28 01:50:00,-1.1669533,low-flow
2026-11-28 02:00:00,-1.0958759,low-flow
2026-11-28 02:10:00,-1.0189704,low-flow
2026-11-28 02:20:00,-0.93678725,low-flow
2026-11-28 02:30:00,-0.84990317,low-flow
2026-11-28 02:40:00,-0.75891787,low-flow
2026-11-28 02:50:00,-0.66445017,low-flow
2026-11-28 03:00:00,-0.56713414,low-flow
2026-11-28 03:10:00,-0.4676152,low-flow
2026-11-28 03:20:00,-0.36654603,low-flow
2026-11-28 03:30:00,-0.2645832,low-flow
2026-11-28 03:40:00,-0.16238333,low-flow
2026-11-28 03:50:00,-0.06060047,low-flow
2026-11-28 04:00:00,0.04011688,high-flow
2026-11-28 04:10:00,0.13912797,high-flow
2026-11-28 04:20:00,0.235802,high-flow
2026-11-28 04:30:00,0.32952017,high-flow
2026-11-28 04:40:00,0.41967776,high-flow
2026-11-28 04:50:00,0.5056866,high-flow
2026-11-28 05:00:00,0.5869775,high-flow
2026-11-28 05:10:00,0.6630036,high-flow
2026-11-28 05:20:00,0.7332441,high-flow
2026-11-28 05:30:00,0.7972082,high-flow
2026-11-28 05:40:00,0.85443956,high-flow
2026-11-28 05:50:00,0.9045215,high-flow
2026-11-28 06:00:00,0.94708186,high-flow
2026-11-28 06:10:00,0.9817976,high-flow
2026-11-28 06:20:00,1.0083996,high-flow
2026-11-28 06:30:00,1.026677,high-flow
2026-11-28 06:40:00,1.0364801,high-flow
2026-11-28 06:50:00,1.037723,high-flow
2026-11-28 07:00:00,1.0303857,high-ebb
2026-11-28 07:10:00,1.0145147,high-ebb
2026-11-28 07:20:00,0.99022305,high-ebb
2026-11-28 07:30:00,0.95768946,high-ebb
2026-11-28 07:40:00,0.91715735,high-ebb
2026-11-28 07:50:00,0.8689329,high-ebb
2026-11-28 08:00:00,0.8133831,high-ebb
2026-11-28 08:10:00,0.75093347,high-ebb
2026-11-28 08:20:00,0.6820659,high-ebb
2026-11-28 08:30:00,0.607316,high-ebb
2026-11-28 08:40:00,0.52727073,high-ebb
2026-11-28 08:50:00,0.44256538,high-ebb
2026-11-28 09:00:00,0.35388047,high-ebb
2026-11-28 09:10:00,0.26193795,high-ebb
2026-11-28 09:20:00,0.16749656,high-ebb
2026-11-28 09:30:00,0.07134659,high-ebb
2026-11-28 09:40:00,-0.025696754,low-ebb
2026-11-28 09:50:00,-0.12280064,low-ebb
2026-11-28 10:00:00,-0.2191232,low-ebb
2026-11-28 10:10:00,-0.31382278,low-ebb
2026-11-28 10:20:00,-0.40606803,low-ebb
2026-11-28 10:30:00,-0.4950482,low-ebb
2026-11-28 10:40:00,-0.57998365,low-ebb
2026-11-28 10:50:00,-0.66013575,low-ebb
2026-11-28 11:00:00,-0.7348164,low-ebb
2026-11-28 11:10:00,-0.80339587,low-ebb
2026-11-28 11:20:00,-0.86531013,low-ebb
2026-11-28 11:30:00,-0.92006576,low-ebb
2026-11-28 11:40:00,-0.9672434,low-ebb
2026-11-28 11:50:00,-1.0064996,low-ebb
2026-11-28 12:00:00,-1.037567,low-ebb
2026-11-28 12:10:00,-1.0602528,low-ebb
2026-11-28 12:20:00,-1.0744361,low-ebb
2026-11-28 12:30:00,-1.0800643,low-ebb
2026-11-28 12:40:00,-1.0771495,low-flow
2026-11-28 12:50:00,-1.0657636,low-flow
2026-11-28 13:00:00,-1.0460343,low-flow
2026-11-28 13:10:00,-1.0181408,low-flow
2026-11-28 13:20:00,-0.9823105,low-flow
2026-11-28 13:30:00,-0.9388154,low-flow
2026-11-28 13:40:00,-0.88797003,low-flow
2026-11-28 13:50:00,-0.8301287,low-flow
2026-11-28 14:00:00,-0.765684,low-flow
2026-11-28 14:10:00,-0.6950646,low-flow
2026-11-28 14:20:00,-0.61873376,low-flow
2026-11-28 14:30:00,-0.5371872,low-flow
2026-11-28 14:40:00,-0.45095095,low-flow
2026-11-28 14:50:00,-0.3605783,low-flow
2026-11-28 15:00:00,-0.26664713,low-flow
2026-11-28 15:10:00,-0.16975616,low-flow
2026-11-28 15:20:00,-0.07052142,low-flow
2026-11-28 15:30:00,0.030427804,high-flow
2026-11-28 15:40:00,0.13245282,high-flow
2026-11-28 15:50:00,0.23490937,high-flow
2026-11-28 16:00:00,0.33715123,high-flow
2026-11-28 16:10:00,0.43853343,high-flow
2026-11-28 16:20:00,0.53841525,high-flow
2026-11-28 16:30:00,0.6361628,high-flow
2026-11-28 16:40:00,0.73115116,high-flow
2026-11-28 16:50:00,0.8227668,high-flow
2026-11-28 17:00:00,0.9104095,high-flow
2026-11-28 17:10:00,0.9934947,high-flow
2026-11-28 17:20:00,1.071456,high-flow
2026-11-28 17:30:00,1.1437479,high-flow
2026-11-28 17:40:00,1.2098496,high-flow
2026-11-28 17:50:00,1.2692685,high-flow
2026-11-28 18:00:00,1.3215443,high-flow
2026-11-28 18:10:00,1.3662544,high-flow
2026-11-28 18:20:00,1.4030181,high-flow
2026-11-28 18:30:00,1.4315014,high-flow
2026-11-28 18:40:00,1.451422,high-flow
2026-11-28 18:50:00,1.4625534,high-flow
2026-11-28 19:00:00,1.4647282,high-flow
2026-11-28 19:10:00,1.4578419,high-ebb
2026-11-28 19:20:00,1.4418533,high-ebb
2026-11-28 19:30:00,1.4167873,high-ebb
2026-11-28 19:40:00,1.3827343,high-ebb
2026-11-28 19:50:00,1.33985,high-ebb
2026-11-28 20:00:00,1.2883544,high-ebb
2026-11-28 20:10:00,1.22853,high-ebb
2026-11-28 20:20:00,1.1607203,high-ebb
2026-11-28 20:30:00,1.0853276,high-ebb
2026-11-28 20:40:00,1.0028104,high-ebb
2026-11-28 20:50:00,0.9136817,high-ebb
2026-11-28 21:00:00,0.8185064,high-ebb
2026-11-28 21:10:00,0.7178991,high-ebb
2026-11-28 21:20:00,0.612521,high-ebb
2026-11-28 21:30:00,0.503077,high-ebb
2026-11-28 21:40:00,0.39031175,high-ebb
2026-11-28 21:50:00,0.27500525,high-ebb
2026-11-28 22:00:00,0.15796715,high-ebb
2026-11-28 22:10:00,0.040030293,high-ebb
2026-11-28 22:20:00,-0.07795683,low-ebb
2026-11-28 22:30:00,-0.19513866,low-ebb
2026-11-28 22:40:00,-0.31066185,low-ebb
2026-11-28 22:50:00,-0.42368513,low-ebb
2026-11-28 23:00:00,-0.53338957,low-ebb
2026-11-28 23:10:00,-0.63898844,low-ebb
2026-11-28 23:20:00,-0.73973674,low-ebb
2026-11-28 23:30:00,-0.8349401,low-ebb
2026-11-28 23:40:00,-0.923962,low-ebb
2026-11-28 23:50:00,-1.0062301,low-ebb
2026-11-29 00:00:00,-1.0812403,low-ebb
2026-11-29 00:10:00,-1.14856,low-ebb
2026-11-29 00:20:00,-1.2078288,low-ebb
2026-11-29 00:30:00,-1.2587583,low-ebb
2026-11-29 00:40:00,-1.3011303,low-ebb
2026-11-29 00:50:00,-1.3347943,low-ebb
2026-11-29 01:00:00,-1.3596638,low-ebb
2026-11-29 01:10:00,-1.375713,low-ebb
2026-11-29 01:20:00,-1.382972,low-ebb
2026-11-29 01:30:00,-1.3815242,low-ebb
2026-11-29 01:40:00,-1.3715023,low-flow
2026-11-29 01:50:00,-1.3530859,low-flow
2026-11-29 02:00:00,-1.3264985,low-flow
2026-11-29 02:10:00,-1.2920064,low-flow
2026-11-29 02:20:00,-1.2499167,low-flow
2026-11-29 02:30:00,-1.2005758,low-flow
2026-11-29 02:40:00,-1.1443686,low-flow
2026-11-29 02:50:00,-1.0817168,low-flow
2026-11-29 03:00:00,-1.0130768,low-flow
2026-11-29 03:10:00,-0.93893766,low-flow
2026-11-29 03:20:00,-0.8598191,low-flow
2026-11-29 03:30:00,-0.77626747,low-flow
2026-11-29 03:40:00,-0.6888529,low-flow
2026-11-29 03:50:00,-0.59816533,low-flow
2026-11-29 04:00:00,-0.50481045,low-flow
2026-11-29 04:10:00,-0.40940621,low-flow
2026-11-29 04:20:00,-0.31257862,low-flow
2026-11-29 04:30:00,-0.21495831,low-flow
2026-11-29 04:40:00,-0.117177404,low-flow
2026-11-29 04:50:00,-0.0198665,low-flow
2026-11-29 05:00:00,0.07634792,high-flow
2026-11-29 05:10:00,0.17084588,high-flow
2026-11-29 05:20:00,0.2630162,high-flow
2026-11-29 05:30:00,0.3522588,high-flow
2026-11-29 05:40:00,0.43798733,high-flow
2026-11-29 05:50:00,0.5196318,high-flow
2026-11-29 06:00:00,0.596642,high-flow
2026-11-29 06:10:00,0.6684912,high-flow
2026-11-29 06:20:00,0.73468,high-flow
2026-11-29 06:30:00,0.7947412,high-flow
2026-11-29 06:40:00,0.84824437,high-flow
2026-11-29 06:50:00,0.89480066,high-flow
2026-11-29 07:00:00,0.93406767,high-flow
2026-11-29 07:10:00,0.9657537,high-flow
2026-11-29 07:20:00,0.98962164,high-flow
2026-11-29 07:30:00,1.0054923,high-flow
2026-11-29 07:40:00,1.0132467,high-flow
2026-11-29 07:50:00,1.0128275,high-flow
2026-11-29 08:00:00,1.0042402,high-ebb
2026-11-29 08:10:00,0.9875523,high-ebb
2026-11-29 08:20:00,0.9628933,high-ebb
2026-11-29 08:30:00,0.930453,high-ebb
2026-11-29 08:40:00,0.89048,high-ebb
2026-11-29 08:50:00,0.8432798,high-ebb
2026-11-29 09:00:00,0.7892129,high-ebb
2026-11-29 09:10:00,0.7286929,high-ebb
2026-11-29 09:20:00,0.6621844,high-ebb
2026-11-29 09:30:00,0.5902011,high-ebb
2026-11-29 09:40:00,0.51330346,high-ebb
2026-11-29 09:50:00,0.43209633,high-ebb
2026-11-29 10:00:00,0.34722602,high-ebb
2026-11-29 10:10:00,0.25937662,high-ebb
2026-11-29 10:20:00,0.16926543,high-ebb
2026-11-29 10:30:00,0.07763767,high-ebb
2026-11-29 10:40:00,-0.014740141,low-ebb
2026-11-29 10:50:00,-0.107087575,low-ebb
2026-11-29 11:00:00,-0.19861875,low-ebb
2026-11-29 11:10:00,-0.28855142,low-ebb
2026-11-29 11:20:00,-0.3761166,low-ebb
2026-11-29 11:30:00,-0.46056825,low-ebb
2026-11-29 11:40:00,-0.54119265,low-ebb
2026-11-29 11:50:00,-0.6173174,low-ebb
2026-11-29 12:00:00,-0.6883192,low-ebb
2026-11-29 12:10:00,-0.75363064,low-ebb
2026-11-29 12:20:00,-0.81274533,low-ebb
2026-11-29 12:30:00,-0.86522144,low-ebb
2026-11-29 12:40:00,-0.9106839,low-ebb
2026-11-29 12:50:00,-0.9488245,low-ebb
2026-11-29 13:00:00,-0.9794018,low-ebb
2026-11-29 13:10:00,-1.0022382,low-ebb
2026-11-29 13:20:00,-1.0172176,low-ebb
2026-11-29 13:30:00,-1.0242826,low-ebb
2026-11-29 13:40:00,-1.02343,low-ebb
2026-11-29 13:50:00,-1.0147083,low-flow
2026-11-29 14:00:00,-0.998214,low-flow
2026-11-29 14:10:00,-0.9740895,low-flow
2026-11-29 14:20:00,-0.9425204,low-flow
2026-11-29 14:30:00,-0.90373415,low-flow
2026-11-29 14:40:00,-0.85799867,low-flow
2026-11-29 14:50:00,-0.80562115,low-flow
2026-11-29 15:00:00,-0.74694735,low-flow
2026-11-29 15:10:00,-0.6823603,low-flow
2026-11-29 15:20:00,-0.61227906,low-flow
2026-11-29 15:30:00,-0.53715706,low-flow
2026-11-29 15:40:00,-0.45747948,low-flow
2026-11-29 15:50:00,-0.37376106,low-flow
2026-11-29 16:00:00,-0.28654248,low-flow
2026-11-29 16:10:00,-0.19638687,low-flow
2026-11-29 16:20:00,-0.10387599,low-flow
2026-11-29 16:30:00,-0.009606156,low-flow
2026-11-29 16:40:00,0.08581565,high-flow
2026-11-29 16:50:00,0.18177564,high-flow
2026-11-29 17:00:00,0.27765667,high-flow
2026-11-29 17:10:00,0.37284154,high-flow
2026-11-29 17:20:00,0.46671575,high-flow
2026-11-29 17:30:00,0.5586703,high-flow
2026-11-29 17:40:00,0.6481038,high-flow
2026-11-29 17:50:00,0.73442507,high-flow
2026-11-29 18:00:00,0.8170557,high-flow
2026-11-29 18:10:00,0.8954323,high-flow
2026-11-29 18:20:00,0.9690098,high-flow
2026-11-29 18:30:00,1.0372647,high-flow
2026-11-29 18:40:00,1.0996988,high-flow
2026-11-29 18:50:00,1.1558436,high-flow
2026-11-29 19:00:00,1.2052648,high-flow
2026-11-29 19:10:00,1.2475662,high-flow
2026-11-29 19:20:00,1.2823955,high-flow
2026-11-29 19:30:00,1.3094475,high-flow
2026-11-29 19:40:00,1.3284687,high-flow
2026-11-29 19:50:00,1.3392605,high-flow
2026-11-29 20:00:00,1.3416816,high-flow
2026-11-29 20:10:00,1.3356501,high-ebb
2026-11-29 20:20:00,1.3211442,high-ebb
2026-11-29 20:30:00,1.2982024,high-ebb
2026-11-29 20:40:00,1.2669233,high-ebb
2026-11-29 20:50:00,1.2274641,high-ebb
2026-11-29 21:00:00,1.1800396,high-ebb
2026-11-29 21:10:00,1.1249201,high-ebb
2026-11-29 21:20:00,1.0624301,high-ebb
2026-11-29 21:30:00,0.9929462,high-ebb
2026-11-29 21:40:00,0.9168954,high-ebb
2026-11-29 21:50:00,0.83475363,high-ebb
2026-11-29 22:00:00,0.74704415,high-ebb
2026-11-29 22:10:00,0.6543353,high-ebb
2026-11-29 22:20:00,0.55723876,high-ebb
2026-11-29 22:30:00,0.4564064,high-ebb
2026-11-29 22:40:00,0.35252723,high-ebb
2026-11-29 22:50:00,0.24632259,high-ebb
2026-11-29 23:00:00,0.13854106,high-ebb
2026-11-29 23:10:00,0.029951943,high-ebb
2026-11-29 23:20:00,-0.07866214,low-ebb
2026-11-29 23:30:00,-0.18651356,low-ebb
2026-11-29 23:40:00,-0.29281864,low-ebb
2026-11-29 23:50:00,-0.39680687,low-ebb
2026-11-30 00:00:00,-0.49773043,low-ebb
2026-11-30 00:10:00,-0.59487295,low-ebb
2026-11-30 00:20:00,-0.687558,low-ebb
2026-11-30 00:30:00,-0.77515626,low-ebb
2026-11-30 00:40:00,-0.8570916,low-ebb
2026-11-30 00:50:00,-0.9328457,low-ebb
2026-11-30 01:00:00,-1.001961,low-ebb
2026-11-30 01:10:00,-1.0640423,low-ebb
2026-11-30 01:20:00,-1.1187572,low-ebb
2026-11-30 01:30:00,-1.1658347,low-ebb
2026-11-30 01:40:00,-1.2050636,low-ebb
2026-11-30 01:50:00,-1.2362899,low-ebb
2026-11-30 02:00:00,-1.2594141,low-ebb
2026-11-30 02:10:00,-1.2743882,low-ebb
2026-11-30 02:20:00,-1.2812134,low-ebb
2026-11-30 02:30:00,-1.2799376,low-ebb
2026-11-30 02:40:00,-1.2706536,low-flow
2026-11-30 02:50:00,-1.253498,low-flow
2026-11-30 03:00:00,-1.2286499,low-flow
2026-11-30 03:10:00,-1.196331,low-flow
2026-11-30 03:20:00,-1.1568047,low-flow
2026-11-30 03:30:00,-1.110375,low-flow
2026-11-30 03:40:00,-1.0573871,low-flow
2026-11-30 03:50:00,-0.99822474,low-flow
2026-11-30 04:00:00,-0.9333092,low-flow
2026-11-30 04:10:00,-0.863097,low-flow
2026-11-30 04:20:00,-0.7880768,low-flow
2026-11-30 04:30:00,-0.7087662,low-flow
2026-11-30 04:40:00,-0.62570786,low-flow
2026-11-30 04:50:00,-0.5394655,low-flow
2026-11-30 05:00:00,-0.4506197,low-flow
2026-11-30 05:10:00,-0.3597641,low-flow
2026-11-30 05:20:00,-0.26750135,low-flow
2026-11-30 05:30:00,-0.17443946,low-flow
2026-11-30 05:40:00,-0.08118876,low-flow
2026-11-30 05:50:00,0.01164123,high-flow
2026-11-30 06:00:00,0.10344442,high-flow
2026-11-30 06:10:00,0.19362071,high-flow
2026-11-30 06:20:00,0.2815785,high-flow
2026-11-30 06:30:00,0.36673746,high-flow
2026-11-30 06:40:00,0.44853118,high-flow
2026-11-30 06:50:00,0.52641064,high-flow
2026-11-30 07:00:00,0.5998476,high-flow
2026-11-30 07:10:00,0.6683387,high-flow
2026-11-30 07:20:00,0.73140967,high-flow
2026-11-30 07:30:00,0.7886198,high-flow
2026-11-30 07:40:00,0.8395664,high-flow
2026-11-30 07:50:00,0.8838893,high-flow
2026-11-30 08:00:00,0.9212748,high-flow
2026-11-30 08:10:00,0.95145893,high-flow
2026-11-30 08:20:00,0.974231,high-flow
2026-11-30 08:30:00,0.98943484,high-flow
2026-11-30 08:40:00,0.9969707,high-flow
2026-11-30 08:50:00,0.99679565,high-flow
2026-11-30 09:00:00,0.98892313,high-ebb
2026-11-30 09:10:00,0.97342265,high-ebb
2026-11-30 09:20:00,0.9504182,high-ebb
2026-11-30 09:30:00,0.92008704,high-ebb
2026-11-30 09:40:00,0.88265824,high-ebb
2026-11-30 09:50:00,0.83841115,high-ebb
2026-11-30 10:00:00,0.78767383,high-ebb
2026-11-30 10:10:00,0.7308221,high-ebb
2026-11-30 10:20:00,0.6682781,high-ebb
2026-11-30 10:30:00,0.60050935,high-ebb
2026-11-30 10:40:00,0.52802706,high-ebb
2026-11-30 10:50:00,0.45138434,high-ebb
2026-11-30 11:00:00,0.3711739,high-ebb
2026-11-30 11:10:00,0.28802466,high-ebb
2026-11-30 11:20:00,0.20259771,high-ebb
2026-11-30 11:30:00,0.1155809,high-ebb
2026-11-30 11:40:00,0.027682662,high-ebb
2026-11-30 11:50:00,-0.06037533,low-ebb
2026-11-30 12:00:00,-0.14786625,low-ebb
2026-11-30 12:10:00,-0.23406678,low-ebb
2026-11-30 12:20:00,-0.31826612,low-ebb
2026-11-30 12:30:00,-0.3997748,low-ebb
2026-11-30 12:40:00,-0.47793314,low-ebb
2026-11-30 12:50:00,-0.552119,low-ebb
2026-11-30 13:00:00,-0.62175447,low-ebb
2026-11-30 13:10:00,-0.68631095,low-ebb
2026-11-30 13:20:00,-0.7453134,low-ebb
2026-11-30 13:30:00,-0.7983427,low-ebb
2026-11-30 13:40:00,-0.84503686,low-ebb
2026-11-30 13:50:00,-0.88509095,low-ebb
2026-11-30 14:00:00,-0.9182559,low-ebb
2026-11-30 14:10:00,-0.9443371,low-ebb
2026-11-30 14:20:00,-0.9631918,low-ebb
2026-11-30 14:30:00,-0.9747268,low-ebb
2026-11-30 14:40:00,-0.9788966,low-ebb
2026-11-30 14:50:00,-0.97570115,low-flow
2026-11-30 15:00:00,-0.9651843,low-flow
2026-11-30 15:10:00,-0.947433,low-flow
2026-11-30 15:20:00,-0.92257655,low-flow
2026-11-30 15:30:00,-0.89078635,low-flow
2026-11-30 15:40:00,-0.8522757,low-flow
2026-11-30 15:50:00,-0.8072998,low-flow
2026-11-30 16:00:00,-0.75615513,low-flow
2026-11-30 16:10:00,-0.6991789,low-flow
2026-11-30 16:20:00,-0.63674766,low-flow
2026-11-30 16:30:00,-0.5692756,low-flow
2026-11-30 16:40:00,-0.49721172,low-flow
2026-11-30 16:50:00,-0.42103684,low-flow
2026-11-30 17:00:00,-0.34126002,low-flow
2026-11-30 17:10:00,-0.25841454,low-flow
2026-11-30 17:20:00,-0.17305358,low-flow
2026-11-30 17:30:00,-0.08574611,low-flow
2026-11-30 17:40:00,0.002927287,high-flow
2026-11-30 17:50:00,0.09237835,high-flow
2026-11-30 18:00:00,0.18201464,high-flow
2026-11-30 18:10:00,0.2712429,high-flow
2026-11-30 18:20:00,0.35947177,high-flow
2026-11-30 18:30:00,0.44611472,high-flow
2026-11-30 18:40:00,0.5305925,high-flow
2026-11-30 18:50:00,0.6123356,high-flow
2026-11-30 19:00:00,0.6907873,high-flow
2026-11-30 19:10:00,0.7654062,high-flow
2026-11-30 19:20:00,0.83566964,high-flow
2026-11-30 19:30:00,0.90107745,high-flow
2026-11-30 19:40:00,0.96115553,high-flow
2026-11-30 19:50:00,1.0154604,high-flow
2026-11-30 20:00:00,1.0635829,high-flow
2026-11-30 20:10:00,1.105153,high-flow
2026-11-30 20:20:00,1.1398431,high-flow
2026-11-30 20:30:00,1.1673721,high-flow
2026-11-30 20:40:00,1.1875079,high-flow
2026-11-30 20:50:00,1.2000698,high-flow
2026-11-30 21:00:00,1.2049302,high-flow
2026-11-30 21:10:00,1.2020152,high-ebb
2026-11-30 21:20:00,1.1913042,high-ebb
2026-11-30 21:30:00,1.1728306,high-ebb
2026-11-30 21:40:00,1.1466793,high-ebb
2026-11-30 21:50:00,1.1129868,high-ebb
2026-11-30 22:00:00,1.071939,high-ebb
2026-11-30 22:10:00,1.0237702,high-ebb
2026-11-30 22:20:00,0.96876246,high-ebb
2026-11-30 22:30:00,0.9072437,high-ebb
2026-11-30 22:40:00,0.83958775,high-ebb
2026-11-30 22:50:00,0.7662133,high-ebb
2026-11-30 23:00:00,0.68758327,high-ebb
2026-11-30 23:10:00,0.60420376,high-ebb
2026-11-30 23:20:00,0.5166226,high-ebb
2026-11-30 23:30:00,0.42542723,high-ebb
2026-11-30 23:40:00,0.33124155,high-ebb
2026-11-30 23:50:00,0.2347219,high-ebb
2026-12-01 00:00:00,0.136552,high-ebb
2026-12-01 00:10:00,0.0374366,high-ebb
2026-12-01 00:20:00,-0.061905693,low-ebb
2026-12-01 00:30:00,-0.16075036,low-ebb
2026-12-01 00:40:00,-0.2583755,low-ebb
2026-12-01 00:50:00,-0.35407048,low-ebb
2026-12-01 01:00:00,-0.44714454,low-ebb
2026-12-01 01:10:00,-0.5369347,low-ebb
2026-12-01 01:20:00,-0.62281317,low-ebb
2026-12-01 01:30:00,-0.7041934,low-ebb
2026-12-01 01:40:00,-0.7805349,low-ebb
2026-12-01 01:50:00,-0.8513471,low-ebb
2026-12-01 02:00:00,-0.91619116,low-ebb
2026-12-01 02:10:00,-0.9746813,low-ebb
2026-12-01 02:20:00,-1.0264848,low-ebb
2026-12-01 02:30:00,-1.0713208,low-ebb
2026-12-01 02:40:00,-1.1089592,low-ebb
2026-12-01 02:50:00,-1.139219,low-ebb
2026-12-01 03:00:00,-1.1619666,low-ebb
2026-12-01 03:10:00,-1.1771145,low-ebb
2026-12-01 03:20:00,-1.1846199,low-ebb
2026-12-01 03:30:00,-1.1844846,low-ebb
2026-12-01 03:40:00,-1.1767544,low-flow
2026-12-01 03:50:00,-1.1615193,low-flow
2026-12-01 04:00:00,-1.1389138,low-flow
2026-12-01 04:10:00,-1.1091174,low-flow
2026-12-01 04:20:00,-1.0723546,low-flow
2026-12-01 04:30:00,-1.0288945,low-flow
2026-12-01 04:40:00,-0.97905064,low-flow
2026-12-01 04:50:00,-0.92317885,low-flow
2026-12-01 05:00:00,-0.8616756,low-flow
2026-12-01 05:10:00,-0.7949751,low-flow
2026-12-01 05:20:00,-0.7235458,low-flow
2026-12-01 05:30:00,-0.6478865,low-flow
2026-12-01 05:40:00,-0.5685222,low-flow
2026-12-01 05:50:00,-0.4859994,low-flow
2026-12-01 06:00:00,-0.400882,low-flow
2026-12-01 06:10:00,-0.31374684,low-flow
2026-12-01 06:20:00,-0.22517978,low-flow
2026-12-01 06:30:00,-0.13577205,low-flow
2026-12-01 06:40:00,-0.046117004,low-flow
2026-12-01 06:50:00,0.043192957,high-flow
2026-12-01 07:00:00,0.1315691,high-flow
2026-12-01 07:10:00,0.21842907,high-flow
2026-12-01 07:20:00,0.3031996,high-flow
2026-12-01 07:30:00,0.38531932,high-flow
2026-12-01 07:40:00,0.4642419,high-flow
2026-12-01 07:50:00,0.5394394,high-flow
2026-12-01 08:00:00,0.61040586,high-flow
2026-12-01 08:10:00,0.6766615,high-flow
2026-12-01 08:20:00,0.7377564,high-flow
2026-12-01 08:30:00,0.79327476,high-flow
2026-12-01 08:40:00,0.84283894,high-flow
2026-12-01 08:50:00,0.8861129,high-flow
2026-12-01 09:00:00,0.9228052,high-flow
2026-12-01 09:10:00,0.9526716,high-flow
2026-12-01 09:20:00,0.9755168,high-flow
2026-12-01 09:30:00,0.9911956,high-flow
2026-12-01 09:40:00,0.99961317,high-flow
2026-12-01 09:50:00,1.0007247,high-flow
2026-12-01 10:00:00,0.9945349,high-ebb
2026-12-01 10:10:00,0.9810972,high-ebb
2026-12-01 10:20:00,0.96051216,high-ebb
2026-12-01 10:30:00,0.9329269,high-ebb
2026-12-01 10:40:00,0.8985339,high-ebb
2026-12-01 10:50:00,0.8575705,high-ebb
2026-12-01 11:00:00,0.81031877,high-ebb
2026-12-01 11:10:00,0.7571047,high-ebb
2026-12-01 11:20:00,0.69829863,high-ebb
2026-12-01 11:30:00,0.6343148,high-ebb
2026-12-01 11:40:00,0.56561077,high-ebb
2026-12-01 11:50:00,0.49268627,high-ebb
2026-12-01 12:00:00,0.4160814,high-ebb
2026-12-01 12:10:00,0.33637357,high-ebb
2026-12-01 12:20:00,0.25417367,high-ebb
2026-12-01 12:30:00,0.17012084,high-ebb
2026-12-01 12:40:00,0.08487642,high-ebb
2026-12-01 12:50:00,-0.00088329706,low-ebb
2026-12-01 13:00:00,-0.086474866,low-ebb
2026-12-01 13:10:00,-0.17121601,low-ebb
2026-12-01 13:20:00,-0.25443408,low-ebb
2026-12-01 13:30:00,-0.33547413,low-ebb
2026-12-01 13:40:00,-0.41370675,low-ebb
2026-12-01 13:50:00,-0.48853457,low-ebb
2026-12-01 14:00:00,-0.5593982,low-ebb
2026-12-01 14:10:00,-0.62578034,low-ebb
2026-12-01 14:20:00,-0.6872096,low-ebb
2026-12-01 14:30:00,-0.7432618,low-ebb
2026-12-01 14:40:00,-0.7935612,low-ebb
2026-12-01 14:50:00,-0.83778054,low-ebb
2026-12-01 15:00:00,-0.8756401,low-ebb
2026-12-01 15:10:00,-0.906907,low-ebb
2026-12-01 15:20:00,-0.9313941,low-ebb
2026-12-01 15:30:00,-0.9489587,low-ebb
2026-12-01 15:40:00,-0.95950186,low-ebb
2026-12-01 15:50:00,-0.96296847,low-ebb
2026-12-01 16:00:00,-0.9593468,low-flow
2026-12-01 16:10:00,-0.94866914,low-flow
2026-12-01 16:20:00,-0.9310125,low-flow
2026-12-01 16:30:00,-0.9064992,low-flow
2026-12-01 16:40:00,-0.8752974,low-flow
2026-12-01 16:50:00,-0.83762145,low-flow
2026-12-01 17:00:00,-0.79373145,low-flow
2026-12-01 17:10:00,-0.7439324,low-flow
2026-12-01 17:20:00,-0.68857247,low-flow
2026-12-01 17:30:00,-0.6280405,low-flow
2026-12-01 17:40:00,-0.5627629,low-flow
2026-12-01 17:50:00,-0.4931999,low-flow
2026-12-01 18:00:00,-0.41984126,low-flow
2026-12-01 18:10:00,-0.3432017,low-flow
2026-12-01 18:20:00,-0.26381642,low-flow
2026-12-01 18:30:00,-0.18223654,low-flow
2026-12-01 18:40:00,-0.099024765,low-flow
2026-12-01 18:50:00,-0.014751478,low-flow
2026-12-01 19:00:00,0.07000888,high-flow
2026-12-01 19:10:00,0.15468103,high-flow
2026-12-01 19:20:00,0.23869178,high-flow
2026-12-01 19:30:00,0.32147276,high-flow
2026-12-01 19:40:00,0.40246308,high-flow
2026-12-01 19:50:00,0.4811119,high-flow
2026-12-01 20:00:00,0.5568815,high-flow
2026-12-01 20:10:00,0.6292499,high-flow
2026-12-01 20:20:00,0.6977147,high-flow
2026-12-01 20:30:00,0.7617963,high-flow
2026-12-01 20:40:00,0.82104164,high-flow
2026-12-01 20:50:00,0.8750282,high-flow
2026-12-01 21:00:00,0.9233675,high-flow
2026-12-01 21:10:00,0.96570873,high-flow
2026-12-01 21:20:00,1.0017419,high-flow
2026-12-01 21:30:00,1.0312002,high-flow
2026-12-01 21:40:00,1.0538619,high-flow
2026-12-01 21:50:00,1.0695518,high-flow
2026-12-01 22:00:00,1.078142,high-flow
2026-12-01 22:10:00,1.0795515,high-flow
2026-12-01 22:20:00,1.0737456,high-ebb
2026-12-01 22:30:00,1.0607358,high-ebb
2026-12-01 22:40:00,1.0405785,high-ebb
2026-12-01 22:50:00,1.013374,high-ebb
2026-12-01 23:00:00,0.97926587,high-ebb
2026-12-01 23:10:00,0.9384409,high-ebb
2026-12-01 23:20:00,0.8911286,high-ebb
2026-12-01 23:30:00,0.8376015,high-ebb
2026-12-01 23:40:00,0.7781756,high-ebb
2026-12-01 23:50:00,0.71321076,high-ebb
2026-12-02 00:00:00,0.643111,high-ebb
2026-12-02 00:10:00,0.5683242,high-ebb
2026-12-02 00:20:00,0.48934117,high-ebb
2026-12-02 00:30:00,0.4066941,high-ebb
2026-12-02 00:40:00,0.32095364,high-ebb
2026-12-02 00:50:00,0.23272483,high-ebb
2026-12-02 01:00:00,0.1426422,high-ebb
2026-12-02 01:10:00,0.051363327,high-ebb
2026-12-02 01:20:00,-0.04043818,low-ebb
2026-12-02 01:30:00,-0.13208055,low-ebb
2026-12-02 01:40:00,-0.22288205,low-ebb
2026-12-02 01:50:00,-0.3121692,low-ebb
2026-12-02 02:00:00,-0.39928475,low-ebb
2026-12-02 02:10:00,-0.48359492,low-ebb
2026-12-02 02:20:00,-0.564496,low-ebb
2026-12-02 02:30:00,-0.6414195,low-ebb
2026-12-02 02:40:00,-0.71383643,low-ebb
2026-12-02 02:50:00,-0.78126055,low-ebb
2026-12-02 03:00:00,-0.8432498,low-ebb
2026-12-02 03:10:00,-0.8994076,low-ebb
2026-12-02 03:20:00,-0.9493832,low-ebb
2026-12-02 03:30:00,-0.99287087,low-ebb
2026-12-02 03:40:00,-1.02961,low-ebb
2026-12-02 03:50:00,-1.0593846,low-ebb
2026-12-02 04:00:00,-1.0820223,low-ebb
2026-12-02 04:10:00,-1.0973954,low-ebb
2026-12-02 04:20:00,-1.105421,low-ebb
2026-12-02 04:30:00,-1.1060609,low-ebb
2026-12-02 04:40:00,-1.0993239,low-flow
2026-12-02 04:50:00,-1.0852661,low-flow
2026-12-02 05:00:00,-1.0639921,low-flow
2026-12-02 05:10:00,-1.035656,low-flow
2026-12-02 05:20:00,-1.0004607,low-flow
2026-12-02 05:30:00,-0.95865893,low-flow
2026-12-02 05:40:00,-0.9105505,low-flow
2026-12-02 05:50:00,-0.8564812,low-flow
2026-12-02 06:00:00,-0.7968398,low-flow
2026-12-02 06:10:00,-0.7320542,low-flow
2026-12-02 06:20:00,-0.6625875,low-flow
2026-12-02 06:30:00,-0.5889336,low-flow
2026-12-02 06:40:00,-0.5116118,low-flow
2026-12-02 06:50:00,-0.43116277,low-flow
2026-12-02 07:00:00,-0.34814337,low-flow
2026-12-02 07:10:00,-0.26312244,low-flow
2026-12-02 07:20:00,-0.17667684,low-flow
2026-12-02 07:30:00,-0.089387804,low-flow
2026-12-02 07:40:00,-0.0018376488,low-flow
2026-12-02 07:50:00,0.08539311,high-flow
2026-12-02 08:00:00,0.17172857,high-flow
2026-12-02 08:10:00,0.25660014,high-flow
2026-12-02 08:20:00,0.33944935,high-flow
2026-12-02 08:30:00,0.41973063,high-flow
2026-12-02 08:40:00,0.4969146,high-flow
2026-12-02 08:50:00,0.5704914,high-flow
2026-12-02 09:00:00,0.63997406,high-flow
2026-12-02 09:10:00,0.70490235,high-flow
2026-12-02 09:20:00,0.7648465,high-flow
2026-12-02 09:30:00,0.8194103,high-flow
2026-12-02 09:40:00,0.8682348,high-flow
2026-12-02 09:50:00,0.91100043,high-flow
2026-12-02 10:00:00,0.94742966,high-flow
2026-12-02 10:10:00,0.9772883,high-flow
2026-12-02 10:20:00,1.0003865,high-flow
2026-12-02 10:30:00,1.0165787,high-flow
2026-12-02 10:40:00,1.0257639,high-flow
2026-12-02 10:50:00,1.0278851,high-flow
2026-12-02 11:00:00,1.0229281,high-ebb
2026-12-02 11:10:00,1.0109215,high-ebb
2026-12-02 11:20:00,0.9919353,high-ebb
2026-12-02 11:30:00,0.96608186,high-ebb
2026-12-02 11:40:00,0.93351483,high-ebb
2026-12-02 11:50:00,0.89443034,high-ebb
2026-12-02 12:00:00,0.84906757,high-ebb
2026-12-02 12:10:00,0.7977098,high-ebb
2026-12-02 12:20:00,0.7406851,high-ebb
2026-12-02 12:30:00,0.678367,high-ebb
2026-12-02 12:40:00,0.61117476,high-ebb
2026-12-02 12:50:00,0.5395722,high-ebb
2026-12-02 13:00:00,0.4640664,high-ebb
2026-12-02 13:10:00,0.38520458,high-ebb
2026-12-02 13:20:00,0.30357012,high-ebb
2026-12-02 13:30:00,0.21977729,high-ebb
2026-12-02 13:40:00,0.13446485,high-ebb
2026-12-02 13:50:00,0.048288804,high-ebb
2026-12-02 14:00:00,-0.03808534,low-ebb
2026-12-02 14:10:00,-0.12399083,low-ebb
2026-12-02 14:20:00,-0.20876768,low-ebb
2026-12-02 14:30:00,-0.29177043,low-ebb
2026-12-02 14:40:00,-0.37237513,low-ebb
2026-12-02 14:50:00,-0.44998553,low-ebb
2026-12-02 15:00:00,-0.5240381,low-ebb
2026-12-02 15:10:00,-0.59400594,low-ebb
2026-12-02 15:20:00,-0.65940183,low-ebb
2026-12-02 15:30:00,-0.7197796,low-ebb
2026-12-02 15:40:00,-0.77473575,low-ebb
2026-12-02 15:50:00,-0.82390946,low-ebb
2026-12-02 16:00:00,-0.8669829,low-ebb
2026-12-02 16:10:00,-0.9036811,low-ebb
2026-12-02 16:20:00,-0.93377215,low-ebb
2026-12-02 16:30:00,-0.95706743,low-ebb
2026-12-02 16:40:00,-0.9734225,low-ebb
2026-12-02 16:50:00,-0.9827379,low-ebb
2026-12-02 17:00:00,-0.9849603,low-ebb
2026-12-02 17:10:00,-0.98008424,low-flow
2026-12-02 17:20:00,-0.96815324,low-flow
2026-12-02 17:30:00,-0.94926095,low-flow
2026-12-02 17:40:00,-0.923552,low-flow
2026-12-02 17:50:00,-0.8912215,low-flow
2026-12-02 18:00:00,-0.8525151,low-flow
2026-12-02 18:10:00,-0.8077266,low-flow
2026-12-02 18:20:00,-0.75719595,low-flow
2026-12-02 18:30:00,-0.7013058,low-flow
2026-12-02 18:40:00,-0.6404776,low-flow
2026-12-02 18:50:00,-0.57516706,low-flow
2026-12-02 19:00:00,-0.5058594,low-flow
2026-12-02 19:10:00,-0.4330642,low-flow
2026-12-02 19:20:00,-0.3573107,low-flow
2026-12-02 19:30:00,-0.2791432,low-flow
2026-12-02 19:40:00,-0.1991165,low-flow
2026-12-02 19:50:00,-0.117792144,low-flow
2026-12-02 20:00:00,-0.03573495,low-flow
2026-12-02 20:10:00,0.046490118,high-flow
2026-12-02 20:20:00,0.12832083,high-flow
2026-12-02 20:30:00,0.2092003,high-flow
2026-12-02 20:40:00,0.28857964,high-flow
2026-12-02 20:50:00,0.36592072,high-flow
2026-12-02 21:00:00,0.44069886,high-flow
2026-12-02 21:10:00,0.51240605,high-flow
2026-12-02 21:20:00,0.580554,high-flow
2026-12-02 21:30:00,0.64467776,high-flow
2026-12-02 21:40:00,0.70433885,high-flow
2026-12-02 21:50:00,0.7591289,high-flow
2026-12-02 22:00:00,0.80867255,high-flow
2026-12-02 22:10:00,0.85263026,high-flow
2026-12-02 22:20:00,0.89070064,high-flow
2026-12-02 22:30:00,0.9226221,high-flow
2026-12-02 22:40:00,0.9481739,high-flow
2026-12-02 22:50:00,0.96717685,high-flow
2026-12-02 23:00:00,0.9794932,high-flow
2026-12-02 23:10:00,0.9850263,high-flow
2026-12-02 23:20:00,0.9837202,high-flow
2026-12-02 23:30:00,0.97555894,high-ebb
2026-12-02 23:40:00,0.96056634,high-ebb
2026-12-02 23:50:00,0.93880576,high-ebb
2026-12-03 00:00:00,0.9103803,high-ebb
2026-12-03 00:10:00,0.8754336,high-ebb
2026-12-03 00:20:00,0.83415115,high-ebb
2026-12-03 00:30:00,0.7867611,high-ebb
2026-12-03 00:40:00,0.7335361,high-ebb
2026-12-03 00:50:00,0.6747946,high-ebb
2026-12-03 01:00:00,0.61090153,high-ebb
2026-12-03 01:10:00,0.5422686,high-ebb
2026-12-03 01:20:00,0.4693536,high-ebb
2026-12-03 01:30:00,0.3926588,high-ebb
2026-12-03 01:40:00,0.31272772,high-ebb
2026-12-03 01:50:00,0.23014091,high-ebb
2026-12-03 02:00:00,0.14551054,high-ebb
2026-12-03 02:10:00,0.059473798,high-ebb
2026-12-03 02:20:00,-0.027314458,low-ebb
2026-12-03 02:30:00,-0.11418958,low-ebb
2026-12-03 02:40:00,-0.20048526,low-ebb
2026-12-03 02:50:00,-0.2855415,low-ebb
2026-12-03 03:00:00,-0.36871216,low-ebb
2026-12-03 03:10:00,-0.4493717,low-ebb
2026-12-03 03:20:00,-0.52692115,low-ebb
2026-12-03 03:30:00,-0.6007929,low-ebb
2026-12-03 03:40:00,-0.67045444,low-ebb
2026-12-03 03:50:00,-0.7354112,low-ebb
2026-12-03 04:00:00,-0.79520845,low-ebb
2026-12-03 04:10:00,-0.84943235,low-ebb
2026-12-03 04:20:00,-0.89771074,low-ebb
2026-12-03 04:30:00,-0.9397138,low-ebb
2026-12-03 04:40:00,-0.9751545,low-ebb
2026-12-03 04:50:00,-1.0037893,low-ebb
2026-12-03 05:00:00,-1.0254189,low-ebb
2026-12-03 05:10:00,-1.0398899,low-ebb
2026-12-03 05:20:00,-1.0470961,low-ebb
2026-12-03 05:30:00,-1.0469799,low-ebb
2026-12-03 05:40:00,-1.0395348,low-flow
2026-12-03 05:50:00,-1.0248059,low-flow
2026-12-03 06:00:00,-1.002892,low-flow
2026-12-03 06:10:00,-0.9739453,low-flow
2026-12-03 06:20:00,-0.9381715,low-flow
2026-12-03 06:30:00,-0.8958288,low-flow
2026-12-03 06:40:00,-0.84722537,low-flow
2026-12-03 06:50:00,-0.7927169,low-flow
2026-12-03 07:00:00,-0.7327028,low-flow
2026-12-03 07:10:00,-0.6676214,low-flow
2026-12-03 07:20:00,-0.5979454,low-flow
2026-12-03 07:30:00,-0.5241769,low-flow
2026-12-03 07:40:00,-0.44684196,low-flow
2026-12-03 07:50:00,-0.3664856,low-flow
2026-12-03 08:00:00,-0.28366736,low-flow
2026-12-03 08:10:00,-0.19895676,low-flow
2026-12-03 08:20:00,-0.11292948,low-flow
2026-12-03 08:30:00,-0.026163923,low-flow
2026-12-03 08:40:00,0.060761865,high-flow
2026-12-03 08:50:00,0.14727306,high-flow
2026-12-03 09:00:00,0.23280077,high-flow
2026-12-03 09:10:00,0.31678465,high-flow
2026-12-03 09:20:00,0.39867577,high-flow
2026-12-03 09:30:00,0.4779394,high-flow
2026-12-03 09:40:00,0.55405825,high-flow
2026-12-03 09:50:00,0.6265356,high-flow
2026-12-03 10:00:00,0.69489866,high-flow
2026-12-03 10:10:00,0.75870204,high-flow
2026-12-03 10:20:00,0.8175306,high-flow
2026-12-03 10:30:00,0.87100255,high-flow
2026-12-03 10:40:00,0.9187719,high-flow
2026-12-03 10:50:00,0.96053046,high-flow
2026-12-03 11:00:00,0.99600893,high-flow
2026-12-03 11:10:00,1.024978,high-flow
2026-12-03 11:20:00,1.0472487,high-flow
2026-12-03 11:30:00,1.0626721,high-flow
2026-12-03 11:40:00,1.0711391,high-flow
2026-12-03 11:50:00,1.07258,high-flow
2026-12-03 12:00:00,1.066964,high-ebb
2026-12-03 12:10:00,1.0542996,high-ebb
2026-12-03 12:20:00,1.0346346,high-ebb
2026-12-03 12:30:00,1.0080568,high-ebb
2026-12-03 12:40:00,0.9746954,high-ebb
2026-12-03 12:50:00,0.9347226,high-ebb
2026-12-03 13:00:00,0.88835543,high-ebb
2026-12-03 13:10:00,0.8358572,high-ebb
2026-12-03 13:20:00,0.7775394,high-ebb
2026-12-03 13:30:00,0.7137624,high-ebb
2026-12-03 13:40:00,0.64493597,high-ebb
2026-12-03 13:50:00,0.57151794,high-ebb
2026-12-03 14:00:00,0.49401268,high-ebb
2026-12-03 14:10:00,0.4129674,high-ebb
2026-12-03 14:20:00,0.32896763,high-ebb
2026-12-03 14:30:00,0.24263142,high-ebb
2026-12-03 14:40:00,0.15460248,high-ebb
2026-12-03 14:50:00,0.0655426,high-ebb
2026-12-03 15:00:00,-0.023876404,low-ebb
2026-12-03 15:10:00,-0.112980805,low-ebb
2026-12-03 15:20:00,-0.20110287,low-ebb
2026-12-03 15:30:00,-0.28758824,low-ebb
2026-12-03 15:40:00,-0.3718025,low-ebb
2026-12-03 15:50:00,-0.45313692,low-ebb
2026-12-03 16:00:00,-0.53101295,low-ebb
2026-12-03 16:10:00,-0.6048859,low-ebb
2026-12-03 16:20:00,-0.6742476,low-ebb
2026-12-03 16:30:00,-0.7386285,low-ebb
2026-12-03 16:40:00,-0.7975986,low-ebb
2026-12-03 16:50:00,-0.8507688,low-ebb
2026-12-03 17:00:00,-0.89779174,low-ebb
2026-12-03 17:10:00,-0.9383626,low-ebb
2026-12-03 17:20:00,-0.97222054,low-ebb
2026-12-03 17:30:00,-0.9991498,low-ebb
2026-12-03 17:40:00,-1.0189817,low-ebb
2026-12-03 17:50:00,-1.0315962,low-ebb
2026-12-03 18:00:00,-1.0369244,low-ebb
2026-12-03 18:10:00,-1.0349495,low-flow
2026-12-03 18:20:00,-1.0257094,low-flow
2026-12-03 18:30:00,-1.0092965,low-flow
2026-12-03 18:40:00,-0.98585856,low-flow
2026-12-03 18:50:00,-0.9555981,low-flow
2026-12-03 19:00:00,-0.9187705,low-flow
2026-12-03 19:10:00,-0.87568164,low-flow
2026-12-03 19:20:00,-0.8266845,low-flow
2026-12-03 19:30:00,-0.77217484,low-flow
2026-12-03 19:40:00,-0.7125869,low-flow
2026-12-03 19:50:00,-0.6483876,low-flow
2026-12-03 20:00:00,-0.580072,low-flow
2026-12-03 20:10:00,-0.5081575,low-flow
2026-12-03 20:20:00,-0.43317923,low-flow
2026-12-03 20:30:00,-0.35568538,low-flow
2026-12-03 20:40:00,-0.27623302,low-flow
2026-12-03 20:50:00,-0.19538438,low-flow
2026-12-03 21:00:00,-0.11370362,low-flow
2026-12-03 21:10:00,-0.03175388,low-flow
2026-12-03 21:20:00,0.0499054,high-flow
2026-12-03 21:30:00,0.13072108,high-flow
2026-12-03 21:40:00,0.2101489,high-flow
2026-12-03 21:50:00,0.28765628,high-flow
2026-12-03 22:00:00,0.362725,high-flow
2026-12-03 22:10:00,0.43485433,high-flow
2026-12-03 22:20:00,0.50356424,high-flow
2026-12-03 22:30:00,0.5683983,high-flow
2026-12-03 22:40:00,0.6289271,high-flow
2026-12-03 22:50:00,0.6847509,high-flow
2026-12-03 23:00:00,0.7355023,high-flow
2026-12-03 23:10:00,0.7808482,high-flow
2026-12-03 23:20:00,0.82049173,high-flow
2026-12-03 23:30:00,0.8541728,high-flow
2026-12-03 23:40:00,0.88166934,high-flow
2026-12-03 23:50:00,0.9027966,high-flow
2026-12-04 00:00:00,0.9174078,high-flow
2026-12-04 00:10:00,0.9253932,high-flow
2026-12-04 00:20:00,0.92668045,high-flow
2026-12-04 00:30:00,0.921234,high-ebb
2026-12-04 00:40:00,0.90905595,high-ebb
2026-12-04 00:50:00,0.89018655,high-ebb
2026-12-04 01:00:00,0.8647058,high-ebb
2026-12-04 01:10:00,0.8327349,high-ebb
2026-12-04 01:20:00,0.79443836,high-ebb
2026-12-04 01:30:00,0.7500266,high-ebb
2026-12-04 01:40:00,0.6997573,high-ebb
2026-12-04 01:50:00,0.64393765,high-ebb
2026-12-04 02:00:00,0.5829251,high-ebb
2026-12-04 02:10:00,0.5171275,high-ebb
2026-12-04 02:20:00,0.44700202,high-ebb
2026-12-04 02:30:00,0.37305266,high-ebb
2026-12-04 02:40:00,0.29582667,high-ebb
2026-12-04 02:50:00,0.21590954,high-ebb
2026-12-04 03:00:00,0.13391875,high-ebb
2026-12-04 03:10:00,0.050496656,high-ebb
2026-12-04 03:20:00,-0.03369723,low-ebb
2026-12-04 03:30:00,-0.117994435,low-ebb
2026-12-04 03:40:00,-0.20172562,low-ebb
2026-12-04 03:50:00,-0.28422838,low-ebb
2026-12-04 04:00:00,-0.3648544,low-ebb
2026-12-04 04:10:00,-0.44297585,low-ebb
2026-12-04 04:20:00,-0.5179908,low-ebb
2026-12-04 04:30:00,-0.5893277,low-ebb
2026-12-04 04:40:00,-0.65644854,low-ebb
2026-12-04 04:50:00,-0.7188519,low-ebb
2026-12-04 05:00:00,-0.7760747,low-ebb
2026-12-04 05:10:00,-0.8276935,low-ebb
2026-12-04 05:20:00,-0.8733262,low-ebb
2026-12-04 05:30:00,-0.9126328,low-ebb
2026-12-04 05:40:00,-0.9453173,low-ebb
2026-12-04 05:50:00,-0.9711289,low-ebb
2026-12-04 06:00:00,-0.9898638,low-ebb
2026-12-04 06:10:00,-1.0013676,low-ebb
2026-12-04 06:20:00,-1.0055372,low-ebb
2026-12-04 06:30:00,-1.0023227,low-flow
2026-12-04 06:40:00,-0.99172986,low-flow
2026-12-04 06:50:00,-0.97382057,low-flow
2026-12-04 07:00:00,-0.9487142,low-flow
2026-12-04 07:10:00,-0.91658705,low-flow
2026-12-04 07:20:00,-0.8776714,low-flow
2026-12-04 07:30:00,-0.8322534,low-flow
2026-12-04 07:40:00,-0.7806698,low-flow
2026-12-04 07:50:00,-0.72330433,low-flow
2026-12-04 08:00:00,-0.660583,low-flow
2026-12-04 08:10:00,-0.59296894,low-flow
2026-12-04 08:20:00,-0.520957,low-flow
2026-12-04 08:30:00,-0.44506845,low-flow
2026-12-04 08:40:00,-0.36584562,low-flow
2026-12-04 08:50:00,-0.28384686,low-flow
2026-12-04 09:00:00,-0.19964215,low-flow
2026-12-04 09:10:00,-0.11380885,low-flow
2026-12-04 09:20:00,-0.02692819,low-flow
2026-12-04 09:30:00,0.060417973,high-flow
2026-12-04 09:40:00,0.14765005,high-flow
2026-12-04 09:50:00,0.23419344,high-flow
2026-12-04 10:00:00,0.31948116,high-flow
2026-12-04 10:10:00,0.4029565,high-flow
2026-12-04 10:20:00,0.4840758,high-flow
2026-12-04 10:30:00,0.56231153,high-flow
2026-12-04 10:40:00,0.6371551,high-flow
2026-12-04 10:50:00,0.7081202,high-flow
2026-12-04 11:00:00,0.774746,high-flow
2026-12-04 11:10:00,0.8365997,high-flow
2026-12-04 11:20:00,0.8932799,high-flow
2026-12-04 11:30:00,0.9444184,high-flow
2026-12-04 11:40:00,0.9896823,high-flow
2026-12-04 11:50:00,1.0287755,high-flow
2026-12-04 12:00:00,1.0614389,high-flow
2026-12-04 12:10:00,1.0874519,high-flow
2026-12-04 12:20:00,1.1066314,high-flow
2026-12-04 12:30:00,1.1188319,high-flow
2026-12-04 12:40:00,1.1239458,high-flow
2026-12-04 12:50:00,1.121903,high-ebb
2026-12-04 13:00:00,1.1126709,high-ebb
2026-12-04 13:10:00,1.0962561,high-ebb
2026-12-04 13:20:00,1.0727046,high-ebb
2026-12-04 13:30:00,1.0421039,high-ebb
2026-12-04 13:40:00,1.0045855,high-ebb
2026-12-04 13:50:00,0.96032673,high-ebb
2026-12-04 14:00:00,0.90955323,high-ebb
2026-12-04 14:10:00,0.85254115,high-ebb
2026-12-04 14:20:00,0.78961873,high-ebb
2026-12-04 14:30:00,0.72116697,high-ebb
2026-12-04 14:40:00,0.64761925,high-ebb
2026-12-04 14:50:00,0.5694599,high-ebb
2026-12-04 15:00:00,0.4872213,high-ebb
2026-12-04 15:10:00,0.40147936,high-ebb
2026-12-04 15:20:00,0.31284824,high-ebb
2026-12-04 15:30:00,0.22197352,high-ebb
2026-12-04 15:40:00,0.12952472,high-ebb
2026-12-04 15:50:00,0.036187198,high-ebb
2026-12-04 16:00:00,-0.057346072,low-ebb
2026-12-04 16:10:00,-0.1503827,low-ebb
2026-12-04 16:20:00,-0.24223857,low-ebb
2026-12-04 16:30:00,-0.33224487,low-ebb
2026-12-04 16:40:00,-0.41975424,low-ebb
2026-12-04 16:50:00,-0.5041459,low-ebb
2026-12-04 17:00:00,-0.58483,low-ebb
2026-12-04 17:10:00,-0.6612507,low-ebb
2026-12-04 17:20:00,-0.73288894,low-ebb
2026-12-04 17:30:00,-0.7992643,low-ebb
2026-12-04 17:40:00,-0.8599366,low-ebb
2026-12-04 17:50:00,-0.9145075,low-ebb
2026-12-04 18:00:00,-0.9626219,low-ebb
2026-12-04 18:10:00,-1.0039699,low-ebb
2026-12-04 18:20:00,-1.0382881,low-ebb
2026-12-04 18:30:00,-1.0653625,low-ebb
2026-12-04 18:40:00,-1.08503,low-ebb
2026-12-04 18:50:00,-1.0971813,low-ebb
2026-12-04 19:00:00,-1.1017627,low-ebb
2026-12-04 19:10:00,-1.0987775,low-flow
2026-12-04 19:20:00,-1.0882875,low-flow
2026-12-04 19:30:00,-1.070413,low-flow
2026-12-04 19:40:00,-1.0453323,low-flow
2026-12-04 19:50:00,-1.0132804,low-flow
2026-12-04 20:00:00,-0.9745455,low-flow
2026-12-04 20:10:00,-0.9294665,low-flow
2026-12-04 20:20:00,-0.878428,low-flow
2026-12-04 20:30:00,-0.8218556,low-flow
2026-12-04 20:40:00,-0.76021063,low-flow
2026-12-04 20:50:00,-0.6939845,low-flow
2026-12-04 21:00:00,-0.62369335,low-flow
2026-12-04 21:10:00,-0.549873,low-flow
2026-12-04 21:20:00,-0.47307378,low-flow
2026-12-04 21:30:00,-0.39385653,low-flow
2026-12-04 21:40:00,-0.31278858,low-flow
2026-12-04 21:50:00,-0.2304404,low-flow
2026-12-04 22:00:00,-0.14738256,low-flow
2026-12-04 22:10:00,-0.06418304,low-flow
2026-12-04 22:20:00,0.018595425,high-flow
2026-12-04 22:30:00,0.100397885,high-flow
2026-12-04 22:40:00,0.1806798,high-flow
2026-12-04 22:50:00,0.2589098,high-flow
2026-12-04 23:00:00,0.3345726,high-flow
2026-12-04 23:10:00,0.40717208,high-flow
2026-12-04 23:20:00,0.47623414,high-flow
2026-12-04 23:30:00,0.54130995,high-flow
2026-12-04 23:40:00,0.60197854,high-flow
2026-12-04 23:50:00,0.6578495,high-flow
2026-12-05 00:00:00,0.70856476,high-flow
2026-12-05 00:10:00,0.7538006,high-flow
2026-12-05 00:20:00,0.7932682,high-flow
2026-12-05 00:30:00,0.82671505,high-flow
2026-12-05 00:40:00,0.85392445,high-flow
2026-12-05 00:50:00,0.8747158,high-flow
2026-12-05 01:00:00,0.88894486,high-flow
2026-12-05 01:10:00,0.89650303,high-flow
2026-12-05 01:20:00,0.8973184,high-flow
2026-12-05 01:30:00,0.89135593,high-ebb
2026-12-05 01:40:00,0.87861866,high-ebb
2026-12-05 01:50:00,0.8591496,high-ebb
2026-12-05 02:00:00,0.8330336,high-ebb
2026-12-05 02:10:00,0.8004001,high-ebb
2026-12-05 02:20:00,0.76142544,high-ebb
2026-12-05 02:30:00,0.7163355,high-ebb
2026-12-05 02:40:00,0.6654079,high-ebb
2026-12-05 02:50:00,0.6089731,high-ebb
2026-12-05 03:00:00,0.5474152,high-ebb
2026-12-05 03:10:00,0.48117092,high-ebb
2026-12-05 03:20:00,0.41072777,high-ebb
2026-12-05 03:30:00,0.33662036,high-ebb
2026-12-05 03:40:00,0.25942576,high-ebb
2026-12-05 03:50:00,0.17975736,high-ebb
2026-12-05 04:00:00,0.098257825,high-ebb
2026-12-05 04:10:00,0.015591193,high-ebb
2026-12-05 04:20:00,-0.06756529,low-ebb
2026-12-05 04:30:00,-0.15052953,low-ebb
2026-12-05 04:40:00,-0.23262265,low-ebb
2026-12-05 04:50:00,-0.3131765,low-ebb
2026-12-05 05:00:00,-0.39154044,low-ebb
2026-12-05 05:10:00,-0.4670871,low-ebb
2026-12-05 05:20:00,-0.5392173,low-ebb
2026-12-05 05:30:00,-0.6073641,low-ebb
2026-12-05 05:40:00,-0.67099565,low-ebb
2026-12-05 05:50:00,-0.7296179,low-ebb
2026-12-05 06:00:00,-0.7827763,low-ebb
2026-12-05 06:10:00,-0.8300577,low-ebb
2026-12-05 06:20:00,-0.8710918,low-ebb
2026-12-05 06:30:00,-0.9055532,low-ebb
2026-12-05 06:40:00,-0.93316305,low-ebb
2026-12-05 06:50:00,-0.95369107,low-ebb
2026-12-05 07:00:00,-0.96695805,low-ebb
2026-12-05 07:10:00,-0.9728383,low-ebb
2026-12-05 07:20:00,-0.97126144,low-ebb
2026-12-05 07:30:00,-0.96221477,low-flow
2026-12-05 07:40:00,-0.9457444,low-flow
2026-12-05 07:50:00,-0.921956,low-flow
2026-12-05 08:00:00,-0.89101475,low-flow
2026-12-05 08:10:00,-0.85314393,low-flow
2026-12-05 08:20:00,-0.808623,low-flow
2026-12-05 08:30:00,-0.75778425,low-flow
2026-12-05 08:40:00,-0.7010088,low-flow
2026-12-05 08:50:00,-0.63872194,low-flow
2026-12-05 09:00:00,-0.57138777,low-flow
2026-12-05 09:10:00,-0.49950364,low-flow
2026-12-05 09:20:00,-0.42359453,low-flow
2026-12-05 09:30:00,-0.34420764,low-flow
2026-12-05 09:40:00,-0.2619071,low-flow
2026-12-05 09:50:00,-0.17726943,low-flow
2026-12-05 10:00:00,-0.09087916,low-flow
2026-12-05 10:10:00,-0.0033251948,low-flow
2026-12-05 10:20:00,0.08480251,high-flow
2026-12-05 10:30:00,0.1729159,high-flow
2026-12-05 10:40:00,0.2604316,high-flow
2026-12-05 10:50:00,0.3467734,high-flow
2026-12-05 11:00:00,0.43137512,high-flow
2026-12-05 11:10:00,0.5136832,high-flow
2026-12-05 11:20:00,0.5931596,high-flow
2026-12-05 11:30:00,0.66928494,high-flow
2026-12-05 11:40:00,0.74156123,high-flow
2026-12-05 11:50:00,0.8095154,high-flow
2026-12-05 12:00:00,0.87270194,high-flow
2026-12-05 12:10:00,0.9307057,high-flow
2026-12-05 12:20:00,0.9831442,high-flow
2026-12-05 12:30:00,1.0296696,high-flow
2026-12-05 12:40:00,1.0699701,high-flow
2026-12-05 12:50:00,1.1037707,high-flow
2026-12-05 13:00:00,1.130834,high-flow
2026-12-05 13:10:00,1.1509597,high-flow
2026-12-05 13:20:00,1.1639856,high-flow
2026-12-05 13:30:00,1.1697869,high-flow
2026-12-05 13:40:00,1.1682763,high-flow
2026-12-05 13:50:00,1.159405,high-ebb
2026-12-05 14:00:00,1.1431631,high-ebb
2026-12-05 14:10:00,1.1195816,high-ebb
2026-12-05 14:20:00,1.0887338,high-ebb
2026-12-05 14:30:00,1.0507381,high-ebb
2026-12-05 14:40:00,1.0057601,high-ebb
2026-12-05 14:50:00,0.9540156,high-ebb
2026-12-05 15:00:00,0.89577293,high-ebb
2026-12-05 15:10:00,0.8313544,high-ebb
2026-12-05 15:20:00,0.76113737,high-ebb
2026-12-05 15:30:00,0.6855543,high-ebb
2026-12-05 15:40:00,0.6050913,high-ebb
2026-12-05 15:50:00,0.5202848,high-ebb
2026-12-05 16:00:00,0.43171817,high-ebb
2026-12-05 16:10:00,0.3400156,high-ebb
2026-12-05 16:20:00,0.24583542,high-ebb
2026-12-05 16:30:00,0.14986277,high-ebb
2026-12-05 16:40:00,0.0528011,high-ebb
2026-12-05 16:50:00,-0.044636194,low-ebb
2026-12-05 17:00:00,-0.14173417,low-ebb
2026-12-05 17:10:00,-0.23778439,low-ebb
2026-12-05 17:20:00,-0.3320922,low-ebb
2026-12-05 17:30:00,-0.4239833,low-ebb
2026-12-05 17:40:00,-0.5128092,low-ebb
2026-12-05 17:50:00,-0.59795207,low-ebb
2026-12-05 18:00:00,-0.67882776,low-ebb
2026-12-05 18:10:00,-0.75488955,low-ebb
2026-12-05 18:20:00,-0.8256298,low-ebb
2026-12-05 18:30:00,-0.89058197,low-ebb
2026-12-05 18:40:00,-0.94932276,low-ebb
2026-12-05 18:50:00,-1.0014734,low-ebb
2026-12-05 19:00:00,-1.0467018,low-ebb
2026-12-05 19:10:00,-1.0847243,low-ebb
2026-12-05 19:20:00,-1.1153084,low-ebb
2026-12-05 19:30:00,-1.1382743,low-ebb
2026-12-05 19:40:00,-1.1534983,low-ebb
2026-12-05 19:50:00,-1.1609138,low-ebb
2026-12-05 20:00:00,-1.1605139,low-ebb
2026-12-05 20:10:00,-1.1523515,low-flow
2026-12-05 20:20:00,-1.1365407,low-flow
2026-12-05 20:30:00,-1.1132549,low-flow
2026-12-05 20:40:00,-1.0827261,low-flow
2026-12-05 20:50:00,-1.0452418,low-flow
2026-12-05 21:00:00,-1.0011412,low-flow
2026-12-05 21:10:00,-0.9508112,low-flow
2026-12-05 21:20:00,-0.89468086,low-flow
2026-12-05 21:30:00,-0.8332163,low-flow
2026-12-05 21:40:00,-0.7669149,low-flow
2026-12-05 21:50:00,-0.6962999,low-flow
2026-12-05 22:00:00,-0.62191474,low-flow
2026-12-05 22:10:00,-0.54431856,low-flow
2026-12-05 22:20:00,-0.46408132,low-flow
2026-12-05 22:30:00,-0.3817802,low-flow
2026-12-05 22:40:00,-0.29799592,low-flow
2026-12-05 22:50:00,-0.21330976,low-flow
2026-12-05 23:00:00,-0.12830074,low-flow
2026-12-05 23:10:00,-0.04354303,low-flow
2026-12-05 23:20:00,0.04039663,high-flow
2026-12-05 23:30:00,0.12296156,high-flow
2026-12-05 23:40:00,0.20360789,high-flow
2026-12-05 23:50:00,0.28180745,high-flow
2026-12-06 00:00:00,0.3570508,high-flow
2026-12-06 00:10:00,0.4288503,high-flow
2026-12-06 00:20:00,0.49674302,high-flow
2026-12-06 00:30:00,0.5602938,high-flow
2026-12-06 00:40:00,0.6190976,high-flow
2026-12-06 00:50:00,0.6727816,high-flow
2026-12-06 01:00:00,0.72100717,high-flow
2026-12-06 01:10:00,0.76347095,high-flow
2026-12-06 01:20:00,0.7999054,high-flow
2026-12-06 01:30:00,0.8300795,high-flow
2026-12-06 01:40:00,0.8537987,high-flow
2026-12-06 01:50:00,0.8709049,high-flow
2026-12-06 02:00:00,0.881277,high-flow
2026-12-06 02:10:00,0.8848307,high-flow
2026-12-06 02:20:00,0.88151973,high-ebb
2026-12-06 02:30:00,0.87133694,high-ebb
2026-12-06 02:40:00,0.85431606,high-ebb
2026-12-06 02:50:00,0.8305341,high-ebb
2026-12-06 03:00:00,0.80011374,high-ebb
2026-12-06 03:10:00,0.76322603,high-ebb
2026-12-06 03:20:00,0.720093,high-ebb
2026-12-06 03:30:00,0.6709897,high-ebb
2026-12-06 03:40:00,0.61624587,high-ebb
2026-12-06 03:50:00,0.5562462,high-ebb
2026-12-06 04:00:00,0.4914298,high-ebb
2026-12-06 04:10:00,0.4222879,high-ebb
2026-12-06 04:20:00,0.34936053,high-ebb
2026-12-06 04:30:00,0.2732316,high-ebb
2026-12-06 04:40:00,0.19452265,high-ebb
2026-12-06 04:50:00,0.11388579,high-ebb
2026-12-06 05:00:00,0.031995557,high-ebb
2026-12-06 05:10:00,-0.050459437,low-ebb
2026-12-06 05:20:00,-0.13278507,low-ebb
2026-12-06 05:30:00,-0.21429001,low-ebb
2026-12-06 05:40:00,-0.29429346,low-ebb
2026-12-06 05:50:00,-0.37213218,low-ebb
2026-12-06 06:00:00,-0.44716662,low-ebb
2026-12-06 06:10:00,-0.51878595,low-ebb
2026-12-06 06:20:00,-0.58641225,low-ebb
2026-12-06 06:30:00,-0.64950377,low-ebb
2026-12-06 06:40:00,-0.70755756,low-ebb
2026-12-06 06:50:00,-0.76011163,low-ebb
2026-12-06 07:00:00,-0.8067464,low-ebb
2026-12-06 07:10:00,-0.847087,low-ebb
2026-12-06 07:20:00,-0.8808043,low-ebb
2026-12-06 07:30:00,-0.9076174,low-ebb
2026-12-06 07:40:00,-0.92729527,low-ebb
2026-12-06 07:50:00,-0.9396593,low-ebb
2026-12-06 08:00:00,-0.9445855,low-ebb
2026-12-06 08:10:00,-0.94200635,low-flow
2026-12-06 08:20:00,-0.9319131,low-flow
2026-12-06 08:30:00,-0.9143566,low-flow
2026-12-06 08:40:00,-0.8894482,low-flow
2026-12-06 08:50:00,-0.8573596,low-flow
2026-12-06 09:00:00,-0.8183211,low-flow
2026-12-06 09:10:00,-0.7726198,low-flow
2026-12-06 09:20:00,-0.7205961,low-flow
2026-12-06 09:30:00,-0.66263974,low-flow
2026-12-06 09:40:00,-0.5991848,low-flow
2026-12-06 09:50:00,-0.53070456,low-flow
2026-12-06 10:00:00,-0.45770547,low-flow
2026-12-06 10:10:00,-0.3807219,low-flow
2026-12-06 10:20:00,-0.30031028,low-flow
2026-12-06 10:30:00,-0.21704406,low-flow
2026-12-06 10:40:00,-0.13150877,low-flow
2026-12-06 10:50:00,-0.044297937,low-flow
2026-12-06 11:00:00,0.043990854,high-flow
2026-12-06 11:10:00,0.1327592,high-flow
2026-12-06 11:20:00,0.22141084,high-flow
2026-12-06 11:30:00,0.3093545,high-flow
2026-12-06 11:40:00,0.3960064,high-flow
2026-12-06 11:50:00,0.4807931,high-flow
2026-12-06 12:00:00,0.5631539,high-flow
2026-12-06 12:10:00,0.6425443,high-flow
2026-12-06 12:20:00,0.7184384,high-flow
2026-12-06 12:30:00,0.7903325,high-flow
2026-12-06 12:40:00,0.8577479,high-flow
2026-12-06 12:50:00,0.9202343,high-flow
2026-12-06 13:00:00,0.97737217,high-flow
2026-12-06 13:10:00,1.0287753,high-flow
2026-12-06 13:20:00,1.0740933,high-flow
2026-12-06 13:30:00,1.1130124,high-flow
2026-12-06 13:40:00,1.1452566,high-flow
2026-12-06 13:50:00,1.1705891,high-flow
2026-12-06 14:00:00,1.1888114,high-flow
2026-12-06 14:10:00,1.199764,high-flow
2026-12-06 14:20:00,1.2033266,high-flow
2026-12-06 14:30:00,1.199418,high-ebb
2026-12-06 14:40:00,1.1879965,high-ebb
2026-12-06 14:50:00,1.1690615,high-ebb
2026-12-06 15:00:00,1.1426542,high-ebb
2026-12-06 15:10:00,1.1088597,high-ebb
2026-12-06 15:20:00,1.0678095,high-ebb
2026-12-06 15:30:00,1.0196837,high-ebb
2026-12-06 15:40:00,0.9647138,high-ebb
2026-12-06 15:50:00,0.9031845,high-ebb
2026-12-06 16:00:00,0.8354357,high-ebb
2026-12-06 16:10:00,0.7618631,high-ebb
2026-12-06 16:20:00,0.682918,high-ebb
2026-12-06 16:30:00,0.59910566,high-ebb
2026-12-06 16:40:00,0.5109824,high-ebb
2026-12-06 16:50:00,0.419151,high-ebb
2026-12-06 17:00:00,0.32425523,high-ebb
2026-12-06 17:10:00,0.2269726,high-ebb
2026-12-06 17:20:00,0.12800683,high-ebb
2026-12-06 17:30:00,0.028079243,high-ebb
2026-12-06 17:40:00,-0.07207991,low-ebb
2026-12-06 17:50:00,-0.17174007,low-ebb
2026-12-06 18:00:00,-0.27017862,low-ebb
2026-12-06 18:10:00,-0.3666883,low-ebb
2026-12-06 18:20:00,-0.46058407,low-ebb
2026-12-06 18:30:00,-0.5512087,low-ebb
2026-12-06 18:40:00,-0.6379372,low-ebb
2026-12-06 18:50:00,-0.7201811,low-ebb
2026-12-06 19:00:00,-0.7973908,low-ebb
2026-12-06 19:10:00,-0.8690583,low-ebb
2026-12-06 19:20:00,-0.9347186,low-ebb
2026-12-06 19:30:00,-0.9939518,low-ebb
2026-12-06 19:40:00,-1.0463843,low-ebb
2026-12-06 19:50:00,-1.0916909,low-ebb
2026-12-06 20:00:00,-1.1295962,low-ebb
2026-12-06 20:10:00,-1.1598772,low-ebb
2026-12-06 20:20:00,-1.1823646,low-ebb
2026-12-06 20:30:00,-1.196946,low-ebb
2026-12-06 20:40:00,-1.203567,low-ebb
2026-12-06 20:50:00,-1.2022328,low-ebb
2026-12-06 21:00:00,-1.1930095,low-flow
2026-12-06 21:10:00,-1.1760235,low-flow
2026-12-06 21:20:00,-1.1514616,low-flow
2026-12-06 21:30:00,-1.1195686,low-flow
2026-12-06 21:40:00,-1.0806446,low-flow
2026-12-06 21:50:00,-1.0350416,low-flow
2026-12-06 22:00:00,-0.9831586,low-flow
2026-12-06 22:10:00,-0.92543685,low-flow
2026-12-06 22:20:00,-0.8623542,low-flow
2026-12-06 22:30:00,-0.7944196,low-flow
2026-12-06 22:40:00,-0.7221672,low-flow
2026-12-06 22:50:00,-0.64615154,low-flow
2026-12-06 23:00:00,-0.566942,low-flow
2026-12-06 23:10:00,-0.48511887,low-flow
2026-12-06 23:20:00,-0.40126908,low-flow
2026-12-06 23:30:00,-0.31598288,low-flow
2026-12-06 23:40:00,-0.22985077,low-flow
2026-12-06 23:50:00,-0.14346062,low-flow
2026-12-07 00:00:00,-0.05739518,low-flow
2026-12-07 00:10:00,0.027770607,high-flow
2026-12-07 00:20:00,0.111472204,high-flow
2026-12-07 00:30:00,0.19315831,high-flow
2026-12-07 00:40:00,0.2722938,high-flow
2026-12-07 00:50:00,0.3483628,high-flow
2026-12-07 01:00:00,0.4208719,high-flow
2026-12-07 01:10:00,0.48935324,high-flow
2026-12-07 01:20:00,0.55336744,high-flow
2026-12-07 01:30:00,0.6125065,high-flow
2026-12-07 01:40:00,0.6663958,high-flow
2026-12-07 01:50:00,0.71469617,high-flow
2026-12-07 02:00:00,0.7571053,high-flow
2026-12-07 02:10:00,0.79335827,high-flow
2026-12-07 02:20:00,0.8232286,high-flow
2026-12-07 02:30:00,0.8465279,high-flow
2026-12-07 02:40:00,0.86310637,high-flow
2026-12-07 02:50:00,0.87285274,high-flow
2026-12-07 03:00:00,0.8756949,high-flow
2026-12-07 03:10:00,0.87160003,high-ebb
2026-12-07 03:20:00,0.86057657,high-ebb
2026-12-07 03:30:00,0.84267527,high-ebb
2026-12-07 03:40:00,0.8179913,high-ebb
2026-12-07 03:50:00,0.78666675,high-ebb
2026-12-07 04:00:00,0.7488931,high-ebb
2026-12-07 04:10:00,0.70491314,high-ebb
2026-12-07 04:20:00,0.65502334,high-ebb
2026-12-07 04:30:00,0.59957474,high-ebb
2026-12-07 04:40:00,0.5389732,high-ebb
2026-12-07 04:50:00,0.47367823,high-ebb
2026-12-07 05:00:00,0.40420097,high-ebb
2026-12-07 05:10:00,0.33110002,high-ebb
2026-12-07 05:20:00,0.2549765,high-ebb
2026-12-07 05:30:00,0.17646761,high-ebb
2026-12-07 05:40:00,0.096239045,high-ebb
2026-12-07 05:50:00,0.014976836,high-ebb
2026-12-07 06:00:00,-0.06662131,low-ebb
2026-12-07 06:10:00,-0.14785475,low-ebb
2026-12-07 06:20:00,-0.22802837,low-ebb
2026-12-07 06:30:00,-0.30646044,low-ebb
2026-12-07 06:40:00,-0.38248977,low-ebb
2026-12-07 06:50:00,-0.45548174,low-ebb
2026-12-07 07:00:00,-0.52483344,low-ebb
2026-12-07 07:10:00,-0.5899778,low-ebb
2026-12-07 07:20:00,-0.6503865,low-ebb
2026-12-07 07:30:00,-0.7055728,low-ebb
2026-12-07 07:40:00,-0.7550929,low-ebb
2026-12-07 07:50:00,-0.798548,low-ebb
2026-12-07 08:00:00,-0.83558506,low-ebb
2026-12-07 08:10:00,-0.86589867,low-ebb
2026-12-07 08:20:00,-0.88923246,low-ebb
2026-12-07 08:30:00,-0.90538085,low-ebb
2026-12-07 08:40:00,-0.91419077,low-ebb
2026-12-07 08:50:00,-0.9155637,low-ebb
2026-12-07 09:00:00,-0.9094577,low-flow
2026-12-07 09:10:00,-0.89588845,low-flow
2026-12-07 09:20:00,-0.8749309,low-flow
2026-12-07 09:30:00,-0.84671926,low-flow
2026-12-07 09:40:00,-0.81144667,low-flow
2026-12-07 09:50:00,-0.76936394,low-flow
2026-12-07 10:00:00,-0.7207771,low-flow
2026-12-07 10:10:00,-0.6660442,low-flow
2026-12-07 10:20:00,-0.605571,low-flow
2026-12-07 10:30:00,-0.53980625,low-flow
2026-12-07 10:40:00,-0.46923658,low-flow
2026-12-07 10:50:00,-0.39438048,low-flow
2026-12-07 11:00:00,-0.31578296,low-flow
2026-12-07 11:10:00,-0.23401001,low-flow
2026-12-07 11:20:00,-0.1496434,low-flow
2026-12-07 11:30:00,-0.063276075,low-flow
2026-12-07 11:40:00,0.024492176,high-flow
2026-12-07 11:50:00,0.11305833,high-flow
2026-12-07 12:00:00,0.20181942,high-flow
2026-12-07 12:10:00,0.29017553,high-flow
2026-12-07 12:20:00,0.37753248,high-flow
2026-12-07 12:30:00,0.4633044,high-flow
2026-12-07 12:40:00,0.54691654,high-flow
2026-12-07 12:50:00,0.6278079,high-flow
2026-12-07 13:00:00,0.7054345,high-flow
2026-12-07 13:10:00,0.779272,high-flow
2026-12-07 13:20:00,0.8488194,high-flow
2026-12-07 13:30:00,0.9136021,high-flow
2026-12-07 13:40:00,0.97317517,high-flow
2026-12-07 13:50:00,1.0271262,high-flow
2026-12-07 14:00:00,1.0750779,high-flow
2026-12-07 14:10:00,1.1166906,high-flow
2026-12-07 14:20:00,1.1516635,high-flow
2026-12-07 14:30:00,1.1797364,high-flow
2026-12-07 14:40:00,1.2006893,high-flow
2026-12-07 14:50:00,1.2143445,high-flow
2026-12-07 15:00:00,1.2205648,high-flow
2026-12-07 15:10:00,1.2192551,high-flow
2026-12-07 15:20:00,1.2103615,high-ebb
2026-12-07 15:30:00,1.193872,high-ebb
2026-12-07 15:40:00,1.1698174,high-ebb
2026-12-07 15:50:00,1.1382726,high-ebb
2026-12-07 16:00:00,1.0993572,high-ebb
2026-12-07 16:10:00,1.0532389,high-ebb
2026-12-07 16:20:00,1.0001342,high-ebb
2026-12-07 16:30:00,0.9403114,high-ebb
2026-12-07 16:40:00,0.8740919,high-ebb
2026-12-07 16:50:00,0.8018518,high-ebb
2026-12-07 17:00:00,0.7240217,high-ebb
2026-12-07 17:10:00,0.6410864,high-ebb
2026-12-07 17:20:00,0.5535828,high-ebb
2026-12-07 17:30:00,0.46209633,high-ebb
2026-12-07 17:40:00,0.3672564,high-ebb
2026-12-07 17:50:00,0.26973,high-ebb
2026-12-07 18:00:00,0.1702147,high-ebb
2026-12-07 18:10:00,0.06943043,high-ebb
2026-12-07 18:20:00,-0.03188921,low-ebb
2026-12-07 18:30:00,-0.13300587,low-ebb
2026-12-07 18:40:00,-0.23318513,low-ebb
2026-12-07 18:50:00,-0.33170488,low-ebb
2026-12-07 19:00:00,-0.42786282,low-ebb
2026-12-07 19:10:00,-0.5209831,low-ebb
2026-12-07 19:20:00,-0.61042184,low-ebb
2026-12-07 19:30:00,-0.6955717,low-ebb
2026-12-07 19:40:00,-0.7758652,low-ebb
2026-12-07 19:50:00,-0.8507775,low-ebb
2026-12-07 20:00:00,-0.9198281,low-ebb
2026-12-07 20:10:00,-0.98258245,low-ebb
2026-12-07 20:20:00,-1.0386529,low-ebb
2026-12-07 20:30:00,-1.0877001,low-ebb
2026-12-07 20:40:00,-1.1294339,low-ebb
2026-12-07 20:50:00,-1.1636147,low-ebb
2026-12-07 21:00:00,-1.1900555,low-ebb
2026-12-07 21:10:00,-1.2086228,low-ebb
2026-12-07 21:20:00,-1.2192389,low-ebb
2026-12-07 21:30:00,-1.221883,low-ebb
2026-12-07 21:40:00,-1.2165929,low-flow
2026-12-07 21:50:00,-1.2034649,low-flow
2026-12-07 22:00:00,-1.1826543,low-flow
2026-12-07 22:10:00,-1.1543742,low-flow
2026-12-07 22:20:00,-1.1188939,low-flow
2026-12-07 22:30:00,-1.0765355,low-flow
2026-12-07 22:40:00,-1.027671,low-flow
2026-12-07 22:50:00,-0.9727175,low-flow
2026-12-07 23:00:00,-0.91213197,low-flow
2026-12-07 23:10:00,-0.8464063,low-flow
2026-12-07 23:20:00,-0.7760614,low-flow
2026-12-07 23:30:00,-0.7016423,low-flow
2026-12-07 23:40:00,-0.6237122,low-flow
2026-12-07 23:50:00,-0.54284847,low-flow
2026-12-08 00:00:00,-0.45963773,low-flow
2026-12-08 00:10:00,-0.37467238,low-flow
2026-12-08 00:20:00,-0.288547,low-flow
2026-12-08 00:30:00,-0.20185554,low-flow
2026-12-08 00:40:00,-0.11518846,low-flow
2026-12-08 00:50:00,-0.029130237,low-flow
2026-12-08 01:00:00,0.055743314,high-flow
2026-12-08 01:10:00,0.1388677,high-flow
2026-12-08 01:20:00,0.21969268,high-flow
2026-12-08 01:30:00,0.2976852,high-flow
2026-12-08 01:40:00,0.37233284,high-flow
2026-12-08 01:50:00,0.44314694,high-flow
2026-12-08 02:00:00,0.50966614,high-flow
2026-12-08 02:10:00,0.5714593,high-flow
2026-12-08 02:20:00,0.6281286,high-flow
2026-12-08 02:30:00,0.67931217,high-flow
2026-12-08 02:40:00,0.72468585,high-flow
2026-12-08 02:50:00,0.76396483,high-flow
2026-12-08 03:00:00,0.79690486,high-flow
2026-12-08 03:10:00,0.82330257,high-flow
2026-12-08 03:20:00,0.8429957,high-flow
2026-12-08 03:30:00,0.85586345,high-flow
2026-12-08 03:40:00,0.8618262,high-flow
2026-12-08 03:50:00,0.8608458,high-flow
2026-12-08 04:00:00,0.85292614,high-ebb
2026-12-08 04:10:00,0.8381137,high-ebb
2026-12-08 04:20:00,0.8164992,high-ebb
2026-12-08 04:30:00,0.7882185,high-ebb
2026-12-08 04:40:00,0.7534552,high-ebb
2026-12-08 04:50:00,0.7124421,high-ebb
2026-12-08 05:00:00,0.66546303,high-ebb
2026-12-08 05:10:00,0.61285406,high-ebb
2026-12-08 05:20:00,0.55500424,high-ebb
2026-12-08 05:30:00,0.4923551,high-ebb
2026-12-08 05:40:00,0.4253992,high-ebb
2026-12-08 05:50:00,0.35467717,high-ebb
2026-12-08 06:00:00,0.28077337,high-ebb
2026-12-08 06:10:00,0.20431049,high-ebb
2026-12-08 06:20:00,0.12594254,high-ebb
2026-12-08 06:30:00,0.046347182,high-ebb
2026-12-08 06:40:00,-0.03378281,low-ebb
2026-12-08 06:50:00,-0.11374837,low-ebb
2026-12-08 07:00:00,-0.19285297,low-ebb
2026-12-08 07:10:00,-0.2704111,low-ebb
2026-12-08 07:20:00,-0.34575617,low-ebb
2026-12-08 07:30:00,-0.41824728,low-ebb
2026-12-08 07:40:00,-0.48727533,low-ebb
2026-12-08 07:50:00,-0.5522676,low-ebb
2026-12-08 08:00:00,-0.6126915,low-ebb
2026-12-08 08:10:00,-0.6680575,low-ebb
2026-12-08 08:20:00,-0.7179204,low-ebb
2026-12-08 08:30:00,-0.7618813,low-ebb
2026-12-08 08:40:00,-0.799588,low-ebb
2026-12-08 08:50:00,-0.83073586,low-ebb
2026-12-08 09:00:00,-0.8550687,low-ebb
2026-12-08 09:10:00,-0.8723793,low-ebb
2026-12-08 09:20:00,-0.8825111,low-ebb
2026-12-08 09:30:00,-0.8853587,low-ebb
2026-12-08 09:40:00,-0.88086987,low-flow
2026-12-08 09:50:00,-0.8690467,low-flow
2026-12-08 10:00:00,-0.8499465,low-flow
2026-12-08 10:10:00,-0.823683,low-flow
2026-12-08 10:20:00,-0.79042614,low-flow
2026-12-08 10:30:00,-0.75040144,low-flow
2026-12-08 10:40:00,-0.7038888,low-flow
2026-12-08 10:50:00,-0.65121996,low-flow
2026-12-08 11:00:00,-0.59277534,low-flow
2026-12-08 11:10:00,-0.52897996,low-flow
2026-12-08 11:20:00,-0.46029878,low-flow
2026-12-08 11:30:00,-0.38723147,low-flow
2026-12-08 11:40:00,-0.31030717,low-flow
2026-12-08 11:50:00,-0.23007903,low-flow
2026-12-08 12:00:00,-0.14711885,low-flow
2026-12-08 12:10:00,-0.062012296,low-flow
2026-12-08 12:20:00,0.024645658,high-flow
2026-12-08 12:30:00,0.11225476,high-flow
2026-12-08 12:40:00,0.200213,high-flow
2026-12-08 12:50:00,0.2879198,high-flow
2026-12-08 13:00:00,0.37477872,high-flow
2026-12-08 13:10:00,0.4602004,high-flow
2026-12-08 13:20:00,0.54360485,high-flow
2026-12-08 13:30:00,0.6244244,high-flow
2026-12-08 13:40:00,0.70210654,high-flow
2026-12-08 13:50:00,0.7761168,high-flow
2026-12-08 14:00:00,0.84594226,high-flow
2026-12-08 14:10:00,0.9110949,high-flow
2026-12-08 14:20:00,0.971115,high-flow
2026-12-08 14:30:00,1.0255748,high-flow
2026-12-08 14:40:00,1.0740813,high-flow
2026-12-08 14:50:00,1.1162795,high-flow
2026-12-08 15:00:00,1.1518544,high-flow
2026-12-08 15:10:00,1.1805336,high-flow
2026-12-08 15:20:00,1.2020875,high-flow
2026-12-08 15:30:00,1.2163312,high-flow
2026-12-08 15:40:00,1.2231241,high-flow
2026-12-08 15:50:00,1.2223701,high-flow
2026-12-08 16:00:00,1.2140179,high-ebb
2026-12-08 16:10:00,1.19806,high-ebb
2026-12-08 16:20:00,1.1745337,high-ebb
2026-12-08 16:30:00,1.1435211,high-ebb
2026-12-08 16:40:00,1.1051491,high-ebb
2026-12-08 16:50:00,1.0595915,high-ebb
2026-12-08 17:00:00,1.0070696,high-ebb
2026-12-08 17:10:00,0.9478536,high-ebb
2026-12-08 17:20:00,0.8822646,high-ebb
2026-12-08 17:30:00,0.81067497,high-ebb
2026-12-08 17:40:00,0.7335091,high-ebb
2026-12-08 17:50:00,0.65124315,high-ebb
2026-12-08 18:00:00,0.5644036,high-ebb
2026-12-08 18:10:00,0.47356445,high-ebb
2026-12-08 18:20:00,0.37934348,high-ebb
2026-12-08 18:30:00,0.28239676,high-ebb
2026-12-08 18:40:00,0.18341225,high-ebb
2026-12-08 18:50:00,0.08310203,high-ebb
2026-12-08 19:00:00,-0.017805945,low-ebb
2026-12-08 19:10:00,-0.11857681,low-ebb
2026-12-08 19:20:00,-0.21847773,low-ebb
2026-12-08 19:30:00,-0.31678665,low-ebb
2026-12-08 19:40:00,-0.41280046,low-ebb
2026-12-08 19:50:00,-0.5058424,low-ebb
2026-12-08 20:00:00,-0.59526825,low-ebb
2026-12-08 20:10:00,-0.68047154,low-ebb
2026-12-08 20:20:00,-0.76088756,low-ebb
2026-12-08 20:30:00,-0.8359961,low-ebb
2026-12-08 20:40:00,-0.90532357,low-ebb
2026-12-08 20:50:00,-0.9684439,low-ebb
2026-12-08 21:00:00,-1.0249796,low-ebb
2026-12-08 21:10:00,-1.0746015,low-ebb
2026-12-08 21:20:00,-1.11703,low-ebb
2026-12-08 21:30:00,-1.1520345,low-ebb
2026-12-08 21:40:00,-1.1794345,low-ebb
2026-12-08 21:50:00,-1.1991003,low-ebb
2026-12-08 22:00:00,-1.2109541,low-ebb
2026-12-08 22:10:00,-1.214971,low-ebb
2026-12-08 22:20:00,-1.2111799,low-flow
2026-12-08 22:30:00,-1.1996648,low-flow
2026-12-08 22:40:00,-1.1805648,low-flow
2026-12-08 22:50:00,-1.1540731,low-flow
2026-12-08 23:00:00,-1.1204375,low-flow
2026-12-08 23:10:00,-1.0799572,low-flow
2026-12-08 23:20:00,-1.0329808,low-flow
2026-12-08 23:30:00,-0.9799021,low-flow
2026-12-08 23:40:00,-0.92115676,low-flow
2026-12-08 23:50:00,-0.8572167,low-flow
2026-12-09 00:00:00,-0.78858566,low-flow
2026-12-09 00:10:00,-0.71579343,low-flow
2026-12-09 00:20:00,-0.639391,low-flow
2026-12-09 00:30:00,-0.55994564,low-flow
2026-12-09 00:40:00,-0.47803637,low-flow
2026-12-09 00:50:00,-0.39424974,low-flow
2026-12-09 01:00:00,-0.3091764,low-flow
2026-12-09 01:10:00,-0.22340782,low-flow
2026-12-09 01:20:00,-0.13753343,low-flow
2026-12-09 01:30:00,-0.05213799,low-flow
2026-12-09 01:40:00,0.032201022,high-flow
2026-12-09 01:50:00,0.11491599,high-flow
2026-12-09 02:00:00,0.19545196,high-flow
2026-12-09 02:10:00,0.27326965,high-flow
2026-12-09 02:20:00,0.3478487,high-flow
2026-12-09 02:30:00,0.41869104,high-flow
2026-12-09 02:40:00,0.4853246,high-flow
2026-12-09 02:50:00,0.5473067,high-flow
2026-12-09 03:00:00,0.60422784,high-flow
2026-12-09 03:10:00,0.65571433,high-flow
2026-12-09 03:20:00,0.70143163,high-flow
2026-12-09 03:30:00,0.7410863,high-flow
2026-12-09 03:40:00,0.77442753,high-flow
2026-12-09 03:50:00,0.80124867,high-flow
2026-12-09 04:00:00,0.82138747,high-flow
2026-12-09 04:10:00,0.8347262,high-flow
2026-12-09 04:20:00,0.8411919,high-flow
2026-12-09 04:30:00,0.8407557,high-flow
2026-12-09 04:40:00,0.833433,high-ebb
2026-12-09 04:50:00,0.81928307,high-ebb
2026-12-09 05:00:00,0.79840964,high-ebb
2026-12-09 05:10:00,0.77096134,high-ebb
2026-12-09 05:20:00,0.7371326,high-ebb
2026-12-09 05:30:00,0.69716465,high-ebb
2026-12-09 05:40:00,0.6513466,high-ebb
2026-12-09 05:50:00,0.6000167,high-ebb
2026-12-09 06:00:00,0.54356235,high-ebb
2026-12-09 06:10:00,0.48242012,high-ebb
2026-12-09 06:20:00,0.41707474,high-ebb
2026-12-09 06:30:00,0.3480566,high-ebb
2026-12-09 06:40:00,0.2759384,high-ebb
2026-12-09 06:50:00,0.20133011,high-ebb
2026-12-09 07:00:00,0.124873154,high-ebb
2026-12-09 07:10:00,0.047233034,high-ebb
2026-12-09 07:20:00,-0.030908667,low-ebb
2026-12-09 07:30:00,-0.10886296,low-ebb
2026-12-09 07:40:00,-0.18594232,low-ebb
2026-12-09 07:50:00,-0.2614695,low-ebb
2026-12-09 08:00:00,-0.33478576,low-ebb
2026-12-09 08:10:00,-0.40525848,low-ebb
2026-12-09 08:20:00,-0.47228763,low-ebb
2026-12-09 08:30:00,-0.53531116,low-ebb
2026-12-09 08:40:00,-0.5938093,low-ebb
2026-12-09 08:50:00,-0.64730716,low-ebb
2026-12-09 09:00:00,-0.6953771,low-ebb
2026-12-09 09:10:00,-0.7376395,low-ebb
2026-12-09 09:20:00,-0.77376294,low-ebb
2026-12-09 09:30:00,-0.8034647,low-ebb
2026-12-09 09:40:00,-0.82651013,low-ebb
2026-12-09 09:50:00,-0.84271246,low-ebb
2026-12-09 10:00:00,-0.8519331,low-ebb
2026-12-09 10:10:00,-0.8540818,low-ebb
2026-12-09 10:20:00,-0.849117,low-flow
2026-12-09 10:30:00,-0.8370466,low-flow
2026-12-09 10:40:00,-0.81792915,low-flow
2026-12-09 10:50:00,-0.7918739,low-flow
2026-12-09 11:00:00,-0.7590417,low-flow
2026-12-09 11:10:00,-0.7196447,low-flow
2026-12-09 11:20:00,-0.6739458,low-flow
2026-12-09 11:30:00,-0.6222569,low-flow
2026-12-09 11:40:00,-0.5649369,low-flow
2026-12-09 11:50:00,-0.5023886,low-flow
2026-12-09 12:00:00,-0.43505487,low-flow
2026-12-09 12:10:00,-0.36341414,low-flow
2026-12-09 12:20:00,-0.28797585,low-flow
2026-12-09 12:30:00,-0.20927514,low-flow
2026-12-09 12:40:00,-0.12786804,low-flow
2026-12-09 12:50:00,-0.04432638,low-flow
2026-12-09 13:00:00,0.040766664,high-flow
2026-12-09 13:10:00,0.12682086,high-flow
2026-12-09 13:20:00,0.21324262,high-flow
2026-12-09 13:30:00,0.29943836,high-flow
2026-12-09 13:40:00,0.38481748,high-flow
2026-12-09 13:50:00,0.46879506,high-flow
2026-12-09 14:00:00,0.5507946,high-flow
2026-12-09 14:10:00,0.63025045,high-flow
2026-12-09 14:20:00,0.7066108,high-flow
2026-12-09 14:30:00,0.77934057,high-flow
2026-12-09 14:40:00,0.8479247,high-flow
2026-12-09 14:50:00,0.9118715,high-flow
2026-12-09 15:00:00,0.97071654,high-flow
2026-12-09 15:10:00,1.0240262,high-flow
2026-12-09 15:20:00,1.0714016,high-flow
2026-12-09 15:30:00,1.1124817,high-flow
2026-12-09 15:40:00,1.1469468,high-flow
2026-12-09 15:50:00,1.1745207,high-flow
2026-12-09 16:00:00,1.1949735,high-flow
2026-12-09 16:10:00,1.2081217,high-flow
2026-12-09 16:20:00,1.2138301,high-flow
2026-12-09 16:30:00,1.2120118,high-flow
2026-12-09 16:40:00,1.2026275,high-ebb
2026-12-09 16:50:00,1.1856858,high-ebb
2026-12-09 17:00:00,1.161242,high-ebb
2026-12-09 17:10:00,1.1293979,high-ebb
2026-12-09 17:20:00,1.0903016,high-ebb
2026-12-09 17:30:00,1.0441475,high-ebb
2026-12-09 17:40:00,0.9911758,high-ebb
2026-12-09 17:50:00,0.9316739,high-ebb
2026-12-09 18:00:00,0.86597645,high-ebb
2026-12-09 18:10:00,0.7944659,high-ebb
2026-12-09 18:20:00,0.71757257,high-ebb
2026-12-09 18:30:00,0.6357744,high-ebb
2026-12-09 18:40:00,0.5495958,high-ebb
2026-12-09 18:50:00,0.45960513,high-ebb
2026-12-09 19:00:00,0.36641192,high-ebb
2026-12-09 19:10:00,0.2706618,high-ebb
2026-12-09 19:20:00,0.17303087,high-ebb
2026-12-09 19:30:00,0.07421879,high-ebb
2026-12-09 19:40:00,-0.025059182,low-ebb
2026-12-09 19:50:00,-0.12408068,low-ebb
2026-12-09 20:00:00,-0.22212513,low-ebb
2026-12-09 20:10:00,-0.31848264,low-ebb
2026-12-09 20:20:00,-0.41246253,low-ebb
2026-12-09 20:30:00,-0.50340104,low-ebb
2026-12-09 20:40:00,-0.59066826,low-ebb
2026-12-09 20:50:00,-0.67367387,low-ebb
2026-12-09 21:00:00,-0.7518714,low-ebb
2026-12-09 21:10:00,-0.8247617,low-ebb
2026-12-09 21:20:00,-0.8918945,low-ebb
2026-12-09 21:30:00,-0.95286983,low-ebb
2026-12-09 21:40:00,-1.0073378,low-ebb
2026-12-09 21:50:00,-1.0549986,low-ebb
2026-12-09 22:00:00,-1.0956017,low-ebb
2026-12-09 22:10:00,-1.1289449,low-ebb
2026-12-09 22:20:00,-1.1548742,low-ebb
2026-12-09 22:30:00,-1.1732832,low-ebb
2026-12-09 22:40:00,-1.1841133,low-ebb
2026-12-09 22:50:00,-1.1873538,low-ebb
2026-12-09 23:00:00,-1.1830426,low-flow
2026-12-09 23:10:00,-1.1712664,low-flow
2026-12-09 23:20:00,-1.1521616,low-flow
2026-12-09 23:30:00,-1.1259141,low-flow
2026-12-09 23:40:00,-1.0927588,low-flow
2026-12-09 23:50:00,-1.0529788,low-flow
2026-12-10 00:00:00,-1.0069038,low-flow
2026-12-10 00:10:00,-0.9549068,low-flow
2026-12-10 00:20:00,-0.8974021,low-flow
2026-12-10 00:30:00,-0.83484,low-flow
2026-12-10 00:40:00,-0.7677034,low-flow
2026-12-10 00:50:00,-0.69650286,low-flow
2026-12-10 01:00:00,-0.6217716,low-flow
2026-12-10 01:10:00,-0.54406077,low-flow
2026-12-10 01:20:00,-0.4639353,low-flow
2026-12-10 01:30:00,-0.3819691,low-flow
2026-12-10 01:40:00,-0.29874188,low-flow
2026-12-10 01:50:00,-0.2148353,low-flow
2026-12-10 02:00:00,-0.13083027,low-flow
2026-12-10 02:10:00,-0.047303997,low-flow
2026-12-10 02:20:00,0.035172496,high-flow
2026-12-10 02:30:00,0.11603701,high-flow
2026-12-10 02:40:00,0.19473885,high-flow
2026-12-10 02:50:00,0.27074176,high-flow
2026-12-10 03:00:00,0.34352708,high-flow
2026-12-10 03:10:00,0.41259727,high-flow
2026-12-10 03:20:00,0.47747946,high-flow
2026-12-10 03:30:00,0.53772956,high-flow
2026-12-10 03:40:00,0.59293586,high-flow
2026-12-10 03:50:00,0.64272296,high-flow
2026-12-10 04:00:00,0.68675494,high-flow
2026-12-10 04:10:00,0.7247387,high-flow
2026-12-10 04:20:00,0.75642586,high-flow
2026-12-10 04:30:00,0.78161496,high-flow
2026-12-10 04:40:00,0.80015224,high-flow
2026-12-10 04:50:00,0.8119322,high-flow
2026-12-10 05:00:00,0.8168974,high-flow
2026-12-10 05:10:00,0.81503826,high-ebb
2026-12-10 05:20:00,0.8063921,high-ebb
2026-12-10 05:30:00,0.79104227,high-ebb
2026-12-10 05:40:00,0.76911783,high-ebb
2026-12-10 05:50:00,0.74079263,high-ebb
2026-12-10 06:00:00,0.70628524,high-ebb
2026-12-10 06:10:00,0.6658589,high-ebb
2026-12-10 06:20:00,0.6198216,high-ebb
2026-12-10 06:30:00,0.5685261,high-ebb
2026-12-10 06:40:00,0.5123701,high-ebb
2026-12-10 06:50:00,0.45179567,high-ebb
2026-12-10 07:00:00,0.38728818,high-ebb
2026-12-10 07:10:00,0.31937432,high-ebb
2026-12-10 07:20:00,0.24861908,high-ebb
2026-12-10 07:30:00,0.17562167,high-ebb
2026-12-10 07:40:00,0.10101015,high-ebb
2026-12-10 07:50:00,0.02543493,high-ebb
2026-12-10 08:00:00,-0.050438665,low-ebb
2026-12-10 08:10:00,-0.12593855,low-ebb
2026-12-10 08:20:00,-0.20039453,low-ebb
2026-12-10 08:30:00,-0.27314702,low-ebb
2026-12-10 08:40:00,-0.3435555,low-ebb
2026-12-10 08:50:00,-0.41100645,low-ebb
2026-12-10 09:00:00,-0.4749202,low-ebb
2026-12-10 09:10:00,-0.5347569,low-ebb
2026-12-10 09:20:00,-0.590021,low-ebb
2026-12-10 09:30:00,-0.64026463,low-ebb
2026-12-10 09:40:00,-0.68508947,low-ebb
2026-12-10 09:50:00,-0.7241477,low-ebb
2026-12-10 10:00:00,-0.75714207,low-ebb
2026-12-10 10:10:00,-0.783825,low-ebb
2026-12-10 10:20:00,-0.80399746,low-ebb
2026-12-10 10:30:00,-0.81750804,low-ebb
2026-12-10 10:40:00,-0.8242512,low-ebb
2026-12-10 10:50:00,-0.8241669,low-ebb
2026-12-10 11:00:00,-0.8172395,low-flow
2026-12-10 11:10:00,-0.8034982,low-flow
2026-12-10 11:20:00,-0.7830163,low-flow
2026-12-10 11:30:00,-0.75591224,low-flow
2026-12-10 11:40:00,-0.72234935,low-flow
2026-12-10 11:50:00,-0.68253654,low-flow
2026-12-10 12:00:00,-0.63672775,low-flow
2026-12-10 12:10:00,-0.5852213,low-flow
2026-12-10 12:20:00,-0.5283588,low-flow
2026-12-10 12:30:00,-0.466523,low-flow
2026-12-10 12:40:00,-0.40013477,low-flow
2026-12-10 12:50:00,-0.32965022,low-flow
2026-12-10 13:00:00,-0.25555623,low-flow
2026-12-10 13:10:00,-0.17836636,low-flow
2026-12-10 13:20:00,-0.09861621,low-flow
2026-12-10 13:30:00,-0.016858747,low-flow
2026-12-10 13:40:00,0.066340156,high-flow
2026-12-10 13:50:00,0.15040594,high-flow
2026-12-10 14:00:00,0.23475927,high-flow
2026-12-10 14:10:00,0.3188195,high-flow
2026-12-10 14:20:00,0.40200785,high-flow
2026-12-10 14:30:00,0.48375028,high-flow
2026-12-10 14:40:00,0.56348014,high-flow
2026-12-10 14:50:00,0.64064074,high-flow
2026-12-10 15:00:00,0.7146883,high-flow
2026-12-10 15:10:00,0.7850946,high-flow
2026-12-10 15:20:00,0.8513503,high-flow
2026-12-10 15:30:00,0.91296834,high-flow
2026-12-10 15:40:00,0.9694878,high-flow
2026-12-10 15:50:00,1.0204777,high-flow
2026-12-10 16:00:00,1.065541,high-flow
2026-12-10 16:10:00,1.104319,high-flow
2026-12-10 16:20:00,1.1364942,high-flow
2026-12-10 16:30:00,1.1617943,high-flow
2026-12-10 16:40:00,1.1799946,high-flow
2026-12-10 16:50:00,1.19092,high-flow
2026-12-10 17:00:00,1.1944467,high-flow
2026-12-10 17:10:00,1.190502,high-ebb
2026-12-10 17:20:00,1.1790652,high-ebb
2026-12-10 17:30:00,1.1601665,high-ebb
2026-12-10 17:40:00,1.1338861,high-ebb
2026-12-10 17:50:00,1.1003528,high-ebb
2026-12-10 18:00:00,1.0597434,high-ebb
2026-12-10 18:10:00,1.012281,high-ebb
2026-12-10 18:20:00,0.95823413,high-ebb
2026-12-10 18:30:00,0.8979162,high-ebb
2026-12-10 18:40:00,0.83168465,high-ebb
2026-12-10 18:50:00,0.75994074,high-ebb
2026-12-10 19:00:00,0.68312895,high-ebb
2026-12-10 19:10:00,0.6017359,high-ebb
2026-12-10 19:20:00,0.5162895,high-ebb
2026-12-10 19:30:00,0.42735645,high-ebb
2026-12-10 19:40:00,0.3355398,high-ebb
2026-12-10 19:50:00,0.24147446,high-ebb
2026-12-10 20:00:00,0.14582264,high-ebb
2026-12-10 20:10:00,0.049267244,high-ebb
2026-12-10 20:20:00,-0.04749505,low-ebb
2026-12-10 20:30:00,-0.14376181,low-ebb
2026-12-10 20:40:00,-0.23883335,low-ebb
2026-12-10 20:50:00,-0.33202133,low-ebb
2026-12-10 21:00:00,-0.4226573,low-ebb
2026-12-10 21:10:00,-0.5101007,low-ebb
2026-12-10 21:20:00,-0.5937461,low-ebb
2026-12-10 21:30:00,-0.6730291,low-ebb
2026-12-10 21:40:00,-0.7474314,low-ebb
2026-12-10 21:50:00,-0.8164841,low-ebb
2026-12-10 22:00:00,-0.87977,low-ebb
2026-12-10 22:10:00,-0.9369243,low-ebb
2026-12-10 22:20:00,-0.9876347,low-ebb
2026-12-10 22:30:00,-1.0316405,low-ebb
2026-12-10 22:40:00,-1.0687306,low-ebb
2026-12-10 22:50:00,-1.0987424,low-ebb
2026-12-10 23:00:00,-1.1215597,low-ebb
2026-12-10 23:10:00,-1.1371113,low-ebb
2026-12-10 23:20:00,-1.1453698,low-ebb
2026-12-10 23:30:00,-1.1463507,low-ebb
2026-12-10 23:40:00,-1.1401126,low-flow
2026-12-10 23:50:00,-1.1267563,low-flow
2026-12-11 00:00:00,-1.1064259,low-flow
2026-12-11 00:10:00,-1.0793083,low-flow
2026-12-11 00:20:00,-1.0456336,low-flow
2026-12-11 00:30:00,-1.0056747,low-flow
2026-12-11 00:40:00,-0.9597464,low-flow
2026-12-11 00:50:00,-0.9082037,low-flow
2026-12-11 01:00:00,-0.8514399,low-flow
2026-12-11 01:10:00,-0.7898835,low-flow
2026-12-11 01:20:00,-0.723995,low-flow
2026-12-11 01:30:00,-0.6542625,low-flow
2026-12-11 01:40:00,-0.58119804,low-flow
2026-12-11 01:50:00,-0.50533295,low-flow
2026-12-11 02:00:00,-0.42721337,low-flow
2026-12-11 02:10:00,-0.3473963,low-flow
2026-12-11 02:20:00,-0.26644564,low-flow
2026-12-11 02:30:00,-0.18492863,low-flow
2026-12-11 02:40:00,-0.1034127,low-flow
2026-12-11 02:50:00,-0.022462504,low-flow
2026-12-11 03:00:00,0.057362765,high-flow
2026-12-11 03:10:00,0.13551202,high-flow
2026-12-11 03:20:00,0.21144494,high-flow
2026-12-11 03:30:00,0.2846349,high-flow
2026-12-11 03:40:00,0.35457188,high-flow
2026-12-11 03:50:00,0.4207662,high-flow
2026-12-11 04:00:00,0.48275194,high-flow
2026-12-11 04:10:00,0.54009104,high-flow
2026-12-11 04:20:00,0.5923775,high-flow
2026-12-11 04:30:00,0.6392412,high-flow
2026-12-11 04:40:00,0.6803522,high-flow
2026-12-11 04:50:00,0.71542406,high-flow
2026-12-11 05:00:00,0.7442168,high-flow
2026-12-11 05:10:00,0.76653963,high-flow
2026-12-11 05:20:00,0.7822522,high-flow
2026-12-11 05:30:00,0.7912657,high-flow
2026-12-11 05:40:00,0.79354304,high-flow
2026-12-11 05:50:00,0.78909796,high-ebb
2026-12-11 06:00:00,0.7779945,high-ebb
2026-12-11 06:10:00,0.7603453,high-ebb
2026-12-11 06:20:00,0.7363099,high-ebb
2026-12-11 06:30:00,0.70609367,high-ebb
2026-12-11 06:40:00,0.6699458,high-ebb
2026-12-11 06:50:00,0.62815833,high-ebb
2026-12-11 07:00:00,0.58106506,high-ebb
2026-12-11 07:10:00,0.52904046,high-ebb
2026-12-11 07:20:00,0.4724989,high-ebb
2026-12-11 07:30:00,0.41189364,high-ebb
2026-12-11 07:40:00,0.34771547,high-ebb
2026-12-11 07:50:00,0.28049064,high-ebb
2026-12-11 08:00:00,0.21077839,high-ebb
2026-12-11 08:10:00,0.13916717,high-ebb
2026-12-11 08:20:00,0.06627017,high-ebb
2026-12-11 08:30:00,-0.0072804578,low-ebb
2026-12-11 08:40:00,-0.08084017,low-ebb
2026-12-11 08:50:00,-0.15375951,low-ebb
2026-12-11 09:00:00,-0.22539215,low-ebb
2026-12-11 09:10:00,-0.29510322,low-ebb
2026-12-11 09:20:00,-0.3622776,low-ebb
2026-12-11 09:30:00,-0.42632788,low-ebb
2026-12-11 09:40:00,-0.48670143,low-ebb
2026-12-11 09:50:00,-0.5428867,low-ebb
2026-12-11 10:00:00,-0.59441787,low-ebb
2026-12-11 10:10:00,-0.640879,low-ebb
2026-12-11 10:20:00,-0.6819056,low-ebb
2026-12-11 10:30:00,-0.7171861,low-ebb
2026-12-11 10:40:00,-0.74646115,low-ebb
2026-12-11 10:50:00,-0.76952267,low-ebb
2026-12-11 11:00:00,-0.7862122,low-ebb
2026-12-11 11:10:00,-0.79641825,low-ebb
2026-12-11 11:20:00,-0.8000744,low-ebb
2026-12-11 11:30:00,-0.79715705,low-flow
2026-12-11 11:40:00,-0.78768367,low-flow
2026-12-11 11:50:00,-0.77171135,low-flow
2026-12-11 12:00:00,-0.7493362,low-flow
2026-12-11 12:10:00,-0.7206928,low-flow
2026-12-11 12:20:00,-0.68595433,low-flow
2026-12-11 12:30:00,-0.6453324,low-flow
2026-12-11 12:40:00,-0.5990775,low-flow
2026-12-11 12:50:00,-0.5474788,low-flow
2026-12-11 13:00:00,-0.4908634,low-flow
2026-12-11 13:10:00,-0.42959574,low-flow
2026-12-11 13:20:00,-0.36407545,low-flow
2026-12-11 13:30:00,-0.29473537,low-flow
2026-12-11 13:40:00,-0.22203834,low-flow
2026-12-11 13:50:00,-0.14647388,low-flow
2026-12-11 14:00:00,-0.06855413,low-flow
2026-12-11 14:10:00,0.011190166,high-flow
2026-12-11 14:20:00,0.09221398,high-flow
2026-12-11 14:30:00,0.17396209,high-flow
2026-12-11 14:40:00,0.25587296,high-flow
2026-12-11 14:50:00,0.33738258,high-flow
2026-12-11 15:00:00,0.4179276,high-flow
2026-12-11 15:10:00,0.49694848,high-flow
2026-12-11 15:20:00,0.57389235,high-flow
2026-12-11 15:30:00,0.6482157,high-flow
2026-12-11 15:40:00,0.7193872,high-flow
2026-12-11 15:50:00,0.78689045,high-flow
2026-12-11 16:00:00,0.8502272,high-flow
2026-12-11 16:10:00,0.9089207,high-flow
2026-12-11 16:20:00,0.9625195,high-flow
2026-12-11 16:30:00,1.0106013,high-flow
2026-12-11 16:40:00,1.052777,high-flow
2026-12-11 16:50:00,1.0886956,high-flow
2026-12-11 17:00:00,1.1180475,high-flow
2026-12-11 17:10:00,1.1405685,high-flow
2026-12-11 17:20:00,1.1560435,high-flow
2026-12-11 17:30:00,1.1643089,high-flow
2026-12-11 17:40:00,1.1652541,high-flow
2026-12-11 17:50:00,1.1588233,high-ebb
2026-12-11 18:00:00,1.1450151,high-ebb
2026-12-11 18:10:00,1.1238825,high-ebb
2026-12-11 18:20:00,1.0955315,high-ebb
2026-12-11 18:30:00,1.0601189,high-ebb
2026-12-11 18:40:00,1.0178512,high-ebb
2026-12-11 18:50:00,0.96898204,high-ebb
2026-12-11 19:00:00,0.9138101,high-ebb
2026-12-11 19:10:00,0.85267687,high-ebb
2026-12-11 19:20:00,0.7859655,high-ebb
2026-12-11 19:30:00,0.71409863,high-ebb
2026-12-11 19:40:00,0.6375372,high-ebb
2026-12-11 19:50:00,0.5567786,high-ebb
2026-12-11 20:00:00,0.47235557,high-ebb
2026-12-11 20:10:00,0.38483348,high-ebb
2026-12-11 20:20:00,0.29480806,high-ebb
2026-12-11 20:30:00,0.20290166,high-ebb
2026-12-11 20:40:00,0.109759055,high-ebb
2026-12-11 20:50:00,0.016041981,high-ebb
2026-12-11 21:00:00,-0.07757704,low-ebb
2026-12-11 21:10:00,-0.17042188,low-ebb
2026-12-11 21:20:00,-0.26182052,low-ebb
2026-12-11 21:30:00,-0.35111314,low-ebb
2026-12-11 21:40:00,-0.43766034,low-ebb
2026-12-11 21:50:00,-0.52085096,low-ebb
2026-12-11 22:00:00,-0.6001094,low-ebb
2026-12-11 22:10:00,-0.67490184,low-ebb
2026-12-11 22:20:00,-0.7447415,low-ebb
2026-12-11 22:30:00,-0.80919254,low-ebb
2026-12-11 22:40:00,-0.86787224,low-ebb
2026-12-11 22:50:00,-0.9204523,low-ebb
2026-12-11 23:00:00,-0.96665835,low-ebb
2026-12-11 23:10:00,-1.0062691,low-ebb
2026-12-11 23:20:00,-1.039114,low-ebb
2026-12-11 23:30:00,-1.0650709,low-ebb
2026-12-11 23:40:00,-1.0840629,low-ebb
2026-12-11 23:50:00,-1.0960567,low-ebb
2026-12-12 00:00:00,-1.101059,low-ebb
2026-12-12 00:10:00,-1.0991157,low-flow
2026-12-12 00:20:00,-1.0903102,low-flow
2026-12-12 00:30:00,-1.0747623,low-flow
2026-12-12 00:40:00,-1.0526286,low-flow
2026-12-12 00:50:00,-1.0241021,low-flow
2026-12-12 01:00:00,-0.9894121,low-flow
2026-12-12 01:10:00,-0.948825,low-flow
2026-12-12 01:20:00,-0.9026435,low-flow
2026-12-12 01:30:00,-0.8512064,low-flow
2026-12-12 01:40:00,-0.7948874,low-flow
2026-12-12 01:50:00,-0.734093,low-flow
2026-12-12 02:00:00,-0.66926044,low-flow
2026-12-12 02:10:00,-0.60085446,low-flow
2026-12-12 02:20:00,-0.52936405,low-flow
2026-12-12 02:30:00,-0.45529827,low-flow
2026-12-12 02:40:00,-0.37918267,low-flow
2026-12-12 02:50:00,-0.3015549,low-flow
2026-12-12 03:00:00,-0.22296096,low-flow
2026-12-12 03:10:00,-0.14395155,low-flow
2026-12-12 03:20:00,-0.06507857,low-flow
2026-12-12 03:30:00,0.013108024,high-flow
2026-12-12 03:40:00,0.090063125,high-flow
2026-12-12 03:50:00,0.16524926,high-flow
2026-12-12 04:00:00,0.2381394,high-flow
2026-12-12 04:10:00,0.3082198,high-flow
2026-12-12 04:20:00,0.37499297,high-flow
2026-12-12 04:30:00,0.43798113,high-flow
2026-12-12 04:40:00,0.4967298,high-flow
2026-12-12 04:50:00,0.55081177,high-flow
2026-12-12 05:00:00,0.59983116,high-flow
2026-12-12 05:10:00,0.6434279,high-flow
2026-12-12 05:20:00,0.6812818,high-flow
2026-12-12 05:30:00,0.7131165,high-flow
2026-12-12 05:40:00,0.7387033,high-flow
2026-12-12 05:50:00,0.7578635,high-flow
2026-12-12 06:00:00,0.7704714,high-flow
2026-12-12 06:10:00,0.77645475,high-flow
2026-12-12 06:20:00,0.775796,high-flow
2026-12-12 06:30:00,0.76853126,high-ebb
2026-12-12 06:40:00,0.75474966,high-ebb
2026-12-12 06:50:00,0.7345912,high-ebb
2026-12-12 07:00:00,0.7082447,high-ebb
2026-12-12 07:10:00,0.6759453,high-ebb
2026-12-12 07:20:00,0.63797194,high-ebb
2026-12-12 07:30:00,0.59464496,high-ebb
2026-12-12 07:40:00,0.5463237,high-ebb
2026-12-12 07:50:00,0.4934044,high-ebb
2026-12-12 08:00:00,0.43631837,high-ebb
2026-12-12 08:10:00,0.37553024,high-ebb
2026-12-12 08:20:00,0.311536,high-ebb
2026-12-12 08:30:00,0.24486093,high-ebb
2026-12-12 08:40:00,0.17605707,high-ebb
2026-12-12 08:50:00,0.10570008,high-ebb
2026-12-12 09:00:00,0.034385286,high-ebb
2026-12-12 09:10:00,-0.037277095,low-ebb
2026-12-12 09:20:00,-0.108667634,low-ebb
2026-12-12 09:30:00,-0.17916423,low-ebb
2026-12-12 09:40:00,-0.24814923,low-ebb
2026-12-12 09:50:00,-0.3150171,low-ebb
2026-12-12 10:00:00,-0.37918225,low-ebb
2026-12-12 10:10:00,-0.4400865,low-ebb
2026-12-12 10:20:00,-0.4972064,low-ebb
2026-12-12 10:30:00,-0.5500594,low-ebb
2026-12-12 10:40:00,-0.598209,low-ebb
2026-12-12 10:50:00,-0.64126915,low-ebb
2026-12-12 11:00:00,-0.678906,low-ebb
2026-12-12 11:10:00,-0.71084,low-ebb
2026-12-12 11:20:00,-0.7368449,low-ebb
2026-12-12 11:30:00,-0.756747,low-ebb
2026-12-12 11:40:00,-0.7704229,low-ebb
2026-12-12 11:50:00,-0.77779627,low-ebb
2026-12-12 12:00:00,-0.77883554,low-ebb
2026-12-12 12:10:00,-0.7735501,low-flow
2026-12-12 12:20:00,-0.7619878,low-flow
2026-12-12 12:30:00,-0.7442325,low-flow
2026-12-12 12:40:00,-0.72040224,low-flow
2026-12-12 12:50:00,-0.6906482,low-flow
2026-12-12 13:00:00,-0.655154,low-flow
2026-12-12 13:10:00,-0.6141354,low-flow
2026-12-12 13:20:00,-0.56784075,low-flow
2026-12-12 13:30:00,-0.51655096,low-flow
2026-12-12 13:40:00,-0.46057975,low-flow
2026-12-12 13:50:00,-0.40027344,low-flow
2026-12-12 14:00:00,-0.33601016,low-flow
2026-12-12 14:10:00,-0.2681987,low-flow
2026-12-12 14:20:00,-0.19727656,low-flow
2026-12-12 14:30:00,-0.12370733,low-flow
2026-12-12 14:40:00,-0.04797772,low-flow
2026-12-12 14:50:00,0.029406026,high-flow
2026-12-12 15:00:00,0.10792193,high-flow
2026-12-12 15:10:00,0.18703619,high-flow
2026-12-12 15:20:00,0.26620716,high-flow
2026-12-12 15:30:00,0.34488904,high-flow
2026-12-12 15:40:00,0.42253557,high-flow
2026-12-12 15:50:00,0.49860322,high-flow
2026-12-12 16:00:00,0.5725544,high-flow
2026-12-12 16:10:00,0.64386046,high-flow
2026-12-12 16:20:00,0.7120043,high-flow
2026-12-12 16:30:00,0.77648354,high-flow
2026-12-12 16:40:00,0.8368136,high-flow
2026-12-12 16:50:00,0.89253086,high-flow
2026-12-12 17:00:00,0.94319636,high-flow
2026-12-12 17:10:00,0.9883997,high-flow
2026-12-12 17:20:00,1.027763,high-flow
2026-12-12 17:30:00,1.0609459,high-flow
2026-12-12 17:40:00,1.0876485,high-flow
2026-12-12 17:50:00,1.1076169,high-flow
2026-12-12 18:00:00,1.1206462,high-flow
2026-12-12 18:10:00,1.1265836,high-flow
2026-12-12 18:20:00,1.1253308,high-flow
2026-12-12 18:30:00,1.1168458,high-ebb
2026-12-12 18:40:00,1.1011434,high-ebb
2026-12-12 18:50:00,1.0782945,high-ebb
2026-12-12 19:00:00,1.0484258,high-ebb
2026-12-12 19:10:00,1.0117167,high-ebb
2026-12-12 19:20:00,0.9683977,high-ebb
2026-12-12 19:30:00,0.91874725,high-ebb
2026-12-12 19:40:00,0.8630886,high-ebb
2026-12-12 19:50:00,0.8017867,high-ebb
2026-12-12 20:00:00,0.7352455,high-ebb
2026-12-12 20:10:00,0.66390496,high-ebb
2026-12-12 20:20:00,0.5882386,high-ebb
2026-12-12 20:30:00,0.5087512,high-ebb
2026-12-12 20:40:00,0.42597675,high-ebb
2026-12-12 20:50:00,0.3404756,high-ebb
2026-12-12 21:00:00,0.25283235,high-ebb
2026-12-12 21:10:00,0.1636525,high-ebb
2026-12-12 21:20:00,0.07355884,high-ebb
2026-12-12 21:30:00,-0.016813086,low-ebb
2026-12-12 21:40:00,-0.10682019,low-ebb
2026-12-12 21:50:00,-0.19581793,low-ebb
2026-12-12 22:00:00,-0.28316706,low-ebb
2026-12-12 22:10:00,-0.3682409,low-ebb
2026-12-12 22:20:00,-0.45043275,low-ebb
2026-12-12 22:30:00,-0.52916354,low-ebb
2026-12-12 22:40:00,-0.60388863,low-ebb
2026-12-12 22:50:00,-0.67410445,low-ebb
2026-12-12 23:00:00,-0.7393538,low-ebb
2026-12-12 23:10:00,-0.7992298,low-ebb
2026-12-12 23:20:00,-0.8533793,low-ebb
2026-12-12 23:30:00,-0.90150356,low-ebb
2026-12-12 23:40:00,-0.94335896,low-ebb
2026-12-12 23:50:00,-0.9787554,low-ebb
2026-12-13 00:00:00,-1.0075543,low-ebb
2026-12-13 00:10:00,-1.0296657,low-ebb
2026-12-13 00:20:00,-1.045045,low-ebb
2026-12-13 00:30:00,-1.0536894,low-ebb
2026-12-13 00:40:00,-1.0556345,low-ebb
2026-12-13 00:50:00,-1.050952,low-flow
2026-12-13 01:00:00,-1.039747,low-flow
2026-12-13 01:10:00,-1.0221566,low-flow
2026-12-13 01:20:00,-0.9983486,low-flow
2026-12-13 01:30:00,-0.9685218,low-flow
2026-12-13 01:40:00,-0.9329053,low-flow
2026-12-13 01:50:00,-0.8917595,low-flow
2026-12-13 02:00:00,-0.845376,low-flow
2026-12-13 02:10:00,-0.7940779,low-flow
2026-12-13 02:20:00,-0.7382192,low-flow
2026-12-13 02:30:00,-0.6781847,low-flow
2026-12-13 02:40:00,-0.614388,low-flow
2026-12-13 02:50:00,-0.5472697,low-flow
2026-12-13 03:00:00,-0.4772947,low-flow
2026-12-13 03:10:00,-0.4049492,low-flow
2026-12-13 03:20:00,-0.33073682,low-flow
2026-12-13 03:30:00,-0.2551752,low-flow
2026-12-13 03:40:00,-0.17879182,low-flow
2026-12-13 03:50:00,-0.10212045,low-flow
2026-12-13 04:00:00,-0.025697283,low-flow
2026-12-13 04:10:00,0.04994241,high-flow
2026-12-13 04:20:00,0.12426755,high-flow
2026-12-13 04:30:00,0.1967543,high-flow
2026-12-13 04:40:00,0.26688907,high-flow
2026-12-13 04:50:00,0.33417132,high-flow
2026-12-13 05:00:00,0.39811686,high-flow
2026-12-13 05:10:00,0.45826086,high-flow
2026-12-13 05:20:00,0.51416147,high-flow
2026-12-13 05:30:00,0.5654037,high-flow
2026-12-13 05:40:00,0.61160326,high-flow
2026-12-13 05:50:00,0.6524111,high-flow
2026-12-13 06:00:00,0.6875173,high-flow
2026-12-13 06:10:00,0.7166557,high-flow
2026-12-13 06:20:00,0.7396072,high-flow
2026-12-13 06:30:00,0.75620365,high-flow
2026-12-13 06:40:00,0.76633006,high-flow
2026-12-13 06:50:00,0.76992637,high-flow
2026-12-13 07:00:00,0.7669887,high-ebb
2026-12-13 07:10:00,0.7575686,high-ebb
2026-12-13 07:20:00,0.74177265,high-ebb
2026-12-13 07:30:00,0.7197599,high-ebb
2026-12-13 07:40:00,0.69173986,high-ebb
2026-12-13 07:50:00,0.65796906,high-ebb
2026-12-13 08:00:00,0.6187479,high-ebb
2026-12-13 08:10:00,0.57441705,high-ebb
2026-12-13 08:20:00,0.52535415,high-ebb
2026-12-13 08:30:00,0.4719707,high-ebb
2026-12-13 08:40:00,0.41470912,high-ebb
2026-12-13 08:50:00,0.35404,high-ebb
2026-12-13 09:00:00,0.29045987,high-ebb
2026-12-13 09:10:00,0.22448853,high-ebb
2026-12-13 09:20:00,0.15666676,high-ebb
2026-12-13 09:30:00,0.087553315,high-ebb
2026-12-13 09:40:00,0.017721802,high-ebb
2026-12-13 09:50:00,-0.052243397,low-ebb
2026-12-13 10:00:00,-0.12175168,low-ebb
2026-12-13 10:10:00,-0.19021165,low-ebb
2026-12-13 10:20:00,-0.25703722,low-ebb
2026-12-13 10:30:00,-0.32165423,low-ebb
2026-12-13 10:40:00,-0.38350746,low-ebb
2026-12-13 10:50:00,-0.4420676,low-ebb
2026-12-13 11:00:00,-0.49683818,low-ebb
2026-12-13 11:10:00,-0.5473618,low-ebb
2026-12-13 11:20:00,-0.5932255,low-ebb
2026-12-13 11:30:00,-0.6340651,low-ebb
2026-12-13 11:40:00,-0.6695682,low-ebb
2026-12-13 11:50:00,-0.6994758,low-ebb
2026-12-13 12:00:00,-0.7235828,low-ebb
2026-12-13 12:10:00,-0.74173653,low-ebb
2026-12-13 12:20:00,-0.753835,low-ebb
2026-12-13 12:30:00,-0.75982404,low-ebb
2026-12-13 12:40:00,-0.7596935,low-ebb
2026-12-13 12:50:00,-0.753474,low-flow
2026-12-13 13:00:00,-0.7412328,low-flow
2026-12-13 13:10:00,-0.7230712,low-flow
2026-12-13 13:20:00,-0.6991214,low-flow
2026-12-13 13:30:00,-0.66954464,low-flow
2026-12-13 13:40:00,-0.6345299,low-flow
2026-12-13 13:50:00,-0.59429324,low-flow
2026-12-13 14:00:00,-0.5490781,low-flow
2026-12-13 14:10:00,-0.49915496,low-flow
2026-12-13 14:20:00,-0.44482237,low-flow
2026-12-13 14:30:00,-0.38640714,low-flow
2026-12-13 14:40:00,-0.32426444,low-flow
2026-12-13 14:50:00,-0.25877747,low-flow
2026-12-13 15:00:00,-0.19035667,low-flow
2026-12-13 15:10:00,-0.11943798,low-flow
2026-12-13 15:20:00,-0.04648075,low-flow
2026-12-13 15:30:00,0.02803514,high-flow
2026-12-13 15:40:00,0.10361252,high-flow
2026-12-13 15:50:00,0.1797406,high-flow
2026-12-13 16:00:00,0.2558987,high-flow
2026-12-13 16:10:00,0.33156037,high-flow
2026-12-13 16:20:00,0.40619683,high-flow
2026-12-13 16:30:00,0.4792809,high-flow
2026-12-13 16:40:00,0.55029017,high-flow
2026-12-13 16:50:00,0.61871064,high-flow
2026-12-13 17:00:00,0.68403935,high-flow
2026-12-13 17:10:00,0.7457878,high-flow
2026-12-13 17:20:00,0.803485,high-flow
2026-12-13 17:30:00,0.8566804,high-flow
2026-12-13 17:40:00,0.90494794,high-flow
2026-12-13 17:50:00,0.94788915,high-flow
2026-12-13 18:00:00,0.9851374,high-flow
2026-12-13 18:10:00,1.0163622,high-flow
2026-12-13 18:20:00,1.041273,high-flow
2026-12-13 18:30:00,1.059624,high-flow
2026-12-13 18:40:00,1.0712172,high-flow
2026-12-13 18:50:00,1.0759066,high-flow
2026-12-13 19:00:00,1.0736005,high-ebb
2026-12-13 19:10:00,1.0642638,high-ebb
2026-12-13 19:20:00,1.0479186,high-ebb
2026-12-13 19:30:00,1.0246443,high-ebb
2026-12-13 19:40:00,0.9945772,high-ebb
2026-12-13 19:50:00,0.9579078,high-ebb
2026-12-13 20:00:00,0.91487837,high-ebb
2026-12-13 20:10:00,0.8657799,high-ebb
2026-12-13 20:20:00,0.81094795,high-ebb
2026-12-13 20:30:00,0.75075924,high-ebb
2026-12-13 20:40:00,0.6856274,high-ebb
2026-12-13 20:50:00,0.6159994,high-ebb
2026-12-13 21:00:00,0.542352,high-ebb
2026-12-13 21:10:00,0.46518886,high-ebb
2026-12-13 21:20:00,0.38503736,high-ebb
2026-12-13 21:30:00,0.30244613,high-ebb
2026-12-13 21:40:00,0.2179823,high-ebb
2026-12-13 21:50:00,0.13222879,high-ebb
2026-12-13 22:00:00,0.04578108,high-ebb
2026-12-13 22:10:00,-0.040756293,low-ebb
2026-12-13 22:20:00,-0.12677403,low-ebb
2026-12-13 22:30:00,-0.21166292,low-ebb
2026-12-13 22:40:00,-0.2948195,low-ebb
2026-12-13 22:50:00,-0.37565216,low-ebb
2026-12-13 23:00:00,-0.45358777,low-ebb
2026-12-13 23:10:00,-0.52807844,low-ebb
2026-12-13 23:20:00,-0.5986081,low-ebb
2026-12-13 23:30:00,-0.6646989,low-ebb
2026-12-13 23:40:00,-0.72591656,low-ebb
2026-12-13 23:50:00,-0.78187513,low-ebb
2026-12-14 00:00:00,-0.8322399,low-ebb
2026-12-14 00:10:00,-0.8767301,low-ebb
2026-12-14 00:20:00,-0.91511875,low-ebb
2026-12-14 00:30:00,-0.94723266,low-ebb
2026-12-14 00:40:00,-0.97295004,low-ebb
2026-12-14 00:50:00,-0.9921981,low-ebb
2026-12-14 01:00:00,-1.0049495,low-ebb
2026-12-14 01:10:00,-1.0112183,low-ebb
2026-12-14 01:20:00,-1.0110567,low-ebb
2026-12-14 01:30:00,-1.0045508,low-flow
2026-12-14 01:40:00,-0.99181837,low-flow
2026-12-14 01:50:00,-0.9730056,low-flow
2026-12-14 02:00:00,-0.94828606,low-flow
2026-12-14 02:10:00,-0.9178596,low-flow
2026-12-14 02:20:00,-0.88195217,low-flow
2026-12-14 02:30:00,-0.84081584,low-flow
2026-12-14 02:40:00,-0.79472965,low-flow
2026-12-14 02:50:00,-0.7439999,low-flow
2026-12-14 03:00:00,-0.68896085,low-flow
2026-12-14 03:10:00,-0.6299745,low-flow
2026-12-14 03:20:00,-0.56743026,low-flow
2026-12-14 03:30:00,-0.501744,low-flow
2026-12-14 03:40:00,-0.43335578,low-flow
2026-12-14 03:50:00,-0.36272797,low-flow
2026-12-14 04:00:00,-0.29034194,low-flow
2026-12-14 04:10:00,-0.21669465,low-flow
2026-12-14 04:20:00,-0.14229497,low-flow
2026-12-14 04:30:00,-0.067659825,low-flow
2026-12-14 04:40:00,0.0066896994,high-flow
2026-12-14 04:50:00,0.080232136,high-flow
2026-12-14 05:00:00,0.1524492,high-flow
2026-12-14 05:10:00,0.22282924,high-flow
2026-12-14 05:20:00,0.2908704,high-flow
2026-12-14 05:30:00,0.35608384,high-flow
2026-12-14 05:40:00,0.41799682,high-flow
2026-12-14 05:50:00,0.47615588,high-flow
2026-12-14 06:00:00,0.5301302,high-flow
2026-12-14 06:10:00,0.5795152,high-flow
2026-12-14 06:20:00,0.6239365,high-flow
2026-12-14 06:30:00,0.66305345,high-flow
2026-12-14 06:40:00,0.69656384,high-flow
2026-12-14 06:50:00,0.7242077,high-flow
2026-12-14 07:00:00,0.7457712,high-flow
2026-12-14 07:10:00,0.7610902,high-flow
2026-12-14 07:20:00,0.7700532,high-flow
2026-12-14 07:30:00,0.7726034,high-flow
2026-12-14 07:40:00,0.76874006,high-ebb
2026-12-14 07:50:00,0.75851864,high-ebb
2026-12-14 08:00:00,0.7420502,high-ebb
2026-12-14 08:10:00,0.71949935,high-ebb
2026-12-14 08:20:00,0.69108194,high-ebb
2026-12-14 08:30:00,0.6570615,high-ebb
2026-12-14 08:40:00,0.61774564,high-ebb
2026-12-14 08:50:00,0.5734818,high-ebb
2026-12-14 09:00:00,0.5246532,high-ebb
2026-12-14 09:10:00,0.47167468,high-ebb
2026-12-14 09:20:00,0.41498914,high-ebb
2026-12-14 09:30:00,0.35506403,high-ebb
2026-12-14 09:40:00,0.2923882,high-ebb
2026-12-14 09:50:00,0.2274693,high-ebb
2026-12-14 10:00:00,0.16083103,high-ebb
2026-12-14 10:10:00,0.09301065,high-ebb
2026-12-14 10:20:00,0.024556167,high-ebb
2026-12-14 10:30:00,-0.04397676,low-ebb
2026-12-14 10:40:00,-0.11202846,low-ebb
2026-12-14 10:50:00,-0.17903948,low-ebb
2026-12-14 11:00:00,-0.24445544,low-ebb
2026-12-14 11:10:00,-0.3077326,low-ebb
2026-12-14 11:20:00,-0.36834377,low-ebb
2026-12-14 11:30:00,-0.4257846,low-ebb
2026-12-14 11:40:00,-0.47957987,low-ebb
2026-12-14 11:50:00,-0.52928954,low-ebb
2026-12-14 12:00:00,-0.57451427,low-ebb
2026-12-14 12:10:00,-0.6149,low-ebb
2026-12-14 12:20:00,-0.6501417,low-ebb
2026-12-14 12:30:00,-0.67998546,low-ebb
2026-12-14 12:40:00,-0.70422965,low-ebb
2026-12-14 12:50:00,-0.72272444,low-ebb
2026-12-14 13:00:00,-0.7353706,low-ebb
2026-12-14 13:10:00,-0.7421164,low-ebb
2026-12-14 13:20:00,-0.7429549,low-ebb
2026-12-14 13:30:00,-0.7379197,low-flow
2026-12-14 13:40:00,-0.7270813,low-flow
2026-12-14 13:50:00,-0.7105431,low-flow
2026-12-14 14:00:00,-0.6884383,low-flow
2026-12-14 14:10:00,-0.66092694,low-flow
2026-12-14 14:20:00,-0.62819415,low-flow
2026-12-14 14:30:00,-0.5904489,low-flow
2026-12-14 14:40:00,-0.54792345,low-flow
2026-12-14 14:50:00,-0.50087345,low-flow
2026-12-14 15:00:00,-0.44957864,low-flow
2026-12-14 15:10:00,-0.39434355,low-flow
2026-12-14 15:20:00,-0.33549803,low-flow
2026-12-14 15:30:00,-0.27339777,low-flow
2026-12-14 15:40:00,-0.20842414,low-flow
2026-12-14 15:50:00,-0.14098358,low-flow
2026-12-14 16:00:00,-0.07150621,low-flow
2026-12-14 16:10:00,-0.00044376487,low-flow
2026-12-14 16:20:00,0.071733095,high-flow
2026-12-14 16:30:00,0.14453802,high-flow
2026-12-14 16:40:00,0.21747254,high-flow
2026-12-14 16:50:00,0.29003,high-flow
2026-12-14 17:00:00,0.36169952,high-flow
2026-12-14 17:10:00,0.43196982,high-flow
2026-12-14 17:20:00,0.500333,high-flow
2026-12-14 17:30:00,0.5662884,high-flow
2026-12-14 17:40:00,0.6293456,high-flow
2026-12-14 17:50:00,0.68902797,high-flow
2026-12-14 18:00:00,0.7448758,high-flow
2026-12-14 18:10:00,0.7964496,high-flow
2026-12-14 18:20:00,0.8433332,high-flow
2026-12-14 18:30:00,0.8851374,high-flow
2026-12-14 18:40:00,0.9215034,high-flow
2026-12-14 18:50:00,0.9521072,high-flow
2026-12-14 19:00:00,0.97666276,high-flow
2026-12-14 19:10:00,0.99492675,high-flow
2026-12-14 19:20:00,1.006702,high-flow
2026-12-14 19:30:00,1.011841,high-flow
2026-12-14 19:40:00,1.0102494,high-flow
2026-12-14 19:50:00,1.0018876,high-ebb
2026-12-14 20:00:00,0.9867726,high-ebb
2026-12-14 20:10:00,0.9649784,high-ebb
2026-12-14 20:20:00,0.9366353,high-ebb
2026-12-14 20:30:00,0.90192837,high-ebb
2026-12-14 20:40:00,0.86109483,high-ebb
2026-12-14 20:50:00,0.8144208,high-ebb
2026-12-14 21:00:00,0.76223725,high-ebb
2026-12-14 21:10:00,0.70491564,high-ebb
2026-12-14 21:20:00,0.6428637,high-ebb
2026-12-14 21:30:00,0.5765208,high-ebb
2026-12-14 21:40:00,0.50635374,high-ebb
2026-12-14 21:50:00,0.43285322,high-ebb
2026-12-14 22:00:00,0.35653004,high-ebb
2026-12-14 22:10:00,0.27791235,high-ebb
2026-12-14 22:20:00,0.19754271,high-ebb
2026-12-14 22:30:00,0.11597562,high-ebb
2026-12-14 22:40:00,0.033774737,high-ebb
2026-12-14 22:50:00,-0.048489865,low-ebb
2026-12-14 23:00:00,-0.13024499,low-ebb
2026-12-14 23:10:00,-0.21091808,low-ebb
2026-12-14 23:20:00,-0.28994158,low-ebb
2026-12-14 23:30:00,-0.36675793,low-ebb
2026-12-14 23:40:00,-0.44082502,low-ebb
2026-12-14 23:50:00,-0.51162213,low-ebb
2026-12-15 00:00:00,-0.57865614,low-ebb
2026-12-15 00:10:00,-0.641467,low-ebb
2026-12-15 00:20:00,-0.6996339,low-ebb
2026-12-15 00:30:00,-0.75277966,low-ebb
2026-12-15 00:40:00,-0.8005749,low-ebb
2026-12-15 00:50:00,-0.84274065,low-ebb
2026-12-15 01:00:00,-0.87905,low-ebb
2026-12-15 01:10:00,-0.9093281,low-ebb
2026-12-15 01:20:00,-0.9334512,low-ebb
2026-12-15 01:30:00,-0.95134443,low-ebb
2026-12-15 01:40:00,-0.96297884,low-ebb
2026-12-15 01:50:00,-0.9683676,low-ebb
2026-12-15 02:00:00,-0.967562,low-ebb
2026-12-15 02:10:00,-0.96064806,low-flow
2026-12-15 02:20:00,-0.9477423,low-flow
2026-12-15 02:30:00,-0.9289891,low-flow
2026-12-15 02:40:00,-0.90455836,low-flow
2026-12-15 02:50:00,-0.87464386,low-flow
2026-12-15 03:00:00,-0.83946264,low-flow
2026-12-15 03:10:00,-0.7992547,low-flow
2026-12-15 03:20:00,-0.7542837,low-flow
2026-12-15 03:30:00,-0.70483756,low-flow
2026-12-15 03:40:00,-0.6512292,low-flow
2026-12-15 03:50:00,-0.5937973,low-flow
2026-12-15 04:00:00,-0.53290665,low-flow
2026-12-15 04:10:00,-0.46894735,low-flow
2026-12-15 04:20:00,-0.40233436,low-flow
2026-12-15 04:30:00,-0.3335055,low-flow
2026-12-15 04:40:00,-0.26291922,low-flow
2026-12-15 04:50:00,-0.19105145,low-flow
2026-12-15 05:00:00,-0.11839222,low-flow
2026-12-15 05:10:00,-0.045441844,low-flow
2026-12-15 05:20:00,0.02729309,high-flow
2026-12-15 05:30:00,0.09930375,high-flow
2026-12-15 05:40:00,0.17008297,high-flow
2026-12-15 05:50:00,0.23912904,high-flow
2026-12-15 06:00:00,0.3059492,high-flow
2026-12-15 06:10:00,0.37006313,high-flow
2026-12-15 06:20:00,0.43100613,high-flow
2026-12-15 06:30:00,0.48833233,high-flow
2026-12-15 06:40:00,0.54161793,high-flow
2026-12-15 06:50:00,0.5904644,high-flow
2026-12-15 07:00:00,0.63450223,high-flow
2026-12-15 07:10:00,0.67339444,high-flow
2026-12-15 07:20:00,0.7068402,high-flow
2026-12-15 07:30:00,0.734579,high-flow
2026-12-15 07:40:00,0.7563943,high-flow
2026-12-15 07:50:00,0.7721169,high-flow
2026-12-15 08:00:00,0.78162825,high-flow
2026-12-15 08:10:00,0.78486264,high-flow
2026-12-15 08:20:00,0.78180915,high-ebb
2026-12-15 08:30:00,0.7725121,high-ebb
2026-12-15 08:40:00,0.75707084,high-ebb
2026-12-15 08:50:00,0.7356385,high-ebb
2026-12-15 09:00:00,0.70841956,high-ebb
2026-12-15 09:10:00,0.67566663,high-ebb
2026-12-15 09:20:00,0.63767684,high-ebb
2026-12-15 09:30:00,0.59478736,high-ebb
2026-12-15 09:40:00,0.54737085,high-ebb
2026-12-15 09:50:00,0.49583113,high-ebb
2026-12-15 10:00:00,0.4405985,high-ebb
2026-12-15 10:10:00,0.382126,high-ebb
2026-12-15 10:20:00,0.32088575,high-ebb
2026-12-15 10:30:00,0.25736585,high-ebb
2026-12-15 10:40:00,0.1920675,high-ebb
2026-12-15 10:50:00,0.12550275,high-ebb
2026-12-15 11:00:00,0.058191903,high-ebb
2026-12-15 11:10:00,-0.009338783,low-ebb
2026-12-15 11:20:00,-0.07655987,low-ebb
2026-12-15 11:30:00,-0.14294189,low-ebb
2026-12-15 11:40:00,-0.20795906,low-ebb
2026-12-15 11:50:00,-0.27109352,low-ebb
2026-12-15 12:00:00,-0.3318403,low-ebb
2026-12-15 12:10:00,-0.38971263,low-ebb
2026-12-15 12:20:00,-0.44424763,low-ebb
2026-12-15 12:30:00,-0.49501187,low-ebb
2026-12-15 12:40:00,-0.541607,low-ebb
2026-12-15 12:50:00,-0.5836747,low-ebb
2026-12-15 13:00:00,-0.62090075,low-ebb
2026-12-15 13:10:00,-0.6530181,low-ebb
2026-12-15 13:20:00,-0.6798093,low-ebb
2026-12-15 13:30:00,-0.70110637,low-ebb
2026-12-15 13:40:00,-0.7167912,low-ebb
2026-12-15 13:50:00,-0.7267932,low-ebb
2026-12-15 14:00:00,-0.73108685,low-ebb
2026-12-15 14:10:00,-0.7296882,low-ebb
2026-12-15 14:20:00,-0.72265124,low-flow
2026-12-15 14:30:00,-0.7100639,low-flow
2026-12-15 14:40:00,-0.6920443,low-flow
2026-12-15 14:50:00,-0.66873777,low-flow
2026-12-15 15:00:00,-0.6403139,low-flow
2026-12-15 15:10:00,-0.606965,low-flow
2026-12-15 15:20:00,-0.568905,low-flow
2026-12-15 15:30:00,-0.52636904,low-flow
2026-12-15 15:40:00,-0.479614,low-flow
2026-12-15 15:50:00,-0.428919,low-flow
2026-12-15 16:00:00,-0.3745865,low-flow
2026-12-15 16:10:00,-0.316943,low-flow
2026-12-15 16:20:00,-0.25633958,low-flow
2026-12-15 16:30:00,-0.193152,low-flow
2026-12-15 16:40:00,-0.12777998,low-flow
2026-12-15 16:50:00,-0.06064601,low-flow
2026-12-15 17:00:00,0.0078068045,high-flow
2026-12-15 17:10:00,0.077117436,high-flow
2026-12-15 17:20:00,0.14681023,high-flow
2026-12-15 17:30:00,0.21639866,high-flow
2026-12-15 17:40:00,0.28538927,high-flow
2026-12-15 17:50:00,0.35328588,high-flow
2026-12-15 18:00:00,0.4195935,high-flow
2026-12-15 18:10:00,0.4838224,high-flow
2026-12-15 18:20:00,0.5454918,high-flow
2026-12-15 18:30:00,0.60413337,high-flow
2026-12-15 18:40:00,0.65929455,high-flow
2026-12-15 18:50:00,0.71054196,high-flow
2026-12-15 19:00:00,0.75746435,high-flow
2026-12-15 19:10:00,0.7996758,high-flow
2026-12-15 19:20:00,0.8368195,high-flow
2026-12-15 19:30:00,0.8685706,high-flow
2026-12-15 19:40:00,0.8946402,high-flow
2026-12-15 19:50:00,0.914779,high-flow
2026-12-15 20:00:00,0.9287808,high-flow
2026-12-15 20:10:00,0.93648607,high-flow
2026-12-15 20:20:00,0.93778497,high-flow
2026-12-15 20:30:00,0.9326201,high-ebb
2026-12-15 20:40:00,0.920988,high-ebb
2026-12-15 20:50:00,0.90294045,high-ebb
2026-12-15 21:00:00,0.878584,high-ebb
2026-12-15 21:10:00,0.84807956,high-ebb
2026-12-15 21:20:00,0.8116395,high-ebb
2026-12-15 21:30:00,0.76952535,high-ebb
2026-12-15 21:40:00,0.72204375,high-ebb
2026-12-15 21:50:00,0.6695423,high-ebb
2026-12-15 22:00:00,0.6124047,high-ebb
2026-12-15 22:10:00,0.5510463,high-ebb
2026-12-15 22:20:00,0.4859094,high-ebb
2026-12-15 22:30:00,0.41745895,high-ebb
2026-12-15 22:40:00,0.34617874,high-ebb
2026-12-15 22:50:00,0.27256802,high-ebb
2026-12-15 23:00:00,0.19713858,high-ebb
2026-12-15 23:10:00,0.1204122,high-ebb
2026-12-15 23:20:00,0.04291832,high-ebb
2026-12-15 23:30:00,-0.03480821,low-ebb
2026-12-15 23:40:00,-0.112229556,low-ebb
2026-12-15 23:50:00,-0.18880765,low-ebb
2026-12-16 00:00:00,-0.26400748,low-ebb
2026-12-16 00:10:00,-0.3373008,low-ebb
2026-12-16 00:20:00,-0.40817067,low-ebb
2026-12-16 00:30:00,-0.4761163,low-ebb
2026-12-16 00:40:00,-0.5406584,low-ebb
2026-12-16 00:50:00,-0.6013449,low-ebb
2026-12-16 01:00:00,-0.65775603,low-ebb
2026-12-16 01:10:00,-0.70950997,low-ebb
2026-12-16 01:20:00,-0.7562669,low-ebb
2026-12-16 01:30:00,-0.7977329,low-ebb
2026-12-16 01:40:00,-0.8336624,low-ebb
2026-12-16 01:50:00,-0.8638594,low-ebb
2026-12-16 02:00:00,-0.88817793,low-ebb
2026-12-16 02:10:00,-0.90652025,low-ebb
2026-12-16 02:20:00,-0.91883534,low-ebb
2026-12-16 02:30:00,-0.9251155,low-ebb
2026-12-16 02:40:00,-0.92539304,low-ebb
2026-12-16 02:50:00,-0.9197361,low-flow
2026-12-16 03:00:00,-0.90824527,low-flow
2026-12-16 03:10:00,-0.8910499,low-flow
2026-12-16 03:20:00,-0.8683054,low-flow
2026-12-16 03:30:00,-0.84019095,low-flow
2026-12-16 03:40:00,-0.80690813,low-flow
2026-12-16 03:50:00,-0.76868045,low-flow
2026-12-16 04:00:00,-0.7257531,low-flow
2026-12-16 04:10:00,-0.678394,low-flow
2026-12-16 04:20:00,-0.62689406,low-flow
2026-12-16 04:30:00,-0.5715685,low-flow
2026-12-16 04:40:00,-0.5127573,low-flow
2026-12-16 04:50:00,-0.4508257,low-flow
2026-12-16 05:00:00,-0.38616353,low-flow
2026-12-16 05:10:00,-0.31918454,low-flow
2026-12-16 05:20:00,-0.25032446,low-flow
2026-12-16 05:30:00,-0.18003848,low-flow
2026-12-16 05:40:00,-0.10879831,low-flow
2026-12-16 05:50:00,-0.03708837,low-flow
2026-12-16 06:00:00,0.034598038,high-flow
2026-12-16 06:10:00,0.10576297,high-flow
2026-12-16 06:20:00,0.17590797,high-flow
2026-12-16 06:30:00,0.24453814,high-flow
2026-12-16 06:40:00,0.31116608,high-flow
2026-12-16 06:50:00,0.37531543,high-flow
2026-12-16 07:00:00,0.43652442,high-flow
2026-12-16 07:10:00,0.49434906,high-flow
2026-12-16 07:20:00,0.54836625,high-flow
2026-12-16 07:30:00,0.59817696,high-flow
2026-12-16 07:40:00,0.64340925,high-flow
2026-12-16 07:50:00,0.68372184,high-flow
2026-12-16 08:00:00,0.71880704,high-flow
2026-12-16 08:10:00,0.7483946,high-flow
2026-12-16 08:20:00,0.7722551,high-flow
2026-12-16 08:30:00,0.79020315,high-flow
2026-12-16 08:40:00,0.8021008,high-flow
2026-12-16 08:50:00,0.8078599,high-flow
2026-12-16 09:00:00,0.8074443,high-flow
2026-12-16 09:10:00,0.800871,high-ebb
2026-12-16 09:20:00,0.7882107,high-ebb
2026-12-16 09:30:00,0.7695867,high-ebb
2026-12-16 09:40:00,0.7451734,high-ebb
2026-12-16 09:50:00,0.71519387,high-ebb
2026-12-16 10:00:00,0.67991626,high-ebb
2026-12-16 10:10:00,0.6396496,high-ebb
2026-12-16 10:20:00,0.5947397,high-ebb
2026-12-16 10:30:00,0.5455638,high-ebb
2026-12-16 10:40:00,0.49252704,high-ebb
2026-12-16 10:50:00,0.43605706,high-ebb
2026-12-16 11:00:00,0.37660074,high-ebb
2026-12-16 11:10:00,0.3146205,high-ebb
2026-12-16 11:20:00,0.25059143,high-ebb
2026-12-16 11:30:00,0.1849988,high-ebb
2026-12-16 11:40:00,0.1183359,high-ebb
2026-12-16 11:50:00,0.051102117,high-ebb
2026-12-16 12:00:00,-0.016199192,low-ebb
2026-12-16 12:10:00,-0.08306289,low-ebb
2026-12-16 12:20:00,-0.14898475,low-ebb
2026-12-16 12:30:00,-0.21346469,low-ebb
2026-12-16 12:40:00,-0.2760106,low-ebb
2026-12-16 12:50:00,-0.33614278,low-ebb
2026-12-16 13:00:00,-0.39339873,low-ebb
2026-12-16 13:10:00,-0.44733867,low-ebb
2026-12-16 13:20:00,-0.49755064,low-ebb
2026-12-16 13:30:00,-0.54365593,low-ebb
2026-12-16 13:40:00,-0.5853137,low-ebb
2026-12-16 13:50:00,-0.622225,low-ebb
2026-12-16 14:00:00,-0.654136,low-ebb
2026-12-16 14:10:00,-0.6808399,low-ebb
2026-12-16 14:20:00,-0.7021775,low-ebb
2026-12-16 14:30:00,-0.7180372,low-ebb
2026-12-16 14:40:00,-0.7283528,low-ebb
2026-12-16 14:50:00,-0.73310155,low-ebb
2026-12-16 15:00:00,-0.73230076,low-ebb
2026-12-16 15:10:00,-0.72600406,low-flow
2026-12-16 15:20:00,-0.71429795,low-flow
2026-12-16 15:30:00,-0.6972982,low-flow
2026-12-16 15:40:00,-0.6751469,low-flow
2026-12-16 15:50:00,-0.64800966,low-flow
2026-12-16 16:00:00,-0.61607456,low-flow
2026-12-16 16:10:00,-0.5795508,low-flow
2026-12-16 16:20:00,-0.53866863,low-flow
2026-12-16 16:30:00,-0.49367988,low-flow
2026-12-16 16:40:00,-0.44485852,low-flow
2026-12-16 16:50:00,-0.39250174,low-flow
2026-12-16 17:00:00,-0.33693078,low-flow
2026-12-16 17:10:00,-0.27849132,low-flow
2026-12-16 17:20:00,-0.2175536,low-flow
2026-12-16 17:30:00,-0.15451162,low-flow
2026-12-16 17:40:00,-0.08978174,low-flow
2026-12-16 17:50:00,-0.023800585,low-flow
2026-12-16 18:00:00,0.042977944,high-flow
2026-12-16 18:10:00,0.110086046,high-flow
2026-12-16 18:20:00,0.17704594,high-flow
2026-12-16 18:30:00,0.24337399,high-flow
2026-12-16 18:40:00,0.30858496,high-flow
2026-12-16 18:50:00,0.37219617,high-flow
2026-12-16 19:00:00,0.4337316,high-flow
2026-12-16 19:10:00,0.49272558,high-flow
2026-12-16 19:20:00,0.5487264,high-flow
2026-12-16 19:30:00,0.6012996,high-flow
2026-12-16 19:40:00,0.6500309,high-flow
2026-12-16 19:50:00,0.69452983,high-flow
2026-12-16 20:00:00,0.7344319,high-flow
2026-12-16 20:10:00,0.7694024,high-flow
2026-12-16 20:20:00,0.79913914,high-flow
2026-12-16 20:30:00,0.8233761,high-flow
2026-12-16 20:40:00,0.84188634,high-flow
2026-12-16 20:50:00,0.8544855,high-flow
2026-12-16 21:00:00,0.8610349,high-flow
2026-12-16 21:10:00,0.8614443,high-flow
2026-12-16 21:20:00,0.85567385,high-ebb
2026-12-16 21:30:00,0.8437358,high-ebb
2026-12-16 21:40:00,0.82569516,high-ebb
2026-12-16 21:50:00,0.8016692,high-ebb
2026-12-16 22:00:00,0.77182627,high-ebb
2026-12-16 22:10:00,0.7363836,high-ebb
2026-12-16 22:20:00,0.6956042,high-ebb
2026-12-16 22:30:00,0.6497928,high-ebb
2026-12-16 22:40:00,0.59929186,high-ebb
2026-12-16 22:50:00,0.5444767,high-ebb
2026-12-16 23:00:00,0.4857511,high-ebb
2026-12-16 23:10:00,0.4235427,high-ebb
2026-12-16 23:20:00,0.35829893,high-ebb
2026-12-16 23:30:00,0.2904835,high-ebb
2026-12-16 23:40:00,0.22057316,high-ebb
2026-12-16 23:50:00,0.14905524,high-ebb
2026-12-17 00:00:00,0.07642542,high-ebb
2026-12-17 00:10:00,0.0031858464,high-ebb
2026-12-17 00:20:00,-0.070156746,low-ebb
2026-12-17 00:30:00,-0.143093,low-ebb
2026-12-17 00:40:00,-0.21511325,low-ebb
2026-12-17 00:50:00,-0.28571033,low-ebb
2026-12-17 01:00:00,-0.354383,low-ebb
2026-12-17 01:10:00,-0.42063993,low-ebb
2026-12-17 01:20:00,-0.48400444,low-ebb
2026-12-17 01:30:00,-0.5440194,low-ebb
2026-12-17 01:40:00,-0.6002527,low-ebb
2026-12-17 01:50:00,-0.65230256,low-ebb
2026-12-17 02:00:00,-0.69980264,low-ebb
2026-12-17 02:10:00,-0.7424263,low-ebb
2026-12-17 02:20:00,-0.77989054,low-ebb
2026-12-17 02:30:00,-0.81195873,low-ebb
2026-12-17 02:40:00,-0.83844185,low-ebb
2026-12-17 02:50:00,-0.8591988,low-ebb
2026-12-17 03:00:00,-0.87413573,low-ebb
2026-12-17 03:10:00,-0.883204,low-ebb
2026-12-17 03:20:00,-0.8863973,low-ebb
2026-12-17 03:30:00,-0.8837487,low-flow
2026-12-17 03:40:00,-0.8753266,low-flow
2026-12-17 03:50:00,-0.86123157,low-flow
2026-12-17 04:00:00,-0.84159297,low-flow
2026-12-17 04:10:00,-0.8165662,low-flow
2026-12-17 04:20:00,-0.78633076,low-flow
2026-12-17 04:30:00,-0.7510888,low-flow
2026-12-17 04:40:00,-0.71106464,low-flow
2026-12-17 04:50:00,-0.6665049,low-flow
2026-12-17 05:00:00,-0.617679,low-flow
2026-12-17 05:10:00,-0.5648799,low-flow
2026-12-17 05:20:00,-0.5084248,low-flow
2026-12-17 05:30:00,-0.44865617,low-flow
2026-12-17 05:40:00,-0.38594118,low-flow
2026-12-17 05:50:00,-0.3206719,low-flow
2026-12-17 06:00:00,-0.25326362,low-flow
2026-12-17 06:10:00,-0.18415324,low-flow
2026-12-17 06:20:00,-0.11379649,low-flow
2026-12-17 06:30:00,-0.042664554,low-flow
2026-12-17 06:40:00,0.028759597,high-flow
2026-12-17 06:50:00,0.09998541,high-flow
2026-12-17 07:00:00,0.17051904,high-flow
2026-12-17 07:10:00,0.23986757,high-flow
2026-12-17 07:20:00,0.30754328,high-flow
2026-12-17 07:30:00,0.37306744,high-flow
2026-12-17 07:40:00,0.43597403,high-flow
2026-12-17 07:50:00,0.49581307,high-flow
2026-12-17 08:00:00,0.55215377,high-flow
2026-12-17 08:10:00,0.6045875,high-flow
2026-12-17 08:20:00,0.65273064,high-flow
2026-12-17 08:30:00,0.69622743,high-flow
2026-12-17 08:40:00,0.7347532,high-flow
2026-12-17 08:50:00,0.76801693,high-flow
2026-12-17 09:00:00,0.795765,high-flow
2026-12-17 09:10:00,0.8177838,high-flow
2026-12-17 09:20:00,0.833903,high-flow
2026-12-17 09:30:00,0.8439983,high-flow
2026-12-17 09:40:00,0.8479939,high-flow
2026-12-17 09:50:00,0.8458639,high-ebb
2026-12-17 10:00:00,0.8376337,high-ebb
2026-12-17 10:10:00,0.82338005,high-ebb
2026-12-17 10:20:00,0.80323005,high-ebb
2026-12-17 10:30:00,0.7773594,high-ebb
2026-12-17 10:40:00,0.74599016,high-ebb
2026-12-17 10:50:00,0.70938694,high-ebb
2026-12-17 11:00:00,0.66785306,high-ebb
2026-12-17 11:10:00,0.6217262,high-ebb
2026-12-17 11:20:00,0.57137406,high-ebb
2026-12-17 11:30:00,0.51718974,high-ebb
2026-12-17 11:40:00,0.459588,high-ebb
2026-12-17 11:50:00,0.39900136,high-ebb
2026-12-17 12:00:00,0.33587706,high-ebb
2026-12-17 12:10:00,0.27067465,high-ebb
2026-12-17 12:20:00,0.20386367,high-ebb
2026-12-17 12:30:00,0.13592198,high-ebb
2026-12-17 12:40:00,0.06733422,high-ebb
2026-12-17 12:50:00,-0.0014099826,low-ebb
2026-12-17 13:00:00,-0.06981778,low-ebb
2026-12-17 13:10:00,-0.13739553,low-ebb
2026-12-17 13:20:00,-0.20365171,low-ebb
2026-12-17 13:30:00,-0.26810044,low-ebb
2026-12-17 13:40:00,-0.33026582,low-ebb
2026-12-17 13:50:00,-0.3896866,low-ebb
2026-12-17 14:00:00,-0.44592163,low-ebb
2026-12-17 14:10:00,-0.49855492,low-ebb
2026-12-17 14:20:00,-0.54720116,low-ebb
2026-12-17 14:30:00,-0.5915107,low-ebb
2026-12-17 14:40:00,-0.63117355,low-ebb
2026-12-17 14:50:00,-0.66592294,low-ebb
2026-12-17 15:00:00,-0.69553775,low-ebb
2026-12-17 15:10:00,-0.71984315,low-ebb
2026-12-17 15:20:00,-0.73871106,low-ebb
2026-12-17 15:30:00,-0.7520586,low-ebb
2026-12-17 15:40:00,-0.7598461,low-ebb
2026-12-17 15:50:00,-0.7620741,low-ebb
2026-12-17 16:00:00,-0.75878036,low-flow
2026-12-17 16:10:00,-0.75003624,low-flow
2026-12-17 16:20:00,-0.7359433,low-flow
2026-12-17 16:30:00,-0.71663094,low-flow
2026-12-17 16:40:00,-0.6922533,low-flow
2026-12-17 16:50:00,-0.66298854,low-flow
2026-12-17 17:00:00,-0.6290373,low-flow
2026-12-17 17:10:00,-0.59062284,low-flow
2026-12-17 17:20:00,-0.5479913,low-flow
2026-12-17 17:30:00,-0.5014122,low-flow
2026-12-17 17:40:00,-0.45117953,low-flow
2026-12-17 17:50:00,-0.39761215,low-flow
2026-12-17 18:00:00,-0.3410543,low-flow
2026-12-17 18:10:00,-0.2818752,low-flow
2026-12-17 18:20:00,-0.22046833,low-flow
2026-12-17 18:30:00,-0.15724967,low-flow
2026-12-17 18:40:00,-0.09265536,low-flow
2026-12-17 18:50:00,-0.027138641,low-flow
2026-12-17 19:00:00,0.03883381,high-flow
2026-12-17 19:10:00,0.1047859,high-flow
2026-12-17 19:20:00,0.17023641,high-flow
2026-12-17 19:30:00,0.23470335,high-flow
2026-12-17 19:40:00,0.29770815,high-flow
2026-12-17 19:50:00,0.35877982,high-flow
2026-12-17 20:00:00,0.41745853,high-flow
2026-12-17 20:10:00,0.4732992,high-flow
2026-12-17 20:20:00,0.5258746,high-flow
2026-12-17 20:30:00,0.5747783,high-flow
2026-12-17 20:40:00,0.6196276,high-flow
2026-12-17 20:50:00,0.660066,high-flow
2026-12-17 21:00:00,0.6957662,high-flow
2026-12-17 21:10:00,0.7264331,high-flow
2026-12-17 21:20:00,0.7518063,high-flow
2026-12-17 21:30:00,0.77166367,high-flow
2026-12-17 21:40:00,0.7858239,high-flow
2026-12-17 21:50:00,0.7941493,high-flow
2026-12-17 22:00:00,0.7965488,high-flow
2026-12-17 22:10:00,0.7929793,high-ebb
2026-12-17 22:20:00,0.78344756,high-ebb
2026-12-17 22:30:00,0.76801044,high-ebb
2026-12-17 22:40:00,0.7467746,high-ebb
2026-12-17 22:50:00,0.71989554,high-ebb
2026-12-17 23:00:00,0.6875752,high-ebb
2026-12-17 23:10:00,0.65005904,high-ebb
2026-12-17 23:20:00,0.6076326,high-ebb
2026-12-17 23:30:00,0.56061715,high-ebb
2026-12-17 23:40:00,0.50936586,high-ebb
2026-12-17 23:50:00,0.45425898,high-ebb
2026-12-18 00:00:00,0.39570022,high-ebb
2026-12-18 00:10:00,0.33411276,high-ebb
2026-12-18 00:20:00,0.26993614,high-ebb
2026-12-18 00:30:00,0.20362364,high-ebb
2026-12-18 00:40:00,0.13563989,high-ebb
2026-12-18 00:50:00,0.066459335,high-ebb
2026-12-18 01:00:00,-0.0034354606,low-ebb
2026-12-18 01:10:00,-0.07355526,low-ebb
2026-12-18 01:20:00,-0.14340584,low-ebb
2026-12-18 01:30:00,-0.21249005,low-ebb
2026-12-18 01:40:00,-0.2803104,low-ebb
2026-12-18 01:50:00,-0.34637228,low-ebb
2026-12-18 02:00:00,-0.41018805,low-ebb
2026-12-18 02:10:00,-0.47128147,low-ebb
2026-12-18 02:20:00,-0.529193,low-ebb
2026-12-18 02:30:00,-0.58348507,low-ebb
2026-12-18 02:40:00,-0.63374794,low-ebb
2026-12-18 02:50:00,-0.6796048,low-ebb
2026-12-18 03:00:00,-0.72071666,low-ebb
2026-12-18 03:10:00,-0.75678647,low-ebb
2026-12-18 03:20:00,-0.7875622,low-ebb
2026-12-18 03:30:00,-0.8128388,low-ebb
2026-12-18 03:40:00,-0.83245885,low-ebb
2026-12-18 03:50:00,-0.8463123,low-ebb
2026-12-18 04:00:00,-0.8543349,low-ebb
2026-12-18 04:10:00,-0.8565057,low-ebb
2026-12-18 04:20:00,-0.8528444,low-flow
2026-12-18 04:30:00,-0.8434077,low-flow
2026-12-18 04:40:00,-0.82828635,low-flow
2026-12-18 04:50:00,-0.80760175,low-flow
2026-12-18 05:00:00,-0.78150344,low-flow
2026-12-18 05:10:00,-0.75016725,low-flow
2026-12-18 05:20:00,-0.7137937,low-flow
2026-12-18 05:30:00,-0.6726074,low-flow
2026-12-18 05:40:00,-0.62685716,low-flow
2026-12-18 05:50:00,-0.5768162,low-flow
2026-12-18 06:00:00,-0.5227826,low-flow
2026-12-18 06:10:00,-0.46508017,low-flow
2026-12-18 06:20:00,-0.4040584,low-flow
2026-12-18 06:30:00,-0.34009257,low-flow
2026-12-18 06:40:00,-0.27358294,low-flow
2026-12-18 06:50:00,-0.20495325,low-flow
2026-12-18 07:00:00,-0.1346486,low-flow
2026-12-18 07:10:00,-0.063132495,low-flow
2026-12-18 07:20:00,0.009116689,high-flow
2026-12-18 07:30:00,0.081609614,high-flow
2026-12-18 07:40:00,0.15385032,high-flow
2026-12-18 07:50:00,0.22534056,high-flow
2026-12-18 08:00:00,0.29558423,high-flow
2026-12-18 08:10:00,0.3640915,high-flow
2026-12-18 08:20:00,0.43038258,high-flow
2026-12-18 08:30:00,0.49399143,high-flow
2026-12-18 08:40:00,0.554469,high-flow
2026-12-18 08:50:00,0.6113858,high-flow
2026-12-18 09:00:00,0.66433525,high-flow
2026-12-18 09:10:00,0.7129358,high-flow
2026-12-18 09:20:00,0.7568337,high-flow
2026-12-18 09:30:00,0.7957056,high-flow
2026-12-18 09:40:00,0.8292616,high-flow
2026-12-18 09:50:00,0.8572477,high-flow
2026-12-18 10:00:00,0.8794489,high-flow
2026-12-18 10:10:00,0.8956919,high-flow
2026-12-18 10:20:00,0.90584785,high-flow
2026-12-18 10:30:00,0.9098344,high-flow
2026-12-18 10:40:00,0.9076175,high-ebb
2026-12-18 10:50:00,0.89921254,high-ebb
2026-12-18 11:00:00,0.8846842,high-ebb
2026-12-18 11:10:00,0.86414623,high-ebb
2026-12-18 11:20:00,0.83775944,high-ebb
2026-12-18 11:30:00,0.80572987,high-ebb
2026-12-18 11:40:00,0.7683051,high-ebb
2026-12-18 11:50:00,0.7257712,high-ebb
2026-12-18 12:00:00,0.67844826,high-ebb
2026-12-18 12:10:00,0.6266869,high-ebb
2026-12-18 12:20:00,0.57086366,high-ebb
2026-12-18 12:30:00,0.5113781,high-ebb
2026-12-18 12:40:00,0.44864896,high-ebb
2026-12-18 12:50:00,0.3831118,high-ebb
2026-12-18 13:00:00,0.31521678,high-ebb
2026-12-18 13:10:00,0.2454268,high-ebb
2026-12-18 13:20:00,0.1742162,high-ebb
2026-12-18 13:30:00,0.10206932,high-ebb
2026-12-18 13:40:00,0.029479139,high-ebb
2026-12-18 13:50:00,-0.043054514,low-ebb
2026-12-18 14:00:00,-0.11502718,low-ebb
2026-12-18 14:10:00,-0.18593271,low-ebb
2026-12-18 14:20:00,-0.25526685,low-ebb
2026-12-18 14:30:00,-0.3225317,low-ebb
2026-12-18 14:40:00,-0.38724065,low-ebb
2026-12-18 14:50:00,-0.44892395,low-ebb
2026-12-18 15:00:00,-0.50713444,low-ebb
2026-12-18 15:10:00,-0.5614533,low-ebb
2026-12-18 15:20:00,-0.6114955,low-ebb
2026-12-18 15:30:00,-0.6569145,low-ebb
2026-12-18 15:40:00,-0.6974063,low-ebb
2026-12-18 15:50:00,-0.73271227,low-ebb
2026-12-18 16:00:00,-0.7626209,low-ebb
2026-12-18 16:10:00,-0.7869682,low-ebb
2026-12-18 16:20:00,-0.80563694,low-ebb
2026-12-18 16:30:00,-0.8185553,low-ebb
2026-12-18 16:40:00,-0.82569426,low-ebb
2026-12-18 16:50:00,-0.82706445,low-ebb
2026-12-18 17:00:00,-0.8227135,low-flow
2026-12-18 17:10:00,-0.81272256,low-flow
2026-12-18 17:20:00,-0.79720354,low-flow
2026-12-18 17:30:00,-0.7762971,low-flow
2026-12-18 17:40:00,-0.75017065,low-flow
2026-12-18 17:50:00,-0.7190178,low-flow
2026-12-18 18:00:00,-0.68305737,low-flow
2026-12-18 18:10:00,-0.642534,low-flow
2026-12-18 18:20:00,-0.5977184,low-flow
2026-12-18 18:30:00,-0.5489077,low-flow
2026-12-18 18:40:00,-0.49642584,low-flow
2026-12-18 18:50:00,-0.44062367,low-flow
2026-12-18 19:00:00,-0.38187838,low-flow
2026-12-18 19:10:00,-0.3205921,low-flow
2026-12-18 19:20:00,-0.25719032,low-flow
2026-12-18 19:30:00,-0.19211885,low-flow
2026-12-18 19:40:00,-0.12584077,low-flow
2026-12-18 19:50:00,-0.058832474,low-flow
2026-12-18 20:00:00,0.008420486,high-flow
2026-12-18 20:10:00,0.07542783,high-flow
2026-12-18 20:20:00,0.14169891,high-flow
2026-12-18 20:30:00,0.20674706,high-flow
2026-12-18 20:40:00,0.2700934,high-flow
2026-12-18 20:50:00,0.3312708,high-flow
2026-12-18 21:00:00,0.38982692,high-flow
2026-12-18 21:10:00,0.44532725,high-flow
2026-12-18 21:20:00,0.49735793,high-flow
2026-12-18 21:30:00,0.54552823,high-flow
2026-12-18 21:40:00,0.58947307,high-flow
2026-12-18 21:50:00,0.6288555,high-flow
2026-12-18 22:00:00,0.6633693,high-flow
2026-12-18 22:10:00,0.6927417,high-flow
2026-12-18 22:20:00,0.7167362,high-flow
2026-12-18 22:30:00,0.7351554,high-flow
2026-12-18 22:40:00,0.74784344,high-flow
2026-12-18 22:50:00,0.754689,high-flow
2026-12-18 23:00:00,0.75562656,high-flow
2026-12-18 23:10:00,0.75063866,high-ebb
2026-12-18 23:20:00,0.73975617,high-ebb
2026-12-18 23:30:00,0.7230581,high-ebb
2026-12-18 23:40:00,0.70067114,high-ebb
2026-12-18 23:50:00,0.6727675,high-ebb
2026-12-19 00:00:00,0.63956255,high-ebb
2026-12-19 00:10:00,0.6013116,high-ebb
2026-12-19 00:20:00,0.5583065,high-ebb
2026-12-19 00:30:00,0.5108716,high-ebb
2026-12-19 00:40:00,0.45936006,high-ebb
2026-12-19 00:50:00,0.40415046,high-ebb
2026-12-19 01:00:00,0.34564328,high-ebb
2026-12-19 01:10:00,0.2842584,high-ebb
2026-12-19 01:20:00,0.2204326,high-ebb
2026-12-19 01:30:00,0.15461786,high-ebb
2026-12-19 01:40:00,0.08727992,high-ebb
2026-12-19 01:50:00,0.018896896,high-ebb
2026-12-19 02:00:00,-0.050041996,low-ebb
2026-12-19 02:10:00,-0.11903802,low-ebb
2026-12-19 02:20:00,-0.18758497,low-ebb
2026-12-19 02:30:00,-0.2551718,low-ebb
2026-12-19 02:40:00,-0.32128602,low-ebb
2026-12-19 02:50:00,-0.385418,low-ebb
2026-12-19 03:00:00,-0.44706574,low-ebb
2026-12-19 03:10:00,-0.5057405,low-ebb
2026-12-19 03:20:00,-0.56097287,low-ebb
2026-12-19 03:30:00,-0.6123185,low-ebb
2026-12-19 03:40:00,-0.6593645,low-ebb
2026-12-19 03:50:00,-0.7017347,low-ebb
2026-12-19 04:00:00,-0.73909444,low-ebb
2026-12-19 04:10:00,-0.7711541,low-ebb
2026-12-19 04:20:00,-0.7976723,low-ebb
2026-12-19 04:30:00,-0.8184565,low-ebb
2026-12-19 04:40:00,-0.8333639,low-ebb
2026-12-19 04:50:00,-0.8423001,low-ebb
2026-12-19 05:00:00,-0.84521717,low-ebb
2026-12-19 05:10:00,-0.8421112,low-flow
2026-12-19 05:20:00,-0.8330193,low-flow
2026-12-19 05:30:00,-0.81801635,low-flow
2026-12-19 05:40:00,-0.7972121,low-flow
2026-12-19 05:50:00,-0.7707485,low-flow
2026-12-19 06:00:00,-0.73879755,low-flow
2026-12-19 06:10:00,-0.70155984,low-flow
2026-12-19 06:20:00,-0.6592636,low-flow
2026-12-19 06:30:00,-0.6121644,low-flow
2026-12-19 06:40:00,-0.5605449,low-flow
2026-12-19 06:50:00,-0.50471556,low-flow
2026-12-19 07:00:00,-0.44501412,low-flow
2026-12-19 07:10:00,-0.3818061,low-flow
2026-12-19 07:20:00,-0.31548384,low-flow
2026-12-19 07:30:00,-0.24646562,low-flow
2026-12-19 07:40:00,-0.17519374,low-flow
2026-12-19 07:50:00,-0.10213201,low-flow
2026-12-19 08:00:00,-0.027762573,low-flow
2026-12-19 08:10:00,0.047417853,high-flow
2026-12-19 08:20:00,0.12290217,high-flow
2026-12-19 08:30:00,0.19817731,high-flow
2026-12-19 08:40:00,0.27272868,high-flow
2026-12-19 08:50:00,0.34604463,high-flow
2026-12-19 09:00:00,0.4176205,high-flow
2026-12-19 09:10:00,0.48696247,high-flow
2026-12-19 09:20:00,0.55359095,high-flow
2026-12-19 09:30:00,0.6170436,high-flow
2026-12-19 09:40:00,0.6768781,high-flow
2026-12-19 09:50:00,0.7326747,high-flow
2026-12-19 10:00:00,0.7840384,high-flow
2026-12-19 10:10:00,0.83060163,high-flow
2026-12-19 10:20:00,0.8720262,high-flow
2026-12-19 10:30:00,0.90800625,high-flow
2026-12-19 10:40:00,0.9382707,high-flow
2026-12-19 10:50:00,0.96258605,high-flow
2026-12-19 11:00:00,0.9807591,high-flow
2026-12-19 11:10:00,0.9926395,high-flow
2026-12-19 11:20:00,0.99812204,high-flow
2026-12-19 11:30:00,0.9971487,high-flow
2026-12-19 11:40:00,0.9897096,high-ebb
2026-12-19 11:50:00,0.9758437,high-ebb
2026-12-19 12:00:00,0.9556384,high-ebb
2026-12-19 12:10:00,0.92922854,high-ebb
2026-12-19 12:20:00,0.8967944,high-ebb
2026-12-19 12:30:00,0.8585591,high-ebb
2026-12-19 12:40:00,0.81478566,high-ebb
2026-12-19 12:50:00,0.7657736,high-ebb
2026-12-19 13:00:00,0.7118553,high-ebb
2026-12-19 13:10:00,0.65339255,high-ebb
2026-12-19 13:20:00,0.59077364,high-ebb
2026-12-19 13:30:00,0.5244104,high-ebb
2026-12-19 13:40:00,0.45473605,high-ebb
2026-12-19 13:50:00,0.38220316,high-ebb
2026-12-19 14:00:00,0.3072824,high-ebb
2026-12-19 14:10:00,0.23046106,high-ebb
2026-12-19 14:20:00,0.15224202,high-ebb
2026-12-19 14:30:00,0.073142186,high-ebb
2026-12-19 14:40:00,-0.0063092564,low-ebb
2026-12-19 14:50:00,-0.085573286,low-ebb
2026-12-19 15:00:00,-0.16410424,low-ebb
2026-12-19 15:10:00,-0.24135378,low-ebb
2026-12-19 15:20:00,-0.31677577,low-ebb
2026-12-19 15:30:00,-0.3898318,low-ebb
2026-12-19 15:40:00,-0.45999733,low-ebb
2026-12-19 15:50:00,-0.52676815,low-ebb
2026-12-19 16:00:00,-0.5896668,low-ebb
2026-12-19 16:10:00,-0.64824885,low-ebb
2026-12-19 16:20:00,-0.70210844,low-ebb
2026-12-19 16:30:00,-0.7508831,low-ebb
2026-12-19 16:40:00,-0.79425734,low-ebb
2026-12-19 16:50:00,-0.831965,low-ebb
2026-12-19 17:00:00,-0.8637908,low-ebb
2026-12-19 17:10:00,-0.88956976,low-ebb
2026-12-19 17:20:00,-0.9091866,low-ebb
2026-12-19 17:30:00,-0.9225734,low-ebb
2026-12-19 17:40:00,-0.92970717,low-ebb
2026-12-19 17:50:00,-0.9306069,low-ebb
2026-12-19 18:00:00,-0.92533064,low-flow
2026-12-19 18:10:00,-0.91397256,low-flow
2026-12-19 18:20:00,-0.8966606,low-flow
2026-12-19 18:30:00,-0.87355494,low-flow
2026-12-19 18:40:00,-0.8448463,low-flow
2026-12-19 18:50:00,-0.81075543,low-flow
2026-12-19 19:00:00,-0.77153283,low-flow
2026-12-19 19:10:00,-0.72745854,low-flow
2026-12-19 19:20:00,-0.6788424,low-flow
2026-12-19 19:30:00,-0.62602377,low-flow
2026-12-19 19:40:00,-0.56937104,low-flow
2026-12-19 19:50:00,-0.50928086,low-flow
2026-12-19 20:00:00,-0.44617623,low-flow
2026-12-19 20:10:00,-0.38050434,low-flow
2026-12-19 20:20:00,-0.31273362,low-flow
2026-12-19 20:30:00,-0.24335004,low-flow
2026-12-19 20:40:00,-0.17285307,low-flow
2026-12-19 20:50:00,-0.10175133,low-flow
2026-12-19 21:00:00,-0.030558053,low-flow
2026-12-19 21:10:00,0.040213365,high-flow
2026-12-19 21:20:00,0.11005363,high-flow
2026-12-19 21:30:00,0.17846148,high-flow
2026-12-19 21:40:00,0.24494722,high-flow
2026-12-19 21:50:00,0.30903596,high-flow
2026-12-19 22:00:00,0.37027025,high-flow
2026-12-19 22:10:00,0.42821276,high-flow
2026-12-19 22:20:00,0.4824485,high-flow
2026-12-19 22:30:00,0.53258705,high-flow
2026-12-19 22:40:00,0.57826495,high-flow
2026-12-19 22:50:00,0.61914814,high-flow
2026-12-19 23:00:00,0.6549343,high-flow
2026-12-19 23:10:00,0.6853556,high-flow
2026-12-19 23:20:00,0.7101819,high-flow
2026-12-19 23:30:00,0.7292227,high-flow
2026-12-19 23:40:00,0.7423305,high-flow
2026-12-19 23:50:00,0.7494025,high-flow
2026-12-20 00:00:00,0.7503826,high-flow
2026-12-20 00:10:00,0.74526244,high-ebb
2026-12-20 00:20:00,0.7340817,high-ebb
2026-12-20 00:30:00,0.7169279,high-ebb
2026-12-20 00:40:00,0.69393486,high-ebb
2026-12-20 00:50:00,0.66528106,high-ebb
2026-12-20 01:00:00,0.63118696,high-ebb
2026-12-20 01:10:00,0.59191227,high-ebb
2026-12-20 01:20:00,0.5477523,high-ebb
2026-12-20 01:30:00,0.4990354,high-ebb
2026-12-20 01:40:00,0.44611937,high-ebb
2026-12-20 01:50:00,0.38938913,high-ebb
2026-12-20 02:00:00,0.32925412,high-ebb
2026-12-20 02:10:00,0.26614657,high-ebb
2026-12-20 02:20:00,0.2005198,high-ebb
2026-12-20 02:30:00,0.13284707,high-ebb
2026-12-20 02:40:00,0.063620254,high-ebb
2026-12-20 02:50:00,-0.0066514667,low-ebb
2026-12-20 03:00:00,-0.07744327,low-ebb
2026-12-20 03:10:00,-0.14821701,low-ebb
2026-12-20 03:20:00,-0.21842414,low-ebb
2026-12-20 03:30:00,-0.28750965,low-ebb
2026-12-20 03:40:00,-0.35491663,low-ebb
2026-12-20 03:50:00,-0.42009205,low-ebb
2026-12-20 04:00:00,-0.4824928,low-ebb
2026-12-20 04:10:00,-0.5415925,low-ebb
2026-12-20 04:20:00,-0.5968885,low-ebb
2026-12-20 04:30:00,-0.64790845,low-ebb
2026-12-20 04:40:00,-0.694217,low-ebb
2026-12-20 04:50:00,-0.73542136,low-ebb
2026-12-20 05:00:00,-0.7711755,low-ebb
2026-12-20 05:10:00,-0.80118424,low-ebb
2026-12-20 05:20:00,-0.825205,low-ebb
2026-12-20 05:30:00,-0.8430489,low-ebb
2026-12-20 05:40:00,-0.8545799,low-ebb
2026-12-20 05:50:00,-0.8597142,low-ebb
2026-12-20 06:00:00,-0.8584172,low-ebb
2026-12-20 06:10:00,-0.85070133,low-flow
2026-12-20 06:20:00,-0.83662266,low-flow
2026-12-20 06:30:00,-0.8162781,low-flow
2026-12-20 06:40:00,-0.7898026,low-flow
2026-12-20 06:50:00,-0.7573668,low-flow
2026-12-20 07:00:00,-0.7191753,low-flow
2026-12-20 07:10:00,-0.67546505,low-flow
2026-12-20 07:20:00,-0.62650496,low-flow
2026-12-20 07:30:00,-0.5725952,low-flow
2026-12-20 07:40:00,-0.5140666,low-flow
2026-12-20 07:50:00,-0.45128074,low-flow
2026-12-20 08:00:00,-0.38462907,low-flow
2026-12-20 08:10:00,-0.3145318,low-flow
2026-12-20 08:20:00,-0.24143648,low-flow
2026-12-20 08:30:00,-0.16581555,low-flow
2026-12-20 08:40:00,-0.088163525,low-flow
2026-12-20 08:50:00,-0.00899346,low-flow
2026-12-20 09:00:00,0.07116713,high-flow
2026-12-20 09:10:00,0.15178062,high-flow
2026-12-20 09:20:00,0.2323039,high-flow
2026-12-20 09:30:00,0.3121929,high-flow
2026-12-20 09:40:00,0.39090702,high-flow
2026-12-20 09:50:00,0.46791324,high-flow
2026-12-20 10:00:00,0.54268974,high-flow
2026-12-20 10:10:00,0.61472946,high-flow
2026-12-20 10:20:00,0.68354243,high-flow
2026-12-20 10:30:00,0.748659,high-flow
2026-12-20 10:40:00,0.80963147,high-flow
2026-12-20 10:50:00,0.86603665,high-flow
2026-12-20 11:00:00,0.91747785,high-flow
2026-12-20 11:10:00,0.9635871,high-flow
2026-12-20 11:20:00,1.0040276,high-flow
2026-12-20 11:30:00,1.0384963,high-flow
2026-12-20 11:40:00,1.0667263,high-flow
2026-12-20 11:50:00,1.0884905,high-flow
2026-12-20 12:00:00,1.103603,high-flow
2026-12-20 12:10:00,1.111923,high-flow
2026-12-20 12:20:00,1.1133559,high-flow
2026-12-20 12:30:00,1.1078556,high-ebb
2026-12-20 12:40:00,1.0954251,high-ebb
2026-12-20 12:50:00,1.076117,high-ebb
2026-12-20 13:00:00,1.050033,high-ebb
2026-12-20 13:10:00,1.017322,high-ebb
2026-12-20 13:20:00,0.9781792,high-ebb
2026-12-20 13:30:00,0.9328431,high-ebb
2026-12-20 13:40:00,0.8815925,high-ebb
2026-12-20 13:50:00,0.82474434,high-ebb
2026-12-20 14:00:00,0.7626502,high-ebb
2026-12-20 14:10:00,0.69569397,high-ebb
2026-12-20 14:20:00,0.6242894,high-ebb
2026-12-20 14:30:00,0.54887825,high-ebb
2026-12-20 14:40:00,0.4699288,high-ebb
2026-12-20 14:50:00,0.38793415,high-ebb
2026-12-20 15:00:00,0.3034113,high-ebb
2026-12-20 15:10:00,0.21689987,high-ebb
2026-12-20 15:20:00,0.12896025,high-ebb
2026-12-20 15:30:00,0.040171698,high-ebb
2026-12-20 15:40:00,-0.04887058,low-ebb
2026-12-20 15:50:00,-0.13755915,low-ebb
2026-12-20 16:00:00,-0.22527894,low-ebb
2026-12-20 16:10:00,-0.31141284,low-ebb
2026-12-20 16:20:00,-0.39534804,low-ebb
2026-12-20 16:30:00,-0.47648305,low-ebb
2026-12-20 16:40:00,-0.55423504,low-ebb
2026-12-20 16:50:00,-0.62804735,low-ebb
2026-12-20 17:00:00,-0.6973967,low-ebb
2026-12-20 17:10:00,-0.7617997,low-ebb
2026-12-20 17:20:00,-0.8208188,low-ebb
2026-12-20 17:30:00,-0.8740665,low-ebb
2026-12-20 17:40:00,-0.9212089,low-ebb
2026-12-20 17:50:00,-0.9619678,low-ebb
2026-12-20 18:00:00,-0.9961212,low-ebb
2026-12-20 18:10:00,-1.0235026,low-ebb
2026-12-20 18:20:00,-1.0439996,low-ebb
2026-12-20 18:30:00,-1.0575516,low-ebb
2026-12-20 18:40:00,-1.0641475,low-ebb
2026-12-20 18:50:00,-1.0638216,low-ebb
2026-12-20 19:00:00,-1.0566518,low-flow
2026-12-20 19:10:00,-1.0427569,low-flow
2026-12-20 19:20:00,-1.0222939,low-flow
2026-12-20 19:30:00,-0.9954567,low-flow
2026-12-20 19:40:00,-0.9624748,low-flow
2026-12-20 19:50:00,-0.92361253,low-flow
2026-12-20 20:00:00,-0.8791684,low-flow
2026-12-20 20:10:00,-0.82947445,low-flow
2026-12-20 20:20:00,-0.77489585,low-flow
2026-12-20 20:30:00,-0.71582943,low-flow
2026-12-20 20:40:00,-0.65270257,low-flow
2026-12-20 20:50:00,-0.58597076,low-flow
2026-12-20 21:00:00,-0.516115,low-flow
2026-12-20 21:10:00,-0.44363844,low-flow
2026-12-20 21:20:00,-0.36906233,low-flow
2026-12-20 21:30:00,-0.29292178,low-flow
2026-12-20 21:40:00,-0.21576114,low-flow
2026-12-20 21:50:00,-0.13812941,low-flow
2026-12-20 22:00:00,-0.060575705,low-flow
2026-12-20 22:10:00,0.016355041,high-flow
2026-12-20 22:20:00,0.0921259,high-flow
2026-12-20 22:30:00,0.16621141,high-flow
2026-12-20 22:40:00,0.23810062,high-flow
2026-12-20 22:50:00,0.3072996,high-flow
2026-12-20 23:00:00,0.3733339,high-flow
2026-12-20 23:10:00,0.43575054,high-flow
2026-12-20 23:20:00,0.49412012,high-flow
2026-12-20 23:30:00,0.54803896,high-flow
2026-12-20 23:40:00,0.5971315,high-flow
2026-12-20 23:50:00,0.6410525,high-flow
2026-12-21 00:00:00,0.67949,high-flow
2026-12-21 00:10:00,0.71216804,high-flow
2026-12-21 00:20:00,0.73884976,high-flow
2026-12-21 00:30:00,0.75933987,high-flow
2026-12-21 00:40:00,0.77348757,high-flow
2026-12-21 00:50:00,0.7811885,high-flow
2026-12-21 01:00:00,0.78238666,high-flow
2026-12-21 01:10:00,0.77707493,high-ebb
2026-12-21 01:20:00,0.7652958,high-ebb
2026-12-21 01:30:00,0.74714035,high-ebb
2026-12-21 01:40:00,0.7227475,high-ebb
2026-12-21 01:50:00,0.6923018,high-ebb
2026-12-21 02:00:00,0.65603155,high-ebb
2026-12-21 02:10:00,0.614206,high-ebb
2026-12-21 02:20:00,0.567133,high-ebb
2026-12-21 02:30:00,0.5151564,high-ebb
2026-12-21 02:40:00,0.45865387,high-ebb
2026-12-21 02:50:00,0.39803493,high-ebb
2026-12-21 03:00:00,0.33373925,high-ebb
2026-12-21 03:10:00,0.26623538,high-ebb
2026-12-21 03:20:00,0.19601941,high-ebb
2026-12-21 03:30:00,0.12361377,high-ebb
2026-12-21 03:40:00,0.049565587,high-ebb
2026-12-21 03:50:00,-0.025555242,low-ebb
2026-12-21 04:00:00,-0.10115879,low-ebb
2026-12-21 04:10:00,-0.17663865,low-ebb
2026-12-21 04:20:00,-0.25137642,low-ebb
2026-12-21 04:30:00,-0.3247472,low-ebb
2026-12-21 04:40:00,-0.39612606,low-ebb
2026-12-21 04:50:00,-0.4648951,low-ebb
2026-12-21 05:00:00,-0.53045124,low-ebb
2026-12-21 05:10:00,-0.5922143,low-ebb
2026-12-21 05:20:00,-0.6496345,low-ebb
2026-12-21 05:30:00,-0.7022004,low-ebb
2026-12-21 05:40:00,-0.74944514,low-ebb
2026-12-21 05:50:00,-0.7909524,low-ebb
2026-12-21 06:00:00,-0.8263604,low-ebb
2026-12-21 06:10:00,-0.85536534,low-ebb
2026-12-21 06:20:00,-0.8777226,low-ebb
2026-12-21 06:30:00,-0.8932473,low-ebb
2026-12-21 06:40:00,-0.9018132,low-ebb
2026-12-21 06:50:00,-0.90335083,low-ebb
2026-12-21 07:00:00,-0.897845,low-flow
2026-12-21 07:10:00,-0.8853317,low-flow
2026-12-21 07:20:00,-0.8658953,low-flow
2026-12-21 07:30:00,-0.8396653,low-flow
2026-12-21 07:40:00,-0.8068138,low-flow
2026-12-21 07:50:00,-0.76755327,low-flow
2026-12-21 08:00:00,-0.7221346,low-flow
2026-12-21 08:10:00,-0.6708459,low-flow
2026-12-21 08:20:00,-0.6140113,low-flow
2026-12-21 08:30:00,-0.55198985,low-flow
2026-12-21 08:40:00,-0.48517475,low-flow
2026-12-21 08:50:00,-0.41399187,low-flow
2026-12-21 09:00:00,-0.3388983,low-flow
2026-12-21 09:10:00,-0.26038,low-flow
2026-12-21 09:20:00,-0.17894912,low-flow
2026-12-21 09:30:00,-0.09514065,low-flow
2026-12-21 09:40:00,-0.009508496,low-flow
2026-12-21 09:50:00,0.07737886,high-flow
2026-12-21 10:00:00,0.16494302,high-flow
2026-12-21 10:10:00,0.25260034,high-flow
2026-12-21 10:20:00,0.33976668,high-flow
2026-12-21 10:30:00,0.42586172,high-flow
2026-12-21 10:40:00,0.5103131,high-flow
2026-12-21 10:50:00,0.5925601,high-flow
2026-12-21 11:00:00,0.6720566,high-flow
2026-12-21 11:10:00,0.74827397,high-flow
2026-12-21 11:20:00,0.8207033,high-flow
2026-12-21 11:30:00,0.8888575,high-flow
2026-12-21 11:40:00,0.9522733,high-flow
2026-12-21 11:50:00,1.0105132,high-flow
2026-12-21 12:00:00,1.0631677,high-flow
2026-12-21 12:10:00,1.1098572,high-flow
2026-12-21 12:20:00,1.1502352,high-flow
2026-12-21 12:30:00,1.1839905,high-flow
2026-12-21 12:40:00,1.2108506,high-flow
2026-12-21 12:50:00,1.2305846,high-flow
2026-12-21 13:00:00,1.2430055,high-flow
2026-12-21 13:10:00,1.2479738,high-flow
2026-12-21 13:20:00,1.2453989,high-ebb
2026-12-21 13:30:00,1.2352407,high-ebb
2026-12-21 13:40:00,1.2175109,high-ebb
2026-12-21 13:50:00,1.1922734,high-ebb
2026-12-21 14:00:00,1.1596425,high-ebb
2026-12-21 14:10:00,1.1197833,high-ebb
2026-12-21 14:20:00,1.0729091,high-ebb
2026-12-21 14:30:00,1.0192794,high-ebb
2026-12-21 14:40:00,0.959198,high-ebb
2026-12-21 14:50:00,0.89301044,high-ebb
2026-12-21 15:00:00,0.821102,high-ebb
2026-12-21 15:10:00,0.74389565,high-ebb
2026-12-21 15:20:00,0.6618506,high-ebb
2026-12-21 15:30:00,0.57546043,high-ebb
2026-12-21 15:40:00,0.48525238,high-ebb
2026-12-21 15:50:00,0.39178562,high-ebb
2026-12-21 16:00:00,0.29564983,high-ebb
2026-12-21 16:10:00,0.19746333,high-ebb
2026-12-21 16:20:00,0.09787032,high-ebb
2026-12-21 16:30:00,-0.0024624115,low-ebb
2026-12-21 16:40:00,-0.102850005,low-ebb
2026-12-21 16:50:00,-0.20259494,low-ebb
2026-12-21 17:00:00,-0.30099347,low-ebb
2026-12-21 17:10:00,-0.39734313,low-ebb
2026-12-21 17:20:00,-0.49095058,low-ebb
2026-12-21 17:30:00,-0.58114034,low-ebb
2026-12-21 17:40:00,-0.6672631,low-ebb
2026-12-21 17:50:00,-0.74870425,low-ebb
2026-12-21 18:00:00,-0.82489175,low-ebb
2026-12-21 18:10:00,-0.8953024,low-ebb
2026-12-21 18:20:00,-0.95946795,low-ebb
2026-12-21 18:30:00,-1.0169792,low-ebb
2026-12-21 18:40:00,-1.0674886,low-ebb
2026-12-21 18:50:00,-1.1107116,low-ebb
2026-12-21 19:00:00,-1.1464272,low-ebb
2026-12-21 19:10:00,-1.174476,low-ebb
2026-12-21 19:20:00,-1.1947589,low-ebb
2026-12-21 19:30:00,-1.2072338,low-ebb
2026-12-21 19:40:00,-1.2119131,low-ebb
2026-12-21 19:50:00,-1.2088605,low-flow
2026-12-21 20:00:00,-1.1981881,low-flow
2026-12-21 20:10:00,-1.1800536,low-flow
2026-12-21 20:20:00,-1.1546589,low-flow
2026-12-21 20:30:00,-1.1222473,low-flow
2026-12-21 20:40:00,-1.0831027,low-flow
2026-12-21 20:50:00,-1.037548,low-flow
2026-12-21 21:00:00,-0.98594403,low-flow
2026-12-21 21:10:00,-0.9286885,low-flow
2026-12-21 21:20:00,-0.8662138,low-flow
2026-12-21 21:30:00,-0.79898506,low-flow
2026-12-21 21:40:00,-0.72749764,low-flow
2026-12-21 21:50:00,-0.6522737,low-flow
2026-12-21 22:00:00,-0.5738586,low-flow
2026-12-21 22:10:00,-0.49281648,low-flow
2026-12-21 22:20:00,-0.40972576,low-flow
2026-12-21 22:30:00,-0.32517424,low-flow
2026-12-21 22:40:00,-0.2397546,low-flow
2026-12-21 22:50:00,-0.15405957,low-flow
2026-12-21 23:00:00,-0.068677835,low-flow
2026-12-21 23:10:00,0.015809804,high-flow
2026-12-21 23:20:00,0.09883376,high-flow
2026-12-21 23:30:00,0.17983851,high-flow
2026-12-21 23:40:00,0.25828505,high-flow
2026-12-21 23:50:00,0.33365303,high-flow
2026-12-22 00:00:00,0.40544266,high-flow
2026-12-22 00:10:00,0.47317666,high-flow
2026-12-22 00:20:00,0.53640234,high-flow
2026-12-22 00:30:00,0.5946938,high-flow
2026-12-22 00:40:00,0.6476542,high-flow
2026-12-22 00:50:00,0.69491893,high-flow
2026-12-22 01:00:00,0.7361584,high-flow
2026-12-22 01:10:00,0.77108115,high-flow
2026-12-22 01:20:00,0.7994373,high-flow
2026-12-22 01:30:00,0.82102126,high-flow
2026-12-22 01:40:00,0.8356747,high-flow
2026-12-22 01:50:00,0.8432887,high-flow
2026-12-22 02:00:00,0.8438055,high-flow
2026-12-22 02:10:00,0.8372193,high-ebb
2026-12-22 02:20:00,0.8235765,high-ebb
2026-12-22 02:30:00,0.80297554,high-ebb
2026-12-22 02:40:00,0.7755656,high-ebb
2026-12-22 02:50:00,0.7415452,high-ebb
2026-12-22 03:00:00,0.7011604,high-ebb
2026-12-22 03:10:00,0.6547028,high-ebb
2026-12-22 03:20:00,0.6025077,high-ebb
2026-12-22 03:30:00,0.5449524,high-ebb
2026-12-22 03:40:00,0.48245406,high-ebb
2026-12-22 03:50:00,0.415469,high-ebb
2026-12-22 04:00:00,0.34449068,high-ebb
2026-12-22 04:10:00,0.27004898,high-ebb
2026-12-22 04:20:00,0.19270825,high-ebb
2026-12-22 04:30:00,0.113065794,high-ebb
2026-12-22 04:40:00,0.031749126,high-ebb
2026-12-22 04:50:00,-0.050587162,low-ebb
2026-12-22 05:00:00,-0.13326573,low-ebb
2026-12-22 05:10:00,-0.21559182,low-ebb
2026-12-22 05:20:00,-0.2968596,low-ebb
2026-12-22 05:30:00,-0.37635964,low-ebb
2026-12-22 05:40:00,-0.4533871,low-ebb
2026-12-22 05:50:00,-0.5272507,low-ebb
2026-12-22 06:00:00,-0.5972816,low-ebb
2026-12-22 06:10:00,-0.6628426,low-ebb
2026-12-22 06:20:00,-0.72333664,low-ebb
2026-12-22 06:30:00,-0.77821463,low-ebb
2026-12-22 06:40:00,-0.8269821,low-ebb
2026-12-22 06:50:00,-0.8692044,low-ebb
2026-12-22 07:00:00,-0.9045108,low-ebb
2026-12-22 07:10:00,-0.93259656,low-ebb
2026-12-22 07:20:00,-0.9532239,low-ebb
2026-12-22 07:30:00,-0.9662216,low-ebb
2026-12-22 07:40:00,-0.9714832,low-ebb
2026-12-22 07:50:00,-0.96896476,low-flow
2026-12-22 08:00:00,-0.958682,low-flow
2026-12-22 08:10:00,-0.9407066,low-flow
2026-12-22 08:20:00,-0.9151636,low-flow
2026-12-22 08:30:00,-0.8822276,low-flow
2026-12-22 08:40:00,-0.84212077,low-flow
2026-12-22 08:50:00,-0.79510987,low-flow
2026-12-22 09:00:00,-0.7415046,low-flow
2026-12-22 09:10:00,-0.68165547,low-flow
2026-12-22 09:20:00,-0.6159526,low-flow
2026-12-22 09:30:00,-0.5448235,low-flow
2026-12-22 09:40:00,-0.46873176,low-flow
2026-12-22 09:50:00,-0.38817418,low-flow
2026-12-22 10:00:00,-0.30367848,low-flow
2026-12-22 10:10:00,-0.21579988,low-flow
2026-12-22 10:20:00,-0.12511729,low-flow
2026-12-22 10:30:00,-0.032229077,low-flow
2026-12-22 10:40:00,0.062251523,high-flow
2026-12-22 10:50:00,0.1577013,high-flow
2026-12-22 11:00:00,0.25349188,high-flow
2026-12-22 11:10:00,0.34899452,high-flow
2026-12-22 11:20:00,0.44358444,high-flow
2026-12-22 11:30:00,0.5366449,high-flow
2026-12-22 11:40:00,0.6275706,high-flow
2026-12-22 11:50:00,0.71577096,high-flow
2026-12-22 12:00:00,0.80067223,high-flow
2026-12-22 12:10:00,0.88172,high-flow
2026-12-22 12:20:00,0.95838106,high-flow
2026-12-22 12:30:00,1.030145,high-flow
2026-12-22 12:40:00,1.0965266,high-flow
2026-12-22 12:50:00,1.1570668,high-flow
2026-12-22 13:00:00,1.2113366,high-flow
2026-12-22 13:10:00,1.2589381,high-flow
2026-12-22 13:20:00,1.2995085,high-flow
2026-12-22 13:30:00,1.332723,high-flow
2026-12-22 13:40:00,1.358298,high-flow
2026-12-22 13:50:00,1.3759946,high-flow
2026-12-22 14:00:00,1.3856215,high-flow
2026-12-22 14:10:00,1.3870381,high-flow
2026-12-22 14:20:00,1.3801566,high-ebb
2026-12-22 14:30:00,1.3649435,high-ebb
2026-12-22 14:40:00,1.3414205,high-ebb
2026-12-22 14:50:00,1.3096654,high-ebb
2026-12-22 15:00:00,1.269811,high-ebb
2026-12-22 15:10:00,1.2220443,high-ebb
2026-12-22 15:20:00,1.1666055,high-ebb
2026-12-22 15:30:00,1.1037858,high-ebb
2026-12-22 15:40:00,1.0339264,high-ebb
2026-12-22 15:50:00,0.9574162,high-ebb
2026-12-22 16:00:00,0.87469065,high-ebb
2026-12-22 16:10:00,0.78622997,high-ebb
2026-12-22 16:20:00,0.69255793,high-ebb
2026-12-22 16:30:00,0.5942404,high-ebb
2026-12-22 16:40:00,0.49188423,high-ebb
2026-12-22 16:50:00,0.38613474,high-ebb
2026-12-22 17:00:00,0.27767384,high-ebb
2026-12-22 17:10:00,0.16721667,high-ebb
2026-12-22 17:20:00,0.055507377,high-ebb
2026-12-22 17:30:00,-0.056686033,low-ebb
2026-12-22 17:40:00,-0.1685781,low-ebb
2026-12-22 17:50:00,-0.2793734,low-ebb
2026-12-22 18:00:00,-0.38827494,low-ebb
2026-12-22 18:10:00,-0.49449334,low-ebb
2026-12-22 18:20:00,-0.59725654,low-ebb
2026-12-22 18:30:00,-0.6958195,low-ebb
2026-12-22 18:40:00,-0.78947365,low-ebb
2026-12-22 18:50:00,-0.87755585,low-ebb
2026-12-22 19:00:00,-0.9594561,low-ebb
2026-12-22 19:10:00,-1.0346241,low-ebb
2026-12-22 19:20:00,-1.1025747,low-ebb
2026-12-22 19:30:00,-1.1628909,low-ebb
2026-12-22 19:40:00,-1.2152264,low-ebb
2026-12-22 19:50:00,-1.2593058,low-ebb
2026-12-22 20:00:00,-1.2949237,low-ebb
2026-12-22 20:10:00,-1.321943,low-ebb
2026-12-22 20:20:00,-1.3402925,low-ebb
2026-12-22 20:30:00,-1.3499634,low-ebb
2026-12-22 20:40:00,-1.3510064,low-ebb
2026-12-22 20:50:00,-1.343528,low-flow
2026-12-22 21:00:00,-1.327688,low-flow
2026-12-22 21:10:00,-1.3036964,low-flow
2026-12-22 21:20:00,-1.2718111,low-flow
2026-12-22 21:30:00,-1.2323359,low-flow
2026-12-22 21:40:00,-1.1856185,low-flow
2026-12-22 21:50:00,-1.1320486,low-flow
2026-12-22 22:00:00,-1.0720557,low-flow
2026-12-22 22:10:00,-1.0061074,low-flow
2026-12-22 22:20:00,-0.9347065,low-flow
2026-12-22 22:30:00,-0.85838723,low-flow
2026-12-22 22:40:00,-0.7777126,low-flow
2026-12-22 22:50:00,-0.69326943,low-flow
2026-12-22 23:00:00,-0.6056644,low-flow
2026-12-22 23:10:00,-0.5155188,low-flow
2026-12-22 23:20:00,-0.42346394,low-flow
2026-12-22 23:30:00,-0.33013627,low-flow
2026-12-22 23:40:00,-0.23617265,low-flow
2026-12-22 23:50:00,-0.14220634,low-flow
2026-12-23 00:00:00,-0.048863273,low-flow
2026-12-23 00:10:00,0.04324123,high-flow
2026-12-23 00:20:00,0.1335051,high-flow
2026-12-23 00:30:00,0.22134183,high-flow
2026-12-23 00:40:00,0.3061824,high-flow
2026-12-23 00:50:00,0.3874772,high-flow
2026-12-23 01:00:00,0.4646977,high-flow
2026-12-23 01:10:00,0.53733855,high-flow
2026-12-23 01:20:00,0.60491973,high-flow
2026-12-23 01:30:00,0.66698915,high-flow
2026-12-23 01:40:00,0.7231256,high-flow
2026-12-23 01:50:00,0.772942,high-flow
2026-12-23 02:00:00,0.8160891,high-flow
2026-12-23 02:10:00,0.8522587,high-flow
2026-12-23 02:20:00,0.8811876,high-flow
2026-12-23 02:30:00,0.9026609,high-flow
2026-12-23 02:40:00,0.9165147,high-flow
2026-12-23 02:50:00,0.92263865,high-flow
2026-12-23 03:00:00,0.9209777,high-flow
2026-12-23 03:10:00,0.9115332,high-ebb
2026-12-23 03:20:00,0.894363,high-ebb
2026-12-23 03:30:00,0.8695815,high-ebb
2026-12-23 03:40:00,0.8373588,high-ebb
2026-12-23 03:50:00,0.79791933,high-ebb
2026-12-23 04:00:00,0.7515409,high-ebb
2026-12-23 04:10:00,0.6985529,high-ebb
2026-12-23 04:20:00,0.63933504,high-ebb
2026-12-23 04:30:00,0.5743158,high-ebb
2026-12-23 04:40:00,0.5039713,high-ebb
2026-12-23 04:50:00,0.4288238,high-ebb
2026-12-23 05:00:00,0.3494405,high-ebb
2026-12-23 05:10:00,0.26643136,high-ebb
2026-12-23 05:20:00,0.18044724,high-ebb
2026-12-23 05:30:00,0.0921765,high-ebb
2026-12-23 05:40:00,0.0023413214,high-ebb
2026-12-23 05:50:00,-0.08830748,low-ebb
2026-12-23 06:00:00,-0.17899658,low-ebb
2026-12-23 06:10:00,-0.2689375,low-ebb
2026-12-23 06:20:00,-0.35733512,low-ebb
2026-12-23 06:30:00,-0.44339687,low-ebb
2026-12-23 06:40:00,-0.5263427,low-ebb
2026-12-23 06:50:00,-0.6054154,low-ebb
2026-12-23 07:00:00,-0.67989063,low-ebb
2026-12-23 07:10:00,-0.7490865,low-ebb
2026-12-23 07:20:00,-0.8123726,low-ebb
2026-12-23 07:30:00,-0.8691775,low-ebb
2026-12-23 07:40:00,-0.9189949,low-ebb
2026-12-23 07:50:00,-0.96138823,low-ebb
2026-12-23 08:00:00,-0.99599373,low-ebb
2026-12-23 08:10:00,-1.0225219,low-ebb
2026-12-23 08:20:00,-1.0407567,low-ebb
2026-12-23 08:30:00,-1.0505555,low-ebb
2026-12-23 08:40:00,-1.0518452,low-ebb
2026-12-23 08:50:00,-1.0446204,low-flow
2026-12-23 09:00:00,-1.0289392,low-flow
2026-12-23 09:10:00,-1.0049202,low-flow
2026-12-23 09:20:00,-0.9727386,low-flow
2026-12-23 09:30:00,-0.93262297,low-flow
2026-12-23 09:40:00,-0.8848525,low-flow
2026-12-23 09:50:00,-0.82975453,low-flow
2026-12-23 10:00:00,-0.76770157,low-flow
2026-12-23 10:10:00,-0.69910955,low-flow
2026-12-23 10:20:00,-0.6244355,low-flow
2026-12-23 10:30:00,-0.5441747,low-flow
2026-12-23 10:40:00,-0.45885825,low-flow
2026-12-23 10:50:00,-0.36904985,low-flow
2026-12-23 11:00:00,-0.27534193,low-flow
2026-12-23 11:10:00,-0.1783518,low-flow
2026-12-23 11:20:00,-0.078716986,low-flow
2026-12-23 11:30:00,0.022909578,high-flow
2026-12-23 11:40:00,0.12586445,high-flow
2026-12-23 11:50:00,0.2294786,high-flow
2026-12-23 12:00:00,0.33308217,high-flow
2026-12-23 12:10:00,0.43600875,high-flow
2026-12-23 12:20:00,0.5375994,high-flow
2026-12-23 12:30:00,0.63720596,high-flow
2026-12-23 12:40:00,0.7341939,high-flow
2026-12-23 12:50:00,0.8279449,high-flow
2026-12-23 13:00:00,0.9178584,high-flow
2026-12-23 13:10:00,1.0033541,high-flow
2026-12-23 13:20:00,1.0838728,high-flow
2026-12-23 13:30:00,1.158879,high-flow
2026-12-23 13:40:00,1.2278627,high-flow
2026-12-23 13:50:00,1.2903416,high-flow
2026-12-23 14:00:00,1.345864,high-flow
2026-12-23 14:10:00,1.3940123,high-flow
2026-12-23 14:20:00,1.4344059,high-flow
2026-12-23 14:30:00,1.4667057,high-flow
2026-12-23 14:40:00,1.4906172,high-flow
2026-12-23 14:50:00,1.5058948,high-flow
2026-12-23 15:00:00,1.5123448,high-flow
2026-12-23 15:10:00,1.509829,high-ebb
2026-12-23 15:20:00,1.4982662,high-ebb
2026-12-23 15:30:00,1.4776345,high-ebb
2026-12-23 15:40:00,1.4479725,high-ebb
2026-12-23 15:50:00,1.4093791,high-ebb
2026-12-23 16:00:00,1.3620137,high-ebb
2026-12-23 16:10:00,1.306095,high-ebb
2026-12-23 16:20:00,1.241901,high-ebb
2026-12-23 16:30:00,1.1697665,high-ebb
2026-12-23 16:40:00,1.0900828,high-ebb
2026-12-23 16:50:00,1.0032954,high-ebb
2026-12-23 17:00:00,0.90990365,high-ebb
2026-12-23 17:10:00,0.8104587,high-ebb
2026-12-23 17:20:00,0.7055625,high-ebb
2026-12-23 17:30:00,0.5958654,high-ebb
2026-12-23 17:40:00,0.48206475,high-ebb
2026-12-23 17:50:00,0.36490113,high-ebb
2026-12-23 18:00:00,0.24515522,high-ebb
2026-12-23 18:10:00,0.12364251,high-ebb
2026-12-23 18:20:00,0.0012074944,high-ebb
2026-12-23 18:30:00,-0.1212837,low-ebb
2026-12-23 18:40:00,-0.24295172,low-ebb
2026-12-23 18:50:00,-0.36291334,low-ebb
2026-12-23 19:00:00,-0.4802918,low-ebb
2026-12-23 19:10:00,-0.5942274,low-ebb
2026-12-23 19:20:00,-0.70388824,low-ebb
2026-12-23 19:30:00,-0.8084809,low-ebb
2026-12-23 19:40:00,-0.90726006,low-ebb
2026-12-23 19:50:00,-0.9995374,low-ebb
2026-12-23 20:00:00,-1.084689,low-ebb
2026-12-23 20:10:00,-1.162161,low-ebb
2026-12-23 20:20:00,-1.231474,low-ebb
2026-12-23 20:30:00,-1.2922257,low-ebb
2026-12-23 20:40:00,-1.3440914,low-ebb
2026-12-23 20:50:00,-1.3868234,low-ebb
2026-12-23 21:00:00,-1.4202497,low-ebb
2026-12-23 21:10:00,-1.4442712,low-ebb
2026-12-23 21:20:00,-1.4588583,low-ebb
2026-12-23 21:30:00,-1.4640472,low-ebb
2026-12-23 21:40:00,-1.459937,low-flow
2026-12-23 21:50:00,-1.4466857,low-flow
2026-12-23 22:00:00,-1.4245068,low-flow
2026-12-23 22:10:00,-1.3936671,low-flow
2026-12-23 22:20:00,-1.3544832,low-flow
2026-12-23 22:30:00,-1.3073199,low-flow
2026-12-23 22:40:00,-1.2525871,low-flow
2026-12-23 22:50:00,-1.1907377,low-flow
2026-12-23 23:00:00,-1.1222649,low-flow
2026-12-23 23:10:00,-1.0476987,low-flow
2026-12-23 23:20:00,-0.967603,low-flow
2026-12-23 23:30:00,-0.8825714,low-flow
2026-12-23 23:40:00,-0.7932227,low-flow
2026-12-23 23:50:00,-0.70019656,low-flow
2026-12-24 00:00:00,-0.60414827,low-flow
2026-12-24 00:10:00,-0.50574416,low-flow
2026-12-24 00:20:00,-0.40565646,low-flow
2026-12-24 00:30:00,-0.30455917,low-flow
2026-12-24 00:40:00,-0.20312369,low-flow
2026-12-24 00:50:00,-0.10201529,low-flow
2026-12-24 01:00:00,-0.0018901014,low-flow
2026-12-24 01:10:00,0.09660749,high-flow
2026-12-24 01:20:00,0.19284701,high-flow
2026-12-24 01:30:00,0.2862138,high-flow
2026-12-24 01:40:00,0.37611058,high-flow
2026-12-24 01:50:00,0.4619596,high-flow
2026-12-24 02:00:00,0.54320425,high-flow
2026-12-24 02:10:00,0.61931175,high-flow
2026-12-24 02:20:00,0.68977547,high-flow
2026-12-24 02:30:00,0.75411856,high-flow
2026-12-24 02:40:00,0.8118973,high-flow
2026-12-24 02:50:00,0.86270505,high-flow
2026-12-24 03:00:00,0.90617645,high-flow
2026-12-24 03:10:00,0.9419916,high-flow
2026-12-24 03:20:00,0.96987987,high-flow
2026-12-24 03:30:00,0.9896236,high-flow
2026-12-24 03:40:00,1.0010613,high-flow
2026-12-24 03:50:00,1.00409,high-flow
2026-12-24 04:00:00,0.9986669,high-ebb
2026-12-24 04:10:00,0.984811,high-ebb
2026-12-24 04:20:00,0.962603,high-ebb
2026-12-24 04:30:00,0.9321853,high-ebb
2026-12-24 04:40:00,0.89376146,high-ebb
2026-12-24 04:50:00,0.84759545,high-ebb
2026-12-24 05:00:00,0.7940103,high-ebb
2026-12-24 05:10:00,0.733387,high-ebb
2026-12-24 05:20:00,0.6661634,high-ebb
2026-12-24 05:30:00,0.5928328,high-ebb
2026-12-24 05:40:00,0.5139424,high-ebb
2026-12-24 05:50:00,0.43009195,high-ebb
2026-12-24 06:00:00,0.34193134,high-ebb
2026-12-24 06:10:00,0.25015804,high-ebb
2026-12-24 06:20:00,0.15551347,high-ebb
2026-12-24 06:30:00,0.058778502,high-ebb
2026-12-24 06:40:00,-0.03923237,low-ebb
2026-12-24 06:50:00,-0.13767792,low-ebb
2026-12-24 07:00:00,-0.2356984,low-ebb
2026-12-24 07:10:00,-0.33242488,low-ebb
2026-12-24 07:20:00,-0.42698932,low-ebb
2026-12-24 07:30:00,-0.5185356,low-ebb
2026-12-24 07:40:00,-0.6062307,low-ebb
2026-12-24 07:50:00,-0.6892752,low-ebb
2026-12-24 08:00:00,-0.76691467,low-ebb
2026-12-24 08:10:00,-0.8384486,low-ebb
2026-12-24 08:20:00,-0.9032389,low-ebb
2026-12-24 08:30:00,-0.960717,low-ebb
2026-12-24 08:40:00,-1.010389,low-ebb
2026-12-24 08:50:00,-1.0518385,low-ebb
2026-12-24 09:00:00,-1.0847294,low-ebb
2026-12-24 09:10:00,-1.1088052,low-ebb
2026-12-24 09:20:00,-1.1238877,low-ebb
2026-12-24 09:30:00,-1.1298753,low-ebb
2026-12-24 09:40:00,-1.1267395,low-flow
2026-12-24 09:50:00,-1.114521,low-flow
2026-12-24 10:00:00,-1.0933263,low-flow
2026-12-24 10:10:00,-1.063324,low-flow
2026-12-24 10:20:00,-1.0247402,low-flow
2026-12-24 10:30:00,-0.9778565,low-flow
2026-12-24 10:40:00,-0.92300594,low-flow
2026-12-24 10:50:00,-0.8605705,low-flow
2026-12-24 11:00:00,-0.7909783,low-flow
2026-12-24 11:10:00,-0.71470124,low-flow
2026-12-24 11:20:00,-0.63225174,low-flow
2026-12-24 11:30:00,-0.5441799,low-flow
2026-12-24 11:40:00,-0.45107022,low-flow
2026-12-24 11:50:00,-0.35353732,low-flow
2026-12-24 12:00:00,-0.25222215,low-flow
2026-12-24 12:10:00,-0.14778708,low-flow
2026-12-24 12:20:00,-0.04091124,low-flow
2026-12-24 12:30:00,0.06771449,high-flow
2026-12-24 12:40:00,0.17739233,high-flow
2026-12-24 12:50:00,0.28742227,high-flow
2026-12-24 13:00:00,0.39710623,high-flow
2026-12-24 13:10:00,0.505752,high-flow
2026-12-24 13:20:00,0.61267644,high-flow
2026-12-24 13:30:00,0.7172081,high-flow
2026-12-24 13:40:00,0.81868976,high-flow
2026-12-24 13:50:00,0.91648024,high-flow
2026-12-24 14:00:00,1.0099561,high-flow
2026-12-24 14:10:00,1.0985135,high-flow
2026-12-24 14:20:00,1.1815699,high-flow
2026-12-24 14:30:00,1.2585664,high-flow
2026-12-24 14:40:00,1.3289701,high-flow
2026-12-24 14:50:00,1.3922774,high-flow
2026-12-24 15:00:00,1.4480175,high-flow
2026-12-24 15:10:00,1.495756,high-flow
2026-12-24 15:20:00,1.5350995,high-flow
2026-12-24 15:30:00,1.5656998,high-flow
2026-12-24 15:40:00,1.5872582,high-flow
2026-12-24 15:50:00,1.5995295,high-flow
2026-12-24 16:00:00,1.6023257,high-flow
2026-12-24 16:10:00,1.5955192,high-ebb
2026-12-24 16:20:00,1.5790449,high-ebb
2026-12-24 16:30:00,1.5529025,high-ebb
2026-12-24 16:40:00,1.5171565,high-ebb
2026-12-24 16:50:00,1.4719373,high-ebb
2026-12-24 17:00:00,1.4174412,high-ebb
2026-12-24 17:10:00,1.3539289,high-ebb
2026-12-24 17:20:00,1.2817255,high-ebb
2026-12-24 17:30:00,1.2012188,high-ebb
2026-12-24 17:40:00,1.1128584,high-ebb
2026-12-24 17:50:00,1.0171543,high-ebb
2026-12-24 18:00:00,0.91467565,high-ebb
2026-12-24 18:10:00,0.8060487,high-ebb
2026-12-24 18:20:00,0.6919551,high-ebb
2026-12-24 18:30:00,0.57312936,high-ebb
2026-12-24 18:40:00,0.45035508,high-ebb
2026-12-24 18:50:00,0.32446104,high-ebb
2026-12-24 19:00:00,0.19631556,high-ebb
2026-12-24 19:10:00,0.066819765,high-ebb
2026-12-24 19:20:00,-0.06310021,low-ebb
2026-12-24 19:30:00,-0.19250245,low-ebb
2026-12-24 19:40:00,-0.32043943,low-ebb
2026-12-24 19:50:00,-0.4459689,low-ebb
2026-12-24 20:00:00,-0.5681654,low-ebb
2026-12-24 20:10:00,-0.68613183,low-ebb
2026-12-24 20:20:00,-0.7990106,low-ebb
2026-12-24 20:30:00,-0.905994,low-ebb
2026-12-24 20:40:00,-1.0063338,low-ebb
2026-12-24 20:50:00,-1.0993493,low-ebb
2026-12-24 21:00:00,-1.1844331,low-ebb
2026-12-24 21:10:00,-1.2610567,low-ebb
2026-12-24 21:20:00,-1.328772,low-ebb
2026-12-24 21:30:00,-1.3872137,low-ebb
2026-12-24 21:40:00,-1.4360981,low-ebb
2026-12-24 21:50:00,-1.4752216,low-ebb
2026-12-24 22:00:00,-1.504458,low-ebb
2026-12-24 22:10:00,-1.5237551,low-ebb
2026-12-24 22:20:00,-1.5331312,low-ebb
2026-12-24 22:30:00,-1.5326711,low-ebb
2026-12-24 22:40:00,-1.5225222,low-flow
2026-12-24 22:50:00,-1.5028915,low-flow
2026-12-24 23:00:00,-1.4740417,low-flow
2026-12-24 23:10:00,-1.4362888,low-flow
2026-12-24 23:20:00,-1.3899992,low-flow
2026-12-24 23:30:00,-1.3355868,low-flow
2026-12-24 23:40:00,-1.2735107,low-flow
2026-12-24 23:50:00,-1.2042719,low-flow
2026-12-25 00:00:00,-1.1284107,low-flow
2026-12-25 00:10:00,-1.0465021,low-flow
2026-12-25 00:20:00,-0.95915323,low-flow
2026-12-25 00:30:00,-0.86699766,low-flow
2026-12-25 00:40:00,-0.7706915,low-flow
2026-12-25 00:50:00,-0.6709086,low-flow
2026-12-25 01:00:00,-0.56833524,low-flow
2026-12-25 01:10:00,-0.4636659,low-flow
2026-12-25 01:20:00,-0.3575987,low-flow
2026-12-25 01:30:00,-0.25083134,low-flow
2026-12-25 01:40:00,-0.14405769,low-flow
2026-12-25 01:50:00,-0.037964784,low-flow
2026-12-25 02:00:00,0.06676972,high-flow
2026-12-25 02:10:00,0.16947961,high-flow
2026-12-25 02:20:00,0.26951206,high-flow
2026-12-25 02:30:00,0.36622941,high-flow
2026-12-25 02:40:00,0.459011,high-flow
2026-12-25 02:50:00,0.54725534,high-flow
2026-12-25 03:00:00,0.6303828,high-flow
2026-12-25 03:10:00,0.7078382,high-flow
2026-12-25 03:20:00,0.7790949,high-flow
2026-12-25 03:30:00,0.8436582,high-flow
2026-12-25 03:40:00,0.9010702,high-flow
2026-12-25 03:50:00,0.95091414,high-flow
2026-12-25 04:00:00,0.99281913,high-flow
2026-12-25 04:10:00,1.0264647,high-flow
2026-12-25 04:20:00,1.051585,high-flow
2026-12-25 04:30:00,1.0679725,high-flow
2026-12-25 04:40:00,1.0754813,high-flow
2026-12-25 04:50:00,1.074029,high-flow
2026-12-25 05:00:00,1.0635986,high-ebb
2026-12-25 05:10:00,1.04424,high-ebb
2026-12-25 05:20:00,1.016069,high-ebb
2026-12-25 05:30:00,0.97926867,high-ebb
2026-12-25 05:40:00,0.9340873,high-ebb
2026-12-25 05:50:00,0.8808383,high-ebb
2026-12-25 06:00:00,0.819899,high-ebb
2026-12-25 06:10:00,0.75170964,high-ebb
2026-12-25 06:20:00,0.6767715,high-ebb
2026-12-25 06:30:00,0.5956458,high-ebb
2026-12-25 06:40:00,0.50895154,high-ebb
2026-12-25 06:50:00,0.41736326,high-ebb
2026-12-25 07:00:00,0.32160798,high-ebb
2026-12-25 07:10:00,0.22246113,high-ebb
2026-12-25 07:20:00,0.12074165,high-ebb
2026-12-25 07:30:00,0.017305665,high-ebb
2026-12-25 07:40:00,-0.08696092,low-ebb
2026-12-25 07:50:00,-0.19115114,low-ebb
2026-12-25 08:00:00,-0.29434687,low-ebb
2026-12-25 08:10:00,-0.39562947,low-ebb
2026-12-25 08:20:00,-0.49409136,low-ebb
2026-12-25 08:30:00,-0.5888476,low-ebb
2026-12-25 08:40:00,-0.6790473,low-ebb
2026-12-25 08:50:00,-0.763885,low-ebb
2026-12-25 09:00:00,-0.8426105,low-ebb
2026-12-25 09:10:00,-0.91453755,low-ebb
2026-12-25 09:20:00,-0.97905135,low-ebb
2026-12-25 09:30:00,-1.035614,low-ebb
2026-12-25 09:40:00,-1.0837679,low-ebb
2026-12-25 09:50:00,-1.1231381,low-ebb
2026-12-25 10:00:00,-1.1534324,low-ebb
2026-12-25 10:10:00,-1.1744397,low-ebb
2026-12-25 10:20:00,-1.1860286,low-ebb
2026-12-25 10:30:00,-1.1881434,low-ebb
2026-12-25 10:40:00,-1.1808007,low-flow
2026-12-25 10:50:00,-1.1640855,low-flow
2026-12-25 11:00:00,-1.1381472,low-flow
2026-12-25 11:10:00,-1.1031957,low-flow
2026-12-25 11:20:00,-1.059498,low-flow
2026-12-25 11:30:00,-1.0073748,low-flow
2026-12-25 11:40:00,-0.9471978,low-flow
2026-12-25 11:50:00,-0.8793867,low-flow
2026-12-25 12:00:00,-0.80440664,low-flow
2026-12-25 12:10:00,-0.7227652,low-flow
2026-12-25 12:20:00,-0.6350093,low-flow
2026-12-25 12:30:00,-0.541722,low-flow
2026-12-25 12:40:00,-0.44351867,low-flow
2026-12-25 12:50:00,-0.34104264,low-flow
2026-12-25 13:00:00,-0.23496096,low-flow
2026-12-25 13:10:00,-0.1259596,low-flow
2026-12-25 13:20:00,-0.01473863,low-flow
2026-12-25 13:30:00,0.09799249,high-flow
2026-12-25 13:40:00,0.21151944,high-flow
2026-12-25 13:50:00,0.32512718,high-flow
2026-12-25 14:00:00,0.4381037,high-flow
2026-12-25 14:10:00,0.5497433,high-flow
2026-12-25 14:20:00,0.65934914,high-flow
2026-12-25 14:30:00,0.76623565,high-flow
2026-12-25 14:40:00,0.86973065,high-flow
2026-12-25 14:50:00,0.9691769,high-flow
2026-12-25 15:00:00,1.0639342,high-flow
2026-12-25 15:10:00,1.1533815,high-flow
2026-12-25 15:20:00,1.2369189,high-flow
2026-12-25 15:30:00,1.313971,high-flow
2026-12-25 15:40:00,1.3839898,high-flow
2026-12-25 15:50:00,1.446459,high-flow
2026-12-25 16:00:00,1.5008982,high-flow
2026-12-25 16:10:00,1.546867,high-flow
2026-12-25 16:20:00,1.583971,high-flow
2026-12-25 16:30:00,1.6118653,high-flow
2026-12-25 16:40:00,1.63026,high-flow
2026-12-25 16:50:00,1.6389239,high-flow
2026-12-25 17:00:00,1.6376882,high-flow
2026-12-25 17:10:00,1.6264493,high-ebb
2026-12-25 17:20:00,1.6051711,high-ebb
2026-12-25 17:30:00,1.573886,high-ebb
2026-12-25 17:40:00,1.5326962,high-ebb
2026-12-25 17:50:00,1.4817734,high-ebb
2026-12-25 18:00:00,1.421358,high-ebb
2026-12-25 18:10:00,1.3517592,high-ebb
2026-12-25 18:20:00,1.2733537,high-ebb
2026-12-25 18:30:00,1.186584,high-ebb
2026-12-25 18:40:00,1.0919578,high-ebb
2026-12-25 18:50:00,0.9900459,high-ebb
2026-12-25 19:00:00,0.8814807,high-ebb
2026-12-25 19:10:00,0.7669537,high-ebb
2026-12-25 19:20:00,0.6472131,high-ebb
2026-12-25 19:30:00,0.52305955,high-ebb
2026-12-25 19:40:00,0.39534202,high-ebb
2026-12-25 19:50:00,0.26495188,high-ebb
2026-12-25 20:00:00,0.13281588,high-ebb
2026-12-25 20:10:00,-0.000112072485,low-ebb
2026-12-25 20:20:00,-0.13286042,low-ebb
2026-12-25 20:30:00,-0.26445037,low-ebb
2026-12-25 20:40:00,-0.39390725,low-ebb
2026-12-25 20:50:00,-0.5202722,low-ebb
2026-12-25 21:00:00,-0.64261407,low-ebb
2026-12-25 21:10:00,-0.7600408,low-ebb
2026-12-25 21:20:00,-0.87171036,low-ebb
2026-12-25 21:30:00,-0.97684014,low-ebb
2026-12-25 21:40:00,-1.0747154,low-ebb
2026-12-25 21:50:00,-1.1646956,low-ebb
2026-12-25 22:00:00,-1.2462195,low-ebb
2026-12-25 22:10:00,-1.3188076,low-ebb
2026-12-25 22:20:00,-1.3820639,low-ebb
2026-12-25 22:30:00,-1.4356747,low-ebb
2026-12-25 22:40:00,-1.4794081,low-ebb
2026-12-25 22:50:00,-1.5131105,low-ebb
2026-12-25 23:00:00,-1.5367037,low-ebb
2026-12-25 23:10:00,-1.5501807,low-ebb
2026-12-25 23:20:00,-1.5536022,low-ebb
2026-12-25 23:30:00,-1.5470929,low-flow
2026-12-25 23:40:00,-1.5308379,low-flow
2026-12-25 23:50:00,-1.5050792,low-flow
2026-12-26 00:00:00,-1.4701133,low-flow
2026-12-26 00:10:00,-1.4262882,low-flow
2026-12-26 00:20:00,-1.3740011,low-flow
2026-12-26 00:30:00,-1.3136954,low-flow
2026-12-26 00:40:00,-1.2458583,low-flow
2026-12-26 00:50:00,-1.1710179,low-flow
2026-12-26 01:00:00,-1.0897392,low-flow
2026-12-26 01:10:00,-1.0026212,low-flow
2026-12-26 01:20:00,-0.910292,low-flow
2026-12-26 01:30:00,-0.81340486,low-flow
2026-12-26 01:40:00,-0.712633,low-flow
2026-12-26 01:50:00,-0.60866565,low-flow
2026-12-26 02:00:00,-0.50220287,low-flow
2026-12-26 02:10:00,-0.3939514,low-flow
2026-12-26 02:20:00,-0.28462088,low-flow
2026-12-26 02:30:00,-0.1749203,low-flow
2026-12-26 02:40:00,-0.06555484,low-flow
2026-12-26 02:50:00,0.042776566,high-flow
2026-12-26 03:00:00,0.14938353,high-flow
2026-12-26 03:10:00,0.2535862,high-flow
2026-12-26 03:20:00,0.35471728,high-flow
2026-12-26 03:30:00,0.4521242,high-flow
2026-12-26 03:40:00,0.5451713,high-flow
2026-12-26 03:50:00,0.63324296,high-flow
2026-12-26 04:00:00,0.7157467,high-flow
2026-12-26 04:10:00,0.792117,high-flow
2026-12-26 04:20:00,0.86181986,high-flow
2026-12-26 04:30:00,0.9243575,high-flow
2026-12-26 04:40:00,0.97927314,high-flow
2026-12-26 04:50:00,1.0261564,high-flow
2026-12-26 05:00:00,1.0646482,high-flow
2026-12-26 05:10:00,1.0944446,high-flow
2026-12-26 05:20:00,1.1153023,high-flow
2026-12-26 05:30:00,1.1270411,high-flow
2026-12-26 05:40:00,1.1295463,high-flow
2026-12-26 05:50:00,1.1227716,high-ebb
2026-12-26 06:00:00,1.1067394,high-ebb
2026-12-26 06:10:00,1.0815419,high-ebb
2026-12-26 06:20:00,1.0473403,high-ebb
2026-12-26 06:30:00,1.0043651,high-ebb
2026-12-26 06:40:00,0.95291454,high-ebb
2026-12-26 06:50:00,0.8933538,high-ebb
2026-12-26 07:00:00,0.8261138,high-ebb
2026-12-26 07:10:00,0.7516897,high-ebb
2026-12-26 07:20:00,0.6706389,high-ebb
2026-12-26 07:30:00,0.5835797,high-ebb
2026-12-26 07:40:00,0.49118814,high-ebb
2026-12-26 07:50:00,0.394195,high-ebb
2026-12-26 08:00:00,0.2933818,high-ebb
2026-12-26 08:10:00,0.18957563,high-ebb
2026-12-26 08:20:00,0.08364269,high-ebb
2026-12-26 08:30:00,-0.023519145,low-ebb
2026-12-26 08:40:00,-0.13098921,low-ebb
2026-12-26 08:50:00,-0.23783396,low-ebb
2026-12-26 09:00:00,-0.34311777,low-ebb
2026-12-26 09:10:00,-0.44591442,low-ebb
2026-12-26 09:20:00,-0.5453189,low-ebb
2026-12-26 09:30:00,-0.6404589,low-ebb
2026-12-26 09:40:00,-0.7305059,low-ebb
2026-12-26 09:50:00,-0.81468546,low-ebb
2026-12-26 10:00:00,-0.89228594,low-ebb
2026-12-26 10:10:00,-0.9626658,low-ebb
2026-12-26 10:20:00,-1.0252591,low-ebb
2026-12-26 10:30:00,-1.0795797,low-ebb
2026-12-26 10:40:00,-1.1252226,low-ebb
2026-12-26 10:50:00,-1.1618644,low-ebb
2026-12-26 11:00:00,-1.189263,low-ebb
2026-12-26 11:10:00,-1.2072542,low-ebb
2026-12-26 11:20:00,-1.2157493,low-ebb
2026-12-26 11:30:00,-1.2147315,low-ebb
2026-12-26 11:40:00,-1.2042515,low-flow
2026-12-26 11:50:00,-1.1844249,low-flow
2026-12-26 12:00:00,-1.155427,low-flow
2026-12-26 12:10:00,-1.1174905,low-flow
2026-12-26 12:20:00,-1.0709027,low-flow
2026-12-26 12:30:00,-1.0160018,low-flow
2026-12-26 12:40:00,-0.9531753,low-flow
2026-12-26 12:50:00,-0.88285714,low-flow
2026-12-26 13:00:00,-0.80552536,low-flow
2026-12-26 13:10:00,-0.7216991,low-flow
2026-12-26 13:20:00,-0.6319359,low-flow
2026-12-26 13:30:00,-0.5368279,low-flow
2026-12-26 13:40:00,-0.43699825,low-flow
2026-12-26 13:50:00,-0.33309674,low-flow
2026-12-26 14:00:00,-0.22579531,low-flow
2026-12-26 14:10:00,-0.11578358,low-flow
2026-12-26 14:20:00,-0.0037641136,low-flow
2026-12-26 14:30:00,0.109551966,high-flow
2026-12-26 14:40:00,0.22344911,high-flow
2026-12-26 14:50:00,0.3372111,high-flow
2026-12-26 15:00:00,0.4501243,high-flow
2026-12-26 15:10:00,0.5614806,high-flow
2026-12-26 15:20:00,0.6705797,high-flow
2026-12-26 15:30:00,0.7767316,high-flow
2026-12-26 15:40:00,0.87925845,high-flow
2026-12-26 15:50:00,0.97749674,high-flow
2026-12-26 16:00:00,1.0707996,high-flow
2026-12-26 16:10:00,1.1585398,high-flow
2026-12-26 16:20:00,1.2401122,high-flow
2026-12-26 16:30:00,1.3149382,high-flow
2026-12-26 16:40:00,1.3824698,high-flow
2026-12-26 16:50:00,1.4421936,high-flow
2026-12-26 17:00:00,1.4936367,high-flow
2026-12-26 17:10:00,1.536371,high-flow
2026-12-26 17:20:00,1.570019,high-flow
2026-12-26 17:30:00,1.5942578,high-flow
2026-12-26 17:40:00,1.6088245,high-flow
2026-12-26 17:50:00,1.6135188,high-flow
2026-12-26 18:00:00,1.6082072,high-ebb
2026-12-26 18:10:00,1.5928241,high-ebb
2026-12-26 18:20:00,1.5673745,high-ebb
2026-12-26 18:30:00,1.5319334,high-ebb
2026-12-26 18:40:00,1.4866475,high-ebb
2026-12-26 18:50:00,1.431733,high-ebb
2026-12-26 19:00:00,1.3674765,high-ebb
2026-12-26 19:10:00,1.2942324,high-ebb
2026-12-26 19:20:00,1.2124228,high-ebb
2026-12-26 19:30:00,1.122536,high-ebb
2026-12-26 19:40:00,1.0251235,high-ebb
2026-12-26 19:50:00,0.9207999,high-ebb
2026-12-26 20:00:00,0.81023985,high-ebb
2026-12-26 20:10:00,0.69417495,high-ebb
2026-12-26 20:20:00,0.57339054,high-ebb
2026-12-26 20:30:00,0.44872102,high-ebb
2026-12-26 20:40:00,0.3210442,high-ebb
2026-12-26 20:50:00,0.19127445,high-ebb
2026-12-26 21:00:00,0.06035454,high-ebb
2026-12-26 21:10:00,-0.07075356,low-ebb
2026-12-26 21:20:00,-0.201079,low-ebb
2026-12-26 21:30:00,-0.32965308,low-ebb
2026-12-26 21:40:00,-0.4555209,low-ebb
2026-12-26 21:50:00,-0.5777528,low-ebb
2026-12-26 22:00:00,-0.695456,low-ebb
2026-12-26 22:10:00,-0.80778474,low-ebb
2026-12-26 22:20:00,-0.91395015,low-ebb
2026-12-26 22:30:00,-1.0132282,low-ebb
2026-12-26 22:40:00,-1.1049663,low-ebb
2026-12-26 22:50:00,-1.1885877,low-ebb
2026-12-26 23:00:00,-1.263595,low-ebb
2026-12-26 23:10:00,-1.3295708,low-ebb
2026-12-26 23:20:00,-1.3861779,low-ebb
2026-12-26 23:30:00,-1.4331576,low-ebb
2026-12-26 23:40:00,-1.4703271,low-ebb
2026-12-26 23:50:00,-1.4975766,low-ebb
2026-12-27 00:00:00,-1.5148658,low-ebb
2026-12-27 00:10:00,-1.5222198,low-ebb
2026-12-27 00:20:00,-1.5197265,low-flow
2026-12-27 00:30:00,-1.5075332,low-flow
2026-12-27 00:40:00,-1.4858433,low-flow
2026-12-27 00:50:00,-1.4549145,low-flow
2026-12-27 01:00:00,-1.4150559,low-flow
2026-12-27 01:10:00,-1.3666267,low-flow
2026-12-27 01:20:00,-1.3100336,low-flow
2026-12-27 01:30:00,-1.2457281,low-flow
2026-12-27 01:40:00,-1.1742052,low-flow
2026-12-27 01:50:00,-1.0959989,low-flow
2026-12-27 02:00:00,-1.0116801,low-flow
2026-12-27 02:10:00,-0.921852,low-flow
2026-12-27 02:20:00,-0.8271462,low-flow
2026-12-27 02:30:00,-0.7282182,low-flow
2026-12-27 02:40:00,-0.625743,low-flow
2026-12-27 02:50:00,-0.52041024,low-flow
2026-12-27 03:00:00,-0.41292048,low-flow
2026-12-27 03:10:00,-0.3039806,low-flow
2026-12-27 03:20:00,-0.19430049,low-flow
2026-12-27 03:30:00,-0.0845898,low-flow
2026-12-27 03:40:00,0.024444863,high-flow
2026-12-27 03:50:00,0.1321025,high-flow
2026-12-27 04:00:00,0.23769003,high-flow
2026-12-27 04:10:00,0.34052455,high-flow
2026-12-27 04:20:00,0.43993574,high-flow
2026-12-27 04:30:00,0.5352688,high-flow
2026-12-27 04:40:00,0.6258872,high-flow
2026-12-27 04:50:00,0.71117675,high-flow
2026-12-27 05:00:00,0.79054934,high-flow
2026-12-27 05:10:00,0.8634478,high-flow
2026-12-27 05:20:00,0.9293508,high-flow
2026-12-27 05:30:00,0.98777807,high-flow
2026-12-27 05:40:00,1.0382955,high-flow
2026-12-27 05:50:00,1.0805205,high-flow
2026-12-27 06:00:00,1.1141263,high-flow
2026-12-27 06:10:00,1.1388464,high-flow
2026-12-27 06:20:00,1.1544777,high-flow
2026-12-27 06:30:00,1.1608835,high-flow
2026-12-27 06:40:00,1.1579952,high-ebb
2026-12-27 06:50:00,1.1458133,high-ebb
2026-12-27 07:00:00,1.1244076,high-ebb
2026-12-27 07:10:00,1.0939176,high-ebb
2026-12-27 07:20:00,1.0545511,high-ebb
2026-12-27 07:30:00,1.0065837,high-ebb
2026-12-27 07:40:00,0.9503574,high-ebb
2026-12-27 07:50:00,0.8862792,high-ebb
2026-12-27 08:00:00,0.81481993,high-ebb
2026-12-27 08:10:00,0.736512,high-ebb
2026-12-27 08:20:00,0.6519481,high-ebb
2026-12-27 08:30:00,0.56177807,high-ebb
2026-12-27 08:40:00,0.46670654,high-ebb
2026-12-27 08:50:00,0.36748853,high-ebb
2026-12-27 09:00:00,0.26492494,high-ebb
2026-12-27 09:10:00,0.15985636,high-ebb
2026-12-27 09:20:00,0.053156003,high-ebb
2026-12-27 09:30:00,-0.05427875,low-ebb
2026-12-27 09:40:00,-0.16153575,low-ebb
2026-12-27 09:50:00,-0.2676985,low-ebb
2026-12-27 10:00:00,-0.37185717,low-ebb
2026-12-27 10:10:00,-0.47311983,low-ebb
2026-12-27 10:20:00,-0.5706238,low-ebb
2026-12-27 10:30:00,-0.66354614,low-ebb
2026-12-27 10:40:00,-0.7511137,low-ebb
2026-12-27 10:50:00,-0.8326116,low-ebb
2026-12-27 11:00:00,-0.90739036,low-ebb
2026-12-27 11:10:00,-0.9748713,low-ebb
2026-12-27 11:20:00,-1.0345505,low-ebb
2026-12-27 11:30:00,-1.0860004,low-ebb
2026-12-27 11:40:00,-1.1288708,low-ebb
2026-12-27 11:50:00,-1.1628875,low-ebb
2026-12-27 12:00:00,-1.18785,low-ebb
2026-12-27 12:10:00,-1.20363,low-ebb
2026-12-27 12:20:00,-1.2101667,low-ebb
2026-12-27 12:30:00,-1.2074643,low-flow
2026-12-27 12:40:00,-1.1955885,low-flow
2026-12-27 12:50:00,-1.1746632,low-flow
2026-12-27 13:00:00,-1.1448679,low-flow
2026-12-27 13:10:00,-1.1064355,low-flow
2026-12-27 13:20:00,-1.0596501,low-flow
2026-12-27 13:30:00,-1.0048447,low-flow
2026-12-27 13:40:00,-0.9424,low-flow
2026-12-27 13:50:00,-0.8727423,low-flow
2026-12-27 14:00:00,-0.79634124,low-flow
2026-12-27 14:10:00,-0.7137073,low-flow
2026-12-27 14:20:00,-0.6253888,low-flow
2026-12-27 14:30:00,-0.5319685,low-flow
2026-12-27 14:40:00,-0.43405968,low-flow
2026-12-27 14:50:00,-0.332302,low-flow
2026-12-27 15:00:00,-0.22735697,low-flow
2026-12-27 15:10:00,-0.11990339,low-flow
2026-12-27 15:20:00,-0.010632988,low-flow
2026-12-27 15:30:00,0.09975387,high-flow
2026-12-27 15:40:00,0.21055207,high-flow
2026-12-27 15:50:00,0.32105526,high-flow
2026-12-27 16:00:00,0.430559,high-flow
2026-12-27 16:10:00,0.5383636,high-flow
2026-12-27 16:20:00,0.6437764,high-flow
2026-12-27 16:30:00,0.7461147,high-flow
2026-12-27 16:40:00,0.8447077,high-flow
2026-12-27 16:50:00,0.9388996,high-flow
2026-12-27 17:00:00,1.0280522,high-flow
2026-12-27 17:10:00,1.1115487,high-flow
2026-12-27 17:20:00,1.1887975,high-flow
2026-12-27 17:30:00,1.2592363,high-flow
2026-12-27 17:40:00,1.3223374,high-flow
2026-12-27 17:50:00,1.3776124,high-flow
2026-12-27 18:00:00,1.4246174,high-flow
2026-12-27 18:10:00,1.4629581,high-flow
2026-12-27 18:20:00,1.4922947,high-flow
2026-12-27 18:30:00,1.5123458,high-flow
2026-12-27 18:40:00,1.5228925,high-flow
2026-12-27 18:50:00,1.5237808,high-flow
2026-12-27 19:00:00,1.5149242,high-ebb
2026-12-27 19:10:00,1.4963043,high-ebb
2026-12-27 19:20:00,1.4679719,high-ebb
2026-12-27 19:30:00,1.4300467,high-ebb
2026-12-27 19:40:00,1.3827163,high-ebb
2026-12-27 19:50:00,1.3262359,high-ebb
2026-12-27 20:00:00,1.2609266,high-ebb
2026-12-27 20:10:00,1.1871741,high-ebb
2026-12-27 20:20:00,1.1054275,high-ebb
2026-12-27 20:30:00,1.0161973,high-ebb
2026-12-27 20:40:00,0.9200545,high-ebb
2026-12-27 20:50:00,0.81762725,high-ebb
2026-12-27 21:00:00,0.70959955,high-ebb
2026-12-27 21:10:00,0.5967073,high-ebb
2026-12-27 21:20:00,0.4797346,high-ebb
2026-12-27 21:30:00,0.35950845,high-ebb
2026-12-27 21:40:00,0.23689263,high-ebb
2026-12-27 21:50:00,0.11278018,high-ebb
2026-12-27 22:00:00,-0.011915056,low-ebb
2026-12-27 22:10:00,-0.1362681,low-ebb
2026-12-27 22:20:00,-0.25935313,low-ebb
2026-12-27 22:30:00,-0.38025433,low-ebb
2026-12-27 22:40:00,-0.498077,low-ebb
2026-12-27 22:50:00,-0.611958,low-ebb
2026-12-27 23:00:00,-0.72107625,low-ebb
2026-12-27 23:10:00,-0.8246614,low-ebb
2026-12-27 23:20:00,-0.92200166,low-ebb
2026-12-27 23:30:00,-1.0124505,low-ebb
2026-12-27 23:40:00,-1.0954304,low-ebb
2026-12-27 23:50:00,-1.1704367,low-ebb
2026-12-28 00:00:00,-1.2370386,low-ebb
2026-12-28 00:10:00,-1.2948786,low-ebb
2026-12-28 00:20:00,-1.3436719,low-ebb
2026-12-28 00:30:00,-1.383204,low-ebb
2026-12-28 00:40:00,-1.4133283,low-ebb
2026-12-28 00:50:00,-1.4339627,low-ebb
2026-12-28 01:00:00,-1.4450872,low-ebb
2026-12-28 01:10:00,-1.4467404,low-ebb
2026-12-28 01:20:00,-1.4390179,low-flow
2026-12-28 01:30:00,-1.4220697,low-flow
2026-12-28 01:40:00,-1.3960985,low-flow
2026-12-28 01:50:00,-1.3613586,low-flow
2026-12-28 02:00:00,-1.3181541,low-flow
2026-12-28 02:10:00,-1.2668377,low-flow
2026-12-28 02:20:00,-1.2078092,low-flow
2026-12-28 02:30:00,-1.1415131,low-flow
2026-12-28 02:40:00,-1.0684371,low-flow
2026-12-28 02:50:00,-0.989108,low-flow
2026-12-28 03:00:00,-0.9040892,low-flow
2026-12-28 03:10:00,-0.8139763,low-flow
2026-12-28 03:20:00,-0.7193928,low-flow
2026-12-28 03:30:00,-0.6209859,low-flow
2026-12-28 03:40:00,-0.5194218,low-flow
2026-12-28 03:50:00,-0.4153813,low-flow
2026-12-28 04:00:00,-0.30955547,low-flow
2026-12-28 04:10:00,-0.2026419,low-flow
2026-12-28 04:20:00,-0.0953411,low-flow
2026-12-28 04:30:00,0.011646672,high-flow
2026-12-28 04:40:00,0.1176243,high-flow
2026-12-28 04:50:00,0.22190051,high-flow
2026-12-28 05:00:00,0.32379258,high-flow
2026-12-28 05:10:00,0.42262906,high-flow
2026-12-28 05:20:00,0.5177529,high-flow
2026-12-28 05:30:00,0.6085246,high-flow
2026-12-28 05:40:00,0.6943264,high-flow
2026-12-28 05:50:00,0.7745662,high-flow
2026-12-28 06:00:00,0.8486823,high-flow
2026-12-28 06:10:00,0.9161485,high-flow
2026-12-28 06:20:00,0.9764792,high-flow
2026-12-28 06:30:00,1.0292343,high-flow
2026-12-28 06:40:00,1.0740242,high-flow
2026-12-28 06:50:00,1.1105144,high-flow
2026-12-28 07:00:00,1.1384289,high-flow
2026-12-28 07:10:00,1.157554,high-flow
2026-12-28 07:20:00,1.1677397,high-flow
2026-12-28 07:30:00,1.1689022,high-flow
2026-12-28 07:40:00,1.1610236,high-ebb
2026-12-28 07:50:00,1.1441531,high-ebb
2026-12-28 08:00:00,1.1184052,high-ebb
2026-12-28 08:10:00,1.0839599,high-ebb
2026-12-28 08:20:00,1.0410609,high-ebb
2026-12-28 08:30:00,0.9900147,high-ebb
2026-12-28 08:40:00,0.9311884,high-ebb
2026-12-28 08:50:00,0.86500955,high-ebb
2026-12-28 09:00:00,0.7919636,high-ebb
2026-12-28 09:10:00,0.71259266,high-ebb
2026-12-28 09:20:00,0.62749344,high-ebb
2026-12-28 09:30:00,0.53731483,high-ebb
2026-12-28 09:40:00,0.44275445,high-ebb
2026-12-28 09:50:00,0.34455466,high-ebb
2026-12-28 10:00:00,0.24349739,high-ebb
2026-12-28 10:10:00,0.14039774,high-ebb
2026-12-28 10:20:00,0.036096618,high-ebb
2026-12-28 10:30:00,-0.06854795,low-ebb
2026-12-28 10:40:00,-0.17267016,low-ebb
2026-12-28 10:50:00,-0.2754066,low-ebb
2026-12-28 11:00:00,-0.37590677,low-ebb
2026-12-28 11:10:00,-0.47334337,low-ebb
2026-12-28 11:20:00,-0.5669225,low-ebb
2026-12-28 11:30:00,-0.65589285,low-ebb
2026-12-28 11:40:00,-0.7395538,low-ebb
2026-12-28 11:50:00,-0.8172625,low-ebb
2026-12-28 12:00:00,-0.8884385,low-ebb
2026-12-28 12:10:00,-0.9525684,low-ebb
2026-12-28 12:20:00,-1.009207,low-ebb
2026-12-28 12:30:00,-1.0579785,low-ebb
2026-12-28 12:40:00,-1.0985758,low-ebb
2026-12-28 12:50:00,-1.1307589,low-ebb
2026-12-28 13:00:00,-1.1543525,low-ebb
2026-12-28 13:10:00,-1.1692443,low-ebb
2026-12-28 13:20:00,-1.175381,low-ebb
2026-12-28 13:30:00,-1.1727667,low-flow
2026-12-28 13:40:00,-1.1614604,low-flow
2026-12-28 13:50:00,-1.1415744,low-flow
2026-12-28 14:00:00,-1.1132722,low-flow
2026-12-28 14:10:00,-1.0767677,low-flow
2026-12-28 14:20:00,-1.0323242,low-flow
2026-12-28 14:30:00,-0.98025334,low-flow
2026-12-28 14:40:00,-0.920914,low-flow
2026-12-28 14:50:00,-0.8547108,low-flow
2026-12-28 15:00:00,-0.7820923,low-flow
2026-12-28 15:10:00,-0.70354813,low-flow
2026-12-28 15:20:00,-0.6196067,low-flow
2026-12-28 15:30:00,-0.5308309,low-flow
2026-12-28 15:40:00,-0.43781456,low-flow
2026-12-28 15:50:00,-0.34117776,low-flow
2026-12-28 16:00:00,-0.24156246,low-flow
2026-12-28 16:10:00,-0.13962775,low-flow
2026-12-28 16:20:00,-0.036045574,low-flow
2026-12-28 16:30:00,0.068503596,high-flow
2026-12-28 16:40:00,0.1733346,high-flow
2026-12-28 16:50:00,0.27776107,high-flow
2026-12-28 17:00:00,0.38109872,high-flow
2026-12-28 17:10:00,0.4826682,high-flow
2026-12-28 17:20:00,0.58179784,high-flow
2026-12-28 17:30:00,0.67782664,high-flow
2026-12-28 17:40:00,0.77010715,high-flow
2026-12-28 17:50:00,0.85800856,high-flow
2026-12-28 18:00:00,0.94092053,high-flow
2026-12-28 18:10:00,1.0182569,high-flow
2026-12-28 18:20:00,1.0894601,high-flow
2026-12-28 18:30:00,1.1540062,high-flow
2026-12-28 18:40:00,1.2114094,high-flow
2026-12-28 18:50:00,1.261227,high-flow
2026-12-28 19:00:00,1.303064,high-flow
2026-12-28 19:10:00,1.3365779,high-flow
2026-12-28 19:20:00,1.3614825,high-flow
2026-12-28 19:30:00,1.3775506,high-flow
2026-12-28 19:40:00,1.384617,high-flow
2026-12-28 19:50:00,1.3825796,high-flow
2026-12-28 20:00:00,1.3714006,high-ebb
2026-12-28 20:10:00,1.3511065,high-ebb
2026-12-28 20:20:00,1.3217877,high-ebb
2026-12-28 20:30:00,1.2835971,high-ebb
2026-12-28 20:40:00,1.2367499,high-ebb
2026-12-28 20:50:00,1.1815209,high-ebb
2026-12-28 21:00:00,1.1182448,high-ebb
2026-12-28 21:10:00,1.0473131,high-ebb
2026-12-28 21:20:00,0.96917444,high-ebb
2026-12-28 21:30:00,0.884332,high-ebb
2026-12-28 21:40:00,0.7933425,high-ebb
2026-12-28 21:50:00,0.69681436,high-ebb
2026-12-28 22:00:00,0.59540516,high-ebb
2026-12-28 22:10:00,0.48981827,high-ebb
2026-12-28 22:20:00,0.38079906,high-ebb
2026-12-28 22:30:00,0.26912948,high-ebb
2026-12-28 22:40:00,0.15562184,high-ebb
2026-12-28 22:50:00,0.041111276,high-ebb
2026-12-28 23:00:00,-0.07355265,low-ebb
2026-12-28 23:10:00,-0.18751524,low-ebb
2026-12-28 23:20:00,-0.29992646,low-ebb
2026-12-28 23:30:00,-0.409951,low-ebb
2026-12-28 23:40:00,-0.51677823,low-ebb
2026-12-28 23:50:00,-0.61963135,low-ebb
2026-12-29 00:00:00,-0.71777624,low-ebb
2026-12-29 00:10:00,-0.8105283,low-ebb
2026-12-29 00:20:00,-0.897259,low-ebb
2026-12-29 00:30:00,-0.9773999,low-ebb
2026-12-29 00:40:00,-1.0504459,low-ebb
2026-12-29 00:50:00,-1.1159564,low-ebb
2026-12-29 01:00:00,-1.1735563,low-ebb
2026-12-29 01:10:00,-1.2229344,low-ebb
2026-12-29 01:20:00,-1.2638421,low-ebb
2026-12-29 01:30:00,-1.2960919,low-ebb
2026-12-29 01:40:00,-1.3195547,low-ebb
2026-12-29 01:50:00,-1.334158,low-ebb
2026-12-29 02:00:00,-1.3398836,low-ebb
2026-12-29 02:10:00,-1.3367666,low-flow
2026-12-29 02:20:00,-1.3248944,low-flow
2026-12-29 02:30:00,-1.3044052,low-flow
2026-12-29 02:40:00,-1.2754881,low-flow
2026-12-29 02:50:00,-1.2383822,low-flow
2026-12-29 03:00:00,-1.1933767,low-flow
2026-12-29 03:10:00,-1.1408089,low-flow
2026-12-29 03:20:00,-1.0810643,low-flow
2026-12-29 03:30:00,-1.0145736,low-flow
2026-12-29 03:40:00,-0.94181067,low-flow
2026-12-29 03:50:00,-0.86328954,low-flow
2026-12-29 04:00:00,-0.7795603,low-flow
2026-12-29 04:10:00,-0.6912052,low-flow
2026-12-29 04:20:00,-0.598834,low-flow
2026-12-29 04:30:00,-0.50307924,low-flow
2026-12-29 04:40:00,-0.40459174,low-flow
2026-12-29 04:50:00,-0.3040358,low-flow
2026-12-29 05:00:00,-0.20208523,low-flow
2026-12-29 05:10:00,-0.09941911,low-flow
2026-12-29 05:20:00,0.003281591,high-flow
2026-12-29 05:30:00,0.10533741,high-flow
2026-12-29 05:40:00,0.20607348,high-flow
2026-12-29 05:50:00,0.3048225,high-flow
2026-12-29 06:00:00,0.4009279,high-flow
2026-12-29 06:10:00,0.49374688,high-flow
2026-12-29 06:20:00,0.582654,high-flow
2026-12-29 06:30:00,0.667045,high-flow
2026-12-29 06:40:00,0.7463411,high-flow
2026-12-29 06:50:00,0.8199932,high-flow
2026-12-29 07:00:00,0.8874868,high-flow
2026-12-29 07:10:00,0.9483469,high-flow
2026-12-29 07:20:00,1.0021423,high-flow
2026-12-29 07:30:00,1.0484904,high-flow
2026-12-29 07:40:00,1.0870609,high-flow
2026-12-29 07:50:00,1.1175789,high-flow
2026-12-29 08:00:00,1.1398281,high-flow
2026-12-29 08:10:00,1.1536518,high-flow
2026-12-29 08:20:00,1.1589545,high-flow
2026-12-29 08:30:00,1.1557016,high-ebb
2026-12-29 08:40:00,1.1439197,high-ebb
2026-12-29 08:50:00,1.1236949,high-ebb
2026-12-29 09:00:00,1.0951724,high-ebb
2026-12-29 09:10:00,1.0585546,high-ebb
2026-12-29 09:20:00,1.0141003,high-ebb
2026-12-29 09:30:00,0.9621231,high-ebb
2026-12-29 09:40:00,0.9029902,high-ebb
2026-12-29 09:50:00,0.8371217,high-ebb
2026-12-29 10:00:00,0.76498914,high-ebb
2026-12-29 10:10:00,0.68711424,high-ebb
2026-12-29 10:20:00,0.6040675,high-ebb
2026-12-29 10:30:00,0.51646554,high-ebb
2026-12-29 10:40:00,0.4249683,high-ebb
2026-12-29 10:50:00,0.330275,high-ebb
2026-12-29 11:00:00,0.23311888,high-ebb
2026-12-29 11:10:00,0.13426109,high-ebb
2026-12-29 11:20:00,0.03448327,high-ebb
2026-12-29 11:30:00,-0.0654206,low-ebb
2026-12-29 11:40:00,-0.16465326,low-ebb
2026-12-29 11:50:00,-0.26242357,low-ebb
2026-12-29 12:00:00,-0.35795602,low-ebb
2026-12-29 12:10:00,-0.45049995,low-ebb
2026-12-29 12:20:00,-0.5393381,low-ebb
2026-12-29 12:30:00,-0.62379444,low-ebb
2026-12-29 12:40:00,-0.70324045,low-ebb
2026-12-29 12:50:00,-0.77710044,low-ebb
2026-12-29 13:00:00,-0.844855,low-ebb
2026-12-29 13:10:00,-0.90604365,low-ebb
2026-12-29 13:20:00,-0.9602654,low-ebb
2026-12-29 13:30:00,-1.007179,low-ebb
2026-12-29 13:40:00,-1.046502,low-ebb
2026-12-29 13:50:00,-1.0780091,low-ebb
2026-12-29 14:00:00,-1.1015306,low-ebb
2026-12-29 14:10:00,-1.1169505,low-ebb
2026-12-29 14:20:00,-1.1242049,low-ebb
2026-12-29 14:30:00,-1.1232811,low-ebb
2026-12-29 14:40:00,-1.1142166,low-flow
2026-12-29 14:50:00,-1.097098,low-flow
2026-12-29 15:00:00,-1.0720618,low-flow
2026-12-29 15:10:00,-1.0392939,low-flow
2026-12-29 15:20:00,-0.9990292,low-flow
2026-12-29 15:30:00,-0.95155185,low-flow
2026-12-29 15:40:00,-0.8971939,low-flow
2026-12-29 15:50:00,-0.83633447,low-flow
2026-12-29 16:00:00,-0.76939744,low-flow
2026-12-29 16:10:00,-0.69684917,low-flow
2026-12-29 16:20:00,-0.61919457,low-flow
2026-12-29 16:30:00,-0.53697366,low-flow
2026-12-29 16:40:00,-0.45075697,low-flow
2026-12-29 16:50:00,-0.36114088,low-flow
2026-12-29 17:00:00,-0.26874283,low-flow
2026-12-29 17:10:00,-0.17419644,low-flow
2026-12-29 17:20:00,-0.078147136,low-flow
2026-12-29 17:30:00,0.018752204,high-flow
2026-12-29 17:40:00,0.11584521,high-flow
2026-12-29 17:50:00,0.21247555,high-flow
2026-12-29 18:00:00,0.30799028,high-flow
2026-12-29 18:10:00,0.40174288,high-flow
2026-12-29 18:20:00,0.4930964,high-flow
2026-12-29 18:30:00,0.5814266,high-flow
2026-12-29 18:40:00,0.6661251,high-flow
2026-12-29 18:50:00,0.746603,high-flow
2026-12-29 19:00:00,0.8222949,high-flow
2026-12-29 19:10:00,0.8926626,high-flow
2026-12-29 19:20:00,0.95719993,high-flow
2026-12-29 19:30:00,1.015437,high-flow
2026-12-29 19:40:00,1.0669447,high-flow
2026-12-29 19:50:00,1.1113389,high-flow
2026-12-29 20:00:00,1.1482838,high-flow
2026-12-29 20:10:00,1.1774964,high-flow
2026-12-29 20:20:00,1.1987475,high-flow
2026-12-29 20:30:00,1.2118647,high-flow
2026-12-29 20:40:00,1.2167331,high-flow
2026-12-29 20:50:00,1.2132952,high-ebb
2026-12-29 21:00:00,1.2015512,high-ebb
2026-12-29 21:10:00,1.1815575,high-ebb
2026-12-29 21:20:00,1.1534263,high-ebb
2026-12-29 21:30:00,1.1173234,high-ebb
2026-12-29 21:40:00,1.0734677,high-ebb
2026-12-29 21:50:00,1.0221295,high-ebb
2026-12-29 22:00:00,0.96362954,high-ebb
2026-12-29 22:10:00,0.89833814,high-ebb
2026-12-29 22:20:00,0.82667446,high-ebb
2026-12-29 22:30:00,0.74910593,high-ebb
2026-12-29 22:40:00,0.66614693,high-ebb
2026-12-29 22:50:00,0.57835776,high-ebb
2026-12-29 23:00:00,0.48634225,high-ebb
2026-12-29 23:10:00,0.39074507,high-ebb
2026-12-29 23:20:00,0.29224783,high-ebb
2026-12-29 23:30:00,0.19156404,high-ebb
2026-12-29 23:40:00,0.08943302,high-ebb
2026-12-29 23:50:00,-0.013387262,low-ebb
2026-12-30 00:00:00,-0.11612821,low-ebb
2026-12-30 00:10:00,-0.21801929,low-ebb
2026-12-30 00:20:00,-0.318297,low-ebb
2026-12-30 00:30:00,-0.41621384,low-ebb
2026-12-30 00:40:00,-0.51104695,low-ebb
2026-12-30 00:50:00,-0.6021061,low-ebb
2026-12-30 01:00:00,-0.6887404,low-ebb
2026-12-30 01:10:00,-0.7703443,low-ebb
2026-12-30 01:20:00,-0.84636205,low-ebb
2026-12-30 01:30:00,-0.9162905,low-ebb
2026-12-30 01:40:00,-0.9796813,low-ebb
2026-12-30 01:50:00,-1.0361414,low-ebb
2026-12-30 02:00:00,-1.0853329,low-ebb
2026-12-30 02:10:00,-1.1269724,low-ebb
2026-12-30 02:20:00,-1.1608298,low-ebb
2026-12-30 02:30:00,-1.1867266,low-ebb
2026-12-30 02:40:00,-1.2045355,low-ebb
2026-12-30 02:50:00,-1.2141792,low-ebb
2026-12-30 03:00:00,-1.2156295,low-ebb
2026-12-30 03:10:00,-1.208908,low-flow
2026-12-30 03:20:00,-1.1940857,low-flow
2026-12-30 03:30:00,-1.1712837,low-flow
2026-12-30 03:40:00,-1.1406735,low-flow
2026-12-30 03:50:00,-1.1024772,low-flow
2026-12-30 04:00:00,-1.0569674,low-flow
2026-12-30 04:10:00,-1.0044665,low-flow
2026-12-30 04:20:00,-0.9453456,low-flow
2026-12-30 04:30:00,-0.8800215,low-flow
2026-12-30 04:40:00,-0.80895483,low-flow
2026-12-30 04:50:00,-0.7326457,low-flow
2026-12-30 05:00:00,-0.6516299,low-flow
2026-12-30 05:10:00,-0.566474,low-flow
2026-12-30 05:20:00,-0.47777066,low-flow
2026-12-30 05:30:00,-0.38613337,low-flow
2026-12-30 05:40:00,-0.2921919,low-flow
2026-12-30 05:50:00,-0.19658747,low-flow
2026-12-30 06:00:00,-0.0999684,low-flow
2026-12-30 06:10:00,-0.0029862213,low-flow
2026-12-30 06:20:00,0.09370806,high-flow
2026-12-30 06:30:00,0.18946731,high-flow
2026-12-30 06:40:00,0.2836515,high-flow
2026-12-30 06:50:00,0.37563094,high-flow
2026-12-30 07:00:00,0.46478945,high-flow
2026-12-30 07:10:00,0.5505278,high-flow
2026-12-30 07:20:00,0.6322676,high-flow
2026-12-30 07:30:00,0.70945483,high-flow
2026-12-30 07:40:00,0.78156435,high-flow
2026-12-30 07:50:00,0.84810376,high-flow
2026-12-30 08:00:00,0.9086182,high-flow
2026-12-30 08:10:00,0.96269387,high-flow
2026-12-30 08:20:00,1.0099622,high-flow
2026-12-30 08:30:00,1.050103,high-flow
2026-12-30 08:40:00,1.0828471,high-flow
2026-12-30 08:50:00,1.1079782,high-flow
2026-12-30 09:00:00,1.1253343,high-flow
2026-12-30 09:10:00,1.1348077,high-flow
2026-12-30 09:20:00,1.1363453,high-flow
2026-12-30 09:30:00,1.1299472,high-ebb
2026-12-30 09:40:00,1.115666,high-ebb
2026-12-30 09:50:00,1.0936059,high-ebb
2026-12-30 10:00:00,1.0639201,high-ebb
2026-12-30 10:10:00,1.026811,high-ebb
2026-12-30 10:20:00,0.9825283,high-ebb
2026-12-30 10:30:00,0.9313689,high-ebb
2026-12-30 10:40:00,0.8736759,high-ebb
2026-12-30 10:50:00,0.8098386,high-ebb
2026-12-30 11:00:00,0.74029213,high-ebb
2026-12-30 11:10:00,0.66551656,high-ebb
2026-12-30 11:20:00,0.58603597,high-ebb
2026-12-30 11:30:00,0.5024166,high-ebb
2026-12-30 11:40:00,0.41526413,high-ebb
2026-12-30 11:50:00,0.32521978,high-ebb
2026-12-30 12:00:00,0.23295556,high-ebb
2026-12-30 12:10:00,0.13916826,high-ebb
2026-12-30 12:20:00,0.044572387,high-ebb
2026-12-30 12:30:00,-0.050107613,low-ebb
2026-12-30 12:40:00,-0.1441457,low-ebb
2026-12-30 12:50:00,-0.2368228,low-ebb
2026-12-30 13:00:00,-0.3274353,low-ebb
2026-12-30 13:10:00,-0.4153031,low-ebb
2026-12-30 13:20:00,-0.4997767,low-ebb
2026-12-30 13:30:00,-0.5802436,low-ebb
2026-12-30 13:40:00,-0.65613335,low-ebb
2026-12-30 13:50:00,-0.7269213,low-ebb
2026-12-30 14:00:00,-0.7921314,low-ebb
2026-12-30 14:10:00,-0.85133725,low-ebb
2026-12-30 14:20:00,-0.90416306,low-ebb
2026-12-30 14:30:00,-0.95028317,low-ebb
2026-12-30 14:40:00,-0.98942155,low-ebb
2026-12-30 14:50:00,-1.0213509,low-ebb
2026-12-30 15:00:00,-1.0458918,low-ebb
2026-12-30 15:10:00,-1.0629123,low-ebb
2026-12-30 15:20:00,-1.0723279,low-ebb
2026-12-30 15:30:00,-1.0741009,low-ebb
2026-12-30 15:40:00,-1.0682417,low-flow
2026-12-30 15:50:00,-1.0548096,low-flow
2026-12-30 16:00:00,-1.0339129,low-flow
2026-12-30 16:10:00,-1.0057104,low-flow
2026-12-30 16:20:00,-0.9704113,low-flow
2026-12-30 16:30:00,-0.92827517,low-flow
2026-12-30 16:40:00,-0.8796113,low-flow
2026-12-30 16:50:00,-0.8247769,low-flow
2026-12-30 17:00:00,-0.7641748,low-flow
2026-12-30 17:10:00,-0.6982503,low-flow
2026-12-30 17:20:00,-0.62748706,low-flow
2026-12-30 17:30:00,-0.5524029,low-flow
2026-12-30 17:40:00,-0.47354478,low-flow
2026-12-30 17:50:00,-0.39148363,low-flow
2026-12-30 18:00:00,-0.30680966,low-flow
2026-12-30 18:10:00,-0.22012718,low-flow
2026-12-30 18:20:00,-0.13205001,low-flow
2026-12-30 18:30:00,-0.043197315,low-flow
2026-12-30 18:40:00,0.045810312,high-flow
2026-12-30 18:50:00,0.13435446,high-flow
2026-12-30 19:00:00,0.22182217,high-flow
2026-12-30 19:10:00,0.30760914,high-flow
2026-12-30 19:20:00,0.3911228,high-flow
2026-12-30 19:30:00,0.4717855,high-flow
2026-12-30 19:40:00,0.54903805,high-flow
2026-12-30 19:50:00,0.622343,high-flow
2026-12-30 20:00:00,0.6911888,high-flow
2026-12-30 20:10:00,0.75509316,high-flow
2026-12-30 20:20:00,0.81360763,high-flow
2026-12-30 20:30:00,0.8663209,high-flow
2026-12-30 20:40:00,0.9128627,high-flow
2026-12-30 20:50:00,0.95290685,high-flow
2026-12-30 21:00:00,0.986174,high-flow
2026-12-30 21:10:00,1.0124333,high-flow
2026-12-30 21:20:00,1.031504,high-flow
2026-12-30 21:30:00,1.0432558,high-flow
2026-12-30 21:40:00,1.0476084,high-flow
2026-12-30 21:50:00,1.0445311,high-ebb
2026-12-30 22:00:00,1.034042,high-ebb
2026-12-30 22:10:00,1.0162061,high-ebb
2026-12-30 22:20:00,0.99113417,high-ebb
2026-12-30 22:30:00,0.9589819,high-ebb
2026-12-30 22:40:00,0.9199485,high-ebb
2026-12-30 22:50:00,0.8742765,high-ebb
2026-12-30 23:00:00,0.8222514,high-ebb
2026-12-30 23:10:00,0.7642014,high-ebb
2026-12-30 23:20:00,0.7004981,high-ebb
2026-12-30 23:30:00,0.6315559,high-ebb
2026-12-30 23:40:00,0.5578323,high-ebb
2026-12-30 23:50:00,0.47982678,high-ebb
2026-12-31 00:00:00,0.39807928,high-ebb
2026-12-31 00:10:00,0.31316766,high-ebb
2026-12-31 00:20:00,0.22570413,high-ebb
2026-12-31 00:30:00,0.13633032,high-ebb
2026-12-31 00:40:00,0.0457115,high-ebb
2026-12-31 00:50:00,-0.045470305,low-ebb
2026-12-31 01:00:00,-0.13652384,low-ebb
2026-12-31 01:10:00,-0.22675672,low-ebb
2026-12-31 01:20:00,-0.31548354,low-ebb
2026-12-31 01:30:00,-0.4020339,low-ebb
2026-12-31 01:40:00,-0.48575982,low-ebb
2026-12-31 01:50:00,-0.5660425,low-ebb
2026-12-31 02:00:00,-0.6422978,low-ebb
2026-12-31 02:10:00,-0.71398085,low-ebb
2026-12-31 02:20:00,-0.78058946,low-ebb
2026-12-31 02:30:00,-0.8416663,low-ebb
2026-12-31 02:40:00,-0.8968,low-ebb
2026-12-31 02:50:00,-0.94562596,low-ebb
2026-12-31 03:00:00,-0.98782593,low-ebb
2026-12-31 03:10:00,-1.023128,low-ebb
2026-12-31 03:20:00,-1.0513062,low-ebb
2026-12-31 03:30:00,-1.07218,low-ebb
2026-12-31 03:40:00,-1.0856147,low-ebb
2026-12-31 03:50:00,-1.0915217,low-ebb
2026-12-31 04:00:00,-1.0898596,low-ebb
2026-12-31 04:10:00,-1.0806351,low-flow
2026-12-31 04:20:00,-1.063904,low-flow
2026-12-31 04:30:00,-1.0397732,low-flow
2026-12-31 04:40:00,-1.0084007,low-flow
2026-12-31 04:50:00,-0.9699965,low-flow
2026-12-31 05:00:00,-0.9248224,low-flow
2026-12-31 05:10:00,-0.8731907,low-flow
2026-12-31 05:20:00,-0.8154628,low-flow
2026-12-31 05:30:00,-0.752046,low-flow
2026-12-31 05:40:00,-0.68339014,low-flow
2026-12-31 05:50:00,-0.6099834,low-flow
2026-12-31 06:00:00,-0.5323474,low-flow
2026-12-31 06:10:00,-0.45103216,low-flow
2026-12-31 06:20:00,-0.36661094,low-flow
2026-12-31 06:30:00,-0.27967492,low-flow
2026-12-31 06:40:00,-0.19082838,low-flow
2026-12-31 06:50:00,-0.10068401,low-flow
2026-12-31 07:00:00,-0.009858631,low-flow
2026-12-31 07:10:00,0.08103062,high-flow
2026-12-31 07:20:00,0.1713699,high-flow
2026-12-31 07:30:00,0.26055193,high-flow
2026-12-31 07:40:00,0.34797925,high-flow
2026-12-31 07:50:00,0.4330673,high-flow
2026-12-31 08:00:00,0.51524776,high-flow
2026-12-31 08:10:00,0.5939719,high-flow
2026-12-31 08:20:00,0.66871405,high-flow
2026-12-31 08:30:00,0.7389755,high-flow
2026-12-31 08:40:00,0.804288,high-flow
2026-12-31 08:50:00,0.86421776,high-flow
2026-12-31 09:00:00,0.91836846,high-flow
2026-12-31 09:10:00,0.96638507,high-flow
2026-12-31 09:20:00,1.007956,high-flow
2026-12-31 09:30:00,1.0428153,high-flow
2026-12-31 09:40:00,1.0707442,high-flow
2026-12-31 09:50:00,1.0915715,high-flow
2026-12-31 10:00:00,1.1051736,high-flow
2026-12-31 10:10:00,1.1114744,high-flow
2026-12-31 10:20:00,1.1104435,high-flow
2026-12-31 10:30:00,1.1020956,high-ebb
2026-12-31 10:40:00,1.086489,high-ebb
2026-12-31 10:50:00,1.0637242,high-ebb
2026-12-31 11:00:00,1.0339432,high-ebb
2026-12-31 11:10:00,0.997329,high-ebb
2026-12-31 11:20:00,0.9541054,high-ebb
2026-12-31 11:30:00,0.90453696,high-ebb
2026-12-31 11:40:00,0.8489301,high-ebb
2026-12-31 11:50:00,0.78763294,high-ebb
2026-12-31 12:00:00,0.72103626,high-ebb
2026-12-31 12:10:00,0.6495733,high-ebb
2026-12-31 12:20:00,0.5737192,high-ebb
2026-12-31 12:30:00,0.49398944,high-ebb
2026-12-31 12:40:00,0.41093752,high-ebb
2026-12-31 12:50:00,0.32515112,high-ebb
2026-12-31 13:00:00,0.23724735,high-ebb
2026-12-31 13:10:00,0.14786698,high-ebb
2026-12-31 13:20:00,0.057667535,high-ebb
2026-12-31 13:30:00,-0.032684095,low-ebb
2026-12-31 13:40:00,-0.12251945,low-ebb
2026-12-31 13:50:00,-0.21117635,low-ebb
2026-12-31 14:00:00,-0.2980065,low-ebb
2026-12-31 14:10:00,-0.38238242,low-ebb
2026-12-31 14:20:00,-0.4637036,low-ebb
2026-12-31 14:30:00,-0.5414016,low-ebb
2026-12-31 14:40:00,-0.6149443,low-ebb
2026-12-31 14:50:00,-0.6838384,low-ebb
2026-12-31 15:00:00,-0.74763197,low-ebb
2026-12-31 15:10:00,-0.80591506,low-ebb
2026-12-31 15:20:00,-0.85832053,low-ebb
2026-12-31 15:30:00,-0.9045241,low-ebb
2026-12-31 15:40:00,-0.94424427,low-ebb
2026-12-31 15:50:00,-0.97724265,low-ebb
2026-12-31 16:00:00,-1.0033239,low-ebb
2026-12-31 16:10:00,-1.0223371,low-ebb
2026-12-31 16:20:00,-1.0341758,low-ebb
2026-12-31 16:30:00,-1.0387803,low-ebb
2026-12-31 16:40:00,-1.0361389,low-flow
2026-12-31 16:50:00,-1.0262892,low-flow
2026-12-31 17:00:00,-1.0093199,low-flow
2026-12-31 17:10:00,-0.9853713,low-flow
2026-12-31 17:20:00,-0.9546362,low-flow
2026-12-31 17:30:00,-0.91735923,low-flow
2026-12-31 17:40:00,-0.87383544,low-flow
2026-12-31 17:50:00,-0.8244082,low-flow
2026-12-31 18:00:00,-0.7694661,low-flow
2026-12-31 18:10:00,-0.7094392,low-flow
2026-12-31 18:20:00,-0.64479434,low-flow
2026-12-31 18:30:00,-0.57603,low-flow
2026-12-31 18:40:00,-0.5036715,low-flow
2026-12-31 18:50:00,-0.42826533,low-flow
2026-12-31 19:00:00,-0.3503742,low-flow
2026-12-31 19:10:00,-0.27057213,low-flow
2026-12-31 19:20:00,-0.1894401,low-flow
2026-12-31 19:30:00,-0.10756181,low-flow
2026-12-31 19:40:00,-0.025520036,low-flow
2026-12-31 19:50:00,0.056106687,high-flow
2026-12-31 20:00:00,0.13674727,high-flow
2026-12-31 20:10:00,0.21584107,high-flow
2026-12-31 20:20:00,0.292841,high-flow
2026-12-31 20:30:00,0.36721647,high-flow
2026-12-31 20:40:00,0.43845686,high-flow
2026-12-31 20:50:00,0.50607467,high-flow
2026-12-31 21:00:00,0.56960905,high-flow
2026-12-31 21:10:00,0.62862927,high-flow
2026-12-31 21:20:00,0.68273807,high-flow
2026-12-31 21:30:00,0.7315744,high-flow
2026-12-31 21:40:00,0.7748166,high-flow
2026-12-31 21:50:00,0.8121838,high-flow
2026-12-31 22:00:00,0.84343815,high-flow
2026-12-31 22:10:00,0.86838496,high-flow
2026-12-31 22:20:00,0.8868731,high-flow
2026-12-31 22:30:00,0.89879483,high-flow
2026-12-31 22:40:00,0.90408427,high-flow
2026-12-31 22:50:00,0.9027168,high-flow
2026-12-31 23:00:00,0.8947077,high-ebb
2026-12-31 23:10:00,0.8801107,high-ebb
2026-12-31 23:20:00,0.8590172,high-ebb
2026-12-31 23:30:00,0.83155596,high-ebb
2026-12-31 23:40:00,0.7978929,high-ebb
2026-12-31 23:50:00,0.7582314,high-ebb
