time,EOT20_heightm,GOT5.5_heightm,GOT5.6_heightm,FES2022_heightm,EOT20_stage,GOT5.5_stage,GOT5.6_stage,FES2022_stage
2026-07-15 00:10:00,-0.24121308,-0.22498158,-0.26690304,-0.25980407,low-flow,low-flow,low-flow,low-flow
2026-07-15 00:20:00,-0.13434565,-0.118973546,-0.15815683,-0.15101716,low-flow,low-flow,low-flow,low-flow
2026-07-15 00:30:00,-0.0249046,-0.010894976,-0.046754457,-0.039622545,low-flow,low-flow,low-flow,low-flow
2026-07-15 00:40:00,0.086394265,0.09856022,0.06656139,0.07363622,high-flow,high-flow,high-flow,high-flow
2026-07-15 00:50:00,0.19882141,0.20869642,0.18103357,0.1880014,high-flow,high-flow,high-flow,high-flow
2026-07-15 01:00:00,0.31163788,0.31882018,0.29589516,0.30270585,high-flow,high-flow,high-flow,high-flow
2026-07-15 01:10:00,0.42409953,0.42824337,0.41037428,0.41697788,high-flow,high-flow,high-flow,high-flow
2026-07-15 01:20:00,0.53546125,0.5362861,0.5236989,0.5300459,high-flow,high-flow,high-flow,high-flow
2026-07-15 01:30:00,0.6449813,0.6422786,0.6351016,0.64114344,high-flow,high-flow,high-flow,high-flow
2026-07-15 01:40:00,0.7519256,0.7455634,0.74382424,0.74951375,high-flow,high-flow,high-flow,high-flow
2026-07-15 01:50:00,0.855572,0.84549654,0.8491228,0.85441446,high-flow,high-flow,high-flow,high-flow
2026-07-15 02:00:00,0.95521456,0.9414496,0.95027214,0.9551225,high-flow,high-flow,high-flow,high-flow
2026-07-15 02:10:00,1.0501678,1.0328109,1.0465703,1.0509385,high-flow,high-flow,high-flow,high-flow
2026-07-15 02:20:00,1.1397712,1.1189882,1.1373432,1.1411914,high-flow,high-flow,high-flow,high-flow
2026-07-15 02:30:00,1.223393,1.1994103,1.2219493,1.2252429,high-flow,high-flow,high-flow,high-flow
2026-07-15 02:40:00,1.3004348,1.273531,1.2997835,1.3024914,high-flow,high-flow,high-flow,high-flow
2026-07-15 02:50:00,1.3703355,1.3408313,1.3702813,1.3723767,high-flow,high-flow,high-flow,high-flow
2026-07-15 03:00:00,1.4325752,1.4008242,1.4329232,1.4343834,high-flow,high-flow,high-flow,high-flow
2026-07-15 03:10:00,1.4866793,1.453058,1.4872378,1.488045,high-flow,high-flow,high-flow,high-flow
2026-07-15 03:20:00,1.5322223,1.4971211,1.5328063,1.5329472,high-flow,high-flow,high-flow,high-flow
2026-07-15 03:30:00,1.5688308,1.5326456,1.5692647,1.5687313,high-flow,high-flow,high-flow,high-flow
2026-07-15 03:40:00,1.5961877,1.5593119,1.5963075,1.5950972,high-flow,high-flow,high-flow,high-flow
2026-07-15 03:50:00,1.6140345,1.5768518,1.6136905,1.6118057,high-flow,high-flow,high-flow,high-flow
2026-07-15 04:00:00,1.6221744,1.5850521,1.6212325,1.6186813,high-flow,high-flow,high-flow,high-flow
2026-07-15 04:10:00,1.6204743,1.583757,1.618818,1.6156139,high-flow,high-flow,high-flow,high-ebb
2026-07-15 04:20:00,1.6088676,1.5728701,1.606398,1.60256,high-ebb,high-ebb,high-ebb,high-ebb
2026-07-15 04:30:00,1.5873548,1.552356,1.5839918,1.5795443,high-ebb,high-ebb,high-ebb,high-ebb
2026-07-15 04:40:00,1.5560051,1.5222417,1.5516871,1.5466596,high-ebb,high-ebb,high-ebb,high-ebb
2026-07-15 04:50:00,1.5149568,1.4826168,1.5096406,1.5040677,high-ebb,high-ebb,high-ebb,high-ebb
2026-07-15 05:00:00,1.4644173,1.4336342,1.4580772,1.4519984,high-ebb,high-ebb,high-ebb,high-ebb
2026-07-15 05:10:00,1.4046627,1.3755102,1.3972894,1.3907485,high-ebb,high-ebb,high-ebb,high-ebb
2026-07-15 05:20:00,1.3360364,1.3085256,1.3276356,1.3206809,high-ebb,high-ebb,high-ebb,high-ebb
2026-07-15 05:30:00,1.2589476,1.2330242,1.2495385,1.2422218,high-ebb,high-ebb,high-ebb,high-ebb
2026-07-15 05:40:00,1.173869,1.1494149,1.1634822,1.1558589,high-ebb,high-ebb,high-ebb,high-ebb
2026-07-15 05:50:00,1.0813333,1.0581703,1.0700094,1.0621376,high-ebb,high-ebb,high-ebb,high-ebb
2026-07-15 06:00:00,0.9819306,0.9598268,0.96971744,0.961658,high-ebb,high-ebb,high-ebb,high-ebb
2026-07-15 06:10:00,0.8763035,0.8549839,0.8632549,0.8550703,high-ebb,high-ebb,high-ebb,high-ebb
2026-07-15 06:20:00,0.76514304,0.7443026,0.7513165,0.7430706,high-ebb,high-ebb,high-ebb,high-ebb
2026-07-15 06:30:00,0.6491832,0.6285029,0.6346381,0.6263956,high-ebb,high-ebb,high-ebb,high-ebb
2026-07-15 06:40:00,0.5291957,0.5083603,0.5139917,0.5058174,high-ebb,high-ebb,high-ebb,high-ebb
2026-07-15 06:50:00,0.40598378,0.38470092,0.39017949,0.3821379,high-ebb,high-ebb,high-ebb,high-ebb
2026-07-15 07:00:00,0.280376,0.25839496,0.2640277,0.25618234,high-ebb,high-ebb,high-ebb,high-ebb
2026-07-15 07:10:00,0.15321974,0.13034919,0.13638067,0.12879346,high-ebb,high-ebb,high-ebb,high-ebb
2026-07-15 07:20:00,0.02537452,0.001497829,0.008094069,0.00082487904,high-ebb,high-ebb,high-ebb,high-ebb
2026-07-15 07:30:00,-0.10229508,-0.12720777,-0.11997146,-0.12686545,low-ebb,low-ebb,low-ebb,low-ebb
2026-07-15 07:40:00,-0.22892618,-0.25481024,-0.24695699,-0.25342175,low-ebb,low-ebb,low-ebb,low-ebb
2026-07-15 07:50:00,-0.35366458,-0.3803579,-0.37201193,-0.37799713,low-ebb,low-ebb,low-ebb,low-ebb
2026-07-15 08:00:00,-0.4756715,-0.50291663,-0.49430048,-0.4997599,low-ebb,low-ebb,low-ebb,low-ebb
2026-07-15 08:10:00,-0.5941302,-0.62158144,-0.61300814,-0.61790013,low-ebb,low-ebb,low-ebb,low-ebb
2026-07-15 08:20:00,-0.70825255,-0.7354874,-0.72734785,-0.7316356,low-ebb,low-ebb,low-ebb,low-ebb
2026-07-15 08:30:00,-0.8172849,-0.84381974,-0.8365658,-0.8402177,low-ebb,low-ebb,low-ebb,low-ebb
2026-07-15 08:40:00,-0.92051363,-0.94582224,-0.9399471,-0.9429372,low-ebb,low-ebb,low-ebb,low-ebb
2026-07-15 08:50:00,-1.017271,-1.0408041,-1.0368214,-1.0391291,low-ebb,low-ebb,low-ebb,low-ebb
2026-07-15 09:00:00,-1.1069396,-1.128146,-1.1265668,-1.1281778,low-ebb,low-ebb,low-ebb,low-ebb
2026-07-15 09:10:00,-1.1889563,-1.207303,-1.2086151,-1.2095207,low-ebb,low-ebb,low-ebb,low-ebb
2026-07-15 09:20:00,-1.2628165,-1.2778071,-1.2824556,-1.2826531,low-ebb,low-ebb,low-ebb,low-ebb
2026-07-15 09:30:00,-1.3280778,-1.3392678,-1.3476377,-1.3471305,low-ebb,low-ebb,low-ebb,low-ebb
2026-07-15 09:40:00,-1.3843613,-1.3913717,-1.4037747,-1.402572,low-ebb,low-ebb,low-ebb,low-ebb
2026-07-15 09:50:00,-1.4313545,-1.4338814,-1.4505457,-1.4486623,low-ebb,low-ebb,low-ebb,low-ebb
2026-07-15 10:00:00,-1.468813,-1.4666328,-1.4876969,-1.4851533,low-ebb,low-ebb,low-ebb,low-ebb
2026-07-15 10:10:00,-1.4965603,-1.4895333,-1.5150436,-1.5118656,low-ebb,low-ebb,low-ebb,low-ebb
2026-07-15 10:20:00,-1.5144895,-1.5025593,-1.5324706,-1.5286885,low-ebb,low-ebb,low-ebb,low-ebb
2026-07-15 10:30:00,-1.5225619,-1.5057534,-1.5399315,-1.5355811,low-ebb,low-ebb,low-ebb,low-ebb
2026-07-15 10:40:00,-1.5208068,-1.4992219,-1.53745,-1.5325705,low-ebb,low-flow,low-ebb,low-flow
2026-07-15 10:50:00,-1.5093203,-1.4831332,-1.525117,-1.5197518,low-flow,low-flow,low-flow,low-flow
2026-07-15 11:00:00,-1.4882632,-1.4577149,-1.5030909,-1.4972868,low-flow,low-flow,low-flow,low-flow
2026-07-15 11:10:00,-1.4578598,-1.4232521,-1.4715949,-1.4654014,low-flow,low-flow,low-flow,low-flow
2026-07-15 11:20:00,-1.4183946,-1.380085,-1.4309151,-1.4243844,low-flow,low-flow,low-flow,low-flow
2026-07-15 11:30:00,-1.3702097,-1.3286061,-1.3813977,-1.3745836,low-flow,low-flow,low-flow,low-flow
2026-07-15 11:40:00,-1.3137026,-1.2692577,-1.3234465,-1.3164042,low-flow,low-flow,low-flow,low-flow
2026-07-15 11:50:00,-1.2493215,-1.2025282,-1.2575191,-1.2503048,low-flow,low-flow,low-flow,low-flow
2026-07-15 12:00:00,-1.177563,-1.1289485,-1.1841236,-1.1767937,low-flow,low-flow,low-flow,low-flow
2026-07-15 12:10:00,-1.0989678,-1.0490872,-1.1038152,-1.096426,low-flow,low-flow,low-flow,low-flow
2026-07-15 12:20:00,-1.0141171,-0.9635465,-1.0171915,-1.0097985,low-flow,low-flow,low-flow,low-flow
2026-07-15 12:30:00,-0.92362857,-0.87295645,-0.924889,-0.9175467,low-flow,low-flow,low-flow,low-flow
2026-07-15 12:40:00,-0.8281522,-0.77796996,-0.8275783,-0.82033944,low-flow,low-flow,low-flow,low-flow
2026-07-15 12:50:00,-0.7283663,-0.6792577,-0.7259597,-0.71887517,low-flow,low-flow,low-flow,low-flow
2026-07-15 13:00:00,-0.62497324,-0.5775028,-0.6207589,-0.61387706,low-flow,low-flow,low-flow,low-flow
2026-07-15 13:10:00,-0.5186951,-0.4733965,-0.512722,-0.5060885,low-flow,low-flow,low-flow,low-flow
2026-07-15 13:20:00,-0.41026956,-0.36763385,-0.40261087,-0.39626828,low-flow,low-flow,low-flow,low-flow
2026-07-15 13:30:00,-0.30044544,-0.26090994,-0.2911983,-0.2851858,low-flow,low-flow,low-flow,low-flow
2026-07-15 13:40:00,-0.18997821,-0.15391715,-0.17926325,-0.1736165,low-flow,low-flow,low-flow,low-flow
2026-07-15 13:50:00,-0.07962583,-0.047342375,-0.06758582,-0.062336672,low-flow,low-flow,low-flow,low-flow
2026-07-15 14:00:00,0.029855834,0.058134977,0.043057505,0.04788107,high-flow,high-flow,high-flow,high-flow
2026-07-15 14:10:00,0.13771743,0.16184486,0.15189877,0.15627278,high-flow,high-flow,high-flow,high-flow
2026-07-15 14:20:00,0.24322054,0.26312837,0.2581834,0.26208794,high-flow,high-flow,high-flow,high-flow
2026-07-15 14:30:00,0.34564218,0.36133954,0.36117494,0.36459416,high-flow,high-flow,high-flow,high-flow
2026-07-15 14:40:00,0.4442792,0.45584744,0.4601599,0.46308205,high-flow,high-flow,high-flow,high-flow
2026-07-15 14:50:00,0.5384528,0.5460386,0.5544524,0.5568696,high-flow,high-flow,high-flow,high-flow
2026-07-15 15:00:00,0.6275128,0.63132006,0.64339864,0.64530694,high-flow,high-flow,high-flow,high-flow
2026-07-15 15:10:00,0.71084225,0.7111225,0.72638136,0.7277806,high-flow,high-flow,high-flow,high-flow
2026-07-15 15:20:00,0.78786135,0.7849044,0.80282426,0.80371773,high-flow,high-flow,high-flow,high-flow
2026-07-15 15:30:00,0.8580319,0.8521561,0.87219584,0.8725903,high-flow,high-flow,high-flow,high-flow
2026-07-15 15:40:00,0.92086124,0.9124042,0.93401355,0.93391895,high-flow,high-flow,high-flow,high-flow
2026-07-15 15:50:00,0.97590595,0.96521604,0.98784727,0.9872765,high-flow,high-flow,high-flow,high-flow
2026-07-15 16:00:00,1.0227758,1.0102043,1.0333228,1.0322914,high-flow,high-flow,high-flow,high-flow
2026-07-15 16:10:00,1.0611368,1.0470309,1.0701247,1.0686508,high-flow,high-flow,high-flow,high-flow
2026-07-15 16:20:00,1.0907147,1.0754107,1.0979996,1.0961032,high-flow,high-flow,high-flow,high-flow
2026-07-15 16:30:00,1.1112974,1.0951147,1.1167573,1.1144608,high-flow,high-flow,high-flow,high-flow
2026-07-15 16:40:00,1.1227373,1.1059726,1.1262742,1.1236014,high-flow,high-flow,high-flow,high-flow
2026-07-15 16:50:00,1.1249536,1.1078748,1.1264939,1.1234701,high-flow,high-flow,high-flow,high-flow
2026-07-15 17:00:00,1.1179335,1.1007735,1.1174284,1.1140798,high-ebb,high-ebb,high-ebb,high-ebb
2026-07-15 17:10:00,1.1017332,1.0846845,1.0991585,1.0955126,high-ebb,high-ebb,high-ebb,high-ebb
2026-07-15 17:20:00,1.0764785,1.0596871,1.0718341,1.0679189,high-ebb,high-ebb,high-ebb,high-ebb
2026-07-15 17:30:00,1.0423646,1.025925,1.0356731,1.0315173,high-ebb,high-ebb,high-ebb,high-ebb
2026-07-15 17:40:00,0.9996553,0.98360646,0.9909613,0.9865936,high-ebb,high-ebb,high-ebb,high-ebb
2026-07-15 17:50:00,0.94868183,0.9330045,0.9380495,0.933499,high-ebb,high-ebb,high-ebb,high-ebb
2026-07-15 18:00:00,0.88984084,0.87445706,0.87735224,0.8726478,high-ebb,high-ebb,high-ebb,high-ebb
2026-07-15 18:10:00,0.8235919,0.80836725,0.8093447,0.80451506,high-ebb,high-ebb,high-ebb,high-ebb
2026-07-15 18:20:00,0.75045437,0.73520297,0.7345592,0.7296329,high-ebb,high-ebb,high-ebb,high-ebb
2026-07-15 18:30:00,0.6710037,0.6554963,0.6535818,0.64858687,high-ebb,high-ebb,high-ebb,high-ebb
2026-07-15 18:40:00,0.5858671,0.5698425,0.5670476,0.5620116,high-ebb,high-ebb,high-ebb,high-ebb
2026-07-15 18:50:00,0.49571875,0.478898,0.47563615,0.47058612,high-ebb,high-ebb,high-ebb,high-ebb
2026-07-15 19:00:00,0.4012745,0.38337702,0.38006622,0.37502855,high-ebb,high-ebb,high-ebb,high-ebb
2026-07-15 19:10:00,0.3032862,0.28404766,0.28109023,0.27609062,high-ebb,high-ebb,high-ebb,high-ebb
2026-07-15 19:20:00,0.20253547,0.18172617,0.17948821,0.17455176,high-ebb,high-ebb,high-ebb,high-ebb
2026-07-15 19:30:00,0.09982743,0.07726977,0.07606186,0.07121285,high-ebb,high-ebb,high-ebb,high-ebb
2026-07-15 19:40:00,-0.0040160716,-0.028431749,-0.02837205,-0.03311001,low-ebb,low-ebb,low-ebb,low-ebb
2026-07-15 19:50:00,-0.108163245,-0.13446572,-0.13298808,-0.13759215,low-ebb,low-ebb,low-ebb,low-ebb
2026-07-15 20:00:00,-0.21177931,-0.23990737,-0.2369588,-0.24140689,low-ebb,low-ebb,low-ebb,low-ebb
2026-07-15 20:10:00,-0.3140335,-0.34383133,-0.33946142,-0.34373218,low-ebb,low-ebb,low-ebb,low-ebb
2026-07-15 20:20:00,-0.41410586,-0.44532344,-0.43968427,-0.4437572,low-ebb,low-ebb,low-ebb,low-ebb
2026-07-15 20:30:00,-0.51119417,-0.54349256,-0.53683347,-0.54068875,low-ebb,low-ebb,low-ebb,low-ebb
2026-07-15 20:40:00,-0.6045205,-0.6374818,-0.63013905,-0.63375777,low-ebb,low-ebb,low-ebb,low-ebb
2026-07-15 20:50:00,-0.69333726,-0.72647923,-0.718861,-0.722225,low-ebb,low-ebb,low-ebb,low-ebb
2026-07-15 21:00:00,-0.77693367,-0.8097269,-0.80229515,-0.8053872,low-ebb,low-ebb,low-ebb,low-ebb
2026-07-15 21:10:00,-0.85464096,-0.8865287,-0.87977844,-0.8825823,low-ebb,low-ebb,low-ebb,low-ebb
2026-07-15 21:20:00,-0.9258375,-0.9562566,-0.950694,-0.9531944,low-ebb,low-ebb,low-ebb,low-ebb
2026-07-15 21:30:00,-0.9899538,-1.0183553,-1.014476,-1.0166584,low-ebb,low-ebb,low-ebb,low-ebb
2026-07-15 21:40:00,-1.0464762,-1.0723447,-1.0706128,-1.0724643,low-ebb,low-ebb,low-ebb,low-ebb
2026-07-15 21:50:00,-1.0949508,-1.1178217,-1.118652,-1.1201607,low-ebb,low-ebb,low-ebb,low-ebb
2026-07-15 22:00:00,-1.134986,-1.1544598,-1.1582023,-1.1593575,low-ebb,low-ebb,low-ebb,low-ebb
2026-07-15 22:10:00,-1.1662557,-1.1820089,-1.1889367,-1.1897293,low-ebb,low-ebb,low-ebb,low-ebb
2026-07-15 22:20:00,-1.1885003,-1.2002921,-1.2105942,-1.2110165,low-ebb,low-ebb,low-ebb,low-ebb
2026-07-15 22:30:00,-1.2015281,-1.209205,-1.2229815,-1.2230275,low-ebb,low-ebb,low-ebb,low-ebb
2026-07-15 22:40:00,-1.2052165,-1.2087125,-1.2259734,-1.2256391,low-ebb,low-ebb,low-ebb,low-ebb
2026-07-15 22:50:00,-1.1995114,-1.1988457,-1.2195141,-1.2187971,low-flow,low-flow,low-flow,low-flow
2026-07-15 23:00:00,-1.1844273,-1.1797009,-1.2036163,-1.2025162,low-flow,low-flow,low-flow,low-flow
2026-07-15 23:10:00,-1.1600459,-1.1514354,-1.1783605,-1.1768794,low-flow,low-flow,low-flow,low-flow
2026-07-15 23:20:00,-1.1265153,-1.1142671,-1.1438946,-1.1420364,low-flow,low-flow,low-flow,low-flow
2026-07-15 23:30:00,-1.0840474,-1.0684713,-1.1004314,-1.0982027,low-flow,low-flow,low-flow,low-flow
2026-07-15 23:40:00,-1.0329167,-1.0143788,-1.0482477,-1.0456574,low-flow,low-flow,low-flow,low-flow
2026-07-15 23:50:00,-0.97345644,-0.9523734,-0.9876808,-0.98474026,low-flow,low-flow,low-flow,low-flow
2026-07-16 00:00:00,-0.90605676,-0.8828898,-0.9191266,-0.91584975,low-flow,low-flow,low-flow,low-flow
2026-07-16 00:10:00,-0.831161,-0.80641,-0.8430361,-0.8394396,low-flow,low-flow,low-flow,low-flow
2026-07-16 00:20:00,-0.74926263,-0.72346,-0.75991225,-0.7560151,low-flow,low-flow,low-flow,low-flow
2026-07-16 00:30:00,-0.6609012,-0.6346057,-0.67030615,-0.6661302,low-flow,low-flow,low-flow,low-flow
2026-07-16 00:40:00,-0.56665885,-0.54044825,-0.57481337,-0.57038283,low-flow,low-flow,low-flow,low-flow
2026-07-16 00:50:00,-0.46715626,-0.4416196,-0.47406974,-0.4694113,low-flow,low-flow,low-flow,low-flow
2026-07-16 01:00:00,-0.36304864,-0.33877686,-0.36874717,-0.36388996,low-flow,low-flow,low-flow,low-flow
2026-07-16 01:10:00,-0.25502157,-0.23259737,-0.25954923,-0.25452453,low-flow,low-flow,low-flow,low-flow
2026-07-16 01:20:00,-0.14378662,-0.12377354,-0.14720656,-0.14204772,low-flow,low-flow,low-flow,low-flow
2026-07-16 01:30:00,-0.030077228,-0.013007933,-0.03247229,-0.02721454,low-flow,low-flow,low-flow,low-flow
2026-07-16 01:40:00,0.08535578,0.0989911,0.08388277,0.08920257,high-flow,high-flow,high-flow,high-flow
2026-07-16 01:50:00,0.2017486,0.21151341,0.20107493,0.20641853,high-flow,high-flow,high-flow,high-flow
2026-07-16 02:00:00,0.31832886,0.32385042,0.31831253,0.32364056,high-flow,high-flow,high-flow,high-flow
2026-07-16 02:10:00,0.43432012,0.43529803,0.43480083,0.4400731,high-flow,high-flow,high-flow,high-flow
2026-07-16 02:20:00,0.5489465,0.5451589,0.549747,0.5549229,high-flow,high-flow,high-flow,high-flow
2026-07-16 02:30:00,0.661437,0.65274477,0.66236514,0.6674038,high-flow,high-flow,high-flow,high-flow
2026-07-16 02:40:00,0.7710302,0.75737804,0.77188104,0.7767419,high-flow,high-flow,high-flow,high-flow
2026-07-16 02:50:00,0.8769789,0.8583939,0.8775374,0.8821806,high-flow,high-flow,high-flow,high-flow
2026-07-16 03:00:00,0.9785546,0.95514244,0.9785986,0.9829849,high-flow,high-flow,high-flow,high-flow
2026-07-16 03:10:00,1.0750521,1.0469909,1.0743554,1.0784471,high-flow,high-flow,high-flow,high-flow
2026-07-16 03:20:00,1.1657939,1.1333264,1.1641297,1.1678909,high-flow,high-flow,high-flow,high-flow
2026-07-16 03:30:00,1.250135,1.2135599,1.2472795,1.2506764,high-flow,high-flow,high-flow,high-flow
2026-07-16 03:40:00,1.3274668,1.2871289,1.3232032,1.3262042,high-flow,high-flow,high-flow,high-flow
2026-07-16 03:50:00,1.3972223,1.3535029,1.3913435,1.3939201,high-flow,high-flow,high-flow,high-flow
2026-07-16 04:00:00,1.4588792,1.4121865,1.4511923,1.4533188,high-flow,high-flow,high-flow,high-flow
2026-07-16 04:10:00,1.5119652,1.4627253,1.5022938,1.5039482,high-flow,high-flow,high-flow,high-flow
2026-07-16 04:20:00,1.5560604,1.5047096,1.5442488,1.5454128,high-flow,high-flow,high-flow,high-flow
2026-07-16 04:30:00,1.5908024,1.5377793,1.5767176,1.5773766,high-flow,high-flow,high-flow,high-flow
2026-07-16 04:40:00,1.6158886,1.5616276,1.599423,1.5995668,high-flow,high-flow,high-flow,high-flow
2026-07-16 04:50:00,1.6310796,1.5760045,1.6121532,1.6117758,high-flow,high-flow,high-flow,high-flow
2026-07-16 05:00:00,1.6362016,1.5807197,1.6147634,1.6138631,high-flow,high-flow,high-flow,high-flow
2026-07-16 05:10:00,1.6311493,1.5756453,1.6071782,1.6057581,high-ebb,high-ebb,high-ebb,high-ebb
2026-07-16 05:20:00,1.6158868,1.5607166,1.5893925,1.5874599,high-ebb,high-ebb,high-ebb,high-ebb
2026-07-16 05:30:00,1.5904495,1.5359344,1.5614724,1.5590394,high-ebb,high-ebb,high-ebb,high-ebb
2026-07-16 05:40:00,1.5549445,1.5013648,1.5235552,1.5206381,high-ebb,high-ebb,high-ebb,high-ebb
2026-07-16 05:50:00,1.5095512,1.4571403,1.4758492,1.4724689,high-ebb,high-ebb,high-ebb,high-ebb
2026-07-16 06:00:00,1.4545203,1.4034599,1.418633,1.4148146,high-ebb,high-ebb,high-ebb,high-ebb
2026-07-16 06:10:00,1.3901736,1.340589,1.352254,1.3480265,high-ebb,high-ebb,high-ebb,high-ebb
2026-07-16 06:20:00,1.3169014,1.26886,1.2771263,1.2725223,high-ebb,high-ebb,high-ebb,high-ebb
2026-07-16 06:30:00,1.2351613,1.1886717,1.193728,1.1887839,high-ebb,high-ebb,high-ebb,high-ebb
2026-07-16 06:40:00,1.1454747,1.1004897,1.1025982,1.0973532,high-ebb,high-ebb,high-ebb,high-ebb
2026-07-16 06:50:00,1.048423,1.0048457,1.0043334,0.9988296,high-ebb,high-ebb,high-ebb,high-ebb
2026-07-16 07:00:00,0.94464475,0.90233624,0.899583,0.893865,high-ebb,high-ebb,high-ebb,high-ebb
2026-07-16 07:10:00,0.8348298,0.7936215,0.789045,0.78315914,high-ebb,high-ebb,high-ebb,high-ebb
2026-07-16 07:20:00,0.71971476,0.67942226,0.67346054,0.6674548,high-ebb,high-ebb,high-ebb,high-ebb
2026-07-16 07:30:00,0.60007733,0.5605167,0.55360866,0.5475319,high-ebb,high-ebb,high-ebb,high-ebb
2026-07-16 07:40:00,0.47673023,0.43773502,0.4303,0.42420188,high-ebb,high-ebb,high-ebb,high-ebb
2026-07-16 07:50:00,0.35051486,0.31195313,0.3043711,0.29830122,high-ebb,high-ebb,high-ebb,high-ebb
2026-07-16 08:00:00,0.22229454,0.1840849,0.17667763,0.17068529,high-ebb,high-ebb,high-ebb,high-ebb
2026-07-16 08:10:00,0.092947766,0.055073068,0.048088025,0.042221654,high-ebb,high-ebb,high-ebb,high-ebb
2026-07-16 08:20:00,-0.036638983,-0.074121125,-0.08052334,-0.08621666,low-ebb,low-ebb,low-ebb,low-ebb
2026-07-16 08:30:00,-0.16557825,-0.202529,-0.20828287,-0.2137578,low-ebb,low-ebb,low-ebb,low-ebb
2026-07-16 08:40:00,-0.29298875,-0.32918617,-0.33432445,-0.33953783,low-ebb,low-ebb,low-ebb,low-ebb
2026-07-16 08:50:00,-0.41800234,-0.45314446,-0.45779607,-0.46270737,low-ebb,low-ebb,low-ebb,low-ebb
2026-07-16 09:00:00,-0.53977096,-0.57348335,-0.5778663,-0.58243793,low-ebb,low-ebb,low-ebb,low-ebb
2026-07-16 09:10:00,-0.65747327,-0.68932104,-0.69373065,-0.69792837,low-ebb,low-ebb,low-ebb,low-ebb
2026-07-16 09:20:00,-0.7703208,-0.79982454,-0.8046174,-0.80841047,low-ebb,low-ebb,low-ebb,low-ebb
2026-07-16 09:30:00,-0.87756413,-0.9042178,-0.90979344,-0.9131551,low-ebb,low-ebb,low-ebb,low-ebb
2026-07-16 09:40:00,-0.9784985,-1.0017892,-1.0085694,-1.0114768,low-ebb,low-ebb,low-ebb,low-ebb
2026-07-16 09:50:00,-1.0724686,-1.0918968,-1.1003046,-1.1027393,low-ebb,low-ebb,low-ebb,low-ebb
2026-07-16 10:00:00,-1.1588734,-1.173972,-1.1844115,-1.1863594,low-ebb,low-ebb,low-ebb,low-ebb
2026-07-16 10:10:00,-1.2371701,-1.247522,-1.2603596,-1.261811,low-ebb,low-ebb,low-ebb,low-ebb
2026-07-16 10:20:00,-1.3068779,-1.3121302,-1.3276792,-1.3286285,low-ebb,low-ebb,low-ebb,low-ebb
2026-07-16 10:30:00,-1.36758,-1.3674561,-1.3859632,-1.38641,low-ebb,low-ebb,low-ebb,low-ebb
2026-07-16 10:40:00,-1.4189273,-1.4132338,-1.4348711,-1.4348186,low-ebb,low-ebb,low-ebb,low-ebb
2026-07-16 10:50:00,-1.4606386,-1.4492705,-1.4741293,-1.4735855,low-ebb,low-ebb,low-ebb,low-ebb
2026-07-16 11:00:00,-1.4925032,-1.4754438,-1.5035336,-1.5025102,low-ebb,low-ebb,low-ebb,low-ebb
2026-07-16 11:10:00,-1.5143799,-1.4916999,-1.522949,-1.5214616,low-ebb,low-ebb,low-ebb,low-ebb
2026-07-16 11:20:00,-1.5261984,-1.4980507,-1.5323105,-1.5303786,low-ebb,low-ebb,low-ebb,low-ebb
2026-07-16 11:30:00,-1.5279579,-1.4945724,-1.5316225,-1.5292687,low-ebb,low-flow,low-ebb,low-ebb
2026-07-16 11:40:00,-1.5197264,-1.4814026,-1.5209585,-1.5182086,low-flow,low-flow,low-flow,low-flow
2026-07-16 11:50:00,-1.5016392,-1.4587394,-1.5004593,-1.4973416,low-flow,low-flow,low-flow,low-flow
2026-07-16 12:00:00,-1.473897,-1.426839,-1.4703317,-1.4668772,low-flow,low-flow,low-flow,low-flow
2026-07-16 12:10:00,-1.4367634,-1.3860139,-1.4308462,-1.4270878,low-flow,low-flow,low-flow,low-flow
2026-07-16 12:20:00,-1.3905628,-1.3366305,-1.3823352,-1.3783072,low-flow,low-flow,low-flow,low-flow
2026-07-16 12:30:00,-1.3356766,-1.2791072,-1.3251894,-1.3209276,low-flow,low-flow,low-flow,low-flow
2026-07-16 12:40:00,-1.2725409,-1.2139107,-1.259855,-1.2553961,low-flow,low-flow,low-flow,low-flow
2026-07-16 12:50:00,-1.2016426,-1.1415528,-1.1868308,-1.1822119,low-flow,low-flow,low-flow,low-flow
2026-07-16 13:00:00,-1.1235157,-1.0625864,-1.106664,-1.1019222,low-flow,low-flow,low-flow,low-flow
2026-07-16 13:10:00,-1.0387377,-0.97760105,-1.0199462,-1.0151185,low-flow,low-flow,low-flow,low-flow
2026-07-16 13:20:00,-0.9479252,-0.8872176,-0.92731017,-0.922433,low-flow,low-flow,low-flow,low-flow
2026-07-16 13:30:00,-0.85173064,-0.79208374,-0.82942486,-0.8245336,low-flow,low-flow,low-flow,low-flow
2026-07-16 13:40:00,-0.7508374,-0.6928687,-0.7269912,-0.72212005,low-flow,low-flow,low-flow,low-flow
2026-07-16 13:50:00,-0.6459556,-0.59025806,-0.62073755,-0.61591923,low-flow,low-flow,low-flow,low-flow
2026-07-16 14:00:00,-0.5378183,-0.48494938,-0.5114151,-0.5066807,low-flow,low-flow,low-flow,low-flow
2026-07-16 14:10:00,-0.42717633,-0.3776478,-0.39979312,-0.39517176,low-flow,low-flow,low-flow,low-flow
2026-07-16 14:20:00,-0.31479448,-0.26906228,-0.286654,-0.2821726,low-flow,low-flow,low-flow,low-flow
2026-07-16 14:30:00,-0.20144664,-0.15990236,-0.17278837,-0.16847163,low-flow,low-flow,low-flow,low-flow
2026-07-16 14:40:00,-0.087911434,-0.050875377,-0.058990147,-0.05486047,low-flow,low-flow,low-flow,low-flow
2026-07-16 14:50:00,0.025032453,0.057316,0.053948436,0.057871155,high-flow,high-flow,high-flow,high-flow
2026-07-16 15:00:00,0.13661087,0.16397594,0.16524193,0.16894025,high-flow,high-flow,high-flow,high-flow
2026-07-16 15:10:00,0.24605875,0.2684176,0.27411664,0.2775756,high-flow,high-flow,high-flow,high-flow
2026-07-16 15:20:00,0.3526249,0.36996537,0.37981567,0.38302281,high-flow,high-flow,high-flow,high-flow
2026-07-16 15:30:00,0.45557648,0.4679573,0.48160383,0.48454905,high-flow,high-flow,high-flow,high-flow
2026-07-16 15:40:00,0.5542038,0.5617481,0.57877254,0.58144814,high-flow,high-flow,high-flow,high-flow
2026-07-16 15:50:00,0.6478248,0.6507124,0.67064476,0.6730451,high-flow,high-flow,high-flow,high-flow
2026-07-16 16:00:00,0.7357897,0.73424846,0.75657946,0.75870115,high-flow,high-flow,high-flow,high-flow
2026-07-16 16:10:00,0.8174855,0.8117827,0.8359762,0.83781785,high-flow,high-flow,high-flow,high-flow
2026-07-16 16:20:00,0.8923402,0.8827741,0.90827966,0.90984154,high-flow,high-flow,high-flow,high-flow
2026-07-16 16:30:00,0.9598272,0.94671893,0.97298354,0.97426766,high-flow,high-flow,high-flow,high-flow
2026-07-16 16:40:00,1.0194695,1.0031556,1.0296346,1.0306444,high-flow,high-flow,high-flow,high-flow
2026-07-16 16:50:00,1.0708431,1.0516695,1.0778362,1.0785763,high-flow,high-flow,high-flow,high-flow
2026-07-16 17:00:00,1.1135811,1.0918971,1.1172513,1.1177276,high-flow,high-flow,high-flow,high-flow
2026-07-16 17:10:00,1.1473769,1.1235298,1.1476058,1.1478251,high-flow,high-flow,high-flow,high-flow
2026-07-16 17:20:00,1.1719867,1.1463174,1.1686908,1.1686608,high-flow,high-flow,high-flow,high-flow
2026-07-16 17:30:00,1.1872329,1.1600705,1.1803647,1.1800932,high-flow,high-flow,high-flow,high-flow
2026-07-16 17:40:00,1.1930054,1.1646625,1.1825546,1.1820503,high-flow,high-flow,high-flow,high-flow
2026-07-16 17:50:00,1.1892639,1.1600313,1.1752577,1.1745294,high-ebb,high-ebb,high-ebb,high-ebb
2026-07-16 18:00:00,1.1760387,1.1461797,1.1585414,1.1575984,high-ebb,high-ebb,high-ebb,high-ebb
2026-07-16 18:10:00,1.1534314,1.1231763,1.1325442,1.1313955,high-ebb,high-ebb,high-ebb,high-ebb
2026-07-16 18:20:00,1.1216152,1.0911558,1.097474,1.0961288,high-ebb,high-ebb,high-ebb,high-ebb
2026-07-16 18:30:00,1.0808336,1.0503187,1.0536076,1.0520754,high-ebb,high-ebb,high-ebb,high-ebb
2026-07-16 18:40:00,1.0314,1.0009317,1.0012894,0.99957913,high-ebb,high-ebb,high-ebb,high-ebb
2026-07-16 18:50:00,0.97369576,0.9433275,0.9409283,0.939049,high-ebb,high-ebb,high-ebb,high-ebb
2026-07-16 19:00:00,0.90816724,0.87790436,0.8729953,0.870956,high-ebb,high-ebb,high-ebb,high-ebb
2026-07-16 19:10:00,0.83532333,0.805126,0.79802024,0.7958298,high-ebb,high-ebb,high-ebb,high-ebb
2026-07-16 19:20:00,0.75573146,0.7255209,0.71658754,0.7142547,high-ebb,high-ebb,high-ebb,high-ebb
2026-07-16 19:30:00,0.67001355,0.6396806,0.62933195,0.6268656,high-ebb,high-ebb,high-ebb,high-ebb
2026-07-16 19:40:00,0.57884103,0.5482579,0.5369338,0.5343428,high-ebb,high-ebb,high-ebb,high-ebb
2026-07-16 19:50:00,0.4829298,0.4519635,0.4401135,0.437407,high-ebb,high-ebb,high-ebb,high-ebb
2026-07-16 20:00:00,0.3830343,0.35156208,0.3396261,0.3368132,high-ebb,high-ebb,high-ebb,high-ebb
2026-07-16 20:10:00,0.27994147,0.24786636,0.23625506,0.23334537,high-ebb,high-ebb,high-ebb,high-ebb
2026-07-16 20:20:00,0.17446436,0.1417303,0.13080621,0.12780964,high-ebb,high-ebb,high-ebb,high-ebb
2026-07-16 20:30:00,0.067435235,0.0340408,0.024101239,0.021028224,high-ebb,high-ebb,high-ebb,high-ebb
2026-07-16 20:40:00,-0.040301163,-0.07429186,-0.08302881,-0.08616732,low-ebb,low-ebb,low-ebb,low-ebb
2026-07-16 20:50:00,-0.14789474,-0.18234457,-0.18975022,-0.19294265,low-ebb,low-ebb,low-ebb,low-ebb
2026-07-16 21:00:00,-0.25449708,-0.2891926,-0.29523328,-0.2984673,low-ebb,low-ebb,low-ebb,low-ebb
2026-07-16 21:10:00,-0.35926846,-0.3939211,-0.39865875,-0.40192136,low-ebb,low-ebb,low-ebb,low-ebb
2026-07-16 21:20:00,-0.46138483,-0.4956369,-0.4992244,-0.5025017,low-ebb,low-ebb,low-ebb,low-ebb
2026-07-16 21:30:00,-0.5600444,-0.5934792,-0.5961512,-0.59942865,low-ebb,low-ebb,low-ebb,low-ebb
2026-07-16 21:40:00,-0.6544744,-0.6866302,-0.68868935,-0.6919515,low-ebb,low-ebb,low-ebb,low-ebb
2026-07-16 21:50:00,-0.74393666,-0.7743237,-0.7761242,-0.77935475,low-ebb,low-ebb,low-ebb,low-ebb
2026-07-16 22:00:00,-0.8277341,-0.8558532,-0.8577812,-0.8609631,low-ebb,low-ebb,low-ebb,low-ebb
2026-07-16 22:10:00,-0.9052154,-0.9305776,-0.93303114,-0.9361468,low-ebb,low-ebb,low-ebb,low-ebb
2026-07-16 22:20:00,-0.97578025,-0.99792564,-1.0012949,-1.0043257,low-ebb,low-ebb,low-ebb,low-ebb
2026-07-16 22:30:00,-1.0388834,-1.0573989,-1.0620468,-1.0649743,low-ebb,low-ebb,low-ebb,low-ebb
2026-07-16 22:40:00,-1.0940387,-1.108573,-1.1148192,-1.1176239,low-ebb,low-ebb,low-ebb,low-ebb
2026-07-16 22:50:00,-1.140822,-1.1510972,-1.1592047,-1.1618673,low-ebb,low-ebb,low-ebb,low-ebb
2026-07-16 23:00:00,-1.1788741,-1.1846945,-1.1948591,-1.19736,low-ebb,low-ebb,low-ebb,low-ebb
2026-07-16 23:10:00,-1.2079022,-1.209159,-1.2215036,-1.2238234,low-ebb,low-ebb,low-ebb,low-ebb
2026-07-16 23:20:00,-1.2276819,-1.2243544,-1.2389258,-1.2410452,low-ebb,low-ebb,low-ebb,low-ebb
2026-07-16 23:30:00,-1.2380579,-1.2302114,-1.246981,-1.2488816,low-ebb,low-ebb,low-ebb,low-ebb
2026-07-16 23:40:00,-1.2389439,-1.2267258,-1.2455926,-1.2472565,low-ebb,low-flow,low-ebb,low-ebb
2026-07-16 23:50:00,-1.230323,-1.2139561,-1.2347522,-1.2361625,low-flow,low-flow,low-flow,low-flow
2026-07-17 00:00:00,-1.2122464,-1.1920217,-1.2145189,-1.2156601,low-flow,low-flow,low-flow,low-flow
2026-07-17 00:10:00,-1.1848325,-1.1611009,-1.1850183,-1.1858761,low-flow,low-flow,low-flow,low-flow
2026-07-17 00:20:00,-1.1482649,-1.1214298,-1.1464413,-1.1470032,low-flow,low-flow,low-flow,low-flow
2026-07-17 00:30:00,-1.1027906,-1.0733001,-1.0990422,-1.0992974,low-flow,low-flow,low-flow,low-flow
2026-07-17 00:40:00,-1.0487174,-1.0170575,-1.0431362,-1.0430763,low-flow,low-flow,low-flow,low-flow
2026-07-17 00:50:00,-0.9864114,-0.9530998,-0.9790975,-0.97871614,low-flow,low-flow,low-flow,low-flow
2026-07-17 01:00:00,-0.91629344,-0.8818737,-0.9073557,-0.9066492,low-flow,low-flow,low-flow,low-flow
2026-07-17 01:10:00,-0.8388362,-0.80387276,-0.82839334,-0.8273603,low-flow,low-flow,low-flow,low-flow
2026-07-17 01:20:00,-0.7545605,-0.71963286,-0.74274164,-0.74138373,low-flow,low-flow,low-flow,low-flow
2026-07-17 01:30:00,-0.66403157,-0.6297287,-0.65097773,-0.6492993,low-flow,low-flow,low-flow,low-flow
2026-07-17 01:40:00,-0.56785524,-0.5347688,-0.55372006,-0.55172837,low-flow,low-flow,low-flow,low-flow
2026-07-17 01:50:00,-0.46667394,-0.43539125,-0.45162448,-0.4493298,low-flow,low-flow,low-flow,low-flow
2026-07-17 02:00:00,-0.3611625,-0.33225802,-0.34538025,-0.34279567,low-flow,low-flow,low-flow,low-flow
2026-07-17 02:10:00,-0.25202397,-0.22605033,-0.23570517,-0.23284681,low-flow,low-flow,low-flow,low-flow
2026-07-17 02:20:00,-0.1399853,-0.11746377,-0.12334136,-0.120228104,low-flow,low-flow,low-flow,low-flow
2026-07-17 02:30:00,-0.025793076,-0.007203682,-0.009050421,-0.005703884,low-flow,low-flow,low-flow,low-flow
2026-07-17 02:40:00,0.08979101,0.10401884,0.10639133,0.10994695,high-flow,high-flow,high-flow,high-flow
2026-07-17 02:50:00,0.20599456,0.21549061,0.22219773,0.22593582,high-flow,high-flow,high-flow,high-flow
2026-07-17 03:00:00,0.32203907,0.3264995,0.33757767,0.34146944,high-flow,high-flow,high-flow,high-flow
2026-07-17 03:10:00,0.43714437,0.43633714,0.45174012,0.4557548,high-flow,high-flow,high-flow,high-flow
2026-07-17 03:20:00,0.5505333,0.5443015,0.56389916,0.5680043,high-flow,high-flow,high-flow,high-flow
2026-07-17 03:30:00,0.6614362,0.6496991,0.673279,0.6774408,high-flow,high-flow,high-flow,high-flow
2026-07-17 03:40:00,0.76909584,0.7518474,0.779119,0.78330255,high-flow,high-flow,high-flow,high-flow
2026-07-17 03:50:00,0.8727717,0.8500772,0.88067865,0.8848484,high-flow,high-flow,high-flow,high-flow
2026-07-17 04:00:00,0.97174484,0.94373596,0.9772427,0.9813626,high-flow,high-flow,high-flow,high-flow
2026-07-17 04:10:00,1.0653224,1.0321903,1.0681257,1.0721598,high-flow,high-flow,high-flow,high-flow
2026-07-17 04:20:00,1.1528424,1.1148304,1.1526772,1.1565899,high-flow,high-flow,high-flow,high-flow
2026-07-17 04:30:00,1.233678,1.1910737,1.2302859,1.2340422,high-flow,high-flow,high-flow,high-flow
2026-07-17 04:40:00,1.307242,1.2603697,1.3003845,1.3039507,high-flow,high-flow,high-flow,high-flow
2026-07-17 04:50:00,1.3729917,1.3222046,1.3624538,1.3657975,high-flow,high-flow,high-flow,high-flow
2026-07-17 05:00:00,1.430432,1.376106,1.4160268,1.4191176,high-flow,high-flow,high-flow,high-flow
2026-07-17 05:10:00,1.4791203,1.421648,1.4606922,1.4635016,high-flow,high-flow,high-flow,high-flow
2026-07-17 05:20:00,1.5186697,1.4584554,1.4960978,1.4986,high-flow,high-flow,high-flow,high-flow
2026-07-17 05:30:00,1.5487531,1.4862078,1.5219542,1.5241259,high-flow,high-flow,high-flow,high-flow
2026-07-17 05:40:00,1.5691056,1.504643,1.5380367,1.5398579,high-flow,high-flow,high-flow,high-flow
2026-07-17 05:50:00,1.5795279,1.5135597,1.5441878,1.5456413,high-flow,high-flow,high-flow,high-flow
2026-07-17 06:00:00,1.579888,1.5128199,1.540319,1.5413914,high-flow,high-flow,high-ebb,high-ebb
2026-07-17 06:10:00,1.570124,1.5023502,1.5264121,1.5270935,high-ebb,high-ebb,high-ebb,high-ebb
2026-07-17 06:20:00,1.5502448,1.4821429,1.5025203,1.5028042,high-ebb,high-ebb,high-ebb,high-ebb
2026-07-17 06:30:00,1.5203313,1.4522562,1.4687674,1.4686512,high-ebb,high-ebb,high-ebb,high-ebb
2026-07-17 06:40:00,1.4805366,1.4128143,1.4253488,1.4248335,high-ebb,high-ebb,high-ebb,high-ebb
2026-07-17 06:50:00,1.4310861,1.3640076,1.3725295,1.37162,high-ebb,high-ebb,high-ebb,high-ebb
2026-07-17 07:00:00,1.3722762,1.3060925,1.3106431,1.3093481,high-ebb,high-ebb,high-ebb,high-ebb
2026-07-17 07:10:00,1.3044729,1.2393909,1.2400899,1.2384214,high-ebb,high-ebb,high-ebb,high-ebb
2026-07-17 07:20:00,1.2281101,1.1642898,1.1613339,1.1593074,high-ebb,high-ebb,high-ebb,high-ebb
2026-07-17 07:30:00,1.1436862,1.0812415,1.0748997,1.072534,high-ebb,high-ebb,high-ebb,high-ebb
2026-07-17 07:40:00,1.0517612,0.9907621,0.98136896,0.97868586,high-ebb,high-ebb,high-ebb,high-ebb
2026-07-17 07:50:00,0.95295274,0.8934309,0.88137597,0.8784001,high-ebb,high-ebb,high-ebb,high-ebb
2026-07-17 08:00:00,0.84793144,0.7898885,0.7756032,0.77236146,high-ebb,high-ebb,high-ebb,high-ebb
2026-07-17 08:10:00,0.7374159,0.68083423,0.66477567,0.6612975,high-ebb,high-ebb,high-ebb,high-ebb
2026-07-17 08:20:00,0.62216717,0.5670227,0.54965615,0.54597265,high-ebb,high-ebb,high-ebb,high-ebb
2026-07-17 08:30:00,0.5029828,0.4492588,0.43103877,0.4271825,high-ebb,high-ebb,high-ebb,high-ebb
2026-07-17 08:40:00,0.3806906,0.32839176,0.30974296,0.30574778,high-ebb,high-ebb,high-ebb,high-ebb
2026-07-17 08:50:00,0.25614208,0.20530753,0.18660738,0.18250787,high-ebb,high-ebb,high-ebb,high-ebb
2026-07-17 09:00:00,0.13020533,0.08092026,0.062483154,0.058314357,high-ebb,high-ebb,high-ebb,high-ebb
2026-07-17 09:10:00,0.0037583034,-0.043837655,-0.061772577,-0.0659756,high-ebb,low-ebb,low-ebb,low-ebb
2026-07-17 09:20:00,-0.122318424,-0.1680261,-0.18530332,-0.18950579,low-ebb,low-ebb,low-ebb,low-ebb
2026-07-17 09:30:00,-0.24714868,-0.29070854,-0.30725977,-0.3114276,low-ebb,low-ebb,low-ebb,low-ebb
2026-07-17 09:40:00,-0.36986774,-0.41096324,-0.4268064,-0.43090644,low-ebb,low-ebb,low-ebb,low-ebb
2026-07-17 09:50:00,-0.4896292,-0.5278944,-0.54312754,-0.5471281,low-ebb,low-ebb,low-ebb,low-ebb
2026-07-17 10:00:00,-0.6056116,-0.6406425,-0.6554338,-0.65930456,low-ebb,low-ebb,low-ebb,low-ebb
2026-07-17 10:10:00,-0.7170249,-0.74839413,-0.76296747,-0.76668024,low-ebb,low-ebb,low-ebb,low-ebb
2026-07-17 10:20:00,-0.8231163,-0.8503895,-0.8650086,-0.8685371,low-ebb,low-ebb,low-ebb,low-ebb
2026-07-17 10:30:00,-0.923176,-0.94592965,-0.9608794,-0.96419996,low-ebb,low-ebb,low-ebb,low-ebb
2026-07-17 10:40:00,-1.0165422,-1.0343815,-1.0499496,-1.0530409,low-ebb,low-ebb,low-ebb,low-ebb
2026-07-17 10:50:00,-1.1026059,-1.1151812,-1.1316407,-1.1344837,low-ebb,low-ebb,low-ebb,low-ebb
2026-07-17 11:00:00,-1.1808152,-1.1878362,-1.2054288,-1.2080078,low-ebb,low-ebb,low-ebb,low-ebb
2026-07-17 11:10:00,-1.2506784,-1.2519257,-1.2708495,-1.2731514,low-ebb,low-ebb,low-ebb,low-ebb
2026-07-17 11:20:00,-1.311767,-1.307101,-1.3274994,-1.3295139,low-ebb,low-ebb,low-ebb,low-ebb
2026-07-17 11:30:00,-1.3637186,-1.3530834,-1.3750392,-1.3767588,low-ebb,low-ebb,low-ebb,low-ebb
2026-07-17 11:40:00,-1.4062384,-1.3896631,-1.4131949,-1.414615,low-ebb,low-ebb,low-ebb,low-ebb
2026-07-17 11:50:00,-1.4391003,-1.4166969,-1.4417597,-1.4428784,low-ebb,low-ebb,low-ebb,low-ebb
2026-07-17 12:00:00,-1.4621474,-1.4341066,-1.4605942,-1.4614121,low-ebb,low-ebb,low-ebb,low-ebb
2026-07-17 12:10:00,-1.4752929,-1.4418764,-1.4696269,-1.4701473,low-ebb,low-ebb,low-ebb,low-ebb
2026-07-17 12:20:00,-1.4785188,-1.4400522,-1.4688543,-1.4690826,low-ebb,low-ebb,low-ebb,low-ebb
2026-07-17 12:30:00,-1.4718755,-1.4287391,-1.4583397,-1.4582837,low-flow,low-flow,low-flow,low-flow
2026-07-17 12:40:00,-1.4554801,-1.4081008,-1.4382126,-1.4378816,low-flow,low-flow,low-flow,low-flow
2026-07-17 12:50:00,-1.429515,-1.3783586,-1.4086667,-1.4080722,low-flow,low-flow,low-flow,low-flow
2026-07-17 13:00:00,-1.3942254,-1.3397889,-1.3699586,-1.3691133,low-flow,low-flow,low-flow,low-flow
2026-07-17 13:10:00,-1.3499167,-1.2927233,-1.322405,-1.321323,low-flow,low-flow,low-flow,low-flow
2026-07-17 13:20:00,-1.2969521,-1.2375453,-1.2663804,-1.2650769,low-flow,low-flow,low-flow,low-flow
2026-07-17 13:30:00,-1.2357494,-1.1746887,-1.2023144,-1.200805,low-flow,low-flow,low-flow,low-flow
2026-07-17 13:40:00,-1.1667771,-1.1046344,-1.130688,-1.1289891,low-flow,low-flow,low-flow,low-flow
2026-07-17 13:50:00,-1.0905516,-1.0279069,-1.0520304,-1.0501589,low-flow,low-flow,low-flow,low-flow
2026-07-17 14:00:00,-1.0076329,-0.94506985,-0.9669158,-0.9648884,low-flow,low-flow,low-flow,low-flow
2026-07-17 14:10:00,-0.91862124,-0.8567222,-0.87595874,-0.87379205,low-flow,low-flow,low-flow,low-flow
2026-07-17 14:20:00,-0.82415277,-0.7634928,-0.7798105,-0.777521,low-flow,low-flow,low-flow,low-flow
2026-07-17 14:30:00,-0.7248956,-0.66603583,-0.6791547,-0.67675835,low-flow,low-flow,low-flow,low-flow
2026-07-17 14:40:00,-0.62154555,-0.5650255,-0.57470304,-0.57221514,low-flow,low-flow,low-flow,low-flow
2026-07-17 14:50:00,-0.51482195,-0.4611515,-0.4671905,-0.46462575,low-flow,low-flow,low-flow,low-flow
2026-07-17 15:00:00,-0.4054634,-0.3551147,-0.357371,-0.35474318,low-flow,low-flow,low-flow,low-flow
2026-07-17 15:10:00,-0.29422316,-0.24762292,-0.24601234,-0.24333443,low-flow,low-flow,low-flow,low-flow
2026-07-17 15:20:00,-0.181865,-0.1393875,-0.13389152,-0.13117552,low-flow,low-flow,low-flow,low-flow
2026-07-17 15:30:00,-0.06915852,-0.03112005,-0.021789765,-0.019046742,low-flow,low-flow,low-flow,low-flow
2026-07-17 15:40:00,0.043125283,0.07647039,0.08951248,0.092272386,high-flow,high-flow,high-flow,high-flow
2026-07-17 15:50:00,0.15421854,0.18268001,0.19924052,0.2020081,high-flow,high-flow,high-flow,high-flow
2026-07-17 16:00:00,0.26336116,0.2868128,0.30663046,0.30939734,high-flow,high-flow,high-flow,high-flow
2026-07-17 16:10:00,0.36980537,0.3881834,0.4109342,0.41369283,high-flow,high-flow,high-flow,high-flow
2026-07-17 16:20:00,0.47282037,0.48611978,0.5114245,0.51416796,high-flow,high-flow,high-flow,high-flow
2026-07-17 16:30:00,0.571697,0.5799669,0.60739976,0.61012185,high-flow,high-flow,high-flow,high-flow
2026-07-17 16:40:00,0.66575205,0.6690901,0.6981889,0.70088387,high-flow,high-flow,high-flow,high-flow
2026-07-17 16:50:00,0.7543334,0.75287956,0.7831563,0.78581864,high-flow,high-flow,high-flow,high-flow
2026-07-17 17:00:00,0.83682364,0.8307545,0.86170596,0.86433053,high-flow,high-flow,high-flow,high-flow
2026-07-17 17:10:00,0.9126454,0.9021684,0.9332862,0.9358679,high-flow,high-flow,high-flow,high-flow
2026-07-17 17:20:00,0.981265,0.9666134,0.9973936,0.9999274,high-flow,high-flow,high-flow,high-flow
2026-07-17 17:30:00,1.0421965,1.0236256,1.0535771,1.0560577,high-flow,high-flow,high-flow,high-flow
2026-07-17 17:40:00,1.0950063,1.0727895,1.1014414,1.1038632,high-flow,high-flow,high-flow,high-flow
2026-07-17 17:50:00,1.1393157,1.1137425,1.1406502,1.1430074,high-flow,high-flow,high-flow,high-flow
2026-07-17 18:00:00,1.1748054,1.1461776,1.1709292,1.1732155,high-flow,high-flow,high-flow,high-flow
2026-07-17 18:10:00,1.2012177,1.169848,1.1920686,1.1942769,high-flow,high-flow,high-flow,high-flow
2026-07-17 18:20:00,1.2183595,1.1845678,1.2039248,1.2060478,high-flow,high-flow,high-flow,high-flow
2026-07-17 18:30:00,1.2261044,1.1902148,1.2064222,1.2084516,high-flow,high-flow,high-flow,high-flow
2026-07-17 18:40:00,1.2243947,1.1867307,1.1995544,1.2014815,high-flow,high-ebb,high-ebb,high-ebb
2026-07-17 18:50:00,1.2132423,1.1741221,1.1833843,1.1851994,high-ebb,high-ebb,high-ebb,high-ebb
2026-07-17 19:00:00,1.1927298,1.1524599,1.1580441,1.1597372,high-ebb,high-ebb,high-ebb,high-ebb
2026-07-17 19:10:00,1.1630106,1.1218796,1.123735,1.1252955,high-ebb,high-ebb,high-ebb,high-ebb
2026-07-17 19:20:00,1.1243078,1.0825808,1.0807258,1.0821426,high-ebb,high-ebb,high-ebb,high-ebb
2026-07-17 19:30:00,1.076914,1.0348265,1.0293514,1.0306127,high-ebb,high-ebb,high-ebb,high-ebb
2026-07-17 19:40:00,1.0211893,0.9789428,0.9700097,0.9711041,high-ebb,high-ebb,high-ebb,high-ebb
2026-07-17 19:50:00,0.9575591,0.9153184,0.90316004,0.9040754,high-ebb,high-ebb,high-ebb,high-ebb
2026-07-17 20:00:00,0.88651085,0.844404,0.82931864,0.83004314,high-ebb,high-ebb,high-ebb,high-ebb
2026-07-17 20:10:00,0.80859095,0.7667111,0.7490553,0.74957734,high-ebb,high-ebb,high-ebb,high-ebb
2026-07-17 20:20:00,0.7244003,0.68281096,0.66298896,0.6632972,high-ebb,high-ebb,high-ebb,high-ebb
2026-07-17 20:30:00,0.63459,0.59333235,0.5717826,0.5718665,high-ebb,high-ebb,high-ebb,high-ebb
2026-07-17 20:40:00,0.53985614,0.49895868,0.47613835,0.47598812,high-ebb,high-ebb,high-ebb,high-ebb
2026-07-17 20:50:00,0.44093397,0.4004241,0.3767918,0.3763987,high-ebb,high-ebb,high-ebb,high-ebb
2026-07-17 21:00:00,0.33859217,0.29850823,0.27450624,0.2738628,high-ebb,high-ebb,high-ebb,high-ebb
2026-07-17 21:10:00,0.23362643,0.19402966,0.17006646,0.16916665,high-ebb,high-ebb,high-ebb,high-ebb
2026-07-17 21:20:00,0.1268529,0.08783839,0.06427259,0.06311204,high-ebb,high-ebb,high-ebb,high-ebb
2026-07-17 21:30:00,0.01910137,-0.019193165,-0.04206626,-0.043490097,high-ebb,low-ebb,low-ebb,low-ebb
2026-07-17 21:40:00,-0.088791646,-0.12617996,-0.14813845,-0.14982608,low-ebb,low-ebb,low-ebb,low-ebb
2026-07-17 21:50:00,-0.19598982,-0.23223482,-0.25313616,-0.25508595,low-ebb,low-ebb,low-ebb,low-ebb
2026-07-17 22:00:00,-0.301664,-0.33647928,-0.35626176,-0.35846978,low-ebb,low-ebb,low-ebb,low-ebb
2026-07-17 22:10:00,-0.40499893,-0.43805435,-0.45673394,-0.45919386,low-ebb,low-ebb,low-ebb,low-ebb
2026-07-17 22:20:00,-0.5052,-0.5361309,-0.5537938,-0.5564968,low-ebb,low-ebb,low-ebb,low-ebb
2026-07-17 22:30:00,-0.6014996,-0.6299192,-0.64671046,-0.6496452,low-ebb,low-ebb,low-ebb,low-ebb
2026-07-17 22:40:00,-0.69316316,-0.7186772,-0.7347866,-0.7379393,low-ebb,low-ebb,low-ebb,low-ebb
2026-07-17 22:50:00,-0.7794949,-0.8017182,-0.81736374,-0.82071793,low-ebb,low-ebb,low-ebb,low-ebb
2026-07-17 23:00:00,-0.8598431,-0.87841547,-0.8938266,-0.8973634,low-ebb,low-ebb,low-ebb,low-ebb
2026-07-17 23:10:00,-0.9336049,-0.9482072,-0.96360767,-0.967306,low-ebb,low-ebb,low-ebb,low-ebb
2026-07-17 23:20:00,-1.0002306,-1.0105985,-1.0261911,-1.0300275,low-ebb,low-ebb,low-ebb,low-ebb
2026-07-17 23:30:00,-1.0592273,-1.0651627,-1.0811162,-1.085065,low-ebb,low-ebb,low-ebb,low-ebb
2026-07-17 23:40:00,-1.1101625,-1.1115413,-1.1279799,-1.1320138,low-ebb,low-ebb,low-ebb,low-ebb
2026-07-17 23:50:00,-1.1526662,-1.1494433,-1.1664399,-1.1705298,low-ebb,low-ebb,low-ebb,low-ebb
2026-07-18 00:00:00,-1.1864332,-1.1786435,-1.1962162,-1.2003316,low-ebb,low-ebb,low-ebb,low-ebb
2026-07-18 00:10:00,-1.2112247,-1.1989807,-1.2170925,-1.2212017,low-ebb,low-ebb,low-ebb,low-ebb
2026-07-18 00:20:00,-1.2268686,-1.2103561,-1.2289175,-1.2329879,low-ebb,low-ebb,low-ebb,low-ebb
2026-07-18 00:30:00,-1.2332611,-1.212731,-1.231605,-1.2356037,low-ebb,low-ebb,low-ebb,low-ebb
2026-07-18 00:40:00,-1.2303648,-1.2061259,-1.2251344,-1.229028,low-flow,low-flow,low-flow,low-flow
2026-07-18 00:50:00,-1.2182095,-1.1906183,-1.2095495,-1.2133051,low-flow,low-flow,low-flow,low-flow
2026-07-18 01:00:00,-1.1968905,-1.1663426,-1.1849589,-1.1885438,low-flow,low-flow,low-flow,low-flow
2026-07-18 01:10:00,-1.1665665,-1.1334885,-1.1515334,-1.1549159,low-flow,low-flow,low-flow,low-flow
2026-07-18 01:20:00,-1.1274588,-1.0923005,-1.1095052,-1.1126548,low-flow,low-flow,low-flow,low-flow
2026-07-18 01:30:00,-1.079848,-1.0430765,-1.0591656,-1.0620534,low-flow,low-flow,low-flow,low-flow
2026-07-18 01:40:00,-1.0240717,-0.9861664,-1.0008627,-1.0034618,low-flow,low-flow,low-flow,low-flow
2026-07-18 01:50:00,-0.96052134,-0.92197096,-0.9349988,-0.93728447,low-flow,low-flow,low-flow,low-flow
2026-07-18 02:00:00,-0.8896397,-0.85093844,-0.86202747,-0.8639773,low-flow,low-flow,low-flow,low-flow
2026-07-18 02:10:00,-0.81191665,-0.77356243,-0.78245026,-0.7840448,low-flow,low-flow,low-flow,low-flow
2026-07-18 02:20:00,-0.7278862,-0.6903777,-0.69681317,-0.698036,low-flow,low-flow,low-flow,low-flow
2026-07-18 02:30:00,-0.63812256,-0.6019564,-0.60570323,-0.6065413,low-flow,low-flow,low-flow,low-flow
2026-07-18 02:40:00,-0.5432363,-0.5089035,-0.5097445,-0.510188,low-flow,low-flow,low-flow,low-flow
2026-07-18 02:50:00,-0.4438704,-0.41185156,-0.409594,-0.4096367,low-flow,low-flow,low-flow,low-flow
2026-07-18 03:00:00,-0.34069628,-0.3114563,-0.30593738,-0.30557692,low-flow,low-flow,low-flow,low-flow
2026-07-18 03:10:00,-0.23440959,-0.20839143,-0.19948483,-0.19872242,low-flow,low-flow,low-flow,low-flow
2026-07-18 03:20:00,-0.1257261,-0.10334408,-0.09096626,-0.08980698,low-flow,low-flow,low-flow,low-flow
2026-07-18 03:30:00,-0.0153774815,0.0029895303,0.018873073,0.020420462,low-flow,high-flow,high-flow,high-flow
2026-07-18 03:40:00,0.09589307,0.10990805,0.12927744,0.13120049,high-flow,high-flow,high-flow,high-flow
2026-07-18 03:50:00,0.2073351,0.21670851,0.23948535,0.2417681,high-flow,high-flow,high-flow,high-flow
2026-07-18 04:00:00,0.3181953,0.32268953,0.34873453,0.35135758,high-flow,high-flow,high-flow,high-flow
2026-07-18 04:10:00,0.42772192,0.4271543,0.4562667,0.45920745,high-flow,high-flow,high-flow,high-flow
2026-07-18 04:20:00,0.5351691,0.5294132,0.56133264,0.5645655,high-flow,high-flow,high-flow,high-flow
2026-07-18 04:30:00,0.63980174,0.628787,0.663197,0.6666936,high-flow,high-flow,high-flow,high-flow
2026-07-18 04:40:00,0.7408993,0.7246093,0.7611434,0.764873,high-flow,high-flow,high-flow,high-flow
2026-07-18 04:50:00,0.83776104,0.8162304,0.8544792,0.858409,high-flow,high-flow,high-flow,high-flow
2026-07-18 05:00:00,0.92971003,0.9030205,0.94254017,0.9466355,high-flow,high-flow,high-flow,high-flow
2026-07-18 05:10:00,1.0160978,0.9843737,1.0246955,1.0289203,high-flow,high-flow,high-flow,high-flow
2026-07-18 05:20:00,1.0963086,1.0597126,1.100352,1.1046692,high-flow,high-flow,high-flow,high-flow
2026-07-18 05:30:00,1.1697639,1.1284931,1.1689589,1.1733307,high-flow,high-flow,high-flow,high-flow
2026-07-18 05:40:00,1.2359267,1.1902084,1.2300115,1.2343999,high-flow,high-flow,high-flow,high-flow
2026-07-18 05:50:00,1.2943056,1.244395,1.2830554,1.2874225,high-flow,high-flow,high-flow,high-flow
2026-07-18 06:00:00,1.3444582,1.2906363,1.3276904,1.3319988,high-flow,high-flow,high-flow,high-flow
2026-07-18 06:10:00,1.3859956,1.3285671,1.363573,1.3677863,high-flow,high-flow,high-flow,high-flow
2026-07-18 06:20:00,1.4185855,1.357878,1.3904202,1.3945032,high-flow,high-flow,high-flow,high-flow
2026-07-18 06:30:00,1.4419551,1.3783172,1.4080118,1.4119308,high-flow,high-flow,high-flow,high-flow
2026-07-18 06:40:00,1.4558944,1.3896941,1.4161923,1.4199154,high-flow,high-flow,high-flow,high-flow
2026-07-18 06:50:00,1.460258,1.3918799,1.4148725,1.4183702,high-flow,high-flow,high-flow,high-flow
2026-07-18 07:00:00,1.4549679,1.3848093,1.4040315,1.4072767,high-ebb,high-ebb,high-ebb,high-ebb
2026-07-18 07:10:00,1.440014,1.3684801,1.3837161,1.3866844,high-ebb,high-ebb,high-ebb,high-ebb
2026-07-18 07:20:00,1.4154562,1.3429538,1.354042,1.3567119,high-ebb,high-ebb,high-ebb,high-ebb
2026-07-18 07:30:00,1.3814237,1.3083546,1.315193,1.3175459,high-ebb,high-ebb,high-ebb,high-ebb
2026-07-18 07:40:00,1.3381158,1.2648689,1.2674199,1.2694404,high-ebb,high-ebb,high-ebb,high-ebb
2026-07-18 07:50:00,1.2858006,1.2127445,1.2110392,1.212715,high-ebb,high-ebb,high-ebb,high-ebb
2026-07-18 08:00:00,1.2248139,1.1522901,1.1464306,1.1477531,high-ebb,high-ebb,high-ebb,high-ebb
2026-07-18 08:10:00,1.1555573,1.0838746,1.074035,1.0749987,high-ebb,high-ebb,high-ebb,high-ebb
2026-07-18 08:20:00,1.0784955,1.007926,0.99435127,0.9949537,high-ebb,high-ebb,high-ebb,high-ebb
2026-07-18 08:30:00,0.99415326,0.92493093,0.9079318,0.908174,high-ebb,high-ebb,high-ebb,high-ebb
2026-07-18 08:40:00,0.90311164,0.8354337,0.81537944,0.8152653,high-ebb,high-ebb,high-ebb,high-ebb
2026-07-18 08:50:00,0.8060035,0.7400343,0.7173422,0.71687865,high-ebb,high-ebb,high-ebb,high-ebb
2026-07-18 09:00:00,0.70350915,0.6393862,0.6145086,0.6137054,high-ebb,high-ebb,high-ebb,high-ebb
2026-07-18 09:10:00,0.59635055,0.53419334,0.5076024,0.5064719,high-ebb,high-ebb,high-ebb,high-ebb
2026-07-18 09:20:00,0.48528585,0.42520595,0.39737675,0.39593357,high-ebb,high-ebb,high-ebb,high-ebb
2026-07-18 09:30:00,0.37110338,0.31321463,0.28460854,0.28286955,high-ebb,high-ebb,high-ebb,high-ebb
2026-07-18 09:40:00,0.2546151,0.19904418,0.17009227,0.16807628,high-ebb,high-ebb,high-ebb,high-ebb
2026-07-18 09:50:00,0.1366501,0.08354544,0.054633938,0.05236134,high-ebb,high-ebb,high-ebb,high-ebb
2026-07-18 10:00:00,0.01804782,-0.032413445,-0.06095527,-0.06346268,high-ebb,low-ebb,low-ebb,low-ebb
2026-07-18 10:10:00,-0.10034883,-0.1479568,-0.17586519,-0.17858453,low-ebb,low-ebb,low-ebb,low-ebb
2026-07-18 10:20:00,-0.21770032,-0.2622116,-0.28929293,-0.29220042,low-ebb,low-ebb,low-ebb,low-ebb
2026-07-18 10:30:00,-0.33317727,-0.37431777,-0.40044886,-0.40352023,low-ebb,low-ebb,low-ebb,low-ebb
2026-07-18 10:40:00,-0.4459672,-0.4834385,-0.5085627,-0.5117732,low-ebb,low-ebb,low-ebb,low-ebb
2026-07-18 10:50:00,-0.55528086,-0.5887696,-0.612889,-0.6162141,low-ebb,low-ebb,low-ebb,low-ebb
2026-07-18 11:00:00,-0.66035837,-0.6895483,-0.71271294,-0.716128,low-ebb,low-ebb,low-ebb,low-ebb
2026-07-18 11:10:00,-0.76047534,-0.78506064,-0.807355,-0.81083584,low-ebb,low-ebb,low-ebb,low-ebb
2026-07-18 11:20:00,-0.8549478,-0.87464744,-0.8961762,-0.8996992,low-ebb,low-ebb,low-ebb,low-ebb
2026-07-18 11:30:00,-0.9431378,-0.9577091,-0.97858214,-0.9821245,low-ebb,low-ebb,low-ebb,low-ebb
2026-07-18 11:40:00,-1.0244575,-1.0337086,-1.0540272,-1.057567,low-ebb,low-ebb,low-ebb,low-ebb
2026-07-18 11:50:00,-1.0983729,-1.102173,-1.1220181,-1.1255343,low-ebb,low-ebb,low-ebb,low-ebb
2026-07-18 12:00:00,-1.1644083,-1.1626946,-1.1821167,-1.1855896,low-ebb,low-ebb,low-ebb,low-ebb
2026-07-18 12:10:00,-1.2221482,-1.21493,-1.2339431,-1.2373539,low-ebb,low-ebb,low-ebb,low-ebb
2026-07-18 12:20:00,-1.2712396,-1.2585994,-1.2771775,-1.2805089,low-ebb,low-ebb,low-ebb,low-ebb
2026-07-18 12:30:00,-1.3113948,-1.2934847,-1.3115615,-1.3147975,low-ebb,low-ebb,low-ebb,low-ebb
2026-07-18 12:40:00,-1.3423914,-1.3194282,-1.3369004,-1.3400263,low-ebb,low-ebb,low-ebb,low-ebb
2026-07-18 12:50:00,-1.3640734,-1.3363314,-1.3530626,-1.3560649,low-ebb,low-ebb,low-ebb,low-ebb
2026-07-18 13:00:00,-1.3763516,-1.3441529,-1.3599812,-1.3628476,low-ebb,low-ebb,low-ebb,low-ebb
2026-07-18 13:10:00,-1.3792026,-1.3429079,-1.3576527,-1.3603721,low-ebb,low-ebb,low-flow,low-flow
2026-07-18 13:20:00,-1.3726684,-1.3326676,-1.346137,-1.3486996,low-flow,low-flow,low-flow,low-flow
2026-07-18 13:30:00,-1.3568549,-1.3135579,-1.3255565,-1.3279533,low-flow,low-flow,low-flow,low-flow
2026-07-18 13:40:00,-1.3319302,-1.2857602,-1.2960944,-1.2983177,low-flow,low-flow,low-flow,low-flow
2026-07-18 13:50:00,-1.2981224,-1.2495097,-1.2579935,-1.2600361,low-flow,low-flow,low-flow,low-flow
2026-07-18 14:00:00,-1.2557175,-1.2050955,-1.2115533,-1.2134091,low-flow,low-flow,low-flow,low-flow
2026-07-18 14:10:00,-1.2050564,-1.1528592,-1.1571286,-1.1587918,low-flow,low-flow,low-flow,low-flow
2026-07-18 14:20:00,-1.146532,-1.093193,-1.0951259,-1.0965917,low-flow,low-flow,low-flow,low-flow
2026-07-18 14:30:00,-1.0805862,-1.026538,-1.0260013,-1.0272652,low-flow,low-flow,low-flow,low-flow
2026-07-18 14:40:00,-1.0077063,-0.9533802,-0.95025665,-0.9513145,low-flow,low-flow,low-flow,low-flow
2026-07-18 14:50:00,-0.9284215,-0.8742481,-0.8684366,-0.86928463,low-flow,low-flow,low-flow,low-flow
2026-07-18 15:00:00,-0.8432995,-0.7897073,-0.7811245,-0.78175926,low-flow,low-flow,low-flow,low-flow
2026-07-18 15:10:00,-0.7529425,-0.70035684,-0.6889389,-0.6893573,low-flow,low-flow,low-flow,low-flow
2026-07-18 15:20:00,-0.6579834,-0.6068239,-0.59252954,-0.5927285,low-flow,low-flow,low-flow,low-flow
2026-07-18 15:30:00,-0.5590819,-0.50975895,-0.49257293,-0.49254963,low-flow,low-flow,low-flow,low-flow
2026-07-18 15:40:00,-0.45692036,-0.4098307,-0.38976827,-0.38952014,low-flow,low-flow,low-flow,low-flow
2026-07-18 15:50:00,-0.35219988,-0.30772167,-0.28483278,-0.28435746,low-flow,low-flow,low-flow,low-flow
2026-07-18 16:00:00,-0.24563621,-0.20412384,-0.17849734,-0.17779277,low-flow,low-flow,low-flow,low-flow
2026-07-18 16:10:00,-0.13795543,-0.09973452,-0.071501754,-0.07056616,low-flow,low-flow,low-flow,low-flow
2026-07-18 16:20:00,-0.029889872,0.004747136,0.03541007,0.03657799,low-flow,high-flow,high-flow,high-flow
2026-07-18 16:30:00,0.07782614,0.10862354,0.14149478,0.14289586,high-flow,high-flow,high-flow,high-flow
2026-07-18 16:40:00,0.18446065,0.21120179,0.24601454,0.24764898,high-flow,high-flow,high-flow,high-flow
2026-07-18 16:50:00,0.2892883,0.31179675,0.34824175,0.35010904,high-flow,high-flow,high-flow,high-flow
2026-07-18 17:00:00,0.39159477,0.40973422,0.44746402,0.44956285,high-flow,high-flow,high-flow,high-flow
2026-07-18 17:10:00,0.49068102,0.5043543,0.54298896,0.54531693,high-flow,high-flow,high-flow,high-flow
2026-07-18 17:20:00,0.58586776,0.5950149,0.6341488,0.6367025,high-flow,high-flow,high-flow,high-flow
2026-07-18 17:30:00,0.67649984,0.68109614,0.7203052,0.7230799,high-flow,high-flow,high-flow,high-flow
2026-07-18 17:40:00,0.7619505,0.762004,0.80085385,0.8038435,high-flow,high-flow,high-flow,high-flow
2026-07-18 17:50:00,0.8416255,0.8371756,0.8752286,0.87842566,high-flow,high-flow,high-flow,high-flow
2026-07-18 18:00:00,0.9149679,0.9060834,0.9429058,0.94630104,high-flow,high-flow,high-flow,high-flow
2026-07-18 18:10:00,0.9814614,0.9682405,1.0034083,1.0069909,high-flow,high-flow,high-flow,high-flow
2026-07-18 18:20:00,1.0406349,1.0232048,1.0563092,1.0600663,high-flow,high-flow,high-flow,high-flow
2026-07-18 18:30:00,1.0920657,1.0705836,1.1012349,1.1051521,high-flow,high-flow,high-flow,high-flow
2026-07-18 18:40:00,1.135384,1.1100376,1.1378685,1.1419294,high-flow,high-flow,high-flow,high-flow
2026-07-18 18:50:00,1.1702747,1.1412832,1.1659527,1.1701387,high-flow,high-flow,high-flow,high-flow
2026-07-18 19:00:00,1.1964822,1.1640959,1.1852912,1.1895822,high-flow,high-flow,high-flow,high-flow
2026-07-18 19:10:00,1.2138112,1.1783116,1.1957515,1.2001252,high-flow,high-flow,high-flow,high-flow
2026-07-18 19:20:00,1.2221304,1.1838273,1.1972657,1.2016982,high-flow,high-flow,high-flow,high-flow
2026-07-18 19:30:00,1.2213733,1.1806017,1.1898317,1.1942972,high-flow,high-ebb,high-ebb,high-ebb
2026-07-18 19:40:00,1.21154,1.1686546,1.173513,1.1779844,high-ebb,high-ebb,high-ebb,high-ebb
2026-07-18 19:50:00,1.192698,1.1480664,1.1484398,1.152888,high-ebb,high-ebb,high-ebb,high-ebb
2026-07-18 20:00:00,1.164982,1.1189773,1.1148064,1.1192015,high-ebb,high-ebb,high-ebb,high-ebb
2026-07-18 20:10:00,1.1285943,1.0815864,1.0728718,1.0771829,high-ebb,high-ebb,high-ebb,high-ebb
2026-07-18 20:20:00,1.083803,1.03615,1.0229571,1.0271522,high-ebb,high-ebb,high-ebb,high-ebb
2026-07-18 20:30:00,1.0309416,0.9829819,0.96544296,0.96948975,high-ebb,high-ebb,high-ebb,high-ebb
2026-07-18 20:40:00,0.9704056,0.92245156,0.9007674,0.9046333,high-ebb,high-ebb,high-ebb,high-ebb
2026-07-18 20:50:00,0.902651,0.85498387,0.8294221,0.8330745,high-ebb,high-ebb,high-ebb,high-ebb
2026-07-18 21:00:00,0.8281903,0.7810579,0.7519488,0.75535554,high-ebb,high-ebb,high-ebb,high-ebb
2026-07-18 21:10:00,0.7475888,0.701206,0.66893494,0.6720646,high-ebb,high-ebb,high-ebb,high-ebb
2026-07-18 21:20:00,0.6614604,0.616012,0.5810093,0.58383155,high-ebb,high-ebb,high-ebb,high-ebb
2026-07-18 21:30:00,0.5704625,0.52610826,0.48883688,0.4913227,high-ebb,high-ebb,high-ebb,high-ebb
2026-07-18 21:40:00,0.47529092,0.43217322,0.39311364,0.39523584,high-ebb,high-ebb,high-ebb,high-ebb
2026-07-18 21:50:00,0.37667406,0.33492625,0.29456103,0.29629454,high-ebb,high-ebb,high-ebb,high-ebb
2026-07-18 22:00:00,0.27536693,0.23512234,0.19392033,0.19524246,high-ebb,high-ebb,high-ebb,high-ebb
2026-07-18 22:10:00,0.17214483,0.13354532,0.091946684,0.09283756,high-ebb,high-ebb,high-ebb,high-ebb
2026-07-18 22:20:00,0.06779698,0.03100007,-0.010596743,-0.010154024,high-ebb,high-ebb,low-ebb,low-ebb
2026-07-18 22:30:00,-0.036880217,-0.07169626,-0.11294483,-0.11296382,low-ebb,low-ebb,low-ebb,low-ebb
2026-07-18 22:40:00,-0.14108975,-0.17372362,-0.21433638,-0.21482708,low-ebb,low-ebb,low-ebb,low-ebb
2026-07-18 22:50:00,-0.24404064,-0.27426878,-0.31402004,-0.3149887,low-ebb,low-ebb,low-ebb,low-ebb
2026-07-18 23:00:00,-0.34495443,-0.37253502,-0.41126004,-0.41270894,low-ebb,low-ebb,low-ebb,low-ebb
2026-07-18 23:10:00,-0.44307163,-0.46775153,-0.50534165,-0.507269,low-ebb,low-ebb,low-ebb,low-ebb
2026-07-18 23:20:00,-0.53765774,-0.559182,-0.59557664,-0.5979765,low-ebb,low-ebb,low-ebb,low-ebb
2026-07-18 23:30:00,-0.628009,-0.6461321,-0.68130815,-0.6841703,low-ebb,low-ebb,low-ebb,low-ebb
2026-07-18 23:40:00,-0.7134582,-0.7279561,-0.76191556,-0.76522565,low-ebb,low-ebb,low-ebb,low-ebb
2026-07-18 23:50:00,-0.7933791,-0.80406165,-0.8368188,-0.8405582,low-ebb,low-ebb,low-ebb,low-ebb
2026-07-19 00:00:00,-0.8671918,-0.8739134,-0.9054822,-0.90962815,low-ebb,low-ebb,low-ebb,low-ebb
2026-07-19 00:10:00,-0.93436605,-0.93703514,-0.96741825,-0.9719441,low-ebb,low-ebb,low-ebb,low-ebb
2026-07-19 00:20:00,-0.9944254,-0.99301094,-1.0221908,-1.0270661,low-ebb,low-ebb,low-ebb,low-ebb
2026-07-19 00:30:00,-1.04695,-1.0414851,-1.0694175,-1.0746082,low-ebb,low-ebb,low-ebb,low-ebb
2026-07-19 00:40:00,-1.0915791,-1.0821612,-1.1087723,-1.1142411,low-ebb,low-ebb,low-ebb,low-ebb
2026-07-19 00:50:00,-1.128013,-1.1148012,-1.1399872,-1.1456939,low-ebb,low-ebb,low-ebb,low-ebb
2026-07-19 01:00:00,-1.1560147,-1.1392237,-1.1628537,-1.1687552,low-ebb,low-ebb,low-ebb,low-ebb
2026-07-19 01:10:00,-1.1754099,-1.1553029,-1.1772236,-1.1832747,low-ebb,low-ebb,low-ebb,low-ebb
2026-07-19 01:20:00,-1.1860883,-1.162967,-1.1830093,-1.1891631,low-ebb,low-ebb,low-ebb,low-ebb
2026-07-19 01:30:00,-1.1880031,-1.1621977,-1.1801844,-1.1863923,low-ebb,low-ebb,low-flow,low-flow
2026-07-19 01:40:00,-1.1811697,-1.1530294,-1.168783,-1.1749958,low-flow,low-flow,low-flow,low-flow
2026-07-19 01:50:00,-1.1656657,-1.1355492,-1.1488988,-1.1550665,low-flow,low-flow,low-flow,low-flow
2026-07-19 02:00:00,-1.1416286,-1.1098967,-1.1206847,-1.1267574,low-flow,low-flow,low-flow,low-flow
2026-07-19 02:10:00,-1.1092541,-1.0762639,-1.0843503,-1.0902784,low-flow,low-flow,low-flow,low-flow
2026-07-19 02:20:00,-1.0687939,-1.0348953,-1.0401609,-1.0458959,low-flow,low-flow,low-flow,low-flow
2026-07-19 02:30:00,-1.0205534,-0.9860868,-0.9884349,-0.9939299,low-flow,low-flow,low-flow,low-flow
2026-07-19 02:40:00,-0.96488863,-0.93018544,-0.92954195,-0.9347517,low-flow,low-flow,low-flow,low-flow
2026-07-19 02:50:00,-0.9022036,-0.8675871,-0.8638996,-0.86878127,low-flow,low-flow,low-flow,low-flow
2026-07-19 03:00:00,-0.83294684,-0.7987344,-0.7919708,-0.7964843,low-flow,low-flow,low-flow,low-flow
2026-07-19 03:10:00,-0.75760823,-0.7241137,-0.7142606,-0.71836895,low-flow,low-flow,low-flow,low-flow
2026-07-19 03:20:00,-0.67671555,-0.644251,-0.6313127,-0.63498247,low-flow,low-flow,low-flow,low-flow
2026-07-19 03:30:00,-0.59083086,-0.559708,-0.543706,-0.54690754,low-flow,low-flow,low-flow,low-flow
2026-07-19 03:40:00,-0.50054693,-0.47107738,-0.4520507,-0.45475847,low-flow,low-flow,low-flow,low-flow
2026-07-19 03:50:00,-0.40648344,-0.3789777,-0.35698423,-0.35917705,low-flow,low-flow,low-flow,low-flow
2026-07-19 04:00:00,-0.30928314,-0.2840485,-0.25916746,-0.26082873,low-flow,low-flow,low-flow,low-flow
2026-07-19 04:10:00,-0.20960817,-0.1869456,-0.15928029,-0.16039804,low-flow,low-flow,low-flow,low-flow
2026-07-19 04:20:00,-0.10813608,-0.08833627,-0.058017224,-0.058584273,low-flow,low-flow,low-flow,low-flow
2026-07-19 04:30:00,-0.0055558616,0.011104982,0.04391693,0.04390294,low-flow,high-flow,high-flow,high-flow
2026-07-19 04:40:00,0.09743596,0.11070037,0.1458117,0.14634831,high-flow,high-flow,high-flow,high-flow
2026-07-19 04:50:00,0.20013936,0.2097725,0.24695554,0.24803557,high-flow,high-flow,high-flow,high-flow
2026-07-19 05:00:00,0.3018549,0.30764773,0.3466405,0.34825203,high-flow,high-flow,high-flow,high-flow
2026-07-19 05:10:00,0.40188774,0.40365946,0.44416687,0.44629356,high-flow,high-flow,high-flow,high-flow
2026-07-19 05:20:00,0.49955186,0.4971514,0.5388479,0.5414691,high-flow,high-flow,high-flow,high-flow
2026-07-19 05:30:00,0.594174,0.5874808,0.63001454,0.63310546,high-flow,high-flow,high-flow,high-flow
2026-07-19 05:40:00,0.68509823,0.6740221,0.71701986,0.72055197,high-flow,high-flow,high-flow,high-flow
2026-07-19 05:50:00,0.7716895,0.7561707,0.7992437,0.80318505,high-flow,high-flow,high-flow,high-flow
2026-07-19 06:00:00,0.85333836,0.8333471,0.8760972,0.8804126,high-flow,high-flow,high-flow,high-flow
2026-07-19 06:10:00,0.9294648,0.90500134,0.9470269,0.9516785,high-flow,high-flow,high-flow,high-flow
2026-07-19 06:20:00,0.99952245,0.9706175,1.0115191,1.0164665,high-flow,high-flow,high-flow,high-flow
2026-07-19 06:30:00,1.0630023,1.0297182,1.0691032,1.0743045,high-flow,high-flow,high-flow,high-flow
2026-07-19 06:40:00,1.1194371,1.0818691,1.1193564,1.1247673,high-flow,high-flow,high-flow,high-flow
2026-07-19 06:50:00,1.1684043,1.1266837,1.1619056,1.1674817,high-flow,high-flow,high-flow,high-flow
2026-07-19 07:00:00,1.2095305,1.163826,1.1964321,1.2021275,high-flow,high-flow,high-flow,high-flow
2026-07-19 07:10:00,1.242494,1.1930144,1.2226728,1.2284417,high-flow,high-flow,high-flow,high-flow
2026-07-19 07:20:00,1.2670282,1.2140238,1.2404237,1.2462204,high-flow,high-flow,high-flow,high-flow
2026-07-19 07:30:00,1.2829243,1.2266878,1.2495409,1.2553203,high-flow,high-flow,high-flow,high-flow
2026-07-19 07:40:00,1.2900335,1.2308983,1.2499429,1.2556608,high-flow,high-flow,high-flow,high-flow
2026-07-19 07:50:00,1.2882693,1.226607,1.241611,1.2472243,high-flow,high-ebb,high-ebb,high-ebb
2026-07-19 08:00:00,1.2776088,1.213824,1.2245898,1.2300575,high-ebb,high-ebb,high-ebb,high-ebb
2026-07-19 08:10:00,1.2580932,1.1926177,1.1989877,1.2042705,high-ebb,high-ebb,high-ebb,high-ebb
2026-07-19 08:20:00,1.2298299,1.1631129,1.164976,1.1700369,high-ebb,high-ebb,high-ebb,high-ebb
2026-07-19 08:30:00,1.1929905,1.1254901,1.1227882,1.1275927,high-ebb,high-ebb,high-ebb,high-ebb
2026-07-19 08:40:00,1.1478118,1.0799838,1.0727181,1.0772343,high-ebb,high-ebb,high-ebb,high-ebb
2026-07-19 08:50:00,1.0945936,1.0268818,1.015118,1.019317,high-ebb,high-ebb,high-ebb,high-ebb
2026-07-19 09:00:00,1.0336981,0.96652406,0.9503963,0.9542524,high-ebb,high-ebb,high-ebb,high-ebb
2026-07-19 09:10:00,0.9655462,0.8993016,0.87901413,0.88250464,high-ebb,high-ebb,high-ebb,high-ebb
2026-07-19 09:20:00,0.8906159,0.82565624,0.8014823,0.8045878,high-ebb,high-ebb,high-ebb,high-ebb
2026-07-19 09:30:00,0.8094379,0.74607927,0.7183571,0.7210614,high-ebb,high-ebb,high-ebb,high-ebb
2026-07-19 09:40:00,0.7225923,0.6611104,0.6302362,0.63252646,high-ebb,high-ebb,high-ebb,high-ebb
2026-07-19 09:50:00,0.6307036,0.5713361,0.5377539,0.5396205,high-ebb,high-ebb,high-ebb,high-ebb
2026-07-19 10:00:00,0.5344363,0.47738695,0.44157627,0.44301292,high-ebb,high-ebb,high-ebb,high-ebb
2026-07-19 10:10:00,0.434489,0.37993422,0.34239605,0.3433995,high-ebb,high-ebb,high-ebb,high-ebb
2026-07-19 10:20:00,0.33158913,0.27968565,0.24092704,0.24149704,high-ebb,high-ebb,high-ebb,high-ebb
2026-07-19 10:30:00,0.22648676,0.17737952,0.1378987,0.13803792,high-ebb,high-ebb,high-ebb,high-ebb
2026-07-19 10:40:00,0.11994847,0.07377823,0.03405041,0.03376426,high-ebb,high-ebb,high-ebb,high-ebb
2026-07-19 10:50:00,0.012751011,-0.03033949,-0.06987424,-0.07057775,high-ebb,low-ebb,low-ebb,low-ebb
2026-07-19 11:00:00,-0.094325215,-0.13418698,-0.17313313,-0.17424358,low-ebb,low-ebb,low-ebb,low-ebb
2026-07-19 11:10:00,-0.20050256,-0.2369787,-0.27499133,-0.27649608,low-ebb,low-ebb,low-ebb,low-ebb
2026-07-19 11:20:00,-0.30501255,-0.33793926,-0.37472656,-0.3766109,low-ebb,low-ebb,low-ebb,low-ebb
2026-07-19 11:30:00,-0.40710208,-0.4363125,-0.47163463,-0.47388208,low-ebb,low-ebb,low-ebb,low-ebb
2026-07-19 11:40:00,-0.50603956,-0.53137004,-0.5650346,-0.56762695,low-ebb,low-ebb,low-ebb,low-ebb
2026-07-19 11:50:00,-0.6011207,-0.6224188,-0.65427387,-0.65719146,low-ebb,low-ebb,low-ebb,low-ebb
2026-07-19 12:00:00,-0.69167393,-0.70880777,-0.73873246,-0.7419544,low-ebb,low-ebb,low-ebb,low-ebb
2026-07-19 12:10:00,-0.77706546,-0.7899333,-0.8178278,-0.821332,low-ebb,low-ebb,low-ebb,low-ebb
2026-07-19 12:20:00,-0.8567041,-0.86524326,-0.89101845,-0.8947819,low-ebb,low-ebb,low-ebb,low-ebb
2026-07-19 12:30:00,-0.93004537,-0.9342394,-0.9578077,-0.9618066,low-ebb,low-ebb,low-ebb,low-ebb
2026-07-19 12:40:00,-0.99659514,-0.99647945,-1.0177469,-1.0219568,low-ebb,low-ebb,low-ebb,low-ebb
2026-07-19 12:50:00,-1.0559129,-1.051577,-1.070438,-1.0748341,low-ebb,low-ebb,low-ebb,low-ebb
2026-07-19 13:00:00,-1.1076144,-1.0992016,-1.1155367,-1.1200935,low-ebb,low-ebb,low-ebb,low-ebb
2026-07-19 13:10:00,-1.1513737,-1.1390777,-1.1527531,-1.157445,low-ebb,low-ebb,low-ebb,low-ebb
2026-07-19 13:20:00,-1.1869253,-1.1709836,-1.1818546,-1.1866558,low-ebb,low-ebb,low-ebb,low-ebb
2026-07-19 13:30:00,-1.2140639,-1.1947502,-1.202666,-1.2075504,low-ebb,low-ebb,low-ebb,low-ebb
2026-07-19 13:40:00,-1.2326462,-1.2102604,-1.215071,-1.2200125,low-ebb,low-ebb,low-ebb,low-ebb
2026-07-19 13:50:00,-1.2425904,-1.217448,-1.2190114,-1.2239842,low-ebb,low-ebb,low-ebb,low-ebb
2026-07-19 14:00:00,-1.243876,-1.2162979,-1.2144885,-1.2194664,low-ebb,low-ebb,low-flow,low-flow
2026-07-19 14:10:00,-1.2365422,-1.2068455,-1.2015611,-1.2065183,low-flow,low-flow,low-flow,low-flow
2026-07-19 14:20:00,-1.2206875,-1.1891782,-1.1803454,-1.1852561,low-flow,low-flow,low-flow,low-flow
2026-07-19 14:30:00,-1.1964678,-1.1634345,-1.1510141,-1.1558524,low-flow,low-flow,low-flow,low-flow
2026-07-19 14:40:00,-1.1640937,-1.1298054,-1.1137937,-1.1185344,low-flow,low-flow,low-flow,low-flow
2026-07-19 14:50:00,-1.1238295,-1.0885341,-1.0689641,-1.0735818,low-flow,low-flow,low-flow,low-flow
2026-07-19 15:00:00,-1.0759894,-1.0399157,-1.0168551,-1.0213249,low-flow,low-flow,low-flow,low-flow
2026-07-19 15:10:00,-1.0209355,-0.9842962,-0.957845,-0.96214205,low-flow,low-flow,low-flow,low-flow
2026-07-19 15:20:00,-0.9590747,-0.92207086,-0.8923571,-0.8964572,low-flow,low-flow,low-flow,low-flow
2026-07-19 15:30:00,-0.8908552,-0.8536817,-0.82085747,-0.82473654,low-flow,low-flow,low-flow,low-flow
2026-07-19 15:40:00,-0.8167638,-0.77961445,-0.7438513,-0.7474859,low-flow,low-flow,low-flow,low-flow
2026-07-19 15:50:00,-0.7373222,-0.70039433,-0.6618797,-0.6652469,low-flow,low-flow,low-flow,low-flow
2026-07-19 16:00:00,-0.6530836,-0.6165819,-0.5755162,-0.57859373,low-flow,low-flow,low-flow,low-flow
2026-07-19 16:10:00,-0.5646293,-0.5287682,-0.48536313,-0.4881294,low-flow,low-flow,low-flow,low-flow
2026-07-19 16:20:00,-0.47256505,-0.43756935,-0.3920473,-0.39448166,low-flow,low-flow,low-flow,low-flow
2026-07-19 16:30:00,-0.3775174,-0.34362215,-0.29621643,-0.29829925,low-flow,low-flow,low-flow,low-flow
2026-07-19 16:40:00,-0.28013015,-0.24757858,-0.19853485,-0.20024759,low-flow,low-flow,low-flow,low-flow
2026-07-19 16:50:00,-0.18106048,-0.15010144,-0.09967917,-0.1010046,low-flow,low-flow,low-flow,low-flow
2026-07-19 17:00:00,-0.08097535,-0.051859837,-0.00033401165,-0.0012563519,low-flow,low-flow,low-flow,low-flow
2026-07-19 17:10:00,0.01945231,0.046474777,0.0988125,0.09830738,high-flow,high-flow,high-flow,high-flow
2026-07-19 17:20:00,0.11954748,0.14423244,0.19707316,0.19699758,high-flow,high-flow,high-flow,high-flow
2026-07-19 17:30:00,0.21863686,0.24074818,0.29376626,0.29413053,high-flow,high-flow,high-flow,high-flow
2026-07-19 17:40:00,0.3160527,0.33536553,0.38822,0.38903233,high-flow,high-flow,high-flow,high-flow
2026-07-19 17:50:00,0.41113693,0.42744,0.47977728,0.48104337,high-flow,high-flow,high-flow,high-flow
2026-07-19 18:00:00,0.5032448,0.5163425,0.5677998,0.5695229,high-flow,high-flow,high-flow,high-flow
2026-07-19 18:10:00,0.59174913,0.60146356,0.65167284,0.6538535,high-flow,high-flow,high-flow,high-flow
2026-07-19 18:20:00,0.6760441,0.6822168,0.7308093,0.73344517,high-flow,high-flow,high-flow,high-flow
2026-07-19 18:30:00,0.7555495,0.7580437,0.8046541,0.80773985,high-flow,high-flow,high-flow,high-flow
2026-07-19 18:40:00,0.82971406,0.8284178,0.87268823,0.87621534,high-flow,high-flow,high-flow,high-flow
2026-07-19 18:50:00,0.8980202,0.8928492,0.9344323,0.938389,high-flow,high-flow,high-flow,high-flow
2026-07-19 19:00:00,0.95998704,0.950889,0.9894506,0.9938218,high-flow,high-flow,high-flow,high-flow
2026-07-19 19:10:00,1.0151745,1.0021335,1.037354,1.0421213,high-flow,high-flow,high-flow,high-flow
2026-07-19 19:20:00,1.0631868,1.046228,1.0778035,1.0829449,high-flow,high-flow,high-flow,high-flow
2026-07-19 19:30:00,1.1036757,1.0828699,1.1105125,1.1160029,high-flow,high-flow,high-flow,high-flow
2026-07-19 19:40:00,1.1363438,1.1118108,1.1352496,1.1410604,high-flow,high-flow,high-flow,high-flow
2026-07-19 19:50:00,1.160947,1.1328588,1.1518403,1.1579396,high-flow,high-flow,high-flow,high-flow
2026-07-19 20:00:00,1.1772975,1.1458787,1.160169,1.1665217,high-flow,high-flow,high-flow,high-flow
2026-07-19 20:10:00,1.1852655,1.150793,1.1601796,1.1667477,high-flow,high-flow,high-flow,high-flow
2026-07-19 20:20:00,1.1847816,1.1475801,1.1518764,1.158619,high-flow,high-ebb,high-ebb,high-ebb
2026-07-19 20:30:00,1.1758374,1.1362748,1.1353247,1.1421986,high-ebb,high-ebb,high-ebb,high-ebb
2026-07-19 20:40:00,1.1584867,1.1169653,1.1106503,1.1176095,high-ebb,high-ebb,high-ebb,high-ebb
2026-07-19 20:50:00,1.1328461,1.0897931,1.0780382,1.0850353,high-ebb,high-ebb,high-ebb,high-ebb
2026-07-19 21:00:00,1.0990943,1.0549504,1.0377326,1.0447181,high-ebb,high-ebb,high-ebb,high-ebb
2026-07-19 21:10:00,1.0574716,1.0126793,0.9900339,0.99695724,high-ebb,high-ebb,high-ebb,high-ebb
2026-07-19 21:20:00,1.008279,0.9632709,0.9352975,0.9421071,high-ebb,high-ebb,high-ebb,high-ebb
2026-07-19 21:30:00,0.95187527,0.9070634,0.87393045,0.8805743,high-ebb,high-ebb,high-ebb,high-ebb
2026-07-19 21:40:00,0.8886759,0.84444237,0.80638874,0.8128149,high-ebb,high-ebb,high-ebb,high-ebb
2026-07-19 21:50:00,0.81914914,0.7758394,0.7331738,0.73933065,high-ebb,high-ebb,high-ebb,high-ebb
2026-07-19 22:00:00,0.74381274,0.70173144,0.65482837,0.6606653,high-ebb,high-ebb,high-ebb,high-ebb
2026-07-19 22:10:00,0.66322994,0.62263983,0.57193255,0.57740015,high-ebb,high-ebb,high-ebb,high-ebb
2026-07-19 22:20:00,0.57800525,0.53912836,0.485099,0.49014995,high-ebb,high-ebb,high-ebb,high-ebb
2026-07-19 22:30:00,0.48877904,0.45180088,0.39496833,0.39955756,high-ebb,high-ebb,high-ebb,high-ebb
2026-07-19 22:40:00,0.3962228,0.36129782,0.302204,0.30628923,high-ebb,high-ebb,high-ebb,high-ebb
2026-07-19 22:50:00,0.30103317,0.2682918,0.20748714,0.21102934,high-ebb,high-ebb,high-ebb,high-ebb
2026-07-19 23:00:00,0.2039262,0.1734821,0.11151115,0.11447503,high-ebb,high-ebb,high-ebb,high-ebb
2026-07-19 23:10:00,0.10563141,0.07758802,0.014976477,0.017330777,high-ebb,high-ebb,high-ebb,high-ebb
2026-07-19 23:20:00,0.0068855365,-0.01865853,-0.081414916,-0.079696976,high-ebb,low-ebb,low-ebb,low-ebb
2026-07-19 23:30:00,-0.091573626,-0.11452111,-0.17696488,-0.17590529,low-ebb,low-ebb,low-ebb,low-ebb
2026-07-19 23:40:00,-0.1890134,-0.20926724,-0.2709844,-0.27060005,low-ebb,low-ebb,low-ebb,low-ebb
2026-07-19 23:50:00,-0.2847123,-0.30217695,-0.36279872,-0.36310118,low-ebb,low-ebb,low-ebb,low-ebb
2026-07-20 00:00:00,-0.377966,-0.39255103,-0.4517524,-0.4527477,low-ebb,low-ebb,low-ebb,low-ebb
2026-07-20 00:10:00,-0.4680929,-0.47971857,-0.53721404,-0.5389025,low-ebb,low-ebb,low-ebb,low-ebb
2026-07-20 00:20:00,-0.5544397,-0.5630438,-0.6185808,-0.6209571,low-ebb,low-ebb,low-ebb,low-ebb
2026-07-20 00:30:00,-0.6363864,-0.64193165,-0.6952829,-0.6983356,low-ebb,low-ebb,low-ebb,low-ebb
2026-07-20 00:40:00,-0.7133509,-0.71583223,-0.76678705,-0.7704992,low-ebb,low-ebb,low-ebb,low-ebb
2026-07-20 00:50:00,-0.78479326,-0.78424394,-0.8326006,-0.8369494,low-ebb,low-ebb,low-ebb,low-ebb
2026-07-20 01:00:00,-0.85021967,-0.84671545,-0.8922744,-0.8972316,low-ebb,low-ebb,low-ebb,low-ebb
2026-07-20 01:10:00,-0.90918547,-0.9028466,-0.94540584,-0.9509376,low-ebb,low-ebb,low-ebb,low-ebb
2026-07-20 01:20:00,-0.96129805,-0.95228827,-0.9916413,-0.9977088,low-ebb,low-ebb,low-ebb,low-ebb
2026-07-20 01:30:00,-1.0062191,-0.9947423,-1.0306782,-1.0372376,low-ebb,low-ebb,low-ebb,low-ebb
2026-07-20 01:40:00,-1.0436666,-1.02996,-1.0622665,-1.0692698,low-ebb,low-ebb,low-ebb,low-ebb
2026-07-20 01:50:00,-1.0734152,-1.0577418,-1.0862104,-1.0936053,low-ebb,low-ebb,low-ebb,low-ebb
2026-07-20 02:00:00,-1.0952979,-1.0779358,-1.102369,-1.1100994,low-ebb,low-ebb,low-ebb,low-ebb
2026-07-20 02:10:00,-1.109206,-1.0904381,-1.1106563,-1.1186634,low-ebb,low-ebb,low-ebb,low-ebb
2026-07-20 02:20:00,-1.1150882,-1.095192,-1.1110423,-1.1192644,low-ebb,low-ebb,low-ebb,low-ebb
2026-07-20 02:30:00,-1.1129512,-1.0921882,-1.1035519,-1.1119252,low-flow,low-flow,low-flow,low-flow
2026-07-20 02:40:00,-1.102857,-1.0814664,-1.0882647,-1.096724,low-flow,low-flow,low-flow,low-flow
2026-07-20 02:50:00,-1.0849229,-1.0631149,-1.0653138,-1.0737929,low-flow,low-flow,low-flow,low-flow
2026-07-20 03:00:00,-1.0593191,-1.0372722,-1.0348847,-1.0433173,low-flow,low-flow,low-flow,low-flow
2026-07-20 03:10:00,-1.0262665,-1.0041274,-0.9972138,-1.0055335,low-flow,low-flow,low-flow,low-flow
2026-07-20 03:20:00,-0.98603463,-0.9639206,-0.95258594,-0.9607275,low-flow,low-flow,low-flow,low-flow
2026-07-20 03:30:00,-0.93893903,-0.9169424,-0.9013331,-0.9092326,low-flow,low-flow,low-flow,low-flow
2026-07-20 03:40:00,-0.8853384,-0.863533,-0.84383124,-0.85142696,low-flow,low-flow,low-flow,low-flow
2026-07-20 03:50:00,-0.825632,-0.8040805,-0.780498,-0.7877308,low-flow,low-flow,low-flow,low-flow
2026-07-20 04:00:00,-0.7602563,-0.73901796,-0.7117899,-0.7186036,low-flow,low-flow,low-flow,low-flow
2026-07-20 04:10:00,-0.689682,-0.6688202,-0.6381989,-0.6445411,low-flow,low-flow,low-flow,low-flow
2026-07-20 04:20:00,-0.6144111,-0.5939998,-0.5602493,-0.5660717,low-flow,low-flow,low-flow,low-flow
2026-07-20 04:30:00,-0.53497314,-0.5151022,-0.47849452,-0.48375317,low-flow,low-flow,low-flow,low-flow
2026-07-20 04:40:00,-0.4519222,-0.43270114,-0.39351302,-0.39816895,low-flow,low-flow,low-flow,low-flow
2026-07-20 04:50:00,-0.36583358,-0.34739316,-0.30590487,-0.30992422,low-flow,low-flow,low-flow,low-flow
2026-07-20 05:00:00,-0.27730027,-0.25979283,-0.21628767,-0.21964209,low-flow,low-flow,low-flow,low-flow
2026-07-20 05:10:00,-0.18692951,-0.17052779,-0.12529267,-0.12795942,low-flow,low-flow,low-flow,low-flow
2026-07-20 05:20:00,-0.09533952,-0.08023397,-0.033560567,-0.035522703,low-flow,low-flow,low-flow,low-flow
2026-07-20 05:30:00,-0.0031558576,0.010448559,0.058262672,0.057016168,low-flow,high-flow,high-flow,high-flow
2026-07-20 05:40:00,0.088992074,0.1008797,0.14953004,0.14900425,high-flow,high-flow,high-flow,high-flow
2026-07-20 05:50:00,0.18047455,0.19042306,0.2395978,0.2397919,high-flow,high-flow,high-flow,high-flow
2026-07-20 06:00:00,0.27066517,0.27844948,0.32782978,0.32873708,high-flow,high-flow,high-flow,high-flow
2026-07-20 06:10:00,0.3589444,0.36434057,0.4136017,0.41520983,high-flow,high-flow,high-flow,high-flow
2026-07-20 06:20:00,0.4447033,0.44749227,0.49630544,0.4985965,high-flow,high-flow,high-flow,high-flow
2026-07-20 06:30:00,0.5273473,0.5273184,0.57535326,0.578304,high-flow,high-flow,high-flow,high-flow
2026-07-20 06:40:00,0.6062998,0.6032545,0.65018207,0.65376425,high-flow,high-flow,high-flow,high-flow
2026-07-20 06:50:00,0.6810059,0.674762,0.7202571,0.7244378,high-flow,high-flow,high-flow,high-flow
2026-07-20 07:00:00,0.75093615,0.7413323,0.7850763,0.7898182,high-flow,high-flow,high-flow,high-flow
2026-07-20 07:10:00,0.8155903,0.8024908,0.84417367,0.8494355,high-flow,high-flow,high-flow,high-flow
2026-07-20 07:20:00,0.87450093,0.85780144,0.8971229,0.9028599,high-flow,high-flow,high-flow,high-flow
2026-07-20 07:30:00,0.92723686,0.9068706,0.9435407,0.94970495,high-flow,high-flow,high-flow,high-flow
2026-07-20 07:40:00,0.9734067,0.94935054,0.9830897,0.9896307,high-flow,high-flow,high-flow,high-flow
2026-07-20 07:50:00,1.0126622,0.9849427,1.0154814,1.0223464,high-flow,high-flow,high-flow,high-flow
2026-07-20 08:00:00,1.0447013,1.0133998,1.040478,1.0476127,high-flow,high-flow,high-flow,high-flow
2026-07-20 08:10:00,1.0692711,1.034528,1.0578953,1.065244,high-flow,high-flow,high-flow,high-flow
2026-07-20 08:20:00,1.0861701,1.048187,1.0676037,1.07511,high-flow,high-flow,high-flow,high-flow
2026-07-20 08:30:00,1.095251,1.0542908,1.0695294,1.0771368,high-flow,high-flow,high-flow,high-flow
2026-07-20 08:40:00,1.0964222,1.0528067,1.0636559,1.0713078,high-flow,high-flow,high-ebb,high-ebb
2026-07-20 08:50:00,1.0896497,1.0437542,1.0500233,1.057664,high-ebb,high-ebb,high-ebb,high-ebb
2026-07-20 09:00:00,1.0749577,1.0272037,1.0287296,1.0363045,high-ebb,high-ebb,high-ebb,high-ebb
2026-07-20 09:10:00,1.05243,1.0032742,0.99992895,1.0073845,high-ebb,high-ebb,high-ebb,high-ebb
2026-07-20 09:20:00,1.0222092,0.97213197,0.9638314,0.9711162,high-ebb,high-ebb,high-ebb,high-ebb
2026-07-20 09:30:00,0.9844971,0.93398887,0.9207012,0.9277658,high-ebb,high-ebb,high-ebb,high-ebb
2026-07-20 09:40:00,0.9395532,0.8891009,0.87085485,0.8776524,high-ebb,high-ebb,high-ebb,high-ebb
2026-07-20 09:50:00,0.88769376,0.83776724,0.814659,0.8211454,high-ebb,high-ebb,high-ebb,high-ebb
2026-07-20 10:00:00,0.8292893,0.7803294,0.75252753,0.75866157,high-ebb,high-ebb,high-ebb,high-ebb
2026-07-20 10:10:00,0.7647625,0.71717083,0.68491846,0.6906622,high-ebb,high-ebb,high-ebb,high-ebb
2026-07-20 10:20:00,0.69458467,0.64871633,0.61233056,0.61764926,high-ebb,high-ebb,high-ebb,high-ebb
2026-07-20 10:30:00,0.6192726,0.5754314,0.5352992,0.5401617,high-ebb,high-ebb,high-ebb,high-ebb
2026-07-20 10:40:00,0.53938407,0.4978214,0.45439234,0.45877117,high-ebb,high-ebb,high-ebb,high-ebb
2026-07-20 10:50:00,0.45551383,0.41642985,0.3702064,0.37407762,high-ebb,high-ebb,high-ebb,high-ebb
2026-07-20 11:00:00,0.36828843,0.33183613,0.28336105,0.28670448,high-ebb,high-ebb,high-ebb,high-ebb
2026-07-20 11:10:00,0.27836102,0.24465208,0.19449487,0.19729409,high-ebb,high-ebb,high-ebb,high-ebb
2026-07-20 11:20:00,0.18640603,0.15551771,0.10426017,0.10650238,high-ebb,high-ebb,high-ebb,high-ebb
2026-07-20 11:30:00,0.09311332,0.06509581,0.01331792,0.014994044,high-ebb,high-ebb,high-ebb,high-ebb
2026-07-20 11:40:00,-0.00081758125,-0.025934473,-0.07766724,-0.07656269,low-ebb,low-ebb,low-ebb,low-ebb
2026-07-20 11:50:00,-0.09468342,-0.116884716,-0.16803212,-0.1675011,low-ebb,low-ebb,low-ebb,low-ebb
2026-07-20 12:00:00,-0.1877832,-0.20706493,-0.25712004,-0.2571611,low-ebb,low-ebb,low-ebb,low-ebb
2026-07-20 12:10:00,-0.27942395,-0.29579148,-0.34428573,-0.3448941,low-ebb,low-ebb,low-ebb,low-ebb
2026-07-20 12:20:00,-0.3689266,-0.38239494,-0.42890012,-0.4300679,low-ebb,low-ebb,low-ebb,low-ebb
2026-07-20 12:30:00,-0.45563155,-0.4662277,-0.510355,-0.51207113,low-ebb,low-ebb,low-ebb,low-ebb
2026-07-20 12:40:00,-0.53890383,-0.54667056,-0.58806735,-0.59031796,low-ebb,low-ebb,low-ebb,low-ebb
2026-07-20 12:50:00,-0.6181384,-0.6231386,-0.6614836,-0.6642519,low-ebb,low-ebb,low-ebb,low-ebb
2026-07-20 13:00:00,-0.6927643,-0.6950862,-0.7300833,-0.73335016,low-ebb,low-ebb,low-ebb,low-ebb
2026-07-20 13:10:00,-0.7622496,-0.7620103,-0.79338294,-0.79712653,low-ebb,low-ebb,low-ebb,low-ebb
2026-07-20 13:20:00,-0.8261046,-0.82345295,-0.85093904,-0.8551353,low-ebb,low-ebb,low-ebb,low-ebb
2026-07-20 13:30:00,-0.8838855,-0.8790029,-0.9023511,-0.9069737,low-ebb,low-ebb,low-ebb,low-ebb
2026-07-20 13:40:00,-0.9351973,-0.92829573,-0.9472639,-0.95228475,low-ebb,low-ebb,low-ebb,low-ebb
2026-07-20 13:50:00,-0.9796958,-0.9710139,-0.98537016,-0.990759,low-ebb,low-ebb,low-ebb,low-ebb
2026-07-20 14:00:00,-1.01709,-1.0068862,-1.0164118,-1.0221369,low-ebb,low-ebb,low-ebb,low-ebb
2026-07-20 14:10:00,-1.0471429,-1.0356871,-1.0401819,-1.0462096,low-ebb,low-ebb,low-ebb,low-ebb
2026-07-20 14:20:00,-1.0696728,-1.0572358,-1.0565249,-1.0628203,low-ebb,low-ebb,low-ebb,low-ebb
2026-07-20 14:30:00,-1.0845535,-1.0713965,-1.0653384,-1.0718652,low-ebb,low-ebb,low-ebb,low-ebb
2026-07-20 14:40:00,-1.0917141,-1.0780779,-1.0665723,-1.0732932,low-ebb,low-ebb,low-ebb,low-ebb
2026-07-20 14:50:00,-1.0911388,-1.077234,-1.0602298,-1.0671061,low-ebb,low-ebb,low-flow,low-flow
2026-07-20 15:00:00,-1.082866,-1.0688652,-1.0463661,-1.0533583,low-flow,low-flow,low-flow,low-flow
2026-07-20 15:10:00,-1.0669862,-1.0530187,-1.0250883,-1.0321561,low-flow,low-flow,low-flow,low-flow
2026-07-20 15:20:00,-1.0436419,-1.0297905,-0.9965539,-1.0036564,low-flow,low-flow,low-flow,low-flow
2026-07-20 15:30:00,-1.0130244,-0.9993266,-0.96096975,-0.9680654,low-flow,low-flow,low-flow,low-flow
2026-07-20 15:40:00,-0.9753725,-0.96182305,-0.9185903,-0.9256372,low-flow,low-flow,low-flow,low-flow
2026-07-20 15:50:00,-0.93096936,-0.9175272,-0.86971563,-0.8766716,low-flow,low-flow,low-flow,low-flow
2026-07-20 16:00:00,-0.88014084,-0.86673695,-0.8146892,-0.82151216,low-flow,low-flow,low-flow,low-flow
2026-07-20 16:10:00,-0.8232521,-0.80979955,-0.7538957,-0.7605436,low-flow,low-flow,low-flow,low-flow
2026-07-20 16:20:00,-0.76070523,-0.7471097,-0.68775815,-0.6941891,low-flow,low-flow,low-flow,low-flow
2026-07-20 16:30:00,-0.69293606,-0.6791068,-0.616735,-0.62290776,low-flow,low-flow,low-flow,low-flow
2026-07-20 16:40:00,-0.62041134,-0.60627073,-0.54131734,-0.54719126,low-flow,low-flow,low-flow,low-flow
2026-07-20 16:50:00,-0.5436257,-0.5291182,-0.46202546,-0.46756086,low-flow,low-flow,low-flow,low-flow
2026-07-20 17:00:00,-0.46309838,-0.4481975,-0.37940553,-0.38456377,low-flow,low-flow,low-flow,low-flow
2026-07-20 17:10:00,-0.3793703,-0.36408353,-0.2940259,-0.2987698,low-flow,low-flow,low-flow,low-flow
2026-07-20 17:20:00,-0.29300085,-0.27737254,-0.20647366,-0.2107676,low-flow,low-flow,low-flow,low-flow
2026-07-20 17:30:00,-0.20456468,-0.18867704,-0.11735071,-0.12116091,low-flow,low-flow,low-flow,low-flow
2026-07-20 17:40:00,-0.11464852,-0.09862076,-0.027269822,-0.030564653,low-flow,low-flow,low-flow,low-flow
2026-07-20 17:50:00,-0.023847954,-0.007834053,0.06314927,0.06039906,low-flow,low-flow,high-flow,high-flow
2026-07-20 18:00:00,0.06723586,0.0830505,0.15328395,0.15110496,high-flow,high-flow,high-flow,high-flow
2026-07-20 18:10:00,0.15799944,0.17340212,0.2425128,0.24092872,high-flow,high-flow,high-flow,high-flow
2026-07-20 18:20:00,0.24784042,0.26259565,0.33021975,0.32925108,high-flow,high-flow,high-flow,high-flow
2026-07-20 18:30:00,0.33616075,0.35001525,0.41579813,0.415462,high-flow,high-flow,high-flow,high-flow
2026-07-20 18:40:00,0.4223703,0.43505797,0.49865484,0.49896467,high-flow,high-flow,high-flow,high-flow
2026-07-20 18:50:00,0.50589025,0.51713735,0.57821447,0.57917976,high-flow,high-flow,high-flow,high-flow
2026-07-20 19:00:00,0.5861564,0.5956872,0.65392303,0.6555492,high-flow,high-flow,high-flow,high-flow
2026-07-20 19:10:00,0.66262305,0.67016566,0.7252522,0.72754043,high-flow,high-flow,high-flow,high-flow
2026-07-20 19:20:00,0.7347662,0.7400589,0.7917028,0.7946497,high-flow,high-flow,high-flow,high-flow
2026-07-20 19:30:00,0.8020871,0.80488557,0.8528086,0.8564063,high-flow,high-flow,high-flow,high-flow
2026-07-20 19:40:00,0.8641162,0.8642006,0.9081396,0.91237533,high-flow,high-flow,high-flow,high-flow
2026-07-20 19:50:00,0.9204159,0.91759926,0.9573052,0.96216166,high-flow,high-flow,high-flow,high-flow
2026-07-20 20:00:00,0.9705843,0.96472067,0.99995756,1.0054125,high-flow,high-flow,high-flow,high-flow
2026-07-20 20:10:00,1.0142586,1.0052509,1.0357938,1.04182,high-flow,high-flow,high-flow,high-flow
2026-07-20 20:20:00,1.051118,1.0389255,1.0645586,1.0711246,high-flow,high-flow,high-flow,high-flow
2026-07-20 20:30:00,1.0808866,1.065531,1.0860467,1.0931157,high-flow,high-flow,high-flow,high-flow
2026-07-20 20:40:00,1.103336,1.084906,1.1001036,1.1076348,high-flow,high-flow,high-flow,high-flow
2026-07-20 20:50:00,1.118288,1.096941,1.1066282,1.1145761,high-flow,high-flow,high-flow,high-flow
2026-07-20 21:00:00,1.1256168,1.1015784,1.1055726,1.1138879,high-flow,high-flow,high-flow,high-flow
2026-07-20 21:10:00,1.1252501,1.0988107,1.0969435,1.1055728,high-flow,high-ebb,high-ebb,high-ebb
2026-07-20 21:20:00,1.117171,1.0886791,1.0808021,1.0896887,high-ebb,high-ebb,high-ebb,high-ebb
2026-07-20 21:30:00,1.1014189,1.0712712,1.0572636,1.0663475,high-ebb,high-ebb,high-ebb,high-ebb
2026-07-20 21:40:00,1.0780897,1.0467198,1.0264968,1.0357151,high-ebb,high-ebb,high-ebb,high-ebb
2026-07-20 21:50:00,1.0473362,1.0152003,0.98872256,0.99801046,high-ebb,high-ebb,high-ebb,high-ebb
2026-07-20 22:00:00,1.009367,0.9769294,0.94421285,0.95350343,high-ebb,high-ebb,high-ebb,high-ebb
2026-07-20 22:10:00,0.9644458,0.93216395,0.8932882,0.9025133,high-ebb,high-ebb,high-ebb,high-ebb
2026-07-20 22:20:00,0.9128901,0.88119996,0.83631563,0.84540635,high-ebb,high-ebb,high-ebb,high-ebb
2026-07-20 22:30:00,0.85506845,0.8243723,0.7737058,0.782593,high-ebb,high-ebb,high-ebb,high-ebb
2026-07-20 22:40:00,0.7913983,0.76205415,0.7059099,0.7145248,high-ebb,high-ebb,high-ebb,high-ebb
2026-07-20 22:50:00,0.7223427,0.694657,0.63341624,0.6416911,high-ebb,high-ebb,high-ebb,high-ebb
2026-07-20 23:00:00,0.64840686,0.6226302,0.55674636,0.5646149,high-ebb,high-ebb,high-ebb,high-ebb
2026-07-20 23:10:00,0.5701338,0.5464598,0.47645125,0.48384935,high-ebb,high-ebb,high-ebb,high-ebb
2026-07-20 23:20:00,0.48810035,0.46666753,0.39310685,0.3999732,high-ebb,high-ebb,high-ebb,high-ebb
2026-07-20 23:30:00,0.40291196,0.38380814,0.3073098,0.31358638,high-ebb,high-ebb,high-ebb,high-ebb
2026-07-20 23:40:00,0.31519786,0.2984663,0.21967271,0.22530536,high-ebb,high-ebb,high-ebb,high-ebb
2026-07-20 23:50:00,0.22560556,0.21125214,0.13081956,0.13575858,high-ebb,high-ebb,high-ebb,high-ebb
2026-07-21 00:00:00,0.13479558,0.122796126,0.041380897,0.045581467,high-ebb,high-ebb,high-ebb,high-ebb
2026-07-21 00:10:00,0.04343551,0.03374274,-0.048010945,-0.04458824,high-ebb,high-ebb,low-ebb,low-ebb
2026-07-21 00:20:00,-0.047805414,-0.055256385,-0.13672659,-0.13411538,low-ebb,low-ebb,low-ebb,low-ebb
2026-07-21 00:30:00,-0.1382621,-0.14354977,-0.22414435,-0.22237206,low-ebb,low-ebb,low-ebb,low-ebb
2026-07-21 00:40:00,-0.22727911,-0.2304935,-0.30965474,-0.30874234,low-ebb,low-ebb,low-ebb,low-ebb
2026-07-21 00:50:00,-0.31421614,-0.3154586,-0.39266506,-0.3926267,low-ebb,low-ebb,low-ebb,low-ebb
2026-07-21 01:00:00,-0.39845312,-0.3978376,-0.4726035,-0.4734464,low-ebb,low-ebb,low-ebb,low-ebb
2026-07-21 01:10:00,-0.47939533,-0.47705087,-0.5489233,-0.55064756,low-ebb,low-ebb,low-ebb,low-ebb
2026-07-21 01:20:00,-0.5564778,-0.5525513,-0.62110656,-0.62370515,low-ebb,low-ebb,low-ebb,low-ebb
2026-07-21 01:30:00,-0.62916976,-0.62382877,-0.68866783,-0.69212645,low-ebb,low-ebb,low-ebb,low-ebb
2026-07-21 01:40:00,-0.6969784,-0.69041246,-0.75115716,-0.7554544,low-ebb,low-ebb,low-ebb,low-ebb
2026-07-21 01:50:00,-0.7594523,-0.75187314,-0.80816334,-0.81327087,low-ebb,low-ebb,low-ebb,low-ebb
2026-07-21 02:00:00,-0.81618434,-0.80782396,-0.85931623,-0.86519885,low-ebb,low-ebb,low-ebb,low-ebb
2026-07-21 02:10:00,-0.86681443,-0.8579206,-0.9042893,-0.91090536,low-ebb,low-ebb,low-ebb,low-ebb
2026-07-21 02:20:00,-0.911031,-0.901861,-0.9428015,-0.9501029,low-ebb,low-ebb,low-ebb,low-ebb
2026-07-21 02:30:00,-0.94857305,-0.93938506,-0.9746185,-0.98255163,low-ebb,low-ebb,low-ebb,low-ebb
2026-07-21 02:40:00,-0.97923094,-0.97027403,-0.9995545,-1.0080602,low-ebb,low-ebb,low-ebb,low-ebb
2026-07-21 02:50:00,-1.0028468,-0.9943503,-1.0174726,-1.0264869,low-ebb,low-ebb,low-ebb,low-ebb
2026-07-21 03:00:00,-1.0193152,-1.0114776,-1.0282859,-1.0377402,low-ebb,low-ebb,low-ebb,low-ebb
2026-07-21 03:10:00,-1.028582,-1.0215617,-1.0319567,-1.0417792,low-ebb,low-ebb,low-ebb,low-ebb
2026-07-21 03:20:00,-1.0306445,-1.0245513,-1.0284975,-1.0386128,low-ebb,low-ebb,low-flow,low-flow
2026-07-21 03:30:00,-1.0255501,-1.0204393,-1.0179697,-1.0283002,low-flow,low-flow,low-flow,low-flow
2026-07-21 03:40:00,-1.0133946,-1.0092648,-1.0004833,-1.0109494,low-flow,low-flow,low-flow,low-flow
2026-07-21 03:50:00,-0.994321,-0.99111426,-0.97619545,-0.9867165,low-flow,low-flow,low-flow,low-flow
2026-07-21 04:00:00,-0.96851736,-0.96612316,-0.9453094,-0.95580447,low-flow,low-flow,low-flow,low-flow
2026-07-21 04:10:00,-0.9362148,-0.9344768,-0.90807253,-0.91846085,low-flow,low-flow,low-flow,low-flow
2026-07-21 04:20:00,-0.89768517,-0.8964105,-0.86477476,-0.87497663,low-flow,low-flow,low-flow,low-flow
2026-07-21 04:30:00,-0.8532384,-0.8522095,-0.8157462,-0.82568365,low-flow,low-flow,low-flow,low-flow
2026-07-21 04:40:00,-0.8032203,-0.802207,-0.76135486,-0.77095217,low-flow,low-flow,low-flow,low-flow
2026-07-21 04:50:00,-0.7480095,-0.7467824,-0.702004,-0.71118855,low-flow,low-flow,low-flow,low-flow
2026-07-21 05:00:00,-0.68801504,-0.6863579,-0.63812953,-0.6468323,low-flow,low-flow,low-flow,low-flow
2026-07-21 05:10:00,-0.62367356,-0.6213946,-0.5701968,-0.57835287,low-flow,low-flow,low-flow,low-flow
2026-07-21 05:20:00,-0.5554462,-0.5523878,-0.49869767,-0.5062469,low-flow,low-flow,low-flow,low-flow
2026-07-21 05:30:00,-0.4838161,-0.4798624,-0.42414704,-0.43103456,low-flow,low-flow,low-flow,low-flow
2026-07-21 05:40:00,-0.40928525,-0.40436748,-0.3470797,-0.35325617,low-flow,low-flow,low-flow,low-flow
2026-07-21 05:50:00,-0.33237186,-0.3264711,-0.26804656,-0.27346864,low-flow,low-flow,low-flow,low-flow
2026-07-21 06:00:00,-0.2536073,-0.24675514,-0.18761113,-0.19224185,low-flow,low-flow,low-flow,low-flow
2026-07-21 06:10:00,-0.17353325,-0.1658106,-0.10634575,-0.11015466,low-flow,low-flow,low-flow,low-flow
2026-07-21 06:20:00,-0.09269864,-0.084232934,-0.02482784,-0.027791258,low-flow,low-flow,low-flow,low-flow
2026-07-21 06:30:00,-0.011656819,-0.002617846,0.05636398,0.05426286,low-flow,low-flow,high-flow,high-flow
2026-07-21 06:40:00,0.069037564,0.07844262,0.13665375,0.1354248,high-flow,high-flow,high-flow,high-flow
2026-07-21 06:50:00,0.14883159,0.15836377,0.21547203,0.21511815,high-flow,high-flow,high-flow,high-flow
2026-07-21 07:00:00,0.22717717,0.23657188,0.2922598,0.2927771,high-flow,high-flow,high-flow,high-flow
2026-07-21 07:10:00,0.30353424,0.31250763,0.36647233,0.36785007,high-flow,high-flow,high-flow,high-flow
2026-07-21 07:20:00,0.37737387,0.3856297,0.43758285,0.43980378,high-flow,high-flow,high-flow,high-flow
2026-07-21 07:30:00,0.44818166,0.4554185,0.50508636,0.5081269,high-flow,high-flow,high-flow,high-flow
2026-07-21 07:40:00,0.51546085,0.52137977,0.56850314,0.5723337,high-flow,high-flow,high-flow,high-flow
2026-07-21 07:50:00,0.5787357,0.58304864,0.6273823,0.63196754,high-flow,high-flow,high-flow,high-flow
2026-07-21 08:00:00,0.6375548,0.63999313,0.68130493,0.6866042,high-flow,high-flow,high-flow,high-flow
2026-07-21 08:10:00,0.69149435,0.69181824,0.72988737,0.73585516,high-flow,high-flow,high-flow,high-flow
2026-07-21 08:20:00,0.7401613,0.738169,0.77278394,0.77937025,high-flow,high-flow,high-flow,high-flow
2026-07-21 08:30:00,0.7831967,0.7787338,0.8096897,0.8168406,high-flow,high-flow,high-flow,high-flow
2026-07-21 08:40:00,0.82027847,0.8132465,0.8403428,0.84800076,high-flow,high-flow,high-flow,high-flow
2026-07-21 08:50:00,0.8511246,0.8414885,0.86452657,0.87263125,high-flow,high-flow,high-flow,high-flow
2026-07-21 09:00:00,0.8754956,0.86328936,0.88207126,0.89055973,high-flow,high-flow,high-flow,high-flow
2026-07-21 09:10:00,0.8931973,0.87852734,0.89285547,0.90166306,high-flow,high-flow,high-flow,high-flow
2026-07-21 09:20:00,0.90408266,0.88712853,0.89680743,0.90586793,high-flow,high-flow,high-flow,high-flow
2026-07-21 09:30:00,0.9080542,0.8890658,0.89390546,0.90315187,high-flow,high-flow,high-ebb,high-ebb
2026-07-21 09:40:00,0.9050649,0.8843571,0.8841784,0.8935434,high-ebb,high-ebb,high-ebb,high-ebb
2026-07-21 09:50:00,0.89512014,0.8730634,0.8677056,0.87712204,high-ebb,high-ebb,high-ebb,high-ebb
2026-07-21 10:00:00,0.8782778,0.8552864,0.8446165,0.85401785,high-ebb,high-ebb,high-ebb,high-ebb
2026-07-21 10:10:00,0.85464895,0.8311671,0.8150895,0.82441044,high-ebb,high-ebb,high-ebb,high-ebb
2026-07-21 10:20:00,0.82439756,0.8008833,0.77935135,0.78852797,high-ebb,high-ebb,high-ebb,high-ebb
2026-07-21 10:30:00,0.78773975,0.76464874,0.7376747,0.7466452,high-ebb,high-ebb,high-ebb,high-ebb
2026-07-21 10:40:00,0.74494284,0.72271204,0.6903767,0.6990816,high-ebb,high-ebb,high-ebb,high-ebb
2026-07-21 10:50:00,0.69632345,0.6753564,0.63781637,0.64619887,high-ebb,high-ebb,high-ebb,high-ebb
2026-07-21 11:00:00,0.6422455,0.6228992,0.58039206,0.5883983,high-ebb,high-ebb,high-ebb,high-ebb
2026-07-21 11:10:00,0.5831173,0.5656923,0.5185381,0.5261177,high-ebb,high-ebb,high-ebb,high-ebb
2026-07-21 11:20:00,0.51938885,0.50412226,0.4527218,0.45982775,high-ebb,high-ebb,high-ebb,high-ebb
2026-07-21 11:30:00,0.4515478,0.4386099,0.38343966,0.3900288,high-ebb,high-ebb,high-ebb,high-ebb
2026-07-21 11:40:00,0.38011563,0.3696099,0.31121358,0.3172467,high-ebb,high-ebb,high-ebb,high-ebb
2026-07-21 11:50:00,0.30564326,0.29760945,0.23658681,0.2420288,high-ebb,high-ebb,high-ebb,high-ebb
2026-07-21 12:00:00,0.22870648,0.22312598,0.16011979,0.16493973,high-ebb,high-ebb,high-ebb,high-ebb
2026-07-21 12:10:00,0.14990087,0.14670406,0.0823858,0.086557075,high-ebb,high-ebb,high-ebb,high-ebb
2026-07-21 12:20:00,0.0698367,0.06891116,0.0039665764,0.007466899,high-ebb,high-ebb,high-ebb,high-ebb
2026-07-21 12:30:00,-0.010866409,-0.00966753,-0.07455218,-0.07174071,low-ebb,low-ebb,low-ebb,low-ebb
2026-07-21 12:40:00,-0.091584794,-0.088435024,-0.15258522,-0.15047613,low-ebb,low-ebb,low-ebb,low-ebb
2026-07-21 12:50:00,-0.17169622,-0.16678917,-0.22955221,-0.22815467,low-ebb,low-ebb,low-ebb,low-ebb
2026-07-21 13:00:00,-0.25058517,-0.24412957,-0.30488208,-0.30420092,low-ebb,low-ebb,low-ebb,low-ebb
2026-07-21 13:10:00,-0.3276481,-0.31986448,-0.3780172,-0.378053,low-ebb,low-ebb,low-ebb,low-ebb
2026-07-21 13:20:00,-0.4022985,-0.39341754,-0.44841754,-0.44916677,low-ebb,low-ebb,low-ebb,low-ebb
2026-07-21 13:30:00,-0.47397175,-0.46423376,-0.51556474,-0.5170197,low-ebb,low-ebb,low-ebb,low-ebb
2026-07-21 13:40:00,-0.54212964,-0.53178495,-0.5789654,-0.5811145,low-ebb,low-ebb,low-ebb,low-ebb
2026-07-21 13:50:00,-0.6062644,-0.5955741,-0.6381552,-0.64098287,low-ebb,low-ebb,low-ebb,low-ebb
2026-07-21 14:00:00,-0.66590303,-0.65513843,-0.6927015,-0.6961885,low-ebb,low-ebb,low-ebb,low-ebb
2026-07-21 14:10:00,-0.72061014,-0.7100521,-0.7422067,-0.74633026,low-ebb,low-ebb,low-ebb,low-ebb
2026-07-21 14:20:00,-0.7699913,-0.75992715,-0.78631073,-0.79104453,low-ebb,low-ebb,low-ebb,low-ebb
2026-07-21 14:30:00,-0.8136955,-0.8044147,-0.82469356,-0.83000803,low-ebb,low-ebb,low-ebb,low-ebb
2026-07-21 14:40:00,-0.8514173,-0.84320426,-0.85707694,-0.8629393,low-ebb,low-ebb,low-ebb,low-ebb
2026-07-21 14:50:00,-0.8828984,-0.87602425,-0.8832264,-0.889601,low-ebb,low-ebb,low-ebb,low-ebb
2026-07-21 15:00:00,-0.90792865,-0.90264124,-0.90295243,-0.9098007,low-ebb,low-ebb,low-ebb,low-ebb
2026-07-21 15:10:00,-0.92634696,-0.9228602,-0.9161116,-0.9233924,low-ebb,low-ebb,low-ebb,low-ebb
2026-07-21 15:20:00,-0.9380416,-0.93652457,-0.9226072,-0.93027693,low-ebb,low-ebb,low-ebb,low-ebb
2026-07-21 15:30:00,-0.94294983,-0.94351685,-0.9223896,-0.9304024,low-ebb,low-ebb,low-ebb,low-ebb
2026-07-21 15:40:00,-0.9410575,-0.94376004,-0.9154566,-0.92376447,low-flow,low-ebb,low-flow,low-flow
2026-07-21 15:50:00,-0.93239826,-0.93721884,-0.90185255,-0.91040564,low-flow,low-flow,low-flow,low-flow
2026-07-21 16:00:00,-0.9170521,-0.92390186,-0.8816684,-0.89041513,low-flow,low-flow,low-flow,low-flow
2026-07-21 16:10:00,-0.89514416,-0.90386325,-0.8550404,-0.8639278,low-flow,low-flow,low-flow,low-flow
2026-07-21 16:20:00,-0.86684275,-0.87720466,-0.82214916,-0.831123,low-flow,low-flow,low-flow,low-flow
2026-07-21 16:30:00,-0.8323576,-0.8440766,-0.78321815,-0.7922233,low-flow,low-flow,low-flow,low-flow
2026-07-21 16:40:00,-0.7919375,-0.8046795,-0.73851204,-0.74749255,low-flow,low-flow,low-flow,low-flow
2026-07-21 16:50:00,-0.74586827,-0.75926375,-0.6883349,-0.6972343,low-flow,low-flow,low-flow,low-flow
2026-07-21 17:00:00,-0.6944702,-0.70812887,-0.6330276,-0.6417893,low-flow,low-flow,low-flow,low-flow
2026-07-21 17:10:00,-0.6380957,-0.65162194,-0.57296616,-0.58153355,low-flow,low-flow,low-flow,low-flow
2026-07-21 17:20:00,-0.5771265,-0.5901349,-0.50855845,-0.5168754,low-flow,low-flow,low-flow,low-flow
2026-07-21 17:30:00,-0.51197153,-0.52410126,-0.440242,-0.44825298,low-flow,low-flow,low-flow,low-flow
2026-07-21 17:40:00,-0.4430638,-0.45399135,-0.3684807,-0.37613127,low-flow,low-flow,low-flow,low-flow
2026-07-21 17:50:00,-0.3708581,-0.38030815,-0.29376206,-0.300999,low-flow,low-flow,low-flow,low-flow
2026-07-21 18:00:00,-0.29582822,-0.30358177,-0.21659374,-0.22336549,low-flow,low-flow,low-flow,low-flow
2026-07-21 18:10:00,-0.2184643,-0.22436419,-0.13750032,-0.1437574,low-flow,low-flow,low-flow,low-flow
2026-07-21 18:20:00,-0.13927016,-0.14322406,-0.05701991,-0.06271519,low-flow,low-flow,low-flow,low-flow
2026-07-21 18:30:00,-0.058760654,-0.06074158,0.024299389,0.019210383,low-flow,low-flow,high-flow,high-flow
2026-07-21 18:40:00,0.022541098,0.022496363,0.10590311,0.101461776,high-flow,high-flow,high-flow,high-flow
2026-07-21 18:50:00,0.104106404,0.105900645,0.18723403,0.18347837,high-flow,high-flow,high-flow,high-flow
2026-07-21 19:00:00,0.18540378,0.1888841,0.26773584,0.2647001,high-flow,high-flow,high-flow,high-flow
2026-07-21 19:10:00,0.26590174,0.27086532,0.34685683,0.34457126,high-flow,high-flow,high-flow,high-flow
2026-07-21 19:20:00,0.3450717,0.3512725,0.42405364,0.422544,high-flow,high-flow,high-flow,high-flow
2026-07-21 19:30:00,0.42239088,0.4295467,0.49879482,0.49808225,high-flow,high-flow,high-flow,high-flow
2026-07-21 19:40:00,0.4973452,0.5051458,0.5705645,0.5706652,high-flow,high-flow,high-flow,high-flow
2026-07-21 19:50:00,0.56943244,0.57754743,0.63886595,0.6397908,high-flow,high-flow,high-flow,high-flow
2026-07-21 20:00:00,0.63816506,0.64625335,0.70322496,0.7049794,high-flow,high-flow,high-flow,high-flow
2026-07-21 20:10:00,0.7030736,0.71079254,0.76319325,0.76577723,high-flow,high-flow,high-flow,high-flow
2026-07-21 20:20:00,0.7637097,0.77072513,0.8183515,0.82175905,high-flow,high-flow,high-flow,high-flow
2026-07-21 20:30:00,0.81964916,0.825646,0.8683126,0.8725319,high-flow,high-flow,high-flow,high-flow
2026-07-21 20:40:00,0.87049514,0.87518823,0.9127244,0.9177376,high-flow,high-flow,high-flow,high-flow
2026-07-21 20:50:00,0.91588116,0.9190259,0.95127213,0.95705545,high-flow,high-flow,high-flow,high-flow
2026-07-21 21:00:00,0.9554744,0.9568769,0.9836811,0.9902047,high-flow,high-flow,high-flow,high-flow
2026-07-21 21:10:00,0.9889781,0.9885045,1.0097185,1.0169467,high-flow,high-flow,high-flow,high-flow
2026-07-21 21:20:00,1.0161347,1.0137187,1.0291958,1.0370868,high-flow,high-flow,high-flow,high-flow
2026-07-21 21:30:00,1.0367285,1.0323765,1.0419692,1.0504762,high-flow,high-flow,high-flow,high-flow
2026-07-21 21:40:00,1.0505875,1.0443814,1.047942,1.0570124,high-flow,high-flow,high-flow,high-flow
2026-07-21 21:50:00,1.0575861,1.0496824,1.0470651,1.0566411,high-flow,high-flow,high-flow,high-flow
2026-07-21 22:00:00,1.0576463,1.0482723,1.0393372,1.0493565,high-flow,high-flow,high-ebb,high-ebb
2026-07-21 22:10:00,1.0507393,1.0401856,1.0248051,1.0352008,high-ebb,high-ebb,high-ebb,high-ebb
2026-07-21 22:20:00,1.036887,1.0254967,1.0035639,1.0142653,high-ebb,high-ebb,high-ebb,high-ebb
2026-07-21 22:30:00,1.016162,1.0043172,0.975756,0.986689,high-ebb,high-ebb,high-ebb,high-ebb
2026-07-21 22:40:00,0.98868793,0.97679424,0.9415705,0.9526579,high-ebb,high-ebb,high-ebb,high-ebb
2026-07-21 22:50:00,0.9546393,0.9431089,0.90124166,0.9124038,high-ebb,high-ebb,high-ebb,high-ebb
2026-07-21 23:00:00,0.91424084,0.9034753,0.8550473,0.8662029,high-ebb,high-ebb,high-ebb,high-ebb
2026-07-21 23:10:00,0.8677658,0.8581399,0.80330676,0.81437343,high-ebb,high-ebb,high-ebb,high-ebb
2026-07-21 23:20:00,0.8155346,0.80738133,0.7463789,0.7572737,high-ebb,high-ebb,high-ebb,high-ebb
2026-07-21 23:30:00,0.7579125,0.751511,0.68465894,0.6952991,high-ebb,high-ebb,high-ebb,high-ebb
2026-07-21 23:40:00,0.6953068,0.690873,0.61857605,0.6288797,high-ebb,high-ebb,high-ebb,high-ebb
2026-07-21 23:50:00,0.6281637,0.6258452,0.5485896,0.5584765,high-ebb,high-ebb,high-ebb,high-ebb
2026-07-22 00:00:00,0.55696476,0.55683833,0.4751863,0.48457837,high-ebb,high-ebb,high-ebb,high-ebb
2026-07-22 00:10:00,0.48222294,0.48429623,0.39887598,0.40769818,high-ebb,high-ebb,high-ebb,high-ebb
2026-07-22 00:20:00,0.40447834,0.40869406,0.32018813,0.32836902,high-ebb,high-ebb,high-ebb,high-ebb
2026-07-22 00:30:00,0.32429352,0.33053634,0.23966786,0.24714026,high-ebb,high-ebb,high-ebb,high-ebb
2026-07-22 00:40:00,0.2422487,0.25035363,0.15787163,0.16457327,high-ebb,high-ebb,high-ebb,high-ebb
2026-07-22 00:50:00,0.15893683,0.16869824,0.075363286,0.081237376,high-ebb,high-ebb,high-ebb,high-ebb
2026-07-22 01:00:00,0.07495839,0.08613905,-0.0072902674,-0.0022944668,high-ebb,high-ebb,low-ebb,low-ebb
2026-07-22 01:10:00,-0.009083715,0.0032557086,-0.08952318,-0.08544989,low-ebb,high-ebb,low-ebb,low-ebb
2026-07-22 01:20:00,-0.09258935,-0.0793679,-0.1707749,-0.16766135,low-ebb,low-ebb,low-ebb,low-ebb
2026-07-22 01:30:00,-0.17496622,-0.16115023,-0.2504942,-0.2483703,low-ebb,low-ebb,low-ebb,low-ebb
2026-07-22 01:40:00,-0.25563478,-0.24151866,-0.32814327,-0.32703117,low-ebb,low-ebb,low-ebb,low-ebb
2026-07-22 01:50:00,-0.33403313,-0.31991568,-0.40320143,-0.40311536,low-ebb,low-ebb,low-ebb,low-ebb
2026-07-22 02:00:00,-0.40962124,-0.3958044,-0.47516888,-0.47611502,low-ebb,low-ebb,low-ebb,low-ebb
2026-07-22 02:10:00,-0.4818855,-0.4686734,-0.5435703,-0.5455465,low-ebb,low-ebb,low-ebb,low-ebb
2026-07-22 02:20:00,-0.5503424,-0.5380404,-0.60795796,-0.61095375,low-ebb,low-ebb,low-ebb,low-ebb
2026-07-22 02:30:00,-0.61454195,-0.603455,-0.66791475,-0.6719115,low-ebb,low-ebb,low-ebb,low-ebb
2026-07-22 02:40:00,-0.674071,-0.6645008,-0.7230571,-0.72802806,low-ebb,low-ebb,low-ebb,low-ebb
2026-07-22 02:50:00,-0.72855586,-0.72079605,-0.7730374,-0.7789478,low-ebb,low-ebb,low-ebb,low-ebb
2026-07-22 03:00:00,-0.7776643,-0.77199453,-0.81754595,-0.82435346,low-ebb,low-ebb,low-ebb,low-ebb
2026-07-22 03:10:00,-0.8211077,-0.81778544,-0.8563134,-0.8639682,low-ebb,low-ebb,low-ebb,low-ebb
2026-07-22 03:20:00,-0.858642,-0.8578931,-0.8891117,-0.8975571,low-ebb,low-ebb,low-ebb,low-ebb
2026-07-22 03:30:00,-0.89006895,-0.8920774,-0.9157558,-0.9249286,low-ebb,low-ebb,low-ebb,low-ebb
2026-07-22 03:40:00,-0.9152364,-0.92013365,-0.9361044,-0.94593555,low-ebb,low-ebb,low-ebb,low-ebb
2026-07-22 03:50:00,-0.93403846,-0.94189364,-0.9500607,-0.9604757,low-ebb,low-ebb,low-ebb,low-ebb
2026-07-22 04:00:00,-0.946415,-0.95722675,-0.9575726,-0.96849215,low-ebb,low-ebb,low-ebb,low-ebb
2026-07-22 04:10:00,-0.95235145,-0.9660413,-0.95863265,-0.96997356,low-ebb,low-ebb,low-ebb,low-ebb
2026-07-22 04:20:00,-0.9518772,-0.968287,-0.95327806,-0.96495366,low-ebb,low-ebb,low-flow,low-flow
2026-07-22 04:30:00,-0.94506484,-0.96395665,-0.9415898,-0.95351094,low-flow,low-flow,low-flow,low-flow
2026-07-22 04:40:00,-0.93202865,-0.95308864,-0.9236918,-0.9357674,low-flow,low-flow,low-flow,low-flow
2026-07-22 04:50:00,-0.91292244,-0.93576866,-0.89975005,-0.911888,low-flow,low-flow,low-flow,low-flow
2026-07-22 05:00:00,-0.88793814,-0.91213137,-0.8699708,-0.88207865,low-flow,low-flow,low-flow,low-flow
2026-07-22 05:10:00,-0.8573036,-0.88236076,-0.83459914,-0.8465851,low-flow,low-flow,low-flow,low-flow
2026-07-22 05:20:00,-0.82128036,-0.84669054,-0.79391724,-0.80569065,low-flow,low-flow,low-flow,low-flow
2026-07-22 05:30:00,-0.7801615,-0.8054026,-0.748242,-0.75971437,low-flow,low-flow,low-flow,low-flow
2026-07-22 05:40:00,-0.73426944,-0.75882536,-0.69792306,-0.70900846,low-flow,low-flow,low-flow,low-flow
2026-07-22 05:50:00,-0.6839533,-0.70733076,-0.64334,-0.6539562,low-flow,low-flow,low-flow,low-flow
2026-07-22 06:00:00,-0.6295869,-0.65133023,-0.5848998,-0.5949686,low-flow,low-flow,low-flow,low-flow
2026-07-22 06:10:00,-0.5715661,-0.5912705,-0.5230343,-0.53248227,low-flow,low-flow,low-flow,low-flow
2026-07-22 06:20:00,-0.5103068,-0.52762854,-0.4581968,-0.46695596,low-flow,low-flow,low-flow,low-flow
2026-07-22 06:30:00,-0.44624183,-0.46090642,-0.39085943,-0.39886755,low-flow,low-flow,low-flow,low-flow
2026-07-22 06:40:00,-0.3798194,-0.39162594,-0.3215097,-0.32871085,low-flow,low-flow,low-flow,low-flow
2026-07-22 06:50:00,-0.31150016,-0.32032356,-0.2506473,-0.25699237,low-flow,low-flow,low-flow,low-flow
2026-07-22 07:00:00,-0.24175492,-0.24754553,-0.17878084,-0.1842277,low-flow,low-flow,low-flow,low-flow
2026-07-22 07:10:00,-0.1710622,-0.17384306,-0.10642435,-0.11093822,low-flow,low-flow,low-flow,low-flow
2026-07-22 07:20:00,-0.09990579,-0.099768296,-0.034093898,-0.037647538,low-flow,low-flow,low-flow,low-flow
2026-07-22 07:30:00,-0.028772172,-0.025870271,0.03769586,0.035122044,low-flow,low-flow,high-flow,high-flow
2026-07-22 07:40:00,0.04185202,0.047308747,0.108435154,0.10685304,high-flow,high-flow,high-flow,high-flow
2026-07-22 07:50:00,0.111482635,0.11923669,0.17762256,0.1770363,high-flow,high-flow,high-flow,high-flow
2026-07-22 08:00:00,0.17964071,0.18939508,0.24476837,0.24517448,high-flow,high-flow,high-flow,high-flow
2026-07-22 08:10:00,0.24585523,0.2572824,0.309398,0.31078547,high-flow,high-flow,high-flow,high-flow
2026-07-22 08:20:00,0.3096659,0.32241744,0.3710552,0.37340572,high-flow,high-flow,high-flow,high-flow
2026-07-22 08:30:00,0.37062612,0.38434276,0.42930523,0.43259346,high-flow,high-flow,high-flow,high-flow
2026-07-22 08:40:00,0.42830586,0.44262818,0.48373803,0.48793188,high-flow,high-flow,high-flow,high-flow
2026-07-22 08:50:00,0.48229462,0.49687412,0.533971,0.539032,high-flow,high-flow,high-flow,high-flow
2026-07-22 09:00:00,0.5322044,0.5467149,0.57965183,0.5855355,high-flow,high-flow,high-flow,high-flow
2026-07-22 09:10:00,0.5776728,0.5918218,0.6204611,0.62711746,high-flow,high-flow,high-flow,high-flow
2026-07-22 09:20:00,0.61836565,0.6319054,0.65611446,0.6634884,high-flow,high-flow,high-flow,high-flow
2026-07-22 09:30:00,0.6539804,0.6667176,0.68636495,0.694397,high-flow,high-flow,high-flow,high-flow
2026-07-22 09:40:00,0.68424815,0.696053,0.71100485,0.7196314,high-flow,high-flow,high-flow,high-flow
2026-07-22 09:50:00,0.70893705,0.7197494,0.7298673,0.73902124,high-flow,high-flow,high-flow,high-flow
2026-07-22 10:00:00,0.72785413,0.73768747,0.7428276,0.752439,high-flow,high-flow,high-flow,high-flow
2026-07-22 10:10:00,0.7408479,0.74978995,0.74980426,0.759801,high-flow,high-flow,high-flow,high-flow
2026-07-22 10:20:00,0.74780995,0.75602,0.7507597,0.7610677,high-flow,high-flow,high-flow,high-flow
2026-07-22 10:30:00,0.74867696,0.75637954,0.7457009,0.75624496,high-flow,high-flow,high-ebb,high-ebb
2026-07-22 10:40:00,0.74343175,0.7509068,0.73467904,0.74538344,high-ebb,high-ebb,high-ebb,high-ebb
2026-07-22 10:50:00,0.7321042,0.73967427,0.7177896,0.72857845,high-ebb,high-ebb,high-ebb,high-ebb
2026-07-22 11:00:00,0.71477187,0.7227867,0.6951716,0.7059696,high-ebb,high-ebb,high-ebb,high-ebb
2026-07-22 11:10:00,0.6915601,0.7003794,0.6670068,0.6777395,high-ebb,high-ebb,high-ebb,high-ebb
2026-07-22 11:20:00,0.6626414,0.6726172,0.6335183,0.64411277,high-ebb,high-ebb,high-ebb,high-ebb
2026-07-22 11:30:00,0.6282349,0.6396938,0.59496886,0.60535413,high-ebb,high-ebb,high-ebb,high-ebb
2026-07-22 11:40:00,0.58860487,0.60183185,0.55165935,0.56176674,high-ebb,high-ebb,high-ebb,high-ebb
2026-07-22 11:50:00,0.54405874,0.5592832,0.50392604,0.51368976,high-ebb,high-ebb,high-ebb,high-ebb
2026-07-22 12:00:00,0.49494517,0.51232976,0.45213845,0.4614957,high-ebb,high-ebb,high-ebb,high-ebb
2026-07-22 12:10:00,0.4416512,0.46128434,0.39669645,0.40558794,high-ebb,high-ebb,high-ebb,high-ebb
2026-07-22 12:20:00,0.38459903,0.4064912,0.33802718,0.3463974,high-ebb,high-ebb,high-ebb,high-ebb
2026-07-22 12:30:00,0.32424262,0.34832624,0.2765819,0.2843794,high-ebb,high-ebb,high-ebb,high-ebb
2026-07-22 12:40:00,0.26106367,0.28719682,0.21283257,0.22001007,high-ebb,high-ebb,high-ebb,high-ebb
2026-07-22 12:50:00,0.19556752,0.22354029,0.14726806,0.15378284,high-ebb,high-ebb,high-ebb,high-ebb
2026-07-22 13:00:00,0.1282787,0.15782185,0.08039066,0.08620459,high-ebb,high-ebb,high-ebb,high-ebb
2026-07-22 13:10:00,0.059736237,0.09053124,0.012712093,0.017791785,high-ebb,high-ebb,high-ebb,high-ebb
2026-07-22 13:20:00,-0.009511179,0.02217848,-0.05525034,-0.05093339,low-ebb,high-ebb,low-ebb,low-ebb
2026-07-22 13:30:00,-0.078910016,-0.046711233,-0.1229777,-0.11944706,low-ebb,low-ebb,low-ebb,low-ebb
2026-07-22 13:40:00,-0.14790687,-0.11560335,-0.18995331,-0.18722759,low-ebb,low-ebb,low-ebb,low-ebb
2026-07-22 13:50:00,-0.21595328,-0.18396017,-0.25566673,-0.2537595,low-ebb,low-ebb,low-ebb,low-ebb
2026-07-22 14:00:00,-0.28251058,-0.2512472,-0.31961745,-0.31853732,low-ebb,low-ebb,low-ebb,low-ebb
2026-07-22 14:10:00,-0.34705448,-0.31693923,-0.3813188,-0.38106936,low-ebb,low-ebb,low-ebb,low-ebb
2026-07-22 14:20:00,-0.40907946,-0.38052624,-0.44030136,-0.44088134,low-ebb,low-ebb,low-ebb,low-ebb
2026-07-22 14:30:00,-0.46810296,-0.4415182,-0.49611655,-0.49751976,low-ebb,low-ebb,low-ebb,low-ebb
2026-07-22 14:40:00,-0.5236692,-0.4994493,-0.5483398,-0.5505553,low-ebb,low-ebb,low-ebb,low-ebb
2026-07-22 14:50:00,-0.5753527,-0.5538814,-0.5965735,-0.59958565,low-ebb,low-ebb,low-ebb,low-ebb
2026-07-22 15:00:00,-0.6227615,-0.6044062,-0.64045006,-0.64423877,low-ebb,low-ebb,low-ebb,low-ebb
2026-07-22 15:10:00,-0.6655395,-0.65064657,-0.6796343,-0.68417495,low-ebb,low-ebb,low-ebb,low-ebb
2026-07-22 15:20:00,-0.7033693,-0.6922578,-0.71382576,-0.7190895,low-ebb,low-ebb,low-ebb,low-ebb
2026-07-22 15:30:00,-0.7359739,-0.7289277,-0.74276066,-0.74871445,low-ebb,low-ebb,low-ebb,low-ebb
2026-07-22 15:40:00,-0.7631178,-0.7603765,-0.7662138,-0.77282065,low-ebb,low-ebb,low-ebb,low-ebb
2026-07-22 15:50:00,-0.7846086,-0.78635764,-0.7839997,-0.791219,low-ebb,low-ebb,low-ebb,low-ebb
2026-07-22 16:00:00,-0.80029714,-0.8066573,-0.7959741,-0.8037615,low-ebb,low-ebb,low-ebb,low-ebb
2026-07-22 16:10:00,-0.8100781,-0.8210958,-0.8020343,-0.81034213,low-ebb,low-ebb,low-ebb,low-ebb
2026-07-22 16:20:00,-0.8138895,-0.82952833,-0.80212027,-0.81089765,low-ebb,low-ebb,low-ebb,low-ebb
2026-07-22 16:30:00,-0.81171244,-0.83184665,-0.79621416,-0.8054074,low-flow,low-ebb,low-flow,low-flow
2026-07-22 16:40:00,-0.8035702,-0.82798135,-0.7843408,-0.7938934,low-flow,low-flow,low-flow,low-flow
2026-07-22 16:50:00,-0.7895272,-0.8179039,-0.766567,-0.7764201,low-flow,low-flow,low-flow,low-flow
2026-07-22 17:00:00,-0.7696874,-0.8016292,-0.7430009,-0.75309354,low-flow,low-flow,low-flow,low-flow
2026-07-22 17:10:00,-0.74419326,-0.7792178,-0.7137913,-0.7240606,low-flow,low-flow,low-flow,low-flow
2026-07-22 17:20:00,-0.71322346,-0.7507778,-0.679126,-0.6895075,low-flow,low-flow,low-flow,low-flow
2026-07-22 17:30:00,-0.67699134,-0.7164661,-0.63923097,-0.6496589,low-flow,low-flow,low-flow,low-flow
2026-07-22 17:40:00,-0.6357427,-0.676489,-0.5943679,-0.6047758,low-flow,low-flow,low-flow,low-flow
2026-07-22 17:50:00,-0.58975405,-0.6311014,-0.5448332,-0.5551537,low-flow,low-flow,low-flow,low-flow
2026-07-22 18:00:00,-0.53932995,-0.58060604,-0.49095502,-0.50112087,low-flow,low-flow,low-flow,low-flow
2026-07-22 18:10:00,-0.48480135,-0.5253502,-0.43309173,-0.44303554,low-flow,low-flow,low-flow,low-flow
2026-07-22 18:20:00,-0.42652312,-0.4657232,-0.37162888,-0.381284,low-flow,low-flow,low-flow,low-flow
2026-07-22 18:30:00,-0.3648718,-0.4021516,-0.30697697,-0.3162776,low-flow,low-flow,low-flow,low-flow
2026-07-22 18:40:00,-0.30024356,-0.335095,-0.23956843,-0.2484501,low-flow,low-flow,low-flow,low-flow
2026-07-22 18:50:00,-0.23305182,-0.26504058,-0.16985491,-0.17825492,low-flow,low-flow,low-flow,low-flow
2026-07-22 19:00:00,-0.16372511,-0.19249798,-0.09830421,-0.10616204,low-flow,low-flow,low-flow,low-flow
2026-07-22 19:10:00,-0.092704855,-0.117994055,-0.025397245,-0.032654934,low-flow,low-flow,low-flow,low-flow
2026-07-22 19:20:00,-0.020443121,-0.042067647,0.04837519,0.041772574,low-flow,low-flow,high-flow,high-flow
2026-07-22 19:30:00,0.05259962,0.034735136,0.12251557,0.11661953,high-flow,high-flow,high-flow,high-flow
2026-07-22 19:40:00,0.12595679,0.111865394,0.1965229,0.1913811,high-flow,high-flow,high-flow,high-flow
2026-07-22 19:50:00,0.19915797,0.18877558,0.2698961,0.26555192,high-flow,high-flow,high-flow,high-flow
2026-07-22 20:00:00,0.27173132,0.26492324,0.3421371,0.33862934,high-flow,high-flow,high-flow,high-flow
2026-07-22 20:10:00,0.343206,0.33977458,0.41275436,0.4101168,high-flow,high-flow,high-flow,high-flow
2026-07-22 20:20:00,0.41311464,0.41280788,0.48126596,0.47952697,high-flow,high-flow,high-flow,high-flow
2026-07-22 20:30:00,0.4809959,0.48351675,0.5472029,0.54638517,high-flow,high-flow,high-flow,high-flow
2026-07-22 20:40:00,0.54639715,0.5514134,0.6101122,0.6102325,high-flow,high-flow,high-flow,high-flow
2026-07-22 20:50:00,0.6088771,0.6160322,0.66956,0.6706288,high-flow,high-flow,high-flow,high-flow
2026-07-22 21:00:00,0.66800886,0.6769325,0.7251345,0.72715586,high-flow,high-flow,high-flow,high-flow
2026-07-22 21:10:00,0.72338235,0.7337028,0.77644885,0.77942014,high-flow,high-flow,high-flow,high-flow
2026-07-22 21:20:00,0.77460736,0.785963,0.8231438,0.8270556,high-flow,high-flow,high-flow,high-flow
2026-07-22 21:30:00,0.82131654,0.83336836,0.8648903,0.8697263,high-flow,high-flow,high-flow,high-flow
2026-07-22 21:40:00,0.8631683,0.8756115,0.90139174,0.9071289,high-flow,high-flow,high-flow,high-flow
2026-07-22 21:50:00,0.8998495,0.91242474,0.9323864,0.9389945,high-flow,high-flow,high-flow,high-flow
2026-07-22 22:00:00,0.9310781,0.94358164,0.95764905,0.96509135,high-flow,high-flow,high-flow,high-flow
2026-07-22 22:10:00,0.9566063,0.9688978,0.9769929,0.98522586,high-flow,high-flow,high-flow,high-flow
2026-07-22 22:20:00,0.97622275,0.98823106,0.9902711,0.9992447,high-flow,high-flow,high-flow,high-flow
2026-07-22 22:30:00,0.98975474,1.0014806,0.9973776,1.0070356,high-flow,high-flow,high-flow,high-flow
2026-07-22 22:40:00,0.99707067,1.0085857,0.9982486,1.008529,high-flow,high-flow,high-flow,high-flow
2026-07-22 22:50:00,0.99808156,1.0095243,0.99286276,1.0036976,high-flow,high-flow,high-ebb,high-ebb
2026-07-22 23:00:00,0.9927429,1.0043107,0.98124176,0.9925585,high-ebb,high-ebb,high-ebb,high-ebb
2026-07-22 23:10:00,0.9810556,0.99299306,0.96345013,0.97517127,high-ebb,high-ebb,high-ebb,high-ebb
2026-07-22 23:20:00,0.9630669,0.9756519,0.9395953,0.9516392,high-ebb,high-ebb,high-ebb,high-ebb
2026-07-22 23:30:00,0.9388705,0.9523981,0.90982646,0.9221081,high-ebb,high-ebb,high-ebb,high-ebb
2026-07-22 23:40:00,0.9086072,0.9233715,0.8743342,0.8867656,high-ebb,high-ebb,high-ebb,high-ebb
2026-07-22 23:50:00,0.8724635,0.88874024,0.83334893,0.84583986,high-ebb,high-ebb,high-ebb,high-ebb
2026-07-23 00:00:00,0.8306715,0.8487007,0.78713936,0.799598,high-ebb,high-ebb,high-ebb,high-ebb
2026-07-23 00:10:00,0.7835069,0.8034779,0.7360108,0.7483445,high-ebb,high-ebb,high-ebb,high-ebb
2026-07-23 00:20:00,0.7312873,0.7533261,0.6803028,0.6924189,high-ebb,high-ebb,high-ebb,high-ebb
2026-07-23 00:30:00,0.6743701,0.6985303,0.620387,0.63219345,high-ebb,high-ebb,high-ebb,high-ebb
2026-07-23 00:40:00,0.6131494,0.6394066,0.5566644,0.56807053,high-ebb,high-ebb,high-ebb,high-ebb
2026-07-23 00:50:00,0.5480529,0.57630354,0.48956224,0.5004797,high-ebb,high-ebb,high-ebb,high-ebb
2026-07-23 01:00:00,0.47953862,0.509602,0.41953117,0.42987442,high-ebb,high-ebb,high-ebb,high-ebb
2026-07-23 01:10:00,0.4080907,0.4397148,0.34704176,0.3567291,high-ebb,high-ebb,high-ebb,high-ebb
2026-07-23 01:20:00,0.3342155,0.36708516,0.27258125,0.2815353,high-ebb,high-ebb,high-ebb,high-ebb
2026-07-23 01:30:00,0.258437,0.2921843,0.19664976,0.20479833,high-ebb,high-ebb,high-ebb,high-ebb
2026-07-23 01:40:00,0.18129241,0.21550785,0.119756766,0.12703335,high-ebb,high-ebb,high-ebb,high-ebb
2026-07-23 01:50:00,0.103327416,0.1375714,0.042417258,0.04876178,high-ebb,high-ebb,high-ebb,high-ebb
2026-07-23 02:00:00,0.02509134,0.058905188,-0.034852,-0.02949271,high-ebb,high-ebb,low-ebb,low-ebb
2026-07-23 02:10:00,-0.052867476,-0.019951733,-0.111536294,-0.10720795,low-ebb,low-ebb,low-ebb,low-ebb
2026-07-23 02:20:00,-0.13000643,-0.09845774,-0.18712665,-0.1838671,low-ebb,low-ebb,low-ebb,low-ebb
2026-07-23 02:30:00,-0.20579328,-0.17607476,-0.26112363,-0.25896242,low-ebb,low-ebb,low-ebb,low-ebb
2026-07-23 02:40:00,-0.2797104,-0.25227427,-0.33304083,-0.33199897,low-ebb,low-ebb,low-ebb,low-ebb
2026-07-23 02:50:00,-0.35125917,-0.32654256,-0.4024084,-0.40249816,low-ebb,low-ebb,low-ebb,low-ebb
2026-07-23 03:00:00,-0.4199637,-0.39838547,-0.46877646,-0.47000107,low-ebb,low-ebb,low-ebb,low-ebb
2026-07-23 03:10:00,-0.4853745,-0.46733215,-0.53171813,-0.5340718,low-ebb,low-ebb,low-ebb,low-ebb
2026-07-23 03:20:00,-0.5470719,-0.53293794,-0.5908325,-0.59430057,low-ebb,low-ebb,low-ebb,low-ebb
2026-07-23 03:30:00,-0.60466844,-0.5947862,-0.6457475,-0.6503062,low-ebb,low-ebb,low-ebb,low-ebb
2026-07-23 03:40:00,-0.65781206,-0.6524901,-0.6961222,-0.7017392,low-ebb,low-ebb,low-ebb,low-ebb
2026-07-23 03:50:00,-0.7061876,-0.7056926,-0.74164927,-0.74828357,low-ebb,low-ebb,low-ebb,low-ebb
2026-07-23 04:00:00,-0.7495187,-0.7540674,-0.7820566,-0.7896592,low-ebb,low-ebb,low-ebb,low-ebb
2026-07-23 04:10:00,-0.78756905,-0.797319,-0.8171095,-0.8256234,low-ebb,low-ebb,low-ebb,low-ebb
2026-07-23 04:20:00,-0.8201432,-0.83518314,-0.84661144,-0.8559725,low-ebb,low-ebb,low-ebb,low-ebb
2026-07-23 04:30:00,-0.84708726,-0.86742735,-0.87040573,-0.8805431,low-ebb,low-ebb,low-ebb,low-ebb
2026-07-23 04:40:00,-0.8682884,-0.8938522,-0.888376,-0.89921254,low-ebb,low-ebb,low-ebb,low-ebb
2026-07-23 04:50:00,-0.88367534,-0.9142928,-0.9004467,-0.91189986,low-ebb,low-ebb,low-ebb,low-ebb
2026-07-23 05:00:00,-0.89321727,-0.928621,-0.90658355,-0.91856587,low-ebb,low-ebb,low-ebb,low-ebb
2026-07-23 05:10:00,-0.89692324,-0.9367474,-0.9067931,-0.9192132,low-ebb,low-ebb,low-ebb,low-ebb
2026-07-23 05:20:00,-0.8948409,-0.9386242,-0.9011227,-0.9138857,low-flow,low-ebb,low-flow,low-flow
2026-07-23 05:30:00,-0.8870553,-0.9342479,-0.88965946,-0.90266824,low-flow,low-flow,low-flow,low-flow
2026-07-23 05:40:00,-0.8736874,-0.923661,-0.8725298,-0.8856855,low-flow,low-flow,low-flow,low-flow
2026-07-23 05:50:00,-0.8548924,-0.90695417,-0.849898,-0.8631009,low-flow,low-flow,low-flow,low-flow
2026-07-23 06:00:00,-0.8308578,-0.8842674,-0.82196474,-0.83511513,low-flow,low-flow,low-flow,low-flow
2026-07-23 06:10:00,-0.8018019,-0.8557897,-0.7889657,-0.8019648,low-flow,low-flow,low-flow,low-flow
2026-07-23 06:20:00,-0.7679716,-0.82175887,-0.7511696,-0.76392025,low-flow,low-flow,low-flow,low-flow
2026-07-23 06:30:00,-0.72964036,-0.78245914,-0.70887625,-0.7212836,low-flow,low-flow,low-flow,low-flow
2026-07-23 06:40:00,-0.68710655,-0.7382189,-0.662414,-0.6743867,low-flow,low-flow,low-flow,low-flow
2026-07-23 06:50:00,-0.6406913,-0.68940663,-0.6121381,-0.62358844,low-flow,low-flow,low-flow,low-flow
2026-07-23 07:00:00,-0.59073627,-0.6364267,-0.5584273,-0.56927246,low-flow,low-flow,low-flow,low-flow
2026-07-23 07:10:00,-0.537602,-0.5797148,-0.50168175,-0.51184416,low-flow,low-flow,low-flow,low-flow
2026-07-23 07:20:00,-0.48166582,-0.5197323,-0.44232038,-0.45172822,low-flow,low-flow,low-flow,low-flow
2026-07-23 07:30:00,-0.4233197,-0.45696157,-0.38077745,-0.38936538,low-flow,low-flow,low-flow,low-flow
2026-07-23 07:40:00,-0.36296833,-0.39190042,-0.31750014,-0.32520965,low-flow,low-flow,low-flow,low-flow
2026-07-23 07:50:00,-0.30102724,-0.32505763,-0.25294533,-0.25972512,low-flow,low-flow,low-flow,low-flow
2026-07-23 08:00:00,-0.23792054,-0.2569481,-0.18757656,-0.19338301,low-flow,low-flow,low-flow,low-flow
2026-07-23 08:10:00,-0.174079,-0.18808895,-0.12186097,-0.12665826,low-flow,low-flow,low-flow,low-flow
2026-07-23 08:20:00,-0.10993778,-0.1189955,-0.05626624,-0.06002658,low-flow,low-flow,low-flow,low-flow
2026-07-23 08:30:00,-0.045934334,-0.050177928,0.008742588,0.0060388213,low-flow,low-flow,high-flow,high-flow
2026-07-23 08:40:00,0.017493937,0.01786212,0.07270613,0.07107037,high-flow,high-flow,high-flow,high-flow
2026-07-23 08:50:00,0.079912014,0.08463464,0.13517377,0.13460927,high-flow,high-flow,high-flow,high-flow
2026-07-23 09:00:00,0.14088969,0.14966439,0.1957066,0.19620852,high-flow,high-flow,high-flow,high-flow
2026-07-23 09:10:00,0.20000415,0.21249405,0.25388044,0.25543603,high-flow,high-flow,high-flow,high-flow
2026-07-23 09:20:00,0.2568425,0.27268732,0.3092886,0.31187743,high-flow,high-flow,high-flow,high-flow
2026-07-23 09:30:00,0.31100458,0.32983217,0.36154482,0.365139,high-flow,high-flow,high-flow,high-flow
2026-07-23 09:40:00,0.36210552,0.38354394,0.41028568,0.41485032,high-flow,high-flow,high-flow,high-flow
2026-07-23 09:50:00,0.4097788,0.43346822,0.45517337,0.46066678,high-flow,high-flow,high-flow,high-flow
2026-07-23 10:00:00,0.45367885,0.47928378,0.4958979,0.5022721,high-flow,high-flow,high-flow,high-flow
2026-07-23 10:10:00,0.49348396,0.5207045,0.5321793,0.5393807,high-flow,high-flow,high-flow,high-flow
2026-07-23 10:20:00,0.5288991,0.5574816,0.5637698,0.5717394,high-flow,high-flow,high-flow,high-flow
2026-07-23 10:30:00,0.55965835,0.5894042,0.5904555,0.5991295,high-flow,high-flow,high-flow,high-flow
2026-07-23 10:40:00,0.58552814,0.61630017,0.61205804,0.62136847,high-flow,high-flow,high-flow,high-flow
2026-07-23 10:50:00,0.606309,0.6380355,0.62843597,0.63831127,high-flow,high-flow,high-flow,high-flow
2026-07-23 11:00:00,0.6218381,0.65451366,0.6394859,0.6498515,high-flow,high-flow,high-flow,high-flow
2026-07-23 11:10:00,0.63199157,0.66567385,0.64514345,0.65592223,high-flow,high-flow,high-flow,high-flow
2026-07-23 11:20:00,0.6366857,0.67148924,0.64538354,0.65649664,high-flow,high-flow,high-flow,high-flow
2026-07-23 11:30:00,0.63587904,0.6719649,0.6402213,0.65158856,high-flow,high-flow,high-ebb,high-ebb
2026-07-23 11:40:00,0.62957275,0.6671359,0.62971145,0.6412521,high-ebb,high-ebb,high-ebb,high-ebb
2026-07-23 11:50:00,0.61781216,0.65706545,0.6139486,0.6255817,high-ebb,high-ebb,high-ebb,high-ebb
2026-07-23 12:00:00,0.6006863,0.64184344,0.5930664,0.6047114,high-ebb,high-ebb,high-ebb,high-ebb
2026-07-23 12:10:00,0.5783285,0.621586,0.56723666,0.57881415,high-ebb,high-ebb,high-ebb,high-ebb
2026-07-23 12:20:00,0.55091524,0.5964351,0.5366685,0.5481005,high-ebb,high-ebb,high-ebb,high-ebb
2026-07-23 12:30:00,0.5186655,0.56655896,0.5016066,0.512817,high-ebb,high-ebb,high-ebb,high-ebb
2026-07-23 12:40:00,0.48183918,0.53215307,0.46232966,0.473245,high-ebb,high-ebb,high-ebb,high-ebb
2026-07-23 12:50:00,0.44073522,0.49344137,0.4191484,0.42969784,high-ebb,high-ebb,high-ebb,high-ebb
2026-07-23 13:00:00,0.39568922,0.4506778,0.37240314,0.38251927,high-ebb,high-ebb,high-ebb,high-ebb
2026-07-23 13:10:00,0.34707063,0.4041475,0.32246158,0.33208045,high-ebb,high-ebb,high-ebb,high-ebb
2026-07-23 13:20:00,0.29527974,0.35416758,0.2697158,0.27877742,high-ebb,high-ebb,high-ebb,high-ebb
2026-07-23 13:30:00,0.24074405,0.30108753,0.21457946,0.22302811,high-ebb,high-ebb,high-ebb,high-ebb
2026-07-23 13:40:00,0.18391451,0.24528839,0.15748471,0.16526906,high-ebb,high-ebb,high-ebb,high-ebb
2026-07-23 13:50:00,0.12526147,0.18718126,0.098878816,0.10595228,high-ebb,high-ebb,high-ebb,high-ebb
2026-07-23 14:00:00,0.065270394,0.12720457,0.039220825,0.045541674,high-ebb,high-ebb,high-ebb,high-ebb
2026-07-23 14:10:00,0.0044373986,0.06582033,-0.021021964,-0.015490412,high-ebb,high-ebb,low-ebb,low-ebb
2026-07-23 14:20:00,-0.056735236,0.0035094589,-0.081377566,-0.07666683,low-ebb,high-ebb,low-ebb,low-ebb
2026-07-23 14:30:00,-0.11774363,-0.059233584,-0.14137292,-0.13750926,low-ebb,low-ebb,low-ebb,low-ebb
2026-07-23 14:40:00,-0.17808689,-0.12190669,-0.20053755,-0.19754188,low-ebb,low-ebb,low-ebb,low-ebb
2026-07-23 14:50:00,-0.23727149,-0.18400621,-0.25840706,-0.25629494,low-ebb,low-ebb,low-ebb,low-ebb
2026-07-23 15:00:00,-0.29481566,-0.2450329,-0.31452683,-0.31330842,low-ebb,low-ebb,low-ebb,low-ebb
2026-07-23 15:10:00,-0.35025355,-0.3044976,-0.36845532,-0.3681354,low-ebb,low-ebb,low-ebb,low-ebb
2026-07-23 15:20:00,-0.40313897,-0.3619262,-0.4197675,-0.4203455,low-ebb,low-ebb,low-ebb,low-ebb
2026-07-23 15:30:00,-0.45304924,-0.4168638,-0.468058,-0.469528,low-ebb,low-ebb,low-ebb,low-ebb
2026-07-23 15:40:00,-0.49958828,-0.4688783,-0.51294416,-0.515295,low-ebb,low-ebb,low-ebb,low-ebb
2026-07-23 15:50:00,-0.5423897,-0.5175626,-0.5540688,-0.55728436,low-ebb,low-ebb,low-ebb,low-ebb
2026-07-23 16:00:00,-0.5811193,-0.5625367,-0.59110296,-0.59516186,low-ebb,low-ebb,low-ebb,low-ebb
2026-07-23 16:10:00,-0.61547726,-0.60344833,-0.6237481,-0.6286241,low-ebb,low-ebb,low-ebb,low-ebb
2026-07-23 16:20:00,-0.6452002,-0.6399739,-0.65173835,-0.6574005,low-ebb,low-ebb,low-ebb,low-ebb
2026-07-23 16:30:00,-0.67006195,-0.6718187,-0.6748422,-0.681255,low-ebb,low-ebb,low-ebb,low-ebb
2026-07-23 16:40:00,-0.68987536,-0.6987176,-0.6928643,-0.6999877,low-ebb,low-ebb,low-ebb,low-ebb
2026-07-23 16:50:00,-0.7044922,-0.72043544,-0.70564663,-0.7134364,low-ebb,low-ebb,low-ebb,low-ebb
2026-07-23 17:00:00,-0.7138039,-0.73676807,-0.7130694,-0.72147727,low-ebb,low-ebb,low-ebb,low-ebb
2026-07-23 17:10:00,-0.71774125,-0.74754393,-0.7150518,-0.7240258,low-ebb,low-ebb,low-ebb,low-ebb
2026-07-23 17:20:00,-0.71627396,-0.7526258,-0.71155244,-0.721037,low-flow,low-ebb,low-flow,low-flow
2026-07-23 17:30:00,-0.70941013,-0.75191355,-0.7025696,-0.71250576,low-flow,low-ebb,low-flow,low-flow
2026-07-23 17:40:00,-0.697195,-0.74534595,-0.6881407,-0.69846654,low-flow,low-flow,low-flow,low-flow
2026-07-23 17:50:00,-0.67971015,-0.7329042,-0.66834205,-0.67899305,low-flow,low-flow,low-flow,low-flow
2026-07-23 18:00:00,-0.6570719,-0.7146139,-0.64328825,-0.65419734,low-flow,low-flow,low-flow,low-flow
2026-07-23 18:10:00,-0.62942976,-0.6905474,-0.6131309,-0.624229,low-flow,low-flow,low-flow,low-flow
2026-07-23 18:20:00,-0.5969649,-0.6608252,-0.57805777,-0.5892739,low-flow,low-flow,low-flow,low-flow
2026-07-23 18:30:00,-0.55988836,-0.6256167,-0.53829074,-0.549553,low-flow,low-flow,low-flow,low-flow
2026-07-23 18:40:00,-0.51843923,-0.58514017,-0.49408492,-0.50531995,low-flow,low-flow,low-flow,low-flow
2026-07-23 18:50:00,-0.4728829,-0.539661,-0.4457261,-0.4568602,low-flow,low-flow,low-flow,low-flow
2026-07-23 19:00:00,-0.42350894,-0.48948994,-0.39352906,-0.40448835,low-flow,low-flow,low-flow,low-flow
2026-07-23 19:10:00,-0.3706295,-0.43497962,-0.33783516,-0.34854603,low-flow,low-flow,low-flow,low-flow
2026-07-23 19:20:00,-0.31457713,-0.37652063,-0.27901018,-0.2893997,low-flow,low-flow,low-flow,low-flow
2026-07-23 19:30:00,-0.25570318,-0.31453702,-0.21744163,-0.22743803,low-flow,low-flow,low-flow,low-flow
2026-07-23 19:40:00,-0.19437571,-0.24948119,-0.15353623,-0.16306937,low-flow,low-flow,low-flow,low-flow
2026-07-23 19:50:00,-0.13097768,-0.1818287,-0.08771714,-0.09671896,low-flow,low-flow,low-flow,low-flow
2026-07-23 20:00:00,-0.06590502,-0.112073205,-0.020421207,-0.028826246,low-flow,low-flow,low-flow,low-flow
2026-07-23 20:10:00,0.00043516507,-0.040721428,0.04790389,0.040158097,high-flow,low-flow,high-flow,high-flow
2026-07-23 20:20:00,0.067626625,0.03171157,0.11680261,0.10977501,high-flow,high-flow,high-flow,high-flow
2026-07-23 20:30:00,0.13524587,0.10470669,0.18581446,0.17956004,high-flow,high-flow,high-flow,high-flow
2026-07-23 20:40:00,0.20286417,0.17774473,0.25447696,0.24904631,high-flow,high-flow,high-flow,high-flow
2026-07-23 20:50:00,0.27004966,0.25031006,0.32232872,0.31776753,high-flow,high-flow,high-flow,high-flow
2026-07-23 21:00:00,0.33636943,0.32189393,0.38891223,0.38526103,high-flow,high-flow,high-flow,high-flow
2026-07-23 21:10:00,0.40139177,0.3919976,0.45377705,0.4510706,high-flow,high-flow,high-flow,high-flow
2026-07-23 21:20:00,0.46468857,0.46013558,0.51648253,0.5147496,high-flow,high-flow,high-flow,high-flow
2026-07-23 21:30:00,0.5258376,0.5258385,0.57660073,0.57586384,high-flow,high-flow,high-flow,high-flow
2026-07-23 21:40:00,0.58442503,0.5886563,0.6337193,0.63399416,high-flow,high-flow,high-flow,high-flow
2026-07-23 21:50:00,0.6400481,0.6481614,0.6874442,0.6887397,high-flow,high-flow,high-flow,high-flow
2026-07-23 22:00:00,0.6923178,0.70395184,0.7374022,0.73972017,high-flow,high-flow,high-flow,high-flow
2026-07-23 22:10:00,0.74086154,0.75565404,0.78324354,0.7865785,high-flow,high-flow,high-flow,high-flow
2026-07-23 22:20:00,0.7853259,0.80292606,0.82464427,0.82898325,high-flow,high-flow,high-flow,high-flow
2026-07-23 22:30:00,0.8253795,0.84545976,0.8613085,0.86663127,high-flow,high-flow,high-flow,high-flow
2026-07-23 22:40:00,0.86071587,0.882983,0.8929707,0.8992494,high-flow,high-flow,high-flow,high-flow
2026-07-23 22:50:00,0.89105606,0.91526115,0.9193972,0.92659676,high-flow,high-flow,high-flow,high-flow
2026-07-23 23:00:00,0.9161514,0.9420977,0.9403884,0.94846654,high-flow,high-flow,high-flow,high-flow
2026-07-23 23:10:00,0.93578595,0.9633345,0.9557801,0.96468735,high-flow,high-flow,high-flow,high-flow
2026-07-23 23:20:00,0.9497791,0.97885114,0.96544486,0.97512496,high-flow,high-flow,high-flow,high-flow
2026-07-23 23:30:00,0.95798755,0.98856395,0.969293,0.97968334,high-flow,high-flow,high-flow,high-flow
2026-07-23 23:40:00,0.9603075,0.99242413,0.96727365,0.9783054,high-flow,high-flow,high-ebb,high-flow
2026-07-23 23:50:00,0.95667595,0.9904161,0.9593753,0.97097397,high-ebb,high-ebb,high-ebb,high-ebb
2026-07-24 00:00:00,0.9470726,0.98255545,0.9456261,0.95771194,high-ebb,high-ebb,high-ebb,high-ebb
2026-07-24 00:10:00,0.93152046,0.9688872,0.92609364,0.9385825,high-ebb,high-ebb,high-ebb,high-ebb
2026-07-24 00:20:00,0.9100864,0.94948447,0.9008854,0.91368884,high-ebb,high-ebb,high-ebb,high-ebb
2026-07-24 00:30:00,0.88288164,0.9244473,0.8701476,0.8831739,high-ebb,high-ebb,high-ebb,high-ebb
2026-07-24 00:40:00,0.85006136,0.89390254,0.83406466,0.8472194,high-ebb,high-ebb,high-ebb,high-ebb
2026-07-24 00:50:00,0.811824,0.85800403,0.7928582,0.8060449,high-ebb,high-ebb,high-ebb,high-ebb
2026-07-24 01:00:00,0.76841027,0.81693345,0.74678534,0.7599064,high-ebb,high-ebb,high-ebb,high-ebb
2026-07-24 01:10:00,0.7201013,0.77090156,0.6961375,0.7090948,high-ebb,high-ebb,high-ebb,high-ebb
2026-07-24 01:20:00,0.6672169,0.72014976,0.6412379,0.6539338,high-ebb,high-ebb,high-ebb,high-ebb
2026-07-24 01:30:00,0.61011285,0.66495156,0.5824401,0.5947779,high-ebb,high-ebb,high-ebb,high-ebb
2026-07-24 01:40:00,0.5491783,0.60561377,0.52012473,0.5320097,high-ebb,high-ebb,high-ebb,high-ebb
2026-07-24 01:50:00,0.48483238,0.5424774,0.45469737,0.46603775,high-ebb,high-ebb,high-ebb,high-ebb
2026-07-24 02:00:00,0.4175206,0.47591734,0.38658556,0.3972929,high-ebb,high-ebb,high-ebb,high-ebb
2026-07-24 02:10:00,0.34771115,0.4063413,0.31623557,0.32622585,high-ebb,high-ebb,high-ebb,high-ebb
2026-07-24 02:20:00,0.2758907,0.33418804,0.24410936,0.2533035,high-ebb,high-ebb,high-ebb,high-ebb
2026-07-24 02:30:00,0.20256017,0.2599239,0.17068104,0.17900577,high-ebb,high-ebb,high-ebb,high-ebb
2026-07-24 02:40:00,0.12823029,0.18403873,0.096433505,0.10382191,high-ebb,high-ebb,high-ebb,high-ebb
2026-07-24 02:50:00,0.05341712,0.10704078,0.021854818,0.028246982,high-ebb,high-ebb,high-ebb,high-ebb
2026-07-24 03:00:00,-0.02136242,0.029451067,-0.052565373,-0.047221813,low-ebb,high-ebb,low-ebb,low-ebb
2026-07-24 03:10:00,-0.09559506,-0.048202753,-0.12633945,-0.122088835,low-ebb,low-ebb,low-ebb,low-ebb
2026-07-24 03:20:00,-0.16877551,-0.12539253,-0.19898541,-0.19586365,low-ebb,low-ebb,low-ebb,low-ebb
2026-07-24 03:30:00,-0.2404107,-0.20159554,-0.27003047,-0.26806465,low-ebb,low-ebb,low-ebb,low-ebb
2026-07-24 03:40:00,-0.31002373,-0.27629998,-0.33901444,-0.3382226,low-ebb,low-ebb,low-ebb,low-ebb
2026-07-24 03:50:00,-0.3771577,-0.34900966,-0.40549314,-0.40588406,low-ebb,low-ebb,low-ebb,low-ebb
2026-07-24 04:00:00,-0.44137913,-0.41924813,-0.46904162,-0.47061473,low-ebb,low-ebb,low-ebb,low-ebb
2026-07-24 04:10:00,-0.5022811,-0.48656154,-0.52925706,-0.5320025,low-ebb,low-ebb,low-ebb,low-ebb
2026-07-24 04:20:00,-0.5594862,-0.5505211,-0.5857619,-0.58966035,low-ebb,low-ebb,low-ebb,low-ebb
2026-07-24 04:30:00,-0.61264867,-0.6107244,-0.63820606,-0.6432291,low-ebb,low-ebb,low-ebb,low-ebb
2026-07-24 04:40:00,-0.66145676,-0.6667967,-0.6862698,-0.6923801,low-ebb,low-ebb,low-ebb,low-ebb
2026-07-24 04:50:00,-0.7056341,-0.7183911,-0.72966546,-0.7368169,low-ebb,low-ebb,low-ebb,low-ebb
2026-07-24 05:00:00,-0.74494135,-0.7651895,-0.7681395,-0.7762778,low-ebb,low-ebb,low-ebb,low-ebb
2026-07-24 05:10:00,-0.7791766,-0.8069031,-0.801474,-0.8105371,low-ebb,low-ebb,low-ebb,low-ebb
2026-07-24 05:20:00,-0.8081764,-0.84327316,-0.82948804,-0.8394066,low-ebb,low-ebb,low-ebb,low-ebb
2026-07-24 05:30:00,-0.83181554,-0.87407243,-0.85203874,-0.8627367,low-ebb,low-ebb,low-ebb,low-ebb
2026-07-24 05:40:00,-0.8500072,-0.899107,-0.8690218,-0.8804171,low-ebb,low-ebb,low-ebb,low-ebb
2026-07-24 05:50:00,-0.8627023,-0.91821843,-0.88037187,-0.8923772,low-ebb,low-ebb,low-ebb,low-ebb
2026-07-24 06:00:00,-0.8698889,-0.93128645,-0.8860631,-0.89858633,low-ebb,low-ebb,low-ebb,low-ebb
2026-07-24 06:10:00,-0.8715913,-0.93823147,-0.8861083,-0.8990537,low-ebb,low-ebb,low-ebb,low-ebb
2026-07-24 06:20:00,-0.8678689,-0.93901753,-0.88055897,-0.8938278,low-flow,low-ebb,low-flow,low-flow
2026-07-24 06:30:00,-0.85881466,-0.93365455,-0.8695045,-0.88299584,low-flow,low-flow,low-flow,low-flow
2026-07-24 06:40:00,-0.84455407,-0.92220026,-0.8530711,-0.86668277,low-flow,low-flow,low-flow,low-flow
2026-07-24 06:50:00,-0.8252433,-0.9047615,-0.8314207,-0.84505,low-flow,low-flow,low-flow,low-flow
2026-07-24 07:00:00,-0.8010677,-0.8814946,-0.80474937,-0.818294,low-flow,low-flow,low-flow,low-flow
2026-07-24 07:10:00,-0.77224004,-0.8526044,-0.7732858,-0.7866448,low-flow,low-flow,low-flow,low-flow
2026-07-24 07:20:00,-0.7389989,-0.81834304,-0.73728955,-0.75036395,low-flow,low-flow,low-flow,low-flow
2026-07-24 07:30:00,-0.70160687,-0.77900696,-0.6970488,-0.70974255,low-flow,low-flow,low-flow,low-flow
2026-07-24 07:40:00,-0.66034895,-0.73493356,-0.65287834,-0.665099,low-flow,low-flow,low-flow,low-flow
2026-07-24 07:50:00,-0.61553055,-0.6864969,-0.6051175,-0.61677694,low-flow,low-flow,low-flow,low-flow
2026-07-24 08:00:00,-0.56747603,-0.6341032,-0.5541271,-0.56514233,low-flow,low-flow,low-flow,low-flow
2026-07-24 08:10:00,-0.5165268,-0.57818544,-0.50028765,-0.5105812,low-flow,low-flow,low-flow,low-flow
2026-07-24 08:20:00,-0.46303973,-0.5191988,-0.44399628,-0.45349687,low-flow,low-flow,low-flow,low-flow
2026-07-24 08:30:00,-0.40738514,-0.45761523,-0.38566414,-0.39430735,low-flow,low-flow,low-flow,low-flow
2026-07-24 08:40:00,-0.34994534,-0.39391905,-0.32571375,-0.33344224,low-flow,low-flow,low-flow,low-flow
2026-07-24 08:50:00,-0.29111263,-0.3286025,-0.2645761,-0.27134007,low-flow,low-flow,low-flow,low-flow
2026-07-24 09:00:00,-0.2312875,-0.26216158,-0.20268798,-0.20844539,low-flow,low-flow,low-flow,low-flow
2026-07-24 09:10:00,-0.17087671,-0.19509274,-0.1404889,-0.14520583,low-flow,low-flow,low-flow,low-flow
2026-07-24 09:20:00,-0.11029127,-0.12788929,-0.07841845,-0.08206919,low-flow,low-flow,low-flow,low-flow
2026-07-24 09:30:00,-0.04994438,-0.061038405,-0.016913395,-0.019480506,low-flow,low-flow,low-flow,low-flow
2026-07-24 09:40:00,0.009750797,0.004981789,0.043595154,0.042120792,high-flow,high-flow,high-flow,high-flow
2026-07-24 09:50:00,0.06838337,0.0697052,0.10268451,0.102303766,high-flow,high-flow,high-flow,high-flow
2026-07-24 10:00:00,0.12554717,0.13268068,0.15994316,0.16064878,high-flow,high-flow,high-flow,high-flow
2026-07-24 10:10:00,0.18084317,0.19347504,0.21497343,0.21675023,high-flow,high-flow,high-flow,high-flow
2026-07-24 10:20:00,0.23388217,0.25167602,0.26739416,0.27021924,high-flow,high-flow,high-flow,high-flow
2026-07-24 10:30:00,0.28428742,0.30689538,0.3168431,0.32068622,high-flow,high-flow,high-flow,high-flow
2026-07-24 10:40:00,0.3316974,0.35877165,0.36297953,0.36780336,high-flow,high-flow,high-flow,high-flow
2026-07-24 10:50:00,0.37576854,0.406973,0.40548643,0.4112471,high-flow,high-flow,high-flow,high-flow
2026-07-24 11:00:00,0.41617814,0.45119935,0.44407278,0.45072016,high-flow,high-flow,high-flow,high-flow
2026-07-24 11:10:00,0.45262706,0.49118423,0.47847557,0.4859539,high-flow,high-flow,high-flow,high-flow
2026-07-24 11:20:00,0.4848426,0.526696,0.50846165,0.51671,high-flow,high-flow,high-flow,high-flow
2026-07-24 11:30:00,0.512581,0.5575384,0.5338297,0.5427824,high-flow,high-flow,high-flow,high-flow
2026-07-24 11:40:00,0.53563017,0.5835503,0.55441135,0.56399894,high-flow,high-flow,high-flow,high-flow
2026-07-24 11:50:00,0.55381185,0.60460526,0.570073,0.5802223,high-flow,high-flow,high-flow,high-flow
2026-07-24 12:00:00,0.56698406,0.62061006,0.5807168,0.5913517,high-flow,high-flow,high-flow,high-flow
2026-07-24 12:10:00,0.57504267,0.6315033,0.5862812,0.5973234,high-flow,high-flow,high-flow,high-flow
2026-07-24 12:20:00,0.5779233,0.63725346,0.58674216,0.5981116,high-flow,high-flow,high-flow,high-flow
2026-07-24 12:30:00,0.5756024,0.6378575,0.58211315,0.5937288,high-ebb,high-flow,high-ebb,high-ebb
2026-07-24 12:40:00,0.5680985,0.6333394,0.5724455,0.58422554,high-ebb,high-ebb,high-ebb,high-ebb
2026-07-24 12:50:00,0.5554722,0.623749,0.55782825,0.56969094,high-ebb,high-ebb,high-ebb,high-ebb
2026-07-24 13:00:00,0.53782684,0.609162,0.5383875,0.55025166,high-ebb,high-ebb,high-ebb,high-ebb
2026-07-24 13:10:00,0.51530784,0.58967966,0.5142859,0.5260715,high-ebb,high-ebb,high-ebb,high-ebb
2026-07-24 13:20:00,0.48810196,0.5654302,0.48572186,0.4973503,high-ebb,high-ebb,high-ebb,high-ebb
2026-07-24 13:30:00,0.4564363,0.5365696,0.4529277,0.46432254,high-ebb,high-ebb,high-ebb,high-ebb
2026-07-24 13:40:00,0.42057642,0.5032837,0.41616866,0.42725587,high-ebb,high-ebb,high-ebb,high-ebb
2026-07-24 13:50:00,0.38082424,0.46578944,0.37574068,0.38644916,high-ebb,high-ebb,high-ebb,high-ebb
2026-07-24 14:00:00,0.33751565,0.4243372,0.3319685,0.3422304,high-ebb,high-ebb,high-ebb,high-ebb
2026-07-24 14:10:00,0.29101762,0.3792114,0.2852032,0.2949544,high-ebb,high-ebb,high-ebb,high-ebb
2026-07-24 14:20:00,0.24172476,0.33073124,0.23581965,0.24499986,high-ebb,high-ebb,high-ebb,high-ebb
2026-07-24 14:30:00,0.19005595,0.27925044,0.18421373,0.19276692,high-ebb,high-ebb,high-ebb,high-ebb
2026-07-24 14:40:00,0.13645038,0.2251557,0.1307992,0.13867387,high-ebb,high-ebb,high-ebb,high-ebb
2026-07-24 14:50:00,0.081363566,0.1688643,0.07600471,0.083154,high-ebb,high-ebb,high-ebb,high-ebb
2026-07-24 15:00:00,0.025263062,0.110820405,0.020270301,0.026652304,high-ebb,high-ebb,high-ebb,high-ebb
2026-07-24 15:10:00,-0.03137582,0.051490624,-0.03595586,-0.030378029,low-ebb,high-ebb,low-ebb,low-ebb
2026-07-24 15:20:00,-0.08807442,-0.008641488,-0.09222108,-0.087479115,low-ebb,low-ebb,low-ebb,low-ebb
2026-07-24 15:30:00,-0.14435513,-0.069081254,-0.14807168,-0.14419198,low-ebb,low-ebb,low-ebb,low-ebb
2026-07-24 15:40:00,-0.19974564,-0.12932907,-0.2030565,-0.2000601,low-ebb,low-ebb,low-ebb,low-ebb
2026-07-24 15:50:00,-0.25378323,-0.1888865,-0.25673053,-0.25463307,low-ebb,low-ebb,low-ebb,low-ebb
2026-07-24 16:00:00,-0.3060187,-0.24726209,-0.3086584,-0.30747005,low-ebb,low-ebb,low-ebb,low-ebb
2026-07-24 16:10:00,-0.35602027,-0.30397657,-0.3584177,-0.3581432,low-ebb,low-ebb,low-ebb,low-ebb
2026-07-24 16:20:00,-0.40337706,-0.3585673,-0.40560237,-0.4062411,low-ebb,low-ebb,low-ebb,low-ebb
2026-07-24 16:30:00,-0.44770238,-0.41059187,-0.44982588,-0.45137173,low-ebb,low-ebb,low-ebb,low-ebb
2026-07-24 16:40:00,-0.48863664,-0.45963097,-0.49072406,-0.49316564,low-ebb,low-ebb,low-ebb,low-ebb
2026-07-24 16:50:00,-0.5258499,-0.5052902,-0.527958,-0.5312787,low-ebb,low-ebb,low-ebb,low-ebb
2026-07-24 17:00:00,-0.5590441,-0.5472015,-0.5612166,-0.56539464,low-ebb,low-ebb,low-ebb,low-ebb
2026-07-24 17:10:00,-0.58795494,-0.58502394,-0.5902187,-0.59522736,low-ebb,low-ebb,low-ebb,low-ebb
2026-07-24 17:20:00,-0.61235315,-0.6184444,-0.6147155,-0.6205231,low-ebb,low-ebb,low-ebb,low-ebb
2026-07-24 17:30:00,-0.63204575,-0.64717793,-0.6344919,-0.64106196,low-ebb,low-ebb,low-ebb,low-ebb
2026-07-24 17:40:00,-0.64687663,-0.6709691,-0.64936817,-0.6566598,low-ebb,low-ebb,low-ebb,low-ebb
2026-07-24 17:50:00,-0.65672696,-0.68959266,-0.6592012,-0.6671691,low-ebb,low-ebb,low-ebb,low-ebb
2026-07-24 18:00:00,-0.6615151,-0.702855,-0.6638853,-0.6724799,low-ebb,low-ebb,low-ebb,low-ebb
2026-07-24 18:10:00,-0.6611966,-0.71059674,-0.6633527,-0.6725207,low-ebb,low-ebb,low-ebb,low-ebb
2026-07-24 18:20:00,-0.6557632,-0.71269464,-0.6575742,-0.6672584,low-flow,low-ebb,low-flow,low-flow
2026-07-24 18:30:00,-0.6452424,-0.7090646,-0.6465584,-0.65669847,low-flow,low-flow,low-flow,low-flow
2026-07-24 18:40:00,-0.6296962,-0.69966406,-0.63035244,-0.64088464,low-flow,low-flow,low-flow,low-flow
2026-07-24 18:50:00,-0.60922015,-0.68449485,-0.6090406,-0.61989856,low-flow,low-flow,low-flow,low-flow
2026-07-24 19:00:00,-0.58394176,-0.66360545,-0.5827438,-0.59385866,low-flow,low-flow,low-flow,low-flow
2026-07-24 19:10:00,-0.5540191,-0.63709223,-0.55161864,-0.56291926,low-flow,low-flow,low-flow,low-flow
2026-07-24 19:20:00,-0.5196393,-0.6051006,-0.51585567,-0.5272693,low-flow,low-flow,low-flow,low-flow
2026-07-24 19:30:00,-0.481017,-0.56782454,-0.4756785,-0.48713097,low-flow,low-flow,low-flow,low-flow
2026-07-24 19:40:00,-0.43839246,-0.52550584,-0.43134147,-0.4427576,low-flow,low-flow,low-flow,low-flow
2026-07-24 19:50:00,-0.39203012,-0.47843167,-0.38312814,-0.39443222,low-flow,low-flow,low-flow,low-flow
2026-07-24 20:00:00,-0.34221673,-0.42693138,-0.3313491,-0.3424653,low-flow,low-flow,low-flow,low-flow
2026-07-24 20:10:00,-0.2892597,-0.37137303,-0.27633977,-0.28719264,low-flow,low-flow,low-flow,low-flow
2026-07-24 20:20:00,-0.23348546,-0.31215858,-0.21845807,-0.22897293,low-flow,low-flow,low-flow,low-flow
2026-07-24 20:30:00,-0.17523767,-0.24971923,-0.158082,-0.16818549,low-flow,low-flow,low-flow,low-flow
2026-07-24 20:40:00,-0.11487555,-0.1845103,-0.09560712,-0.105227664,low-flow,low-flow,low-flow,low-flow
2026-07-24 20:50:00,-0.0527722,-0.117006265,-0.031443957,-0.040512234,low-flow,low-flow,low-flow,low-flow
2026-07-24 21:00:00,0.010687166,-0.04769589,0.033984702,0.025535246,high-flow,low-flow,high-flow,high-flow
2026-07-24 21:10:00,0.07510699,0.022922255,0.1002465,0.09247915,high-flow,high-flow,high-flow,high-flow
2026-07-24 21:20:00,0.14008318,0.09434396,0.16690223,0.15987654,high-flow,high-flow,high-flow,high-flow
2026-07-24 21:30:00,0.20520493,0.16606314,0.23350868,0.22727998,high-flow,high-flow,high-flow,high-flow
2026-07-24 21:40:00,0.27005675,0.23757526,0.29962134,0.29424027,high-flow,high-flow,high-flow,high-flow
2026-07-24 21:50:00,0.33422044,0.3083805,0.3647972,0.36030927,high-flow,high-flow,high-flow,high-flow
2026-07-24 22:00:00,0.3972772,0.3779868,0.4285976,0.42504275,high-flow,high-flow,high-flow,high-flow
2026-07-24 22:10:00,0.45881,0.4459126,0.49059087,0.4880031,high-flow,high-flow,high-flow,high-flow
2026-07-24 22:20:00,0.5184057,0.51168996,0.55035514,0.54876214,high-flow,high-flow,high-flow,high-flow
2026-07-24 22:30:00,0.5756576,0.5748674,0.60748094,0.6069038,high-flow,high-flow,high-flow,high-flow
2026-07-24 22:40:00,0.63016826,0.6350129,0.6615739,0.6620267,high-flow,high-flow,high-flow,high-flow
2026-07-24 22:50:00,0.68155164,0.69171715,0.71225727,0.713747,high-flow,high-flow,high-flow,high-flow
2026-07-24 23:00:00,0.7294363,0.7445963,0.7591745,0.76170087,high-flow,high-flow,high-flow,high-flow
2026-07-24 23:10:00,0.77346784,0.79329497,0.8019915,0.8055465,high-flow,high-flow,high-flow,high-flow
2026-07-24 23:20:00,0.81331205,0.83748883,0.840399,0.8449672,high-flow,high-flow,high-flow,high-flow
2026-07-24 23:30:00,0.84865755,0.8768868,0.8741148,0.87967306,high-flow,high-flow,high-flow,high-flow
2026-07-24 23:40:00,0.8792186,0.9112326,0.9028857,0.9094033,high-flow,high-flow,high-flow,high-flow
2026-07-24 23:50:00,0.90473795,0.9403058,0.9264893,0.9339283,high-flow,high-flow,high-flow,high-flow
2026-07-25 00:00:00,0.92498946,0.9639224,0.9447362,0.9530511,high-flow,high-flow,high-flow,high-flow
2026-07-25 00:10:00,0.9397807,0.98193413,0.9574711,0.96660936,high-flow,high-flow,high-flow,high-flow
2026-07-25 00:20:00,0.94895494,0.99422807,0.9645742,0.9744766,high-flow,high-flow,high-flow,high-flow
2026-07-25 00:30:00,0.9523936,1.0007253,0.9659627,0.97656345,high-flow,high-flow,high-flow,high-flow
2026-07-25 00:40:00,0.950018,1.001379,0.9615914,0.9728187,high-ebb,high-flow,high-ebb,high-ebb
2026-07-25 00:50:00,0.9417906,0.99617374,0.9514534,0.9632299,high-ebb,high-ebb,high-ebb,high-ebb
2026-07-25 01:00:00,0.9277165,0.9851232,0.9355807,0.94782406,high-ebb,high-ebb,high-ebb,high-ebb
2026-07-25 01:10:00,0.9078441,0.9682697,0.914044,0.92666763,high-ebb,high-ebb,high-ebb,high-ebb
2026-07-25 01:20:00,0.8822655,0.94568336,0.8869533,0.89986646,high-ebb,high-ebb,high-ebb,high-ebb
2026-07-25 01:30:00,0.8511161,0.91746217,0.85445654,0.8675657,high-ebb,high-ebb,high-ebb,high-ebb
2026-07-25 01:40:00,0.81457466,0.88373256,0.8167396,0.82994866,high-ebb,high-ebb,high-ebb,high-ebb
2026-07-25 01:50:00,0.772862,0.84465075,0.7740251,0.7872362,high-ebb,high-ebb,high-ebb,high-ebb
2026-07-25 02:00:00,0.72623974,0.80040395,0.7265707,0.7396855,high-ebb,high-ebb,high-ebb,high-ebb
2026-07-25 02:10:00,0.6750081,0.7512124,0.6746684,0.6875881,high-ebb,high-ebb,high-ebb,high-ebb
2026-07-25 02:20:00,0.6195042,0.69733113,0.6186416,0.6312684,high-ebb,high-ebb,high-ebb,high-ebb
2026-07-25 02:30:00,0.56009895,0.6390511,0.5588438,0.5710812,high-ebb,high-ebb,high-ebb,high-ebb
2026-07-25 02:40:00,0.49719393,0.5767002,0.49565566,0.50740975,high-ebb,high-ebb,high-ebb,high-ebb
2026-07-25 02:50:00,0.4312184,0.5106435,0.42948255,0.4406624,high-ebb,high-ebb,high-ebb,high-ebb
2026-07-25 03:00:00,0.3626251,0.44128188,0.36075163,0.37127033,high-ebb,high-ebb,high-ebb,high-ebb
2026-07-25 03:10:00,0.29188663,0.3690503,0.28990865,0.29968396,high-ebb,high-ebb,high-ebb,high-ebb
2026-07-25 03:20:00,0.2194911,0.2944144,0.21741478,0.22636984,high-ebb,high-ebb,high-ebb,high-ebb
2026-07-25 03:30:00,0.14593789,0.21786638,0.14374319,0.15180722,high-ebb,high-ebb,high-ebb,high-ebb
2026-07-25 03:40:00,0.07173326,0.13991973,0.06937542,0.07648436,high-ebb,high-ebb,high-ebb,high-ebb
2026-07-25 03:50:00,-0.0026141168,0.06110341,-0.0052021854,0.0008948853,low-ebb,high-ebb,low-ebb,high-ebb
2026-07-25 04:00:00,-0.07659755,-0.018044485,-0.07950213,-0.074465916,low-ebb,low-ebb,low-ebb,low-ebb
2026-07-25 04:10:00,-0.14971665,-0.09698307,-0.15303947,-0.14910488,low-ebb,low-ebb,low-ebb,low-ebb
2026-07-25 04:20:00,-0.22148147,-0.17517489,-0.22533552,-0.2225347,low-ebb,low-ebb,low-ebb,low-ebb
2026-07-25 04:30:00,-0.2914166,-0.25209174,-0.29592142,-0.29427758,low-ebb,low-ebb,low-ebb,low-ebb
2026-07-25 04:40:00,-0.3590648,-0.32721958,-0.3643416,-0.36386883,low-ebb,low-ebb,low-ebb,low-ebb
2026-07-25 04:50:00,-0.4239906,-0.40006298,-0.43015727,-0.43086043,low-ebb,low-ebb,low-ebb,low-ebb
2026-07-25 05:00:00,-0.48578346,-0.47014838,-0.49294966,-0.4948242,low-ebb,low-ebb,low-ebb,low-ebb
2026-07-25 05:10:00,-0.5440606,-0.5370267,-0.5523229,-0.555355,low-ebb,low-ebb,low-ebb,low-ebb
2026-07-25 05:20:00,-0.5984695,-0.60027504,-0.6079071,-0.6120738,low-ebb,low-ebb,low-ebb,low-ebb
2026-07-25 05:30:00,-0.6486899,-0.6594978,-0.65936077,-0.66463,low-ebb,low-ebb,low-ebb,low-ebb
2026-07-25 05:40:00,-0.69443583,-0.71432775,-0.70637316,-0.7127043,low-ebb,low-ebb,low-ebb,low-ebb
2026-07-25 05:50:00,-0.73545676,-0.76442635,-0.7486666,-0.7560104,low-ebb,low-ebb,low-ebb,low-ebb
2026-07-25 06:00:00,-0.7715386,-0.8094847,-0.78599775,-0.7942972,low-ebb,low-ebb,low-ebb,low-ebb
2026-07-25 06:10:00,-0.8025045,-0.8492245,-0.8181597,-0.8273503,low-ebb,low-ebb,low-ebb,low-ebb
2026-07-25 06:20:00,-0.8282149,-0.88339937,-0.8449827,-0.85499305,low-ebb,low-ebb,low-ebb,low-ebb
2026-07-25 06:30:00,-0.84856766,-0.9117965,-0.86633515,-0.87708753,low-ebb,low-ebb,low-ebb,low-ebb
2026-07-25 06:40:00,-0.863498,-0.93423915,-0.8821243,-0.89353544,low-ebb,low-ebb,low-ebb,low-ebb
2026-07-25 06:50:00,-0.8729774,-0.95058894,-0.8922963,-0.904278,low-ebb,low-ebb,low-ebb,low-ebb
2026-07-25 07:00:00,-0.8770132,-0.9607486,-0.89683634,-0.9092963,low-ebb,low-ebb,low-ebb,low-ebb
2026-07-25 07:10:00,-0.87564754,-0.9646648,-0.89576817,-0.9086107,low-flow,low-ebb,low-ebb,low-ebb
2026-07-25 07:20:00,-0.868956,-0.9623303,-0.8891536,-0.9022806,low-flow,low-flow,low-flow,low-flow
2026-07-25 07:30:00,-0.8570467,-0.95378596,-0.87709165,-0.89040333,low-flow,low-flow,low-flow,low-flow
2026-07-25 07:40:00,-0.84005845,-0.939122,-0.8597174,-0.8731131,low-flow,low-flow,low-flow,low-flow
2026-07-25 07:50:00,-0.81815946,-0.9184785,-0.8372008,-0.8505798,low-flow,low-flow,low-flow,low-flow
2026-07-25 08:00:00,-0.79154587,-0.8920443,-0.8097449,-0.8230074,low-flow,low-flow,low-flow,low-flow
2026-07-25 08:10:00,-0.7604401,-0.86005586,-0.77758425,-0.79063207,low-flow,low-flow,low-flow,low-flow
2026-07-25 08:20:00,-0.72508913,-0.8227945,-0.7409832,-0.75372046,low-flow,low-flow,low-flow,low-flow
2026-07-25 08:30:00,-0.6857631,-0.780583,-0.7002334,-0.7125677,low-flow,low-flow,low-flow,low-flow
2026-07-25 08:40:00,-0.64275354,-0.7337816,-0.6556522,-0.6674947,low-flow,low-flow,low-flow,low-flow
2026-07-25 08:50:00,-0.59637177,-0.6827831,-0.6075798,-0.61884654,low-flow,low-flow,low-flow,low-flow
2026-07-25 09:00:00,-0.5469472,-0.62800854,-0.55637735,-0.56698936,low-flow,low-flow,low-flow,low-flow
2026-07-25 09:10:00,-0.49482578,-0.5699018,-0.50242394,-0.51230824,low-flow,low-flow,low-flow,low-flow
2026-07-25 09:20:00,-0.44036835,-0.5089251,-0.44611466,-0.45520446,low-flow,low-flow,low-flow,low-flow
2026-07-25 09:30:00,-0.3839488,-0.44555417,-0.38785747,-0.39609277,low-flow,low-flow,low-flow,low-flow
2026-07-25 09:40:00,-0.32595244,-0.3802744,-0.32807088,-0.33539885,low-flow,low-flow,low-flow,low-flow
2026-07-25 09:50:00,-0.2667741,-0.31357673,-0.26718116,-0.27355638,low-flow,low-flow,low-flow,low-flow
2026-07-25 10:00:00,-0.2068163,-0.24595448,-0.20561963,-0.21100444,low-flow,low-flow,low-flow,low-flow
2026-07-25 10:10:00,-0.14648725,-0.17790002,-0.14381996,-0.14818455,low-flow,low-flow,low-flow,low-flow
2026-07-25 10:20:00,-0.08619883,-0.109901845,-0.08221548,-0.085538074,low-flow,low-flow,low-flow,low-flow
2026-07-25 10:30:00,-0.026364323,-0.04244189,-0.021236444,-0.023503287,low-flow,low-flow,low-flow,low-flow
2026-07-25 10:40:00,0.03260382,0.024007367,0.038692664,0.037487317,high-flow,high-flow,high-flow,high-flow
2026-07-25 10:50:00,0.09029641,0.088985704,0.097155795,0.09700977,high-flow,high-flow,high-flow,high-flow
2026-07-25 11:00:00,0.14631005,0.1520481,0.15374798,0.15465134,high-flow,high-flow,high-flow,high-flow
2026-07-25 11:10:00,0.20024978,0.21276775,0.20807791,0.2100132,high-flow,high-flow,high-flow,high-flow
2026-07-25 11:20:00,0.25173175,0.27073908,0.2597705,0.262713,high-flow,high-flow,high-flow,high-flow
2026-07-25 11:30:00,0.3003862,0.3255808,0.30846944,0.3123874,high-flow,high-flow,high-flow,high-flow
2026-07-25 11:40:00,0.34586,0.3769386,0.35383943,0.3586946,high-flow,high-flow,high-flow,high-flow
2026-07-25 11:50:00,0.38781992,0.42448777,0.39556864,0.40131664,high-flow,high-flow,high-flow,high-flow
2026-07-25 12:00:00,0.42595524,0.46793512,0.43337083,0.43996152,high-flow,high-flow,high-flow,high-flow
2026-07-25 12:10:00,0.4599808,0.5070206,0.4669875,0.47436553,high-flow,high-flow,high-flow,high-flow
2026-07-25 12:20:00,0.48963952,0.54151803,0.49618983,0.5042952,high-flow,high-flow,high-flow,high-flow
2026-07-25 12:30:00,0.51470536,0.57123566,0.52078044,0.52954876,high-flow,high-flow,high-flow,high-flow
2026-07-25 12:40:00,0.53498566,0.59601545,0.540595,0.5499584,high-flow,high-flow,high-flow,high-flow
2026-07-25 12:50:00,0.5503233,0.61573267,0.55550367,0.56539124,high-flow,high-flow,high-flow,high-flow
2026-07-25 13:00:00,0.56059897,0.63029444,0.5654124,0.5757505,high-flow,high-flow,high-flow,high-flow
2026-07-25 13:10:00,0.5657328,0.6396386,0.57026374,0.58097696,high-flow,high-flow,high-flow,high-flow
2026-07-25 13:20:00,0.56568575,0.6437325,0.5700377,0.5810492,high-flow,high-flow,high-flow,high-flow
2026-07-25 13:30:00,0.5604608,0.6425716,0.5647524,0.5759843,high-ebb,high-flow,high-ebb,high-ebb
2026-07-25 13:40:00,0.5501034,0.6361797,0.55446374,0.565838,high-ebb,high-ebb,high-ebb,high-ebb
2026-07-25 13:50:00,0.534702,0.62460786,0.539266,0.5507047,high-ebb,high-ebb,high-ebb,high-ebb
2026-07-25 14:00:00,0.5143875,0.6079357,0.5192909,0.5307169,high-ebb,high-ebb,high-ebb,high-ebb
2026-07-25 14:10:00,0.48933285,0.58627194,0.49470738,0.5060446,high-ebb,high-ebb,high-ebb,high-ebb
2026-07-25 14:20:00,0.45975196,0.55975634,0.46572018,0.4768943,high-ebb,high-ebb,high-ebb,high-ebb
2026-07-25 14:30:00,0.425898,0.5285612,0.4325689,0.4435075,high-ebb,high-ebb,high-ebb,high-ebb
2026-07-25 14:40:00,0.3880614,0.4928933,0.39552614,0.40615934,high-ebb,high-ebb,high-ebb,high-ebb
2026-07-25 14:50:00,0.34656766,0.4529959,0.35489577,0.3651565,high-ebb,high-ebb,high-ebb,high-ebb
2026-07-25 15:00:00,0.30177426,0.40914953,0.31101063,0.32083502,high-ebb,high-ebb,high-ebb,high-ebb
2026-07-25 15:10:00,0.2540676,0.36167273,0.26423013,0.27355778,high-ebb,high-ebb,high-ebb,high-ebb
2026-07-25 15:20:00,0.20385946,0.31092164,0.21493758,0.22371183,high-ebb,high-ebb,high-ebb,high-ebb
2026-07-25 15:30:00,0.15158325,0.2572884,0.16353709,0.17170534,high-ebb,high-ebb,high-ebb,high-ebb
2026-07-25 15:40:00,0.09768994,0.2011985,0.11045056,0.11796443,high-ebb,high-ebb,high-ebb,high-ebb
2026-07-25 15:50:00,0.042643867,0.14310703,0.056114268,0.06292985,high-ebb,high-ebb,high-ebb,high-ebb
2026-07-25 16:00:00,-0.013081572,0.08349374,0.00097542914,0.007053407,low-ebb,high-ebb,high-ebb,high-ebb
2026-07-25 16:10:00,-0.06900832,0.02285752,-0.054511428,-0.049205605,low-ebb,high-ebb,low-ebb,low-ebb
2026-07-25 16:20:00,-0.124658056,-0.0382899,-0.10988812,-0.105384134,low-ebb,low-ebb,low-ebb,low-ebb
2026-07-25 16:30:00,-0.17955653,-0.099430464,-0.16469654,-0.1610191,low-ebb,low-ebb,low-ebb,low-ebb
2026-07-25 16:40:00,-0.23323783,-0.16004623,-0.21848238,-0.21565115,low-ebb,low-ebb,low-ebb,low-ebb
2026-07-25 16:50:00,-0.28524843,-0.21962556,-0.27079877,-0.26882836,low-ebb,low-ebb,low-ebb,low-ebb
2026-07-25 17:00:00,-0.33515105,-0.27766865,-0.32120997,-0.32010984,low-ebb,low-ebb,low-ebb,low-ebb
2026-07-25 17:10:00,-0.38252833,-0.3336924,-0.36929485,-0.36906934,low-ebb,low-ebb,low-ebb,low-ebb
2026-07-25 17:20:00,-0.42698616,-0.38723424,-0.41465023,-0.41529858,low-ebb,low-ebb,low-ebb,low-ebb
2026-07-25 17:30:00,-0.46815655,-0.43785533,-0.45689413,-0.4584105,low-ebb,low-ebb,low-ebb,low-ebb
2026-07-25 17:40:00,-0.5057006,-0.48514265,-0.49566874,-0.49804226,low-ebb,low-ebb,low-ebb,low-ebb
2026-07-25 17:50:00,-0.53931046,-0.5287105,-0.53064317,-0.53385794,low-ebb,low-ebb,low-ebb,low-ebb
2026-07-25 18:00:00,-0.5687115,-0.5682015,-0.561516,-0.56555134,low-ebb,low-ebb,low-ebb,low-ebb
2026-07-25 18:10:00,-0.5936639,-0.6032874,-0.5880174,-0.5928478,low-ebb,low-ebb,low-ebb,low-ebb
2026-07-25 18:20:00,-0.61396337,-0.6336697,-0.6099113,-0.6155066,low-ebb,low-ebb,low-ebb,low-ebb
2026-07-25 18:30:00,-0.62944275,-0.6590801,-0.6269969,-0.6333223,low-ebb,low-ebb,low-ebb,low-ebb
2026-07-25 18:40:00,-0.6399718,-0.67928207,-0.6391098,-0.6461262,low-ebb,low-ebb,low-ebb,low-ebb
2026-07-25 18:50:00,-0.6454576,-0.694072,-0.6461234,-0.65378755,low-ebb,low-ebb,low-ebb,low-ebb
2026-07-25 19:00:00,-0.64584446,-0.7032813,-0.64794934,-0.6562139,low-ebb,low-ebb,low-ebb,low-ebb
2026-07-25 19:10:00,-0.6411132,-0.70677835,-0.64453804,-0.65335184,low-flow,low-ebb,low-flow,low-flow
2026-07-25 19:20:00,-0.6312807,-0.70447147,-0.6358786,-0.64518696,low-flow,low-flow,low-flow,low-flow
2026-07-25 19:30:00,-0.616399,-0.69631106,-0.62199885,-0.6317436,low-flow,low-flow,low-flow,low-flow
2026-07-25 19:40:00,-0.5965539,-0.6822924,-0.6029644,-0.61308455,low-flow,low-flow,low-flow,low-flow
2026-07-25 19:50:00,-0.571864,-0.6624576,-0.5788785,-0.5893101,low-flow,low-flow,low-flow,low-flow
2026-07-25 20:00:00,-0.5424792,-0.636897,-0.54988045,-0.5605572,low-flow,low-flow,low-flow,low-flow
2026-07-25 20:10:00,-0.50857925,-0.6057501,-0.5161447,-0.52699804,low-flow,low-flow,low-flow,low-flow
2026-07-25 20:20:00,-0.4703721,-0.56920516,-0.47787908,-0.4888389,low-flow,low-flow,low-flow,low-flow
2026-07-25 20:30:00,-0.4280925,-0.5274982,-0.4353235,-0.4463182,low-flow,low-flow,low-flow,low-flow
2026-07-25 20:40:00,-0.3820001,-0.48091066,-0.3887478,-0.39970478,low-flow,low-flow,low-flow,low-flow
2026-07-25 20:50:00,-0.33237794,-0.4297667,-0.3384499,-0.349296,low-flow,low-flow,low-flow,low-flow
2026-07-25 21:00:00,-0.27953082,-0.37442914,-0.28475353,-0.2954155,low-flow,low-flow,low-flow,low-flow
2026-07-25 21:10:00,-0.22378355,-0.3152951,-0.22800617,-0.23841098,low-flow,low-flow,low-flow,low-flow
2026-07-25 21:20:00,-0.1654792,-0.25279152,-0.16857645,-0.17865194,low-flow,low-flow,low-flow,low-flow
2026-07-25 21:30:00,-0.10497749,-0.18736997,-0.1068519,-0.116527155,low-flow,low-flow,low-flow,low-flow
2026-07-25 21:40:00,-0.04265306,-0.11950197,-0.043236334,-0.052442152,low-flow,low-flow,low-flow,low-flow
2026-07-25 21:50:00,0.02110632,-0.049674302,0.021852711,0.013183298,high-flow,low-flow,high-flow,high-flow
2026-07-25 22:00:00,0.08590153,0.021615338,0.08798661,0.07991784,high-flow,high-flow,high-flow,high-flow
2026-07-25 22:10:00,0.15132393,0.09386231,0.1547283,0.14732121,high-flow,high-flow,high-flow,high-flow
2026-07-25 22:20:00,0.21695729,0.16655862,0.22163495,0.2149469,high-flow,high-flow,high-flow,high-flow
2026-07-25 22:30:00,0.2823798,0.23919615,0.28826073,0.2823449,high-flow,high-flow,high-flow,high-flow
2026-07-25 22:40:00,0.34716612,0.3112697,0.35415947,0.3490644,high-flow,high-flow,high-flow,high-flow
2026-07-25 22:50:00,0.4108896,0.3822798,0.4188874,0.4146566,high-flow,high-flow,high-flow,high-flow
2026-07-25 23:00:00,0.4731246,0.45173553,0.48200583,0.47867736,high-flow,high-flow,high-flow,high-flow
2026-07-25 23:10:00,0.5334489,0.5191573,0.54308397,0.54068995,high-flow,high-flow,high-flow,high-flow
2026-07-25 23:20:00,0.5914462,0.5840798,0.6017013,0.60026777,high-flow,high-flow,high-flow,high-flow
2026-07-25 23:30:00,0.6467089,0.6460552,0.65745085,0.6569971,high-flow,high-flow,high-flow,high-flow
2026-07-25 23:40:00,0.6988406,0.704656,0.709941,0.71047974,high-flow,high-flow,high-flow,high-flow
2026-07-25 23:50:00,0.74745923,0.7594783,0.7587987,0.7603355,high-flow,high-flow,high-flow,high-flow
2026-07-26 00:00:00,0.7921997,0.8101448,0.80367166,0.8062049,high-flow,high-flow,high-flow,high-flow
2026-07-26 00:10:00,0.8327168,0.85630774,0.8442309,0.8477516,high-flow,high-flow,high-flow,high-flow
2026-07-26 00:20:00,0.86868864,0.8976514,0.88017297,0.88466483,high-flow,high-flow,high-flow,high-flow
2026-07-26 00:30:00,0.89981884,0.9338936,0.9112223,0.9166616,high-flow,high-flow,high-flow,high-flow
2026-07-26 00:40:00,0.9258399,0.96478796,0.9371333,0.94348896,high-flow,high-flow,high-flow,high-flow
2026-07-26 00:50:00,0.9465158,0.9901238,0.9576923,0.96492606,high-flow,high-flow,high-flow,high-flow
2026-07-26 01:00:00,0.96164453,1.009727,0.97271955,0.98078585,high-flow,high-flow,high-flow,high-flow
2026-07-26 01:10:00,0.97106075,1.0234591,0.9820703,0.99091715,high-flow,high-flow,high-flow,high-flow
2026-07-26 01:20:00,0.9746376,1.0312171,0.985637,0.99520564,high-flow,high-flow,high-flow,high-flow
2026-07-26 01:30:00,0.97228897,1.0329316,0.98335004,0.9935756,high-ebb,high-flow,high-ebb,high-ebb
2026-07-26 01:40:00,0.96397084,1.0285666,0.97517866,0.9859907,high-ebb,high-ebb,high-ebb,high-ebb
2026-07-26 01:50:00,0.9496827,1.0181177,0.961132,0.9724547,high-ebb,high-ebb,high-ebb,high-ebb
2026-07-26 02:00:00,0.92946833,1.0016117,0.9412593,0.95301235,high-ebb,high-ebb,high-ebb,high-ebb
2026-07-26 02:10:00,0.90341604,0.97910625,0.9156502,0.927749,high-ebb,high-ebb,high-ebb,high-ebb
2026-07-26 02:20:00,0.87165904,0.9506902,0.8844343,0.89679086,high-ebb,high-ebb,high-ebb,high-ebb
2026-07-26 02:30:00,0.8343747,0.91648424,0.847781,0.86030465,high-ebb,high-ebb,high-ebb,high-ebb
2026-07-26 02:40:00,0.7917838,0.8766421,0.80589855,0.81849647,high-ebb,high-ebb,high-ebb,high-ebb
2026-07-26 02:50:00,0.74414897,0.83135253,0.7590329,0.771611,high-ebb,high-ebb,high-ebb,high-ebb
2026-07-26 03:00:00,0.6917731,0.78084046,0.7074664,0.71993,high-ebb,high-ebb,high-ebb,high-ebb
2026-07-26 03:10:00,0.6349967,0.7253693,0.6515158,0.66377044,high-ebb,high-ebb,high-ebb,high-ebb
2026-07-26 03:20:00,0.5741957,0.66524166,0.5915303,0.6034825,high-ebb,high-ebb,high-ebb,high-ebb
2026-07-26 03:30:00,0.5097778,0.6008005,0.5278892,0.5394473,high-ebb,high-ebb,high-ebb,high-ebb
2026-07-26 03:40:00,0.44217938,0.53242886,0.46099907,0.472074,high-ebb,high-ebb,high-ebb,high-ebb
2026-07-26 03:50:00,0.37186185,0.46054825,0.39129093,0.4017969,high-ebb,high-ebb,high-ebb,high-ebb
2026-07-26 04:00:00,0.29930723,0.38561675,0.31921706,0.32907242,high-ebb,high-ebb,high-ebb,high-ebb
2026-07-26 04:10:00,0.22501424,0.30812523,0.24524754,0.2543754,high-ebb,high-ebb,high-ebb,high-ebb
2026-07-26 04:20:00,0.14949378,0.2285927,0.1698668,0.1781957,high-ebb,high-ebb,high-ebb,high-ebb
2026-07-26 04:30:00,0.07326448,0.14756079,0.0935698,0.10103439,high-ebb,high-ebb,high-ebb,high-ebb
2026-07-26 04:40:00,-0.0031518275,0.06558741,0.016858269,0.023399862,low-ebb,high-ebb,high-ebb,high-ebb
2026-07-26 04:50:00,-0.07923463,-0.016760012,-0.05976321,-0.054196108,low-ebb,low-ebb,low-ebb,low-ebb
2026-07-26 05:00:00,-0.15446915,-0.098911345,-0.1357911,-0.13124233,low-ebb,low-ebb,low-ebb,low-ebb
2026-07-26 05:10:00,-0.22835068,-0.18030041,-0.21072681,-0.20723219,low-ebb,low-ebb,low-ebb,low-ebb
2026-07-26 05:20:00,-0.3003887,-0.2603712,-0.28408056,-0.28166756,low-ebb,low-ebb,low-ebb,low-ebb
2026-07-26 05:30:00,-0.3701107,-0.33858326,-0.3553752,-0.35406262,low-ebb,low-ebb,low-ebb,low-ebb
2026-07-26 05:40:00,-0.43706587,-0.41441643,-0.4241497,-0.42394763,low-ebb,low-ebb,low-ebb,low-ebb
2026-07-26 05:50:00,-0.5008285,-0.4873744,-0.4899628,-0.4908724,low-ebb,low-ebb,low-ebb,low-ebb
2026-07-26 06:00:00,-0.56100076,-0.5569875,-0.5523962,-0.55440986,low-ebb,low-ebb,low-ebb,low-ebb
2026-07-26 06:10:00,-0.6172156,-0.6228149,-0.6110575,-0.61415875,low-ebb,low-ebb,low-ebb,low-ebb
2026-07-26 06:20:00,-0.66913855,-0.6844454,-0.66558343,-0.66974705,low-ebb,low-ebb,low-ebb,low-ebb
2026-07-26 06:30:00,-0.7164703,-0.74149865,-0.7156417,-0.7208342,low-ebb,low-ebb,low-ebb,low-ebb
2026-07-26 06:40:00,-0.7589474,-0.7936258,-0.7609338,-0.76711345,low-ebb,low-ebb,low-ebb,low-ebb
2026-07-26 06:50:00,-0.79634404,-0.8405099,-0.80119663,-0.808314,low-ebb,low-ebb,low-ebb,low-ebb
2026-07-26 07:00:00,-0.8284724,-0.881867,-0.83620423,-0.84420264,low-ebb,low-ebb,low-ebb,low-ebb
2026-07-26 07:10:00,-0.8551832,-0.917447,-0.86576897,-0.87458485,low-ebb,low-ebb,low-ebb,low-ebb
2026-07-26 07:20:00,-0.8763657,-0.94703543,-0.88974243,-0.8993061,low-ebb,low-ebb,low-ebb,low-ebb
2026-07-26 07:30:00,-0.8919478,-0.9704554,-0.9080163,-0.9182524,low-ebb,low-ebb,low-ebb,low-ebb
2026-07-26 07:40:00,-0.9018949,-0.98756987,-0.92052233,-0.9313506,low-ebb,low-ebb,low-ebb,low-ebb
2026-07-26 07:50:00,-0.9062099,-0.99828386,-0.92723244,-0.93856835,low-ebb,low-ebb,low-ebb,low-ebb
2026-07-26 08:00:00,-0.9049316,-1.0025473,-0.92815864,-0.93991417,low-ebb,low-ebb,low-ebb,low-ebb
2026-07-26 08:10:00,-0.8981341,-1.0003564,-0.92335194,-0.9354364,low-flow,low-flow,low-flow,low-flow
2026-07-26 08:20:00,-0.88592523,-0.99175674,-0.912902,-0.9252228,low-flow,low-flow,low-flow,low-flow
2026-07-26 08:30:00,-0.86844516,-0.97684276,-0.89693576,-0.90939903,low-flow,low-flow,low-flow,low-flow
2026-07-26 08:40:00,-0.845865,-0.9557589,-0.875616,-0.8881276,low-flow,low-flow,low-flow,low-flow
2026-07-26 08:50:00,-0.8183853,-0.92869896,-0.8491402,-0.8616064,low-flow,low-flow,low-flow,low-flow
2026-07-26 09:00:00,-0.78623426,-0.8959037,-0.8177383,-0.8300665,low-flow,low-flow,low-flow,low-flow
2026-07-26 09:10:00,-0.74966615,-0.85765904,-0.7816711,-0.79377073,low-flow,low-flow,low-flow,low-flow
2026-07-26 09:20:00,-0.70895976,-0.8142923,-0.7412282,-0.7530113,low-flow,low-flow,low-flow,low-flow
2026-07-26 09:30:00,-0.6644165,-0.76616824,-0.69672585,-0.7081078,low-flow,low-flow,low-flow,low-flow
2026-07-26 09:40:00,-0.6163588,-0.7136845,-0.6485045,-0.65940475,low-flow,low-flow,low-flow,low-flow
2026-07-26 09:50:00,-0.56512856,-0.657267,-0.5969265,-0.6072691,low-flow,low-flow,low-flow,low-flow
2026-07-26 10:00:00,-0.51108503,-0.59736496,-0.5423738,-0.5520879,low-flow,low-flow,low-flow,low-flow
2026-07-26 10:10:00,-0.4546033,-0.53444654,-0.48524514,-0.49426565,low-flow,low-flow,low-flow,low-flow
2026-07-26 10:20:00,-0.39607245,-0.46899435,-0.42595387,-0.43422168,low-flow,low-flow,low-flow,low-flow
2026-07-26 10:30:00,-0.33589363,-0.4015012,-0.36492488,-0.3723874,low-flow,low-flow,low-flow,low-flow
2026-07-26 10:40:00,-0.27447814,-0.33246687,-0.30259225,-0.3092037,low-flow,low-flow,low-flow,low-flow
2026-07-26 10:50:00,-0.2122454,-0.26239452,-0.23939656,-0.24511816,low-flow,low-flow,low-flow,low-flow
2026-07-26 11:00:00,-0.14962094,-0.19178787,-0.17578201,-0.18058218,low-flow,low-flow,low-flow,low-flow
2026-07-26 11:10:00,-0.08703402,-0.12114834,-0.112193875,-0.11604839,low-flow,low-flow,low-flow,low-flow
2026-07-26 11:20:00,-0.024915477,-0.050972387,-0.049075704,-0.05196771,low-flow,low-flow,low-flow,low-flow
2026-07-26 11:30:00,0.036304798,0.018251264,0.013133384,0.011213354,high-flow,high-flow,high-flow,high-flow
2026-07-26 11:40:00,0.09620039,0.086044416,0.07400141,0.073055536,high-flow,high-flow,high-flow,high-flow
2026-07-26 11:50:00,0.15435103,0.15194237,0.13310626,0.13312954,high-flow,high-flow,high-flow,high-flow
2026-07-26 12:00:00,0.21034531,0.21549703,0.19003834,0.1910188,high-flow,high-flow,high-flow,high-flow
2026-07-26 12:10:00,0.26378366,0.27628005,0.24440326,0.24632218,high-flow,high-flow,high-flow,high-flow
2026-07-26 12:20:00,0.3142812,0.33388612,0.29582444,0.29865667,high-flow,high-flow,high-flow,high-flow
2026-07-26 12:30:00,0.36147067,0.38793585,0.34394568,0.3476599,high-flow,high-flow,high-flow,high-flow
2026-07-26 12:40:00,0.40500557,0.43807885,0.38843355,0.3929927,high-flow,high-flow,high-flow,high-flow
2026-07-26 12:50:00,0.4445631,0.48399585,0.42897996,0.43434164,high-flow,high-flow,high-flow,high-flow
2026-07-26 13:00:00,0.47984707,0.5254009,0.46530432,0.47142118,high-flow,high-flow,high-flow,high-flow
2026-07-26 13:10:00,0.51059085,0.5620424,0.4971558,0.50397605,high-flow,high-flow,high-flow,high-flow
2026-07-26 13:20:00,0.53656006,0.5937043,0.52431524,0.5317831,high-flow,high-flow,high-flow,high-flow
2026-07-26 13:30:00,0.55755514,0.6202055,0.5465972,0.5546534,high-flow,high-flow,high-flow,high-flow
2026-07-26 13:40:00,0.57341367,0.64140034,0.5638514,0.57243377,high-flow,high-flow,high-flow,high-flow
2026-07-26 13:50:00,0.5840125,0.6571774,0.57596457,0.5850082,high-flow,high-flow,high-flow,high-flow
2026-07-26 14:00:00,0.5892697,0.66745853,0.5828611,0.5922993,high-flow,high-flow,high-flow,high-flow
2026-07-26 14:10:00,0.58914566,0.6721984,0.5845046,0.59426904,high-flow,high-flow,high-flow,high-flow
2026-07-26 14:20:00,0.58364445,0.6713835,0.5808982,0.5909197,high-ebb,high-flow,high-ebb,high-ebb
2026-07-26 14:30:00,0.5728144,0.6650317,0.5720852,0.5822939,high-ebb,high-ebb,high-ebb,high-ebb
2026-07-26 14:40:00,0.5567483,0.6531925,0.5581491,0.5684752,high-ebb,high-ebb,high-ebb,high-ebb
2026-07-26 14:50:00,0.53558314,0.6359479,0.5392132,0.54958713,high-ebb,high-ebb,high-ebb,high-ebb
2026-07-26 15:00:00,0.5094997,0.61341286,0.5154402,0.52579343,high-ebb,high-ebb,high-ebb,high-ebb
2026-07-26 15:10:00,0.47872117,0.58573747,0.48703158,0.4972966,high-ebb,high-ebb,high-ebb,high-ebb
2026-07-26 15:20:00,0.44351137,0.5531082,0.4542257,0.46433663,high-ebb,high-ebb,high-ebb,high-ebb
2026-07-26 15:30:00,0.4041731,0.5157499,0.41729677,0.4271897,high-ebb,high-ebb,high-ebb,high-ebb
2026-07-26 15:40:00,0.3610453,0.47392693,0.37655264,0.38616595,high-ebb,high-ebb,high-ebb,high-ebb
2026-07-26 15:50:00,0.31450033,0.42794454,0.33233276,0.34160736,high-ebb,high-ebb,high-ebb,high-ebb
2026-07-26 16:00:00,0.26494056,0.3781487,0.28500545,0.29388514,high-ebb,high-ebb,high-ebb,high-ebb
2026-07-26 16:10:00,0.21279474,0.32492533,0.23496509,0.24339677,high-ebb,high-ebb,high-ebb,high-ebb
2026-07-26 16:20:00,0.15851419,0.26869842,0.18262912,0.19056302,high-ebb,high-ebb,high-ebb,high-ebb
2026-07-26 16:30:00,0.102568515,0.20992684,0.12843458,0.13582449,high-ebb,high-ebb,high-ebb,high-ebb
2026-07-26 16:40:00,0.045441326,0.1491,0.07283463,0.079638,high-ebb,high-ebb,high-ebb,high-ebb
2026-07-26 16:50:00,-0.012374282,0.086732626,0.016294776,0.022472963,low-ebb,high-ebb,high-ebb,high-ebb
2026-07-26 17:00:00,-0.07038025,0.023358392,-0.040710926,-0.03519256,low-ebb,high-ebb,low-ebb,low-ebb
2026-07-26 17:10:00,-0.12807813,-0.040476706,-0.09770383,-0.09287581,low-ebb,low-ebb,low-ebb,low-ebb
2026-07-26 17:20:00,-0.18497363,-0.10422144,-0.15420468,-0.15009333,low-ebb,low-ebb,low-ebb,low-ebb
2026-07-26 17:30:00,-0.24058093,-0.16732635,-0.20973761,-0.20636496,low-ebb,low-ebb,low-ebb,low-ebb
2026-07-26 17:40:00,-0.29442704,-0.2292503,-0.26383415,-0.26121786,low-ebb,low-ebb,low-ebb,low-ebb
2026-07-26 17:50:00,-0.3460558,-0.2894666,-0.31603697,-0.31419033,low-ebb,low-ebb,low-ebb,low-ebb
2026-07-26 18:00:00,-0.3950317,-0.34746802,-0.36590376,-0.36483568,low-ebb,low-ebb,low-ebb,low-ebb
2026-07-26 18:10:00,-0.44094327,-0.40277123,-0.41301093,-0.41272578,low-ebb,low-ebb,low-ebb,low-ebb
2026-07-26 18:20:00,-0.48340642,-0.45491996,-0.45695674,-0.45745453,low-ebb,low-ebb,low-ebb,low-ebb
2026-07-26 18:30:00,-0.5220671,-0.5034873,-0.49736473,-0.49864107,low-ebb,low-ebb,low-ebb,low-ebb
2026-07-26 18:40:00,-0.55660397,-0.5480774,-0.5338866,-0.53593266,low-ebb,low-ebb,low-ebb,low-ebb
2026-07-26 18:50:00,-0.5867302,-0.5883264,-0.56620485,-0.5690074,low-ebb,low-ebb,low-ebb,low-ebb
2026-07-26 19:00:00,-0.6121952,-0.62390304,-0.5940351,-0.5975766,low-ebb,low-ebb,low-ebb,low-ebb
2026-07-26 19:10:00,-0.63278615,-0.65450907,-0.6171282,-0.62138695,low-ebb,low-ebb,low-ebb,low-ebb
2026-07-26 19:20:00,-0.64832866,-0.6798799,-0.63527185,-0.64022195,low-ebb,low-ebb,low-ebb,low-ebb
2026-07-26 19:30:00,-0.6586874,-0.69978523,-0.648292,-0.65390354,low-ebb,low-ebb,low-ebb,low-ebb
2026-07-26 19:40:00,-0.6637663,-0.7140304,-0.6560541,-0.662293,low-ebb,low-ebb,low-ebb,low-ebb
2026-07-26 19:50:00,-0.6635085,-0.7224575,-0.6584633,-0.66529197,low-ebb,low-ebb,low-ebb,low-ebb
2026-07-26 20:00:00,-0.65789557,-0.724948,-0.65546536,-0.6628423,low-flow,low-ebb,low-flow,low-flow
2026-07-26 20:10:00,-0.6469475,-0.7214239,-0.64704627,-0.6549265,low-flow,low-flow,low-flow,low-flow
2026-07-26 20:20:00,-0.6307211,-0.711851,-0.6332323,-0.6415675,low-flow,low-flow,low-flow,low-flow
2026-07-26 20:30:00,-0.60930926,-0.69623995,-0.61408913,-0.6228279,low-flow,low-flow,low-flow,low-flow
2026-07-26 20:40:00,-0.5828395,-0.674649,-0.5897212,-0.59880924,low-flow,low-flow,low-flow,low-flow
2026-07-26 20:50:00,-0.5514726,-0.64718443,-0.56027067,-0.56965095,low-flow,low-flow,low-flow,low-flow
2026-07-26 21:00:00,-0.5154011,-0.6140016,-0.5259158,-0.53552896,low-flow,low-flow,low-flow,low-flow
2026-07-26 21:10:00,-0.4748475,-0.5753041,-0.48686963,-0.49665427,low-flow,low-flow,low-flow,low-flow
2026-07-26 21:20:00,-0.43006256,-0.531343,-0.4433783,-0.4532711,low-flow,low-flow,low-flow,low-flow
2026-07-26 21:30:00,-0.38132378,-0.48241416,-0.3957188,-0.4056551,low-flow,low-flow,low-flow,low-flow
2026-07-26 21:40:00,-0.32893333,-0.42885545,-0.34419724,-0.35411125,low-flow,low-flow,low-flow,low-flow
2026-07-26 21:50:00,-0.27321637,-0.37104288,-0.28914642,-0.29897174,low-flow,low-flow,low-flow,low-flow
2026-07-26 22:00:00,-0.21451914,-0.30938634,-0.23092371,-0.24059352,low-flow,low-flow,low-flow,low-flow
2026-07-26 22:10:00,-0.15320724,-0.24432498,-0.16990846,-0.17935613,low-flow,low-flow,low-flow,low-flow
2026-07-26 22:20:00,-0.089663565,-0.17632234,-0.10649963,-0.115659066,low-flow,low-flow,low-flow,low-flow
2026-07-26 22:30:00,-0.024286546,-0.10586181,-0.041113164,-0.049919274,low-flow,low-flow,low-flow,low-flow
2026-07-26 22:40:00,0.042511843,-0.03344198,0.02582054,0.017431397,high-flow,low-flow,high-flow,high-flow
2026-07-26 22:50:00,0.11030806,0.040427424,0.09385935,0.08594891,high-flow,high-flow,high-flow,high-flow
2026-07-26 23:00:00,0.17866904,0.11522936,0.16255209,0.15517966,high-flow,high-flow,high-flow,high-flow
2026-07-26 23:10:00,0.24715427,0.19044289,0.23144118,0.22466329,high-flow,high-flow,high-flow,high-flow
2026-07-26 23:20:00,0.31531805,0.2655463,0.3000655,0.2939353,high-flow,high-flow,high-flow,high-flow
2026-07-26 23:30:00,0.38271168,0.34001988,0.36796305,0.36252996,high-flow,high-flow,high-flow,high-flow
2026-07-26 23:40:00,0.4488859,0.4133488,0.43467376,0.42998302,high-flow,high-flow,high-flow,high-flow
2026-07-26 23:50:00,0.5133934,0.48502567,0.49974224,0.4958344,high-flow,high-flow,high-flow,high-flow
2026-07-27 00:00:00,0.57579136,0.55455357,0.56272066,0.5596313,high-flow,high-flow,high-flow,high-flow
2026-07-27 00:10:00,0.6356442,0.6214487,0.6231713,0.6209307,high-flow,high-flow,high-flow,high-flow
2026-07-27 00:20:00,0.6925263,0.6852438,0.6806697,0.6793021,high-flow,high-flow,high-flow,high-flow
2026-07-27 00:30:00,0.746025,0.74549127,0.7348069,0.7343308,high-flow,high-flow,high-flow,high-flow
2026-07-27 00:40:00,0.7957436,0.80176646,0.78519255,0.7856199,high-flow,high-flow,high-flow,high-flow
2026-07-27 00:50:00,0.8413041,0.85367125,0.8314573,0.8327938,high-flow,high-flow,high-flow,high-flow
2026-07-27 01:00:00,0.88235074,0.9008368,0.87325567,0.87550014,high-flow,high-flow,high-flow,high-flow
2026-07-27 01:10:00,0.9185526,0.9429268,0.91026825,0.91341275,high-flow,high-flow,high-flow,high-flow
2026-07-27 01:20:00,0.94960666,0.9796395,0.9422045,0.9462342,high-flow,high-flow,high-flow,high-flow
2026-07-27 01:30:00,0.97524107,1.0107096,0.96880466,0.97369796,high-flow,high-flow,high-flow,high-flow
2026-07-27 01:40:00,0.9952175,1.0359101,0.9898422,0.9955706,high-flow,high-flow,high-flow,high-flow
2026-07-27 01:50:00,1.0093342,1.0550522,1.0051259,1.0116541,high-flow,high-flow,high-flow,high-flow
2026-07-27 02:00:00,1.017428,1.0679854,1.0145012,1.0217875,high-flow,high-flow,high-flow,high-flow
2026-07-27 02:10:00,1.0193772,1.0745978,1.0178525,1.025849,high-flow,high-flow,high-flow,high-flow
2026-07-27 02:20:00,1.0151024,1.0748149,1.0151042,1.0237566,high-ebb,high-flow,high-ebb,high-ebb
2026-07-27 02:30:00,1.004569,1.068599,1.0062215,1.0154704,high-ebb,high-ebb,high-ebb,high-ebb
2026-07-27 02:40:00,0.9877884,1.055948,0.99121195,1.0009922,high-ebb,high-ebb,high-ebb,high-ebb
2026-07-27 02:50:00,0.96481776,1.0368956,0.97012544,0.9803674,high-ebb,high-ebb,high-ebb,high-ebb
2026-07-27 03:00:00,0.9357616,1.0115106,0.9430548,0.9536845,high-ebb,high-ebb,high-ebb,high-ebb
2026-07-27 03:10:00,0.90077084,0.9798974,0.91013527,0.9210751,high-ebb,high-ebb,high-ebb,high-ebb
2026-07-27 03:20:00,0.8600428,0.94219637,0.8715445,0.88271374,high-ebb,high-ebb,high-ebb,high-ebb
2026-07-27 03:30:00,0.8138199,0.8985857,0.8275014,0.8388168,high-ebb,high-ebb,high-ebb,high-ebb
2026-07-27 03:40:00,0.7623879,0.849282,0.77826524,0.78964186,high-ebb,high-ebb,high-ebb,high-ebb
2026-07-27 03:50:00,0.70607436,0.7945424,0.7241338,0.73548555,high-ebb,high-ebb,high-ebb,high-ebb
2026-07-27 04:00:00,0.645246,0.73466533,0.66544163,0.6766822,high-ebb,high-ebb,high-ebb,high-ebb
2026-07-27 04:10:00,0.5803058,0.66999197,0.60255796,0.61360115,high-ebb,high-ebb,high-ebb,high-ebb
2026-07-27 04:20:00,0.51168966,0.60090595,0.5358837,0.5466447,high-ebb,high-ebb,high-ebb,high-ebb
2026-07-27 04:30:00,0.4398629,0.5278328,0.4658491,0.4762447,high-ebb,high-ebb,high-ebb,high-ebb
2026-07-27 04:40:00,0.36531627,0.45123842,0.39291003,0.40285966,high-ebb,high-ebb,high-ebb,high-ebb
2026-07-27 04:50:00,0.2885616,0.3716257,0.31754485,0.3269712,high-ebb,high-ebb,high-ebb,high-ebb
2026-07-27 05:00:00,0.21012747,0.28953058,0.24025069,0.2490803,high-ebb,high-ebb,high-ebb,high-ebb
2026-07-27 05:10:00,0.13055456,0.20551676,0.16153947,0.16970351,high-ebb,high-ebb,high-ebb,high-ebb
2026-07-27 05:20:00,0.050390895,0.1201694,0.081934,0.0893688,high-ebb,high-ebb,high-ebb,high-ebb
2026-07-27 05:30:00,-0.029812798,0.03408829,0.0019637765,0.008611393,low-ebb,high-ebb,high-ebb,high-ebb
2026-07-27 05:40:00,-0.10950795,-0.05211959,-0.07783918,-0.072030425,low-ebb,low-ebb,low-ebb,low-ebb
2026-07-27 05:50:00,-0.18815273,-0.13784742,-0.15694456,-0.15201965,low-ebb,low-ebb,low-ebb,low-ebb
2026-07-27 06:00:00,-0.2652166,-0.22249575,-0.23482797,-0.23082478,low-ebb,low-ebb,low-ebb,low-ebb
2026-07-27 06:10:00,-0.3401846,-0.30547908,-0.31097507,-0.307924,low-ebb,low-ebb,low-ebb,low-ebb
2026-07-27 06:20:00,-0.4125615,-0.38623175,-0.38488552,-0.38280937,low-ebb,low-ebb,low-ebb,low-ebb
2026-07-27 06:30:00,-0.4818756,-0.46421295,-0.456077,-0.45499057,low-ebb,low-ebb,low-ebb,low-ebb
2026-07-27 06:40:00,-0.5476822,-0.53891045,-0.52408874,-0.52399886,low-ebb,low-ebb,low-ebb,low-ebb
2026-07-27 06:50:00,-0.6095668,-0.6098436,-0.5884851,-0.5893905,low-ebb,low-ebb,low-ebb,low-ebb
2026-07-27 07:00:00,-0.66714776,-0.6765654,-0.64885855,-0.65075004,low-ebb,low-ebb,low-ebb,low-ebb
2026-07-27 07:10:00,-0.7200789,-0.73866343,-0.7048329,-0.7076933,low-ebb,low-ebb,low-ebb,low-ebb
2026-07-27 07:20:00,-0.7680512,-0.7957608,-0.7560656,-0.75986993,low-ebb,low-ebb,low-ebb,low-ebb
2026-07-27 07:30:00,-0.8107947,-0.84751654,-0.8022502,-0.806966,low-ebb,low-ebb,low-ebb,low-ebb
2026-07-27 07:40:00,-0.84807944,-0.8936257,-0.84311825,-0.8487059,low-ebb,low-ebb,low-ebb,low-ebb
2026-07-27 07:50:00,-0.87971646,-0.93381983,-0.8784407,-0.8848538,low-ebb,low-ebb,low-ebb,low-ebb
2026-07-27 08:00:00,-0.90555805,-0.96786785,-0.9080293,-0.9152151,low-ebb,low-ebb,low-ebb,low-ebb
2026-07-27 08:10:00,-0.92549795,-0.99557704,-0.9317377,-0.9396374,low-ebb,low-ebb,low-ebb,low-ebb
2026-07-27 08:20:00,-0.9394711,-1.0167943,-0.94946134,-0.9580111,low-ebb,low-ebb,low-ebb,low-ebb
2026-07-27 08:30:00,-0.9474532,-1.0314083,-0.9611383,-0.97026926,low-ebb,low-ebb,low-ebb,low-ebb
2026-07-27 08:40:00,-0.9494596,-1.0393509,-0.9667488,-0.9763881,low-ebb,low-ebb,low-ebb,low-ebb
2026-07-27 08:50:00,-0.94554466,-1.0405996,-0.9663146,-0.976386,low-flow,low-ebb,low-ebb,low-ebb
2026-07-27 09:00:00,-0.9358004,-1.0351791,-0.9598988,-0.97032326,low-flow,low-flow,low-flow,low-flow
2026-07-27 09:10:00,-0.9203547,-1.0231624,-0.9476044,-0.9583007,low-flow,low-flow,low-flow,low-flow
2026-07-27 09:20:00,-0.8993706,-1.0046717,-0.9295731,-0.9404588,low-flow,low-flow,low-flow,low-flow
2026-07-27 09:30:00,-0.8730438,-0.97987854,-0.90598387,-0.9169758,low-flow,low-flow,low-flow,low-flow
2026-07-27 09:40:00,-0.8416014,-0.94900256,-0.8770512,-0.8880663,low-flow,low-flow,low-flow,low-flow
2026-07-27 09:50:00,-0.8052999,-0.91230977,-0.84302336,-0.8539793,low-flow,low-flow,low-flow,low-flow
2026-07-27 10:00:00,-0.7644235,-0.87011,-0.80418015,-0.8149961,low-flow,low-flow,low-flow,low-flow
2026-07-27 10:10:00,-0.7192821,-0.8227534,-0.76083106,-0.77142817,low-flow,low-flow,low-flow,low-flow
2026-07-27 10:20:00,-0.6702093,-0.77062666,-0.71331245,-0.72361475,low-flow,low-flow,low-flow,low-flow
2026-07-27 10:30:00,-0.6175607,-0.7141481,-0.6619858,-0.6719205,low-flow,low-flow,low-flow,low-flow
2026-07-27 10:40:00,-0.56171155,-0.6537634,-0.6072347,-0.6167329,low-flow,low-flow,low-flow,low-flow
2026-07-27 10:50:00,-0.50305516,-0.5899411,-0.5494626,-0.5584597,low-flow,low-flow,low-flow,low-flow
2026-07-27 11:00:00,-0.44200057,-0.5231676,-0.4890901,-0.49752635,low-flow,low-flow,low-flow,low-flow
2026-07-27 11:10:00,-0.37897065,-0.45394343,-0.42655224,-0.43437305,low-flow,low-flow,low-flow,low-flow
2026-07-27 11:20:00,-0.31439984,-0.38277927,-0.36229587,-0.3694523,low-flow,low-flow,low-flow,low-flow
2026-07-27 11:30:00,-0.24873206,-0.31019232,-0.296777,-0.30322582,low-flow,low-flow,low-flow,low-flow
2026-07-27 11:40:00,-0.18241842,-0.23670346,-0.23045786,-0.2361619,low-flow,low-flow,low-flow,low-flow
2026-07-27 11:50:00,-0.11591487,-0.16283418,-0.16380417,-0.16873257,low-flow,low-flow,low-flow,low-flow
2026-07-27 12:00:00,-0.049679738,-0.089104004,-0.097282454,-0.10141061,low-flow,low-flow,low-flow,low-flow
2026-07-27 12:10:00,0.015828773,-0.016027868,-0.031357028,-0.034666743,high-flow,low-flow,low-flow,low-flow
2026-07-27 12:20:00,0.080155246,0.05588665,0.033512693,0.031033244,high-flow,high-flow,high-flow,high-flow
2026-07-27 12:30:00,0.1428498,0.12614211,0.09687509,0.095231414,high-flow,high-flow,high-flow,high-flow
2026-07-27 12:40:00,0.20347092,0.19425432,0.15828915,0.15748055,high-flow,high-flow,high-flow,high-flow
2026-07-27 12:50:00,0.2615884,0.25975552,0.21732731,0.21734706,high-flow,high-flow,high-flow,high-flow
2026-07-27 13:00:00,0.31678632,0.3221978,0.27357826,0.27441373,high-flow,high-flow,high-flow,high-flow
2026-07-27 13:10:00,0.36866623,0.38115656,0.3266496,0.32828268,high-flow,high-flow,high-flow,high-flow
2026-07-27 13:20:00,0.41685003,0.4362339,0.3761708,0.378578,high-flow,high-flow,high-flow,high-flow
2026-07-27 13:30:00,0.4609833,0.4870618,0.4217956,0.42494845,high-flow,high-flow,high-flow,high-flow
2026-07-27 13:40:00,0.5007382,0.533305,0.46320468,0.4670701,high-flow,high-flow,high-flow,high-flow
2026-07-27 13:50:00,0.5358165,0.57466316,0.5001082,0.5046488,high-flow,high-flow,high-flow,high-flow
2026-07-27 14:00:00,0.5659526,0.6108731,0.5322479,0.5374225,high-flow,high-flow,high-flow,high-flow
2026-07-27 14:10:00,0.5909161,0.6417093,0.5593996,0.5651635,high-flow,high-flow,high-flow,high-flow
2026-07-27 14:20:00,0.6105144,0.66698533,0.58137506,0.58768046,high-flow,high-flow,high-flow,high-flow
2026-07-27 14:30:00,0.62459517,0.6865532,0.59802365,0.60482013,high-flow,high-flow,high-flow,high-flow
2026-07-27 14:40:00,0.6330481,0.7003032,0.609234,0.616469,high-flow,high-flow,high-flow,high-flow
2026-07-27 14:50:00,0.63580686,0.7081637,0.6149355,0.62255466,high-flow,high-flow,high-flow,high-flow
2026-07-27 15:00:00,0.63285035,0.7101,0.61509913,0.62304664,high-ebb,high-flow,high-flow,high-flow
2026-07-27 15:10:00,0.62420356,0.70611405,0.6097382,0.6179573,high-ebb,high-ebb,high-ebb,high-ebb
2026-07-27 15:20:00,0.6099382,0.69624406,0.5989087,0.6073421,high-ebb,high-ebb,high-ebb,high-ebb
2026-07-27 15:30:00,0.59017295,0.68056464,0.58270967,0.5912999,high-ebb,high-ebb,high-ebb,high-ebb
2026-07-27 15:40:00,0.56507266,0.6591872,0.5612825,0.5699721,high-ebb,high-ebb,high-ebb,high-ebb
2026-07-27 15:50:00,0.53484774,0.6322609,0.5348105,0.5435427,high-ebb,high-ebb,high-ebb,high-ebb
2026-07-27 16:00:00,0.4997528,0.59997386,0.5035177,0.5122364,high-ebb,high-ebb,high-ebb,high-ebb
2026-07-27 16:10:00,0.46008477,0.5625543,0.4676676,0.4763179,high-ebb,high-ebb,high-ebb,high-ebb
2026-07-27 16:20:00,0.41618058,0.5202721,0.42756125,0.43608963,high-ebb,high-ebb,high-ebb,high-ebb
2026-07-27 16:30:00,0.36841434,0.4734393,0.38353506,0.39188966,high-ebb,high-ebb,high-ebb,high-ebb
2026-07-27 16:40:00,0.31719437,0.42241102,0.33595833,0.34408918,high-ebb,high-ebb,high-ebb,high-ebb
2026-07-27 16:50:00,0.2629594,0.36758438,0.28523046,0.29308966,high-ebb,high-ebb,high-ebb,high-ebb
2026-07-27 17:00:00,0.20617487,0.30939737,0.23177762,0.2393196,high-ebb,high-ebb,high-ebb,high-ebb
2026-07-27 17:10:00,0.14732857,0.24832606,0.17604946,0.18323106,high-ebb,high-ebb,high-ebb,high-ebb
2026-07-27 17:20:00,0.086926326,0.18488078,0.11851532,0.12529606,high-ebb,high-ebb,high-ebb,high-ebb
2026-07-27 17:30:00,0.025487317,0.119601086,0.059660424,0.06600251,high-ebb,high-ebb,high-ebb,high-ebb
2026-07-27 17:40:00,-0.036460686,0.053049657,-1.8285327e-05,0.0058502518,low-ebb,high-ebb,low-ebb,high-ebb
2026-07-27 17:50:00,-0.098386124,-0.01419451,-0.060016282,-0.054653224,low-ebb,low-ebb,low-ebb,low-ebb
2026-07-27 18:00:00,-0.15975848,-0.08154357,-0.11982574,-0.11499703,low-ebb,low-ebb,low-ebb,low-ebb
2026-07-27 18:10:00,-0.22005303,-0.14840846,-0.17893986,-0.17467123,low-ebb,low-ebb,low-ebb,low-ebb
2026-07-27 18:20:00,-0.27875558,-0.21420638,-0.23685715,-0.2331711,low-ebb,low-ebb,low-ebb,low-ebb
2026-07-27 18:30:00,-0.3353668,-0.278368,-0.2930856,-0.29000142,low-ebb,low-ebb,low-ebb,low-ebb
2026-07-27 18:40:00,-0.38940665,-0.34034368,-0.34714693,-0.34468055,low-ebb,low-ebb,low-ebb,low-ebb
2026-07-27 18:50:00,-0.44041824,-0.39960912,-0.3985805,-0.39674446,low-ebb,low-ebb,low-ebb,low-ebb
2026-07-27 19:00:00,-0.48797166,-0.45566967,-0.44694698,-0.4457505,low-ebb,low-ebb,low-ebb,low-ebb
2026-07-27 19:10:00,-0.5316672,-0.5080638,-0.49183214,-0.491281,low-ebb,low-ebb,low-ebb,low-ebb
2026-07-27 19:20:00,-0.5711382,-0.55636525,-0.53284997,-0.53294647,low-ebb,low-ebb,low-ebb,low-ebb
2026-07-27 19:30:00,-0.606054,-0.6001847,-0.56964564,-0.5703886,low-ebb,low-ebb,low-ebb,low-ebb
2026-07-27 19:40:00,-0.63612175,-0.6391703,-0.60189843,-0.6032832,low-ebb,low-ebb,low-ebb,low-ebb
2026-07-27 19:50:00,-0.66108817,-0.6730081,-0.6293237,-0.6313423,low-ebb,low-ebb,low-ebb,low-ebb
2026-07-27 20:00:00,-0.6807412,-0.7014219,-0.6516752,-0.654316,low-ebb,low-ebb,low-ebb,low-ebb
2026-07-27 20:10:00,-0.6949105,-0.7241735,-0.66874665,-0.67199457,low-ebb,low-ebb,low-ebb,low-ebb
2026-07-27 20:20:00,-0.70346844,-0.7410627,-0.6803727,-0.6842092,low-ebb,low-ebb,low-ebb,low-ebb
2026-07-27 20:30:00,-0.7063298,-0.751928,-0.68643016,-0.6908335,low-ebb,low-ebb,low-ebb,low-ebb
2026-07-27 20:40:00,-0.703452,-0.7566474,-0.68683845,-0.6917833,low-flow,low-ebb,low-ebb,low-ebb
2026-07-27 20:50:00,-0.6948341,-0.7551397,-0.68155974,-0.68701756,low-flow,low-ebb,low-flow,low-flow
2026-07-27 21:00:00,-0.68051666,-0.74736595,-0.6705987,-0.67653775,low-flow,low-flow,low-flow,low-flow
2026-07-27 21:10:00,-0.66058004,-0.73333126,-0.6540022,-0.6603876,low-flow,low-flow,low-flow,low-flow
2026-07-27 21:20:00,-0.6351436,-0.71308607,-0.63185835,-0.6386522,low-flow,low-flow,low-flow,low-flow
2026-07-27 21:30:00,-0.60436374,-0.6867276,-0.6042956,-0.61145705,low-flow,low-flow,low-flow,low-flow
2026-07-27 21:40:00,-0.5684327,-0.6544007,-0.5714813,-0.57896686,low-flow,low-flow,low-flow,low-flow
2026-07-27 21:50:00,-0.52757645,-0.6162979,-0.5336201,-0.54138374,low-flow,low-flow,low-flow,low-flow
2026-07-27 22:00:00,-0.48205304,-0.57265866,-0.4909524,-0.49894562,low-flow,low-flow,low-flow,low-flow
2026-07-27 22:10:00,-0.4321504,-0.5237681,-0.44375208,-0.45192435,low-flow,low-flow,low-flow,low-flow
2026-07-27 22:20:00,-0.37818447,-0.4699545,-0.3923247,-0.40062353,low-flow,low-flow,low-flow,low-flow
2026-07-27 22:30:00,-0.32049707,-0.41158617,-0.33700496,-0.34537628,low-flow,low-flow,low-flow,low-flow
2026-07-27 22:40:00,-0.25945368,-0.34906775,-0.2781545,-0.28654295,low-flow,low-flow,low-flow,low-flow
2026-07-27 22:50:00,-0.19544145,-0.28283593,-0.21615934,-0.22450855,low-flow,low-flow,low-flow,low-flow
2026-07-27 23:00:00,-0.12886696,-0.21335497,-0.15142742,-0.15968035,low-flow,low-flow,low-flow,low-flow
2026-07-27 23:10:00,-0.06015399,-0.14111188,-0.08438579,-0.092485115,low-flow,low-flow,low-flow,low-flow
2026-07-27 23:20:00,0.010258615,-0.06661205,-0.015478048,-0.023366533,high-flow,low-flow,low-flow,low-flow
2026-07-27 23:30:00,0.08191927,0.009625147,0.054838445,0.04721754,high-flow,high-flow,high-flow,high-flow
2026-07-27 23:40:00,0.15436587,0.087070316,0.12609534,0.11879786,high-flow,high-flow,high-flow,high-flow
2026-07-27 23:50:00,0.2271282,0.16518764,0.19781612,0.19089659,high-flow,high-flow,high-flow,high-flow
2026-07-28 00:00:00,0.29973024,0.24343818,0.2695189,0.2630301,high-flow,high-flow,high-flow,high-flow
2026-07-28 00:10:00,0.37169275,0.32128274,0.34071943,0.33471194,high-flow,high-flow,high-flow,high-flow
2026-07-28 00:20:00,0.4425357,0.39818472,0.41093373,0.40545556,high-flow,high-flow,high-flow,high-flow
2026-07-28 00:30:00,0.5117809,0.4736126,0.47968122,0.47477734,high-flow,high-flow,high-flow,high-flow
2026-07-28 00:40:00,0.5789549,0.54704285,0.5464875,0.5421994,high-flow,high-flow,high-flow,high-flow
2026-07-28 00:50:00,0.64359146,0.61796254,0.6108873,0.6072526,high-flow,high-flow,high-flow,high-flow
2026-07-28 01:00:00,0.7052347,0.6858726,0.6724273,0.6694794,high-flow,high-flow,high-flow,high-flow
2026-07-28 01:10:00,0.76344216,0.75029075,0.73066926,0.72843707,high-flow,high-flow,high-flow,high-flow
2026-07-28 01:20:00,0.8177874,0.8107553,0.78519255,0.7836999,high-flow,high-flow,high-flow,high-flow
2026-07-28 01:30:00,0.86786366,0.8668286,0.8355973,0.8348629,high-flow,high-flow,high-flow,high-flow
2026-07-28 01:40:00,0.9132863,0.91810066,0.881507,0.88154405,high-flow,high-flow,high-flow,high-flow
2026-07-28 01:50:00,0.9536966,0.96419257,0.9225713,0.92338735,high-flow,high-flow,high-flow,high-flow
2026-07-28 02:00:00,0.98876446,1.0047598,0.9584688,0.96006536,high-flow,high-flow,high-flow,high-flow
2026-07-28 02:10:00,1.0181913,1.0394953,0.98890924,0.99128205,high-flow,high-flow,high-flow,high-flow
2026-07-28 02:20:00,1.0417134,1.0681313,1.0136364,1.0167749,high-flow,high-flow,high-flow,high-flow
2026-07-28 02:30:00,1.0591041,1.0904413,1.0324297,1.0363175,high-flow,high-flow,high-flow,high-flow
2026-07-28 02:40:00,1.070177,1.1062412,1.0451071,1.0497214,high-flow,high-flow,high-flow,high-flow
2026-07-28 02:50:00,1.0747879,1.1153893,1.0515263,1.0568386,high-flow,high-flow,high-flow,high-flow
2026-07-28 03:00:00,1.0728368,1.117787,1.0515867,1.0575626,high-ebb,high-flow,high-flow,high-flow
2026-07-28 03:10:00,1.0642699,1.1133777,1.0452309,1.0518303,high-ebb,high-ebb,high-ebb,high-ebb
2026-07-28 03:20:00,1.0490812,1.1021464,1.0324453,1.0396227,high-ebb,high-ebb,high-ebb,high-ebb
2026-07-28 03:30:00,1.0273128,1.0841192,1.0132613,1.0209662,high-ebb,high-ebb,high-ebb,high-ebb
2026-07-28 03:40:00,0.999056,1.0593626,0.98775566,0.9959329,high-ebb,high-ebb,high-ebb,high-ebb
2026-07-28 03:50:00,0.96445143,1.0279833,0.9560506,0.9646406,high-ebb,high-ebb,high-ebb,high-ebb
2026-07-28 04:00:00,0.92368853,0.99012786,0.9183133,0.9272528,high-ebb,high-ebb,high-ebb,high-ebb
2026-07-28 04:10:00,0.87700486,0.9459839,0.87475556,0.88397795,high-ebb,high-ebb,high-ebb,high-ebb
2026-07-28 04:20:00,0.8246845,0.8957801,0.82563233,0.83506817,high-ebb,high-ebb,high-ebb,high-ebb
2026-07-28 04:30:00,0.7670566,0.8397873,0.7712408,0.7808184,high-ebb,high-ebb,high-ebb,high-ebb
2026-07-28 04:40:00,0.7044928,0.7783197,0.7119179,0.72156405,high-ebb,high-ebb,high-ebb,high-ebb
2026-07-28 04:50:00,0.6374047,0.7117351,0.64803845,0.65767896,high-ebb,high-ebb,high-ebb,high-ebb
2026-07-28 05:00:00,0.5662404,0.6404352,0.5800127,0.5895729,high-ebb,high-ebb,high-ebb,high-ebb
2026-07-28 05:10:00,0.49148107,0.5648653,0.50828284,0.5176886,high-ebb,high-ebb,high-ebb,high-ebb
2026-07-28 05:20:00,0.41363707,0.4855123,0.4333202,0.44249815,high-ebb,high-ebb,high-ebb,high-ebb
2026-07-28 05:30:00,0.33324334,0.40290263,0.35562143,0.3644999,high-ebb,high-ebb,high-ebb,high-ebb
2026-07-28 05:40:00,0.25085512,0.31759816,0.27570465,0.28421423,high-ebb,high-ebb,high-ebb,high-ebb
2026-07-28 05:50:00,0.1670431,0.23019136,0.19410552,0.20217957,high-ebb,high-ebb,high-ebb,high-ebb
2026-07-28 06:00:00,0.0823884,0.14129913,0.11137276,0.118948154,high-ebb,high-ebb,high-ebb,high-ebb
2026-07-28 06:10:00,-0.0025223326,0.051555924,0.028063932,0.035081577,low-ebb,high-ebb,high-ebb,high-ebb
2026-07-28 06:20:00,-0.08710202,-0.038393885,-0.055259127,-0.048853785,low-ebb,low-ebb,low-ebb,low-ebb
2026-07-28 06:30:00,-0.17076819,-0.127904,-0.1380348,-0.13229129,low-ebb,low-ebb,low-ebb,low-ebb
2026-07-28 06:40:00,-0.25294784,-0.21633412,-0.21970628,-0.21466863,low-ebb,low-ebb,low-ebb,low-ebb
2026-07-28 06:50:00,-0.3330823,-0.30305767,-0.2997259,-0.2954323,low-ebb,low-ebb,low-ebb,low-ebb
2026-07-28 07:00:00,-0.41063166,-0.38746867,-0.37755963,-0.37404206,low-ebb,low-ebb,low-ebb,low-ebb
2026-07-28 07:10:00,-0.4850792,-0.468988,-0.45269123,-0.44997522,low-ebb,low-ebb,low-ebb,low-ebb
2026-07-28 07:20:00,-0.5559353,-0.5470684,-0.52462626,-0.52273065,low-ebb,low-ebb,low-ebb,low-ebb
2026-07-28 07:30:00,-0.6227413,-0.6211984,-0.59289575,-0.5918326,low-ebb,low-ebb,low-ebb,low-ebb
2026-07-28 07:40:00,-0.6850722,-0.69090515,-0.65705997,-0.6568344,low-ebb,low-ebb,low-ebb,low-ebb
2026-07-28 07:50:00,-0.74254036,-0.7557562,-0.71671146,-0.71732163,low-ebb,low-ebb,low-ebb,low-ebb
2026-07-28 08:00:00,-0.7947973,-0.81536025,-0.77147776,-0.7729151,low-ebb,low-ebb,low-ebb,low-ebb
2026-07-28 08:10:00,-0.84153605,-0.86936754,-0.8210243,-0.8232734,low-ebb,low-ebb,low-ebb,low-ebb
2026-07-28 08:20:00,-0.88249266,-0.91746986,-0.86505616,-0.86809516,low-ebb,low-ebb,low-ebb,low-ebb
2026-07-28 08:30:00,-0.9174474,-0.95939976,-0.9033202,-0.9071209,low-ebb,low-ebb,low-ebb,low-ebb
2026-07-28 08:40:00,-0.94622535,-0.99493086,-0.93560624,-0.9401343,low-ebb,low-ebb,low-ebb,low-ebb
2026-07-28 08:50:00,-0.9686971,-1.0238773,-0.9617481,-0.9669636,low-ebb,low-ebb,low-ebb,low-ebb
2026-07-28 09:00:00,-0.9847783,-1.0460945,-0.9816243,-0.98748213,low-ebb,low-ebb,low-ebb,low-ebb
2026-07-28 09:10:00,-0.9944296,-1.0614799,-0.9951583,-1.0016085,low-ebb,low-ebb,low-ebb,low-ebb
2026-07-28 09:20:00,-0.99765587,-1.0699733,-1.0023184,-1.0093067,low-ebb,low-ebb,low-ebb,low-ebb
2026-07-28 09:30:00,-0.99450505,-1.071559,-1.0031172,-1.0105857,low-flow,low-ebb,low-ebb,low-ebb
2026-07-28 09:40:00,-0.98506707,-1.0662663,-0.9976113,-1.0054985,low-flow,low-flow,low-flow,low-flow
2026-07-28 09:50:00,-0.96947235,-1.0541714,-0.98589957,-0.9941418,low-flow,low-flow,low-flow,low-flow
2026-07-28 10:00:00,-0.9478899,-1.0353975,-0.96812236,-0.9766537,low-flow,low-flow,low-flow,low-flow
2026-07-28 10:10:00,-0.92052585,-1.0101157,-0.94446,-0.953213,low-flow,low-flow,low-flow,low-flow
2026-07-28 10:20:00,-0.8876211,-0.978544,-0.91513044,-0.924037,low-flow,low-flow,low-flow,low-flow
2026-07-28 10:30:00,-0.84944963,-0.9409465,-0.880388,-0.8893797,low-flow,low-flow,low-flow,low-flow
2026-07-28 10:40:00,-0.80631596,-0.8976315,-0.8405208,-0.84952945,low-flow,low-flow,low-flow,low-flow
2026-07-28 10:50:00,-0.7585532,-0.8489483,-0.7958485,-0.80480695,low-flow,low-flow,low-flow,low-flow
2026-07-28 11:00:00,-0.70652074,-0.7952841,-0.7467199,-0.75556266,low-flow,low-flow,low-flow,low-flow
2026-07-28 11:10:00,-0.6506019,-0.73706007,-0.69351065,-0.70217407,low-flow,low-flow,low-flow,low-flow
2026-07-28 11:20:00,-0.59120166,-0.6747266,-0.63662034,-0.64504343,low-flow,low-flow,low-flow,low-flow
2026-07-28 11:30:00,-0.5287442,-0.6087592,-0.5764701,-0.58459467,low-flow,low-flow,low-flow,low-flow
2026-07-28 11:40:00,-0.4636708,-0.53965396,-0.5134994,-0.5212709,low-flow,low-flow,low-flow,low-flow
2026-07-28 11:50:00,-0.39643708,-0.4679229,-0.4481638,-0.45553133,low-flow,low-flow,low-flow,low-flow
2026-07-28 12:00:00,-0.32751092,-0.39409035,-0.38093185,-0.38784868,low-flow,low-flow,low-flow,low-flow
2026-07-28 12:10:00,-0.2573698,-0.3186891,-0.31228217,-0.31870598,low-flow,low-flow,low-flow,low-flow
2026-07-28 12:20:00,-0.18649828,-0.24225716,-0.24270065,-0.24859376,low-flow,low-flow,low-flow,low-flow
2026-07-28 12:30:00,-0.11538558,-0.16533478,-0.17267749,-0.17800708,low-flow,low-flow,low-flow,low-flow
2026-07-28 12:40:00,-0.044522796,-0.08846175,-0.1027043,-0.10744253,low-flow,low-flow,low-flow,low-flow
2026-07-28 12:50:00,0.025599727,-0.01217478,-0.033271115,-0.037395168,high-flow,low-flow,low-flow,low-flow
2026-07-28 13:00:00,0.09449521,0.06299507,0.035136573,0.03164441,high-flow,high-flow,high-flow,high-flow
2026-07-28 13:10:00,0.16168325,0.13652511,0.102040805,0.099193156,high-flow,high-flow,high-flow,high-flow
2026-07-28 13:20:00,0.22669283,0.20790395,0.16697408,0.16477856,high-flow,high-flow,high-flow,high-flow
2026-07-28 13:30:00,0.2890652,0.27663466,0.22948241,0.2279417,high-flow,high-flow,high-flow,high-flow
2026-07-28 13:40:00,0.34835717,0.3422382,0.28912818,0.2882402,high-flow,high-flow,high-flow,high-flow
2026-07-28 13:50:00,0.40414393,0.40425697,0.34549314,0.34525117,high-flow,high-flow,high-flow,high-flow
2026-07-28 14:00:00,0.45602235,0.46225885,0.39818126,0.3985742,high-flow,high-flow,high-flow,high-flow
2026-07-28 14:10:00,0.5036141,0.51584053,0.44682154,0.4478342,high-flow,high-flow,high-flow,high-flow
2026-07-28 14:20:00,0.5465688,0.56463146,0.4910708,0.49268398,high-flow,high-flow,high-flow,high-flow
2026-07-28 14:30:00,0.58456695,0.6082968,0.5306163,0.53280723,high-flow,high-flow,high-flow,high-flow
2026-07-28 14:40:00,0.61732286,0.6465403,0.5651781,0.5679208,high-flow,high-flow,high-flow,high-flow
2026-07-28 14:50:00,0.6445876,0.67910665,0.5945118,0.59777725,high-flow,high-flow,high-flow,high-flow
2026-07-28 15:00:00,0.6661515,0.7057827,0.61841035,0.6221668,high-flow,high-flow,high-flow,high-flow
2026-07-28 15:10:00,0.6818468,0.7263989,0.6367061,0.64091957,high-flow,high-flow,high-flow,high-flow
2026-07-28 15:20:00,0.6915493,0.740829,0.64927286,0.6539073,high-flow,high-flow,high-flow,high-flow
2026-07-28 15:30:00,0.69518065,0.7489905,0.6560269,0.66104454,high-flow,high-flow,high-flow,high-flow
2026-07-28 15:40:00,0.6927096,0.7508439,0.6569285,0.6622902,high-ebb,high-flow,high-flow,high-flow
2026-07-28 15:50:00,0.6841534,0.74639213,0.65198255,0.65764827,high-ebb,high-ebb,high-ebb,high-ebb
2026-07-28 16:00:00,0.6695778,0.73567986,0.6412394,0.6471682,high-ebb,high-ebb,high-ebb,high-ebb
2026-07-28 16:10:00,0.6490981,0.7187931,0.6247947,0.6309452,high-ebb,high-ebb,high-ebb,high-ebb
2026-07-28 16:20:00,0.62287843,0.69585896,0.60278934,0.6091199,high-ebb,high-ebb,high-ebb,high-ebb
2026-07-28 16:30:00,0.59113115,0.6670456,0.5754089,0.58187795,high-ebb,high-ebb,high-ebb,high-ebb
2026-07-28 16:40:00,0.5541156,0.63256276,0.5428824,0.54944867,high-ebb,high-ebb,high-ebb,high-ebb
2026-07-28 16:50:00,0.5121364,0.5926622,0.50548106,0.5121038,high-ebb,high-ebb,high-ebb,high-ebb
2026-07-28 17:00:00,0.4655413,0.5476386,0.46351662,0.47015563,high-ebb,high-ebb,high-ebb,high-ebb
2026-07-28 17:10:00,0.41471848,0.4978296,0.41733873,0.42395473,high-ebb,high-ebb,high-ebb,high-ebb
2026-07-28 17:20:00,0.36009333,0.4436163,0.3673326,0.37388733,high-ebb,high-ebb,high-ebb,high-ebb
2026-07-28 17:30:00,0.30212507,0.3854226,0.31391606,0.32037237,high-ebb,high-ebb,high-ebb,high-ebb
2026-07-28 17:40:00,0.2413027,0.3237138,0.2575361,0.2638581,high-ebb,high-ebb,high-ebb,high-ebb
2026-07-28 17:50:00,0.1781407,0.2589944,0.19866537,0.20481853,high-ebb,high-ebb,high-ebb,high-ebb
2026-07-28 18:00:00,0.11317458,0.19180422,0.1377982,0.14374949,high-ebb,high-ebb,high-ebb,high-ebb
2026-07-28 18:10:00,0.046956018,0.12271401,0.07544655,0.08116443,high-ebb,high-ebb,high-ebb,high-ebb
2026-07-28 18:20:00,-0.019952115,0.05231944,0.012135658,0.017590208,low-ebb,high-ebb,high-ebb,high-ebb
2026-07-28 18:30:00,-0.08698082,-0.018765738,-0.05160043,-0.04643746,low-ebb,low-ebb,low-ebb,low-ebb
2026-07-28 18:40:00,-0.15356013,-0.08991724,-0.11522341,-0.110378556,low-ebb,low-ebb,low-ebb,low-ebb
2026-07-28 18:50:00,-0.2191242,-0.16050832,-0.1781953,-0.17369334,low-ebb,low-ebb,low-ebb,low-ebb
2026-07-28 19:00:00,-0.28311637,-0.22991793,-0.2399831,-0.23584697,low-ebb,low-ebb,low-ebb,low-ebb
2026-07-28 19:10:00,-0.34499407,-0.29753876,-0.30006325,-0.29631406,low-ebb,low-ebb,low-ebb,low-ebb
2026-07-28 19:20:00,-0.40423355,-0.3627846,-0.35792616,-0.35458308,low-ebb,low-ebb,low-ebb,low-ebb
2026-07-28 19:30:00,-0.4603343,-0.42509693,-0.41308036,-0.41016063,low-ebb,low-ebb,low-ebb,low-ebb
2026-07-28 19:40:00,-0.5128233,-0.48395061,-0.46505672,-0.4625756,low-ebb,low-ebb,low-ebb,low-ebb
2026-07-28 19:50:00,-0.5612586,-0.5388582,-0.51341224,-0.5113829,low-ebb,low-ebb,low-ebb,low-ebb
2026-07-28 20:00:00,-0.60523325,-0.58937305,-0.5577335,-0.556167,low-ebb,low-ebb,low-ebb,low-ebb
2026-07-28 20:10:00,-0.6443777,-0.63509154,-0.59764,-0.5965454,low-ebb,low-ebb,low-ebb,low-ebb
2026-07-28 20:20:00,-0.678363,-0.6756539,-0.6327872,-0.6321712,low-ebb,low-ebb,low-ebb,low-ebb
2026-07-28 20:30:00,-0.70690256,-0.71074456,-0.66286886,-0.6627358,low-ebb,low-ebb,low-ebb,low-ebb
2026-07-28 20:40:00,-0.72975403,-0.7400918,-0.6876192,-0.6879713,low-ebb,low-ebb,low-ebb,low-ebb
2026-07-28 20:50:00,-0.7467206,-0.7634669,-0.7068149,-0.7076518,low-ebb,low-ebb,low-ebb,low-ebb
2026-07-28 21:00:00,-0.75765175,-0.7806836,-0.7202761,-0.72159505,low-ebb,low-ebb,low-ebb,low-ebb
2026-07-28 21:10:00,-0.7624438,-0.7915972,-0.72786784,-0.7296635,low-ebb,low-ebb,low-ebb,low-ebb
2026-07-28 21:20:00,-0.76103956,-0.79610467,-0.7295003,-0.7317648,low-ebb,low-ebb,low-ebb,low-ebb
2026-07-28 21:30:00,-0.75342846,-0.79414433,-0.72512907,-0.72785187,low-flow,low-flow,low-flow,low-flow
2026-07-28 21:40:00,-0.7396453,-0.7856964,-0.7147551,-0.7179231,low-flow,low-flow,low-flow,low-flow
2026-07-28 21:50:00,-0.7197696,-0.7707838,-0.6984242,-0.7020214,low-flow,low-flow,low-flow,low-flow
2026-07-28 22:00:00,-0.6939239,-0.74947274,-0.6762261,-0.6802339,low-flow,low-flow,low-flow,low-flow
2026-07-28 22:10:00,-0.6622725,-0.7218741,-0.6482932,-0.65269023,low-flow,low-flow,low-flow,low-flow
2026-07-28 22:20:00,-0.6250193,-0.68814373,-0.61479944,-0.61956173,low-flow,low-flow,low-flow,low-flow
2026-07-28 22:30:00,-0.5824061,-0.6484828,-0.57595855,-0.5810593,low-flow,low-flow,low-flow,low-flow
2026-07-28 22:40:00,-0.5347102,-0.60313755,-0.5320219,-0.5374318,low-flow,low-flow,low-flow,low-flow
2026-07-28 22:50:00,-0.4822423,-0.55239856,-0.48327664,-0.48896384,low-flow,low-flow,low-flow,low-flow
2026-07-28 23:00:00,-0.42534396,-0.4965987,-0.43004346,-0.43597367,low-flow,low-flow,low-flow,low-flow
2026-07-28 23:10:00,-0.36438534,-0.4361108,-0.37267393,-0.37881058,low-flow,low-flow,low-flow,low-flow
2026-07-28 23:20:00,-0.29976255,-0.37134454,-0.31154823,-0.3178526,low-flow,low-flow,low-flow,low-flow
2026-07-28 23:30:00,-0.23189513,-0.3027427,-0.24707223,-0.25350362,low-flow,low-flow,low-flow,low-flow
2026-07-28 23:40:00,-0.16122365,-0.23077679,-0.17967497,-0.18619104,low-flow,low-flow,low-flow,low-flow
2026-07-28 23:50:00,-0.08820692,-0.15594287,-0.10980571,-0.11636257,low-flow,low-flow,low-flow,low-flow
2026-07-29 00:00:00,-0.013319519,-0.078756995,-0.03793112,-0.04448367,low-flow,low-flow,low-flow,low-flow
2026-07-29 00:10:00,0.06295083,0.00024924215,0.035467654,0.028965436,high-flow,high-flow,high-flow,high-flow
2026-07-29 00:20:00,0.1401059,0.0805327,0.10989793,0.10349268,high-flow,high-flow,high-flow,high-flow
2026-07-29 00:30:00,0.21763961,0.16154255,0.18485846,0.17859711,high-flow,high-flow,high-flow,high-flow
2026-07-29 00:40:00,0.29504067,0.24272366,0.25984246,0.25377184,high-flow,high-flow,high-flow,high-flow
2026-07-29 00:50:00,0.3717953,0.3235197,0.3343406,0.3285071,high-flow,high-flow,high-flow,high-flow
2026-07-29 01:00:00,0.44739008,0.403376,0.40784407,0.40229324,high-flow,high-flow,high-flow,high-flow
2026-07-29 01:10:00,0.52131456,0.48174208,0.47984755,0.4746237,high-flow,high-flow,high-flow,high-flow
2026-07-29 01:20:00,0.5930644,0.55807436,0.5498524,0.5449982,high-flow,high-flow,high-flow,high-flow
2026-07-29 01:30:00,0.662144,0.6318388,0.6173694,0.61292565,high-flow,high-flow,high-flow,high-flow
2026-07-29 01:40:00,0.7280697,0.7025138,0.68192226,0.6779272,high-flow,high-flow,high-flow,high-flow
2026-07-29 01:50:00,0.79037267,0.7695935,0.7430503,0.73953944,high-flow,high-flow,high-flow,high-flow
2026-07-29 02:00:00,0.84860206,0.83259076,0.80031145,0.79731715,high-flow,high-flow,high-flow,high-flow
2026-07-29 02:10:00,0.9023281,0.8910414,0.8532855,0.8508365,high-flow,high-flow,high-flow,high-flow
2026-07-29 02:20:00,0.9511452,0.9445078,0.90157676,0.8996981,high-flow,high-flow,high-flow,high-flow
2026-07-29 02:30:00,0.994675,0.99258274,0.94481695,0.9435294,high-flow,high-flow,high-flow,high-flow
2026-07-29 02:40:00,1.0325696,1.0348935,0.98266816,0.98198825,high-flow,high-flow,high-flow,high-flow
2026-07-29 02:50:00,1.0645145,1.0711055,1.0148253,1.0147648,high-flow,high-flow,high-flow,high-flow
2026-07-29 03:00:00,1.0902314,1.1009251,1.0410188,1.0415846,high-flow,high-flow,high-flow,high-flow
2026-07-29 03:10:00,1.1094812,1.1241026,1.0610169,1.0622108,high-flow,high-flow,high-flow,high-flow
2026-07-29 03:20:00,1.1220661,1.1404344,1.0746278,1.0764468,high-flow,high-flow,high-flow,high-flow
2026-07-29 03:30:00,1.127833,1.1497641,1.0817015,1.0841372,high-flow,high-flow,high-flow,high-flow
2026-07-29 03:40:00,1.1266743,1.1519829,1.0821322,1.0851712,high-flow,high-flow,high-flow,high-flow
2026-07-29 03:50:00,1.1185306,1.1470305,1.0758591,1.0794826,high-ebb,high-ebb,high-ebb,high-ebb
2026-07-29 04:00:00,1.103392,1.134894,1.0628674,1.0670518,high-ebb,high-ebb,high-ebb,high-ebb
2026-07-29 04:10:00,1.0812991,1.1156076,1.04319,1.0479066,high-ebb,high-ebb,high-ebb,high-ebb
2026-07-29 04:20:00,1.0523434,1.0892515,1.0169071,1.0221227,high-ebb,high-ebb,high-ebb,high-ebb
2026-07-29 04:30:00,1.016668,1.0559515,0.98414683,0.98982364,high-ebb,high-ebb,high-ebb,high-ebb
2026-07-29 04:40:00,0.97446734,1.0158777,0.9450848,0.9511808,high-ebb,high-ebb,high-ebb,high-ebb
2026-07-29 04:50:00,0.925986,0.96924466,0.8999433,0.9064128,high-ebb,high-ebb,high-ebb,high-ebb
2026-07-29 05:00:00,0.8715178,0.91631085,0.84899044,0.8557841,high-ebb,high-ebb,high-ebb,high-ebb
2026-07-29 05:10:00,0.81140417,0.8573787,0.7925384,0.799604,high-ebb,high-ebb,high-ebb,high-ebb
2026-07-29 05:20:00,0.7460316,0.7927948,0.7309416,0.7382242,high-ebb,high-ebb,high-ebb,high-ebb
2026-07-29 05:30:00,0.67582923,0.7229498,0.6645944,0.67203707,high-ebb,high-ebb,high-ebb,high-ebb
2026-07-29 05:40:00,0.6012654,0.6482783,0.59392816,0.6014723,high-ebb,high-ebb,high-ebb,high-ebb
2026-07-29 05:50:00,0.5228443,0.56925786,0.51940835,0.52699435,high-ebb,high-ebb,high-ebb,high-ebb
2026-07-29 06:00:00,0.44110182,0.48640785,0.4415309,0.4490986,high-ebb,high-ebb,high-ebb,high-ebb
2026-07-29 06:10:00,0.3566011,0.40028659,0.36081856,0.36830777,high-ebb,high-ebb,high-ebb,high-ebb
2026-07-29 06:20:00,0.26992798,0.311488,0.2778167,0.28516787,high-ebb,high-ebb,high-ebb,high-ebb
2026-07-29 06:30:00,0.181686,0.220637,0.19308907,0.20024376,high-ebb,high-ebb,high-ebb,high-ebb
2026-07-29 06:40:00,0.09249128,0.12838349,0.107213266,0.114114694,high-ebb,high-ebb,high-ebb,high-ebb
2026-07-29 06:50:00,0.0029672051,0.035395633,0.020776052,0.027369652,high-ebb,high-ebb,high-ebb,high-ebb
2026-07-29 07:00:00,-0.086260855,-0.057647888,-0.06563136,-0.059397474,low-ebb,low-ebb,low-ebb,low-ebb
2026-07-29 07:10:00,-0.17457093,-0.15006611,-0.15141816,-0.14559269,low-ebb,low-ebb,low-ebb,low-ebb
2026-07-29 07:20:00,-0.26134974,-0.24118422,-0.2359987,-0.23062678,low-ebb,low-ebb,low-ebb,low-ebb
2026-07-29 07:30:00,-0.34599784,-0.33034202,-0.31879732,-0.31392,low-ebb,low-ebb,low-ebb,low-ebb
2026-07-29 07:40:00,-0.42793465,-0.4169018,-0.39925286,-0.39490685,low-ebb,low-ebb,low-ebb,low-ebb
2026-07-29 07:50:00,-0.5066031,-0.50025547,-0.47682324,-0.47304055,low-ebb,low-ebb,low-ebb,low-ebb
2026-07-29 08:00:00,-0.58147424,-0.57983077,-0.5509896,-0.5477973,low-ebb,low-ebb,low-ebb,low-ebb
2026-07-29 08:10:00,-0.65205115,-0.6550962,-0.62126064,-0.61868054,low-ebb,low-ebb,low-ebb,low-ebb
2026-07-29 08:20:00,-0.71787274,-0.7255646,-0.68717587,-0.6852244,low-ebb,low-ebb,low-ebb,low-ebb
2026-07-29 08:30:00,-0.77851725,-0.7907958,-0.7483093,-0.74699754,low-ebb,low-ebb,low-ebb,low-ebb
2026-07-29 08:40:00,-0.8336049,-0.85039765,-0.8042726,-0.80360603,low-ebb,low-ebb,low-ebb,low-ebb
2026-07-29 08:50:00,-0.8828003,-0.9040263,-0.8547174,-0.85469615,low-ebb,low-ebb,low-ebb,low-ebb
2026-07-29 09:00:00,-0.9258146,-0.95138603,-0.899338,-0.8999565,low-ebb,low-ebb,low-ebb,low-ebb
2026-07-29 09:10:00,-0.9624069,-0.99222773,-0.93787295,-0.93912053,low-ebb,low-ebb,low-ebb,low-ebb
2026-07-29 09:20:00,-0.992385,-1.0263482,-0.97010666,-0.97196734,low-ebb,low-ebb,low-ebb,low-ebb
2026-07-29 09:30:00,-1.0156066,-1.0535887,-0.99587035,-0.99832326,low-ebb,low-ebb,low-ebb,low-ebb
2026-07-29 09:40:00,-1.0319787,-1.0738344,-1.0150428,-1.0180624,low-ebb,low-ebb,low-ebb,low-ebb
2026-07-29 09:50:00,-1.0414578,-1.087013,-1.0275503,-1.0311066,low-ebb,low-ebb,low-ebb,low-ebb
2026-07-29 10:00:00,-1.044049,-1.0930953,-1.0333673,-1.0374262,low-ebb,low-ebb,low-ebb,low-ebb
2026-07-29 10:10:00,-1.0398053,-1.0920949,-1.0325148,-1.0370388,low-flow,low-ebb,low-ebb,low-ebb
2026-07-29 10:20:00,-1.0288256,-1.0840688,-1.0250604,-1.0300086,low-flow,low-flow,low-flow,low-flow
2026-07-29 10:30:00,-1.011254,-1.0691177,-1.0111166,-1.0164454,low-flow,low-flow,low-flow,low-flow
2026-07-29 10:40:00,-0.98727685,-1.0473869,-0.99083984,-0.9965032,low-flow,low-flow,low-flow,low-flow
2026-07-29 10:50:00,-0.9571218,-1.0190662,-0.9644283,-0.9703782,low-flow,low-flow,low-flow,low-flow
2026-07-29 11:00:00,-0.92105466,-0.98439,-0.93212026,-0.93830746,low-flow,low-flow,low-flow,low-flow
2026-07-29 11:10:00,-0.87937737,-0.9436365,-0.8941917,-0.90056604,low-flow,low-flow,low-flow,low-flow
2026-07-29 11:20:00,-0.83242536,-0.89712584,-0.85095423,-0.8574651,low-flow,low-flow,low-flow,low-flow
2026-07-29 11:30:00,-0.780565,-0.8452188,-0.8027525,-0.8093492,low-flow,low-flow,low-flow,low-flow
2026-07-29 11:40:00,-0.724191,-0.7883132,-0.7499613,-0.7565937,low-flow,low-flow,low-flow,low-flow
2026-07-29 11:50:00,-0.6637236,-0.72684085,-0.6929833,-0.69960225,low-flow,low-flow,low-flow,low-flow
2026-07-29 12:00:00,-0.5996057,-0.6612637,-0.6322459,-0.6388035,low-flow,low-flow,low-flow,low-flow
2026-07-29 12:10:00,-0.53230035,-0.5920693,-0.5681983,-0.5746484,low-flow,low-flow,low-flow,low-flow
2026-07-29 12:20:00,-0.4622879,-0.51976687,-0.5013088,-0.5076073,low-flow,low-flow,low-flow,low-flow
2026-07-29 12:30:00,-0.39006308,-0.44488254,-0.4320615,-0.4381668,low-flow,low-flow,low-flow,low-flow
2026-07-29 12:40:00,-0.3161323,-0.36795574,-0.3609535,-0.36682662,low-flow,low-flow,low-flow,low-flow
2026-07-29 12:50:00,-0.24101095,-0.28953496,-0.28849173,-0.29409665,low-flow,low-flow,low-flow,low-flow
2026-07-29 13:00:00,-0.16522041,-0.2101745,-0.21518981,-0.22049372,low-flow,low-flow,low-flow,low-flow
2026-07-29 13:10:00,-0.08928529,-0.13043131,-0.14156511,-0.14653845,low-flow,low-flow,low-flow,low-flow
2026-07-29 13:20:00,-0.013730611,-0.05086211,-0.06813549,-0.07275217,low-flow,low-flow,low-flow,low-flow
2026-07-29 13:30:00,0.06092118,0.027979182,0.004583771,0.00034630366,high-flow,high-flow,high-flow,high-flow
2026-07-29 13:40:00,0.13415308,0.10554405,0.076083094,0.07224381,high-flow,high-flow,high-flow,high-flow
2026-07-29 13:50:00,0.20545655,0.18129198,0.1458617,0.14243598,high-flow,high-flow,high-flow,high-flow
2026-07-29 14:00:00,0.2743345,0.2546932,0.21343078,0.21043044,high-flow,high-flow,high-flow,high-flow
2026-07-29 14:10:00,0.34030437,0.32523182,0.2783165,0.2757499,high-flow,high-flow,high-flow,high-flow
2026-07-29 14:20:00,0.40290117,0.39240894,0.34006312,0.3379352,high-flow,high-flow,high-flow,high-flow
2026-07-29 14:30:00,0.46168065,0.45574665,0.39823616,0.39654854,high-flow,high-flow,high-flow,high-flow
2026-07-29 14:40:00,0.5162224,0.5147916,0.45242503,0.45117635,high-flow,high-flow,high-flow,high-flow
2026-07-29 14:50:00,0.56613296,0.56911945,0.5022464,0.5014322,high-flow,high-flow,high-flow,high-flow
2026-07-29 15:00:00,0.61104876,0.61833847,0.54734653,0.54695976,high-flow,high-flow,high-flow,high-flow
2026-07-29 15:10:00,0.6506393,0.6620938,0.58740455,0.58743554,high-flow,high-flow,high-flow,high-flow
2026-07-29 15:20:00,0.68460983,0.7000711,0.62213445,0.62257123,high-flow,high-flow,high-flow,high-flow
2026-07-29 15:30:00,0.7127045,0.7319993,0.651288,0.6521165,high-flow,high-flow,high-flow,high-flow
2026-07-29 15:40:00,0.73470837,0.7576533,0.6746565,0.6758608,high-flow,high-flow,high-flow,high-flow
2026-07-29 15:50:00,0.7504503,0.776856,0.6920734,0.693636,high-flow,high-flow,high-flow,high-flow
2026-07-29 16:00:00,0.75980484,0.789479,0.7034154,0.70531744,high-flow,high-flow,high-flow,high-flow
2026-07-29 16:10:00,0.762694,0.79544324,0.7086044,0.7108258,high-flow,high-flow,high-flow,high-flow
2026-07-29 16:20:00,0.759089,0.7947188,0.7076086,0.7101283,high-ebb,high-flow,high-flow,high-flow
2026-07-29 16:30:00,0.7490111,0.7873244,0.700443,0.7032393,high-ebb,high-ebb,high-ebb,high-ebb
2026-07-29 16:40:00,0.7325325,0.77332646,0.6871706,0.6902212,high-ebb,high-ebb,high-ebb,high-ebb
2026-07-29 16:50:00,0.7097765,0.75283796,0.6679018,0.6711839,high-ebb,high-ebb,high-ebb,high-ebb
2026-07-29 17:00:00,0.68091756,0.7260177,0.6427944,0.6462851,high-ebb,high-ebb,high-ebb,high-ebb
2026-07-29 17:10:00,0.6461802,0.69306934,0.6120529,0.61572933,high-ebb,high-ebb,high-ebb,high-ebb
2026-07-29 17:20:00,0.60583836,0.6542408,0.5759276,0.5797667,high-ebb,high-ebb,high-ebb,high-ebb
2026-07-29 17:30:00,0.5602133,0.60982376,0.5347126,0.5386915,high-ebb,high-ebb,high-ebb,high-ebb
2026-07-29 17:40:00,0.5096717,0.5601535,0.48874426,0.49284035,high-ebb,high-ebb,high-ebb,high-ebb
2026-07-29 17:50:00,0.45462286,0.50560826,0.43839848,0.44258937,high-ebb,high-ebb,high-ebb,high-ebb
2026-07-29 18:00:00,0.39551568,0.44660923,0.38408813,0.38835186,high-ebb,high-ebb,high-ebb,high-ebb
2026-07-29 18:10:00,0.33283505,0.38361913,0.3262599,0.33057478,high-ebb,high-ebb,high-ebb,high-ebb
2026-07-29 18:20:00,0.2670979,0.317141,0.2653907,0.26973546,high-ebb,high-ebb,high-ebb,high-ebb
2026-07-29 18:30:00,0.19884874,0.2477156,0.20198375,0.20633751,high-ebb,high-ebb,high-ebb,high-ebb
2026-07-29 18:40:00,0.12865514,0.17591828,0.13656467,0.14090694,high-ebb,high-ebb,high-ebb,high-ebb
2026-07-29 18:50:00,0.057102617,0.102354236,0.06967693,0.07398757,high-ebb,high-ebb,high-ebb,high-ebb
2026-07-29 19:00:00,-0.0152103845,0.02765308,0.0018773155,0.0061365934,low-ebb,high-ebb,high-ebb,high-ebb
2026-07-29 19:10:00,-0.08767791,-0.04753787,-0.06626874,-0.062080234,low-ebb,low-ebb,low-ebb,low-ebb
2026-07-29 19:20:00,-0.15969186,-0.12256111,-0.13419203,-0.13009337,low-ebb,low-ebb,low-ebb,low-ebb
2026-07-29 19:30:00,-0.23064743,-0.19675712,-0.20132442,-0.19733432,low-ebb,low-ebb,low-ebb,low-ebb
2026-07-29 19:40:00,-0.29994848,-0.26947296,-0.2671037,-0.2632406,low-ebb,low-ebb,low-ebb,low-ebb
2026-07-29 19:50:00,-0.3670128,-0.3400707,-0.33097836,-0.3272604,low-ebb,low-ebb,low-ebb,low-ebb
2026-07-29 20:00:00,-0.4312773,-0.40793568,-0.39241236,-0.38885733,low-ebb,low-ebb,low-ebb,low-ebb
2026-07-29 20:10:00,-0.49220273,-0.47248408,-0.45088953,-0.44751486,low-ebb,low-ebb,low-ebb,low-ebb
2026-07-29 20:20:00,-0.5492784,-0.53316927,-0.5059179,-0.50274074,low-ebb,low-ebb,low-ebb,low-ebb
2026-07-29 20:30:00,-0.6020263,-0.5894875,-0.5570339,-0.55407083,low-ebb,low-ebb,low-ebb,low-ebb
2026-07-29 20:40:00,-0.65000516,-0.64098155,-0.6038057,-0.6010731,low-ebb,low-ebb,low-ebb,low-ebb
2026-07-29 20:50:00,-0.6928137,-0.6872438,-0.64583725,-0.6433506,low-ebb,low-ebb,low-ebb,low-ebb
2026-07-29 21:00:00,-0.73009366,-0.7279175,-0.6827706,-0.68054503,low-ebb,low-ebb,low-ebb,low-ebb
2026-07-29 21:10:00,-0.76153255,-0.7626971,-0.7142892,-0.712339,low-ebb,low-ebb,low-ebb,low-ebb
2026-07-29 21:20:00,-0.7868654,-0.79132754,-0.7401197,-0.73845834,low-ebb,low-ebb,low-ebb,low-ebb
2026-07-29 21:30:00,-0.80587655,-0.81360334,-0.760034,-0.758674,low-ebb,low-ebb,low-ebb,low-ebb
2026-07-29 21:40:00,-0.8184006,-0.82936645,-0.7738507,-0.77280354,low-ebb,low-ebb,low-ebb,low-ebb
2026-07-29 21:50:00,-0.82432306,-0.8385049,-0.7814359,-0.7807117,low-ebb,low-ebb,low-ebb,low-ebb
2026-07-29 22:00:00,-0.82358056,-0.8409512,-0.782704,-0.7823115,low-ebb,low-ebb,low-ebb,low-ebb
2026-07-29 22:10:00,-0.8161604,-0.83668053,-0.77761745,-0.77756405,low-flow,low-flow,low-flow,low-flow
2026-07-29 22:20:00,-0.8020999,-0.8257104,-0.76618713,-0.76647824,low-flow,low-flow,low-flow,low-flow
2026-07-29 22:30:00,-0.7814854,-0.8080999,-0.74847114,-0.7491105,low-flow,low-flow,low-flow,low-flow
2026-07-29 22:40:00,-0.7544506,-0.7839494,-0.72457415,-0.7255635,low-flow,low-flow,low-flow,low-flow
2026-07-29 22:50:00,-0.7211752,-0.75340086,-0.6946462,-0.6959851,low-flow,low-flow,low-flow,low-flow
2026-07-29 23:00:00,-0.68188226,-0.716638,-0.65888065,-0.66056645,low-flow,low-flow,low-flow,low-flow
2026-07-29 23:10:00,-0.6368366,-0.67388654,-0.61751294,-0.6195405,low-flow,low-flow,low-flow,low-flow
2026-07-29 23:20:00,-0.5863417,-0.6254137,-0.5708179,-0.5731798,low-flow,low-flow,low-flow,low-flow
2026-07-29 23:30:00,-0.5307376,-0.57152796,-0.51910794,-0.52179396,low-flow,low-flow,low-flow,low-flow
2026-07-29 23:40:00,-0.4703978,-0.5125776,-0.46273008,-0.4657276,low-flow,low-flow,low-flow,low-flow
2026-07-29 23:50:00,-0.40572667,-0.44894892,-0.40206367,-0.40535736,low-flow,low-flow,low-flow,low-flow
2026-07-30 00:00:00,-0.3371563,-0.38106394,-0.3375174,-0.34108934,low-flow,low-flow,low-flow,low-flow
2026-07-30 00:10:00,-0.26514354,-0.30937693,-0.26952648,-0.27335605,low-flow,low-flow,low-flow,low-flow
2026-07-30 00:20:00,-0.19016723,-0.23437084,-0.19854961,-0.2026137,low-flow,low-flow,low-flow,low-flow
2026-07-30 00:30:00,-0.11272491,-0.15655349,-0.12506591,-0.12933895,low-flow,low-flow,low-flow,low-flow
2026-07-30 00:40:00,-0.033329956,-0.07645308,-0.049571868,-0.054025955,low-flow,low-flow,low-flow,low-flow
2026-07-30 00:50:00,0.047491446,0.005385975,0.027421808,0.022816774,high-flow,high-flow,high-flow,high-flow
2026-07-30 01:00:00,0.12920333,0.08840719,0.10539341,0.100669526,high-flow,high-flow,high-flow,high-flow
2026-07-30 01:10:00,0.21126297,0.17204595,0.18381338,0.17900454,high-flow,high-flow,high-flow,high-flow
2026-07-30 01:20:00,0.2931238,0.25573304,0.26214758,0.25728917,high-flow,high-flow,high-flow,high-flow
2026-07-30 01:30:00,0.37423846,0.33889803,0.33986038,0.33498916,high-flow,high-flow,high-flow,high-flow
2026-07-30 01:40:00,0.45406178,0.4209721,0.41641808,0.41157162,high-flow,high-flow,high-flow,high-flow
2026-07-30 01:50:00,0.53205377,0.5013908,0.49129182,0.48650852,high-flow,high-flow,high-flow,high-flow
2026-07-30 02:00:00,0.60768265,0.5795968,0.5639611,0.55927956,high-flow,high-flow,high-flow,high-flow
2026-07-30 02:10:00,0.68042785,0.6550423,0.6339168,0.6293756,high-flow,high-flow,high-flow,high-flow
2026-07-30 02:20:00,0.7497831,0.7271918,0.7006643,0.69630164,high-flow,high-flow,high-flow,high-flow
2026-07-30 02:30:00,0.81525946,0.7955254,0.7637268,0.75958,high-flow,high-flow,high-flow,high-flow
2026-07-30 02:40:00,0.87638843,0.85954165,0.82264817,0.8187536,high-flow,high-flow,high-flow,high-flow
2026-07-30 02:50:00,0.93272495,0.91876173,0.8769963,0.87338865,high-flow,high-flow,high-flow,high-flow
2026-07-30 03:00:00,0.9838506,0.97273296,0.9263659,0.92307806,high-flow,high-flow,high-flow,high-flow
2026-07-30 03:10:00,1.0293766,1.0210332,0.97038156,0.96744406,high-flow,high-flow,high-flow,high-flow
2026-07-30 03:20:00,1.0689466,1.0632749,1.0087003,1.0061412,high-flow,high-flow,high-flow,high-flow
2026-07-30 03:30:00,1.10224,1.0991096,1.0410146,1.038859,high-flow,high-flow,high-flow,high-flow
2026-07-30 03:40:00,1.1289742,1.1282316,1.0670546,1.0653244,high-flow,high-flow,high-flow,high-flow
2026-07-30 03:50:00,1.1489079,1.1503817,1.0865909,1.0853046,high-flow,high-flow,high-flow,high-flow
2026-07-30 04:00:00,1.1618434,1.1653496,1.0994363,1.0986086,high-flow,high-flow,high-flow,high-flow
2026-07-30 04:10:00,1.1676284,1.1729766,1.105448,1.1050899,high-flow,high-flow,high-flow,high-flow
2026-07-30 04:20:00,1.1661587,1.1731569,1.1045295,1.1046478,high-flow,high-flow,high-flow,high-flow
2026-07-30 04:30:00,1.1573797,1.1658381,1.0966313,1.0972285,high-ebb,high-ebb,high-ebb,high-ebb
2026-07-30 04:40:00,1.1412878,1.1510218,1.0817528,1.0828273,high-ebb,high-ebb,high-ebb,high-ebb
2026-07-30 04:50:00,1.1179314,1.1287622,1.0599424,1.0614886,high-ebb,high-ebb,high-ebb,high-ebb
2026-07-30 05:00:00,1.0874118,1.0991656,1.0312986,1.0333062,high-ebb,high-ebb,high-ebb,high-ebb
2026-07-30 05:10:00,1.0498831,1.0623891,0.9959692,0.9984239,high-ebb,high-ebb,high-ebb,high-ebb
2026-07-30 05:20:00,1.0055523,1.0186391,0.9541514,0.9570348,high-ebb,high-ebb,high-ebb,high-ebb
2026-07-30 05:30:00,0.9546782,0.96816975,0.9060908,0.9093806,high-ebb,high-ebb,high-ebb,high-ebb
2026-07-30 05:40:00,0.89757067,0.9112821,0.8520803,0.85575044,high-ebb,high-ebb,high-ebb,high-ebb
2026-07-30 05:50:00,0.8345887,0.8483227,0.79245806,0.7964791,high-ebb,high-ebb,high-ebb,high-ebb
2026-07-30 06:00:00,0.76613796,0.77968264,0.7276059,0.731945,high-ebb,high-ebb,high-ebb,high-ebb
2026-07-30 06:10:00,0.69266856,0.70579684,0.65794617,0.66256773,high-ebb,high-ebb,high-ebb,high-ebb
2026-07-30 06:20:00,0.6146715,0.6271428,0.5839394,0.58880526,high-ebb,high-ebb,high-ebb,high-ebb
2026-07-30 06:30:00,0.5326754,0.5442392,0.50608045,0.51115024,high-ebb,high-ebb,high-ebb,high-ebb
2026-07-30 06:40:00,0.44724184,0.45764443,0.42489523,0.43012682,high-ebb,high-ebb,high-ebb,high-ebb
2026-07-30 06:50:00,0.35896173,0.36795354,0.34093636,0.3462863,high-ebb,high-ebb,high-ebb,high-ebb
2026-07-30 07:00:00,0.2684498,0.27579513,0.25477916,0.26020297,high-ebb,high-ebb,high-ebb,high-ebb
2026-07-30 07:10:00,0.17634,0.18182665,0.16701679,0.17246965,high-ebb,high-ebb,high-ebb,high-ebb
2026-07-30 07:20:00,0.08327991,0.086728975,0.0782558,0.08369277,high-ebb,high-ebb,high-ebb,high-ebb
2026-07-30 07:30:00,-0.010074526,-0.008800283,-0.010888952,-0.0055123977,low-ebb,low-ebb,low-ebb,low-ebb
2026-07-30 07:40:00,-0.1030647,-0.104054235,-0.09979926,-0.0945268,low-ebb,low-ebb,low-ebb,low-ebb
2026-07-30 07:50:00,-0.1950349,-0.19832496,-0.18785861,-0.18273264,low-ebb,low-ebb,low-ebb,low-ebb
2026-07-30 08:00:00,-0.28533792,-0.29091218,-0.27445716,-0.26951844,low-ebb,low-ebb,low-ebb,low-ebb
2026-07-30 08:10:00,-0.37334052,-0.38113198,-0.3589968,-0.35428396,low-ebb,low-ebb,low-ebb,low-ebb
2026-07-30 08:20:00,-0.45842877,-0.4683253,-0.4408959,-0.4364452,low-ebb,low-ebb,low-ebb,low-ebb
2026-07-30 08:30:00,-0.54001325,-0.551866,-0.519594,-0.515439,low-ebb,low-ebb,low-ebb,low-ebb
2026-07-30 08:40:00,-0.6175336,-0.6311676,-0.5945563,-0.5907274,low-ebb,low-ebb,low-ebb,low-ebb
2026-07-30 08:50:00,-0.6904634,-0.7056895,-0.6652778,-0.6618021,low-ebb,low-ebb,low-ebb,low-ebb
2026-07-30 09:00:00,-0.75831395,-0.774941,-0.7312871,-0.7281884,low-ebb,low-ebb,low-ebb,low-ebb
2026-07-30 09:10:00,-0.8206382,-0.83848494,-0.7921502,-0.7894483,low-ebb,low-ebb,low-ebb,low-ebb
2026-07-30 09:20:00,-0.8770337,-0.89593905,-0.84747326,-0.8451843,low-ebb,low-ebb,low-ebb,low-ebb
2026-07-30 09:30:00,-0.9271458,-0.9469766,-0.8969056,-0.8950418,low-ebb,low-ebb,low-ebb,low-ebb
2026-07-30 09:40:00,-0.9706693,-0.9913256,-0.9401419,-0.9387116,low-ebb,low-ebb,low-ebb,low-ebb
2026-07-30 09:50:00,-1.0073509,-1.0287675,-0.97692436,-0.9759317,low-ebb,low-ebb,low-ebb,low-ebb
2026-07-30 10:00:00,-1.0369899,-1.0591352,-1.0070437,-1.0064892,low-ebb,low-ebb,low-ebb,low-ebb
2026-07-30 10:10:00,-1.0594393,-1.0823107,-1.0303407,-1.0302209,low-ebb,low-ebb,low-ebb,low-ebb
2026-07-30 10:20:00,-1.0746055,-1.0982227,-1.0467064,-1.0470141,low-ebb,low-ebb,low-ebb,low-ebb
2026-07-30 10:30:00,-1.0824488,-1.1068453,-1.0560824,-1.056807,low-ebb,low-ebb,low-ebb,low-ebb
2026-07-30 10:40:00,-1.0829827,-1.1081954,-1.0584606,-1.0595882,low-ebb,low-ebb,low-ebb,low-ebb
2026-07-30 10:50:00,-1.0762718,-1.1023321,-1.0538827,-1.0553963,low-flow,low-flow,low-flow,low-flow
2026-07-30 11:00:00,-1.0624316,-1.089356,-1.042439,-1.0443186,low-flow,low-flow,low-flow,low-flow
2026-07-30 11:10:00,-1.0416262,-1.0694083,-1.0242671,-1.0264903,low-flow,low-flow,low-flow,low-flow
2026-07-30 11:20:00,-1.0140661,-1.0426712,-0.9995503,-1.0020927,low-flow,low-flow,low-flow,low-flow
2026-07-30 11:30:00,-0.98000604,-1.0093678,-0.9685159,-0.9713509,low-flow,low-flow,low-flow,low-flow
2026-07-30 11:40:00,-0.93974215,-0.9697614,-0.9314325,-0.93453205,low-flow,low-flow,low-flow,low-flow
2026-07-30 11:50:00,-0.8936095,-0.92415535,-0.88860816,-0.89194286,low-flow,low-flow,low-flow,low-flow
2026-07-30 12:00:00,-0.841979,-0.8728923,-0.8403873,-0.843927,low-flow,low-flow,low-flow,low-flow
2026-07-30 12:10:00,-0.78525454,-0.81635207,-0.7871483,-0.7908623,low-flow,low-flow,low-flow,low-flow
2026-07-30 12:20:00,-0.72386956,-0.7549498,-0.72930056,-0.7331579,low-flow,low-flow,low-flow,low-flow
2026-07-30 12:30:00,-0.65828425,-0.6891333,-0.6672813,-0.67125106,low-flow,low-flow,low-flow,low-flow
2026-07-30 12:40:00,-0.58898205,-0.61937934,-0.6015527,-0.60560435,low-flow,low-flow,low-flow,low-flow
2026-07-30 12:50:00,-0.51646674,-0.54619026,-0.5325985,-0.5367023,low-flow,low-flow,low-flow,low-flow
2026-07-30 13:00:00,-0.44125897,-0.47008976,-0.46092096,-0.46504804,low-flow,low-flow,low-flow,low-flow
2026-07-30 13:10:00,-0.36389315,-0.3916188,-0.38703758,-0.3911603,low-flow,low-flow,low-flow,low-flow
2026-07-30 13:20:00,-0.2849143,-0.31133148,-0.31147775,-0.31556982,low-flow,low-flow,low-flow,low-flow
2026-07-30 13:30:00,-0.20487487,-0.2297912,-0.23477945,-0.23881614,low-flow,low-flow,low-flow,low-flow
2026-07-30 13:40:00,-0.12433163,-0.14756697,-0.15748602,-0.16144432,low-flow,low-flow,low-flow,low-flow
2026-07-30 13:50:00,-0.04384247,-0.065230116,-0.08014274,-0.0840015,low-flow,low-flow,low-flow,low-flow
2026-07-30 14:00:00,0.036036607,0.016648766,-0.00329362,-0.007033582,high-flow,high-flow,low-flow,low-flow
2026-07-30 14:10:00,0.11475463,0.09750255,0.07252196,0.06891808,high-flow,high-flow,high-flow,high-flow
2026-07-30 14:20:00,0.19176872,0.17677021,0.14677252,0.14332,high-flow,high-flow,high-flow,high-flow
2026-07-30 14:30:00,0.2665472,0.2538994,0.21893774,0.21564987,high-flow,high-flow,high-flow,high-flow
2026-07-30 14:40:00,0.33857262,0.3283491,0.28851166,0.2853998,high-flow,high-flow,high-flow,high-flow
2026-07-30 14:50:00,0.40734488,0.3995927,0.35500598,0.35207954,high-flow,high-flow,high-flow,high-flow
2026-07-30 15:00:00,0.47238427,0.46712098,0.4179531,0.41521972,high-flow,high-flow,high-flow,high-flow
2026-07-30 15:10:00,0.53323454,0.5304458,0.47690934,0.47437495,high-flow,high-flow,high-flow,high-flow
2026-07-30 15:20:00,0.589466,0.5891041,0.53145784,0.52912676,high-flow,high-flow,high-flow,high-flow
2026-07-30 15:30:00,0.6406783,0.6426619,0.58121157,0.57908666,high-flow,high-flow,high-flow,high-flow
2026-07-30 15:40:00,0.6865036,0.6907189,0.6258162,0.6238991,high-flow,high-flow,high-flow,high-flow
2026-07-30 15:50:00,0.72660947,0.7329125,0.6649528,0.6632439,high-flow,high-flow,high-flow,high-flow
2026-07-30 16:00:00,0.76070136,0.76892227,0.69834024,0.696839,high-flow,high-flow,high-flow,high-flow
2026-07-30 16:10:00,0.7885255,0.79847383,0.72573787,0.72444284,high-flow,high-flow,high-flow,high-flow
2026-07-30 16:20:00,0.8098712,0.8213418,0.74694735,0.74585646,high-flow,high-flow,high-flow,high-flow
2026-07-30 16:30:00,0.8245731,0.8373529,0.7618148,0.7609254,high-flow,high-flow,high-flow,high-flow
2026-07-30 16:40:00,0.83251333,0.8463871,0.7702324,0.7695416,high-flow,high-flow,high-flow,high-flow
2026-07-30 16:50:00,0.8336232,0.8483795,0.7721398,0.77164435,high-flow,high-flow,high-flow,high-flow
2026-07-30 17:00:00,0.82788426,0.84331995,0.76752514,0.7672217,high-ebb,high-ebb,high-ebb,high-ebb
2026-07-30 17:10:00,0.8153299,0.831253,0.7564259,0.75631094,high-ebb,high-ebb,high-ebb,high-ebb
2026-07-30 17:20:00,0.7960458,0.8122766,0.738929,0.7389992,high-ebb,high-ebb,high-ebb,high-ebb
2026-07-30 17:30:00,0.7701698,0.78654087,0.7151709,0.7154229,high-ebb,high-ebb,high-ebb,high-ebb
2026-07-30 17:40:00,0.7378924,0.75424653,0.6853372,0.68576795,high-ebb,high-ebb,high-ebb,high-ebb
2026-07-30 17:50:00,0.69945556,0.71564287,0.6496616,0.65026814,high-ebb,high-ebb,high-ebb,high-ebb
2026-07-30 18:00:00,0.6551517,0.6710263,0.60842484,0.6092043,high-ebb,high-ebb,high-ebb,high-ebb
2026-07-30 18:10:00,0.6053221,0.62073845,0.56195265,0.56290233,high-ebb,high-ebb,high-ebb,high-ebb
2026-07-30 18:20:00,0.5503547,0.5651652,0.5106138,0.5117312,high-ebb,high-ebb,high-ebb,high-ebb
2026-07-30 18:30:00,0.49068144,0.5047347,0.45481747,0.45609996,high-ebb,high-ebb,high-ebb,high-ebb
2026-07-30 18:40:00,0.4267752,0.43991634,0.3950101,0.39645517,high-ebb,high-ebb,high-ebb,high-ebb
2026-07-30 18:50:00,0.35914612,0.37121892,0.33167234,0.33327723,high-ebb,high-ebb,high-ebb,high-ebb
2026-07-30 19:00:00,0.28833774,0.29918864,0.26531488,0.2670767,high-ebb,high-ebb,high-ebb,high-ebb
2026-07-30 19:10:00,0.21492244,0.22440663,0.19647476,0.19839022,high-ebb,high-ebb,high-ebb,high-ebb
2026-07-30 19:20:00,0.13949682,0.14748532,0.1257108,0.12777615,high-ebb,high-ebb,high-ebb,high-ebb
2026-07-30 19:30:00,0.06267652,0.06906428,0.053599052,0.05580998,high-ebb,high-ebb,high-ebb,high-ebb
2026-07-30 19:40:00,-0.014908984,-0.010195102,-0.019271962,-0.01692048,low-ebb,low-ebb,low-ebb,low-ebb
2026-07-30 19:50:00,-0.09262188,-0.08961604,-0.09230623,-0.08982004,low-ebb,low-ebb,low-ebb,low-ebb
2026-07-30 20:00:00,-0.16982162,-0.16851352,-0.16490525,-0.16229115,low-ebb,low-ebb,low-ebb,low-ebb
2026-07-30 20:10:00,-0.2458706,-0.24620241,-0.23647314,-0.23373899,low-ebb,low-ebb,low-ebb,low-ebb
2026-07-30 20:20:00,-0.3201398,-0.32200584,-0.3064217,-0.30357644,low-ebb,low-ebb,low-ebb,low-ebb
2026-07-30 20:30:00,-0.39201427,-0.39526412,-0.3741753,-0.3712292,low-ebb,low-ebb,low-ebb,low-ebb
2026-07-30 20:40:00,-0.46089858,-0.46534318,-0.43917596,-0.43614045,low-ebb,low-ebb,low-ebb,low-ebb
2026-07-30 20:50:00,-0.5262221,-0.5316427,-0.50088775,-0.49777564,low-ebb,low-ebb,low-ebb,low-ebb
2026-07-30 21:00:00,-0.58744377,-0.5936034,-0.5588014,-0.5556268,low-ebb,low-ebb,low-ebb,low-ebb
2026-07-30 21:10:00,-0.6440568,-0.65071326,-0.6124385,-0.609217,low-ebb,low-ebb,low-ebb,low-ebb
2026-07-30 21:20:00,-0.6955929,-0.70251226,-0.66135526,-0.6581035,low-ebb,low-ebb,low-ebb,low-ebb
2026-07-30 21:30:00,-0.74162596,-0.74859583,-0.70514613,-0.70188224,low-ebb,low-ebb,low-ebb,low-ebb
2026-07-30 21:40:00,-0.7817755,-0.78861696,-0.74344677,-0.74018985,low-ebb,low-ebb,low-ebb,low-ebb
2026-07-30 21:50:00,-0.8157094,-0.82228637,-0.77593684,-0.7727072,low-ebb,low-ebb,low-ebb,low-ebb
2026-07-30 22:00:00,-0.8431465,-0.84937245,-0.8023425,-0.7991613,low-ebb,low-ebb,low-ebb,low-ebb
2026-07-30 22:10:00,-0.863858,-0.8696991,-0.8224377,-0.8193269,low-ebb,low-ebb,low-ebb,low-ebb
2026-07-30 22:20:00,-0.8776691,-0.8831437,-0.83604616,-0.83302826,low-ebb,low-ebb,low-ebb,low-ebb
2026-07-30 22:30:00,-0.8844596,-0.88963443,-0.8430421,-0.84014,low-ebb,low-ebb,low-ebb,low-ebb
2026-07-30 22:40:00,-0.8841644,-0.8891472,-0.84335047,-0.84058726,low-ebb,low-ebb,low-ebb,low-ebb
2026-07-30 22:50:00,-0.87677276,-0.88170326,-0.8369476,-0.83434623,low-flow,low-flow,low-flow,low-flow
2026-07-30 23:00:00,-0.86232823,-0.86736643,-0.8238603,-0.8214433,low-flow,low-flow,low-flow,low-flow
2026-07-30 23:10:00,-0.84092706,-0.8462418,-0.8041653,-0.8019549,low-flow,low-flow,low-flow,low-flow
2026-07-30 23:20:00,-0.8127168,-0.8184737,-0.7779884,-0.7760057,low-flow,low-flow,low-flow,low-flow
2026-07-30 23:30:00,-0.7778944,-0.7842454,-0.74550253,-0.7437676,low-flow,low-flow,low-flow,low-flow
2026-07-30 23:40:00,-0.73670393,-0.743778,-0.70692635,-0.70545787,low-flow,low-flow,low-flow,low-flow
2026-07-30 23:50:00,-0.6894342,-0.69733036,-0.6625221,-0.6613371,low-flow,low-flow,low-flow,low-flow
2026-07-31 00:00:00,-0.63641566,-0.64519894,-0.61259305,-0.61170655,low-flow,low-flow,low-flow,low-flow
2026-07-31 00:10:00,-0.5780179,-0.58771694,-0.5574813,-0.5569063,low-flow,low-flow,low-flow,low-flow
2026-07-31 00:20:00,-0.5146461,-0.52525365,-0.4975647,-0.49731174,low-flow,low-flow,low-flow,low-flow
2026-07-31 00:30:00,-0.44673792,-0.4582133,-0.43325415,-0.43333122,low-flow,low-flow,low-flow,low-flow
2026-07-31 00:40:00,-0.37476027,-0.38703296,-0.3649905,-0.36540285,low-flow,low-flow,low-flow,low-flow
2026-07-31 00:50:00,-0.2992057,-0.31218025,-0.2932413,-0.29399133,low-flow,low-flow,low-flow,low-flow
2026-07-31 01:00:00,-0.2205891,-0.23415022,-0.2184977,-0.2195847,low-flow,low-flow,low-flow,low-flow
2026-07-31 01:10:00,-0.13944419,-0.15346198,-0.14127097,-0.14269122,low-flow,low-flow,low-flow,low-flow
2026-07-31 01:20:00,-0.05632012,-0.070654795,-0.062089235,-0.06383587,low-flow,low-flow,low-flow,low-flow
2026-07-31 01:30:00,0.02822198,0.013715858,0.01850594,0.016442973,high-flow,high-flow,high-flow,high-flow
2026-07-31 01:40:00,0.11361236,0.09908241,0.099963024,0.097596884,high-flow,high-flow,high-flow,high-flow
2026-07-31 01:50:00,0.19927602,0.1848691,0.18172391,0.17907083,high-flow,high-flow,high-flow,high-flow
2026-07-31 02:00:00,0.28463596,0.2704957,0.26322737,0.26030654,high-flow,high-flow,high-flow,high-flow
2026-07-31 02:10:00,0.3691165,0.35538107,0.34391245,0.34074587,high-flow,high-flow,high-flow,high-flow
2026-07-31 02:20:00,0.4521464,0.43894613,0.42322192,0.4198342,high-flow,high-flow,high-flow,high-flow
2026-07-31 02:30:00,0.53316224,0.5206169,0.5006056,0.49702388,high-flow,high-flow,high-flow,high-flow
2026-07-31 02:40:00,0.6116113,0.5998272,0.57552385,0.57177734,high-flow,high-flow,high-flow,high-flow
2026-07-31 02:50:00,0.6869548,0.6760213,0.6474507,0.6435706,high-flow,high-flow,high-flow,high-flow
2026-07-31 03:00:00,0.7586711,0.74865663,0.71587723,0.7118964,high-flow,high-flow,high-flow,high-flow
2026-07-31 03:10:00,0.8262586,0.8172066,0.78031504,0.7762675,high-flow,high-flow,high-flow,high-flow
2026-07-31 03:20:00,0.8892387,0.88116413,0.84029895,0.83621985,high-flow,high-flow,high-flow,high-flow
2026-07-31 03:30:00,0.94715923,0.9400446,0.8953905,0.8913154,high-flow,high-flow,high-flow,high-flow
2026-07-31 03:40:00,0.9995967,0.99339014,0.94518083,0.94114566,high-flow,high-flow,high-flow,high-flow
2026-07-31 03:50:00,1.04616,1.040774,0.98929363,0.98533404,high-flow,high-flow,high-flow,high-flow
2026-07-31 04:00:00,1.0864925,1.0818045,1.0273879,1.0235392,high-flow,high-flow,high-flow,high-flow
2026-07-31 04:10:00,1.1202755,1.1161299,1.0591605,1.055457,high-flow,high-flow,high-flow,high-flow
2026-07-31 04:20:00,1.1472303,1.1434426,1.084349,1.0808238,high-flow,high-flow,high-flow,high-flow
2026-07-31 04:30:00,1.1671207,1.1634834,1.1027337,1.0994183,high-flow,high-flow,high-flow,high-flow
2026-07-31 04:40:00,1.179756,1.1760451,1.1141398,1.1110635,high-flow,high-flow,high-flow,high-flow
2026-07-31 04:50:00,1.1849924,1.1809751,1.1184388,1.1156292,high-flow,high-flow,high-flow,high-flow
2026-07-31 05:00:00,1.1827354,1.1781782,1.1155512,1.1130328,high-ebb,high-ebb,high-ebb,high-ebb
2026-07-31 05:10:00,1.1729407,1.1676176,1.1054463,1.1032413,high-ebb,high-ebb,high-ebb,high-ebb
2026-07-31 05:20:00,1.1556165,1.1493149,1.0881445,1.0862716,high-ebb,high-ebb,high-ebb,high-ebb
2026-07-31 05:30:00,1.1308236,1.1233509,1.0637168,1.0621918,high-ebb,high-ebb,high-ebb,high-ebb
2026-07-31 05:40:00,1.0986766,1.0898633,1.0322856,1.0311211,high-ebb,high-ebb,high-ebb,high-ebb
2026-07-31 05:50:00,1.0593436,1.0490458,0.99402434,0.99322927,high-ebb,high-ebb,high-ebb,high-ebb
2026-07-31 06:00:00,1.013046,1.001146,0.9491571,0.9487368,high-ebb,high-ebb,high-ebb,high-ebb
2026-07-31 06:10:00,0.96005845,0.9464628,0.8979573,0.8979136,high-ebb,high-ebb,high-ebb,high-ebb
2026-07-31 06:20:00,0.9007066,0.8853447,0.8407462,0.84107745,high-ebb,high-ebb,high-ebb,high-ebb
2026-07-31 06:30:00,0.83536595,0.81818706,0.77789134,0.7785923,high-ebb,high-ebb,high-ebb,high-ebb
2026-07-31 06:40:00,0.76445985,0.74543,0.7098039,0.7108659,high-ebb,high-ebb,high-ebb,high-ebb
2026-07-31 06:50:00,0.6884564,0.6675565,0.63693607,0.6383473,high-ebb,high-ebb,high-ebb,high-ebb
2026-07-31 07:00:00,0.60786563,0.5850902,0.55977786,0.5615234,high-ebb,high-ebb,high-ebb,high-ebb
2026-07-31 07:10:00,0.5232355,0.49859315,0.4788538,0.4809156,high-ebb,high-ebb,high-ebb,high-ebb
2026-07-31 07:20:00,0.4351482,0.40866348,0.39471853,0.39707607,high-ebb,high-ebb,high-ebb,high-ebb
2026-07-31 07:30:00,0.34421566,0.31593257,0.30795306,0.31058335,high-ebb,high-ebb,high-ebb,high-ebb
2026-07-31 07:40:00,0.25107443,0.22106121,0.21916012,0.222038,high-ebb,high-ebb,high-ebb,high-ebb
2026-07-31 07:50:00,0.15638094,0.12473556,0.12895928,0.1320578,high-ebb,high-ebb,high-ebb,high-ebb
2026-07-31 08:00:00,0.060805827,0.027661629,0.037982192,0.041272853,high-ebb,high-ebb,high-ebb,high-ebb
2026-07-31 08:10:00,-0.03497148,-0.06944079,-0.05313259,-0.049679454,low-ebb,low-ebb,low-ebb,low-ebb
2026-07-31 08:20:00,-0.13026853,-0.16584533,-0.14374474,-0.14015965,low-ebb,low-ebb,low-ebb,low-ebb
2026-07-31 08:30:00,-0.22440563,-0.26082698,-0.23321739,-0.22953138,low-ebb,low-ebb,low-ebb,low-ebb
2026-07-31 08:40:00,-0.3167116,-0.35367042,-0.3209223,-0.31716657,low-ebb,low-ebb,low-ebb,low-ebb
2026-07-31 08:50:00,-0.40652952,-0.44367895,-0.40624493,-0.40245053,low-ebb,low-ebb,low-ebb,low-ebb
2026-07-31 09:00:00,-0.4932223,-0.5301831,-0.48858953,-0.48478705,low-ebb,low-ebb,low-ebb,low-ebb
2026-07-31 09:10:00,-0.576178,-0.61254895,-0.5673837,-0.563603,low-ebb,low-ebb,low-ebb,low-ebb
2026-07-31 09:20:00,-0.6548151,-0.6901858,-0.6420832,-0.638353,low-ebb,low-ebb,low-ebb,low-ebb
2026-07-31 09:30:00,-0.728587,-0.7625524,-0.7121762,-0.70852387,low-ebb,low-ebb,low-ebb,low-ebb
2026-07-31 09:40:00,-0.79698664,-0.8291627,-0.7771868,-0.7736383,low-ebb,low-ebb,low-ebb,low-ebb
2026-07-31 09:50:00,-0.85955054,-0.88958925,-0.8366793,-0.8332587,low-ebb,low-ebb,low-ebb,low-ebb
2026-07-31 10:00:00,-0.91586226,-0.9434655,-0.8902607,-0.8869903,low-ebb,low-ebb,low-ebb,low-ebb
2026-07-31 10:10:00,-0.9655553,-0.9904868,-0.93758416,-0.93448395,low-ebb,low-ebb,low-ebb,low-ebb
2026-07-31 10:20:00,-1.0083157,-1.0304098,-0.9783507,-0.9754386,low-ebb,low-ebb,low-ebb,low-ebb
2026-07-31 10:30:00,-1.0438842,-1.0630507,-1.0123116,-1.0096031,low-ebb,low-ebb,low-ebb,low-ebb
2026-07-31 10:40:00,-1.0720572,-1.0882827,-1.0392693,-1.0367779,low-ebb,low-ebb,low-ebb,low-ebb
2026-07-31 10:50:00,-1.0926884,-1.1060331,-1.0590789,-1.0568154,low-ebb,low-ebb,low-ebb,low-ebb
2026-07-31 11:00:00,-1.1056886,-1.1162796,-1.0716485,-1.0696214,low-ebb,low-ebb,low-ebb,low-ebb
2026-07-31 11:10:00,-1.1110253,-1.1190475,-1.076939,-1.0751545,low-ebb,low-ebb,low-ebb,low-ebb
2026-07-31 11:20:00,-1.1087232,-1.1144063,-1.074964,-1.0734265,low-flow,low-flow,low-flow,low-ebb
2026-07-31 11:30:00,-1.0988613,-1.1024672,-1.0657892,-1.0645003,low-flow,low-flow,low-flow,low-flow
2026-07-31 11:40:00,-1.0815735,-1.0833809,-1.049531,-1.0484906,low-flow,low-flow,low-flow,low-flow
2026-07-31 11:50:00,-1.0570446,-1.0573366,-1.0263546,-1.0255611,low-flow,low-flow,low-flow,low-flow
2026-07-31 12:00:00,-1.0255095,-1.0245602,-0.9964732,-0.99592274,low-flow,low-flow,low-flow,low-flow
2026-07-31 12:10:00,-0.98724985,-0.9853145,-0.96014506,-0.95983255,low-flow,low-flow,low-flow,low-flow
2026-07-31 12:20:00,-0.9425914,-0.939898,-0.9176712,-0.91759026,low-flow,low-flow,low-flow,low-flow
2026-07-31 12:30:00,-0.89190096,-0.8886447,-0.8693931,-0.86953604,low-flow,low-flow,low-flow,low-flow
2026-07-31 12:40:00,-0.83558273,-0.8319233,-0.8156895,-0.8160478,low-flow,low-flow,low-flow,low-flow
2026-07-31 12:50:00,-0.77407557,-0.7701363,-0.75697356,-0.7575379,low-flow,low-flow,low-flow,low-flow
2026-07-31 13:00:00,-0.7078488,-0.7037181,-0.69368976,-0.6944503,low-flow,low-flow,low-flow,low-flow
2026-07-31 13:10:00,-0.637399,-0.6331334,-0.6263106,-0.62725705,low-flow,low-flow,low-flow,low-flow
2026-07-31 13:20:00,-0.5632465,-0.55887413,-0.55533296,-0.55645496,low-flow,low-flow,low-flow,low-flow
2026-07-31 13:30:00,-0.48593122,-0.4814564,-0.48127523,-0.4825622,low-flow,low-flow,low-flow,low-flow
2026-07-31 13:40:00,-0.40600953,-0.40141714,-0.40467322,-0.40611485,low-flow,low-flow,low-flow,low-flow
2026-07-31 13:50:00,-0.32405052,-0.3193101,-0.3260771,-0.32766318,low-flow,low-flow,low-flow,low-flow
2026-07-31 14:00:00,-0.24063237,-0.23570192,-0.24604759,-0.24776828,low-flow,low-flow,low-flow,low-flow
2026-07-31 14:10:00,-0.15633896,-0.15116836,-0.16515252,-0.16699842,low-flow,low-flow,low-flow,low-flow
2026-07-31 14:20:00,-0.07175637,-0.066290416,-0.0839633,-0.08592543,low-flow,low-flow,low-flow,low-flow
2026-07-31 14:30:00,0.01253045,0.018349135,-0.003051323,-0.0051212567,high-flow,high-flow,low-flow,low-flow
2026-07-31 14:40:00,0.09594105,0.102169015,0.07701545,0.074845634,high-flow,high-flow,high-flow,high-flow
2026-07-31 14:50:00,0.17790268,0.18459241,0.15567605,0.15341374,high-flow,high-flow,high-flow,high-flow
2026-07-31 15:00:00,0.25785354,0.2650498,0.2323799,0.230032,high-flow,high-flow,high-flow,high-flow
2026-07-31 15:10:00,0.3352459,0.34298155,0.30659023,0.3041632,high-flow,high-flow,high-flow,high-flow
2026-07-31 15:20:00,0.40954918,0.41784078,0.3777874,0.37528735,high-flow,high-flow,high-flow,high-flow
2026-07-31 15:30:00,0.48025307,0.4890961,0.4454723,0.442905,high-flow,high-flow,high-flow,high-flow
2026-07-31 15:40:00,0.5468705,0.5562347,0.5091694,0.5065405,high-flow,high-flow,high-flow,high-flow
2026-07-31 15:50:00,0.60894054,0.61876583,0.56843007,0.56574506,high-flow,high-flow,high-flow,high-flow
2026-07-31 16:00:00,0.6660315,0.67622465,0.6228355,0.6200999,high-flow,high-flow,high-flow,high-flow
2026-07-31 16:10:00,0.71774334,0.7281763,0.6719997,0.6692192,high-flow,high-flow,high-flow,high-flow
2026-07-31 16:20:00,0.7637111,0.7742202,0.7155722,0.7127529,high-flow,high-flow,high-flow,high-flow
2026-07-31 16:30:00,0.8036069,0.8139951,0.7532408,0.75038916,high-flow,high-flow,high-flow,high-flow
2026-07-31 16:40:00,0.83714294,0.84718305,0.7847342,0.7818571,high-flow,high-flow,high-flow,high-flow
2026-07-31 16:50:00,0.8640737,0.87351394,0.8098239,0.8069289,high-flow,high-flow,high-flow,high-flow
2026-07-31 17:00:00,0.8841982,0.8927695,0.82832646,0.825422,high-flow,high-flow,high-flow,high-flow
2026-07-31 17:10:00,0.8973622,0.90478647,0.8401054,0.83720064,high-flow,high-flow,high-flow,high-flow
2026-07-31 17:20:00,0.9034598,0.9094592,0.84507257,0.84217757,high-flow,high-flow,high-flow,high-flow
2026-07-31 17:30:00,0.90243536,0.906741,0.8431893,0.84031516,high-flow,high-ebb,high-ebb,high-ebb
2026-07-31 17:40:00,0.89428437,0.89664555,0.83446753,0.83162624,high-ebb,high-ebb,high-ebb,high-ebb
2026-07-31 17:50:00,0.87905455,0.8792459,0.8189701,0.81617475,high-ebb,high-ebb,high-ebb,high-ebb
2026-07-31 18:00:00,0.8568465,0.85467404,0.796811,0.79407555,high-ebb,high-ebb,high-ebb,high-ebb
2026-07-31 18:10:00,0.82781374,0.8231191,0.76815504,0.7654946,high-ebb,high-ebb,high-ebb,high-ebb
2026-07-31 18:20:00,0.7921626,0.78482527,0.7332173,0.7306477,high-ebb,high-ebb,high-ebb,high-ebb
2026-07-31 18:30:00,0.7501513,0.740089,0.6922621,0.6897999,high-ebb,high-ebb,high-ebb,high-ebb
2026-07-31 18:40:00,0.7020891,0.68925637,0.6456012,0.6432637,high-ebb,high-ebb,high-ebb,high-ebb
2026-07-31 18:50:00,0.6483343,0.63272053,0.593592,0.59139705,high-ebb,high-ebb,high-ebb,high-ebb
2026-07-31 19:00:00,0.5892925,0.5709189,0.53663534,0.5346011,high-ebb,high-ebb,high-ebb,high-ebb
2026-07-31 19:10:00,0.5254137,0.50433046,0.47517237,0.4733172,high-ebb,high-ebb,high-ebb,high-ebb
2026-07-31 19:20:00,0.4571893,0.43347326,0.40968162,0.40802383,high-ebb,high-ebb,high-ebb,high-ebb
2026-07-31 19:30:00,0.38514858,0.3589019,0.34067526,0.33923295,high-ebb,high-ebb,high-ebb,high-ebb
2026-07-31 19:40:00,0.30985475,0.28120482,0.26869527,0.26748598,high-ebb,high-ebb,high-ebb,high-ebb
2026-07-31 19:50:00,0.23190042,0.20100124,0.19430913,0.19334964,high-ebb,high-ebb,high-ebb,high-ebb
2026-07-31 20:00:00,0.1519031,0.11893753,0.1181053,0.11741149,high-ebb,high-ebb,high-ebb,high-ebb
2026-07-31 20:10:00,0.07049987,0.035683047,0.04068848,0.040274926,high-ebb,high-ebb,high-ebb,high-ebb
2026-07-31 20:20:00,-0.011657735,-0.048074916,-0.037325364,-0.03744557,low-ebb,low-ebb,low-ebb,low-ebb
2026-07-31 20:30:00,-0.093909405,-0.13163705,-0.115314096,-0.11512959,low-ebb,low-ebb,low-ebb,low-ebb
2026-07-31 20:40:00,-0.17559169,-0.21429883,-0.19265456,-0.19215596,low-ebb,low-ebb,low-ebb,low-ebb
2026-07-31 20:50:00,-0.2560438,-0.29535803,-0.2687278,-0.26790792,low-ebb,low-ebb,low-ebb,low-ebb
2026-07-31 21:00:00,-0.33461326,-0.37412298,-0.3429243,-0.34177834,low-ebb,low-ebb,low-ebb,low-ebb
2026-07-31 21:10:00,-0.4106619,-0.449921,-0.41464895,-0.41317472,low-ebb,low-ebb,low-ebb,low-ebb
2026-07-31 21:20:00,-0.4835712,-0.5221071,-0.48332608,-0.48152414,low-ebb,low-ebb,low-ebb,low-ebb
2026-07-31 21:30:00,-0.55274785,-0.59007233,-0.54840434,-0.54627806,low-ebb,low-ebb,low-ebb,low-ebb
2026-07-31 21:40:00,-0.61762893,-0.6532511,-0.60936105,-0.60691684,low-ebb,low-ebb,low-ebb,low-ebb
2026-07-31 21:50:00,-0.6776866,-0.7111285,-0.66570646,-0.66295373,low-ebb,low-ebb,low-ebb,low-ebb
2026-07-31 22:00:00,-0.73243266,-0.7632453,-0.7169879,-0.71393913,low-ebb,low-ebb,low-ebb,low-ebb
2026-07-31 22:10:00,-0.7814229,-0.80920225,-0.76279306,-0.7594638,low-ebb,low-ebb,low-ebb,low-ebb
2026-07-31 22:20:00,-0.82426023,-0.84866285,-0.8027534,-0.7991621,low-ebb,low-ebb,low-ebb,low-ebb
2026-07-31 22:30:00,-0.86059797,-0.88135386,-0.8365465,-0.8327146,low-ebb,low-ebb,low-ebb,low-ebb
2026-07-31 22:40:00,-0.8901426,-0.90706533,-0.8638988,-0.8598507,low-ebb,low-ebb,low-ebb,low-ebb
2026-07-31 22:50:00,-0.9126557,-0.92564887,-0.8845873,-0.88034976,low-ebb,low-ebb,low-ebb,low-ebb
2026-07-31 23:00:00,-0.92795515,-0.93701476,-0.89844066,-0.89404315,low-ebb,low-ebb,low-ebb,low-ebb
2026-07-31 23:10:00,-0.93591654,-0.9411287,-0.9053407,-0.9008146,low-ebb,low-ebb,low-ebb,low-ebb
2026-07-31 23:20:00,-0.93647325,-0.9380081,-0.90522206,-0.90060097,low-ebb,low-flow,low-ebb,low-ebb
2026-07-31 23:30:00,-0.92961645,-0.92771834,-0.898073,-0.893392,low-flow,low-flow,low-flow,low-flow
2026-07-31 23:40:00,-0.9153942,-0.9103687,-0.8839345,-0.8792301,low-flow,low-flow,low-flow,low-flow
2026-07-31 23:50:00,-0.8939105,-0.88610953,-0.86289954,-0.8582091,low-flow,low-flow,low-flow,low-flow
2026-08-01 00:00:00,-0.8653239,-0.85512954,-0.8351119,-0.83047336,low-flow,low-flow,low-flow,low-flow
2026-08-01 00:10:00,-0.82984483,-0.8176535,-0.8007645,-0.7962162,low-flow,low-flow,low-flow,low-flow
2026-08-01 00:20:00,-0.78773373,-0.77394086,-0.7600975,-0.7556775,low-flow,low-flow,low-flow,low-flow
2026-08-01 00:30:00,-0.73929834,-0.7242847,-0.71339613,-0.709142,low-flow,low-flow,low-flow,low-flow
2026-08-01 00:40:00,-0.6848903,-0.6690112,-0.66098815,-0.6569365,low-flow,low-flow,low-flow,low-flow
2026-08-01 00:50:00,-0.6249022,-0.6084786,-0.603241,-0.59942716,low-flow,low-flow,low-flow,low-flow
2026-08-01 01:00:00,-0.5597641,-0.54307705,-0.5405591,-0.5370165,low-flow,low-flow,low-flow,low-flow
2026-08-01 01:10:00,-0.48993972,-0.47322765,-0.47338033,-0.4701405,low-flow,low-flow,low-flow,low-flow
2026-08-01 01:20:00,-0.415923,-0.39938092,-0.40217316,-0.39926508,low-flow,low-flow,low-flow,low-flow
2026-08-01 01:30:00,-0.3382342,-0.32201537,-0.32743302,-0.32488295,low-flow,low-flow,low-flow,low-flow
2026-08-01 01:40:00,-0.2574159,-0.24163507,-0.24967884,-0.24751005,low-flow,low-flow,low-flow,low-flow
2026-08-01 01:50:00,-0.17402953,-0.1587668,-0.16944955,-0.16768192,low-flow,low-flow,low-flow,low-flow
2026-08-01 02:00:00,-0.08865123,-0.0739569,-0.08730044,-0.085950315,low-flow,low-flow,low-flow,low-flow
2026-08-01 02:10:00,-0.0018682855,0.012232432,-0.003799489,-0.002879505,low-flow,high-flow,low-flow,low-flow
2026-08-01 02:20:00,0.08572472,0.0992269,0.080476254,0.08095736,high-flow,high-flow,high-flow,high-flow
2026-08-01 02:30:00,0.17352946,0.18644398,0.16494435,0.16498183,high-flow,high-flow,high-flow,high-flow
2026-08-01 02:40:00,0.26094747,0.27329677,0.24902059,0.24861374,high-flow,high-flow,high-flow,high-flow
2026-08-01 02:50:00,0.34738365,0.35919753,0.33212265,0.33127484,high-flow,high-flow,high-flow,high-flow
2026-08-01 03:00:00,0.43224964,0.4435612,0.4136737,0.41239235,high-flow,high-flow,high-flow,high-flow
2026-08-01 03:10:00,0.5149671,0.52580833,0.4931059,0.49140236,high-flow,high-flow,high-flow,high-flow
2026-08-01 03:20:00,0.594971,0.60536844,0.5698639,0.56775343,high-flow,high-flow,high-flow,high-flow
2026-08-01 03:30:00,0.6717129,0.6816822,0.6434085,0.64091,high-flow,high-flow,high-flow,high-flow
2026-08-01 03:40:00,0.74466366,0.7542049,0.71321964,0.71035564,high-flow,high-flow,high-flow,high-flow
2026-08-01 03:50:00,0.8133169,0.8224088,0.77880025,0.77559626,high-flow,high-flow,high-flow,high-flow
2026-08-01 04:00:00,0.87719166,0.8857864,0.83967894,0.83616376,high-flow,high-flow,high-flow,high-flow
2026-08-01 04:10:00,0.9358354,0.943854,0.8954135,0.89161843,high-flow,high-flow,high-flow,high-flow
2026-08-01 04:20:00,0.9888268,0.996155,0.94559395,0.94155264,high-flow,high-flow,high-flow,high-flow
2026-08-01 04:30:00,1.0357783,1.0422646,0.9898451,0.98559326,high-flow,high-flow,high-flow,high-flow
2026-08-01 04:40:00,1.076339,1.0817937,1.0278296,1.0234046,high-flow,high-flow,high-flow,high-flow
2026-08-01 04:50:00,1.1101971,1.1143935,1.0592506,1.054691,high-flow,high-flow,high-flow,high-flow
2026-08-01 05:00:00,1.1370821,1.1397605,1.0838538,1.0791988,high-flow,high-flow,high-flow,high-flow
2026-08-01 05:10:00,1.1567674,1.1576407,1.1014298,1.0967195,high-flow,high-flow,high-flow,high-flow
2026-08-01 05:20:00,1.1690723,1.1678339,1.1118165,1.1070906,high-flow,high-flow,high-flow,high-flow
2026-08-01 05:30:00,1.1738638,1.1701969,1.1148999,1.1101979,high-flow,high-flow,high-flow,high-flow
2026-08-01 05:40:00,1.1710582,1.1646464,1.1106163,1.1059772,high-ebb,high-ebb,high-ebb,high-ebb
2026-08-01 05:50:00,1.160623,1.1511611,1.098953,1.0944144,high-ebb,high-ebb,high-ebb,high-ebb
2026-08-01 06:00:00,1.1425774,1.1297828,1.0799493,1.0755473,high-ebb,high-ebb,high-ebb,high-ebb
2026-08-01 06:10:00,1.1169938,1.1006157,1.0536963,1.0494657,high-ebb,high-ebb,high-ebb,high-ebb
2026-08-01 06:20:00,1.0839977,1.0638263,1.0203379,1.016311,high-ebb,high-ebb,high-ebb,high-ebb
2026-08-01 06:30:00,1.0437683,1.0196408,0.9800696,0.97627646,high-ebb,high-ebb,high-ebb,high-ebb
2026-08-01 06:40:00,0.9965377,0.96834356,0.9331379,0.9296061,high-ebb,high-ebb,high-ebb,high-ebb
2026-08-01 06:50:00,0.94259036,0.91027343,0.8798393,0.87659353,high-ebb,high-ebb,high-ebb,high-ebb
2026-08-01 07:00:00,0.8822622,0.8458209,0.82051843,0.81758046,high-ebb,high-ebb,high-ebb,high-ebb
2026-08-01 07:10:00,0.8159384,0.77542496,0.755566,0.7529546,high-ebb,high-ebb,high-ebb,high-ebb
2026-08-01 07:20:00,0.74405175,0.6995693,0.68541646,0.68314713,high-ebb,high-ebb,high-ebb,high-ebb
2026-08-01 07:30:00,0.6670797,0.6187793,0.6105447,0.60862976,high-ebb,high-ebb,high-ebb,high-ebb
2026-08-01 07:40:00,0.58554137,0.5336189,0.5314632,0.5299118,high-ebb,high-ebb,high-ebb,high-ebb
2026-08-01 07:50:00,0.4999941,0.44468734,0.4487181,0.44753605,high-ebb,high-ebb,high-ebb,high-ebb
2026-08-01 08:00:00,0.41102943,0.352616,0.36288506,0.36207506,high-ebb,high-ebb,high-ebb,high-ebb
2026-08-01 08:10:00,0.3192686,0.25806504,0.27456516,0.2741268,high-ebb,high-ebb,high-ebb,high-ebb
2026-08-01 08:20:00,0.22535804,0.16171959,0.18438007,0.18431002,high-ebb,high-ebb,high-ebb,high-ebb
2026-08-01 08:30:00,0.12996404,0.06428552,0.092967354,0.09325943,high-ebb,high-ebb,high-ebb,high-ebb
2026-08-01 08:40:00,0.03376757,-0.03351562,0.00097531104,0.0016206908,high-ebb,low-ebb,high-ebb,high-ebb
2026-08-01 08:50:00,-0.062541336,-0.13095228,-0.09094213,-0.08995473,low-ebb,low-ebb,low-ebb,low-ebb
2026-08-01 09:00:00,-0.1582693,-0.22728954,-0.18213068,-0.1808148,low-ebb,low-ebb,low-ebb,low-ebb
2026-08-01 09:10:00,-0.25272548,-0.3217964,-0.27194098,-0.27031216,low-ebb,low-ebb,low-ebb,low-ebb
2026-08-01 09:20:00,-0.34522733,-0.4137537,-0.3597338,-0.35780942,low-ebb,low-ebb,low-ebb,low-ebb
2026-08-01 09:30:00,-0.43510652,-0.5024626,-0.44488522,-0.44268423,low-ebb,low-ebb,low-ebb,low-ebb
2026-08-01 09:40:00,-0.5217145,-0.587253,-0.52679175,-0.5243344,low-ebb,low-ebb,low-ebb,low-ebb
2026-08-01 09:50:00,-0.6044282,-0.6674919,-0.6048751,-0.60218257,low-ebb,low-ebb,low-ebb,low-ebb
2026-08-01 10:00:00,-0.68265516,-0.74259126,-0.6785865,-0.67568105,low-ebb,low-ebb,low-ebb,low-ebb
2026-08-01 10:10:00,-0.75583863,-0.81201494,-0.74741155,-0.74431586,low-ebb,low-ebb,low-ebb,low-ebb
2026-08-01 10:20:00,-0.82346207,-0.8752845,-0.8108738,-0.807611,low-ebb,low-ebb,low-ebb,low-ebb
2026-08-01 10:30:00,-0.88505363,-0.93198365,-0.8685384,-0.86513174,low-ebb,low-ebb,low-ebb,low-ebb
2026-08-01 10:40:00,-0.94018936,-0.9817613,-0.92001534,-0.9164882,low-ebb,low-ebb,low-ebb,low-ebb
2026-08-01 10:50:00,-0.9884972,-1.0243326,-0.9649623,-0.96133775,low-ebb,low-ebb,low-ebb,low-ebb
2026-08-01 11:00:00,-1.0296589,-1.0594791,-1.003087,-0.99938774,low-ebb,low-ebb,low-ebb,low-ebb
2026-08-01 11:10:00,-1.063413,-1.0870472,-1.034149,-1.0303973,low-ebb,low-ebb,low-ebb,low-ebb
2026-08-01 11:20:00,-1.0895559,-1.106945,-1.0579612,-1.0541786,low-ebb,low-ebb,low-ebb,low-ebb
2026-08-01 11:30:00,-1.1079428,-1.1191393,-1.0743904,-1.0705979,low-ebb,low-ebb,low-ebb,low-ebb
2026-08-01 11:40:00,-1.1184889,-1.1236511,-1.0833584,-1.0795763,low-ebb,low-ebb,low-ebb,low-ebb
2026-08-01 11:50:00,-1.1211686,-1.1205518,-1.0848418,-1.0810894,low-ebb,low-flow,low-ebb,low-ebb
2026-08-01 12:00:00,-1.1160152,-1.1099585,-1.0788713,-1.0751671,low-flow,low-flow,low-flow,low-flow
2026-08-01 12:10:00,-1.10312,-1.0920303,-1.065531,-1.0618927,low-flow,low-flow,low-flow,low-flow
2026-08-01 12:20:00,-1.0826299,-1.0669652,-1.0449578,-1.0414022,low-flow,low-flow,low-flow,low-flow
2026-08-01 12:30:00,-1.0547466,-1.0349973,-1.0173386,-1.0138816,low-flow,low-flow,low-flow,low-flow
2026-08-01 12:40:00,-1.0197233,-0.99639446,-0.9829093,-0.97956616,low-flow,low-flow,low-flow,low-flow
2026-08-01 12:50:00,-0.9778618,-0.95145726,-0.94195235,-0.9387373,low-flow,low-flow,low-flow,low-flow
2026-08-01 13:00:00,-0.9295103,-0.90051776,-0.8947938,-0.89172053,low-flow,low-flow,low-flow,low-flow
2026-08-01 13:10:00,-0.8750591,-0.843939,-0.84180105,-0.83888257,low-flow,low-flow,low-flow,low-flow
2026-08-01 13:20:00,-0.8149377,-0.7821141,-0.7833795,-0.78062814,low-flow,low-flow,low-flow,low-flow
2026-08-01 13:30:00,-0.7496106,-0.7154657,-0.7199695,-0.7173971,low-flow,low-flow,low-flow,low-flow
2026-08-01 13:40:00,-0.67957395,-0.64444494,-0.652043,-0.64966077,low-flow,low-flow,low-flow,low-flow
2026-08-01 13:50:00,-0.60535103,-0.56953007,-0.5800999,-0.57791865,low-flow,low-flow,low-flow,low-flow
2026-08-01 14:00:00,-0.5274888,-0.4912242,-0.50466466,-0.50269485,low-flow,low-flow,low-flow,low-flow
2026-08-01 14:10:00,-0.44655368,-0.41005325,-0.4262827,-0.4245343,low-flow,low-flow,low-flow,low-flow
2026-08-01 14:20:00,-0.3631275,-0.32656276,-0.3455165,-0.34399912,low-flow,low-flow,low-flow,low-flow
2026-08-01 14:30:00,-0.27780384,-0.24131458,-0.26294202,-0.26166487,low-flow,low-flow,low-flow,low-flow
2026-08-01 14:40:00,-0.19118395,-0.15488324,-0.17914481,-0.17811674,low-flow,low-flow,low-flow,low-flow
2026-08-01 14:50:00,-0.10387306,-0.06785215,-0.09471639,-0.09394582,low-flow,low-flow,low-flow,low-flow
2026-08-01 15:00:00,-0.016476724,0.019190157,-0.010250431,-0.0097453175,low-flow,high-flow,low-flow,low-flow
2026-08-01 15:10:00,0.070402786,0.10565373,0.07366097,0.07389319,high-flow,high-flow,high-flow,high-flow
2026-08-01 15:20:00,0.15616997,0.19095072,0.15643093,0.15638341,high-flow,high-flow,high-flow,high-flow
2026-08-01 15:30:00,0.24023944,0.2744986,0.23748146,0.23714806,high-flow,high-flow,high-flow,high-flow
2026-08-01 15:40:00,0.32203925,0.35572326,0.31624705,0.31562242,high-flow,high-flow,high-flow,high-flow
2026-08-01 15:50:00,0.40101403,0.4340619,0.39217815,0.39125782,high-flow,high-flow,high-flow,high-flow
2026-08-01 16:00:00,0.4766281,0.50896585,0.46474466,0.46352524,high-flow,high-flow,high-flow,high-flow
2026-08-01 16:10:00,0.5483684,0.57990336,0.53343934,0.5319186,high-flow,high-flow,high-flow,high-flow
2026-08-01 16:20:00,0.6157475,0.6463629,0.597781,0.595958,high-flow,high-flow,high-flow,high-flow
2026-08-01 16:30:00,0.67830634,0.707856,0.65731764,0.6551929,high-flow,high-flow,high-flow,high-flow
2026-08-01 16:40:00,0.7356169,0.76392126,0.71162975,0.70920545,high-flow,high-flow,high-flow,high-flow
2026-08-01 16:50:00,0.78728515,0.8141283,0.7603329,0.7576129,high-flow,high-flow,high-flow,high-flow
2026-08-01 17:00:00,0.8329531,0.8580816,0.8030806,0.8000707,high-flow,high-flow,high-flow,high-flow
2026-08-01 17:10:00,0.8723016,0.8954257,0.83956707,0.8362749,high-flow,high-flow,high-flow,high-flow
2026-08-01 17:20:00,0.90505254,0.92584926,0.86952925,0.86596483,high-flow,high-flow,high-flow,high-flow
2026-08-01 17:30:00,0.93097115,0.94909,0.8927493,0.88892466,high-flow,high-flow,high-flow,high-flow
2026-08-01 17:40:00,0.9498677,0.9649387,0.90905637,0.90498596,high-flow,high-flow,high-flow,high-flow
2026-08-01 17:50:00,0.9615997,0.973243,0.91832834,0.9140288,high-flow,high-flow,high-flow,high-flow
2026-08-01 18:00:00,0.9660732,0.97391057,0.92049295,0.91598344,high-flow,high-flow,high-flow,high-flow
2026-08-01 18:10:00,0.9632444,0.96691114,0.9155292,0.9108311,high-ebb,high-ebb,high-ebb,high-ebb
2026-08-01 18:20:00,0.95312047,0.9522779,0.9034676,0.89860475,high-ebb,high-ebb,high-ebb,high-ebb
2026-08-01 18:30:00,0.9357608,0.9301075,0.884391,0.8793895,high-ebb,high-ebb,high-ebb,high-ebb
2026-08-01 18:40:00,0.91127694,0.90055937,0.85843426,0.8533224,high-ebb,high-ebb,high-ebb,high-ebb
2026-08-01 18:50:00,0.8798331,0.8638542,0.82578385,0.82059187,high-ebb,high-ebb,high-ebb,high-ebb
2026-08-01 19:00:00,0.8416457,0.8202713,0.78667694,0.7814372,high-ebb,high-ebb,high-ebb,high-ebb
2026-08-01 19:10:00,0.7969826,0.7701453,0.74140036,0.73614687,high-ebb,high-ebb,high-ebb,high-ebb
2026-08-01 19:20:00,0.74616206,0.7138631,0.6902887,0.685057,high-ebb,high-ebb,high-ebb,high-ebb
2026-08-01 19:30:00,0.68955123,0.6518598,0.63372236,0.6285491,high-ebb,high-ebb,high-ebb,high-ebb
2026-08-01 19:40:00,0.62756383,0.58461523,0.57212484,0.5670477,high-ebb,high-ebb,high-ebb,high-ebb
2026-08-01 19:50:00,0.560658,0.51264995,0.5059598,0.50101733,high-ebb,high-ebb,high-ebb,high-ebb
2026-08-01 20:00:00,0.48933294,0.43652165,0.43572816,0.43095905,high-ebb,high-ebb,high-ebb,high-ebb
2026-08-01 20:10:00,0.41412577,0.35682178,0.36196375,0.35740674,high-ebb,high-ebb,high-ebb,high-ebb
2026-08-01 20:20:00,0.33560756,0.2741719,0.2852298,0.28092328,high-ebb,high-ebb,high-ebb,high-ebb
2026-08-01 20:30:00,0.2543791,0.18922013,0.2061144,0.20209596,high-ebb,high-ebb,high-ebb,high-ebb
2026-08-01 20:40:00,0.17106622,0.10263749,0.12522586,0.121531986,high-ebb,high-ebb,high-ebb,high-ebb
2026-08-01 20:50:00,0.08631489,0.015113498,0.043187972,0.039853644,high-ebb,high-ebb,high-ebb,high-ebb
2026-08-01 21:00:00,0.00078591163,-0.072648466,-0.039365027,-0.042306762,high-ebb,low-ebb,low-ebb,low-ebb
2026-08-01 21:10:00,-0.08485049,-0.15993658,-0.12179361,-0.12431198,low-ebb,low-ebb,low-ebb,low-ebb
2026-08-01 21:20:00,-0.16992037,-0.24603678,-0.20345818,-0.20552507,low-ebb,low-ebb,low-ebb,low-ebb
2026-08-01 21:30:00,-0.25375178,-0.3302396,-0.28372425,-0.2853146,low-ebb,low-ebb,low-ebb,low-ebb
2026-08-01 21:40:00,-0.33568066,-0.4118477,-0.3619677,-0.36305973,low-ebb,low-ebb,low-ebb,low-ebb
2026-08-01 21:50:00,-0.41505647,-0.49018392,-0.43758,-0.4381556,low-ebb,low-ebb,low-ebb,low-ebb
2026-08-01 22:00:00,-0.491248,-0.56459945,-0.5099729,-0.5100179,low-ebb,low-ebb,low-ebb,low-ebb
2026-08-01 22:10:00,-0.5636489,-0.6344819,-0.57858354,-0.578088,low-ebb,low-ebb,low-ebb,low-ebb
2026-08-01 22:20:00,-0.6316828,-0.6992634,-0.6428789,-0.64183706,low-ebb,low-ebb,low-ebb,low-ebb
2026-08-01 22:30:00,-0.6948086,-0.75842726,-0.70236,-0.7007708,low-ebb,low-ebb,low-ebb,low-ebb
2026-08-01 22:40:00,-0.752525,-0.81151426,-0.75656587,-0.75443286,low-ebb,low-ebb,low-ebb,low-ebb
2026-08-01 22:50:00,-0.8043746,-0.85812724,-0.8050772,-0.8024087,low-ebb,low-ebb,low-ebb,low-ebb
2026-08-01 23:00:00,-0.8499479,-0.8979345,-0.8475196,-0.84432846,low-ebb,low-ebb,low-ebb,low-ebb
2026-08-01 23:10:00,-0.88888675,-0.93067116,-0.88356596,-0.87987,low-ebb,low-ebb,low-ebb,low-ebb
2026-08-01 23:20:00,-0.9208868,-0.9561397,-0.91293937,-0.9087609,low-ebb,low-ebb,low-ebb,low-ebb
2026-08-01 23:30:00,-0.9457,-0.9742082,-0.93541455,-0.93078035,low-ebb,low-ebb,low-ebb,low-ebb
2026-08-01 23:40:00,-0.96313614,-0.984808,-0.95081943,-0.94576067,low-ebb,low-ebb,low-ebb,low-ebb
2026-08-01 23:50:00,-0.973064,-0.9879303,-0.95903593,-0.95358783,low-ebb,low-ebb,low-ebb,low-ebb
2026-08-02 00:00:00,-0.975412,-0.98362124,-0.96000075,-0.95420235,low-ebb,low-flow,low-ebb,low-ebb
2026-08-02 00:10:00,-0.97016805,-0.97197807,-0.95370495,-0.94759893,low-flow,low-flow,low-flow,low-flow
2026-08-02 00:20:00,-0.9573789,-0.95314395,-0.9401941,-0.93382597,low-flow,low-flow,low-flow,low-flow
2026-08-02 00:30:00,-0.93714917,-0.927304,-0.91956663,-0.9129849,low-flow,low-flow,low-flow,low-flow
2026-08-02 00:40:00,-0.9096397,-0.8946813,-0.89197356,-0.88522893,low-flow,low-flow,low-flow,low-flow
2026-08-02 00:50:00,-0.87506557,-0.85553336,-0.85761595,-0.850761,low-flow,low-flow,low-flow,low-flow
2026-08-02 01:00:00,-0.8336935,-0.81015027,-0.8167436,-0.8098323,low-flow,low-flow,low-flow,low-flow
2026-08-02 01:10:00,-0.78583914,-0.7588521,-0.7696524,-0.7627395,low-flow,low-flow,low-flow,low-flow
2026-08-02 01:20:00,-0.7318638,-0.70198834,-0.7166819,-0.70982254,low-flow,low-flow,low-flow,low-flow
2026-08-02 01:30:00,-0.6721711,-0.6399363,-0.65821236,-0.65146154,low-flow,low-flow,low-flow,low-flow
2026-08-02 01:40:00,-0.60720325,-0.5731011,-0.59466183,-0.58807385,low-flow,low-flow,low-flow,low-flow
2026-08-02 01:50:00,-0.53743726,-0.5019147,-0.5264828,-0.52011085,low-flow,low-flow,low-flow,low-flow
2026-08-02 02:00:00,-0.46338078,-0.42683524,-0.45415896,-0.44805434,low-flow,low-flow,low-flow,low-flow
2026-08-02 02:10:00,-0.38556844,-0.34834594,-0.3782014,-0.37241334,low-flow,low-flow,low-flow,low-flow
2026-08-02 02:20:00,-0.30455726,-0.26695335,-0.29914513,-0.29372016,low-flow,low-flow,low-flow,low-flow
2026-08-02 02:30:00,-0.22092287,-0.18318549,-0.21754535,-0.2125269,low-flow,low-flow,low-flow,low-flow
2026-08-02 02:40:00,-0.13525529,-0.097588986,-0.13397366,-0.12940168,low-flow,low-flow,low-flow,low-flow
2026-08-02 02:50:00,-0.048154898,-0.010726133,-0.04901422,-0.04492476,low-flow,low-flow,low-flow,low-flow
2026-08-02 03:00:00,0.039771542,0.07682857,0.036740057,0.04031516,high-flow,high-flow,high-flow,high-flow
2026-08-02 03:10:00,0.12791473,0.16449212,0.122691356,0.12572473,high-flow,high-flow,high-flow,high-flow
2026-08-02 03:20:00,0.21566659,0.25167677,0.20824076,0.21070978,high-flow,high-flow,high-flow,high-flow
2026-08-02 03:30:00,0.30242398,0.3377938,0.29279205,0.294679,high-flow,high-flow,high-flow,high-flow
2026-08-02 03:40:00,0.38759214,0.42225713,0.3757554,0.37704763,high-flow,high-flow,high-flow,high-flow
2026-08-02 03:50:00,0.47058812,0.5044867,0.45655122,0.45724118,high-flow,high-flow,high-flow,high-flow
2026-08-02 04:00:00,0.55084413,0.5839117,0.53461355,0.5346989,high-flow,high-flow,high-flow,high-flow
2026-08-02 04:10:00,0.6278106,0.6599738,0.6093939,0.6088775,high-flow,high-flow,high-flow,high-flow
2026-08-02 04:20:00,0.7009592,0.73212975,0.6803645,0.6792541,high-flow,high-flow,high-flow,high-flow
2026-08-02 04:30:00,0.769786,0.7998546,0.7470218,0.74533033,high-flow,high-flow,high-flow,high-flow
2026-08-02 04:40:00,0.83381397,0.8626445,0.80888975,0.8066347,high-flow,high-flow,high-flow,high-flow
2026-08-02 04:50:00,0.892596,0.9200202,0.86552286,0.8627265,high-flow,high-flow,high-flow,high-flow
2026-08-02 05:00:00,0.94571716,0.97153044,0.9165094,0.91319823,high-flow,high-flow,high-flow,high-flow
2026-08-02 05:10:00,0.9927977,1.0167556,0.96147406,0.9576786,high-flow,high-flow,high-flow,high-flow
2026-08-02 05:20:00,1.033495,1.055312,1.0000811,0.99583536,high-flow,high-flow,high-flow,high-flow
2026-08-02 05:30:00,1.0675058,1.086857,1.032036,1.0273776,high-flow,high-flow,high-flow,high-flow
2026-08-02 05:40:00,1.0945692,1.1110922,1.0570886,1.0520581,high-flow,high-flow,high-flow,high-flow
2026-08-02 05:50:00,1.1144676,1.1277692,1.0750353,1.0696754,high-flow,high-flow,high-flow,high-flow
2026-08-02 06:00:00,1.1270293,1.1366937,1.08572,1.0800759,high-flow,high-flow,high-flow,high-flow
2026-08-02 06:10:00,1.1321294,1.1377287,1.0890361,1.0831544,high-flow,high-flow,high-flow,high-flow
2026-08-02 06:20:00,1.1296926,1.1307986,1.0849285,1.0788571,high-ebb,high-ebb,high-ebb,high-ebb
2026-08-02 06:30:00,1.1196929,1.1158911,1.0733931,1.0671806,high-ebb,high-ebb,high-ebb,high-ebb
2026-08-02 06:40:00,1.1021558,1.0930591,1.0544786,1.0481743,high-ebb,high-ebb,high-ebb,high-ebb
2026-08-02 06:50:00,1.0771583,1.0624205,1.0282863,1.0219388,high-ebb,high-ebb,high-ebb,high-ebb
2026-08-02 07:00:00,1.0448298,1.0241581,0.99497014,0.98862785,high-ebb,high-ebb,high-ebb,high-ebb
2026-08-02 07:10:00,1.0053517,0.9785176,0.9547356,0.94844604,high-ebb,high-ebb,high-ebb,high-ebb
2026-08-02 07:20:00,0.95895696,0.92580533,0.9078394,0.90164876,high-ebb,high-ebb,high-ebb,high-ebb
2026-08-02 07:30:00,0.9059302,0.8663848,0.85458815,0.8485409,high-ebb,high-ebb,high-ebb,high-ebb
2026-08-02 07:40:00,0.84660584,0.80067295,0.795336,0.7894748,high-ebb,high-ebb,high-ebb,high-ebb
2026-08-02 07:50:00,0.7813666,0.72913605,0.7304831,0.72484815,high-ebb,high-ebb,high-ebb,high-ebb
2026-08-02 08:00:00,0.7106417,0.65228546,0.66047263,0.6551018,high-ebb,high-ebb,high-ebb,high-ebb
2026-08-02 08:10:00,0.6349042,0.5706732,0.58578783,0.5807161,high-ebb,high-ebb,high-ebb,high-ebb
2026-08-02 08:20:00,0.5546683,0.48488808,0.50694895,0.50220835,high-ebb,high-ebb,high-ebb,high-ebb
2026-08-02 08:30:00,0.47048575,0.39555123,0.42450902,0.42012864,high-ebb,high-ebb,high-ebb,high-ebb
2026-08-02 08:40:00,0.3829422,0.30331254,0.33905026,0.33505583,high-ebb,high-ebb,high-ebb,high-ebb
2026-08-02 08:50:00,0.29265296,0.2088466,0.25117946,0.24759337,high-ebb,high-ebb,high-ebb,high-ebb
2026-08-02 09:00:00,0.20025851,0.1128487,0.16152333,0.15836473,high-ebb,high-ebb,high-ebb,high-ebb
2026-08-02 09:10:00,0.10641946,0.016030606,0.07072389,0.068008445,high-ebb,high-ebb,high-ebb,high-ebb
2026-08-02 09:20:00,0.011811515,-0.08088413,-0.020566765,-0.022826714,high-ebb,low-ebb,low-ebb,low-ebb
2026-08-02 09:30:00,-0.08288001,-0.17716537,-0.1116915,-0.11348696,low-ebb,low-ebb,low-ebb,low-ebb
2026-08-02 09:40:00,-0.17696582,-0.27208227,-0.20199338,-0.20331861,low-ebb,low-ebb,low-ebb,low-ebb
2026-08-02 09:50:00,-0.2697583,-0.3649098,-0.2908209,-0.29167336,low-ebb,low-ebb,low-ebb,low-ebb
2026-08-02 10:00:00,-0.36057743,-0.45493594,-0.37753317,-0.3779134,low-ebb,low-ebb,low-ebb,low-ebb
2026-08-02 10:10:00,-0.44875646,-0.5414693,-0.46150514,-0.46141657,low-ebb,low-ebb,low-ebb,low-ebb
2026-08-02 10:20:00,-0.5336476,-0.6238472,-0.54213244,-0.54158133,low-ebb,low-ebb,low-ebb,low-ebb
2026-08-02 10:30:00,-0.6146277,-0.7014435,-0.61883634,-0.6178316,low-ebb,low-ebb,low-ebb,low-ebb
2026-08-02 10:40:00,-0.69110364,-0.7736767,-0.6910681,-0.68962103,low-ebb,low-ebb,low-ebb,low-ebb
2026-08-02 10:50:00,-0.7625171,-0.84001666,-0.75831354,-0.7564379,low-ebb,low-ebb,low-ebb,low-ebb
2026-08-02 11:00:00,-0.8283496,-0.8999912,-0.8200968,-0.81780833,low-ebb,low-ebb,low-ebb,low-ebb
2026-08-02 11:10:00,-0.8881269,-0.953191,-0.875984,-0.87330043,low-ebb,low-ebb,low-ebb,low-ebb
2026-08-02 11:20:00,-0.9414227,-0.99927306,-0.9255865,-0.9225274,low-ebb,low-ebb,low-ebb,low-ebb
2026-08-02 11:30:00,-0.98786217,-1.0379633,-0.9685637,-0.9651501,low-ebb,low-ebb,low-ebb,low-ebb
2026-08-02 11:40:00,-1.0271249,-1.0690563,-1.0046252,-1.0008799,low-ebb,low-ebb,low-ebb,low-ebb
2026-08-02 11:50:00,-1.0589472,-1.0924151,-1.0335332,-1.02948,low-ebb,low-ebb,low-ebb,low-ebb
2026-08-02 12:00:00,-1.0831239,-1.1079682,-1.0551035,-1.0507675,low-ebb,low-ebb,low-ebb,low-ebb
2026-08-02 12:10:00,-1.0995097,-1.1157062,-1.0692066,-1.0646138,low-ebb,low-ebb,low-ebb,low-ebb
2026-08-02 12:20:00,-1.1080197,-1.1156778,-1.0757685,-1.0709459,low-ebb,low-ebb,low-ebb,low-ebb
2026-08-02 12:30:00,-1.1086293,-1.1079847,-1.0747701,-1.0697454,low-ebb,low-flow,low-ebb,low-ebb
2026-08-02 12:40:00,-1.1013743,-1.0927762,-1.0662478,-1.0610495,low-flow,low-flow,low-flow,low-flow
2026-08-02 12:50:00,-1.0863489,-1.0702456,-1.050292,-1.0449489,low-flow,low-flow,low-flow,low-flow
2026-08-02 13:00:00,-1.063705,-1.0406249,-1.0270461,-1.0215875,low-flow,low-flow,low-flow,low-flow
2026-08-02 13:10:00,-1.0336499,-1.0041807,-0.9967046,-0.9911605,low-flow,low-flow,low-flow,low-flow
2026-08-02 13:20:00,-0.99644405,-0.96121234,-0.9595119,-0.95391244,low-flow,low-flow,low-flow,low-flow
2026-08-02 13:30:00,-0.9523975,-0.9120486,-0.9157594,-0.9101349,low-flow,low-flow,low-flow,low-flow
2026-08-02 13:40:00,-0.9018677,-0.85704637,-0.8657833,-0.8601643,low-flow,low-flow,low-flow,low-flow
2026-08-02 13:50:00,-0.84525526,-0.79658955,-0.8099614,-0.80437857,low-flow,low-flow,low-flow,low-flow
2026-08-02 14:00:00,-0.78300065,-0.7310883,-0.7487104,-0.74319446,low-flow,low-flow,low-flow,low-flow
2026-08-02 14:10:00,-0.7155801,-0.66097814,-0.6824826,-0.6770642,low-flow,low-flow,low-flow,low-flow
2026-08-02 14:20:00,-0.6435017,-0.5867198,-0.6117623,-0.6064719,low-flow,low-flow,low-flow,low-flow
2026-08-02 14:30:00,-0.5673009,-0.50879794,-0.5370622,-0.5319303,low-flow,low-flow,low-flow,low-flow
2026-08-02 14:40:00,-0.48753694,-0.42771992,-0.45892018,-0.45397684,low-flow,low-flow,low-flow,low-flow
2026-08-02 14:50:00,-0.40478787,-0.344014,-0.37789485,-0.37316984,low-flow,low-flow,low-flow,low-flow
2026-08-02 15:00:00,-0.31964692,-0.25822714,-0.29456228,-0.29008487,low-flow,low-flow,low-flow,low-flow
2026-08-02 15:10:00,-0.23271814,-0.17092207,-0.20951179,-0.20531064,low-flow,low-flow,low-flow,low-flow
2026-08-02 15:20:00,-0.14461228,-0.08267409,-0.123342276,-0.119445324,low-flow,low-flow,low-flow,low-flow
2026-08-02 15:30:00,-0.05594297,0.00593247,-0.036658123,-0.033092454,low-flow,high-flow,low-flow,low-flow
2026-08-02 15:40:00,0.03267722,0.094308004,0.049934547,0.053142875,high-flow,high-flow,high-flow,high-flow
2026-08-02 15:50:00,0.120640464,0.18186137,0.1358318,0.13865793,high-flow,high-flow,high-flow,high-flow
2026-08-02 16:00:00,0.20734729,0.2680036,0.2204357,0.22285609,high-flow,high-flow,high-flow,high-flow
2026-08-02 16:10:00,0.29220995,0.35215154,0.30315804,0.30515075,high-flow,high-flow,high-flow,high-flow
2026-08-02 16:20:00,0.37465584,0.43373105,0.38342404,0.38496888,high-flow,high-flow,high-flow,high-flow
2026-08-02 16:30:00,0.45413053,0.5121803,0.46067607,0.46175474,high-flow,high-flow,high-flow,high-flow
2026-08-02 16:40:00,0.5301008,0.5869527,0.53437704,0.53497344,high-flow,high-flow,high-flow,high-flow
2026-08-02 16:50:00,0.6020578,0.65752,0.60401386,0.60411423,high-flow,high-flow,high-flow,high-flow
2026-08-02 17:00:00,0.6695193,0.723375,0.6691009,0.668694,high-flow,high-flow,high-flow,high-flow
2026-08-02 17:10:00,0.7320329,0.78403515,0.72918284,0.72826034,high-flow,high-flow,high-flow,high-flow
2026-08-02 17:20:00,0.78917825,0.8390454,0.7838383,0.78239465,high-flow,high-flow,high-flow,high-flow
2026-08-02 17:30:00,0.8405695,0.88798225,0.832682,0.83071494,high-flow,high-flow,high-flow,high-flow
2026-08-02 17:40:00,0.88585776,0.93045753,0.87536806,0.87287855,high-flow,high-flow,high-flow,high-flow
2026-08-02 17:50:00,0.9247331,0.96612287,0.9115923,0.9085848,high-flow,high-flow,high-flow,high-flow
2026-08-02 18:00:00,0.95692676,0.99467385,0.9410944,0.93757695,high-flow,high-flow,high-flow,high-flow
2026-08-02 18:10:00,0.9822129,1.0158548,0.96366024,0.9596446,high-flow,high-flow,high-flow,high-flow
2026-08-02 18:20:00,1.0004107,1.0294629,0.97912353,0.9746253,high-flow,high-flow,high-flow,high-flow
2026-08-02 18:30:00,1.0113856,1.0353522,0.9873675,0.982406,high-flow,high-flow,high-flow,high-flow
2026-08-02 18:40:00,1.0150508,1.0334373,0.98832583,0.98292434,high-flow,high-flow,high-flow,high-flow
2026-08-02 18:50:00,1.0113685,1.0236952,0.981984,0.97616965,high-ebb,high-ebb,high-ebb,high-ebb
2026-08-02 19:00:00,1.0003512,1.0061681,0.9683796,0.9621831,high-ebb,high-ebb,high-ebb,high-ebb
2026-08-02 19:10:00,0.9820617,0.9809632,0.94760245,0.9410584,high-ebb,high-ebb,high-ebb,high-ebb
2026-08-02 19:20:00,0.95661384,0.94825274,0.9197948,0.9129413,high-ebb,high-ebb,high-ebb,high-ebb
2026-08-02 19:30:00,0.92417276,0.9082722,0.8851503,0.8780288,high-ebb,high-ebb,high-ebb,high-ebb
2026-08-02 19:40:00,0.88495433,0.8613183,0.8439137,0.8365687,high-ebb,high-ebb,high-ebb,high-ebb
2026-08-02 19:50:00,0.8392246,0.8077452,0.7963788,0.7888579,high-ebb,high-ebb,high-ebb,high-ebb
2026-08-02 20:00:00,0.78729856,0.7479611,0.74288714,0.73524046,high-ebb,high-ebb,high-ebb,high-ebb
2026-08-02 20:10:00,0.7295391,0.6824236,0.6838258,0.6761057,high-ebb,high-ebb,high-ebb,high-ebb
2026-08-02 20:20:00,0.6663547,0.6116353,0.6196247,0.6118854,high-ebb,high-ebb,high-ebb,high-ebb
2026-08-02 20:30:00,0.5981972,0.5361393,0.5507537,0.54305106,high-ebb,high-ebb,high-ebb,high-ebb
2026-08-02 20:40:00,0.5255593,0.45651424,0.4777193,0.47011018,high-ebb,high-ebb,high-ebb,high-ebb
2026-08-02 20:50:00,0.4489708,0.37337056,0.40106103,0.3936028,high-ebb,high-ebb,high-ebb,high-ebb
2026-08-02 21:00:00,0.36899555,0.28734586,0.32134724,0.3140975,high-ebb,high-ebb,high-ebb,high-ebb
2026-08-02 21:10:00,0.28622714,0.19910099,0.23917107,0.23218703,high-ebb,high-ebb,high-ebb,high-ebb
2026-08-02 21:20:00,0.20128451,0.10931606,0.15514576,0.14848375,high-ebb,high-ebb,high-ebb,high-ebb
2026-08-02 21:30:00,0.114807375,0.018686201,0.06989996,0.0636149,high-ebb,high-ebb,high-ebb,high-ebb
2026-08-02 21:40:00,0.027451003,-0.07208284,-0.015927285,-0.021782368,high-ebb,low-ebb,low-ebb,low-ebb
2026-08-02 21:50:00,-0.060118936,-0.16227958,-0.1016915,-0.107066005,low-ebb,low-ebb,low-ebb,low-ebb
2026-08-02 22:00:00,-0.14723188,-0.25119218,-0.18674794,-0.1915942,low-ebb,low-ebb,low-ebb,low-ebb
2026-08-02 22:10:00,-0.23321797,-0.3381146,-0.27045676,-0.27473053,low-ebb,low-ebb,low-ebb,low-ebb
2026-08-02 22:20:00,-0.31741378,-0.42235297,-0.35218817,-0.35584906,low-ebb,low-ebb,low-ebb,low-ebb
2026-08-02 22:30:00,-0.39916795,-0.50323313,-0.43132737,-0.4343393,low-ebb,low-ebb,low-ebb,low-ebb
2026-08-02 22:40:00,-0.47784692,-0.58010787,-0.50727963,-0.5096113,low-ebb,low-ebb,low-ebb,low-ebb
2026-08-02 22:50:00,-0.5528404,-0.6523649,-0.579475,-0.58110005,low-ebb,low-ebb,low-ebb,low-ebb
2026-08-02 23:00:00,-0.6235667,-0.71943426,-0.6473726,-0.6482703,low-ebb,low-ebb,low-ebb,low-ebb
2026-08-02 23:10:00,-0.6894778,-0.7807955,-0.7104653,-0.71062046,low-ebb,low-ebb,low-ebb,low-ebb
2026-08-02 23:20:00,-0.75006425,-0.8359841,-0.76828337,-0.7676868,low-ebb,low-ebb,low-ebb,low-ebb
2026-08-02 23:30:00,-0.8048593,-0.88459677,-0.8203981,-0.8190466,low-ebb,low-ebb,low-ebb,low-ebb
2026-08-02 23:40:00,-0.8534431,-0.9262953,-0.8664251,-0.86432177,low-ebb,low-ebb,low-ebb,low-ebb
2026-08-02 23:50:00,-0.8954462,-0.9608094,-0.9060271,-0.9031812,low-ebb,low-ebb,low-ebb,low-ebb
2026-08-03 00:00:00,-0.93055236,-0.98793733,-0.9389163,-0.93534344,low-ebb,low-ebb,low-ebb,low-ebb
2026-08-03 00:10:00,-0.95850116,-1.0075455,-0.9648564,-0.9605783,low-ebb,low-ebb,low-ebb,low-ebb
2026-08-03 00:20:00,-0.97908986,-1.0195664,-0.9836639,-0.9787085,low-ebb,low-ebb,low-ebb,low-ebb
2026-08-03 00:30:00,-0.9921747,-1.0239953,-0.99520963,-0.9896105,low-ebb,low-ebb,low-ebb,low-ebb
2026-08-03 00:40:00,-0.9976716,-1.020886,-0.9994187,-0.9932152,low-ebb,low-flow,low-ebb,low-ebb
2026-08-03 00:50:00,-0.9955563,-1.0103463,-0.996271,-0.9895078,low-flow,low-flow,low-flow,low-flow
2026-08-03 01:00:00,-0.98586416,-0.9925326,-0.98580104,-0.9785277,low-flow,low-flow,low-flow,low-flow
2026-08-03 01:10:00,-0.9686889,-0.967645,-0.9680968,-0.9603675,low-flow,low-flow,low-flow,low-flow
2026-08-03 01:20:00,-0.9441814,-0.9359223,-0.943299,-0.9351719,low-flow,low-flow,low-flow,low-flow
2026-08-03 01:30:00,-0.91254747,-0.8976382,-0.9115993,-0.90313625,low-flow,low-flow,low-flow,low-flow
2026-08-03 01:40:00,-0.8740456,-0.85309756,-0.8732386,-0.8645045,low-flow,low-flow,low-flow,low-flow
2026-08-03 01:50:00,-0.82898426,-0.8026336,-0.8285049,-0.8195671,low-flow,low-flow,low-flow,low-flow
2026-08-03 02:00:00,-0.7777184,-0.7466063,-0.77773064,-0.7686583,low-flow,low-flow,low-flow,low-flow
2026-08-03 02:10:00,-0.7206463,-0.68540055,-0.7212898,-0.71215343,low-flow,low-flow,low-flow,low-flow
2026-08-03 02:20:00,-0.6582057,-0.6194258,-0.6595954,-0.6504661,low-flow,low-flow,low-flow,low-flow
2026-08-03 02:30:00,-0.59086967,-0.54911506,-0.59309554,-0.5840445,low-flow,low-flow,low-flow,low-flow
2026-08-03 02:40:00,-0.51914287,-0.47492456,-0.52227086,-0.51336855,low-flow,low-flow,low-flow,low-flow
2026-08-03 02:50:00,-0.44355714,-0.3973331,-0.4476302,-0.4389459,low-flow,low-flow,low-flow,low-flow
2026-08-03 03:00:00,-0.3646673,-0.31684083,-0.3697074,-0.36130846,low-flow,low-flow,low-flow,low-flow
2026-08-03 03:10:00,-0.2830468,-0.23396814,-0.2890574,-0.28100872,low-flow,low-flow,low-flow,low-flow
2026-08-03 03:20:00,-0.19928354,-0.14925335,-0.20625229,-0.19861576,low-flow,low-flow,low-flow,low-flow
2026-08-03 03:30:00,-0.11397561,-0.06325041,-0.12187765,-0.11471153,low-flow,low-flow,low-flow,low-flow
2026-08-03 03:40:00,-0.027727246,0.023474174,-0.036528405,-0.029886942,low-flow,high-flow,low-flow,low-flow
2026-08-03 03:50:00,0.058855224,0.11034469,0.049194947,0.055262063,high-flow,high-flow,high-flow,high-flow
2026-08-03 04:00:00,0.14516726,0.1967799,0.13469031,0.14013833,high-flow,high-flow,high-flow,high-flow
2026-08-03 04:10:00,0.23060982,0.28219676,0.21935788,0.22414732,high-flow,high-flow,high-flow,high-flow
2026-08-03 04:20:00,0.314593,0.3660143,0.30260396,0.30670097,high-flow,high-flow,high-flow,high-flow
2026-08-03 04:30:00,0.3965394,0.44765717,0.38384473,0.38722134,high-flow,high-flow,high-flow,high-flow
2026-08-03 04:40:00,0.4758874,0.52655923,0.46251008,0.4651443,high-flow,high-flow,high-flow,high-flow
2026-08-03 04:50:00,0.55209434,0.60216695,0.5380471,0.5399232,high-flow,high-flow,high-flow,high-flow
2026-08-03 05:00:00,0.6246395,0.67394245,0.6099237,0.6110321,high-flow,high-flow,high-flow,high-flow
2026-08-03 05:10:00,0.69302684,0.7413663,0.6776321,0.6779696,high-flow,high-flow,high-flow,high-flow
2026-08-03 05:20:00,0.75678766,0.8039412,0.74069196,0.7402615,high-flow,high-flow,high-flow,high-flow
2026-08-03 05:30:00,0.8154833,0.8611943,0.79865384,0.7974645,high-flow,high-flow,high-flow,high-flow
2026-08-03 05:40:00,0.86870736,0.9126809,0.8511019,0.84916866,high-flow,high-flow,high-flow,high-flow
2026-08-03 05:50:00,0.91608816,0.95798796,0.897657,0.8950007,high-flow,high-flow,high-flow,high-flow
2026-08-03 06:00:00,0.95729095,0.99673766,0.9379794,0.9346263,high-flow,high-flow,high-flow,high-flow
2026-08-03 06:10:00,0.9920197,1.0285916,0.971771,0.9677525,high-flow,high-flow,high-flow,high-flow
2026-08-03 06:20:00,1.0200193,1.0532552,0.99877787,0.9941303,high-flow,high-flow,high-flow,high-flow
2026-08-03 06:30:00,1.0410771,1.0704819,1.018792,1.0135561,high-flow,high-flow,high-flow,high-flow
2026-08-03 06:40:00,1.055025,1.0800774,1.0316534,1.0258739,high-flow,high-flow,high-flow,high-flow
2026-08-03 06:50:00,1.0617402,1.0819038,1.0372514,1.0309767,high-flow,high-flow,high-flow,high-flow
2026-08-03 07:00:00,1.0611471,1.075883,1.0355254,1.0288069,high-flow,high-ebb,high-flow,high-ebb
2026-08-03 07:10:00,1.0532181,1.0619998,1.0264667,1.0193588,high-ebb,high-ebb,high-ebb,high-ebb
2026-08-03 07:20:00,1.0379748,1.040303,1.0101182,1.002677,high-ebb,high-ebb,high-ebb,high-ebb
2026-08-03 07:30:00,1.0154883,1.0109074,0.986575,0.97885853,high-ebb,high-ebb,high-ebb,high-ebb
2026-08-03 07:40:00,0.9858795,0.9739928,0.9559839,0.9480513,high-ebb,high-ebb,high-ebb,high-ebb
2026-08-03 07:50:00,0.9493193,0.9298031,0.918543,0.9104541,high-ebb,high-ebb,high-ebb,high-ebb
2026-08-03 08:00:00,0.9060285,0.8786438,0.8745008,0.86631566,high-ebb,high-ebb,high-ebb,high-ebb
2026-08-03 08:10:00,0.8562769,0.82087904,0.8241548,0.8159332,high-ebb,high-ebb,high-ebb,high-ebb
2026-08-03 08:20:00,0.8003824,0.75692725,0.7678496,0.75965065,high-ebb,high-ebb,high-ebb,high-ebb
2026-08-03 08:30:00,0.7387094,0.687257,0.70597494,0.6978564,high-ebb,high-ebb,high-ebb,high-ebb
2026-08-03 08:40:00,0.67166746,0.6123821,0.6389629,0.63098127,high-ebb,high-ebb,high-ebb,high-ebb
2026-08-03 08:50:00,0.5997086,0.53285664,0.5672854,0.559495,high-ebb,high-ebb,high-ebb,high-ebb
2026-08-03 09:00:00,0.52332485,0.4492702,0.49145052,0.48390347,high-ebb,high-ebb,high-ebb,high-ebb
2026-08-03 09:10:00,0.44304523,0.36224297,0.41199896,0.40474486,high-ebb,high-ebb,high-ebb,high-ebb
2026-08-03 09:20:00,0.35943216,0.27242142,0.32950038,0.32258588,high-ebb,high-ebb,high-ebb,high-ebb
2026-08-03 09:30:00,0.27307773,0.180474,0.2445488,0.2380175,high-ebb,high-ebb,high-ebb,high-ebb
2026-08-03 09:40:00,0.18459925,0.08708675,0.15775844,0.15165058,high-ebb,high-ebb,high-ebb,high-ebb
2026-08-03 09:50:00,0.09463494,-0.007040625,0.06975889,0.06411119,high-ebb,low-ebb,high-ebb,high-ebb
2026-08-03 10:00:00,0.0038387966,-0.101199254,-0.018809713,-0.023964187,high-ebb,low-ebb,low-ebb,low-ebb
2026-08-03 10:10:00,-0.0871244,-0.19467565,-0.10730164,-0.111933574,low-ebb,low-ebb,low-ebb,low-ebb
2026-08-03 10:20:00,-0.17758448,-0.2867568,-0.19507062,-0.19915454,low-ebb,low-ebb,low-ebb,low-ebb
2026-08-03 10:30:00,-0.2668714,-0.37673578,-0.28147492,-0.28498924,low-ebb,low-ebb,low-ebb,low-ebb
2026-08-03 10:40:00,-0.35432082,-0.46391794,-0.3658824,-0.36880943,low-ebb,low-ebb,low-ebb,low-ebb
2026-08-03 10:50:00,-0.43927974,-0.5476276,-0.4476755,-0.4500015,low-ebb,low-ebb,low-ebb,low-ebb
2026-08-03 11:00:00,-0.5211121,-0.62721545,-0.5262561,-0.5279712,low-ebb,low-ebb,low-ebb,low-ebb
2026-08-03 11:10:00,-0.59920424,-0.7020656,-0.6010503,-0.6021484,low-ebb,low-ebb,low-ebb,low-ebb
2026-08-03 11:20:00,-0.6729704,-0.7716033,-0.6715128,-0.67199165,low-ebb,low-ebb,low-ebb,low-ebb
2026-08-03 11:30:00,-0.7418574,-0.83530194,-0.7371312,-0.73699206,low-ebb,low-ebb,low-ebb,low-ebb
2026-08-03 11:40:00,-0.80535,-0.8926897,-0.7974298,-0.79667765,low-ebb,low-ebb,low-ebb,low-ebb
2026-08-03 11:50:00,-0.8629749,-0.9433549,-0.85197365,-0.85061675,low-ebb,low-ebb,low-ebb,low-ebb
2026-08-03 12:00:00,-0.9143049,-0.9869507,-0.9003712,-0.8984213,low-ebb,low-ebb,low-ebb,low-ebb
2026-08-03 12:10:00,-0.95896274,-1.0231977,-0.9422775,-0.9397494,low-ebb,low-ebb,low-ebb,low-ebb
2026-08-03 12:20:00,-0.9966238,-1.051886,-0.9773967,-0.9743083,low-ebb,low-ebb,low-ebb,low-ebb
2026-08-03 12:30:00,-1.0270189,-1.0728743,-1.005484,-1.0018561,low-ebb,low-ebb,low-ebb,low-ebb
2026-08-03 12:40:00,-1.0499364,-1.0860894,-1.0263469,-1.022203,low-ebb,low-ebb,low-ebb,low-ebb
2026-08-03 12:50:00,-1.0652231,-1.0915222,-1.0398469,-1.0352132,low-ebb,low-ebb,low-ebb,low-ebb
2026-08-03 13:00:00,-1.0727861,-1.0892246,-1.0459,-1.0408051,low-ebb,low-flow,low-ebb,low-ebb
2026-08-03 13:10:00,-1.072592,-1.0793045,-1.0444764,-1.0389513,low-ebb,low-flow,low-ebb,low-ebb
2026-08-03 13:20:00,-1.0646672,-1.0619199,-1.0356014,-1.0296791,low-flow,low-flow,low-flow,low-flow
2026-08-03 13:30:00,-1.0490972,-1.0372752,-1.0193536,-1.0130692,low-flow,low-flow,low-flow,low-flow
2026-08-03 13:40:00,-1.0260245,-1.0056145,-0.9958647,-0.98925513,low-flow,low-flow,low-flow,low-flow
2026-08-03 13:50:00,-0.99564767,-0.96721786,-0.96531785,-0.9584218,low-flow,low-flow,low-flow,low-flow
2026-08-03 14:00:00,-0.9582183,-0.9223972,-0.92794573,-0.9208035,low-flow,low-flow,low-flow,low-flow
2026-08-03 14:10:00,-0.91403854,-0.87149304,-0.8840288,-0.8766819,low-flow,low-flow,low-flow,low-flow
2026-08-03 14:20:00,-0.8634578,-0.81487215,-0.83389235,-0.82638377,low-flow,low-flow,low-flow,low-flow
2026-08-03 14:30:00,-0.8068697,-0.7529259,-0.7779044,-0.7702782,low-flow,low-flow,low-flow,low-flow
2026-08-03 14:40:00,-0.74470776,-0.68606895,-0.71647245,-0.7087735,low-flow,low-flow,low-flow,low-flow
2026-08-03 14:50:00,-0.67744195,-0.61473876,-0.65004027,-0.64231426,low-flow,low-flow,low-flow,low-flow
2026-08-03 15:00:00,-0.6055744,-0.5393949,-0.57908463,-0.57137793,low-flow,low-flow,low-flow,low-flow
2026-08-03 15:10:00,-0.5296351,-0.46051845,-0.50411195,-0.4964712,low-flow,low-flow,low-flow,low-flow
2026-08-03 15:20:00,-0.45017767,-0.37861133,-0.4256543,-0.41812643,low-flow,low-flow,low-flow,low-flow
2026-08-03 15:30:00,-0.36777508,-0.29419482,-0.3442659,-0.33689782,low-flow,low-flow,low-flow,low-flow
2026-08-03 15:40:00,-0.28301534,-0.20780812,-0.26051927,-0.25335768,low-flow,low-flow,low-flow,low-flow
2026-08-03 15:50:00,-0.19649713,-0.120005906,-0.17500111,-0.1680923,low-flow,low-flow,low-flow,low-flow
2026-08-03 16:00:00,-0.108825795,-0.031355616,-0.08830868,-0.081698224,low-flow,low-flow,low-flow,low-flow
2026-08-03 16:10:00,-0.020609185,0.05756576,-0.0010455854,0.0052218135,low-flow,high-flow,low-flow,high-flow
2026-08-03 16:20:00,0.067546226,0.14617525,0.08618202,0.09206286,high-flow,high-flow,high-flow,high-flow
2026-08-03 16:30:00,0.15503913,0.2338877,0.17276943,0.17822164,high-flow,high-flow,high-flow,high-flow
2026-08-03 16:40:00,0.241277,0.32011956,0.25811723,0.26310048,high-flow,high-flow,high-flow,high-flow
2026-08-03 16:50:00,0.3256795,0.40429264,0.34163514,0.34611112,high-flow,high-flow,high-flow,high-flow
2026-08-03 17:00:00,0.40768185,0.48583794,0.42274585,0.4266785,high-flow,high-flow,high-flow,high-flow
2026-08-03 17:10:00,0.4867378,0.5641988,0.5008886,0.50424445,high-flow,high-flow,high-flow,high-flow
2026-08-03 17:20:00,0.5623227,0.6388343,0.5755228,0.57827127,high-flow,high-flow,high-flow,high-flow
2026-08-03 17:30:00,0.6339362,0.7092225,0.6461315,0.6482452,high-flow,high-flow,high-flow,high-flow
2026-08-03 17:40:00,0.70110506,0.7748631,0.71222484,0.7136798,high-flow,high-flow,high-flow,high-flow
2026-08-03 17:50:00,0.7633853,0.83528066,0.773343,0.77411896,high-flow,high-flow,high-flow,high-flow
2026-08-03 18:00:00,0.82036483,0.8900277,0.82905966,0.8291403,high-flow,high-flow,high-flow,high-flow
2026-08-03 18:10:00,0.8716657,0.9386878,0.87898445,0.87835777,high-flow,high-flow,high-flow,high-flow
2026-08-03 18:20:00,0.91694593,0.98087937,0.9227659,0.92142427,high-flow,high-flow,high-flow,high-flow
2026-08-03 18:30:00,0.9559018,1.0162593,0.9600939,0.9580344,high-flow,high-flow,high-flow,high-flow
2026-08-03 18:40:00,0.98826927,1.0445272,0.9907019,0.9879265,high-flow,high-flow,high-flow,high-flow
2026-08-03 18:50:00,1.0138263,1.065429,1.014369,1.0108845,high-flow,high-flow,high-flow,high-flow
2026-08-03 19:00:00,1.0323937,1.0787617,1.0309217,1.0267401,high-flow,high-flow,high-flow,high-flow
2026-08-03 19:10:00,1.0438372,1.0843772,1.0402353,1.0353737,high-flow,high-flow,high-flow,high-flow
2026-08-03 19:20:00,1.0480682,1.0821854,1.0422353,1.036716,high-flow,high-ebb,high-flow,high-flow
2026-08-03 19:30:00,1.045045,1.0721574,1.0368978,1.0307485,high-ebb,high-ebb,high-ebb,high-ebb
2026-08-03 19:40:00,1.034774,1.0543281,1.0242509,1.0175042,high-ebb,high-ebb,high-ebb,high-ebb
2026-08-03 19:50:00,1.0173098,1.0287963,1.004374,0.99706775,high-ebb,high-ebb,high-ebb,high-ebb
2026-08-03 20:00:00,0.99275565,0.99572605,0.9773982,0.96957487,high-ebb,high-ebb,high-ebb,high-ebb
2026-08-03 20:10:00,0.9612641,0.9553444,0.94350535,0.93521243,high-ebb,high-ebb,high-ebb,high-ebb
2026-08-03 20:20:00,0.92303604,0.9079403,0.9029276,0.8942168,high-ebb,high-ebb,high-ebb,high-ebb
2026-08-03 20:30:00,0.8783207,0.85386133,0.8559456,0.846873,high-ebb,high-ebb,high-ebb,high-ebb
2026-08-03 20:40:00,0.8274146,0.79350954,0.8028873,0.7935127,high-ebb,high-ebb,high-ebb,high-ebb
2026-08-03 20:50:00,0.77066004,0.7273374,0.7441256,0.73451227,high-ebb,high-ebb,high-ebb,high-ebb
2026-08-03 21:00:00,0.70844406,0.65584284,0.68007576,0.67029005,high-ebb,high-ebb,high-ebb,high-ebb
2026-08-03 21:10:00,0.6411957,0.5795641,0.61119306,0.6013038,high-ebb,high-ebb,high-ebb,high-ebb
2026-08-03 21:20:00,0.569384,0.49907488,0.5379692,0.52804726,high-ebb,high-ebb,high-ebb,high-ebb
2026-08-03 21:30:00,0.49351498,0.41497937,0.46092886,0.45104674,high-ebb,high-ebb,high-ebb,high-ebb
2026-08-03 21:40:00,0.41412842,0.32790762,0.38062617,0.37085727,high-ebb,high-ebb,high-ebb,high-ebb
2026-08-03 21:50:00,0.3317942,0.23851117,0.29764047,0.28805846,high-ebb,high-ebb,high-ebb,high-ebb
2026-08-03 22:00:00,0.2471082,0.14745891,0.21257184,0.20325026,high-ebb,high-ebb,high-ebb,high-ebb
2026-08-03 22:10:00,0.16068807,0.055432912,0.12603682,0.11704826,high-ebb,high-ebb,high-ebb,high-ebb
2026-08-03 22:20:00,0.073168434,-0.036875524,0.03866355,0.03007911,high-ebb,low-ebb,high-ebb,high-ebb
2026-08-03 22:30:00,-0.014803963,-0.12877025,-0.048913024,-0.057024375,low-ebb,low-ebb,low-ebb,low-ebb
2026-08-03 22:40:00,-0.10257549,-0.2195548,-0.13605605,-0.14362809,low-ebb,low-ebb,low-ebb,low-ebb
2026-08-03 22:50:00,-0.18949093,-0.3085375,-0.22213174,-0.22910163,low-ebb,low-ebb,low-ebb,low-ebb
2026-08-03 23:00:00,-0.27489895,-0.39503717,-0.3065143,-0.31282315,low-ebb,low-ebb,low-ebb,low-ebb
2026-08-03 23:10:00,-0.35815758,-0.47838917,-0.3885908,-0.39418423,low-ebb,low-ebb,low-ebb,low-ebb
2026-08-03 23:20:00,-0.4386398,-0.5579521,-0.46776605,-0.47259477,low-ebb,low-ebb,low-ebb,low-ebb
2026-08-03 23:30:00,-0.5157388,-0.633115,-0.5434671,-0.5474874,low-ebb,low-ebb,low-ebb,low-ebb
2026-08-03 23:40:00,-0.58887345,-0.7033041,-0.61514777,-0.6183219,low-ebb,low-ebb,low-ebb,low-ebb
2026-08-03 23:50:00,-0.65749323,-0.76799047,-0.6822929,-0.6845895,low-ebb,low-ebb,low-ebb,low-ebb
2026-08-04 00:00:00,-0.72108305,-0.82669586,-0.74442214,-0.74581665,low-ebb,low-ebb,low-ebb,low-ebb
2026-08-04 00:10:00,-0.77916795,-0.8789992,-0.80109364,-0.80156857,low-ebb,low-ebb,low-ebb,low-ebb
2026-08-04 00:20:00,-0.8313168,-0.9245409,-0.8519075,-0.8514526,low-ebb,low-ebb,low-ebb,low-ebb
2026-08-04 00:30:00,-0.8771464,-0.96302676,-0.89650834,-0.8951208,low-ebb,low-ebb,low-ebb,low-ebb
2026-08-04 00:40:00,-0.9163244,-0.99422985,-0.93458813,-0.9322727,low-ebb,low-ebb,low-ebb,low-ebb
2026-08-04 00:50:00,-0.9485719,-1.0179911,-0.9658882,-0.9626571,low-ebb,low-ebb,low-ebb,low-ebb
2026-08-04 01:00:00,-0.97366613,-1.0342183,-0.9902008,-0.9860739,low-ebb,low-ebb,low-ebb,low-ebb
2026-08-04 01:10:00,-0.9914413,-1.042884,-1.0073706,-1.0023751,low-ebb,low-ebb,low-ebb,low-ebb
2026-08-04 01:20:00,-1.0017902,-1.0440217,-1.0172954,-1.0114657,low-ebb,low-ebb,low-ebb,low-ebb
2026-08-04 01:30:00,-1.0046641,-1.0377216,-1.0199263,-1.0133038,low-ebb,low-flow,low-ebb,low-ebb
2026-08-04 01:40:00,-1.0000733,-1.0241256,-1.0152683,-1.0079008,low-flow,low-flow,low-flow,low-flow
2026-08-04 01:50:00,-0.9880858,-1.0034219,-1.0033791,-0.995321,low-flow,low-flow,low-flow,low-flow
2026-08-04 02:00:00,-0.9688265,-0.9758401,-0.9843686,-0.9756799,low-flow,low-flow,low-flow,low-flow
2026-08-04 02:10:00,-0.9424751,-0.9416459,-0.95839787,-0.9491438,low-flow,low-flow,low-flow,low-flow
2026-08-04 02:20:00,-0.90926427,-0.9011375,-0.9256772,-0.91592795,low-flow,low-flow,low-flow,low-flow
2026-08-04 02:30:00,-0.86947685,-0.8546414,-0.8864643,-0.876294,low-flow,low-flow,low-flow,low-flow
2026-08-04 02:40:00,-0.8234427,-0.8025101,-0.84106207,-0.8305485,low-flow,low-flow,low-flow,low-flow
2026-08-04 02:50:00,-0.77153563,-0.7451202,-0.78981614,-0.7790398,low-flow,low-flow,low-flow,low-flow
2026-08-04 03:00:00,-0.7141695,-0.6828708,-0.7331118,-0.7221554,low-flow,low-flow,low-flow,low-flow
2026-08-04 03:10:00,-0.65179455,-0.61618286,-0.6713713,-0.660319,low-flow,low-flow,low-flow,low-flow
2026-08-04 03:20:00,-0.58489317,-0.5454986,-0.6050503,-0.5939868,low-flow,low-flow,low-flow,low-flow
2026-08-04 03:30:00,-0.51397586,-0.4712812,-0.53463477,-0.5236449,low-flow,low-flow,low-flow,low-flow
2026-08-04 03:40:00,-0.43957695,-0.39401382,-0.46063715,-0.44980493,low-flow,low-flow,low-flow,low-flow
2026-08-04 03:50:00,-0.36225018,-0.314199,-0.38359287,-0.37300077,low-flow,low-flow,low-flow,low-flow
2026-08-04 04:00:00,-0.28256455,-0.23235716,-0.3040564,-0.2937848,low-flow,low-flow,low-flow,low-flow
2026-08-04 04:10:00,-0.20110005,-0.14902449,-0.22259764,-0.21272396,low-flow,low-flow,low-flow,low-flow
2026-08-04 04:20:00,-0.11844354,-0.06475061,-0.13979778,-0.13039595,low-flow,low-flow,low-flow,low-flow
2026-08-04 04:30:00,-0.035184596,0.019904515,-0.056245483,-0.047385387,low-flow,high-flow,low-flow,low-flow
2026-08-04 04:40:00,0.048088264,0.10437398,0.027466957,0.03572019,high-flow,high-flow,high-flow,high-flow
2026-08-04 04:50:00,0.1307914,0.18808763,0.11074764,0.11833407,high-flow,high-flow,high-flow,high-flow
2026-08-04 05:00:00,0.21234962,0.27047595,0.1930089,0.19987425,high-flow,high-flow,high-flow,high-flow
2026-08-04 05:10:00,0.29219958,0.3509739,0.27367112,0.2797672,high-flow,high-flow,high-flow,high-flow
2026-08-04 05:20:00,0.36979303,0.42902464,0.35216647,0.35745153,high-flow,high-flow,high-flow,high-flow
2026-08-04 05:30:00,0.44459984,0.50408316,0.42794266,0.43238163,high-flow,high-flow,high-flow,high-flow
2026-08-04 05:40:00,0.5161109,0.57561964,0.50046647,0.50403124,high-flow,high-flow,high-flow,high-flow
2026-08-04 05:50:00,0.5838408,0.6431225,0.5692272,0.5718968,high-flow,high-flow,high-flow,high-flow
2026-08-04 06:00:00,0.6473304,0.70610166,0.63374007,0.63550067,high-flow,high-flow,high-flow,high-flow
2026-08-04 06:10:00,0.70614934,0.7640912,0.6935494,0.69439435,high-flow,high-flow,high-flow,high-flow
2026-08-04 06:20:00,0.75989795,0.8166526,0.74823165,0.7481615,high-flow,high-flow,high-flow,high-flow
2026-08-04 06:30:00,0.8082097,0.8633776,0.7973982,0.7964207,high-flow,high-flow,high-flow,high-flow
2026-08-04 06:40:00,0.8507531,0.90389156,0.8406983,0.8388279,high-flow,high-flow,high-flow,high-flow
2026-08-04 06:50:00,0.88723344,0.93785733,0.8778213,0.8750793,high-flow,high-flow,high-flow,high-flow
2026-08-04 07:00:00,0.9173946,0.96497834,0.90849894,0.90491295,high-flow,high-flow,high-flow,high-flow
2026-08-04 07:10:00,0.9410206,0.98500323,0.9325074,0.9281112,high-flow,high-flow,high-flow,high-flow
2026-08-04 07:20:00,0.9579373,0.99772924,0.94966906,0.94450223,high-flow,high-flow,high-flow,high-flow
2026-08-04 07:30:00,0.9680133,1.0030065,0.95985407,0.9539613,high-flow,high-flow,high-flow,high-flow
2026-08-04 07:40:00,0.9711614,1.000741,0.9629813,0.9564123,high-flow,high-ebb,high-flow,high-flow
2026-08-04 07:50:00,0.9673398,0.9908984,0.9590194,0.9518283,high-ebb,high-ebb,high-ebb,high-ebb
2026-08-04 08:00:00,0.95655245,0.9735055,0.94798744,0.94023216,high-ebb,high-ebb,high-ebb,high-ebb
2026-08-04 08:10:00,0.93885,0.94865245,0.9299548,0.92169666,high-ebb,high-ebb,high-ebb,high-ebb
2026-08-04 08:20:00,0.91433,0.91649246,0.90504134,0.8963446,high-ebb,high-ebb,high-ebb,high-ebb
2026-08-04 08:30:00,0.8831374,0.87724155,0.87341684,0.8643479,high-ebb,high-ebb,high-ebb,high-ebb
2026-08-04 08:40:00,0.8454639,0.8311767,0.83529997,0.8259271,high-ebb,high-ebb,high-ebb,high-ebb
2026-08-04 08:50:00,0.80154765,0.778633,0.7909574,0.78135,high-ebb,high-ebb,high-ebb,high-ebb
2026-08-04 09:00:00,0.7516729,0.72000027,0.74070185,0.7309301,high-ebb,high-ebb,high-ebb,high-ebb
2026-08-04 09:10:00,0.6961683,0.6557183,0.68489033,0.6750244,high-ebb,high-ebb,high-ebb,high-ebb
2026-08-04 09:20:00,0.63540566,0.5862727,0.62392175,0.61403155,high-ebb,high-ebb,high-ebb,high-ebb
2026-08-04 09:30:00,0.5697981,0.51218903,0.5582343,0.5483888,high-ebb,high-ebb,high-ebb,high-ebb
2026-08-04 09:40:00,0.49979776,0.4340283,0.48830214,0.4785691,high-ebb,high-ebb,high-ebb,high-ebb
2026-08-04 09:50:00,0.4258931,0.3523817,0.41463256,0.40507787,high-ebb,high-ebb,high-ebb,high-ebb
2026-08-04 10:00:00,0.34860593,0.2678658,0.3377619,0.32844934,high-ebb,high-ebb,high-ebb,high-ebb
2026-08-04 10:10:00,0.26848793,0.18111822,0.25825188,0.2492426,high-ebb,high-ebb,high-ebb,high-ebb
2026-08-04 10:20:00,0.18611686,0.09279321,0.17668532,0.1680376,high-ebb,high-ebb,high-ebb,high-ebb
2026-08-04 10:30:00,0.10209248,0.003557783,0.09366183,0.08543071,high-ebb,high-ebb,high-ebb,high-ebb
2026-08-04 10:40:00,0.017031986,-0.08591225,0.009793309,0.002030326,high-ebb,low-ebb,high-ebb,high-ebb
2026-08-04 10:50:00,-0.06843464,-0.17493628,-0.074300766,-0.081547834,low-ebb,low-ebb,low-ebb,low-ebb
2026-08-04 11:00:00,-0.15366961,-0.26283315,-0.15799807,-0.16468541,low-ebb,low-ebb,low-ebb,low-ebb
2026-08-04 11:10:00,-0.23803252,-0.34892574,-0.24067824,-0.24676621,low-ebb,low-ebb,low-ebb,low-ebb
2026-08-04 11:20:00,-0.3208856,-0.43254608,-0.32172766,-0.3271809,low-ebb,low-ebb,low-ebb,low-ebb
2026-08-04 11:30:00,-0.40159908,-0.51304114,-0.4005443,-0.40533185,low-ebb,low-ebb,low-ebb,low-ebb
2026-08-04 11:40:00,-0.47955665,-0.5897788,-0.4765422,-0.48063767,low-ebb,low-ebb,low-ebb,low-ebb
2026-08-04 11:50:00,-0.55416065,-0.6621546,-0.54915637,-0.5525378,low-ebb,low-ebb,low-ebb,low-ebb
2026-08-04 12:00:00,-0.6248375,-0.7295988,-0.61784667,-0.6204968,low-ebb,low-ebb,low-ebb,low-ebb
2026-08-04 12:10:00,-0.6910425,-0.791583,-0.6821025,-0.6840086,low-ebb,low-ebb,low-ebb,low-ebb
2026-08-04 12:20:00,-0.7522647,-0.8476267,-0.7414464,-0.7426002,low-ebb,low-ebb,low-ebb,low-ebb
2026-08-04 12:30:00,-0.8080317,-0.8973039,-0.7954375,-0.7958355,low-ebb,low-ebb,low-ebb,low-ebb
2026-08-04 12:40:00,-0.8579133,-0.9402477,-0.84367543,-0.84331846,low-ebb,low-ebb,low-ebb,low-ebb
2026-08-04 12:50:00,-0.9015257,-0.9761547,-0.88580275,-0.88469595,low-ebb,low-ebb,low-ebb,low-ebb
2026-08-04 13:00:00,-0.93853444,-1.0047877,-0.92150766,-0.91966057,low-ebb,low-ebb,low-ebb,low-ebb
2026-08-04 13:10:00,-0.9686575,-1.0259767,-0.9505263,-0.9479527,low-ebb,low-ebb,low-ebb,low-ebb
2026-08-04 13:20:00,-0.9916672,-1.039619,-0.9726446,-0.9693622,low-ebb,low-ebb,low-ebb,low-ebb
2026-08-04 13:30:00,-1.0073924,-1.0456771,-0.98769957,-0.98373,low-ebb,low-ebb,low-ebb,low-ebb
2026-08-04 13:40:00,-1.0157193,-1.0441762,-0.9955801,-0.99094903,low-ebb,low-ebb,low-ebb,low-ebb
2026-08-04 13:50:00,-1.0165921,-1.0351996,-0.996228,-0.99096453,low-ebb,low-flow,low-ebb,low-ebb
2026-08-04 14:00:00,-1.0100133,-1.0188844,-0.98963755,-0.9837744,low-flow,low-flow,low-flow,low-flow
2026-08-04 14:10:00,-0.99604267,-0.9954162,-0.97585577,-0.9694289,low-flow,low-flow,low-flow,low-flow
2026-08-04 14:20:00,-0.9747966,-0.9650237,-0.9549813,-0.94802994,low-flow,low-flow,low-flow,low-flow
2026-08-04 14:30:00,-0.9464464,-0.92797357,-0.9271637,-0.9197299,low-flow,low-flow,low-flow,low-flow
2026-08-04 14:40:00,-0.91121626,-0.88456625,-0.8926018,-0.88473046,low-flow,low-flow,low-flow,low-flow
2026-08-04 14:50:00,-0.86938065,-0.8351317,-0.851542,-0.8432806,low-flow,low-flow,low-flow,low-flow
2026-08-04 15:00:00,-0.8212616,-0.7800265,-0.80427617,-0.7956747,low-flow,low-flow,low-flow,low-flow
2026-08-04 15:10:00,-0.7672252,-0.7196312,-0.75113934,-0.7422498,low-flow,low-flow,low-flow,low-flow
2026-08-04 15:20:00,-0.7076783,-0.6543489,-0.692507,-0.68338335,low-flow,low-flow,low-flow,low-flow
2026-08-04 15:30:00,-0.64306474,-0.5846042,-0.62879217,-0.61949015,low-flow,low-flow,low-flow,low-flow
2026-08-04 15:40:00,-0.57386094,-0.5108423,-0.5604423,-0.551019,low-flow,low-flow,low-flow,low-flow
2026-08-04 15:50:00,-0.50057226,-0.4335287,-0.48793602,-0.47844982,low-flow,low-flow,low-flow,low-flow
2026-08-04 16:00:00,-0.4237285,-0.3531483,-0.41177952,-0.4022897,low-flow,low-flow,low-flow,low-flow
2026-08-04 16:10:00,-0.34387973,-0.270205,-0.33250308,-0.32306957,low-flow,low-flow,low-flow,low-flow
2026-08-04 16:20:00,-0.26159194,-0.18522009,-0.25065732,-0.24134038,low-flow,low-flow,low-flow,low-flow
2026-08-04 16:30:00,-0.17744286,-0.09873068,-0.16680935,-0.15766932,low-flow,low-flow,low-flow,low-flow
2026-08-04 16:40:00,-0.09201784,-0.011287349,-0.08153897,-0.07263587,low-flow,low-flow,low-flow,low-flow
2026-08-04 16:50:00,-0.005905687,0.076548725,0.0045653256,0.013172058,low-flow,high-flow,high-flow,high-flow
2026-08-04 17:00:00,0.08030513,0.16420907,0.09091016,0.09916205,high-flow,high-flow,high-flow,high-flow
2026-08-04 17:10:00,0.1660303,0.25112152,0.17690125,0.18474114,high-flow,high-flow,high-flow,high-flow
2026-08-04 17:20:00,0.25069326,0.33671415,0.26194733,0.2693197,high-flow,high-flow,high-flow,high-flow
2026-08-04 17:30:00,0.33372855,0.42041916,0.34546393,0.35231534,high-flow,high-flow,high-flow,high-flow
2026-08-04 17:40:00,0.4145851,0.50167674,0.42687717,0.43315658,high-flow,high-flow,high-flow,high-flow
2026-08-04 17:50:00,0.4927293,0.5799388,0.5056276,0.51128674,high-flow,high-flow,high-flow,high-flow
2026-08-04 18:00:00,0.5676477,0.6546724,0.58117354,0.5861673,high-flow,high-flow,high-flow,high-flow
2026-08-04 18:10:00,0.6388499,0.72536284,0.65299493,0.65728176,high-flow,high-flow,high-flow,high-flow
2026-08-04 18:20:00,0.705871,0.791517,0.72059655,0.7241387,high-flow,high-flow,high-flow,high-flow
2026-08-04 18:30:00,0.76827365,0.852666,0.78351104,0.7862751,high-flow,high-flow,high-flow,high-flow
2026-08-04 18:40:00,0.8256509,0.908368,0.8413025,0.8432595,high-flow,high-flow,high-flow,high-flow
2026-08-04 18:50:00,0.8776276,0.95821106,0.8935689,0.89469486,high-flow,high-flow,high-flow,high-flow
2026-08-04 19:00:00,0.92386276,1.0018164,0.9399449,0.94022113,high-flow,high-flow,high-flow,high-flow
2026-08-04 19:10:00,0.96405107,1.0388412,0.98010474,0.9795178,high-flow,high-flow,high-flow,high-flow
2026-08-04 19:20:00,0.99792486,1.0689825,1.013764,1.0123063,high-flow,high-flow,high-flow,high-flow
2026-08-04 19:30:00,1.0252554,1.0919802,1.0406822,1.0383519,high-flow,high-flow,high-flow,high-flow
2026-08-04 19:40:00,1.0458547,1.1076212,1.0606638,1.0574653,high-flow,high-flow,high-flow,high-flow
2026-08-04 19:50:00,1.0595762,1.1157429,1.0735606,1.0695045,high-flow,high-flow,high-flow,high-flow
2026-08-04 20:00:00,1.0663165,1.1162369,1.0792726,1.0743756,high-flow,high-flow,high-flow,high-flow
2026-08-04 20:10:00,1.0660162,1.1090516,1.0777487,1.072034,high-flow,high-ebb,high-flow,high-ebb
2026-08-04 20:20:00,1.0586607,1.0941947,1.0689877,1.0624847,high-ebb,high-ebb,high-ebb,high-ebb
2026-08-04 20:30:00,1.0442809,1.0717351,1.0530385,1.0457829,high-ebb,high-ebb,high-ebb,high-ebb
2026-08-04 20:40:00,1.0229537,1.041804,1.0299999,1.0220333,high-ebb,high-ebb,high-ebb,high-ebb
2026-08-04 20:50:00,0.99480206,1.0045934,1.0000203,0.9913906,high-ebb,high-ebb,high-ebb,high-ebb
2026-08-04 21:00:00,0.9599952,0.96035594,0.9632971,0.9540575,high-ebb,high-ebb,high-ebb,high-ebb
2026-08-04 21:10:00,0.9187481,0.90940195,0.92007536,0.91028476,high-ebb,high-ebb,high-ebb,high-ebb
2026-08-04 21:20:00,0.87132096,0.85209626,0.8706464,0.86036867,high-ebb,high-ebb,high-ebb,high-ebb
2026-08-04 21:30:00,0.81801826,0.7888541,0.81534624,0.80464983,high-ebb,high-ebb,high-ebb,high-ebb
2026-08-04 21:40:00,0.7591875,0.7201367,0.7545529,0.74351066,high-ebb,high-ebb,high-ebb,high-ebb
2026-08-04 21:50:00,0.69521743,0.64644605,0.6886846,0.67737293,high-ebb,high-ebb,high-ebb,high-ebb
2026-08-04 22:00:00,0.62653613,0.5683202,0.61819607,0.60669476,high-ebb,high-ebb,high-ebb,high-ebb
2026-08-04 22:10:00,0.55360866,0.486328,0.54357636,0.5319677,high-ebb,high-ebb,high-ebb,high-ebb
2026-08-04 22:20:00,0.476934,0.40106463,0.46534455,0.4537128,high-ebb,high-ebb,high-ebb,high-ebb
2026-08-04 22:30:00,0.39704227,0.31314683,0.38404652,0.37247735,high-ebb,high-ebb,high-ebb,high-ebb
2026-08-04 22:40:00,0.31449085,0.22320902,0.3002509,0.2888306,high-ebb,high-ebb,high-ebb,high-ebb
2026-08-04 22:50:00,0.22986075,0.13189939,0.2145448,0.20335968,high-ebb,high-ebb,high-ebb,high-ebb
2026-08-04 23:00:00,0.14375219,0.03987618,0.12752968,0.11666525,high-ebb,high-ebb,high-ebb,high-ebb
2026-08-04 23:10:00,0.056780256,-0.052195895,0.039816666,0.029357003,high-ebb,low-ebb,high-ebb,high-ebb
2026-08-04 23:20:00,-0.03042988,-0.14364947,-0.047977917,-0.057950925,low-ebb,low-ebb,low-ebb,low-ebb
2026-08-04 23:30:00,-0.11724796,-0.23381864,-0.13523722,-0.14464456,low-ebb,low-ebb,low-ebb,low-ebb
2026-08-04 23:40:00,-0.20304374,-0.32204342,-0.2213485,-0.23011477,low-ebb,low-ebb,low-ebb,low-ebb
2026-08-04 23:50:00,-0.28719217,-0.40767488,-0.30570778,-0.31376186,low-ebb,low-ebb,low-ebb,low-ebb
2026-08-05 00:00:00,-0.3690787,-0.4900808,-0.38772452,-0.39500016,low-ebb,low-ebb,low-ebb,low-ebb
2026-08-05 00:10:00,-0.4481045,-0.56865185,-0.4668259,-0.4732624,low-ebb,low-ebb,low-ebb,low-ebb
2026-08-05 00:20:00,-0.52369165,-0.64280796,-0.54246134,-0.5480041,low-ebb,low-ebb,low-ebb,low-ebb
2026-08-05 00:30:00,-0.59528816,-0.7120054,-0.6141064,-0.61870754,low-ebb,low-ebb,low-ebb,low-ebb
2026-08-05 00:40:00,-0.66237277,-0.77574295,-0.6812672,-0.6848858,low-ebb,low-ebb,low-ebb,low-ebb
2026-08-05 00:50:00,-0.7244594,-0.83356863,-0.7434835,-0.7460862,low-ebb,low-ebb,low-ebb,low-ebb
2026-08-05 01:00:00,-0.7811017,-0.8850851,-0.8003323,-0.8018937,low-ebb,low-ebb,low-ebb,low-ebb
2026-08-05 01:10:00,-0.83189654,-0.9299542,-0.8514312,-0.8519339,low-ebb,low-ebb,low-ebb,low-ebb
2026-08-05 01:20:00,-0.87648755,-0.9679005,-0.8964406,-0.89587575,low-ebb,low-ebb,low-ebb,low-ebb
2026-08-05 01:30:00,-0.91456825,-0.99871355,-0.9350667,-0.93343365,low-ebb,low-ebb,low-ebb,low-ebb
2026-08-05 01:40:00,-0.9458843,-1.0222479,-0.9670627,-0.9643696,low-ebb,low-ebb,low-ebb,low-ebb
2026-08-05 01:50:00,-0.97023547,-1.038423,-0.99223125,-0.98849463,low-ebb,low-ebb,low-ebb,low-ebb
2026-08-05 02:00:00,-0.9874771,-1.04722,-1.0104249,-1.0056697,low-ebb,low-ebb,low-ebb,low-ebb
2026-08-05 02:10:00,-0.997521,-1.0486796,-1.0215473,-1.0158069,low-ebb,low-ebb,low-ebb,low-ebb
2026-08-05 02:20:00,-1.0003353,-1.0428967,-1.0255537,-1.0188693,low-ebb,low-flow,low-ebb,low-ebb
2026-08-05 02:30:00,-0.99594486,-1.0300164,-1.0224504,-1.014871,low-flow,low-flow,low-flow,low-flow
2026-08-05 02:40:00,-0.98442984,-1.0102282,-1.0122951,-1.0038768,low-flow,low-flow,low-flow,low-flow
2026-08-05 02:50:00,-0.96592456,-0.98376137,-0.99519545,-0.9860013,low-flow,low-flow,low-flow,low-flow
2026-08-05 03:00:00,-0.9406158,-0.9508804,-0.97130823,-0.9614076,low-flow,low-flow,low-flow,low-flow
2026-08-05 03:10:00,-0.90874046,-0.9118807,-0.9408378,-0.93030566,low-flow,low-flow,low-flow,low-flow
2026-08-05 03:20:00,-0.8705828,-0.8670851,-0.90403426,-0.8929507,low-flow,low-flow,low-flow,low-flow
2026-08-05 03:30:00,-0.82647145,-0.81684166,-0.8611914,-0.8496409,low-flow,low-flow,low-flow,low-flow
2026-08-05 03:40:00,-0.7767761,-0.76152134,-0.81264406,-0.80071485,low-flow,low-flow,low-flow,low-flow
2026-08-05 03:50:00,-0.72190374,-0.70151705,-0.7587659,-0.7465489,low-flow,low-flow,low-flow,low-flow
2026-08-05 04:00:00,-0.662295,-0.6372427,-0.69996583,-0.68755436,low-flow,low-flow,low-flow,low-flow
2026-08-05 04:10:00,-0.59841996,-0.5691326,-0.63668555,-0.62417406,low-flow,low-flow,low-flow,low-flow
2026-08-05 04:20:00,-0.53077435,-0.49764144,-0.56939584,-0.5568795,low-flow,low-flow,low-flow,low-flow
2026-08-05 04:30:00,-0.45987502,-0.423243,-0.49859324,-0.48616686,low-flow,low-flow,low-flow,low-flow
2026-08-05 04:40:00,-0.386256,-0.34642953,-0.42479658,-0.41255394,low-flow,low-flow,low-flow,low-flow
2026-08-05 04:50:00,-0.31046435,-0.26771024,-0.34854308,-0.33657607,low-flow,low-flow,low-flow,low-flow
2026-08-05 05:00:00,-0.23305593,-0.18760905,-0.2703847,-0.25878268,low-flow,low-flow,low-flow,low-flow
2026-08-05 05:10:00,-0.15459162,-0.106662154,-0.19088437,-0.17973338,low-flow,low-flow,low-flow,low-flow
2026-08-05 05:20:00,-0.075633354,-0.025414824,-0.110612094,-0.0999941,low-flow,low-flow,low-flow,low-flow
2026-08-05 05:30:00,0.0032595699,0.055582114,-0.030141065,-0.020133395,high-flow,high-flow,low-flow,low-flow
2026-08-05 05:40:00,0.08153399,0.1357761,0.049956128,0.059281435,high-flow,high-flow,high-flow,high-flow
2026-08-05 05:50:00,0.15864626,0.21461678,0.12911133,0.13768806,high-flow,high-flow,high-flow,high-flow
2026-08-05 06:00:00,0.23406537,0.29155993,0.20676462,0.21453285,high-flow,high-flow,high-flow,high-flow
2026-08-05 06:10:00,0.30727598,0.36607128,0.28236791,0.2892745,high-flow,high-flow,high-flow,high-flow
2026-08-05 06:20:00,0.37778124,0.4376301,0.3553887,0.3613876,high-flow,high-flow,high-flow,high-flow
2026-08-05 06:30:00,0.44510528,0.50573236,0.42531338,0.43036595,high-flow,high-flow,high-flow,high-flow
2026-08-05 06:40:00,0.5087958,0.569894,0.49165082,0.49572608,high-flow,high-flow,high-flow,high-flow
2026-08-05 06:50:00,0.5684263,0.6296538,0.55393547,0.55701023,high-flow,high-flow,high-flow,high-flow
2026-08-05 07:00:00,0.62359816,0.6845758,0.61173046,0.6137894,high-flow,high-flow,high-flow,high-flow
2026-08-05 07:10:00,0.6739427,0.7342523,0.6646307,0.6656664,high-flow,high-flow,high-flow,high-flow
2026-08-05 07:20:00,0.71912295,0.7783065,0.7122653,0.71227825,high-flow,high-flow,high-flow,high-flow
2026-08-05 07:30:00,0.75883555,0.8163954,0.7543004,0.7532987,high-flow,high-flow,high-flow,high-flow
2026-08-05 07:40:00,0.7928123,0.848213,0.79044133,0.78844076,high-flow,high-flow,high-flow,high-flow
2026-08-05 07:50:00,0.8208214,0.8734935,0.8204347,0.81745833,high-flow,high-flow,high-flow,high-flow
2026-08-05 08:00:00,0.84266937,0.8920146,0.84407026,0.8401482,high-flow,high-flow,high-flow,high-flow
2026-08-05 08:10:00,0.8582019,0.90360135,0.8611825,0.8563516,high-flow,high-flow,high-flow,high-flow
2026-08-05 08:20:00,0.86730516,0.90812904,0.87165195,0.86595523,high-flow,high-flow,high-flow,high-flow
2026-08-05 08:30:00,0.86990684,0.90552664,0.8754062,0.8688926,high-flow,high-ebb,high-flow,high-flow
2026-08-05 08:40:00,0.8659769,0.8957791,0.8724205,0.86514425,high-ebb,high-ebb,high-ebb,high-ebb
2026-08-05 08:50:00,0.8555286,0.87892944,0.8627182,0.85473853,high-ebb,high-ebb,high-ebb,high-ebb
2026-08-05 09:00:00,0.83861864,0.8550797,0.846371,0.8377514,high-ebb,high-ebb,high-ebb,high-ebb
2026-08-05 09:10:00,0.8153476,0.82439107,0.82349837,0.814306,high-ebb,high-ebb,high-ebb,high-ebb
2026-08-05 09:20:00,0.7858603,0.7870831,0.79426724,0.78457266,high-ebb,high-ebb,high-ebb,high-ebb
2026-08-05 09:30:00,0.75034523,0.7434314,0.75889087,0.7487672,high-ebb,high-ebb,high-ebb,high-ebb
2026-08-05 09:40:00,0.7090344,0.6937654,0.71762764,0.70715,high-ebb,high-ebb,high-ebb,high-ebb
2026-08-05 09:50:00,0.6622025,0.63846403,0.6707794,0.6600244,high-ebb,high-ebb,high-ebb,high-ebb
2026-08-05 10:00:00,0.6101658,0.5779519,0.61868966,0.6077348,high-ebb,high-ebb,high-ebb,high-ebb
2026-08-05 10:10:00,0.5532808,0.51269454,0.56174105,0.5506642,high-ebb,high-ebb,high-ebb,high-ebb
2026-08-05 10:20:00,0.4919424,0.44319332,0.5003529,0.48923162,high-ebb,high-ebb,high-ebb,high-ebb
2026-08-05 10:30:00,0.42658195,0.36998072,0.4349783,0.42388943,high-ebb,high-ebb,high-ebb,high-ebb
2026-08-05 10:40:00,0.35766444,0.29361573,0.36610085,0.35512003,high-ebb,high-ebb,high-ebb,high-ebb
2026-08-05 10:50:00,0.28568587,0.21467939,0.29423127,0.2834324,high-ebb,high-ebb,high-ebb,high-ebb
2026-08-05 11:00:00,0.21116994,0.1337707,0.21990378,0.20935847,high-ebb,high-ebb,high-ebb,high-ebb
2026-08-05 11:10:00,0.13466446,0.051503036,0.143672,0.1334493,high-ebb,high-ebb,high-ebb,high-ebb
2026-08-05 11:20:00,0.056737393,-0.03149939,0.06610505,0.056270998,high-ebb,low-ebb,high-ebb,high-ebb
2026-08-05 11:30:00,-0.022027304,-0.114604816,-0.012216777,-0.021599537,low-ebb,low-ebb,low-ebb,low-ebb
2026-08-05 11:40:00,-0.1010342,-0.19717735,-0.090706356,-0.09957886,low-ebb,low-ebb,low-ebb,low-ebb
2026-08-05 11:50:00,-0.1796811,-0.27858058,-0.16877411,-0.17708139,low-ebb,low-ebb,low-ebb,low-ebb
2026-08-05 12:00:00,-0.25736395,-0.35818154,-0.24583256,-0.2535239,low-ebb,low-ebb,low-ebb,low-ebb
2026-08-05 12:10:00,-0.33348182,-0.43535534,-0.3213007,-0.3283298,low-ebb,low-ebb,low-ebb,low-ebb
2026-08-05 12:20:00,-0.40744206,-0.50949013,-0.39460847,-0.40093374,low-ebb,low-ebb,low-ebb,low-ebb
2026-08-05 12:30:00,-0.47866538,-0.57999295,-0.46520117,-0.47078586,low-ebb,low-ebb,low-ebb,low-ebb
2026-08-05 12:40:00,-0.5465909,-0.6462957,-0.5325436,-0.53735584,low-ebb,low-ebb,low-ebb,low-ebb
2026-08-05 12:50:00,-0.6106812,-0.70786196,-0.59612423,-0.6001372,low-ebb,low-ebb,low-ebb,low-ebb
2026-08-05 13:00:00,-0.6704269,-0.76419324,-0.65545905,-0.658651,low-ebb,low-ebb,low-ebb,low-ebb
2026-08-05 13:10:00,-0.7253516,-0.8148357,-0.7100952,-0.71244955,low-ebb,low-ebb,low-ebb,low-ebb
2026-08-05 13:20:00,-0.7750155,-0.85938597,-0.7596146,-0.7611199,low-ebb,low-ebb,low-ebb,low-ebb
2026-08-05 13:30:00,-0.81902015,-0.8974963,-0.80363667,-0.80428666,low-ebb,low-ebb,low-ebb,low-ebb
2026-08-05 13:40:00,-0.85701126,-0.9288787,-0.8418216,-0.8416152,low-ebb,low-ebb,low-ebb,low-ebb
2026-08-05 13:50:00,-0.8886823,-0.95330805,-0.87387276,-0.87281376,low-ebb,low-ebb,low-ebb,low-ebb
2026-08-05 14:00:00,-0.9137767,-0.9706229,-0.8995385,-0.89763576,low-ebb,low-ebb,low-ebb,low-ebb
2026-08-05 14:10:00,-0.9320903,-0.9807262,-0.9186143,-0.91588163,low-ebb,low-ebb,low-ebb,low-ebb
2026-08-05 14:20:00,-0.9434726,-0.9835832,-0.93094397,-0.9273999,low-ebb,low-ebb,low-ebb,low-ebb
2026-08-05 14:30:00,-0.9478283,-0.97921944,-0.9364208,-0.9320885,low-ebb,low-flow,low-ebb,low-ebb
2026-08-05 14:40:00,-0.9451171,-0.96771663,-0.93498796,-0.9298952,low-flow,low-flow,low-ebb,low-flow
2026-08-05 14:50:00,-0.9353543,-0.9492082,-0.92663896,-0.920818,low-flow,low-flow,low-flow,low-flow
2026-08-05 15:00:00,-0.91860974,-0.9238746,-0.9114174,-0.9049045,low-flow,low-flow,low-flow,low-flow
2026-08-05 15:10:00,-0.89500695,-0.8919384,-0.8894166,-0.882252,low-flow,low-flow,low-flow,low-flow
2026-08-05 15:20:00,-0.8647214,-0.8536592,-0.86077815,-0.8530061,low-flow,low-flow,low-flow,low-flow
2026-08-05 15:30:00,-0.8279786,-0.8093295,-0.82569146,-0.8173598,low-flow,low-flow,low-flow,low-flow
2026-08-05 15:40:00,-0.7850514,-0.759271,-0.78439164,-0.77555156,low-flow,low-flow,low-flow,low-flow
2026-08-05 15:50:00,-0.73625743,-0.70383143,-0.73715764,-0.7278635,low-flow,low-flow,low-flow,low-flow
2026-08-05 16:00:00,-0.68195546,-0.64338255,-0.68431026,-0.6746194,low-flow,low-flow,low-flow,low-flow
2026-08-05 16:10:00,-0.6225425,-0.57831824,-0.62620956,-0.6161819,low-flow,low-flow,low-flow,low-flow
2026-08-05 16:20:00,-0.5584497,-0.5090537,-0.5632521,-0.55294997,low-flow,low-flow,low-flow,low-flow
2026-08-05 16:30:00,-0.4901384,-0.43602473,-0.49586812,-0.48535588,low-flow,low-flow,low-flow,low-flow
2026-08-05 16:40:00,-0.41809666,-0.35968685,-0.42451814,-0.41386202,low-flow,low-flow,low-flow,low-flow
2026-08-05 16:50:00,-0.3428346,-0.28051502,-0.34969,-0.33895752,low-flow,low-flow,low-flow,low-flow
2026-08-05 17:00:00,-0.26488063,-0.19900246,-0.27189505,-0.26115492,low-flow,low-flow,low-flow,low-flow
2026-08-05 17:10:00,-0.18477724,-0.115659356,-0.19166479,-0.18098645,low-flow,low-flow,low-flow,low-flow
2026-08-05 17:20:00,-0.10307702,-0.031010918,-0.109547034,-0.09900028,low-flow,low-flow,low-flow,low-flow
2026-08-05 17:30:00,-0.020338662,0.054405063,-0.026102254,-0.015756851,low-flow,high-flow,low-flow,low-flow
2026-08-05 17:40:00,0.06287681,0.14004123,0.0581003,0.068175,high-flow,high-flow,high-flow,high-flow
2026-08-05 17:50:00,0.14600979,0.22534409,0.14248642,0.1522219,high-flow,high-flow,high-flow,high-flow
2026-08-05 18:00:00,0.22850554,0.3097579,0.22648075,0.23580974,high-flow,high-flow,high-flow,high-flow
2026-08-05 18:10:00,0.3098176,0.39272848,0.30951065,0.31836754,high-flow,high-flow,high-flow,high-flow
2026-08-05 18:20:00,0.38941097,0.47370738,0.39100993,0.39933127,high-flow,high-flow,high-flow,high-flow
2026-08-05 18:30:00,0.466765,0.55215573,0.47042257,0.47814748,high-flow,high-flow,high-flow,high-flow
2026-08-05 18:40:00,0.54137623,0.6275478,0.54720646,0.554277,high-flow,high-flow,high-flow,high-flow
2026-08-05 18:50:00,0.612761,0.6993747,0.62083673,0.62719846,high-flow,high-flow,high-flow,high-flow
2026-08-05 19:00:00,0.68045807,0.767147,0.6908095,0.6964118,high-flow,high-flow,high-flow,high-flow
2026-08-05 19:10:00,0.74403054,0.83039814,0.75664485,0.7614413,high-flow,high-flow,high-flow,high-flow
2026-08-05 19:20:00,0.8030683,0.8886865,0.81789005,0.8218391,high-flow,high-flow,high-flow,high-flow
2026-08-05 19:30:00,0.85718966,0.9415981,0.8741227,0.8771878,high-flow,high-flow,high-flow,high-flow
2026-08-05 19:40:00,0.90604377,0.9887495,0.9249534,0.92710346,high-flow,high-flow,high-flow,high-flow
2026-08-05 19:50:00,0.9493118,1.0297896,0.97002846,0.9712381,high-flow,high-flow,high-flow,high-flow
2026-08-05 20:00:00,0.9867089,1.0644028,1.009032,1.009282,high-flow,high-flow,high-flow,high-flow
2026-08-05 20:10:00,1.0179855,1.0923123,1.0416886,1.040966,high-flow,high-flow,high-flow,high-flow
2026-08-05 20:20:00,1.0429287,1.1132822,1.0677645,1.0660634,high-flow,high-flow,high-flow,high-flow
2026-08-05 20:30:00,1.0613642,1.1271214,1.0870705,1.0843911,high-flow,high-flow,high-flow,high-flow
2026-08-05 20:40:00,1.0731565,1.133687,1.0994616,1.0958118,high-flow,high-flow,high-flow,high-flow
2026-08-05 20:50:00,1.0782108,1.1328863,1.1048399,1.1002342,high-flow,high-flow,high-flow,high-flow
2026-08-05 21:00:00,1.0764735,1.1246803,1.1031544,1.0976144,high-ebb,high-ebb,high-flow,high-ebb
2026-08-05 21:10:00,1.0679332,1.1090856,1.0944017,1.0879562,high-ebb,high-ebb,high-ebb,high-ebb
2026-08-05 21:20:00,1.0526214,1.0861752,1.0786264,1.071311,high-ebb,high-ebb,high-ebb,high-ebb
2026-08-05 21:30:00,1.0306127,1.0560799,1.0559207,1.0477782,high-ebb,high-ebb,high-ebb,high-ebb
2026-08-05 21:40:00,1.0020254,1.0189872,1.0264244,1.0175043,high-ebb,high-ebb,high-ebb,high-ebb
2026-08-05 21:50:00,0.9670212,0.97514,0.99032396,0.98068213,high-ebb,high-ebb,high-ebb,high-ebb
2026-08-05 22:00:00,0.9258053,0.92483443,0.9478513,0.93754965,high-ebb,high-ebb,high-ebb,high-ebb
2026-08-05 22:10:00,0.87862545,0.86841667,0.8992825,0.8883889,high-ebb,high-ebb,high-ebb,high-ebb
2026-08-05 22:20:00,0.82577163,0.8062789,0.84493625,0.83352375,high-ebb,high-ebb,high-ebb,high-ebb
2026-08-05 22:30:00,0.7675744,0.7388552,0.78517145,0.7733182,high-ebb,high-ebb,high-ebb,high-ebb
2026-08-05 22:40:00,0.70440394,0.66661686,0.72038513,0.7081734,high-ebb,high-ebb,high-ebb,high-ebb
2026-08-05 22:50:00,0.6366676,0.5900678,0.65100974,0.6385258,high-ebb,high-ebb,high-ebb,high-ebb
2026-08-05 23:00:00,0.56480825,0.50974035,0.57751024,0.56484324,high-ebb,high-ebb,high-ebb,high-ebb
2026-08-05 23:10:00,0.48930135,0.42619064,0.50038075,0.48762256,high-ebb,high-ebb,high-ebb,high-ebb
2026-08-05 23:20:00,0.41065216,0.33999497,0.42014143,0.4073855,high-ebb,high-ebb,high-ebb,high-ebb
2026-08-05 23:30:00,0.32939237,0.25174642,0.33733445,0.32467538,high-ebb,high-ebb,high-ebb,high-ebb
2026-08-05 23:40:00,0.24607646,0.16205148,0.25252047,0.24005309,high-ebb,high-ebb,high-ebb,high-ebb
2026-08-05 23:50:00,0.1612778,0.07152728,0.16627441,0.15409306,high-ebb,high-ebb,high-ebb,high-ebb
2026-08-06 00:00:00,0.07558437,-0.019201564,0.079181395,0.06737918,high-ebb,low-ebb,high-ebb,high-ebb
2026-08-06 00:10:00,-0.010405795,-0.10950595,-0.008167474,-0.019499524,low-ebb,low-ebb,low-ebb,low-ebb
2026-08-06 00:20:00,-0.096089184,-0.19875577,-0.095179476,-0.10595314,low-ebb,low-ebb,low-ebb,low-ebb
2026-08-06 00:30:00,-0.18086177,-0.28632385,-0.1812646,-0.19139524,low-ebb,low-ebb,low-ebb,low-ebb
2026-08-06 00:40:00,-0.26412395,-0.37159047,-0.26583984,-0.27524716,low-ebb,low-ebb,low-ebb,low-ebb
2026-08-06 00:50:00,-0.34528556,-0.45394865,-0.34833354,-0.35694224,low-ebb,low-ebb,low-ebb,low-ebb
2026-08-06 01:00:00,-0.42377093,-0.53280973,-0.42818958,-0.4359301,low-ebb,low-ebb,low-ebb,low-ebb
2026-08-06 01:10:00,-0.4990238,-0.6076099,-0.5048715,-0.5116806,low-ebb,low-ebb,low-ebb,low-ebb
2026-08-06 01:20:00,-0.57051206,-0.6778165,-0.5778663,-0.5836877,low-ebb,low-ebb,low-ebb,low-ebb
2026-08-06 01:30:00,-0.63773257,-0.7429347,-0.64668846,-0.65147334,low-ebb,low-ebb,low-ebb,low-ebb
2026-08-06 01:40:00,-0.7002154,-0.80251384,-0.7108833,-0.71459067,low-ebb,low-ebb,low-ebb,low-ebb
2026-08-06 01:50:00,-0.75752777,-0.85615313,-0.77003026,-0.7726275,low-ebb,low-ebb,low-ebb,low-ebb
2026-08-06 02:00:00,-0.80927813,-0.9035065,-0.82374597,-0.8252091,low-ebb,low-ebb,low-ebb,low-ebb
2026-08-06 02:10:00,-0.8551191,-0.9442865,-0.87168694,-0.8720009,low-ebb,low-ebb,low-ebb,low-ebb
2026-08-06 02:20:00,-0.8947506,-0.97826654,-0.9135521,-0.9127108,low-ebb,low-ebb,low-ebb,low-ebb
2026-08-06 02:30:00,-0.92792195,-1.0052819,-0.94908464,-0.9470913,low-ebb,low-ebb,low-ebb,low-ebb
2026-08-06 02:40:00,-0.9544341,-1.0252297,-0.97807384,-0.97494066,low-ebb,low-ebb,low-ebb,low-ebb
2026-08-06 02:50:00,-0.97414064,-1.0380666,-1.0003564,-0.9961048,low-ebb,low-ebb,low-ebb,low-ebb
2026-08-06 03:00:00,-0.9869489,-1.0438069,-1.0158174,-1.0104777,low-ebb,low-ebb,low-ebb,low-ebb
2026-08-06 03:10:00,-0.99282,-1.0425177,-1.0243908,-1.018002,low-ebb,low-ebb,low-ebb,low-ebb
2026-08-06 03:20:00,-0.99176884,-1.0343151,-1.0260597,-1.0186694,low-ebb,low-flow,low-ebb,low-ebb
2026-08-06 03:30:00,-0.98386294,-1.0193598,-1.0208566,-1.0125201,low-flow,low-flow,low-flow,low-flow
2026-08-06 03:40:00,-0.9692218,-0.99785227,-1.008862,-0.99964225,low-flow,low-flow,low-flow,low-flow
2026-08-06 03:50:00,-0.9480144,-0.970028,-0.99020433,-0.9801713,low-flow,low-flow,low-flow,low-flow
2026-08-06 04:00:00,-0.9204578,-0.93615437,-0.9650582,-0.9542885,low-flow,low-flow,low-flow,low-flow
2026-08-06 04:10:00,-0.8868142,-0.8965271,-0.9336432,-0.9222189,low-flow,low-flow,low-flow,low-flow
2026-08-06 04:20:00,-0.84738785,-0.8514679,-0.8962219,-0.88423026,low-flow,low-flow,low-flow,low-flow
2026-08-06 04:30:00,-0.8025225,-0.8013227,-0.85309756,-0.84063023,low-flow,low-flow,low-flow,low-flow
2026-08-06 04:40:00,-0.7525973,-0.7464604,-0.804612,-0.7917641,low-flow,low-flow,low-flow,low-flow
2026-08-06 04:50:00,-0.6980235,-0.68727195,-0.75114256,-0.738012,low-flow,low-flow,low-flow,low-flow
2026-08-06 05:00:00,-0.6392406,-0.6241701,-0.6930996,-0.67978615,low-flow,low-flow,low-flow,low-flow
2026-08-06 05:10:00,-0.5767126,-0.5575886,-0.6309231,-0.61752766,low-flow,low-flow,low-flow,low-flow
2026-08-06 05:20:00,-0.5109238,-0.48798117,-0.5650795,-0.5517033,low-flow,low-flow,low-flow,low-flow
2026-08-06 05:30:00,-0.44237506,-0.41582087,-0.4960585,-0.48280188,low-flow,low-flow,low-flow,low-flow
2026-08-06 05:40:00,-0.3715799,-0.3415979,-0.4243691,-0.41133118,low-flow,low-flow,low-flow,low-flow
2026-08-06 05:50:00,-0.29906055,-0.26581776,-0.35053632,-0.33781394,low-flow,low-flow,low-flow,low-flow
2026-08-06 06:00:00,-0.22534437,-0.1889981,-0.27509746,-0.2627844,low-flow,low-flow,low-flow,low-flow
2026-08-06 06:10:00,-0.1509602,-0.11166567,-0.19859822,-0.18678448,low-flow,low-flow,low-flow,low-flow
2026-08-06 06:20:00,-0.07643485,-0.03435253,-0.12158908,-0.11036017,low-flow,low-flow,low-flow,low-flow
2026-08-06 06:30:00,-0.0022899075,0.04240791,-0.044621468,-0.03405776,low-flow,high-flow,low-flow,low-flow
2026-08-06 06:40:00,0.07096143,0.1180849,0.031755947,0.041579846,high-flow,high-flow,high-flow,high-flow
2026-08-06 06:50:00,0.14281724,0.19215435,0.10700096,0.116016746,high-flow,high-flow,high-flow,high-flow
2026-08-06 07:00:00,0.21278968,0.26410255,0.18058147,0.18872762,high-flow,high-flow,high-flow,high-flow
2026-08-06 07:10:00,0.28040752,0.3334298,0.25197896,0.25920117,high-flow,high-flow,high-flow,high-flow
2026-08-06 07:20:00,0.34521854,0.39965346,0.320692,0.32694352,high-flow,high-flow,high-flow,high-flow
2026-08-06 07:30:00,0.40679184,0.46231088,0.3862396,0.39148152,high-flow,high-flow,high-flow,high-flow
2026-08-06 07:40:00,0.46471992,0.52096194,0.44816417,0.4523657,high-flow,high-flow,high-flow,high-flow
2026-08-06 07:50:00,0.5186206,0.5751914,0.5060349,0.5091734,high-flow,high-flow,high-flow,high-flow
2026-08-06 08:00:00,0.56813896,0.6246113,0.55945027,0.56151134,high-flow,high-flow,high-flow,high-flow
2026-08-06 08:10:00,0.612949,0.6688633,0.608041,0.60901856,high-flow,high-flow,high-flow,high-flow
2026-08-06 08:20:00,0.65275526,0.70762086,0.6514722,0.6513683,high-flow,high-flow,high-flow,high-flow
2026-08-06 08:30:00,0.68729436,0.7405921,0.689446,0.68827075,high-flow,high-flow,high-flow,high-flow
2026-08-06 08:40:00,0.71633655,0.7675225,0.72170323,0.7194747,high-flow,high-flow,high-flow,high-flow
2026-08-06 08:50:00,0.739687,0.7881978,0.7480255,0.74476904,high-flow,high-flow,high-flow,high-flow
2026-08-06 09:00:00,0.757187,0.802447,0.76823634,0.763985,high-flow,high-flow,high-flow,high-flow
2026-08-06 09:10:00,0.7687152,0.8101453,0.7822031,0.7769964,high-flow,high-flow,high-flow,high-flow
2026-08-06 09:20:00,0.7741886,0.8112168,0.7898372,0.7837213,high-flow,high-flow,high-flow,high-flow
2026-08-06 09:30:00,0.77356356,0.8056366,0.7910954,0.7841225,high-flow,high-ebb,high-flow,high-flow
2026-08-06 09:40:00,0.76683664,0.7934329,0.78598,0.7782078,high-ebb,high-ebb,high-ebb,high-ebb
2026-08-06 09:50:00,0.754045,0.77468747,0.7745389,0.76603,high-ebb,high-ebb,high-ebb,high-ebb
2026-08-06 10:00:00,0.73526716,0.74953604,0.7568655,0.74768704,high-ebb,high-ebb,high-ebb,high-ebb
2026-08-06 10:10:00,0.710623,0.71816725,0.7330984,0.72332126,high-ebb,high-ebb,high-ebb,high-ebb
2026-08-06 10:20:00,0.6802739,0.6808212,0.7034201,0.6931186,high-ebb,high-ebb,high-ebb,high-ebb
2026-08-06 10:30:00,0.64442235,0.6377865,0.6680564,0.65730727,high-ebb,high-ebb,high-ebb,high-ebb
2026-08-06 10:40:00,0.60331166,0.5893973,0.6272747,0.61615694,high-ebb,high-ebb,high-ebb,high-ebb
2026-08-06 10:50:00,0.5572249,0.5360294,0.5813822,0.56997633,high-ebb,high-ebb,high-ebb,high-ebb
2026-08-06 11:00:00,0.50648385,0.4780959,0.5307242,0.5191115,high-ebb,high-ebb,high-ebb,high-ebb
2026-08-06 11:10:00,0.45144743,0.41604322,0.47568145,0.46394357,high-ebb,high-ebb,high-ebb,high-ebb
2026-08-06 11:20:00,0.39250976,0.35034683,0.4166677,0.40488607,high-ebb,high-ebb,high-ebb,high-ebb
2026-08-06 11:30:00,0.33009818,0.28150725,0.35412687,0.3423821,high-ebb,high-ebb,high-ebb,high-ebb
2026-08-06 11:40:00,0.26467043,0.21004649,0.28852984,0.27690127,high-ebb,high-ebb,high-ebb,high-ebb
2026-08-06 11:50:00,0.1967118,0.13650475,0.22037125,0.2089364,high-ebb,high-ebb,high-ebb,high-ebb
2026-08-06 12:00:00,0.12673172,0.061437666,0.15016587,0.139,high-ebb,high-ebb,high-ebb,high-ebb
2026-08-06 12:10:00,0.055260323,-0.014586512,0.07844495,0.0676206,high-ebb,low-ebb,high-ebb,high-ebb
2026-08-06 12:20:00,-0.017155679,-0.09098936,0.0057523013,-0.0046610534,low-ebb,low-ebb,high-ebb,low-ebb
2026-08-06 12:30:00,-0.0899571,-0.16718496,-0.06735962,-0.077296,low-ebb,low-ebb,low-ebb,low-ebb
2026-08-06 12:40:00,-0.16257676,-0.24258283,-0.14033385,-0.1497311,low-ebb,low-ebb,low-ebb,low-ebb
2026-08-06 12:50:00,-0.2344441,-0.31659126,-0.21261299,-0.22141306,low-ebb,low-ebb,low-ebb,low-ebb
2026-08-06 13:00:00,-0.30498996,-0.3886214,-0.28364345,-0.2917927,low-ebb,low-ebb,low-ebb,low-ebb
2026-08-06 13:10:00,-0.3736515,-0.45809168,-0.3528795,-0.3603289,low-ebb,low-ebb,low-ebb,low-ebb
2026-08-06 13:20:00,-0.43987697,-0.5244335,-0.4197875,-0.42649284,low-ebb,low-ebb,low-ebb,low-ebb
2026-08-06 13:30:00,-0.5031307,-0.58709675,-0.4838498,-0.48977193,low-ebb,low-ebb,low-ebb,low-ebb
2026-08-06 13:40:00,-0.56289774,-0.6455567,-0.5445687,-0.5496737,low-ebb,low-ebb,low-ebb,low-ebb
2026-08-06 13:50:00,-0.6186887,-0.69932014,-0.6014704,-0.60572934,low-ebb,low-ebb,low-ebb,low-ebb
2026-08-06 14:00:00,-0.67004395,-0.7479324,-0.65410835,-0.6574979,low-ebb,low-ebb,low-ebb,low-ebb
2026-08-06 14:10:00,-0.7165379,-0.79098314,-0.70206666,-0.70456874,low-ebb,low-ebb,low-ebb,low-ebb
2026-08-06 14:20:00,-0.7577828,-0.8281122,-0.74496335,-0.7465655,low-ebb,low-ebb,low-ebb,low-ebb
2026-08-06 14:30:00,-0.79343224,-0.85901403,-0.78245336,-0.7831484,low-ebb,low-ebb,low-ebb,low-ebb
2026-08-06 14:40:00,-0.8231841,-0.8834412,-0.8142308,-0.81401706,low-ebb,low-ebb,low-ebb,low-ebb
2026-08-06 14:50:00,-0.84678316,-0.9012062,-0.8400315,-0.8389127,low-ebb,low-ebb,low-ebb,low-ebb
2026-08-06 15:00:00,-0.8640234,-0.9121823,-0.8596349,-0.85762006,low-ebb,low-ebb,low-ebb,low-ebb
2026-08-06 15:10:00,-0.8747495,-0.9163028,-0.8728657,-0.869969,low-ebb,low-ebb,low-ebb,low-ebb
2026-08-06 15:20:00,-0.8788578,-0.9135589,-0.8795949,-0.87583584,low-ebb,low-flow,low-ebb,low-ebb
2026-08-06 15:30:00,-0.87629706,-0.90399677,-0.8797411,-0.8751441,low-flow,low-flow,low-ebb,low-ebb
2026-08-06 15:40:00,-0.8670685,-0.88771385,-0.87327063,-0.8678651,low-flow,low-flow,low-flow,low-flow
2026-08-06 15:50:00,-0.8512254,-0.86485416,-0.860198,-0.854018,low-flow,low-flow,low-flow,low-flow
2026-08-06 16:00:00,-0.82887167,-0.8356043,-0.84058553,-0.8336696,low-flow,low-flow,low-flow,low-flow
2026-08-06 16:10:00,-0.8001612,-0.80018884,-0.8145427,-0.80693406,low-flow,low-flow,low-flow,low-flow
2026-08-06 16:20:00,-0.76529527,-0.75886637,-0.7822256,-0.77397144,low-flow,low-flow,low-flow,low-flow
2026-08-06 16:30:00,-0.7245207,-0.7119261,-0.74383533,-0.7349867,low-flow,low-flow,low-flow,low-flow
2026-08-06 16:40:00,-0.6781271,-0.65968513,-0.69961643,-0.6902284,low-flow,low-flow,low-flow,low-flow
2026-08-06 16:50:00,-0.6264439,-0.6024862,-0.6498553,-0.63998616,low-flow,low-flow,low-flow,low-flow
2026-08-06 17:00:00,-0.5698372,-0.54069614,-0.5948776,-0.58458894,low-flow,low-flow,low-flow,low-flow
2026-08-06 17:10:00,-0.50870615,-0.47470504,-0.53504616,-0.52440244,low-flow,low-flow,low-flow,low-flow
2026-08-06 17:20:00,-0.44347945,-0.40492505,-0.47075808,-0.4598263,low-flow,low-flow,low-flow,low-flow
2026-08-06 17:30:00,-0.37461177,-0.3317901,-0.40244195,-0.39129138,low-flow,low-flow,low-flow,low-flow
2026-08-06 17:40:00,-0.30257967,-0.2557547,-0.33055466,-0.31925648,low-flow,low-flow,low-flow,low-flow
2026-08-06 17:50:00,-0.22787797,-0.1772931,-0.2555781,-0.24420501,low-flow,low-flow,low-flow,low-flow
2026-08-06 18:00:00,-0.15101586,-0.09689747,-0.17801589,-0.16664173,low-flow,low-flow,low-flow,low-flow
2026-08-06 18:10:00,-0.072513126,-0.015075868,-0.098389655,-0.087089024,low-flow,low-flow,low-flow,low-flow
2026-08-06 18:20:00,0.0071035037,0.06765045,-0.017235536,-0.006083334,high-flow,high-flow,low-flow,low-flow
2026-08-06 18:30:00,0.08730393,0.1507503,0.06489958,0.07582855,high-flow,high-flow,high-flow,high-flow
2026-08-06 18:40:00,0.16755813,0.23368615,0.14746176,0.15809326,high-flow,high-flow,high-flow,high-flow
2026-08-06 18:50:00,0.24733944,0.3159182,0.2298938,0.24015462,high-flow,high-flow,high-flow,high-flow
2026-08-06 19:00:00,0.32612765,0.39690834,0.31163898,0.32145736,high-flow,high-flow,high-flow,high-flow
2026-08-06 19:10:00,0.40341195,0.47612435,0.39214474,0.40145093,high-flow,high-flow,high-flow,high-flow
2026-08-06 19:20:00,0.47869378,0.55304366,0.47086635,0.47959304,high-flow,high-flow,high-flow,high-flow
2026-08-06 19:30:00,0.55148935,0.62715715,0.5472706,0.55535334,high-flow,high-flow,high-flow,high-flow
2026-08-06 19:40:00,0.62133217,0.69797224,0.6208392,0.628217,high-flow,high-flow,high-flow,high-flow
2026-08-06 19:50:00,0.68777525,0.765016,0.6910721,0.69768786,high-flow,high-flow,high-flow,high-flow
2026-08-06 20:00:00,0.7503934,0.82783747,0.757491,0.76329195,high-flow,high-flow,high-flow,high-flow
2026-08-06 20:10:00,0.808785,0.8860101,0.81964225,0.8245803,high-flow,high-flow,high-flow,high-flow
2026-08-06 20:20:00,0.8625743,0.9391339,0.8770999,0.8811323,high-flow,high-flow,high-flow,high-flow
2026-08-06 20:30:00,0.9114127,0.98683715,0.9294684,0.932558,high-flow,high-flow,high-flow,high-flow
2026-08-06 20:40:00,0.954981,1.028779,0.9763853,0.97850084,high-flow,high-flow,high-flow,high-flow
2026-08-06 20:50:00,0.9929906,1.0646515,1.0175235,1.0186403,high-flow,high-flow,high-flow,high-flow
2026-08-06 21:00:00,1.0251853,1.0941815,1.0525937,1.0526934,high-flow,high-flow,high-flow,high-flow
2026-08-06 21:10:00,1.0513425,1.1171343,1.0813459,1.0804172,high-flow,high-flow,high-flow,high-flow
2026-08-06 21:20:00,1.0712749,1.1333153,1.1035714,1.1016102,high-flow,high-flow,high-flow,high-flow
2026-08-06 21:30:00,1.0848314,1.1425735,1.1191043,1.1161138,high-flow,high-flow,high-flow,high-flow
2026-08-06 21:40:00,1.0918986,1.1448039,1.1278224,1.1238133,high-flow,high-flow,high-flow,high-flow
2026-08-06 21:50:00,1.092402,1.1399496,1.1296484,1.1246389,high-flow,high-ebb,high-flow,high-flow
2026-08-06 22:00:00,1.0863066,1.1280041,1.1245506,1.1185662,high-ebb,high-ebb,high-ebb,high-ebb
2026-08-06 22:10:00,1.0736178,1.1090127,1.1125425,1.1056165,high-ebb,high-ebb,high-ebb,high-ebb
2026-08-06 22:20:00,1.0543826,1.0830727,1.0936842,1.085857,high-ebb,high-ebb,high-ebb,high-ebb
2026-08-06 22:30:00,1.028689,1.0503329,1.068081,1.0594003,high-ebb,high-ebb,high-ebb,high-ebb
2026-08-06 22:40:00,0.9966675,1.0109935,1.0358833,1.0264037,high-ebb,high-ebb,high-ebb,high-ebb
2026-08-06 22:50:00,0.9584904,0.9653029,0.9972858,0.9870686,high-ebb,high-ebb,high-ebb,high-ebb
2026-08-06 23:00:00,0.91437143,0.9135559,0.9525264,0.94163924,high-ebb,high-ebb,high-ebb,high-ebb
2026-08-06 23:10:00,0.8645658,0.8560903,0.9018847,0.89040095,high-ebb,high-ebb,high-ebb,high-ebb
2026-08-06 23:20:00,0.8093688,0.79328275,0.8456803,0.8336788,high-ebb,high-ebb,high-ebb,high-ebb
2026-08-06 23:30:00,0.74911505,0.7255456,0.78427076,0.7718351,high-ebb,high-ebb,high-ebb,high-ebb
2026-08-06 23:40:00,0.68417645,0.65332264,0.71804947,0.7052675,high-ebb,high-ebb,high-ebb,high-ebb
2026-08-06 23:50:00,0.61496085,0.5770858,0.64744276,0.634406,high-ebb,high-ebb,high-ebb,high-ebb
2026-08-07 00:00:00,0.54190934,0.49733162,0.5729075,0.55971026,high-ebb,high-ebb,high-ebb,high-ebb
2026-08-07 00:10:00,0.46549365,0.41457838,0.4949279,0.48166677,high-ebb,high-ebb,high-ebb,high-ebb
2026-08-07 00:20:00,0.38621348,0.32936347,0.4140121,0.40078512,high-ebb,high-ebb,high-ebb,high-ebb
2026-08-07 00:30:00,0.3045928,0.24224116,0.33068892,0.31759477,high-ebb,high-ebb,high-ebb,high-ebb
2026-08-07 00:40:00,0.22117622,0.15378045,0.24550408,0.23264132,high-ebb,high-ebb,high-ebb,high-ebb
2026-08-07 00:50:00,0.13652523,0.06456276,0.15901653,0.1464828,high-ebb,high-ebb,high-ebb,high-ebb
2026-08-07 01:00:00,0.051213663,-0.024820274,0.07179446,0.059685595,high-ebb,low-ebb,high-ebb,high-ebb
2026-08-07 01:10:00,-0.034176547,-0.11376976,-0.015588726,-0.027179379,low-ebb,low-ebb,low-ebb,low-ebb
2026-08-07 01:20:00,-0.11906015,-0.20168293,-0.102558404,-0.11354088,low-ebb,low-ebb,low-ebb,low-ebb
2026-08-07 01:30:00,-0.2028533,-0.28795722,-0.18854289,-0.19883133,low-ebb,low-ebb,low-ebb,low-ebb
2026-08-07 01:40:00,-0.28497845,-0.37199524,-0.27297753,-0.28249097,low-ebb,low-ebb,low-ebb,low-ebb
2026-08-07 01:50:00,-0.3648692,-0.45321035,-0.3553088,-0.36397183,low-ebb,low-ebb,low-ebb,low-ebb
2026-08-07 02:00:00,-0.44197515,-0.53103286,-0.4349982,-0.44274166,low-ebb,low-ebb,low-ebb,low-ebb
2026-08-07 02:10:00,-0.51576656,-0.6049168,-0.51152635,-0.51828796,low-ebb,low-ebb,low-ebb,low-ebb
2026-08-07 02:20:00,-0.5857391,-0.6743467,-0.58439654,-0.59012145,low-ebb,low-ebb,low-ebb,low-ebb
2026-08-07 02:30:00,-0.6514179,-0.73884416,-0.65313846,-0.65777975,low-ebb,low-ebb,low-ebb,low-ebb
2026-08-07 02:40:00,-0.712362,-0.79797435,-0.7173116,-0.72083074,low-ebb,low-ebb,low-ebb,low-ebb
2026-08-07 02:50:00,-0.7681676,-0.85135144,-0.7765084,-0.7788756,low-ebb,low-ebb,low-ebb,low-ebb
2026-08-07 03:00:00,-0.81847197,-0.8986428,-0.83035713,-0.8315516,low-ebb,low-ebb,low-ebb,low-ebb
2026-08-07 03:10:00,-0.86295605,-0.93957245,-0.87852466,-0.8785349,low-ebb,low-ebb,low-ebb,low-ebb
2026-08-07 03:20:00,-0.90134704,-0.973923,-0.9207186,-0.9195425,low-ebb,low-ebb,low-ebb,low-ebb
2026-08-07 03:30:00,-0.93342024,-1.0015359,-0.9566897,-0.9543344,low-ebb,low-ebb,low-ebb,low-ebb
2026-08-07 03:40:00,-0.95900106,-1.0223106,-0.9862331,-0.98271513,low-ebb,low-ebb,low-ebb,low-ebb
2026-08-07 03:50:00,-0.9779654,-1.0362028,-1.0091898,-1.0045351,low-ebb,low-ebb,low-ebb,low-ebb
2026-08-07 04:00:00,-0.9902407,-1.0432211,-1.0254481,-1.0196913,low-ebb,low-ebb,low-ebb,low-ebb
2026-08-07 04:10:00,-0.99580544,-1.0434239,-1.0349432,-1.0281283,low-ebb,low-ebb,low-ebb,low-ebb
2026-08-07 04:20:00,-0.99468917,-1.0369147,-1.0376588,-1.0298376,low-ebb,low-flow,low-ebb,low-ebb
2026-08-07 04:30:00,-0.9869709,-1.0238388,-1.0336258,-1.0248582,low-flow,low-flow,low-flow,low-flow
2026-08-07 04:40:00,-0.97277826,-1.004379,-1.0229226,-1.013276,low-flow,low-flow,low-flow,low-flow
2026-08-07 04:50:00,-0.9522852,-0.9787523,-1.0056738,-0.9952223,low-flow,low-flow,low-flow,low-flow
2026-08-07 05:00:00,-0.92570996,-0.9472071,-0.9820492,-0.97087336,low-flow,low-flow,low-flow,low-flow
2026-08-07 05:10:00,-0.8933126,-0.9100207,-0.9522627,-0.94044834,low-flow,low-flow,low-flow,low-flow
2026-08-07 05:20:00,-0.85539174,-0.867498,-0.9165697,-0.90420765,low-flow,low-flow,low-flow,low-flow
2026-08-07 05:30:00,-0.81228197,-0.81996983,-0.87526584,-0.8624507,low-flow,low-flow,low-flow,low-flow
2026-08-07 05:40:00,-0.7643501,-0.7677925,-0.828684,-0.81551385,low-flow,low-flow,low-flow,low-flow
2026-08-07 05:50:00,-0.71199214,-0.71134704,-0.77719206,-0.7637671,low-flow,low-flow,low-flow,low-flow
2026-08-07 06:00:00,-0.65562916,-0.6510381,-0.72118986,-0.70761204,low-flow,low-flow,low-flow,low-flow
2026-08-07 06:10:00,-0.59570426,-0.5872934,-0.66110647,-0.6474783,low-flow,low-flow,low-flow,low-flow
2026-08-07 06:20:00,-0.53267854,-0.52056193,-0.59739655,-0.5838202,low-flow,low-flow,low-flow,low-flow
2026-08-07 06:30:00,-0.4670278,-0.4513124,-0.53053725,-0.5171142,low-flow,low-flow,low-flow,low-flow
2026-08-07 06:40:00,-0.3992388,-0.3800304,-0.4610248,-0.4478545,low-flow,low-flow,low-flow,low-flow
2026-08-07 06:50:00,-0.3298058,-0.3072155,-0.38937077,-0.37655002,low-flow,low-flow,low-flow,low-flow
2026-08-07 07:00:00,-0.25922728,-0.23337783,-0.31609854,-0.3037207,low-flow,low-flow,low-flow,low-flow
2026-08-07 07:10:00,-0.18800282,-0.15903391,-0.24173959,-0.229894,low-flow,low-flow,low-flow,low-flow
2026-08-07 07:20:00,-0.11662987,-0.08470281,-0.16682982,-0.15560086,low-flow,low-flow,low-flow,low-flow
2026-08-07 07:30:00,-0.045600876,-0.010901879,-0.09190588,-0.081372514,low-flow,low-flow,low-flow,low-flow
2026-08-07 07:40:00,0.02459944,0.06185724,-0.017501464,-0.007736615,high-flow,high-flow,low-flow,low-flow
2026-08-07 07:50:00,0.09349671,0.13307236,0.05585622,0.0647862,high-flow,high-flow,high-flow,high-flow
2026-08-07 08:00:00,0.16062939,0.20225419,0.12765002,0.1356858,high-flow,high-flow,high-flow,high-flow
2026-08-07 08:10:00,0.22555107,0.2689293,0.19737628,0.20446591,high-flow,high-flow,high-flow,high-flow
2026-08-07 08:20:00,0.28783268,0.33264282,0.26454812,0.27064738,high-flow,high-flow,high-flow,high-flow
2026-08-07 08:30:00,0.3470645,0.39296058,0.3286987,0.33377132,high-flow,high-flow,high-flow,high-flow
2026-08-07 08:40:00,0.40285817,0.4494713,0.38938415,0.39340198,high-flow,high-flow,high-flow,high-flow
2026-08-07 08:50:00,0.45484865,0.5017884,0.44618657,0.44912976,high-flow,high-flow,high-flow,high-flow
2026-08-07 09:00:00,0.50269574,0.5495517,0.49871677,0.50057364,high-flow,high-flow,high-flow,high-flow
2026-08-07 09:10:00,0.54608613,0.5924299,0.5466166,0.5473838,high-flow,high-flow,high-flow,high-flow
2026-08-07 09:20:00,0.5847348,0.630122,0.5895616,0.58924377,high-flow,high-flow,high-flow,high-flow
2026-08-07 09:30:00,0.6183867,0.66236037,0.6272627,0.62587255,high-flow,high-flow,high-flow,high-flow
2026-08-07 09:40:00,0.6468181,0.68891263,0.65946853,0.65702647,high-flow,high-flow,high-flow,high-flow
2026-08-07 09:50:00,0.6698384,0.7095847,0.68596685,0.68250066,high-flow,high-flow,high-flow,high-flow
2026-08-07 10:00:00,0.6872913,0.7242234,0.70658606,0.7021306,high-flow,high-flow,high-flow,high-flow
2026-08-07 10:10:00,0.699056,0.73271865,0.7211962,0.71579313,high-flow,high-flow,high-flow,high-flow
2026-08-07 10:20:00,0.70504844,0.7350061,0.7297101,0.72340727,high-flow,high-flow,high-flow,high-flow
2026-08-07 10:30:00,0.7052226,0.73106843,0.732084,0.724935,high-flow,high-ebb,high-flow,high-flow
2026-08-07 10:40:00,0.6995711,0.72093683,0.7283177,0.72038144,high-ebb,high-ebb,high-ebb,high-ebb
2026-08-07 10:50:00,0.6881262,0.70469093,0.71845496,0.7097952,high-ebb,high-ebb,high-ebb,high-ebb
2026-08-07 11:00:00,0.67096037,0.6824587,0.70258313,0.6932677,high-ebb,high-ebb,high-ebb,high-ebb
2026-08-07 11:10:00,0.6481865,0.654415,0.68083274,0.6709331,high-ebb,high-ebb,high-ebb,high-ebb
2026-08-07 11:20:00,0.61995804,0.6207797,0.65337676,0.6429675,high-ebb,high-ebb,high-ebb,high-ebb
2026-08-07 11:30:00,0.58646894,0.5818151,0.6204295,0.6095877,high-ebb,high-ebb,high-ebb,high-ebb
2026-08-07 11:40:00,0.54795307,0.5378228,0.5822455,0.57105005,high-ebb,high-ebb,high-ebb,high-ebb
2026-08-07 11:50:00,0.5046835,0.48914066,0.53911763,0.5276487,high-ebb,high-ebb,high-ebb,high-ebb
2026-08-07 12:00:00,0.45697117,0.4361392,0.4913754,0.47971386,high-ebb,high-ebb,high-ebb,high-ebb
2026-08-07 12:10:00,0.40516365,0.3792186,0.43938267,0.42760974,high-ebb,high-ebb,high-ebb,high-ebb
2026-08-07 12:20:00,0.3496431,0.3188056,0.38353553,0.37173185,high-ebb,high-ebb,high-ebb,high-ebb
2026-08-07 12:30:00,0.29082403,0.25535104,0.32425925,0.31250468,high-ebb,high-ebb,high-ebb,high-ebb
2026-08-07 12:40:00,0.22915062,0.18932731,0.26200563,0.25037864,high-ebb,high-ebb,high-ebb,high-ebb
2026-08-07 12:50:00,0.16509394,0.1212268,0.19724984,0.18582699,high-ebb,high-ebb,high-ebb,high-ebb
2026-08-07 13:00:00,0.09914839,0.051559836,0.13048705,0.1193426,high-ebb,high-ebb,high-ebb,high-ebb
2026-08-07 13:10:00,0.031828135,-0.019146899,0.062228993,0.05143448,high-ebb,low-ebb,high-ebb,high-ebb
2026-08-07 13:20:00,-0.03633684,-0.090352274,-0.0069997455,-0.017375885,low-ebb,low-ebb,low-ebb,low-ebb
2026-08-07 13:30:00,-0.104804985,-0.16150299,-0.07666546,-0.08655826,low-ebb,low-ebb,low-ebb,low-ebb
2026-08-07 13:40:00,-0.1730276,-0.23203638,-0.14622924,-0.15557753,low-ebb,low-ebb,low-ebb,low-ebb
2026-08-07 13:50:00,-0.24045345,-0.30138406,-0.21515091,-0.2238976,low-ebb,low-ebb,low-ebb,low-ebb
2026-08-07 14:00:00,-0.3065335,-0.36897618,-0.28289303,-0.2909854,low-ebb,low-ebb,low-ebb,low-ebb
2026-08-07 14:10:00,-0.37072566,-0.43424678,-0.348925,-0.35631484,low-ebb,low-ebb,low-ebb,low-ebb
2026-08-07 14:20:00,-0.43249965,-0.49663958,-0.41272688,-0.41937077,low-ebb,low-ebb,low-ebb,low-ebb
2026-08-07 14:30:00,-0.49134168,-0.5556148,-0.47379345,-0.47965294,low-ebb,low-ebb,low-ebb,low-ebb
2026-08-07 14:40:00,-0.54675907,-0.6106559,-0.5316381,-0.53667974,low-ebb,low-ebb,low-ebb,low-ebb
2026-08-07 14:50:00,-0.5982848,-0.6612767,-0.5857963,-0.58999187,low-ebb,low-ebb,low-ebb,low-ebb
2026-08-07 15:00:00,-0.64548147,-0.70702827,-0.6358295,-0.63915616,low-ebb,low-ebb,low-ebb,low-ebb
2026-08-07 15:10:00,-0.6879456,-0.74750495,-0.68132836,-0.6837684,low-ebb,low-ebb,low-ebb,low-ebb
2026-08-07 15:20:00,-0.725311,-0.7823501,-0.72191584,-0.72345704,low-ebb,low-ebb,low-ebb,low-ebb
2026-08-07 15:30:00,-0.75725186,-0.81126004,-0.75725025,-0.7578857,low-ebb,low-ebb,low-ebb,low-ebb
2026-08-07 15:40:00,-0.78348583,-0.8339872,-0.7870278,-0.78675604,low-ebb,low-ebb,low-ebb,low-ebb
2026-08-07 15:50:00,-0.8037762,-0.85034174,-0.81098497,-0.80980986,low-ebb,low-ebb,low-ebb,low-ebb
2026-08-07 16:00:00,-0.8179338,-0.8601918,-0.82890064,-0.8268314,low-ebb,low-ebb,low-ebb,low-ebb
2026-08-07 16:10:00,-0.8258183,-0.86346245,-0.84059775,-0.8376487,low-ebb,low-ebb,low-ebb,low-ebb
2026-08-07 16:20:00,-0.8273392,-0.8601335,-0.8459446,-0.8421352,low-ebb,low-flow,low-ebb,low-ebb
2026-08-07 16:30:00,-0.822456,-0.85023665,-0.8448558,-0.8402106,low-flow,low-flow,low-ebb,low-flow
2026-08-07 16:40:00,-0.8111784,-0.8338519,-0.83729315,-0.83184165,low-flow,low-flow,low-flow,low-flow
2026-08-07 16:50:00,-0.7935654,-0.8111037,-0.8232657,-0.81704205,low-flow,low-flow,low-flow,low-flow
2026-08-07 17:00:00,-0.76972425,-0.7821575,-0.8028296,-0.7958727,low-flow,low-flow,low-flow,low-flow
2026-08-07 17:10:00,-0.73980916,-0.7472158,-0.776088,-0.76844096,low-flow,low-flow,low-flow,low-flow
2026-08-07 17:20:00,-0.70401907,-0.7065153,-0.74318963,-0.7349,low-flow,low-flow,low-flow,low-flow
2026-08-07 17:30:00,-0.66259587,-0.66032445,-0.70432836,-0.69544756,low-flow,low-flow,low-flow,low-flow
2026-08-07 17:40:00,-0.61582124,-0.6089413,-0.6597409,-0.6503242,low-flow,low-flow,low-flow,low-flow
2026-08-07 17:50:00,-0.5640144,-0.55269206,-0.60970587,-0.599812,low-flow,low-flow,low-flow,low-flow
2026-08-07 18:00:00,-0.5075285,-0.49192995,-0.5545408,-0.5442317,low-flow,low-flow,low-flow,low-flow
2026-08-07 18:10:00,-0.4467478,-0.4270344,-0.49460045,-0.48394108,low-flow,low-flow,low-flow,low-flow
2026-08-07 18:20:00,-0.38208407,-0.35841012,-0.4302738,-0.41933164,low-flow,low-flow,low-flow,low-flow
2026-08-07 18:30:00,-0.3139732,-0.286486,-0.36198127,-0.35082617,low-flow,low-flow,low-flow,low-flow
2026-08-07 18:40:00,-0.24287167,-0.2117138,-0.29017168,-0.27887538,low-flow,low-flow,low-flow,low-flow
2026-08-07 18:50:00,-0.16925305,-0.13456617,-0.21531901,-0.20395479,low-flow,low-flow,low-flow,low-flow
2026-08-07 19:00:00,-0.09360454,-0.055534318,-0.13791898,-0.12656124,low-flow,low-flow,low-flow,low-flow
2026-08-07 19:10:00,-0.016423536,0.02487501,-0.058485556,-0.04720947,low-flow,high-flow,low-flow,low-flow
2026-08-07 19:20:00,0.061785705,0.10614301,0.02245261,0.03357161,high-flow,high-flow,high-flow,high-flow
2026-08-07 19:30:00,0.14051527,0.18774273,0.104355894,0.11524252,high-flow,high-flow,high-flow,high-flow
2026-08-07 19:40:00,0.21925667,0.2691432,0.18667737,0.19725695,high-flow,high-flow,high-flow,high-flow
2026-08-07 19:50:00,0.29750383,0.34981367,0.2688665,0.27906552,high-flow,high-flow,high-flow,high-flow
2026-08-07 20:00:00,0.37475595,0.42922783,0.350373,0.3601194,high-flow,high-flow,high-flow,high-flow
2026-08-07 20:10:00,0.4505201,0.5068677,0.43065014,0.43987408,high-flow,high-flow,high-flow,high-flow
2026-08-07 20:20:00,0.5243138,0.5822272,0.50915885,0.51779294,high-flow,high-flow,high-flow,high-flow
2026-08-07 20:30:00,0.5956674,0.65481526,0.5853708,0.59335077,high-flow,high-flow,high-flow,high-flow
2026-08-07 20:40:00,0.6641267,0.7241588,0.65877205,0.6660372,high-flow,high-flow,high-flow,high-flow
2026-08-07 20:50:00,0.7292544,0.7898047,0.72886646,0.7353601,high-flow,high-flow,high-flow,high-flow
2026-08-07 21:00:00,0.7906332,0.8513219,0.7951787,0.80084866,high-flow,high-flow,high-flow,high-flow
2026-08-07 21:10:00,0.8478668,0.90830314,0.8572574,0.86205643,high-flow,high-flow,high-flow,high-flow
2026-08-07 21:20:00,0.90058243,0.9603668,0.914678,0.9185642,high-flow,high-flow,high-flow,high-flow
2026-08-07 21:30:00,0.9484328,1.0071582,0.96704537,0.9699828,high-flow,high-flow,high-flow,high-flow
2026-08-07 21:40:00,0.99109745,1.0483519,1.0139966,1.0159553,high-flow,high-flow,high-flow,high-flow
2026-08-07 21:50:00,1.0282848,1.0836531,1.0552031,1.0561599,high-flow,high-flow,high-flow,high-flow
2026-08-07 22:00:00,1.0597337,1.1128006,1.0903728,1.0903109,high-flow,high-flow,high-flow,high-flow
2026-08-07 22:10:00,1.0852156,1.1355686,1.119252,1.118162,high-flow,high-flow,high-flow,high-flow
2026-08-07 22:20:00,1.1045352,1.1517695,1.1416271,1.1395068,high-flow,high-flow,high-flow,high-flow
2026-08-07 22:30:00,1.1175328,1.1612564,1.1573262,1.1541809,high-flow,high-flow,high-flow,high-flow
2026-08-07 22:40:00,1.1240854,1.1639255,1.16622,1.1620623,high-flow,high-flow,high-flow,high-flow
2026-08-07 22:50:00,1.1241081,1.1597178,1.1682229,1.1630732,high-flow,high-ebb,high-flow,high-flow
2026-08-07 23:00:00,1.1175551,1.1486208,1.1632938,1.15718,high-ebb,high-ebb,high-ebb,high-ebb
2026-08-07 23:10:00,1.1044214,1.1306696,1.1514366,1.1443939,high-ebb,high-ebb,high-ebb,high-ebb
2026-08-07 23:20:00,1.0847425,1.1059468,1.1326996,1.1247709,high-ebb,high-ebb,high-ebb,high-ebb
2026-08-07 23:30:00,1.0585964,1.0745817,1.1071768,1.0984118,high-ebb,high-ebb,high-ebb,high-ebb
2026-08-07 23:40:00,1.0261031,1.0367497,1.0750061,1.0654615,high-ebb,high-ebb,high-ebb,high-ebb
2026-08-07 23:50:00,0.98742527,0.99266976,1.0363694,1.0261085,high-ebb,high-ebb,high-ebb,high-ebb
2026-08-08 00:00:00,0.9427677,0.94260234,0.9914917,0.98058367,high-ebb,high-ebb,high-ebb,high-ebb
2026-08-08 00:10:00,0.8923772,0.88684654,0.94063914,0.92915916,high-ebb,high-ebb,high-ebb,high-ebb
2026-08-08 00:20:00,0.83654165,0.8257375,0.88411844,0.8721466,high-ebb,high-ebb,high-ebb,high-ebb
2026-08-08 00:30:00,0.7755889,0.75964326,0.8222744,0.8098954,high-ebb,high-ebb,high-ebb,high-ebb
2026-08-08 00:40:00,0.7098852,0.6889627,0.755488,0.7427906,high-ebb,high-ebb,high-ebb,high-ebb
2026-08-08 00:50:00,0.63983315,0.6141228,0.6841742,0.6712504,high-ebb,high-ebb,high-ebb,high-ebb
2026-08-08 01:00:00,0.5658697,0.5355769,0.60877913,0.5957236,high-ebb,high-ebb,high-ebb,high-ebb
2026-08-08 01:10:00,0.48846298,0.45380306,0.52977747,0.51668674,high-ebb,high-ebb,high-ebb,high-ebb
2026-08-08 01:20:00,0.40810978,0.36930284,0.44766912,0.4346407,high-ebb,high-ebb,high-ebb,high-ebb
2026-08-08 01:30:00,0.32533172,0.28259984,0.362976,0.35010782,high-ebb,high-ebb,high-ebb,high-ebb
2026-08-08 01:40:00,0.24067158,0.19423825,0.2762387,0.26362815,high-ebb,high-ebb,high-ebb,high-ebb
2026-08-08 01:50:00,0.15468933,0.104781285,0.1880126,0.17575575,high-ebb,high-ebb,high-ebb,high-ebb
2026-08-08 02:00:00,0.06795772,0.0148087535,0.09886416,0.08705505,high-ebb,high-ebb,high-ebb,high-ebb
2026-08-08 02:10:00,-0.018942222,-0.075085945,0.009367017,-0.0019032534,low-ebb,low-ebb,high-ebb,low-ebb
2026-08-08 02:20:00,-0.105425894,-0.16429967,-0.07990208,-0.09054609,low-ebb,low-ebb,low-ebb,low-ebb
2026-08-08 02:30:00,-0.19090997,-0.2522244,-0.16836733,-0.17830208,low-ebb,low-ebb,low-ebb,low-ebb
2026-08-08 02:40:00,-0.2748172,-0.33825287,-0.255458,-0.26460564,low-ebb,low-ebb,low-ebb,low-ebb
2026-08-08 02:50:00,-0.35658136,-0.4217851,-0.34061253,-0.3489011,low-ebb,low-ebb,low-ebb,low-ebb
2026-08-08 03:00:00,-0.43565205,-0.5022354,-0.42328256,-0.4306465,low-ebb,low-ebb,low-ebb,low-ebb
2026-08-08 03:10:00,-0.5114993,-0.57903993,-0.502937,-0.5093179,low-ebb,low-ebb,low-ebb,low-ebb
2026-08-08 03:20:00,-0.58361816,-0.6516638,-0.5790658,-0.5844127,low-ebb,low-ebb,low-ebb,low-ebb
2026-08-08 03:30:00,-0.65153295,-0.71960837,-0.6511838,-0.65545386,low-ebb,low-ebb,low-ebb,low-ebb
2026-08-08 03:40:00,-0.7148012,-0.7824176,-0.7188341,-0.72199297,low-ebb,low-ebb,low-ebb,low-ebb
2026-08-08 03:50:00,-0.7730172,-0.83968353,-0.78159165,-0.7836136,low-ebb,low-ebb,low-ebb,low-ebb
2026-08-08 04:00:00,-0.8258155,-0.8910506,-0.8390662,-0.83993465,low-ebb,low-ebb,low-ebb,low-ebb
2026-08-08 04:10:00,-0.8728733,-0.9362184,-0.89090514,-0.8906125,low-ebb,low-ebb,low-ebb,low-ebb
2026-08-08 04:20:00,-0.9139133,-0.9749435,-0.93679607,-0.9353441,low-ebb,low-ebb,low-ebb,low-ebb
2026-08-08 04:30:00,-0.9487053,-1.0070399,-0.97646904,-0.9738686,low-ebb,low-ebb,low-ebb,low-ebb
2026-08-08 04:40:00,-0.97706753,-1.0323772,-1.0096984,-1.0059695,low-ebb,low-ebb,low-ebb,low-ebb
2026-08-08 04:50:00,-0.9988679,-1.05088,-1.0363045,-1.0314761,low-ebb,low-ebb,low-ebb,low-ebb
2026-08-08 05:00:00,-1.0140241,-1.0625237,-1.0561544,-1.0502645,low-ebb,low-ebb,low-ebb,low-ebb
2026-08-08 05:10:00,-1.0225036,-1.0673325,-1.0691634,-1.0622578,low-ebb,low-ebb,low-ebb,low-ebb
2026-08-08 05:20:00,-1.0243233,-1.0653754,-1.0752947,-1.0674275,low-ebb,low-flow,low-ebb,low-ebb
2026-08-08 05:30:00,-1.0195484,-1.0567632,-1.07456,-1.0657929,low-flow,low-flow,low-ebb,low-ebb
2026-08-08 05:40:00,-1.0082908,-1.0416455,-1.0670191,-1.0574205,low-flow,low-flow,low-flow,low-flow
2026-08-08 05:50:00,-0.99070764,-1.0202082,-1.0527788,-1.0424235,low-flow,low-flow,low-flow,low-flow
2026-08-08 06:00:00,-0.9669992,-0.99267113,-1.0319922,-1.0209608,low-flow,low-flow,low-flow,low-flow
2026-08-08 06:10:00,-0.93740606,-0.9592869,-1.0048573,-0.9932355,low-flow,low-flow,low-flow,low-flow
2026-08-08 06:20:00,-0.902207,-0.92033964,-0.9716152,-0.95949286,low-flow,low-flow,low-flow,low-flow
2026-08-08 06:30:00,-0.8617157,-0.8761438,-0.93254805,-0.92001855,low-flow,low-flow,low-flow,low-flow
2026-08-08 06:40:00,-0.81627756,-0.82704365,-0.8879769,-0.8751362,low-flow,low-flow,low-flow,low-flow
2026-08-08 06:50:00,-0.76626706,-0.773412,-0.8382588,-0.82520485,low-flow,low-flow,low-flow,low-flow
2026-08-08 07:00:00,-0.712084,-0.7156491,-0.78378433,-0.77061605,low-flow,low-flow,low-flow,low-flow
2026-08-08 07:10:00,-0.65415037,-0.6541811,-0.7249744,-0.7117909,low-flow,low-flow,low-flow,low-flow
2026-08-08 07:20:00,-0.59290713,-0.5894575,-0.66227704,-0.64917696,low-flow,low-flow,low-flow,low-flow
2026-08-08 07:30:00,-0.52881074,-0.5219484,-0.5961642,-0.5832447,low-flow,low-flow,low-flow,low-flow
2026-08-08 07:40:00,-0.46233022,-0.45214146,-0.5271283,-0.5144843,low-flow,low-flow,low-flow,low-flow
2026-08-08 07:50:00,-0.39394364,-0.38053766,-0.4556783,-0.44340178,low-flow,low-flow,low-flow,low-flow
2026-08-08 08:00:00,-0.3241353,-0.30764753,-0.3823366,-0.37051588,low-flow,low-flow,low-flow,low-flow
2026-08-08 08:10:00,-0.25339282,-0.23398656,-0.3076349,-0.296354,low-flow,low-flow,low-flow,low-flow
2026-08-08 08:20:00,-0.18220411,-0.16007113,-0.23211083,-0.22144873,low-flow,low-flow,low-flow,low-flow
2026-08-08 08:30:00,-0.11105483,-0.08641433,-0.15630414,-0.14633429,low-flow,low-flow,low-flow,low-flow
2026-08-08 08:40:00,-0.040425714,-0.013522099,-0.08075303,-0.07154282,low-flow,low-flow,low-flow,low-flow
2026-08-08 08:50:00,0.029209914,0.05811002,-0.0059906514,0.0023990863,high-flow,high-flow,low-flow,high-flow
2026-08-08 09:00:00,0.09738852,0.12799986,0.0674585,0.07497385,high-flow,high-flow,high-flow,high-flow
2026-08-08 09:10:00,0.16365866,0.19568105,0.13908198,0.14567627,high-flow,high-flow,high-flow,high-flow
2026-08-08 09:20:00,0.2275832,0.26070502,0.2083827,0.21401677,high-flow,high-flow,high-flow,high-flow
2026-08-08 09:30:00,0.28874147,0.3226428,0.27488214,0.27952453,high-flow,high-flow,high-flow,high-flow
2026-08-08 09:40:00,0.34673128,0.38108662,0.33812338,0.34175047,high-flow,high-flow,high-flow,high-flow
2026-08-08 09:50:00,0.4011711,0.4356513,0.39767408,0.40027007,high-flow,high-flow,high-flow,high-flow
2026-08-08 10:00:00,0.45170188,0.48597607,0.4531291,0.45468614,high-flow,high-flow,high-flow,high-flow
2026-08-08 10:10:00,0.4979892,0.5317262,0.5041132,0.5046311,high-flow,high-flow,high-flow,high-flow
2026-08-08 10:20:00,0.539725,0.5725951,0.5502833,0.5497696,high-flow,high-flow,high-flow,high-flow
2026-08-08 10:30:00,0.5766297,0.60830665,0.5913307,0.58980036,high-flow,high-flow,high-flow,high-flow
2026-08-08 10:40:00,0.60845375,0.6386176,0.6269832,0.62445825,high-flow,high-flow,high-flow,high-flow
2026-08-08 10:50:00,0.63497967,0.6633201,0.6570066,0.6535161,high-flow,high-flow,high-flow,high-flow
2026-08-08 11:00:00,0.6560238,0.6822444,0.6812065,0.676786,high-flow,high-flow,high-flow,high-flow
2026-08-08 11:10:00,0.6714377,0.6952608,0.6994296,0.6941206,high-flow,high-flow,high-flow,high-flow
2026-08-08 11:20:00,0.6811099,0.702282,0.71156436,0.7054143,high-flow,high-flow,high-flow,high-flow
2026-08-08 11:30:00,0.6849673,0.70326436,0.7175425,0.71060395,high-flow,high-flow,high-flow,high-flow
2026-08-08 11:40:00,0.68297625,0.6982087,0.7173392,0.7096694,high-ebb,high-ebb,high-flow,high-flow
2026-08-08 11:50:00,0.67514366,0.6871605,0.71097344,0.70263386,high-ebb,high-ebb,high-ebb,high-ebb
2026-08-08 12:00:00,0.66151816,0.6702096,0.6985079,0.68956375,high-ebb,high-ebb,high-ebb,high-ebb
2026-08-08 12:10:00,0.64219004,0.6474887,0.6800492,0.67056876,high-ebb,high-ebb,high-ebb,high-ebb
2026-08-08 12:20:00,0.6172921,0.619172,0.6557469,0.6458011,high-ebb,high-ebb,high-ebb,high-ebb
2026-08-08 12:30:00,0.5869994,0.5854729,0.625793,0.6154549,high-ebb,high-ebb,high-ebb,high-ebb
2026-08-08 12:40:00,0.55152893,0.5466421,0.5904207,0.5797649,high-ebb,high-ebb,high-ebb,high-ebb
2026-08-08 12:50:00,0.51113886,0.5029651,0.5499034,0.5390053,high-ebb,high-ebb,high-ebb,high-ebb
2026-08-08 13:00:00,0.46612734,0.4547601,0.5045524,0.49348798,high-ebb,high-ebb,high-ebb,high-ebb
2026-08-08 13:10:00,0.41683128,0.40237626,0.45471567,0.44356084,high-ebb,high-ebb,high-ebb,high-ebb
2026-08-08 13:20:00,0.3636242,0.34619197,0.40077516,0.38960528,high-ebb,high-ebb,high-ebb,high-ebb
2026-08-08 13:30:00,0.3069139,0.28661385,0.34314454,0.332034,high-ebb,high-ebb,high-ebb,high-ebb
2026-08-08 13:40:00,0.24714005,0.22407551,0.28226644,0.27128813,high-ebb,high-ebb,high-ebb,high-ebb
2026-08-08 13:50:00,0.18477066,0.15903689,0.21860938,0.20783435,high-ebb,high-ebb,high-ebb,high-ebb
2026-08-08 14:00:00,0.12029901,0.09198319,0.15266465,0.14216171,high-ebb,high-ebb,high-ebb,high-ebb
2026-08-08 14:10:00,0.05423964,0.023423707,0.08494286,0.07477816,high-ebb,high-ebb,high-ebb,high-ebb
2026-08-08 14:20:00,-0.012875652,-0.04610991,0.01597028,0.006207016,low-ebb,low-ebb,high-ebb,high-ebb
2026-08-08 14:30:00,-0.08050218,-0.11606611,-0.0537149,-0.06301682,low-ebb,low-ebb,low-ebb,low-ebb
2026-08-08 14:40:00,-0.14808697,-0.18587677,-0.12356652,-0.13235073,low-ebb,low-ebb,low-ebb,low-ebb
2026-08-08 14:50:00,-0.2150734,-0.2549615,-0.19303447,-0.20124842,low-ebb,low-ebb,low-ebb,low-ebb
2026-08-08 15:00:00,-0.2809062,-0.3227329,-0.26156878,-0.26916397,low-ebb,low-ebb,low-ebb,low-ebb
2026-08-08 15:10:00,-0.34503612,-0.38860288,-0.32862386,-0.33555594,low-ebb,low-ebb,low-ebb,low-ebb
2026-08-08 15:20:00,-0.406925,-0.45198962,-0.39366248,-0.3998916,low-ebb,low-ebb,low-ebb,low-ebb
2026-08-08 15:30:00,-0.46605045,-0.51232517,-0.45616016,-0.46165088,low-ebb,low-ebb,low-ebb,low-ebb
2026-08-08 15:40:00,-0.52191055,-0.569063,-0.5156089,-0.5203306,low-ebb,low-ebb,low-ebb,low-ebb
2026-08-08 15:50:00,-0.57402843,-0.62168604,-0.5715216,-0.5754483,low-ebb,low-ebb,low-ebb,low-ebb
2026-08-08 16:00:00,-0.6219563,-0.66971374,-0.6234354,-0.626546,low-ebb,low-ebb,low-ebb,low-ebb
2026-08-08 16:10:00,-0.6652795,-0.7127084,-0.67091566,-0.67319393,low-ebb,low-ebb,low-ebb,low-ebb
2026-08-08 16:20:00,-0.70362014,-0.75028086,-0.7135593,-0.714994,low-ebb,low-ebb,low-ebb,low-ebb
2026-08-08 16:30:00,-0.73664004,-0.78209466,-0.750998,-0.7515828,low-ebb,low-ebb,low-ebb,low-ebb
2026-08-08 16:40:00,-0.7640439,-0.80786854,-0.78290117,-0.7826346,low-ebb,low-ebb,low-ebb,low-ebb
2026-08-08 16:50:00,-0.7855812,-0.8273784,-0.8089785,-0.8078641,low-ebb,low-ebb,low-ebb,low-ebb
2026-08-08 17:00:00,-0.8010482,-0.84045696,-0.8289823,-0.8270285,low-ebb,low-ebb,low-ebb,low-ebb
2026-08-08 17:10:00,-0.81028956,-0.846993,-0.84270954,-0.8399296,low-ebb,low-ebb,low-ebb,low-ebb
2026-08-08 17:20:00,-0.8131986,-0.8469294,-0.85000336,-0.8464153,low-ebb,low-ebb,low-ebb,low-ebb
2026-08-08 17:30:00,-0.80971843,-0.8402602,-0.85075426,-0.8463808,low-flow,low-flow,low-ebb,low-ebb
2026-08-08 17:40:00,-0.7998411,-0.8270282,-0.84490114,-0.8397695,low-flow,low-flow,low-flow,low-flow
2026-08-08 17:50:00,-0.78360766,-0.8073214,-0.83243144,-0.8265734,low-flow,low-flow,low-flow,low-flow
2026-08-08 18:00:00,-0.7611067,-0.7812702,-0.8133815,-0.8068331,low-flow,low-flow,low-flow,low-flow
2026-08-08 18:10:00,-0.7324735,-0.74904466,-0.787836,-0.7806375,low-flow,low-flow,low-flow,low-flow
2026-08-08 18:20:00,-0.69788754,-0.7108524,-0.7559274,-0.74812305,low-flow,low-flow,low-flow,low-flow
2026-08-08 18:30:00,-0.6575712,-0.6669366,-0.7178348,-0.7094727,low-flow,low-flow,low-flow,low-flow
2026-08-08 18:40:00,-0.61178666,-0.6175747,-0.67378247,-0.66491437,low-flow,low-flow,low-flow,low-flow
2026-08-08 18:50:00,-0.56083393,-0.56307715,-0.6240383,-0.6147192,low-flow,low-flow,low-flow,low-flow
2026-08-08 19:00:00,-0.5050474,-0.5037865,-0.5689113,-0.5591995,low-flow,low-flow,low-flow,low-flow
2026-08-08 19:10:00,-0.44479328,-0.44007632,-0.50874984,-0.49870628,low-flow,low-flow,low-flow,low-flow
2026-08-08 19:20:00,-0.38046646,-0.3723497,-0.4439384,-0.43362668,low-flow,low-flow,low-flow,low-flow
2026-08-08 19:30:00,-0.31248713,-0.30103776,-0.37489498,-0.36438096,low-flow,low-flow,low-flow,low-flow
2026-08-08 19:40:00,-0.24129762,-0.22659735,-0.30206808,-0.29141954,low-flow,low-flow,low-flow,low-flow
2026-08-08 19:50:00,-0.16735934,-0.1495084,-0.22593333,-0.21521954,low-flow,low-flow,low-flow,low-flow
2026-08-08 20:00:00,-0.09114938,-0.07027047,-0.14699008,-0.13628154,low-flow,low-flow,low-flow,low-flow
2026-08-08 20:10:00,-0.01315745,0.010600966,-0.06575787,-0.05512579,low-flow,high-flow,low-flow,low-flow
2026-08-08 20:20:00,0.06611725,0.09257876,0.017227191,0.027711214,high-flow,high-flow,high-flow,high-flow
2026-08-08 20:30:00,0.14616902,0.17512847,0.10141615,0.11168062,high-flow,high-flow,high-flow,high-flow
2026-08-08 20:40:00,0.22648859,0.25771284,0.18625093,0.1962249,high-flow,high-flow,high-flow,high-flow
2026-08-08 20:50:00,0.30656594,0.33979607,0.2711681,0.2807816,high-flow,high-flow,high-flow,high-flow
2026-08-08 21:00:00,0.38589308,0.42084795,0.35560262,0.3647872,high-flow,high-flow,high-flow,high-flow
2026-08-08 21:10:00,0.4639666,0.50034744,0.43899158,0.44768068,high-flow,high-flow,high-flow,high-flow
2026-08-08 21:20:00,0.5402903,0.5777856,0.52077776,0.5289073,high-flow,high-flow,high-flow,high-flow
2026-08-08 21:30:00,0.6143777,0.65266865,0.6004133,0.60792214,high-flow,high-flow,high-flow,high-flow
2026-08-08 21:40:00,0.6857542,0.7245197,0.6773632,0.6841936,high-flow,high-flow,high-flow,high-flow
2026-08-08 21:50:00,0.7539597,0.79288083,0.75110877,0.7572068,high-flow,high-flow,high-flow,high-flow
2026-08-08 22:00:00,0.81855106,0.85731435,0.82115066,0.8264668,high-flow,high-flow,high-flow,high-flow
2026-08-08 22:10:00,0.87910366,0.91740435,0.88701224,0.8915017,high-flow,high-flow,high-flow,high-flow
2026-08-08 22:20:00,0.93521446,0.9727581,0.94824255,0.9518658,high-flow,high-flow,high-flow,high-flow
2026-08-08 22:30:00,0.98650366,1.0230076,1.004419,1.007142,high-flow,high-flow,high-flow,high-flow
2026-08-08 22:40:00,1.032617,1.0678114,1.05515,1.056945,high-flow,high-flow,high-flow,high-flow
2026-08-08 22:50:00,1.0732281,1.1068563,1.100078,1.100923,high-flow,high-flow,high-flow,high-flow
2026-08-08 23:00:00,1.1080405,1.1398603,1.138881,1.1387607,high-flow,high-flow,high-flow,high-flow
2026-08-08 23:10:00,1.1367893,1.1665744,1.1712749,1.1701812,high-flow,high-flow,high-flow,high-flow
2026-08-08 23:20:00,1.1592442,1.1867856,1.1970158,1.1949472,high-flow,high-flow,high-flow,high-flow
2026-08-08 23:30:00,1.1752102,1.2003192,1.2159011,1.2128637,high-flow,high-flow,high-flow,high-flow
2026-08-08 23:40:00,1.1845307,1.2070413,1.2277716,1.2237782,high-flow,high-flow,high-flow,high-flow
2026-08-08 23:50:00,1.1870881,1.2068601,1.232512,1.227583,high-flow,high-flow,high-flow,high-flow
2026-08-09 00:00:00,1.1828065,1.199728,1.2300524,1.2242154,high-ebb,high-ebb,high-ebb,high-ebb
2026-08-09 00:10:00,1.1716517,1.1856422,1.2203686,1.2136583,high-ebb,high-ebb,high-ebb,high-ebb
2026-08-09 00:20:00,1.1536342,1.1646446,1.2034832,1.1959413,high-ebb,high-ebb,high-ebb,high-ebb
2026-08-09 00:30:00,1.1288085,1.1368213,1.179465,1.1711401,high-ebb,high-ebb,high-ebb,high-ebb
2026-08-09 00:40:00,1.0972745,1.1023024,1.1484296,1.1393765,high-ebb,high-ebb,high-ebb,high-ebb
2026-08-09 00:50:00,1.0591782,1.0612596,1.1105384,1.1008184,high-ebb,high-ebb,high-ebb,high-ebb
2026-08-09 01:00:00,1.0147109,1.0139055,1.0659983,1.0556784,high-ebb,high-ebb,high-ebb,high-ebb
2026-08-09 01:10:00,0.96410924,0.96049094,1.0150609,1.004213,high-ebb,high-ebb,high-ebb,high-ebb
2026-08-09 01:20:00,0.9076546,0.90130407,0.9580204,0.9467217,high-ebb,high-ebb,high-ebb,high-ebb
2026-08-09 01:30:00,0.8456716,0.8366684,0.89521307,0.8835447,high-ebb,high-ebb,high-ebb,high-ebb
2026-08-09 01:40:00,0.7785269,0.7669419,0.8270145,0.8150613,high-ebb,high-ebb,high-ebb,high-ebb
2026-08-09 01:50:00,0.70662683,0.69251597,0.75383794,0.74168766,high-ebb,high-ebb,high-ebb,high-ebb
2026-08-09 02:00:00,0.6304151,0.6138147,0.6761315,0.6638742,high-ebb,high-ebb,high-ebb,high-ebb
2026-08-09 02:10:00,0.5503698,0.5312946,0.59437543,0.5821027,high-ebb,high-ebb,high-ebb,high-ebb
2026-08-09 02:20:00,0.46700066,0.44544372,0.50907916,0.4968834,high-ebb,high-ebb,high-ebb,high-ebb
2026-08-09 02:30:00,0.38084465,0.35678136,0.42077795,0.40875158,high-ebb,high-ebb,high-ebb,high-ebb
2026-08-09 02:40:00,0.29246262,0.26585644,0.33002925,0.318264,high-ebb,high-ebb,high-ebb,high-ebb
2026-08-09 02:50:00,0.20243464,0.17324576,0.23740911,0.22599518,high-ebb,high-ebb,high-ebb,high-ebb
2026-08-09 03:00:00,0.11135573,0.0795512,0.14350803,0.13253337,high-ebb,high-ebb,high-ebb,high-ebb
2026-08-09 03:10:00,0.019830847,-0.014604169,0.048926976,0.038476493,high-ebb,low-ebb,high-ebb,high-ebb
2026-08-09 03:20:00,-0.07152991,-0.10858097,-0.04572694,-0.05557206,low-ebb,low-ebb,low-ebb,low-ebb
2026-08-09 03:30:00,-0.16211638,-0.2017295,-0.13984476,-0.14900781,low-ebb,low-ebb,low-ebb,low-ebb
2026-08-09 03:40:00,-0.2513234,-0.29339674,-0.2328201,-0.2412295,low-ebb,low-ebb,low-ebb,low-ebb
2026-08-09 03:50:00,-0.33855593,-0.38293386,-0.32405362,-0.33164355,low-ebb,low-ebb,low-ebb,low-ebb
2026-08-09 04:00:00,-0.4232339,-0.46970463,-0.41295734,-0.41966835,low-ebb,low-ebb,low-ebb,low-ebb
2026-08-09 04:10:00,-0.5047972,-0.55309355,-0.49895912,-0.50473857,low-ebb,low-ebb,low-ebb,low-ebb
2026-08-09 04:20:00,-0.5827103,-0.63251394,-0.5815068,-0.5863095,low-ebb,low-ebb,low-ebb,low-ebb
2026-08-09 04:30:00,-0.6564666,-0.7074157,-0.6600724,-0.66386074,low-ebb,low-ebb,low-ebb,low-ebb
2026-08-09 04:40:00,-0.7255924,-0.77729166,-0.7341559,-0.7369005,low-ebb,low-ebb,low-ebb,low-ebb
2026-08-09 04:50:00,-0.7896508,-0.84168357,-0.80328935,-0.8049691,low-ebb,low-ebb,low-ebb,low-ebb
2026-08-09 05:00:00,-0.848245,-0.9001858,-0.86703986,-0.86764216,low-ebb,low-ebb,low-ebb,low-ebb
2026-08-09 05:10:00,-0.9010213,-0.9524489,-0.9250131,-0.924534,low-ebb,low-ebb,low-ebb,low-ebb
2026-08-09 05:20:00,-0.94767106,-0.9981804,-0.9768563,-0.97530043,low-ebb,low-ebb,low-ebb,low-ebb
2026-08-09 05:30:00,-0.9879333,-1.0371455,-1.0222602,-1.019641,low-ebb,low-ebb,low-ebb,low-ebb
2026-08-09 05:40:00,-1.0215958,-1.0691662,-1.0609621,-1.0573013,low-ebb,low-ebb,low-ebb,low-ebb
2026-08-09 05:50:00,-1.0484964,-1.0941192,-1.092747,-1.0880747,low-ebb,low-ebb,low-ebb,low-ebb
2026-08-09 06:00:00,-1.0685229,-1.1119341,-1.117449,-1.1118034,low-ebb,low-ebb,low-ebb,low-ebb
2026-08-09 06:10:00,-1.0816139,-1.1225907,-1.1349533,-1.1283798,low-ebb,low-ebb,low-ebb,low-ebb
2026-08-09 06:20:00,-1.0877581,-1.1261162,-1.145195,-1.1377468,low-ebb,low-ebb,low-ebb,low-ebb
2026-08-09 06:30:00,-1.0869929,-1.1225827,-1.148161,-1.1398981,low-ebb,low-flow,low-ebb,low-ebb
2026-08-09 06:40:00,-1.0794041,-1.1121055,-1.1438893,-1.1348771,low-flow,low-flow,low-flow,low-flow
2026-08-09 06:50:00,-1.0651237,-1.0948408,-1.1324675,-1.1227778,low-flow,low-flow,low-flow,low-flow
2026-08-09 07:00:00,-1.044328,-1.0709844,-1.1140332,-1.1037425,low-flow,low-flow,low-flow,low-flow
2026-08-09 07:10:00,-1.0172355,-1.0407705,-1.0887716,-1.0779607,low-flow,low-flow,low-flow,low-flow
2026-08-09 07:20:00,-0.98410493,-1.004471,-1.0569142,-1.0456675,low-flow,low-flow,low-flow,low-flow
2026-08-09 07:30:00,-0.9452315,-0.9623938,-1.0187368,-1.0071416,low-flow,low-flow,low-flow,low-flow
2026-08-09 07:40:00,-0.90094507,-0.91488254,-0.97455716,-0.96270263,low-flow,low-flow,low-flow,low-flow
2026-08-09 07:50:00,-0.8516068,-0.8623141,-0.92473215,-0.912709,low-flow,low-flow,low-flow,low-flow
2026-08-09 08:00:00,-0.7976061,-0.8050973,-0.86965513,-0.8575545,low-flow,low-flow,low-flow,low-flow
2026-08-09 08:10:00,-0.7393578,-0.74366987,-0.8097529,-0.7976657,low-flow,low-flow,low-flow,low-flow
2026-08-09 08:20:00,-0.67729884,-0.67849547,-0.7454821,-0.73349845,low-flow,low-flow,low-flow,low-flow
2026-08-09 08:30:00,-0.6118853,-0.61006,-0.6773263,-0.6655345,low-flow,low-flow,low-flow,low-flow
2026-08-09 08:40:00,-0.5435893,-0.5388675,-0.60579216,-0.5942779,low-flow,low-flow,low-flow,low-flow
2026-08-09 08:50:00,-0.47289607,-0.46543548,-0.5314057,-0.5202518,low-flow,low-flow,low-flow,low-flow
2026-08-09 09:00:00,-0.40030092,-0.39029062,-0.45470867,-0.44399425,low-flow,low-flow,low-flow,low-flow
2026-08-09 09:10:00,-0.3263064,-0.31396407,-0.37625495,-0.3660547,low-flow,low-flow,low-flow,low-flow
2026-08-09 09:20:00,-0.2514195,-0.23698731,-0.29660657,-0.28699037,low-flow,low-flow,low-flow,low-flow
2026-08-09 09:30:00,-0.1761489,-0.15988806,-0.21633005,-0.20736238,low-flow,low-flow,low-flow,low-flow
2026-08-09 09:40:00,-0.10100224,-0.08318706,-0.13599251,-0.12773207,low-flow,low-flow,low-flow,low-flow
2026-08-09 09:50:00,-0.026483523,-0.0073950323,-0.05615813,-0.04865746,low-flow,low-flow,low-flow,low-flow
2026-08-09 10:00:00,0.046909455,0.066989645,0.02261561,0.029310454,high-flow,high-flow,high-flow,high-flow
2026-08-09 10:10:00,0.11868767,0.1394829,0.09978143,0.10563113,high-flow,high-flow,high-flow,high-flow
2026-08-09 10:20:00,0.18837336,0.20961656,0.17480575,0.17977789,high-flow,high-flow,high-flow,high-flow
2026-08-09 10:30:00,0.25550255,0.27693975,0.24717203,0.25124127,high-flow,high-flow,high-flow,high-flow
2026-08-09 10:40:00,0.31962746,0.34102023,0.31638402,0.3195321,high-flow,high-flow,high-flow,high-flow
2026-08-09 10:50:00,0.38031906,0.40144593,0.38196883,0.3841846,high-flow,high-flow,high-flow,high-flow
2026-08-09 11:00:00,0.43716946,0.45782638,0.44347998,0.44475934,high-flow,high-flow,high-flow,high-flow
2026-08-09 11:10:00,0.4897944,0.50979483,0.5005001,0.50084585,high-flow,high-flow,high-flow,high-flow
2026-08-09 11:20:00,0.53783566,0.55701035,0.55264366,0.5520654,high-flow,high-flow,high-flow,high-flow
2026-08-09 11:30:00,0.5809635,0.5991603,0.5995593,0.5980731,high-flow,high-flow,high-flow,high-flow
2026-08-09 11:40:00,0.618879,0.6359631,0.6409324,0.63856065,high-flow,high-flow,high-flow,high-flow
2026-08-09 11:50:00,0.65131634,0.66717064,0.6764868,0.67325777,high-flow,high-flow,high-flow,high-flow
2026-08-09 12:00:00,0.6780452,0.69257116,0.7059869,0.7019345,high-flow,high-flow,high-flow,high-flow
2026-08-09 12:10:00,0.6988726,0.71199155,0.7292394,0.7244028,high-flow,high-flow,high-flow,high-flow
2026-08-09 12:20:00,0.71364534,0.72529936,0.7460945,0.7405176,high-flow,high-flow,high-flow,high-flow
2026-08-09 12:30:00,0.72225124,0.73240405,0.7564473,0.75017834,high-flow,high-flow,high-flow,high-flow
2026-08-09 12:40:00,0.72462124,0.73325825,0.76023865,0.7533298,high-flow,high-flow,high-flow,high-flow
2026-08-09 12:50:00,0.72073066,0.72785777,0.75745565,0.74996257,high-ebb,high-ebb,high-ebb,high-ebb
2026-08-09 13:00:00,0.7106002,0.7162417,0.7481325,0.7401138,high-ebb,high-ebb,high-ebb,high-ebb
2026-08-09 13:10:00,0.69429684,0.6984914,0.7323501,0.7238668,high-ebb,high-ebb,high-ebb,high-ebb
2026-08-09 13:20:00,0.67193437,0.6747297,0.71023613,0.7013514,high-ebb,high-ebb,high-ebb,high-ebb
2026-08-09 13:30:00,0.64367336,0.64511985,0.6819646,0.672743,high-ebb,high-ebb,high-ebb,high-ebb
2026-08-09 13:40:00,0.60972077,0.6098642,0.64775467,0.638262,high-ebb,high-ebb,high-ebb,high-ebb
2026-08-09 13:50:00,0.5703296,0.569203,0.6078699,0.5981724,high-ebb,high-ebb,high-ebb,high-ebb
2026-08-09 14:00:00,0.52579737,0.52341413,0.56261677,0.5527808,high-ebb,high-ebb,high-ebb,high-ebb
2026-08-09 14:10:00,0.47646457,0.47281197,0.5123423,0.50243413,high-ebb,high-ebb,high-ebb,high-ebb
2026-08-09 14:20:00,0.42271277,0.41774735,0.4574326,0.44751784,high-ebb,high-ebb,high-ebb,high-ebb
2026-08-09 14:30:00,0.36496198,0.35860753,0.3983101,0.38845322,high-ebb,high-ebb,high-ebb,high-ebb
2026-08-09 14:40:00,0.30366775,0.295816,0.33543083,0.32569486,high-ebb,high-ebb,high-ebb,high-ebb
2026-08-09 14:50:00,0.23931786,0.2298321,0.2692813,0.2597276,high-ebb,high-ebb,high-ebb,high-ebb
2026-08-09 15:00:00,0.17242853,0.16115046,0.20037517,0.19106303,high-ebb,high-ebb,high-ebb,high-ebb
2026-08-09 15:10:00,0.10354038,0.09029954,0.1292497,0.12023607,high-ebb,high-ebb,high-ebb,high-ebb
2026-08-09 15:20:00,0.033213966,0.017839452,0.05646185,0.047801036,high-ebb,high-ebb,high-ebb,high-ebb
2026-08-09 15:30:00,-0.03797485,-0.05564134,-0.01741587,-0.025672365,low-ebb,low-ebb,low-ebb,low-ebb
2026-08-09 15:40:00,-0.10943979,-0.1295304,-0.09179951,-0.099603266,low-ebb,low-ebb,low-ebb,low-ebb
2026-08-09 15:50:00,-0.18058921,-0.20319697,-0.16609819,-0.17340402,low-ebb,low-ebb,low-ebb,low-ebb
2026-08-09 16:00:00,-0.25083125,-0.27599856,-0.23971854,-0.2464847,low-ebb,low-ebb,low-ebb,low-ebb
2026-08-09 16:10:00,-0.31957904,-0.34728873,-0.3120693,-0.3182576,low-ebb,low-ebb,low-ebb,low-ebb
2026-08-09 16:20:00,-0.3862558,-0.41642517,-0.38256598,-0.38814193,low-ebb,low-ebb,low-ebb,low-ebb
2026-08-09 16:30:00,-0.45029995,-0.48277864,-0.45063534,-0.45556828,low-ebb,low-ebb,low-ebb,low-ebb
2026-08-09 16:40:00,-0.51117,-0.54574156,-0.51572007,-0.5199832,low-ebb,low-ebb,low-ebb,low-ebb
2026-08-09 16:50:00,-0.56834936,-0.60473645,-0.5772831,-0.58085364,low-ebb,low-ebb,low-ebb,low-ebb
2026-08-09 17:00:00,-0.6213505,-0.65922356,-0.63481194,-0.6376711,low-ebb,low-ebb,low-ebb,low-ebb
2026-08-09 17:10:00,-0.66971946,-0.7087077,-0.6878229,-0.689956,low-ebb,low-ebb,low-ebb,low-ebb
2026-08-09 17:20:00,-0.7130393,-0.7527437,-0.7358647,-0.73726124,low-ebb,low-ebb,low-ebb,low-ebb
2026-08-09 17:30:00,-0.7509335,-0.79094064,-0.7785224,-0.77917594,low-ebb,low-ebb,low-ebb,low-ebb
2026-08-09 17:40:00,-0.7830692,-0.82296443,-0.81542045,-0.81532884,low-ebb,low-ebb,low-ebb,low-ebb
2026-08-09 17:50:00,-0.80915904,-0.8485393,-0.8462259,-0.84539104,low-ebb,low-ebb,low-ebb,low-ebb
2026-08-09 18:00:00,-0.8289638,-0.8674479,-0.870651,-0.8690789,low-ebb,low-ebb,low-ebb,low-ebb
2026-08-09 18:10:00,-0.84229344,-0.87953055,-0.8884553,-0.886156,low-ebb,low-ebb,low-ebb,low-ebb
2026-08-09 18:20:00,-0.84900826,-0.8846834,-0.89944744,-0.89643544,low-ebb,low-ebb,low-ebb,low-ebb
2026-08-09 18:30:00,-0.8490195,-0.88285637,-0.90348697,-0.8997805,low-ebb,low-flow,low-ebb,low-ebb
2026-08-09 18:40:00,-0.8422893,-0.874051,-0.9004851,-0.8961064,low-flow,low-flow,low-flow,low-flow
2026-08-09 18:50:00,-0.82883036,-0.85831755,-0.8904052,-0.8853805,low-flow,low-flow,low-flow,low-flow
2026-08-09 19:00:00,-0.808705,-0.8357533,-0.8732631,-0.86762255,low-flow,low-flow,low-flow,low-flow
2026-08-09 19:10:00,-0.78202397,-0.80650026,-0.84912705,-0.8429042,low-flow,low-flow,low-flow,low-flow
2026-08-09 19:20:00,-0.74894524,-0.77074367,-0.81811637,-0.8113487,low-flow,low-flow,low-flow,low-flow
2026-08-09 19:30:00,-0.7096716,-0.7287105,-0.78040123,-0.77312946,low-flow,low-flow,low-flow,low-flow
2026-08-09 19:40:00,-0.66444874,-0.6806684,-0.7362006,-0.7284689,low-flow,low-flow,low-flow,low-flow
2026-08-09 19:50:00,-0.6135627,-0.62692463,-0.6857806,-0.6776362,low-flow,low-flow,low-flow,low-flow
2026-08-09 20:00:00,-0.5573375,-0.56782436,-0.6294525,-0.62094563,low-flow,low-flow,low-flow,low-flow
2026-08-09 20:10:00,-0.49613217,-0.50374967,-0.56757027,-0.5587538,low-flow,low-flow,low-flow,low-flow
2026-08-09 20:20:00,-0.43033773,-0.43511692,-0.5005275,-0.49145678,low-flow,low-flow,low-flow,low-flow
2026-08-09 20:30:00,-0.3603745,-0.3623747,-0.42875493,-0.41948754,low-flow,low-flow,low-flow,low-flow
2026-08-09 20:40:00,-0.2866888,-0.28600046,-0.35271686,-0.34331235,low-flow,low-flow,low-flow,low-flow
2026-08-09 20:50:00,-0.20974995,-0.20649679,-0.27290806,-0.26342756,low-flow,low-flow,low-flow,low-flow
2026-08-09 21:00:00,-0.13004726,-0.12438743,-0.18985002,-0.18035589,low-flow,low-flow,low-flow,low-flow
2026-08-09 21:10:00,-0.04808677,-0.040212516,-0.1040874,-0.09464299,low-flow,low-flow,low-flow,low-flow
2026-08-09 21:20:00,0.035611637,0.04547603,-0.016184218,-0.006853414,high-flow,high-flow,low-flow,low-flow
2026-08-09 21:30:00,0.12051732,0.13211928,0.07327995,0.08243311,high-flow,high-flow,high-flow,high-flow
2026-08-09 21:40:00,0.20609185,0.21915588,0.16371386,0.17262562,high-flow,high-flow,high-flow,high-flow
2026-08-09 21:50:00,0.29179192,0.30602628,0.25451854,0.26312578,high-flow,high-flow,high-flow,high-flow
2026-08-09 22:00:00,0.37707227,0.39217645,0.3450911,0.35333186,high-flow,high-flow,high-flow,high-flow
2026-08-09 22:10:00,0.46138847,0.47706115,0.43482873,0.44264257,high-flow,high-flow,high-flow,high-flow
2026-08-09 22:20:00,0.54419976,0.5601466,0.5231324,0.53046095,high-flow,high-flow,high-flow,high-flow
2026-08-09 22:30:00,0.62497187,0.64091253,0.6094107,0.6161981,high-flow,high-flow,high-flow,high-flow
2026-08-09 22:40:00,0.70317984,0.7188541,0.69308364,0.6992769,high-flow,high-flow,high-flow,high-flow
2026-08-09 22:50:00,0.7783105,0.7934832,0.77358603,0.7791356,high-flow,high-flow,high-flow,high-flow
2026-08-09 23:00:00,0.8498657,0.8643295,0.85037124,0.8552313,high-flow,high-flow,high-flow,high-flow
2026-08-09 23:10:00,0.9173646,0.9309424,0.9229144,0.9270434,high-flow,high-flow,high-flow,high-flow
2026-08-09 23:20:00,0.98034674,0.99289185,0.9907158,0.9940769,high-flow,high-flow,high-flow,high-flow
2026-08-09 23:30:00,1.0383747,1.0497704,1.053304,1.0558653,high-flow,high-flow,high-flow,high-flow
2026-08-09 23:40:00,1.0910368,1.1011949,1.1102387,1.1119738,high-flow,high-flow,high-flow,high-flow
2026-08-09 23:50:00,1.1379498,1.1468095,1.1611139,1.162002,high-flow,high-flow,high-flow,high-flow
2026-08-10 00:00:00,1.178762,1.1862874,1.2055601,1.2055863,high-flow,high-flow,high-flow,high-flow
2026-08-10 00:10:00,1.2131553,1.2193345,1.2432472,1.2424029,high-flow,high-flow,high-flow,high-flow
2026-08-10 00:20:00,1.2408481,1.2456911,1.2738864,1.2721696,high-flow,high-flow,high-flow,high-flow
2026-08-10 00:30:00,1.2615979,1.2651356,1.297233,1.2946478,high-flow,high-flow,high-flow,high-flow
2026-08-10 00:40:00,1.2752035,1.2774866,1.3130871,1.3096446,high-flow,high-flow,high-flow,high-flow
2026-08-10 00:50:00,1.2815071,1.2826045,1.3212963,1.3170141,high-flow,high-flow,high-flow,high-flow
2026-08-10 01:00:00,1.2803968,1.2803932,1.3217566,1.3166587,high-flow,high-ebb,high-flow,high-flow
2026-08-10 01:10:00,1.2718076,1.270802,1.3144134,1.3085308,high-ebb,high-ebb,high-ebb,high-ebb
2026-08-10 01:20:00,1.2557235,1.2538242,1.2992626,1.2926325,high-ebb,high-ebb,high-ebb,high-ebb
2026-08-10 01:30:00,1.2321783,1.2294991,1.276351,1.2690166,high-ebb,high-ebb,high-ebb,high-ebb
2026-08-10 01:40:00,1.2012572,1.1979101,1.2457764,1.2377871,high-ebb,high-ebb,high-ebb,high-ebb
2026-08-10 01:50:00,1.163096,1.1591846,1.2076876,1.1990985,high-ebb,high-ebb,high-ebb,high-ebb
2026-08-10 02:00:00,1.1178824,1.1134937,1.1622841,1.1531553,high-ebb,high-ebb,high-ebb,high-ebb
2026-08-10 02:10:00,1.0658547,1.0610511,1.109815,1.1002116,high-ebb,high-ebb,high-ebb,high-ebb
2026-08-10 02:20:00,1.0073017,1.0021126,1.050578,1.0405692,high-ebb,high-ebb,high-ebb,high-ebb
2026-08-10 02:30:00,0.94256073,0.9369761,0.98491776,0.97457683,high-ebb,high-ebb,high-ebb,high-ebb
2026-08-10 02:40:00,0.8720166,0.86598146,0.91322416,0.9026276,high-ebb,high-ebb,high-ebb,high-ebb
2026-08-10 02:50:00,0.79609853,0.78951085,0.8359301,0.8251568,high-ebb,high-ebb,high-ebb,high-ebb
2026-08-10 03:00:00,0.7152781,0.7079886,0.7535086,0.7426397,high-ebb,high-ebb,high-ebb,high-ebb
2026-08-10 03:10:00,0.6300657,0.6218818,0.6664702,0.65558803,high-ebb,high-ebb,high-ebb,high-ebb
2026-08-10 03:20:00,0.54100704,0.5316995,0.5753595,0.56454706,high-ebb,high-ebb,high-ebb,high-ebb
2026-08-10 03:30:00,0.44867912,0.4379923,0.4807515,0.47009164,high-ebb,high-ebb,high-ebb,high-ebb
2026-08-10 03:40:00,0.35368586,0.34135035,0.3832478,0.37282267,high-ebb,high-ebb,high-ebb,high-ebb
2026-08-10 03:50:00,0.25665328,0.24240062,0.28347242,0.2733627,high-ebb,high-ebb,high-ebb,high-ebb
2026-08-10 04:00:00,0.15822475,0.14180306,0.18206748,0.17235164,high-ebb,high-ebb,high-ebb,high-ebb
2026-08-10 04:10:00,0.05905559,0.040245328,0.07968852,0.070442155,high-ebb,high-ebb,high-ebb,high-ebb
2026-08-10 04:20:00,-0.040192194,-0.06156362,-0.02300027,-0.031705093,low-ebb,low-ebb,low-ebb,low-ebb
2026-08-10 04:30:00,-0.13885535,-0.16290107,-0.12533085,-0.13342625,low-ebb,low-ebb,low-ebb,low-ebb
2026-08-10 04:40:00,-0.23627485,-0.26303905,-0.22663632,-0.23405918,low-ebb,low-ebb,low-ebb,low-ebb
2026-08-10 04:50:00,-0.33180138,-0.36125326,-0.32625595,-0.33294848,low-ebb,low-ebb,low-ebb,low-ebb
2026-08-10 05:00:00,-0.4248006,-0.45683256,-0.42354003,-0.4294503,low-ebb,low-ebb,low-ebb,low-ebb
2026-08-10 05:10:00,-0.5146584,-0.5490881,-0.5178549,-0.5229373,low-ebb,low-ebb,low-ebb,low-ebb
2026-08-10 05:20:00,-0.60078573,-0.6373623,-0.60858774,-0.6128032,low-ebb,low-ebb,low-ebb,low-ebb
2026-08-10 05:30:00,-0.68262345,-0.72103643,-0.69515103,-0.6984678,low-ebb,low-ebb,low-ebb,low-ebb
2026-08-10 05:40:00,-0.7596465,-0.7995379,-0.7769872,-0.77938074,low-ebb,low-ebb,low-ebb,low-ebb
2026-08-10 05:50:00,-0.83136797,-0.8723457,-0.8535728,-0.855026,low-ebb,low-ebb,low-ebb,low-ebb
2026-08-10 06:00:00,-0.8973427,-0.93899447,-0.9244223,-0.9249258,low-ebb,low-ebb,low-ebb,low-ebb
2026-08-10 06:10:00,-0.9571702,-0.99907756,-0.98909175,-0.9886439,low-ebb,low-ebb,low-ebb,low-ebb
2026-08-10 06:20:00,-1.0104975,-1.0522482,-1.0471818,-1.0457888,low-ebb,low-ebb,low-ebb,low-ebb
2026-08-10 06:30:00,-1.0570213,-1.0982199,-1.0983412,-1.0960165,low-ebb,low-ebb,low-ebb,low-ebb
2026-08-10 06:40:00,-1.0964892,-1.1367658,-1.1422684,-1.1390333,low-ebb,low-ebb,low-ebb,low-ebb
2026-08-10 06:50:00,-1.1287017,-1.1677171,-1.178714,-1.174597,low-ebb,low-ebb,low-ebb,low-ebb
2026-08-10 07:00:00,-1.1535121,-1.1909616,-1.2074823,-1.2025189,low-ebb,low-ebb,low-ebb,low-ebb
2026-08-10 07:10:00,-1.1708273,-1.2064413,-1.2284325,-1.2226648,low-ebb,low-ebb,low-ebb,low-ebb
2026-08-10 07:20:00,-1.1806068,-1.2141508,-1.2414793,-1.2349555,low-ebb,low-ebb,low-ebb,low-ebb
2026-08-10 07:30:00,-1.1828632,-1.2141352,-1.246593,-1.2393672,low-ebb,low-ebb,low-ebb,low-ebb
2026-08-10 07:40:00,-1.1776599,-1.2064887,-1.2437994,-1.2359312,low-flow,low-flow,low-flow,low-flow
2026-08-10 07:50:00,-1.1651103,-1.1913531,-1.2331796,-1.2247326,low-flow,low-flow,low-flow,low-flow
2026-08-10 08:00:00,-1.1453763,-1.1689168,-1.214868,-1.2059106,low-flow,low-flow,low-flow,low-flow
2026-08-10 08:10:00,-1.1186657,-1.1394138,-1.1890517,-1.1796554,low-flow,low-flow,low-flow,low-flow
2026-08-10 08:20:00,-1.0852301,-1.103122,-1.1559685,-1.1462078,low-flow,low-flow,low-flow,low-flow
2026-08-10 08:30:00,-1.0453627,-1.0603623,-1.1159045,-1.1058558,low-flow,low-flow,low-flow,low-flow
2026-08-10 08:40:00,-0.99939513,-1.0114964,-1.0691918,-1.0589333,low-flow,low-flow,low-flow,low-flow
2026-08-10 08:50:00,-0.9476951,-0.9569247,-1.0162058,-1.0058162,low-flow,low-flow,low-flow,low-flow
2026-08-10 09:00:00,-0.8906631,-0.8970831,-0.9573622,-0.9469206,low-flow,low-flow,low-flow,low-flow
2026-08-10 09:10:00,-0.8287298,-0.83243954,-0.89311355,-0.88269824,low-flow,low-flow,low-flow,low-flow
2026-08-10 09:20:00,-0.76235276,-0.7634901,-0.8239463,-0.81363446,low-flow,low-flow,low-flow,low-flow
2026-08-10 09:30:00,-0.6920134,-0.6907541,-0.7503765,-0.7402435,low-flow,low-flow,low-flow,low-flow
2026-08-10 09:40:00,-0.61821395,-0.6147697,-0.6729469,-0.6630656,low-flow,low-flow,low-flow,low-flow
2026-08-10 09:50:00,-0.54147446,-0.5360887,-0.5922224,-0.5826627,low-flow,low-flow,low-flow,low-flow
2026-08-10 10:00:00,-0.46232963,-0.45527172,-0.5087866,-0.49961492,low-flow,low-flow,low-flow,low-flow
2026-08-10 10:10:00,-0.38132572,-0.37288398,-0.4232379,-0.4145165,low-flow,low-flow,low-flow,low-flow
2026-08-10 10:20:00,-0.29901776,-0.28949085,-0.33618504,-0.32797182,low-flow,low-flow,low-flow,low-flow
2026-08-10 10:30:00,-0.21596617,-0.20565435,-0.2482436,-0.24059159,low-flow,low-flow,low-flow,low-flow
2026-08-10 10:40:00,-0.13273406,-0.12193025,-0.16003181,-0.15298887,low-flow,low-flow,low-flow,low-flow
2026-08-10 10:50:00,-0.049884107,-0.038865443,-0.07216663,-0.06577515,low-flow,low-flow,low-flow,low-flow
2026-08-10 11:00:00,0.032024518,0.04300392,0.01474013,0.020443419,high-flow,high-flow,high-flow,high-flow
2026-08-10 11:10:00,0.112439066,0.1231541,0.100085676,0.10506989,high-flow,high-flow,high-flow,high-flow
2026-08-10 11:20:00,0.1908163,0.20107509,0.18327998,0.18752019,high-flow,high-flow,high-flow,high-flow
2026-08-10 11:30:00,0.26662552,0.27627206,0.26374945,0.26722676,high-flow,high-flow,high-flow,high-flow
2026-08-10 11:40:00,0.3393516,0.34826657,0.34094056,0.34364203,high-flow,high-flow,high-flow,high-flow
2026-08-10 11:50:00,0.40849817,0.41659847,0.4143232,0.4162419,high-flow,high-flow,high-flow,high-flow
2026-08-10 12:00:00,0.47359052,0.48082757,0.48339427,0.4845291,high-flow,high-flow,high-flow,high-flow
2026-08-10 12:10:00,0.53417885,0.54053617,0.54768056,0.5480361,high-flow,high-flow,high-flow,high-flow
2026-08-10 12:20:00,0.58984137,0.5953315,0.6067421,0.6063285,high-flow,high-flow,high-flow,high-flow
2026-08-10 12:30:00,0.640187,0.6448487,0.6601749,0.65900755,high-flow,high-flow,high-flow,high-flow
2026-08-10 12:40:00,0.68485886,0.68875384,0.7076139,0.70571315,high-flow,high-flow,high-flow,high-flow
2026-08-10 12:50:00,0.72353673,0.72674674,0.748735,0.74612606,high-flow,high-flow,high-flow,high-flow
2026-08-10 13:00:00,0.75594,0.75856405,0.78325814,0.77997047,high-flow,high-flow,high-flow,high-flow
2026-08-10 13:10:00,0.7818305,0.78398186,0.8109487,0.80701596,high-flow,high-flow,high-flow,high-flow
2026-08-10 13:20:00,0.80101436,0.8028176,0.8316199,0.82707924,high-flow,high-flow,high-flow,high-flow
2026-08-10 13:30:00,0.8133449,0.81493187,0.8451341,0.84002596,high-flow,high-flow,high-flow,high-flow
2026-08-10 13:40:00,0.81872416,0.82022977,0.8514041,0.8457719,high-flow,high-flow,high-flow,high-flow
2026-08-10 13:50:00,0.81710476,0.8186613,0.85039425,0.84428406,high-flow,high-flow,high-flow,high-flow
2026-08-10 14:00:00,0.80849105,0.81022173,0.84212136,0.8355811,high-ebb,high-ebb,high-ebb,high-ebb
2026-08-10 14:10:00,0.79294,0.7949517,0.82665473,0.81973416,high-ebb,high-ebb,high-ebb,high-ebb
2026-08-10 14:20:00,0.77056205,0.7729368,0.8041162,0.7968665,high-ebb,high-ebb,high-ebb,high-ebb
2026-08-10 14:30:00,0.74152076,0.7443079,0.77467996,0.7671532,high-ebb,high-ebb,high-ebb,high-ebb
2026-08-10 14:40:00,0.7060326,0.7092403,0.7385718,0.7308206,high-ebb,high-ebb,high-ebb,high-ebb
2026-08-10 14:50:00,0.6643661,0.66795444,0.69606787,0.68814516,high-ebb,high-ebb,high-ebb,high-ebb
2026-08-10 15:00:00,0.6168405,0.620716,0.64749324,0.63945186,high-ebb,high-ebb,high-ebb,high-ebb
2026-08-10 15:10:00,0.5638235,0.56783617,0.5932198,0.5851123,high-ebb,high-ebb,high-ebb,high-ebb
2026-08-10 15:20:00,0.50572956,0.50967264,0.53366435,0.5255424,high-ebb,high-ebb,high-ebb,high-ebb
2026-08-10 15:30:00,0.4430163,0.4466297,0.4692854,0.46119988,high-ebb,high-ebb,high-ebb,high-ebb
2026-08-10 15:40:00,0.37618148,0.37915853,0.40058059,0.39258108,high-ebb,high-ebb,high-ebb,high-ebb
2026-08-10 15:50:00,0.30575934,0.3077568,0.3280828,0.32021752,high-ebb,high-ebb,high-ebb,high-ebb
2026-08-10 16:00:00,0.23231609,0.2329675,0.25235668,0.2446722,high-ebb,high-ebb,high-ebb,high-ebb
2026-08-10 16:10:00,0.15644552,0.15537676,0.1739944,0.16653545,high-ebb,high-ebb,high-ebb,high-ebb
2026-08-10 16:20:00,0.07876399,0.07561047,0.09361138,0.086420655,high-ebb,high-ebb,high-ebb,high-ebb
2026-08-10 16:30:00,-9.465339e-05,-0.0056704525,0.011841542,0.0049596312,low-ebb,low-ebb,high-ebb,high-ebb
2026-08-10 16:40:00,-0.07948454,-0.087776,-0.070667446,-0.077202246,low-ebb,low-ebb,low-ebb,low-ebb
2026-08-10 16:50:00,-0.15875328,-0.16999437,-0.15325919,-0.15941098,low-ebb,low-ebb,low-ebb,low-ebb
2026-08-10 17:00:00,-0.23724757,-0.25160035,-0.23527372,-0.24100912,low-ebb,low-ebb,low-ebb,low-ebb
2026-08-10 17:10:00,-0.3143189,-0.33186445,-0.31605268,-0.32134086,low-ebb,low-ebb,low-ebb,low-ebb
2026-08-10 17:20:00,-0.38932908,-0.41006252,-0.39494455,-0.39975742,low-ebb,low-ebb,low-ebb,low-ebb
2026-08-10 17:30:00,-0.46165568,-0.48548576,-0.47130984,-0.47562203,low-ebb,low-ebb,low-ebb,low-ebb
2026-08-10 17:40:00,-0.53069746,-0.55745006,-0.5445263,-0.54831517,low-ebb,low-ebb,low-ebb,low-ebb
2026-08-10 17:50:00,-0.59587926,-0.6253051,-0.6139937,-0.61723965,low-ebb,low-ebb,low-ebb,low-ebb
2026-08-10 18:00:00,-0.656657,-0.68844247,-0.679139,-0.6818252,low-ebb,low-ebb,low-ebb,low-ebb
2026-08-10 18:10:00,-0.7125218,-0.74630207,-0.7394206,-0.7415332,low-ebb,low-ebb,low-ebb,low-ebb
2026-08-10 18:20:00,-0.76300424,-0.7983781,-0.79433274,-0.79586095,low-ebb,low-ebb,low-ebb,low-ebb
2026-08-10 18:30:00,-0.8076779,-0.84422266,-0.8434098,-0.8443458,low-ebb,low-ebb,low-ebb,low-ebb
2026-08-10 18:40:00,-0.8461625,-0.88344854,-0.88622946,-0.8865686,low-ebb,low-ebb,low-ebb,low-ebb
2026-08-10 18:50:00,-0.87812656,-0.9157304,-0.92241645,-0.9221571,low-ebb,low-ebb,low-ebb,low-ebb
2026-08-10 19:00:00,-0.90328956,-0.94080496,-0.9516452,-0.95078886,low-ebb,low-ebb,low-ebb,low-ebb
2026-08-10 19:10:00,-0.9214237,-0.9584702,-0.9736423,-0.9721936,low-ebb,low-ebb,low-ebb,low-ebb
2026-08-10 19:20:00,-0.9323548,-0.96858424,-0.9881884,-0.9861553,low-ebb,low-ebb,low-ebb,low-ebb
2026-08-10 19:30:00,-0.9359636,-0.9710633,-0.99512,-0.99251336,low-ebb,low-ebb,low-ebb,low-ebb
2026-08-10 19:40:00,-0.9321852,-0.96588004,-0.9943301,-0.9911642,low-flow,low-flow,low-ebb,low-ebb
2026-08-10 19:50:00,-0.92100924,-0.9530616,-0.98576933,-0.98206156,low-flow,low-flow,low-flow,low-flow
2026-08-10 20:00:00,-0.90247935,-0.932688,-0.9694455,-0.9652164,low-flow,low-flow,low-flow,low-flow
2026-08-10 20:10:00,-0.87669164,-0.9048908,-0.94542384,-0.94069695,low-flow,low-flow,low-flow,low-flow
2026-08-10 20:20:00,-0.8437937,-0.86985135,-0.91382563,-0.9086278,low-flow,low-flow,low-flow,low-flow
2026-08-10 20:30:00,-0.8039824,-0.8277999,-0.8748275,-0.8691885,low-flow,low-flow,low-flow,low-flow
2026-08-10 20:40:00,-0.75750214,-0.7790142,-0.8286596,-0.82261217,low-flow,low-flow,low-flow,low-flow
2026-08-10 20:50:00,-0.7046426,-0.7238179,-0.77560383,-0.7691835,low-flow,low-flow,low-flow,low-flow
2026-08-10 21:00:00,-0.6457358,-0.6625788,-0.71599126,-0.7092364,low-flow,low-flow,low-flow,low-flow
2026-08-10 21:10:00,-0.5811538,-0.5957065,-0.6501998,-0.64315116,low-flow,low-flow,low-flow,low-flow
2026-08-10 21:20:00,-0.5113057,-0.52364945,-0.57865083,-0.57135195,low-flow,low-flow,low-flow,low-flow
2026-08-10 21:30:00,-0.4366344,-0.44689143,-0.50180674,-0.49430314,low-flow,low-flow,low-flow,low-flow
2026-08-10 21:40:00,-0.35761404,-0.36594757,-0.42016697,-0.41250628,low-flow,low-flow,low-flow,low-flow
2026-08-10 21:50:00,-0.27474648,-0.28135973,-0.33426458,-0.32649627,low-flow,low-flow,low-flow,low-flow
2026-08-10 22:00:00,-0.18855835,-0.19369154,-0.24466258,-0.23683761,low-flow,low-flow,low-flow,low-flow
2026-08-10 22:10:00,-0.09959765,-0.103523344,-0.15195003,-0.14412062,low-flow,low-flow,low-flow,low-flow
2026-08-10 22:20:00,-0.008430675,-0.011447142,-0.05673803,-0.048957374,low-flow,low-flow,low-flow,low-flow
2026-08-10 22:30:00,0.08436125,0.081938304,0.040344287,0.048022408,high-flow,high-flow,high-flow,high-flow
2026-08-10 22:40:00,0.17818505,0.17603195,0.13865389,0.14617544,high-flow,high-flow,high-flow,high-flow
2026-08-10 22:50:00,0.27243906,0.2702345,0.23753802,0.24484907,high-flow,high-flow,high-flow,high-flow
2026-08-10 23:00:00,0.36651647,0.3639517,0.33633825,0.3433854,high-flow,high-flow,high-flow,high-flow
2026-08-10 23:10:00,0.4598083,0.45659736,0.43439478,0.44112545,high-flow,high-flow,high-flow,high-flow
2026-08-10 23:20:00,0.55170697,0.5475953,0.5310504,0.5374134,high-flow,high-flow,high-flow,high-flow
2026-08-10 23:30:00,0.6416094,0.6363815,0.62565464,0.63160056,high-flow,high-flow,high-flow,high-flow
2026-08-10 23:40:00,0.72892046,0.7224054,0.71756786,0.7230494,high-flow,high-flow,high-flow,high-flow
2026-08-10 23:50:00,0.81305623,0.8051311,0.8061652,0.81113756,high-flow,high-flow,high-flow,high-flow
2026-08-11 00:00:00,0.8934474,0.8840391,0.89084035,0.89526176,high-flow,high-flow,high-flow,high-flow
2026-08-11 00:10:00,0.96954274,0.9586275,0.97100955,0.9748416,high-flow,high-flow,high-flow,high-flow
2026-08-11 00:20:00,1.0408124,1.0284139,1.046115,1.0493232,high-flow,high-flow,high-flow,high-flow
2026-08-11 00:30:00,1.1067513,1.0929376,1.1156288,1.1181825,high-flow,high-flow,high-flow,high-flow
2026-08-11 00:40:00,1.1668828,1.1517619,1.1790562,1.1809294,high-flow,high-flow,high-flow,high-flow
2026-08-11 00:50:00,1.2207615,1.2044773,1.2359385,1.2371101,high-flow,high-flow,high-flow,high-flow
2026-08-11 01:00:00,1.2679776,1.2507044,1.2858572,1.2863109,high-flow,high-flow,high-flow,high-flow
2026-08-11 01:10:00,1.3081589,1.2900968,1.3284358,1.3281609,high-flow,high-flow,high-flow,high-flow
2026-08-11 01:20:00,1.3409747,1.3223447,1.3633435,1.3623345,high-flow,high-flow,high-flow,high-flow
2026-08-11 01:30:00,1.3661387,1.3471775,1.3902969,1.3885542,high-flow,high-flow,high-flow,high-flow
2026-08-11 01:40:00,1.3834119,1.3643671,1.4090632,1.4065927,high-flow,high-flow,high-flow,high-flow
2026-08-11 01:50:00,1.3926047,1.3737291,1.4194613,1.4162749,high-flow,high-flow,high-flow,high-flow
2026-08-11 02:00:00,1.3935797,1.3751254,1.421364,1.4174795,high-flow,high-flow,high-flow,high-flow
2026-08-11 02:10:00,1.3862538,1.3684652,1.4146997,1.4101404,high-ebb,high-ebb,high-ebb,high-ebb
2026-08-11 02:20:00,1.3705995,1.3537056,1.3994529,1.394248,high-ebb,high-ebb,high-ebb,high-ebb
2026-08-11 02:30:00,1.3466462,1.3308527,1.3756657,1.3698497,high-ebb,high-ebb,high-ebb,high-ebb
2026-08-11 02:40:00,1.3144813,1.2999614,1.3434371,1.3370498,high-ebb,high-ebb,high-ebb,high-ebb
2026-08-11 02:50:00,1.2742505,1.2611356,1.302924,1.2960105,high-ebb,high-ebb,high-ebb,high-ebb
2026-08-11 03:00:00,1.2261581,1.2145286,1.2543406,1.2469503,high-ebb,high-ebb,high-ebb,high-ebb
2026-08-11 03:10:00,1.1704657,1.1603434,1.197957,1.1901437,high-ebb,high-ebb,high-ebb,high-ebb
2026-08-11 03:20:00,1.1074915,1.0988333,1.1340983,1.1259198,high-ebb,high-ebb,high-ebb,high-ebb
2026-08-11 03:30:00,1.0376086,1.0303024,1.0631431,1.0546606,high-ebb,high-ebb,high-ebb,high-ebb
2026-08-11 03:40:00,0.9612433,0.95510626,0.9855211,0.9767986,high-ebb,high-ebb,high-ebb,high-ebb
2026-08-11 03:50:00,0.8788714,0.87365323,0.90171033,0.89281446,high-ebb,high-ebb,high-ebb,high-ebb
2026-08-11 04:00:00,0.79101586,0.78640425,0.8122347,0.80323374,high-ebb,high-ebb,high-ebb,high-ebb
2026-08-11 04:10:00,0.6982428,0.69387317,0.7176601,0.7086237,high-ebb,high-ebb,high-ebb,high-ebb
2026-08-11 04:20:00,0.6011572,0.59662616,0.61859095,0.6095892,high-ebb,high-ebb,high-ebb,high-ebb
2026-08-11 04:30:00,0.50039864,0.49527973,0.51566565,0.5067689,high-ebb,high-ebb,high-ebb,high-ebb
2026-08-11 04:40:00,0.39663607,0.39049792,0.40955254,0.40083036,high-ebb,high-ebb,high-ebb,high-ebb
2026-08-11 04:50:00,0.2905625,0.2829883,0.30094483,0.29246563,high-ebb,high-ebb,high-ebb,high-ebb
2026-08-11 05:00:00,0.18288977,0.17349616,0.19055553,0.18238589,high-ebb,high-ebb,high-ebb,high-ebb
2026-08-11 05:10:00,0.074342385,0.062797606,0.07911232,0.071316384,high-ebb,high-ebb,high-ebb,high-ebb
2026-08-11 05:20:00,-0.034348074,-0.048308622,-0.032647945,-0.040009066,low-ebb,low-ebb,low-ebb,low-ebb
2026-08-11 05:30:00,-0.14244908,-0.15901041,-0.14398481,-0.15085356,low-ebb,low-ebb,low-ebb,low-ebb
2026-08-11 05:40:00,-0.24923308,-0.26849228,-0.25415984,-0.26048273,low-ebb,low-ebb,low-ebb,low-ebb
2026-08-11 05:50:00,-0.3539834,-0.37594566,-0.36244217,-0.3681703,low-ebb,low-ebb,low-ebb,low-ebb
2026-08-11 06:00:00,-0.4560001,-0.48057932,-0.4681142,-0.47320366,low-ebb,low-ebb,low-ebb,low-ebb
2026-08-11 06:10:00,-0.55460536,-0.5816293,-0.570477,-0.57488924,low-ebb,low-ebb,low-ebb,low-ebb
2026-08-11 06:20:00,-0.6491491,-0.678368,-0.6688557,-0.6725579,low-ebb,low-ebb,low-ebb,low-ebb
2026-08-11 06:30:00,-0.7390138,-0.7701124,-0.7626046,-0.76556987,low-ebb,low-ebb,low-ebb,low-ebb
2026-08-11 06:40:00,-0.82361907,-0.856231,-0.8511119,-0.8533197,low-ebb,low-ebb,low-ebb,low-ebb
2026-08-11 06:50:00,-0.90242606,-0.93614876,-0.9338045,-0.9352406,low-ebb,low-ebb,low-ebb,low-ebb
2026-08-11 07:00:00,-0.97494125,-1.0093516,-1.0101521,-1.0108088,low-ebb,low-ebb,low-ebb,low-ebb
2026-08-11 07:10:00,-1.0407196,-1.0753887,-1.0796711,-1.079547,low-ebb,low-ebb,low-ebb,low-ebb
2026-08-11 07:20:00,-1.0993677,-1.1338732,-1.1419281,-1.1410285,low-ebb,low-ebb,low-ebb,low-ebb
2026-08-11 07:30:00,-1.1505457,-1.1844838,-1.1965425,-1.1948789,low-ebb,low-ebb,low-ebb,low-ebb
2026-08-11 07:40:00,-1.1939695,-1.2269624,-1.2431896,-1.24078,low-ebb,low-ebb,low-ebb,low-ebb
2026-08-11 07:50:00,-1.2294116,-1.2611145,-1.2816023,-1.2784704,low-ebb,low-ebb,low-ebb,low-ebb
2026-08-11 08:00:00,-1.2567027,-1.2868066,-1.3115728,-1.3077481,low-ebb,low-ebb,low-ebb,low-ebb
2026-08-11 08:10:00,-1.2757307,-1.3039656,-1.3329535,-1.3284711,low-ebb,low-ebb,low-ebb,low-ebb
2026-08-11 08:20:00,-1.286442,-1.312576,-1.345658,-1.3405578,low-ebb,low-ebb,low-ebb,low-ebb
2026-08-11 08:30:00,-1.2888402,-1.3126804,-1.3496605,-1.3439875,low-ebb,low-ebb,low-ebb,low-ebb
2026-08-11 08:40:00,-1.2829847,-1.3043759,-1.3449966,-1.3387992,low-flow,low-flow,low-flow,low-flow
2026-08-11 08:50:00,-1.2689904,-1.2878149,-1.3317609,-1.3250918,low-flow,low-flow,low-flow,low-flow
2026-08-11 09:00:00,-1.2470249,-1.2632028,-1.3101074,-1.3030224,low-flow,low-flow,low-flow,low-flow
2026-08-11 09:10:00,-1.2173072,-1.2307969,-1.2802465,-1.2728038,low-flow,low-flow,low-flow,low-flow
2026-08-11 09:20:00,-1.1801053,-1.1909049,-1.2424439,-1.2347041,low-flow,low-flow,low-flow,low-flow
2026-08-11 09:30:00,-1.1357335,-1.1438824,-1.197018,-1.1890428,low-flow,low-flow,low-flow,low-flow
2026-08-11 09:40:00,-1.0845498,-1.0901303,-1.1443368,-1.1361891,low-flow,low-flow,low-flow,low-flow
2026-08-11 09:50:00,-1.0269531,-1.030092,-1.0848153,-1.0765582,low-flow,low-flow,low-flow,low-flow
2026-08-11 10:00:00,-0.9633802,-0.96424866,-1.0189122,-1.0106088,low-flow,low-flow,low-flow,low-flow
2026-08-11 10:10:00,-0.89430296,-0.8931154,-0.9471263,-0.93883896,low-flow,low-flow,low-flow,low-flow
2026-08-11 10:20:00,-0.82022446,-0.8172362,-0.8699932,-0.8617828,low-flow,low-flow,low-flow,low-flow
2026-08-11 10:30:00,-0.74167633,-0.7371785,-0.7880809,-0.78000677,low-flow,low-flow,low-flow,low-flow
2026-08-11 10:40:00,-0.65921533,-0.6535285,-0.7019863,-0.6941055,low-flow,low-flow,low-flow,low-flow
2026-08-11 10:50:00,-0.5734199,-0.56688553,-0.61233103,-0.60469794,low-flow,low-flow,low-flow,low-flow
2026-08-11 11:00:00,-0.48488697,-0.47785738,-0.5197572,-0.51242304,low-flow,low-flow,low-flow,low-flow
2026-08-11 11:10:00,-0.39422816,-0.38705602,-0.4249232,-0.41793585,low-flow,low-flow,low-flow,low-flow
2026-08-11 11:20:00,-0.3020669,-0.29509363,-0.32849944,-0.32190305,low-flow,low-flow,low-flow,low-flow
2026-08-11 11:30:00,-0.20903441,-0.2025795,-0.23116413,-0.22499883,low-flow,low-flow,low-flow,low-flow
2026-08-11 11:40:00,-0.115766674,-0.11011732,-0.13359894,-0.12790063,low-flow,low-flow,low-flow,low-flow
2026-08-11 11:50:00,-0.022900507,-0.01830308,-0.036484692,-0.031284872,low-flow,low-flow,low-flow,low-flow
2026-08-11 12:00:00,0.06892981,0.07227668,0.059502844,0.06417723,high-flow,high-flow,high-flow,high-flow
2026-08-11 12:10:00,0.15909621,0.16104636,0.15369722,0.15782383,high-flow,high-flow,high-flow,high-flow
2026-08-11 12:20:00,0.2469805,0.24744269,0.24544546,0.2490066,high-flow,high-flow,high-flow,high-flow
2026-08-11 12:30:00,0.33197808,0.33091637,0.33411217,0.33709475,high-flow,high-flow,high-flow,high-flow
2026-08-11 12:40:00,0.4135016,0.4109338,0.41908348,0.42147905,high-flow,high-flow,high-flow,high-flow
2026-08-11 12:50:00,0.4909848,0.48697904,0.49977115,0.5015757,high-flow,high-flow,high-flow,high-flow
2026-08-11 13:00:00,0.5638861,0.5585567,0.5756162,0.5768301,high-flow,high-flow,high-flow,high-flow
2026-08-11 13:10:00,0.6316925,0.62519425,0.6460927,0.64672047,high-flow,high-flow,high-flow,high-flow
2026-08-11 13:20:00,0.6939233,0.6864459,0.71071136,0.71076155,high-flow,high-flow,high-flow,high-flow
2026-08-11 13:30:00,0.7501333,0.7418953,0.7690228,0.76850766,high-flow,high-flow,high-flow,high-flow
2026-08-11 13:40:00,0.7999169,0.7911595,0.8206208,0.8195562,high-flow,high-flow,high-flow,high-flow
2026-08-11 13:50:00,0.8429112,0.8338922,0.8651452,0.8635503,high-flow,high-flow,high-flow,high-flow
2026-08-11 14:00:00,0.87879914,0.8697868,0.9022849,0.9001817,high-flow,high-flow,high-flow,high-flow
2026-08-11 14:10:00,0.9073127,0.8985793,0.93178016,0.92919344,high-flow,high-flow,high-flow,high-flow
2026-08-11 14:20:00,0.92823553,0.9200508,0.9534247,0.95038164,high-flow,high-flow,high-flow,high-flow
2026-08-11 14:30:00,0.9414054,0.9340291,0.96706796,0.96359783,high-flow,high-flow,high-flow,high-flow
2026-08-11 14:40:00,0.9467165,0.94039047,0.9726164,0.9687502,high-flow,high-flow,high-flow,high-flow
2026-08-11 14:50:00,0.9441207,0.9390607,0.97003454,0.96580493,high-ebb,high-flow,high-ebb,high-ebb
2026-08-11 15:00:00,0.93362945,0.93001556,0.9593464,0.95478714,high-ebb,high-ebb,high-ebb,high-ebb
2026-08-11 15:10:00,0.91531426,0.91328174,0.9406352,0.935781,high-ebb,high-ebb,high-ebb,high-ebb
2026-08-11 15:20:00,0.88930696,0.88893723,0.91404384,0.9089302,high-ebb,high-ebb,high-ebb,high-ebb
2026-08-11 15:30:00,0.8557999,0.8571121,0.8797743,0.87443703,high-ebb,high-ebb,high-ebb,high-ebb
2026-08-11 15:40:00,0.81504494,0.817989,0.8380865,0.83256173,high-ebb,high-ebb,high-ebb,high-ebb
2026-08-11 15:50:00,0.76735216,0.7718042,0.7892973,0.7836211,high-ebb,high-ebb,high-ebb,high-ebb
2026-08-11 16:00:00,0.71308833,0.7188487,0.7337785,0.7279867,high-ebb,high-ebb,high-ebb,high-ebb
2026-08-11 16:10:00,0.65267426,0.65946877,0.67195433,0.6660825,high-ebb,high-ebb,high-ebb,high-ebb
2026-08-11 16:20:00,0.586582,0.5940673,0.604299,0.5983821,high-ebb,high-ebb,high-ebb,high-ebb
2026-08-11 16:30:00,0.5153314,0.5231035,0.53133327,0.5254056,high-ebb,high-ebb,high-ebb,high-ebb
2026-08-11 16:40:00,0.43948588,0.4470933,0.45362076,0.4477158,high-ebb,high-ebb,high-ebb,high-ebb
2026-08-11 16:50:00,0.3596485,0.36660782,0.37176406,0.3659144,high-ebb,high-ebb,high-ebb,high-ebb
2026-08-11 17:00:00,0.2764567,0.2822709,0.2864001,0.2806374,high-ebb,high-ebb,high-ebb,high-ebb
2026-08-11 17:10:00,0.19057731,0.19475585,0.19819547,0.19255032,high-ebb,high-ebb,high-ebb,high-ebb
2026-08-11 17:20:00,0.102700815,0.104780056,0.10784132,0.10234311,high-ebb,high-ebb,high-ebb,high-ebb
2026-08-11 17:30:00,0.013535747,0.0130986385,0.016047938,0.010724956,high-ebb,high-ebb,high-ebb,high-ebb
2026-08-11 17:40:00,-0.07619743,-0.079503424,-0.07646072,-0.08158144,low-ebb,low-ebb,low-ebb,low-ebb
2026-08-11 17:50:00,-0.16577238,-0.17222041,-0.16895281,-0.17384548,low-ebb,low-ebb,low-ebb,low-ebb
2026-08-11 18:00:00,-0.25446308,-0.26423582,-0.26069435,-0.26533452,low-ebb,low-ebb,low-ebb,low-ebb
2026-08-11 18:10:00,-0.34154996,-0.35473305,-0.3509552,-0.3553197,low-ebb,low-ebb,low-ebb,low-ebb
2026-08-11 18:20:00,-0.42632604,-0.44290602,-0.43901473,-0.44308183,low-ebb,low-ebb,low-ebb,low-ebb
2026-08-11 18:30:00,-0.5081027,-0.52797,-0.52416784,-0.5279171,low-ebb,low-ebb,low-ebb,low-ebb
2026-08-11 18:40:00,-0.5862156,-0.6091716,-0.60573035,-0.6091428,low-ebb,low-ebb,low-ebb,low-ebb
2026-08-11 18:50:00,-0.66002977,-0.6857979,-0.6830446,-0.68610275,low-ebb,low-ebb,low-ebb,low-ebb
2026-08-11 19:00:00,-0.7289451,-0.7571842,-0.7554847,-0.75817263,low-ebb,low-ebb,low-ebb,low-ebb
2026-08-11 19:10:00,-0.79240054,-0.8227209,-0.8224614,-0.8247647,low-ebb,low-ebb,low-ebb,low-ebb
2026-08-11 19:20:00,-0.8498789,-0.8818583,-0.8834268,-0.8853327,low-ebb,low-ebb,low-ebb,low-ebb
2026-08-11 19:30:00,-0.9009103,-0.93411016,-0.9378783,-0.9393758,low-ebb,low-ebb,low-ebb,low-ebb
2026-08-11 19:40:00,-0.9450756,-0.97905624,-0.98536277,-0.98644257,low-ebb,low-ebb,low-ebb,low-ebb
2026-08-11 19:50:00,-0.9820091,-1.0163428,-1.0254798,-1.0261344,low-ebb,low-ebb,low-ebb,low-ebb
2026-08-11 20:00:00,-1.011401,-1.0456828,-1.0578843,-1.0581081,low-ebb,low-ebb,low-ebb,low-ebb
2026-08-11 20:10:00,-1.0329992,-1.0668554,-1.0822895,-1.082079,low-ebb,low-ebb,low-ebb,low-ebb
2026-08-11 20:20:00,-1.0466102,-1.0797045,-1.0984682,-1.0978222,low-ebb,low-ebb,low-ebb,low-ebb
2026-08-11 20:30:00,-1.0521003,-1.0841372,-1.1062549,-1.1051741,low-ebb,low-ebb,low-ebb,low-ebb
2026-08-11 20:40:00,-1.0493953,-1.0801221,-1.1055461,-1.1040335,low-flow,low-flow,low-ebb,low-ebb
2026-08-11 20:50:00,-1.0384809,-1.0676887,-1.0963011,-1.0943619,low-flow,low-flow,low-flow,low-flow
2026-08-11 21:00:00,-1.0194014,-1.0469247,-1.0785414,-1.0761837,low-flow,low-flow,low-flow,low-flow
2026-08-11 21:10:00,-0.99225926,-1.0179757,-1.052351,-1.0495849,low-flow,low-flow,low-flow,low-flow
2026-08-11 21:20:00,-0.95721304,-0.98104346,-1.0178745,-1.0147129,low-flow,low-flow,low-flow,low-flow
2026-08-11 21:30:00,-0.91447586,-0.93638426,-0.9753161,-0.9717745,low-flow,low-flow,low-flow,low-flow
2026-08-11 21:40:00,-0.8643134,-0.8843077,-0.9249378,-0.92103434,low-flow,low-flow,low-flow,low-flow
2026-08-11 21:50:00,-0.80704135,-0.8251742,-0.867057,-0.8628123,low-flow,low-flow,low-flow,low-flow
2026-08-11 22:00:00,-0.74302274,-0.7593926,-0.802044,-0.79748124,low-flow,low-flow,low-flow,low-flow
2026-08-11 22:10:00,-0.6726655,-0.6874169,-0.7303189,-0.7254641,low-flow,low-flow,low-flow,low-flow
2026-08-11 22:20:00,-0.5964188,-0.60974246,-0.65234894,-0.6472303,low-flow,low-flow,low-flow,low-flow
2026-08-11 22:30:00,-0.5147706,-0.5269016,-0.5686445,-0.5632929,low-flow,low-flow,low-flow,low-flow
2026-08-11 22:40:00,-0.4282441,-0.43945873,-0.47975576,-0.47420424,low-flow,low-flow,low-flow,low-flow
2026-08-11 22:50:00,-0.33739427,-0.3480051,-0.38626882,-0.38055256,low-flow,low-flow,low-flow,low-flow
2026-08-11 23:00:00,-0.24280463,-0.25315335,-0.28880167,-0.2829579,low-flow,low-flow,low-flow,low-flow
2026-08-11 23:10:00,-0.14508365,-0.15553227,-0.18800008,-0.18206777,low-flow,low-flow,low-flow,low-flow
2026-08-11 23:20:00,-0.044861194,-0.055781502,-0.08453335,-0.07855302,low-flow,low-flow,low-flow,low-flow
2026-08-11 23:30:00,0.05721504,0.045453176,0.020910032,0.02689658,high-flow,high-flow,high-flow,high-flow
2026-08-11 23:40:00,0.16048323,0.14752407,0.12762676,0.13357672,high-flow,high-flow,high-flow,high-flow
2026-08-11 23:50:00,0.2642711,0.24978523,0.23490319,0.24077304,high-flow,high-flow,high-flow,high-flow
2026-08-12 00:00:00,0.36789975,0.35159543,0.34201974,0.34776562,high-flow,high-flow,high-flow,high-flow
2026-08-12 00:10:00,0.4706873,0.45232067,0.4482555,0.45383352,high-flow,high-flow,high-flow,high-flow
2026-08-12 00:20:00,0.5719529,0.5513361,0.55289257,0.5582592,high-flow,high-flow,high-flow,high-flow
2026-08-12 00:30:00,0.6710205,0.64802784,0.6552206,0.6603329,high-flow,high-flow,high-flow,high-flow
2026-08-12 00:40:00,0.7672229,0.74179417,0.7545412,0.7593576,high-flow,high-flow,high-flow,high-flow
2026-08-12 00:50:00,0.8599055,0.83204734,0.8501724,0.85465246,high-flow,high-flow,high-flow,high-flow
2026-08-12 01:00:00,0.9484306,0.91821533,0.9414527,0.9455581,high-flow,high-flow,high-flow,high-flow
2026-08-12 01:10:00,1.0321814,0.9997435,1.0277456,1.0314403,high-flow,high-flow,high-flow,high-flow
2026-08-12 01:20:00,1.1105657,1.0760975,1.1084439,1.1116942,high-flow,high-flow,high-flow,high-flow
2026-08-12 01:30:00,1.1830201,1.1467652,1.182973,1.1857486,high-flow,high-flow,high-flow,high-flow
2026-08-12 01:40:00,1.2490145,1.2112613,1.2507956,1.2530693,high-flow,high-flow,high-flow,high-flow
2026-08-12 01:50:00,1.3080552,1.269129,1.3114152,1.3131633,high-flow,high-flow,high-flow,high-flow
2026-08-12 02:00:00,1.3596891,1.3199451,1.3643793,1.3655822,high-flow,high-flow,high-flow,high-flow
2026-08-12 02:10:00,1.4035077,1.363323,1.4092833,1.4099257,high-flow,high-flow,high-flow,high-flow
2026-08-12 02:20:00,1.4391502,1.3989161,1.4457732,1.445844,high-flow,high-flow,high-flow,high-flow
2026-08-12 02:30:00,1.466307,1.4264214,1.4735489,1.4730418,high-flow,high-flow,high-flow,high-flow
2026-08-12 02:40:00,1.484723,1.4455822,1.4923664,1.4912797,high-flow,high-flow,high-flow,high-flow
2026-08-12 02:50:00,1.4941996,1.45619,1.5020403,1.500377,high-flow,high-flow,high-flow,high-flow
2026-08-12 03:00:00,1.4945985,1.4580876,1.5024457,1.5002139,high-flow,high-flow,high-flow,high-flow
2026-08-12 03:10:00,1.4858426,1.4511696,1.4935194,1.4907321,high-ebb,high-ebb,high-ebb,high-ebb
2026-08-12 03:20:00,1.4679177,1.435384,1.475262,1.4719368,high-ebb,high-ebb,high-ebb,high-ebb
2026-08-12 03:30:00,1.4408746,1.4107332,1.4477376,1.4438969,high-ebb,high-ebb,high-ebb,high-ebb
2026-08-12 03:40:00,1.4048287,1.3772745,1.4110743,1.4067453,high-ebb,high-ebb,high-ebb,high-ebb
2026-08-12 03:50:00,1.3599606,1.335121,1.3654647,1.3606788,high-ebb,high-ebb,high-ebb,high-ebb
2026-08-12 04:00:00,1.3065157,1.2844429,1.3111644,1.3059572,high-ebb,high-ebb,high-ebb,high-ebb
2026-08-12 04:10:00,1.2448032,1.2254677,1.2484914,1.2429022,high-ebb,high-ebb,high-ebb,high-ebb
2026-08-12 04:20:00,1.1751945,1.158482,1.1778238,1.1718956,high-ebb,high-ebb,high-ebb,high-ebb
2026-08-12 04:30:00,1.0981207,1.0838319,1.0995985,1.0933775,high-ebb,high-ebb,high-ebb,high-ebb
2026-08-12 04:40:00,1.0140703,1.0019248,1.0143077,1.0078427,high-ebb,high-ebb,high-ebb,high-ebb
2026-08-12 04:50:00,0.92358565,0.9132291,0.92249626,0.91583824,high-ebb,high-ebb,high-ebb,high-ebb
2026-08-12 05:00:00,0.8272592,0.81827486,0.8247577,0.8179597,high-ebb,high-ebb,high-ebb,high-ebb
2026-08-12 05:10:00,0.7257291,0.71765286,0.7217304,0.7148468,high-ebb,high-ebb,high-ebb,high-ebb
2026-08-12 05:20:00,0.6196742,0.6120127,0.61409295,0.6071788,high-ebb,high-ebb,high-ebb,high-ebb
2026-08-12 05:30:00,0.5098091,0.50205964,0.50255924,0.49567014,high-ebb,high-ebb,high-ebb,high-ebb
2026-08-12 05:40:00,0.39687806,0.3885502,0.3878733,0.38106447,high-ebb,high-ebb,high-ebb,high-ebb
2026-08-12 05:50:00,0.28164968,0.272286,0.27080363,0.2641297,high-ebb,high-ebb,high-ebb,high-ebb
2026-08-12 06:00:00,0.16491011,0.1541063,0.1521376,0.14565194,high-ebb,high-ebb,high-ebb,high-ebb
2026-08-12 06:10:00,0.047457065,0.03487916,0.032675304,0.026429538,high-ebb,high-ebb,high-ebb,high-ebb
2026-08-12 06:20:00,-0.069906816,-0.08450852,-0.08677651,-0.092732936,low-ebb,low-ebb,low-ebb,low-ebb
2026-08-12 06:30:00,-0.1863804,-0.20316176,-0.20541061,-0.21103093,low-ebb,low-ebb,low-ebb,low-ebb
2026-08-12 06:40:00,-0.3011706,-0.3201887,-0.32242554,-0.32766607,low-ebb,low-ebb,low-ebb,low-ebb
2026-08-12 06:50:00,-0.41349852,-0.43471178,-0.43703175,-0.4418523,low-ebb,low-ebb,low-ebb,low-ebb
2026-08-12 07:00:00,-0.522606,-0.54587877,-0.5484577,-0.5528219,low-ebb,low-ebb,low-ebb,low-ebb
2026-08-12 07:10:00,-0.6277611,-0.6528727,-0.6559556,-0.65983135,low-ebb,low-ebb,low-ebb,low-ebb
2026-08-12 07:20:00,-0.72826415,-0.754921,-0.7588076,-0.7621671,low-ebb,low-ebb,low-ebb,low-ebb
2026-08-12 07:30:00,-0.8234526,-0.85130346,-0.85633034,-0.8591505,low-ebb,low-ebb,low-ebb,low-ebb
2026-08-12 07:40:00,-0.91270626,-0.9413581,-0.94788086,-0.9501435,low-ebb,low-ebb,low-ebb,low-ebb
2026-08-12 07:50:00,-0.9954513,-1.0244864,-1.0328609,-1.0345527,low-ebb,low-ebb,low-ebb,low-ebb
2026-08-12 08:00:00,-1.0711646,-1.1001562,-1.110721,-1.1118338,low-ebb,low-ebb,low-ebb,low-ebb
2026-08-12 08:10:00,-1.1393768,-1.167904,-1.1809651,-1.1814957,low-ebb,low-ebb,low-ebb,low-ebb
2026-08-12 08:20:00,-1.1996753,-1.2273357,-1.243153,-1.243103,low-ebb,low-ebb,low-ebb,low-ebb
2026-08-12 08:30:00,-1.2517068,-1.2781264,-1.2969037,-1.2962801,low-ebb,low-ebb,low-ebb,low-ebb
2026-08-12 08:40:00,-1.2951789,-1.3200196,-1.3418982,-1.3407124,low-ebb,low-ebb,low-ebb,low-ebb
2026-08-12 08:50:00,-1.3298612,-1.3528266,-1.3778803,-1.3761486,low-ebb,low-ebb,low-ebb,low-ebb
2026-08-12 09:00:00,-1.3555865,-1.3764248,-1.404659,-1.4024017,low-ebb,low-ebb,low-ebb,low-ebb
2026-08-12 09:10:00,-1.3722506,-1.390756,-1.4221087,-1.4193503,low-ebb,low-ebb,low-ebb,low-ebb
2026-08-12 09:20:00,-1.3798125,-1.395826,-1.4301692,-1.4269384,low-ebb,low-ebb,low-ebb,low-ebb
2026-08-12 09:30:00,-1.3782934,-1.3917023,-1.428847,-1.4251753,low-ebb,low-flow,low-ebb,low-ebb
2026-08-12 09:40:00,-1.3677757,-1.3785139,-1.4182124,-1.4141351,low-flow,low-flow,low-flow,low-flow
2026-08-12 09:50:00,-1.3484015,-1.3564489,-1.3984004,-1.3939549,low-flow,low-flow,low-flow,low-flow
2026-08-12 10:00:00,-1.320371,-1.3257539,-1.3696079,-1.3648341,low-flow,low-flow,low-flow,low-flow
2026-08-12 10:10:00,-1.2839398,-1.2867317,-1.3320922,-1.3270317,low-flow,low-flow,low-flow,low-flow
2026-08-12 10:20:00,-1.2394171,-1.2397391,-1.2861683,-1.2808645,low-flow,low-flow,low-flow,low-flow
2026-08-12 10:30:00,-1.1871625,-1.1851836,-1.232207,-1.2267038,low-flow,low-flow,low-flow,low-flow
2026-08-12 10:40:00,-1.1275835,-1.1235205,-1.1706308,-1.164973,low-flow,low-flow,low-flow,low-flow
2026-08-12 10:50:00,-1.0611323,-1.0552485,-1.1019117,-1.0961438,low-flow,low-flow,low-flow,low-flow
2026-08-12 11:00:00,-0.9883026,-0.9809045,-1.0265666,-1.0207334,low-flow,low-flow,low-flow,low-flow
2026-08-12 11:10:00,-0.90962595,-0.90105927,-0.9451547,-0.93929964,low-flow,low-flow,low-flow,low-flow
2026-08-12 11:20:00,-0.8256688,-0.8163115,-0.8582725,-0.85243833,low-flow,low-flow,low-flow,low-flow
2026-08-12 11:30:00,-0.73702854,-0.72728235,-0.7665504,-0.76077825,low-flow,low-flow,low-flow,low-flow
2026-08-12 11:40:00,-0.64433,-0.63461024,-0.67064816,-0.6649775,low-flow,low-flow,low-flow,low-flow
2026-08-12 11:50:00,-0.5482216,-0.53894556,-0.57125056,-0.5657187,low-flow,low-flow,low-flow,low-flow
2026-08-12 12:00:00,-0.44937176,-0.4409462,-0.46906298,-0.46370506,low-flow,low-flow,low-flow,low-flow
2026-08-12 12:10:00,-0.34846482,-0.3412735,-0.36480704,-0.35965547,low-flow,low-flow,low-flow,low-flow
2026-08-12 12:20:00,-0.24619718,-0.2405886,-0.25921565,-0.25430027,low-flow,low-flow,low-flow,low-flow
2026-08-12 12:30:00,-0.14327341,-0.13954987,-0.15302874,-0.14837642,low-flow,low-flow,low-flow,low-flow
2026-08-12 12:40:00,-0.04040206,-0.038810268,-0.04698845,-0.042623084,low-flow,low-flow,low-flow,low-flow
2026-08-12 12:50:00,0.061708376,0.060984377,0.058165494,0.062223062,high-flow,high-flow,high-flow,high-flow
2026-08-12 13:00:00,0.16235363,0.15919721,0.16170041,0.16543244,high-flow,high-flow,high-flow,high-flow
2026-08-12 13:10:00,0.26083788,0.25520197,0.2628953,0.26628712,high-flow,high-flow,high-flow,high-flow
2026-08-12 13:20:00,0.35647807,0.34838477,0.36104536,0.3640854,high-flow,high-flow,high-flow,high-flow
2026-08-12 13:30:00,0.44860798,0.4381461,0.4554666,0.45814627,high-flow,high-flow,high-flow,high-flow
2026-08-12 13:40:00,0.5365828,0.52390337,0.5455002,0.5478139,high-flow,high-flow,high-flow,high-flow
2026-08-12 13:50:00,0.6197834,0.6050934,0.63051707,0.6324617,high-flow,high-flow,high-flow,high-flow
2026-08-12 14:00:00,0.6976204,0.681176,0.70992166,0.71149707,high-flow,high-flow,high-flow,high-flow
2026-08-12 14:10:00,0.76953846,0.75163734,0.7831565,0.7843649,high-flow,high-flow,high-flow,high-flow
2026-08-12 14:20:00,0.8350208,0.8159938,0.849706,0.8505518,high-flow,high-flow,high-flow,high-flow
2026-08-12 14:30:00,0.89359254,0.87379587,0.9091001,0.90958995,high-flow,high-flow,high-flow,high-flow
2026-08-12 14:40:00,0.9448254,0.92463213,0.96091795,0.96106017,high-flow,high-flow,high-flow,high-flow
2026-08-12 14:50:00,0.9883406,0.96813273,1.0047909,1.0045958,high-flow,high-flow,high-flow,high-flow
2026-08-12 15:00:00,1.0238128,1.0039731,1.0404059,1.039885,high-flow,high-flow,high-flow,high-flow
2026-08-12 15:10:00,1.0509732,1.0318764,1.0675079,1.0666742,high-flow,high-flow,high-flow,high-flow
2026-08-12 15:20:00,1.069612,1.0516164,1.0859021,1.0847696,high-flow,high-flow,high-flow,high-flow
2026-08-12 15:30:00,1.0795814,1.0630194,1.0954565,1.09404,high-flow,high-flow,high-flow,high-flow
2026-08-12 15:40:00,1.080797,1.0659658,1.0961025,1.0944176,high-flow,high-flow,high-flow,high-flow
2026-08-12 15:50:00,1.0732398,1.0603911,1.0878367,1.0858996,high-ebb,high-ebb,high-ebb,high-ebb
2026-08-12 16:00:00,1.0569574,1.0462874,1.0707216,1.0685488,high-ebb,high-ebb,high-ebb,high-ebb
2026-08-12 16:10:00,1.0320637,1.0237044,1.0448853,1.0424933,high-ebb,high-ebb,high-ebb,high-ebb
2026-08-12 16:20:00,0.99873984,0.99275,1.0105213,1.0079273,high-ebb,high-ebb,high-ebb,high-ebb
2026-08-12 16:30:00,0.9572328,0.9535915,0.96788806,0.96510875,high-ebb,high-ebb,high-ebb,high-ebb
2026-08-12 16:40:00,0.9078545,0.90645695,0.917307,0.9143593,high-ebb,high-ebb,high-ebb,high-ebb
2026-08-12 16:50:00,0.8509801,0.85163593,0.85916096,0.8560616,high-ebb,high-ebb,high-ebb,high-ebb
2026-08-12 17:00:00,0.7870452,0.78948087,0.7938916,0.79065716,high-ebb,high-ebb,high-ebb,high-ebb
2026-08-12 17:10:00,0.71654296,0.7204077,0.72199655,0.7186435,high-ebb,high-ebb,high-ebb,high-ebb
2026-08-12 17:20:00,0.64002067,0.6448965,0.64402586,0.64057034,high-ebb,high-ebb,high-ebb,high-ebb
2026-08-12 17:30:00,0.55807525,0.5634905,0.560578,0.55703616,high-ebb,high-ebb,high-ebb,high-ebb
2026-08-12 17:40:00,0.47134882,0.47679532,0.47229546,0.46868315,high-ebb,high-ebb,high-ebb,high-ebb
2026-08-12 17:50:00,0.38052344,0.3854759,0.37985998,0.37619302,high-ebb,high-ebb,high-ebb,high-ebb
2026-08-12 18:00:00,0.28631568,0.29025292,0.2839873,0.28028136,high-ebb,high-ebb,high-ebb,high-ebb
2026-08-12 18:10:00,0.18947063,0.19189703,0.1854216,0.18169229,high-ebb,high-ebb,high-ebb,high-ebb
2026-08-12 18:20:00,0.09075574,0.09122202,0.08492962,0.08119256,high-ebb,high-ebb,high-ebb,high-ebb
2026-08-12 18:30:00,-0.00904566,-0.010923593,-0.01670531,-0.020434452,low-ebb,low-ebb,low-ebb,low-ebb
2026-08-12 18:40:00,-0.109140836,-0.11366624,-0.11868955,-0.12239502,low-ebb,low-ebb,low-ebb,low-ebb
2026-08-12 18:50:00,-0.20873436,-0.21611795,-0.22022547,-0.2238914,low-ebb,low-ebb,low-ebb,low-ebb
2026-08-12 19:00:00,-0.3070348,-0.31738764,-0.32051784,-0.3241282,low-ebb,low-ebb,low-ebb,low-ebb
2026-08-12 19:10:00,-0.40326115,-0.4165926,-0.41878018,-0.42231882,low-ebb,low-ebb,low-ebb,low-ebb
2026-08-12 19:20:00,-0.49664953,-0.5128699,-0.51424104,-0.5176916,low-ebb,low-ebb,low-ebb,low-ebb
2026-08-12 19:30:00,-0.5864592,-0.6053873,-0.6061502,-0.6094961,low-ebb,low-ebb,low-ebb,low-ebb
2026-08-12 19:40:00,-0.6719786,-0.69335276,-0.69378453,-0.6970091,low-ebb,low-ebb,low-ebb,low-ebb
2026-08-12 19:50:00,-0.75253105,-0.7760236,-0.7764535,-0.77953994,low-ebb,low-ebb,low-ebb,low-ebb
2026-08-12 20:00:00,-0.82747984,-0.85271364,-0.85350496,-0.8564364,low-ebb,low-ebb,low-ebb,low-ebb
2026-08-12 20:10:00,-0.89623314,-0.9227985,-0.92432976,-0.92708933,low-ebb,low-ebb,low-ebb,low-ebb
2026-08-12 20:20:00,-0.95824844,-0.9857204,-0.9883664,-0.9909374,low-ebb,low-ebb,low-ebb,low-ebb
2026-08-12 20:30:00,-1.0130361,-1.0409905,-1.0451055,-1.0474713,low-ebb,low-ebb,low-ebb,low-ebb
2026-08-12 20:40:00,-1.0601628,-1.0881906,-1.0940927,-1.0962373,low-ebb,low-ebb,low-ebb,low-ebb
2026-08-12 20:50:00,-1.0992545,-1.1269734,-1.134933,-1.1368405,low-ebb,low-ebb,low-ebb,low-ebb
2026-08-12 21:00:00,-1.1299983,-1.1570623,-1.1672924,-1.1689477,low-ebb,low-ebb,low-ebb,low-ebb
2026-08-12 21:10:00,-1.1521442,-1.1782503,-1.1909002,-1.1922892,low-ebb,low-ebb,low-ebb,low-ebb
2026-08-12 21:20:00,-1.1655065,-1.1903988,-1.2055513,-1.2066606,low-ebb,low-ebb,low-ebb,low-ebb
2026-08-12 21:30:00,-1.1699638,-1.1934363,-1.2111065,-1.2119241,low-ebb,low-ebb,low-ebb,low-ebb
2026-08-12 21:40:00,-1.1654598,-1.1873565,-1.2074933,-1.2080083,low-flow,low-flow,low-flow,low-flow
2026-08-12 21:50:00,-1.1520022,-1.1722178,-1.1947062,-1.1949092,low-flow,low-flow,low-flow,low-flow
2026-08-12 22:00:00,-1.1296626,-1.1481414,-1.1728057,-1.1726893,low-flow,low-flow,low-flow,low-flow
2026-08-12 22:10:00,-1.0985745,-1.1153096,-1.1419177,-1.1414763,low-flow,low-flow,low-flow,low-flow
2026-08-12 22:20:00,-1.0589318,-1.073965,-1.1022325,-1.1014624,low-flow,low-flow,low-flow,low-flow
2026-08-12 22:30:00,-1.0109874,-1.0244083,-1.0540018,-1.0529016,low-flow,low-flow,low-flow,low-flow
2026-08-12 22:40:00,-0.9550499,-0.96699625,-0.997538,-0.99610883,low-flow,low-flow,low-flow,low-flow
2026-08-12 22:50:00,-0.89148176,-0.9021388,-0.9332104,-0.93145573,low-flow,low-flow,low-flow,low-flow
2026-08-12 23:00:00,-0.8206961,-0.8302959,-0.86144304,-0.859369,low-flow,low-flow,low-flow,low-flow
2026-08-12 23:10:00,-0.7431537,-0.7519734,-0.7827112,-0.7803264,low-flow,low-flow,low-flow,low-flow
2026-08-12 23:20:00,-0.65935975,-0.6677185,-0.69753796,-0.694854,low-flow,low-flow,low-flow,low-flow
2026-08-12 23:30:00,-0.5698604,-0.57811505,-0.60649043,-0.6035215,low-flow,low-flow,low-flow,low-flow
2026-08-12 23:40:00,-0.47523916,-0.48377758,-0.5101761,-0.5069391,low-flow,low-flow,low-flow,low-flow
2026-08-12 23:50:00,-0.37611336,-0.3853461,-0.4092383,-0.40575293,low-flow,low-flow,low-flow,low-flow
2026-08-13 00:00:00,-0.27313018,-0.2834805,-0.30435237,-0.3006408,low-flow,low-flow,low-flow,low-flow
2026-08-13 00:10:00,-0.16696301,-0.17885503,-0.19622096,-0.19230787,low-flow,low-flow,low-flow,low-flow
2026-08-13 00:20:00,-0.058307286,-0.072153464,-0.08556964,-0.08148214,low-flow,low-flow,low-flow,low-flow
2026-08-13 00:30:00,0.05212347,0.035935357,0.026857732,0.031090403,high-flow,high-flow,high-flow,high-flow
2026-08-13 00:40:00,0.16360174,0.14472142,0.14030369,0.14465033,high-flow,high-flow,high-flow,high-flow
2026-08-13 00:50:00,0.27539018,0.2535168,0.25400186,0.25842956,high-flow,high-flow,high-flow,high-flow
2026-08-13 01:00:00,0.38674593,0.36163828,0.36718187,0.3716562,high-flow,high-flow,high-flow,high-flow
2026-08-13 01:10:00,0.4969248,0.46840966,0.47907394,0.4835594,high-flow,high-flow,high-flow,high-flow
2026-08-13 01:20:00,0.6051857,0.5731636,0.5889139,0.59337413,high-flow,high-flow,high-flow,high-flow
2026-08-13 01:30:00,0.71079504,0.6752436,0.695948,0.7003461,high-flow,high-flow,high-flow,high-flow
2026-08-13 01:40:00,0.8130313,0.77400535,0.7994375,0.8037363,high-flow,high-flow,high-flow,high-flow
2026-08-13 01:50:00,0.91118926,0.8688193,0.8986635,0.9028263,high-flow,high-flow,high-flow,high-flow
2026-08-13 02:00:00,1.0045847,0.95907253,0.99293184,0.9969223,high-flow,high-flow,high-flow,high-flow
2026-08-13 02:10:00,1.092559,1.0441717,1.0815773,1.0853602,high-flow,high-flow,high-flow,high-flow
2026-08-13 02:20:00,1.1744834,1.1235462,1.1639686,1.1675097,high-flow,high-flow,high-flow,high-flow
2026-08-13 02:30:00,1.2497636,1.1966516,1.2395122,1.2427793,high-flow,high-flow,high-flow,high-flow
2026-08-13 02:40:00,1.3178442,1.2629737,1.307657,1.3106197,high-flow,high-flow,high-flow,high-flow
2026-08-13 02:50:00,1.3782127,1.3220321,1.3678982,1.3705287,high-flow,high-flow,high-flow,high-flow
2026-08-13 03:00:00,1.4304038,1.373385,1.4197811,1.4220539,high-flow,high-flow,high-flow,high-flow
2026-08-13 03:10:00,1.4740037,1.4166327,1.4629045,1.4647975,high-flow,high-flow,high-flow,high-flow
2026-08-13 03:20:00,1.5086527,1.4514211,1.4969244,1.4984185,high-flow,high-flow,high-flow,high-flow
2026-08-13 03:30:00,1.5340501,1.4774458,1.5215566,1.522636,high-flow,high-flow,high-flow,high-flow
2026-08-13 03:40:00,1.5499558,1.494454,1.5365795,1.5372325,high-flow,high-flow,high-flow,high-flow
2026-08-13 03:50:00,1.5561943,1.5022477,1.5418364,1.5420547,high-flow,high-flow,high-flow,high-flow
2026-08-13 04:00:00,1.552656,1.500685,1.5372372,1.5370165,high-ebb,high-flow,high-ebb,high-ebb
2026-08-13 04:10:00,1.5392998,1.4896818,1.5227594,1.5220996,high-ebb,high-ebb,high-ebb,high-ebb
2026-08-13 04:20:00,1.5161537,1.4692136,1.4984502,1.4973549,high-ebb,high-ebb,high-ebb,high-ebb
2026-08-13 04:30:00,1.483316,1.4393156,1.4644252,1.4629023,high-ebb,high-ebb,high-ebb,high-ebb
2026-08-13 04:40:00,1.4409558,1.4000846,1.42087,1.4189311,high-ebb,high-ebb,high-ebb,high-ebb
2026-08-13 04:50:00,1.3893118,1.3516793,1.3680382,1.3656989,high-ebb,high-ebb,high-ebb,high-ebb
2026-08-13 05:00:00,1.3286924,1.294322,1.3062506,1.3035303,high-ebb,high-ebb,high-ebb,high-ebb
2026-08-13 05:10:00,1.2594731,1.228299,1.2358941,1.2328154,high-ebb,high-ebb,high-ebb,high-ebb
2026-08-13 05:20:00,1.1820945,1.1539621,1.1574181,1.154007,high-ebb,high-ebb,high-ebb,high-ebb
2026-08-13 05:30:00,1.09706,1.0717298,1.0713327,1.0676183,high-ebb,high-ebb,high-ebb,high-ebb
2026-08-13 05:40:00,1.0049316,0.9820866,0.97820497,0.97421885,high-ebb,high-ebb,high-ebb,high-ebb
2026-08-13 05:50:00,0.90632635,0.88558424,0.87865466,0.87443095,high-ebb,high-ebb,high-ebb,high-ebb
2026-08-13 06:00:00,0.8019117,0.7828397,0.7733502,0.768925,high-ebb,high-ebb,high-ebb,high-ebb
2026-08-13 06:10:00,0.6924001,0.6745336,0.6630036,0.6584148,high-ebb,high-ebb,high-ebb,high-ebb
2026-08-13 06:20:00,0.57854384,0.5614065,0.54836565,0.5436521,high-ebb,high-ebb,high-ebb,high-ebb
2026-08-13 06:30:00,0.46112883,0.444254,0.4302194,0.42542112,high-ebb,high-ebb,high-ebb,high-ebb
2026-08-13 06:40:00,0.3409685,0.32392055,0.3093751,0.30453235,high-ebb,high-ebb,high-ebb,high-ebb
2026-08-13 06:50:00,0.21889721,0.20129125,0.1866634,0.18181652,high-ebb,high-ebb,high-ebb,high-ebb
2026-08-13 07:00:00,0.09576345,0.07728275,0.06292923,0.05811821,high-ebb,high-ebb,high-ebb,high-ebb
2026-08-13 07:10:00,-0.027576994,-0.047167275,-0.06097487,-0.06571082,low-ebb,low-ebb,low-ebb,low-ebb
2026-08-13 07:20:00,-0.15026796,-0.17111133,-0.18419528,-0.18881811,low-ebb,low-ebb,low-ebb,low-ebb
2026-08-13 07:30:00,-0.2714598,-0.29360378,-0.305884,-0.3103572,low-ebb,low-ebb,low-ebb,low-ebb
2026-08-13 07:40:00,-0.39031616,-0.4137127,-0.42520514,-0.42949405,low-ebb,low-ebb,low-ebb,low-ebb
2026-08-13 07:50:00,-0.50602067,-0.5305312,-0.54134136,-0.54541355,low-ebb,low-ebb,low-ebb,low-ebb
2026-08-13 08:00:00,-0.6177831,-0.643188,-0.65350026,-0.65732574,low-ebb,low-ebb,low-ebb,low-ebb
2026-08-13 08:10:00,-0.7248459,-0.7508571,-0.76092005,-0.7644716,low-ebb,low-ebb,low-ebb,low-ebb
2026-08-13 08:20:00,-0.82648927,-0.852766,-0.8628756,-0.8661289,low-ebb,low-ebb,low-ebb,low-ebb
2026-08-13 08:30:00,-0.92203695,-0.9482024,-0.95868355,-0.9616175,low-ebb,low-ebb,low-ebb,low-ebb
2026-08-13 08:40:00,-1.0108608,-1.0365193,-1.0477074,-1.0503043,low-ebb,low-ebb,low-ebb,low-ebb
2026-08-13 08:50:00,-1.0923853,-1.1171389,-1.1293621,-1.1316073,low-ebb,low-ebb,low-ebb,low-ebb
2026-08-13 09:00:00,-1.1660911,-1.1895546,-1.2031176,-1.205,low-ebb,low-ebb,low-ebb,low-ebb
2026-08-13 09:10:00,-1.2315184,-1.2533323,-1.2685031,-1.2700152,low-ebb,low-ebb,low-ebb,low-ebb
2026-08-13 09:20:00,-1.2882699,-1.3081106,-1.3251094,-1.3262472,low-ebb,low-ebb,low-ebb,low-ebb
2026-08-13 09:30:00,-1.3360124,-1.3535999,-1.372592,-1.3733547,low-ebb,low-ebb,low-ebb,low-ebb
2026-08-13 09:40:00,-1.3744789,-1.3895819,-1.4106725,-1.4110626,low-ebb,low-ebb,low-ebb,low-ebb
2026-08-13 09:50:00,-1.4034694,-1.4159079,-1.4391404,-1.4391637,low-ebb,low-ebb,low-ebb,low-ebb
2026-08-13 10:00:00,-1.4228511,-1.4324979,-1.4578539,-1.4575188,low-ebb,low-ebb,low-ebb,low-ebb
2026-08-13 10:10:00,-1.4325588,-1.4393387,-1.4667399,-1.4660581,low-ebb,low-ebb,low-ebb,low-ebb
2026-08-13 10:20:00,-1.4325943,-1.4364835,-1.4657944,-1.4647799,low-ebb,low-flow,low-ebb,low-ebb
2026-08-13 10:30:00,-1.423025,-1.4240499,-1.4550815,-1.4537505,low-flow,low-flow,low-flow,low-flow
2026-08-13 10:40:00,-1.4039835,-1.4022189,-1.4347321,-1.4331031,low-flow,low-flow,low-flow,low-flow
2026-08-13 10:50:00,-1.3756644,-1.3712335,-1.4049429,-1.4030359,low-flow,low-flow,low-flow,low-flow
2026-08-13 11:00:00,-1.3383232,-1.3313963,-1.365974,-1.3638107,low-flow,low-flow,low-flow,low-flow
2026-08-13 11:10:00,-1.2922741,-1.2830676,-1.3181465,-1.3157498,low-flow,low-flow,low-flow,low-flow
2026-08-13 11:20:00,-1.237886,-1.2266623,-1.26184,-1.2592335,low-flow,low-flow,low-flow,low-flow
2026-08-13 11:30:00,-1.1755805,-1.1626463,-1.1974896,-1.1946977,low-flow,low-flow,low-flow,low-flow
2026-08-13 11:40:00,-1.1058288,-1.0915322,-1.1255826,-1.1226298,low-flow,low-flow,low-flow,low-flow
2026-08-13 11:50:00,-1.0291473,-1.0138749,-1.0466542,-1.0435652,low-flow,low-flow,low-flow,low-flow
2026-08-13 12:00:00,-0.9460954,-0.9302658,-0.9612848,-0.9580841,low-flow,low-flow,low-flow,low-flow
2026-08-13 12:10:00,-0.8572708,-0.8413278,-0.8700953,-0.8668068,low-flow,low-flow,low-flow,low-flow
2026-08-13 12:20:00,-0.76330596,-0.7477094,-0.77374303,-0.77039003,low-flow,low-flow,low-flow,low-flow
2026-08-13 12:30:00,-0.66486436,-0.6500794,-0.6729172,-0.6695221,low-flow,low-flow,low-flow,low-flow
2026-08-13 12:40:00,-0.56263614,-0.5491215,-0.5683348,-0.56491894,low-flow,low-flow,low-flow,low-flow
2026-08-13 12:50:00,-0.45733422,-0.4455294,-0.46073568,-0.4573191,low-flow,low-flow,low-flow,low-flow
2026-08-13 13:00:00,-0.3496901,-0.34000283,-0.35087788,-0.34747943,low-flow,low-flow,low-flow,low-flow
2026-08-13 13:10:00,-0.24044938,-0.23324363,-0.23953289,-0.23616995,low-flow,low-flow,low-flow,low-flow
2026-08-13 13:20:00,-0.13036756,-0.12595272,-0.12748079,-0.124169245,low-flow,low-flow,low-flow,low-flow
2026-08-13 13:30:00,-0.020205565,-0.018827545,-0.015505315,-0.012259559,low-flow,low-flow,low-flow,low-flow
2026-08-13 13:40:00,0.089274764,0.08744026,0.095611066,0.098778166,high-flow,high-flow,high-flow,high-flow
2026-08-13 13:50:00,0.19731519,0.19216685,0.2050921,0.20816916,high-flow,high-flow,high-flow,high-flow
2026-08-13 14:00:00,0.30316573,0.29467812,0.31217268,0.31514978,high-flow,high-flow,high-flow,high-flow
2026-08-13 14:10:00,0.40608925,0.39431188,0.41610378,0.41897237,high-flow,high-flow,high-flow,high-flow
2026-08-13 14:20:00,0.50536615,0.49042016,0.5161573,0.51891017,high-flow,high-flow,high-flow,high-flow
2026-08-13 14:30:00,0.6002991,0.5823721,0.6116311,0.6142621,high-flow,high-flow,high-flow,high-flow
2026-08-13 14:40:00,0.6902177,0.66955703,0.7018533,0.70435745,high-flow,high-flow,high-flow,high-flow
2026-08-13 14:50:00,0.774483,0.751388,0.7861872,0.7885605,high-flow,high-flow,high-flow,high-flow
2026-08-13 15:00:00,0.85249233,0.8273059,0.86403584,0.866275,high-flow,high-flow,high-flow,high-flow
2026-08-13 15:10:00,0.9236835,0.89678377,0.93484604,0.9369485,high-flow,high-flow,high-flow,high-flow
2026-08-13 15:20:00,0.9875393,0.95933074,0.99811274,1.0000763,high-flow,high-flow,high-flow,high-flow
2026-08-13 15:30:00,1.0435915,1.0144967,1.0533826,1.0552056,high-flow,high-flow,high-flow,high-flow
2026-08-13 15:40:00,1.0914253,1.061876,1.1002578,1.1019386,high-flow,high-flow,high-flow,high-flow
2026-08-13 15:50:00,1.1306821,1.1011118,1.1383991,1.1399366,high-flow,high-flow,high-flow,high-flow
2026-08-13 16:00:00,1.1610639,1.1318982,1.1675293,1.1689218,high-flow,high-flow,high-flow,high-flow
2026-08-13 16:10:00,1.1823355,1.1539843,1.187435,1.1886811,high-flow,high-flow,high-flow,high-flow
2026-08-13 16:20:00,1.1943275,1.1671757,1.1979692,1.1990672,high-flow,high-flow,high-flow,high-flow
2026-08-13 16:30:00,1.1969384,1.171336,1.1990532,1.2000011,high-flow,high-flow,high-flow,high-flow
2026-08-13 16:40:00,1.1901362,1.1663895,1.1906772,1.1914726,high-ebb,high-ebb,high-ebb,high-ebb
2026-08-13 16:50:00,1.1739596,1.1523209,1.1729013,1.1735418,high-ebb,high-ebb,high-ebb,high-ebb
2026-08-13 17:00:00,1.1485183,1.1291769,1.1458558,1.1463385,high-ebb,high-ebb,high-ebb,high-ebb
2026-08-13 17:10:00,1.1139933,1.0970676,1.1097406,1.1100621,high-ebb,high-ebb,high-ebb,high-ebb
2026-08-13 17:20:00,1.0706363,1.0561668,1.0648243,1.0649811,high-ebb,high-ebb,high-ebb,high-ebb
2026-08-13 17:30:00,1.0187677,1.0067129,1.0114427,1.0114311,high-ebb,high-ebb,high-ebb,high-ebb
2026-08-13 17:40:00,0.95877576,0.9490106,0.94999653,0.94981277,high-ebb,high-ebb,high-ebb,high-ebb
2026-08-13 17:50:00,0.89111316,0.88343114,0.8809491,0.8805892,high-ebb,high-ebb,high-ebb,high-ebb
2026-08-13 18:00:00,0.81629425,0.8104129,0.8048227,0.80428296,high-ebb,high-ebb,high-ebb,high-ebb
2026-08-13 18:10:00,0.73489124,0.7304614,0.72219515,0.721472,high-ebb,high-ebb,high-ebb,high-ebb
2026-08-13 18:20:00,0.6475296,0.64414907,0.6336954,0.6327857,high-ebb,high-ebb,high-ebb,high-ebb
2026-08-13 18:30:00,0.5548835,0.55211294,0.53999865,0.5388997,high-ebb,high-ebb,high-ebb,high-ebb
2026-08-13 18:40:00,0.45767024,0.45505196,0.4418215,0.4405314,high-ebb,high-ebb,high-ebb,high-ebb
2026-08-13 18:50:00,0.3566446,0.35372287,0.33991602,0.33843374,high-ebb,high-ebb,high-ebb,high-ebb
2026-08-13 19:00:00,0.2525924,0.24893422,0.23506416,0.23338956,high-ebb,high-ebb,high-ebb,high-ebb
2026-08-13 19:10:00,0.14632429,0.14153911,0.12807135,0.12620553,high-ebb,high-ebb,high-ebb,high-ebb
2026-08-13 19:20:00,0.038668826,0.032426473,0.019760152,0.017705534,high-ebb,high-ebb,high-ebb,high-ebb
2026-08-13 19:30:00,-0.06953436,-0.077488855,-0.08903624,-0.0912758,low-ebb,low-ebb,low-ebb,low-ebb
2026-08-13 19:40:00,-0.17744155,-0.18727714,-0.19748074,-0.1998998,low-ebb,low-ebb,low-ebb,low-ebb
2026-08-13 19:50:00,-0.28421193,-0.29600528,-0.304739,-0.30733043,low-ebb,low-ebb,low-ebb,low-ebb
2026-08-13 20:00:00,-0.38901457,-0.40274867,-0.40998608,-0.412741,low-ebb,low-ebb,low-ebb,low-ebb
2026-08-13 20:10:00,-0.49103516,-0.5066028,-0.51241297,-0.51532066,low-ebb,low-ebb,low-ebb,low-ebb
2026-08-13 20:20:00,-0.58948267,-0.60669446,-0.611233,-0.6142809,low-ebb,low-ebb,low-ebb,low-ebb
2026-08-13 20:30:00,-0.6835956,-0.70219165,-0.7056879,-0.70886153,low-ebb,low-ebb,low-ebb,low-ebb
2026-08-13 20:40:00,-0.7726481,-0.7923126,-0.7950536,-0.79833674,low-ebb,low-ebb,low-ebb,low-ebb
2026-08-13 20:50:00,-0.85595524,-0.8763334,-0.8786461,-0.8820206,low-ebb,low-ebb,low-ebb,low-ebb
2026-08-13 21:00:00,-0.9328785,-0.9535936,-0.9558259,-0.959272,low-ebb,low-ebb,low-ebb,low-ebb
2026-08-13 21:10:00,-1.0028303,-1.0235008,-1.0260036,-1.0294999,low-ebb,low-ebb,low-ebb,low-ebb
2026-08-13 21:20:00,-1.0652778,-1.0855334,-1.0886433,-1.0921669,low-ebb,low-ebb,low-ebb,low-ebb
2026-08-13 21:30:00,-1.1197472,-1.1392422,-1.1432667,-1.1467934,low-ebb,low-ebb,low-ebb,low-ebb
2026-08-13 21:40:00,-1.165826,-1.184251,-1.1894565,-1.192961,low-ebb,low-ebb,low-ebb,low-ebb
2026-08-13 21:50:00,-1.203166,-1.2202561,-1.2268587,-1.2303149,low-ebb,low-ebb,low-ebb,low-ebb
2026-08-13 22:00:00,-1.2314847,-1.2470258,-1.255185,-1.258566,low-ebb,low-ebb,low-ebb,low-ebb
2026-08-13 22:10:00,-1.2505671,-1.2643985,-1.2742145,-1.277493,low-ebb,low-ebb,low-ebb,low-ebb
2026-08-13 22:20:00,-1.2602662,-1.2722819,-1.2837943,-1.2869431,low-ebb,low-ebb,low-ebb,low-ebb
2026-08-13 22:30:00,-1.260503,-1.2706512,-1.2838405,-1.2868327,low-ebb,low-ebb,low-ebb,low-ebb
2026-08-13 22:40:00,-1.2512668,-1.2595482,-1.2743384,-1.2771472,low-flow,low-flow,low-flow,low-flow
2026-08-13 22:50:00,-1.2326139,-1.2390796,-1.2553412,-1.2579408,low-flow,low-flow,low-flow,low-flow
2026-08-13 23:00:00,-1.2046665,-1.2094157,-1.2269698,-1.2293355,low-flow,low-flow,low-flow,low-flow
2026-08-13 23:10:00,-1.1676111,-1.1707892,-1.1894113,-1.1915197,low-flow,low-flow,low-flow,low-flow
2026-08-13 23:20:00,-1.1216966,-1.1234936,-1.1429167,-1.1447464,low-flow,low-flow,low-flow,low-flow
2026-08-13 23:30:00,-1.0672317,-1.0678803,-1.0877993,-1.0893307,low-flow,low-flow,low-flow,low-flow
2026-08-13 23:40:00,-1.0045825,-1.0043569,-1.0244317,-1.0256474,low-flow,low-flow,low-flow,low-flow
2026-08-13 23:50:00,-0.93416935,-0.93338346,-0.953243,-0.95412827,low-flow,low-flow,low-flow,low-flow
2026-08-14 00:00:00,-0.8564636,-0.8554689,-0.8747157,-0.8752584,low-flow,low-flow,low-flow,low-flow
2026-08-14 00:10:00,-0.7719846,-0.7711662,-0.789382,-0.78957295,low-flow,low-flow,low-flow,low-flow
2026-08-14 00:20:00,-0.68129545,-0.6810677,-0.6978201,-0.6976533,low-flow,low-flow,low-flow,low-flow
2026-08-14 00:30:00,-0.5850001,-0.5857996,-0.6006505,-0.60012305,low-flow,low-flow,low-flow,low-flow
2026-08-14 00:40:00,-0.48373872,-0.48601627,-0.49853134,-0.49764377,low-flow,low-flow,low-flow,low-flow
2026-08-14 00:50:00,-0.3781841,-0.38239512,-0.39215457,-0.39091074,low-flow,low-flow,low-flow,low-flow
2026-08-14 01:00:00,-0.2690375,-0.27563053,-0.28224114,-0.28064832,low-flow,low-flow,low-flow,low-flow
2026-08-14 01:10:00,-0.15702431,-0.16642928,-0.16953656,-0.16760541,low-flow,low-flow,low-flow,low-flow
2026-08-14 01:20:00,-0.042889938,-0.05550564,-0.054806065,-0.052550577,low-flow,low-flow,low-flow,low-flow
2026-08-14 01:30:00,0.072604716,0.0564225,0.061170124,0.06373276,high-flow,high-flow,high-flow,high-flow
2026-08-14 01:40:00,0.18868761,0.16863722,0.17760172,0.18045123,high-flow,high-flow,high-flow,high-flow
2026-08-14 01:50:00,0.30458012,0.28042346,0.29369333,0.29680654,high-flow,high-flow,high-flow,high-flow
2026-08-14 02:00:00,0.41950163,0.39107162,0.4086495,0.41200054,high-flow,high-flow,high-flow,high-flow
2026-08-14 02:10:00,0.53267413,0.4998797,0.5216796,0.5252401,high-flow,high-flow,high-flow,high-flow
2026-08-14 02:20:00,0.6433269,0.6061555,0.63200295,0.6357426,high-flow,high-flow,high-flow,high-flow
2026-08-14 02:30:00,0.7507013,0.7092188,0.738854,0.7427404,high-flow,high-flow,high-flow,high-flow
2026-08-14 02:40:00,0.8540556,0.8084037,0.84148705,0.8454863,high-flow,high-flow,high-flow,high-flow
2026-08-14 02:50:00,0.9526694,0.90306133,0.93918127,0.94325835,high-flow,high-flow,high-flow,high-flow
2026-08-14 03:00:00,1.045849,0.992563,1.0312457,1.0353647,high-flow,high-flow,high-flow,high-flow
2026-08-14 03:10:00,1.1329314,1.0763038,1.1170241,1.1211487,high-flow,high-flow,high-flow,high-flow
2026-08-14 03:20:00,1.2132897,1.1537064,1.195899,1.1999929,high-flow,high-flow,high-flow,high-flow
2026-08-14 03:30:00,1.2863373,1.2242253,1.2672968,1.2713239,high-flow,high-flow,high-flow,high-flow
2026-08-14 03:40:00,1.3515322,1.2873514,1.330692,1.3346169,high-flow,high-flow,high-flow,high-flow
2026-08-14 03:50:00,1.4083819,1.3426161,1.3856108,1.3893992,high-flow,high-flow,high-flow,high-flow
2026-08-14 04:00:00,1.4564468,1.3895961,1.4316353,1.4352541,high-flow,high-flow,high-flow,high-flow
2026-08-14 04:10:00,1.4953444,1.4279166,1.4684066,1.4718246,high-flow,high-flow,high-flow,high-flow
2026-08-14 04:20:00,1.524753,1.4572557,1.4956282,1.4988165,high-flow,high-flow,high-flow,high-flow
2026-08-14 04:30:00,1.5444144,1.4773467,1.5130688,1.5160004,high-flow,high-flow,high-flow,high-flow
2026-08-14 04:40:00,1.5541373,1.4879805,1.5205642,1.523215,high-flow,high-flow,high-flow,high-flow
2026-08-14 04:50:00,1.5537993,1.4890087,1.5180198,1.5203683,high-flow,high-flow,high-ebb,high-ebb
2026-08-14 05:00:00,1.5433486,1.4803436,1.505411,1.5074391,high-ebb,high-ebb,high-ebb,high-ebb
2026-08-14 05:10:00,1.5228056,1.4619604,1.4827856,1.484478,high-ebb,high-ebb,high-ebb,high-ebb
2026-08-14 05:20:00,1.492264,1.4338979,1.4502623,1.4516071,high-ebb,high-ebb,high-ebb,high-ebb
2026-08-14 05:30:00,1.4518907,1.3962585,1.408032,1.4090208,high-ebb,high-ebb,high-ebb,high-ebb
2026-08-14 05:40:00,1.4019248,1.3492104,1.356356,1.3569838,high-ebb,high-ebb,high-ebb,high-ebb
2026-08-14 05:50:00,1.342678,1.292987,1.2955654,1.2958304,high-ebb,high-ebb,high-ebb,high-ebb
2026-08-14 06:00:00,1.2745311,1.2278885,1.2260584,1.2259623,high-ebb,high-ebb,high-ebb,high-ebb
2026-08-14 06:10:00,1.1979336,1.1542823,1.1482983,1.1478461,high-ebb,high-ebb,high-ebb,high-ebb
2026-08-14 06:20:00,1.1133988,1.0726032,1.06281,1.0620099,high-ebb,high-ebb,high-ebb,high-ebb
2026-08-14 06:30:00,1.0215019,0.9833543,0.9701766,0.96903974,high-ebb,high-ebb,high-ebb,high-ebb
2026-08-14 06:40:00,0.92287487,0.88710546,0.87103504,0.86957556,high-ebb,high-ebb,high-ebb,high-ebb
2026-08-14 06:50:00,0.8182017,0.78449273,0.7660716,0.764306,high-ebb,high-ebb,high-ebb,high-ebb
2026-08-14 07:00:00,0.7082136,0.67621577,0.65601647,0.65396386,high-ebb,high-ebb,high-ebb,high-ebb
2026-08-14 07:10:00,0.5936831,0.5630339,0.5416385,0.53932005,high-ebb,high-ebb,high-ebb,high-ebb
2026-08-14 07:20:00,0.47541776,0.445761,0.42373914,0.42117783,high-ebb,high-ebb,high-ebb,high-ebb
2026-08-14 07:30:00,0.35425365,0.3252592,0.30314618,0.3003666,high-ebb,high-ebb,high-ebb,high-ebb
2026-08-14 07:40:00,0.231049,0.20243044,0.18070748,0.17773546,high-ebb,high-ebb,high-ebb,high-ebb
2026-08-14 07:50:00,0.106676795,0.078207195,0.05728425,0.05414658,high-ebb,high-ebb,high-ebb,high-ebb
2026-08-14 08:00:00,-0.017982075,-0.04645805,-0.0662557,-0.06953159,low-ebb,low-ebb,low-ebb,low-ebb
2026-08-14 08:10:00,-0.14204603,-0.17060408,-0.1890447,-0.19243102,low-ebb,low-ebb,low-ebb,low-ebb
2026-08-14 08:20:00,-0.2646399,-0.2932727,-0.310222,-0.3136909,low-ebb,low-ebb,low-ebb,low-ebb
2026-08-14 08:30:00,-0.384902,-0.41352054,-0.4289404,-0.4324643,low-ebb,low-ebb,low-ebb,low-ebb
2026-08-14 08:40:00,-0.50199085,-0.5304304,-0.54437274,-0.5479246,low-ebb,low-ebb,low-ebb,low-ebb
2026-08-14 08:50:00,-0.6150919,-0.6431216,-0.6557183,-0.6592718,low-ebb,low-ebb,low-ebb,low-ebb
2026-08-14 09:00:00,-0.72342366,-0.75076014,-0.7622089,-0.76573855,low-ebb,low-ebb,low-ebb,low-ebb
2026-08-14 09:10:00,-0.8262437,-0.852566,-0.8631142,-0.86659586,low-ebb,low-ebb,low-ebb,low-ebb
2026-08-14 09:20:00,-0.9228542,-0.94782054,-0.9577474,-0.9611584,low-ebb,low-ebb,low-ebb,low-ebb
2026-08-14 09:30:00,-1.0126067,-1.035871,-1.0454701,-1.0487893,low-ebb,low-ebb,low-ebb,low-ebb
2026-08-14 09:40:00,-1.0949069,-1.1161346,-1.1256967,-1.1289042,low-ebb,low-ebb,low-ebb,low-ebb
2026-08-14 09:50:00,-1.1692185,-1.1881003,-1.1978981,-1.2009765,low-ebb,low-ebb,low-ebb,low-ebb
2026-08-14 10:00:00,-1.2350665,-1.2513299,-1.2616059,-1.2645389,low-ebb,low-ebb,low-ebb,low-ebb
2026-08-14 10:10:00,-1.29204,-1.3054581,-1.3164144,-1.3191878,low-ebb,low-ebb,low-ebb,low-ebb
2026-08-14 10:20:00,-1.3397946,-1.3501922,-1.3619833,-1.364585,low-ebb,low-ebb,low-ebb,low-ebb
2026-08-14 10:30:00,-1.378054,-1.3853103,-1.3980402,-1.4004598,low-ebb,low-ebb,low-ebb,low-ebb
2026-08-14 10:40:00,-1.406611,-1.4106607,-1.424381,-1.4266099,low-ebb,low-ebb,low-ebb,low-ebb
2026-08-14 10:50:00,-1.425328,-1.4261603,-1.4408714,-1.4429024,low-ebb,low-ebb,low-ebb,low-ebb
2026-08-14 11:00:00,-1.4341371,-1.4317935,-1.4474461,-1.4492744,low-ebb,low-ebb,low-ebb,low-ebb
2026-08-14 11:10:00,-1.4330398,-1.4276103,-1.44411,-1.445732,low-ebb,low-flow,low-flow,low-flow
2026-08-14 11:20:00,-1.4221054,-1.4137263,-1.4309367,-1.4323499,low-flow,low-flow,low-flow,low-flow
2026-08-14 11:30:00,-1.4014701,-1.3903207,-1.4080669,-1.4092705,low-flow,low-flow,low-flow,low-flow
2026-08-14 11:40:00,-1.371335,-1.3576348,-1.3757074,-1.3767017,low-flow,low-flow,low-flow,low-flow
2026-08-14 11:50:00,-1.331964,-1.3159709,-1.3341292,-1.3349155,low-flow,low-flow,low-flow,low-flow
2026-08-14 12:00:00,-1.283681,-1.2656897,-1.2836647,-1.2842449,low-flow,low-flow,low-flow,low-flow
2026-08-14 12:10:00,-1.2268674,-1.2072077,-1.2247049,-1.2250819,low-flow,low-flow,low-flow,low-flow
2026-08-14 12:20:00,-1.1619586,-1.1409938,-1.1576966,-1.1578739,low-flow,low-flow,low-flow,low-flow
2026-08-14 12:30:00,-1.0894411,-1.0675654,-1.0831392,-1.0831203,low-flow,low-flow,low-flow,low-flow
2026-08-14 12:40:00,-1.0098487,-0.98748386,-1.0015806,-1.0013698,low-flow,low-flow,low-flow,low-flow
2026-08-14 12:50:00,-0.923759,-0.9013489,-0.91361374,-0.9132152,low-flow,low-flow,low-flow,low-flow
2026-08-14 13:00:00,-0.83178914,-0.809794,-0.81987244,-0.8192906,low-flow,low-flow,low-flow,low-flow
2026-08-14 13:10:00,-0.73459226,-0.71348035,-0.7210272,-0.7202662,low-flow,low-flow,low-flow,low-flow
2026-08-14 13:20:00,-0.63285315,-0.61309147,-0.6177807,-0.61684483,low-flow,low-flow,low-flow,low-flow
2026-08-14 13:30:00,-0.5272842,-0.5093279,-0.51086324,-0.5097566,low-flow,low-flow,low-flow,low-flow
2026-08-14 13:40:00,-0.41862082,-0.40290228,-0.4010284,-0.39975494,low-flow,low-flow,low-flow,low-flow
2026-08-14 13:50:00,-0.30761734,-0.29453504,-0.2890477,-0.2876112,low-flow,low-flow,low-flow,low-flow
2026-08-14 14:00:00,-0.19504233,-0.1849503,-0.17570615,-0.17411028,low-flow,low-flow,low-flow,low-flow
2026-08-14 14:10:00,-0.08167426,-0.07487269,-0.06179721,-0.06004549,low-flow,low-flow,low-flow,low-flow
2026-08-14 14:20:00,0.031703282,0.034975752,0.05188233,0.053786427,high-flow,high-flow,high-flow,high-flow
2026-08-14 14:30:00,0.14430615,0.14387798,0.16453733,0.16659029,high-flow,high-flow,high-flow,high-flow
2026-08-14 14:40:00,0.25535443,0.2511245,0.27537933,0.27757758,high-flow,high-flow,high-flow,high-flow
2026-08-14 14:50:00,0.3640771,0.35601562,0.38363177,0.3859715,high-flow,high-flow,high-flow,high-flow
2026-08-14 15:00:00,0.4697169,0.4578641,0.48853487,0.49101198,high-flow,high-flow,high-flow,high-flow
2026-08-14 15:10:00,0.57153517,0.55599785,0.5893508,0.5919608,high-flow,high-flow,high-flow,high-flow
2026-08-14 15:20:00,0.66881657,0.6497631,0.6853687,0.6881064,high-flow,high-flow,high-flow,high-flow
2026-08-14 15:30:00,0.760874,0.7385281,0.77590936,0.77876896,high-flow,high-flow,high-flow,high-flow
2026-08-14 15:40:00,0.8470532,0.82168686,0.86033,0.863305,high-flow,high-flow,high-flow,high-flow
2026-08-14 15:50:00,0.9267374,0.8986638,0.93802905,0.9411119,high-flow,high-flow,high-flow,high-flow
2026-08-14 16:00:00,0.9993522,0.9689181,1.0084505,1.0116327,high-flow,high-flow,high-flow,high-flow
2026-08-14 16:10:00,1.0643696,1.0319481,1.071088,1.0743598,high-flow,high-flow,high-flow,high-flow
2026-08-14 16:20:00,1.1213123,1.0872962,1.1254889,1.1288394,high-flow,high-flow,high-flow,high-flow
2026-08-14 16:30:00,1.1697578,1.1345528,1.1712576,1.1746745,high-flow,high-flow,high-flow,high-flow
2026-08-14 16:40:00,1.2093422,1.1733602,1.2080594,1.2115293,high-flow,high-flow,high-flow,high-flow
2026-08-14 16:50:00,1.2397633,1.2034156,1.2356232,1.239131,high-flow,high-flow,high-flow,high-flow
2026-08-14 17:00:00,1.2607838,1.2244745,1.2537436,1.2572728,high-flow,high-flow,high-flow,high-flow
2026-08-14 17:10:00,1.2722336,1.2363522,1.2622836,1.2658166,high-flow,high-flow,high-flow,high-flow
2026-08-14 17:20:00,1.2740127,1.2389255,1.2611758,1.2646935,high-flow,high-flow,high-flow,high-flow
2026-08-14 17:30:00,1.2660918,1.232134,1.2504234,1.2539057,high-ebb,high-ebb,high-ebb,high-ebb
2026-08-14 17:40:00,1.2485143,1.2159809,1.2301016,1.2335267,high-ebb,high-ebb,high-ebb,high-ebb
2026-08-14 17:50:00,1.2213959,1.1905336,1.2003561,1.2037019,high-ebb,high-ebb,high-ebb,high-ebb
2026-08-14 18:00:00,1.1849253,1.1559243,1.1614039,1.1646469,high-ebb,high-ebb,high-ebb,high-ebb
2026-08-14 18:10:00,1.1393632,1.1123501,1.1135315,1.1166475,high-ebb,high-ebb,high-ebb,high-ebb
2026-08-14 18:20:00,1.0850407,1.0600737,1.0570929,1.0600578,high-ebb,high-ebb,high-ebb,high-ebb
2026-08-14 18:30:00,1.0223573,0.9994242,0.9925081,0.99529684,high-ebb,high-ebb,high-ebb,high-ebb
2026-08-14 18:40:00,0.95177895,0.9307967,0.92025924,0.9228472,high-ebb,high-ebb,high-ebb,high-ebb
2026-08-14 18:50:00,0.8738337,0.85465306,0.8408876,0.84325045,high-ebb,high-ebb,high-ebb,high-ebb
2026-08-14 19:00:00,0.78910863,0.7715211,0.7549898,0.75710356,high-ebb,high-ebb,high-ebb,high-ebb
2026-08-14 19:10:00,0.698245,0.68199366,0.6632128,0.6650544,high-ebb,high-ebb,high-ebb,high-ebb
2026-08-14 19:20:00,0.6019333,0.58672667,0.56624913,0.56779665,high-ebb,high-ebb,high-ebb,high-ebb
2026-08-14 19:30:00,0.50090784,0.4864356,0.46483168,0.4660647,high-ebb,high-ebb,high-ebb,high-ebb
2026-08-14 19:40:00,0.39594078,0.38189152,0.35972774,0.36062738,high-ebb,high-ebb,high-ebb,high-ebb
2026-08-14 19:50:00,0.2878358,0.2739148,0.25173295,0.25228247,high-ebb,high-ebb,high-ebb,high-ebb
2026-08-14 20:00:00,0.17742148,0.16336797,0.141665,0.14184986,high-ebb,high-ebb,high-ebb,high-ebb
2026-08-14 20:10:00,0.06554441,0.05114688,0.030357085,0.03016533,high-ebb,high-ebb,high-ebb,high-ebb
2026-08-14 20:20:00,-0.046937764,-0.06182904,-0.08134868,-0.08192626,low-ebb,low-ebb,low-ebb,low-ebb
2026-08-14 20:30:00,-0.1591635,-0.17462765,-0.19260804,-0.19357766,low-ebb,low-ebb,low-ebb,low-ebb
2026-08-14 20:40:00,-0.2702745,-0.2863154,-0.3025813,-0.30394602,low-ebb,low-ebb,low-ebb,low-ebb
2026-08-14 20:50:00,-0.37942263,-0.3959691,-0.4104399,-0.4121994,low-ebb,low-ebb,low-ebb,low-ebb
2026-08-14 21:00:00,-0.48577708,-0.50268704,-0.51537305,-0.5175236,low-ebb,low-ebb,low-ebb,low-ebb
2026-08-14 21:10:00,-0.5885308,-0.6055999,-0.6165937,-0.61912805,low-ebb,low-ebb,low-ebb,low-ebb
2026-08-14 21:20:00,-0.68690705,-0.7038806,-0.7133451,-0.7162524,low-ebb,low-ebb,low-ebb,low-ebb
2026-08-14 21:30:00,-0.7801655,-0.79675287,-0.8049061,-0.80817187,low-ebb,low-ebb,low-ebb,low-ebb
2026-08-14 21:40:00,-0.8676078,-0.8834982,-0.8905965,-0.8942028,low-ebb,low-ebb,low-ebb,low-ebb
2026-08-14 21:50:00,-0.9485826,-0.9634617,-0.96978253,-0.973708,low-ebb,low-ebb,low-ebb,low-ebb
2026-08-14 22:00:00,-1.0224907,-1.036056,-1.0418808,-1.0461005,low-ebb,low-ebb,low-ebb,low-ebb
2026-08-14 22:10:00,-1.0887891,-1.1007638,-1.1063627,-1.1108485,low-ebb,low-ebb,low-ebb,low-ebb
2026-08-14 22:20:00,-1.1469942,-1.1571394,-1.1627575,-1.1674788,low-ebb,low-ebb,low-ebb,low-ebb
2026-08-14 22:30:00,-1.1966853,-1.2048088,-1.2106563,-1.2155793,low-ebb,low-ebb,low-ebb,low-ebb
2026-08-14 22:40:00,-1.237507,-1.2434691,-1.2497135,-1.2548019,low-ebb,low-ebb,low-ebb,low-ebb
2026-08-14 22:50:00,-1.2691708,-1.2728877,-1.2796495,-1.2848649,low-ebb,low-ebb,low-ebb,low-ebb
2026-08-14 23:00:00,-1.2914568,-1.2929008,-1.3002517,-1.3055542,low-ebb,low-ebb,low-ebb,low-ebb
2026-08-14 23:10:00,-1.3042141,-1.3034122,-1.3113757,-1.3167236,low-ebb,low-ebb,low-ebb,low-ebb
2026-08-14 23:20:00,-1.3073612,-1.3043916,-1.3129456,-1.3182964,low-ebb,low-ebb,low-ebb,low-ebb
2026-08-14 23:30:00,-1.3008856,-1.2958738,-1.3049542,-1.3102646,low-flow,low-flow,low-flow,low-flow
2026-08-14 23:40:00,-1.2848427,-1.2779571,-1.2874615,-1.2926883,low-flow,low-flow,low-flow,low-flow
2026-08-14 23:50:00,-1.2593552,-1.2508024,-1.2605951,-1.2656949,low-flow,low-flow,low-flow,low-flow
2026-08-15 00:00:00,-1.2246107,-1.2146323,-1.2245474,-1.2294775,low-flow,low-flow,low-flow,low-flow
2026-08-15 00:10:00,-1.1808599,-1.169729,-1.1795744,-1.1842935,low-flow,low-flow,low-flow,low-flow
2026-08-15 00:20:00,-1.128414,-1.1164334,-1.1259934,-1.1304617,low-flow,low-flow,low-flow,low-flow
2026-08-15 00:30:00,-1.0676425,-1.0551419,-1.0641803,-1.0683597,low-flow,low-flow,low-flow,low-flow
2026-08-15 00:40:00,-0.99896914,-0.9863045,-0.99456686,-0.9984217,low-flow,low-flow,low-flow,low-flow
2026-08-15 00:50:00,-0.9228696,-0.9104204,-0.9176371,-0.9211344,low-flow,low-flow,low-flow,low-flow
2026-08-15 01:00:00,-0.83986753,-0.8280345,-0.83392435,-0.83703405,low-flow,low-flow,low-flow,low-flow
2026-08-15 01:10:00,-0.7505309,-0.7397324,-0.74400693,-0.74670255,low-flow,low-flow,low-flow,low-flow
2026-08-15 01:20:00,-0.6554682,-0.6461353,-0.6485048,-0.6507633,low-flow,low-flow,low-flow,low-flow
2026-08-15 01:30:00,-0.5553246,-0.5478946,-0.54807496,-0.5498773,low-flow,low-flow,low-flow,low-flow
2026-08-15 01:40:00,-0.45077762,-0.44568667,-0.4434076,-0.44473866,low-flow,low-flow,low-flow,low-flow
2026-08-15 01:50:00,-0.34253308,-0.34020707,-0.3352212,-0.33607015,low-flow,low-flow,low-flow,low-flow
2026-08-15 02:00:00,-0.23132086,-0.23216571,-0.22425818,-0.22461854,low-flow,low-flow,low-flow,low-flow
2026-08-15 02:10:00,-0.11789036,-0.122282065,-0.111280195,-0.111149855,low-flow,low-flow,low-flow,low-flow
2026-08-15 02:20:00,-0.003006246,-0.011280916,0.0029367353,0.0035555125,low-flow,low-flow,high-flow,high-flow
2026-08-15 02:30:00,0.11255619,0.10011133,0.11760711,0.11870768,high-flow,high-flow,high-flow,high-flow
2026-08-15 02:40:00,0.22801553,0.21116993,0.2319409,0.23351233,high-flow,high-flow,high-flow,high-flow
2026-08-15 02:50:00,0.34258887,0.32117465,0.34514853,0.34717575,high-flow,high-flow,high-flow,high-flow
2026-08-15 03:00:00,0.45549655,0.4294124,0.45644596,0.45890996,high-flow,high-flow,high-flow,high-flow
2026-08-15 03:10:00,0.5659667,0.5351798,0.5650598,0.5679377,high-flow,high-flow,high-flow,high-flow
2026-08-15 03:20:00,0.67324036,0.63778573,0.6702322,0.6734977,high-flow,high-flow,high-flow,high-flow
2026-08-15 03:30:00,0.7765756,0.73655415,0.77122605,0.77484953,high-flow,high-flow,high-flow,high-flow
2026-08-15 03:40:00,0.8752531,0.8308272,0.86732984,0.87127876,high-flow,high-flow,high-flow,high-flow
2026-08-15 03:50:00,0.96858007,0.9199688,0.95786256,0.96210194,high-flow,high-flow,high-flow,high-flow
2026-08-15 04:00:00,1.0558957,1.0033685,1.0421785,1.046671,high-flow,high-flow,high-flow,high-flow
2026-08-15 04:10:00,1.1365755,1.0804458,1.119672,1.1243786,high-flow,high-flow,high-flow,high-flow
2026-08-15 04:20:00,1.2100353,1.1506543,1.1897815,1.1946617,high-flow,high-flow,high-flow,high-flow
2026-08-15 04:30:00,1.275737,1.2134871,1.2519946,1.2570068,high-flow,high-flow,high-flow,high-flow
2026-08-15 04:40:00,1.3331914,1.2684804,1.3058509,1.310953,high-flow,high-flow,high-flow,high-flow
2026-08-15 04:50:00,1.3819631,1.3152186,1.3509467,1.3560965,high-flow,high-flow,high-flow,high-flow
2026-08-15 05:00:00,1.4216739,1.3533376,1.386938,1.3920933,high-flow,high-flow,high-flow,high-flow
2026-08-15 05:10:00,1.4520063,1.3825291,1.4135435,1.4186628,high-flow,high-flow,high-flow,high-flow
2026-08-15 05:20:00,1.4727069,1.4025425,1.4305472,1.43559,high-flow,high-flow,high-flow,high-flow
2026-08-15 05:30:00,1.4835889,1.4131875,1.4378006,1.4427279,high-flow,high-flow,high-flow,high-flow
2026-08-15 05:40:00,1.4845344,1.414336,1.4352247,1.4399989,high-flow,high-flow,high-ebb,high-ebb
2026-08-15 05:50:00,1.4754957,1.4059224,1.4228106,1.427396,high-ebb,high-ebb,high-ebb,high-ebb
2026-08-15 06:00:00,1.4564979,1.3879455,1.4006206,1.4049842,high-ebb,high-ebb,high-ebb,high-ebb
2026-08-15 06:10:00,1.4276382,1.3604674,1.3687881,1.3728992,high-ebb,high-ebb,high-ebb,high-ebb
2026-08-15 06:20:00,1.3890867,1.323615,1.3275177,1.3313481,high-ebb,high-ebb,high-ebb,high-ebb
2026-08-15 06:30:00,1.341086,1.277579,1.2770833,1.2806078,high-ebb,high-ebb,high-ebb,high-ebb
2026-08-15 06:40:00,1.2839497,1.2226149,1.2178268,1.2210237,high-ebb,high-ebb,high-ebb,high-ebb
2026-08-15 06:50:00,1.218061,1.1590428,1.1501567,1.1530067,high-ebb,high-ebb,high-ebb,high-ebb
2026-08-15 07:00:00,1.14387,1.0872474,1.074544,1.0770313,high-ebb,high-ebb,high-ebb,high-ebb
2026-08-15 07:10:00,1.0618907,1.0076779,0.9915195,0.9936317,high-ebb,high-ebb,high-ebb,high-ebb
2026-08-15 07:20:00,0.97269785,0.92084813,0.9016705,0.90339833,high-ebb,high-ebb,high-ebb,high-ebb
2026-08-15 07:30:00,0.8769221,0.827335,0.80563545,0.80697274,high-ebb,high-ebb,high-ebb,high-ebb
2026-08-15 07:40:00,0.77524537,0.72777724,0.7040997,0.7050435,high-ebb,high-ebb,high-ebb,high-ebb
2026-08-15 07:50:00,0.6683958,0.6228727,0.59779,0.5983403,high-ebb,high-ebb,high-ebb,high-ebb
2026-08-15 08:00:00,0.5571419,0.5133743,0.48746902,0.48762873,high-ebb,high-ebb,high-ebb,high-ebb
2026-08-15 08:10:00,0.44228616,0.40008533,0.37392932,0.3737041,high-ebb,high-ebb,high-ebb,high-ebb
2026-08-15 08:20:00,0.32465878,0.28385246,0.25798708,0.25738522,high-ebb,high-ebb,high-ebb,high-ebb
2026-08-15 08:30:00,0.20511092,0.16555816,0.14047578,0.13950789,high-ebb,high-ebb,high-ebb,high-ebb
2026-08-15 08:40:00,0.08450761,0.046111498,0.02223951,0.020918418,high-ebb,high-ebb,high-ebb,high-ebb
2026-08-15 08:50:00,-0.036279242,-0.073561996,-0.09587356,-0.09753304,low-ebb,low-ebb,low-ebb,low-ebb
2026-08-15 09:00:00,-0.156378,-0.19253117,-0.2130179,-0.2149992,low-ebb,low-ebb,low-ebb,low-ebb
2026-08-15 09:10:00,-0.27492437,-0.30987048,-0.32835716,-0.33064216,low-ebb,low-ebb,low-ebb,low-ebb
2026-08-15 09:20:00,-0.39106837,-0.4246712,-0.44107074,-0.44364,low-ebb,low-ebb,low-ebb,low-ebb
2026-08-15 09:30:00,-0.5039812,-0.53605217,-0.55035996,-0.5531929,low-ebb,low-ebb,low-ebb,low-ebb
2026-08-15 09:40:00,-0.6128617,-0.64316994,-0.65545416,-0.6585293,low-ebb,low-ebb,low-ebb,low-ebb
2026-08-15 09:50:00,-0.7169425,-0.74522746,-0.7556164,-0.75891167,low-ebb,low-ebb,low-ebb,low-ebb
2026-08-15 10:00:00,-0.8154961,-0.8414817,-0.85014915,-0.8536417,low-ebb,low-ebb,low-ebb,low-ebb
2026-08-15 10:10:00,-0.9078399,-0.93125,-0.93839884,-0.9420656,low-ebb,low-ebb,low-ebb,low-ebb
2026-08-15 10:20:00,-0.9933415,-1.0139141,-1.0197607,-1.0235785,low-ebb,low-ebb,low-ebb,low-ebb
2026-08-15 10:30:00,-1.0714229,-1.0889238,-1.0936831,-1.0976287,low-ebb,low-ebb,low-ebb,low-ebb
2026-08-15 10:40:00,-1.1415644,-1.1557981,-1.1596708,-1.163721,low-ebb,low-ebb,low-ebb,low-ebb
2026-08-15 10:50:00,-1.2033076,-1.2141263,-1.2172886,-1.2214202,low-ebb,low-ebb,low-ebb,low-ebb
2026-08-15 11:00:00,-1.2562588,-1.2635676,-1.2661632,-1.2703536,low-ebb,low-ebb,low-ebb,low-ebb
2026-08-15 11:10:00,-1.3000904,-1.3038498,-1.3059862,-1.310213,low-ebb,low-ebb,low-ebb,low-ebb
2026-08-15 11:20:00,-1.334543,-1.3347689,-1.3365152,-1.3407563,low-ebb,low-ebb,low-ebb,low-ebb
2026-08-15 11:30:00,-1.3594255,-1.3561869,-1.3575747,-1.3618087,low-ebb,low-ebb,low-ebb,low-ebb
2026-08-15 11:40:00,-1.3746169,-1.368031,-1.3690574,-1.373263,low-ebb,low-ebb,low-ebb,low-ebb
2026-08-15 11:50:00,-1.3800646,-1.3702925,-1.3709234,-1.3750801,low-ebb,low-ebb,low-ebb,low-ebb
2026-08-15 12:00:00,-1.3757851,-1.3630253,-1.3632002,-1.3672879,low-flow,low-flow,low-flow,low-flow
2026-08-15 12:10:00,-1.361862,-1.3463454,-1.3459821,-1.3499811,low-flow,low-flow,low-flow,low-flow
2026-08-15 12:20:00,-1.3384448,-1.3204299,-1.3194283,-1.3233196,low-flow,low-flow,low-flow,low-flow
2026-08-15 12:30:00,-1.3057472,-1.285516,-1.2837619,-1.2875266,low-flow,low-flow,low-flow,low-flow
2026-08-15 12:40:00,-1.264044,-1.2418997,-1.2392671,-1.242887,low-flow,low-flow,low-flow,low-flow
2026-08-15 12:50:00,-1.2136695,-1.1899343,-1.1862873,-1.1897447,low-flow,low-flow,low-flow,low-flow
2026-08-15 13:00:00,-1.1550137,-1.1300277,-1.1252224,-1.1284997,low-flow,low-flow,low-flow,low-flow
2026-08-15 13:10:00,-1.0885195,-1.0626398,-1.0565252,-1.0596056,low-flow,low-flow,low-flow,low-flow
2026-08-15 13:20:00,-1.0146792,-0.9882793,-0.98069865,-0.98356545,low-flow,low-flow,low-flow,low-flow
2026-08-15 13:30:00,-0.93403125,-0.9074987,-0.89829195,-0.90092903,low-flow,low-flow,low-flow,low-flow
2026-08-15 13:40:00,-0.84715575,-0.82089037,-0.80989695,-0.81228864,low-flow,low-flow,low-flow,low-flow
2026-08-15 13:50:00,-0.7546713,-0.729081,-0.7161441,-0.7182752,low-flow,low-flow,low-flow,low-flow
2026-08-15 14:00:00,-0.6572303,-0.63272613,-0.6176982,-0.6195541,low-flow,low-flow,low-flow,low-flow
2026-08-15 14:10:00,-0.55551565,-0.5325053,-0.5152543,-0.51682097,low-flow,low-flow,low-flow,low-flow
2026-08-15 14:20:00,-0.4502356,-0.42911616,-0.4095329,-0.410797,low-flow,low-flow,low-flow,low-flow
2026-08-15 14:30:00,-0.34212014,-0.32327002,-0.3012757,-0.3022247,low-flow,low-flow,low-flow,low-flow
2026-08-15 14:40:00,-0.23191634,-0.215687,-0.19124065,-0.19186285,low-flow,low-flow,low-flow,low-flow
2026-08-15 14:50:00,-0.120384045,-0.10709191,-0.08019726,-0.08048204,low-flow,low-flow,low-flow,low-flow
2026-08-15 15:00:00,-0.008291283,0.0017893353,0.031078309,0.031140419,low-flow,high-flow,high-flow,high-flow
2026-08-15 15:10:00,0.103590205,0.11023301,0.14180812,0.14222533,high-flow,high-flow,high-flow,high-flow
2026-08-15 15:20:00,0.21448955,0.21752055,0.25121754,0.25199655,high-flow,high-flow,high-flow,high-flow
2026-08-15 15:30:00,0.32364136,0.32294136,0.3585401,0.3596861,high-flow,high-flow,high-flow,high-flow
2026-08-15 15:40:00,0.4302905,0.4257957,0.46302262,0.46453896,high-flow,high-flow,high-flow,high-flow
2026-08-15 15:50:00,0.5336965,0.52539754,0.5639301,0.5658183,high-flow,high-flow,high-flow,high-flow
2026-08-15 16:00:00,0.6331385,0.6210778,0.6605508,0.6628102,high-flow,high-flow,high-flow,high-flow
2026-08-15 16:10:00,0.72791976,0.71218795,0.75220084,0.75482863,high-flow,high-flow,high-flow,high-flow
2026-08-15 16:20:00,0.81737244,0.79810387,0.8382293,0.84122026,high-flow,high-flow,high-flow,high-flow
2026-08-15 16:30:00,0.90086204,0.87823033,0.91802263,0.921369,high-flow,high-flow,high-flow,high-flow
2026-08-15 16:40:00,0.977792,0.9520052,0.991009,0.99470055,high-flow,high-flow,high-flow,high-flow
2026-08-15 16:50:00,1.047608,1.0189044,1.056663,1.0606867,high-flow,high-flow,high-flow,high-flow
2026-08-15 17:00:00,1.1098025,1.0784464,1.1145093,1.1188494,high-flow,high-flow,high-flow,high-flow
2026-08-15 17:10:00,1.163918,1.1301967,1.1641266,1.1687644,high-flow,high-flow,high-flow,high-flow
2026-08-15 17:20:00,1.2095522,1.1737721,1.2051507,1.2100649,high-flow,high-flow,high-flow,high-flow
2026-08-15 17:30:00,1.24636,1.2088442,1.2372782,1.2424445,high-flow,high-flow,high-flow,high-flow
2026-08-15 17:40:00,1.2740577,1.2351421,1.2602689,1.2656603,high-flow,high-flow,high-flow,high-flow
2026-08-15 17:50:00,1.2924261,1.2524552,1.2739478,1.2795346,high-flow,high-flow,high-flow,high-flow
2026-08-15 18:00:00,1.3013119,1.2606345,1.2782073,1.2839571,high-flow,high-flow,high-flow,high-flow
2026-08-15 18:10:00,1.3006302,1.2595937,1.2730085,1.2788867,high-flow,high-flow,high-ebb,high-ebb
2026-08-15 18:20:00,1.2903664,1.2493099,1.2583817,1.2643515,high-ebb,high-ebb,high-ebb,high-ebb
2026-08-15 18:30:00,1.2705766,1.229823,1.2344272,1.2404494,high-ebb,high-ebb,high-ebb,high-ebb
2026-08-15 18:40:00,1.2413882,1.2012367,1.2013144,1.2073483,high-ebb,high-ebb,high-ebb,high-ebb
2026-08-15 18:50:00,1.2029997,1.1637173,1.1592814,1.1652849,high-ebb,high-ebb,high-ebb,high-ebb
2026-08-15 19:00:00,1.1556797,1.1174937,1.1086334,1.114563,high-ebb,high-ebb,high-ebb,high-ebb
2026-08-15 19:10:00,1.0997658,1.0628575,1.0497408,1.0555522,high-ebb,high-ebb,high-ebb,high-ebb
2026-08-15 19:20:00,1.0356623,1.000162,0.9830363,0.98868495,high-ebb,high-ebb,high-ebb,high-ebb
2026-08-15 19:30:00,0.9638373,0.92982256,0.9090124,0.9144535,high-ebb,high-ebb,high-ebb,high-ebb
2026-08-15 19:40:00,0.88482004,0.85231614,0.82821715,0.83340627,high-ebb,high-ebb,high-ebb,high-ebb
2026-08-15 19:50:00,0.7991963,0.76817983,0.7412504,0.7461439,high-ebb,high-ebb,high-ebb,high-ebb
2026-08-15 20:00:00,0.7076043,0.6780102,0.6487589,0.65331423,high-ebb,high-ebb,high-ebb,high-ebb
2026-08-15 20:10:00,0.6107297,0.5824607,0.55143154,0.5556078,high-ebb,high-ebb,high-ebb,high-ebb
2026-08-15 20:20:00,0.50929993,0.48223832,0.4499937,0.45375204,high-ebb,high-ebb,high-ebb,high-ebb
2026-08-15 20:30:00,0.40407872,0.37809962,0.34520167,0.3485057,high-ebb,high-ebb,high-ebb,high-ebb
2026-08-15 20:40:00,0.2958593,0.27084458,0.2378366,0.24065275,high-ebb,high-ebb,high-ebb,high-ebb
2026-08-15 20:50:00,0.18545835,0.16130997,0.1286982,0.1309962,high-ebb,high-ebb,high-ebb,high-ebb
2026-08-15 21:00:00,0.07370896,0.05036088,0.01859847,0.020351637,high-ebb,high-ebb,high-ebb,high-ebb
2026-08-15 21:10:00,-0.03854621,-0.061118517,-0.091644816,-0.09045919,low-ebb,low-ebb,low-ebb,low-ebb
2026-08-15 21:20:00,-0.1504619,-0.17223512,-0.20121455,-0.20061491,low-ebb,low-ebb,low-ebb,low-ebb
2026-08-15 21:30:00,-0.26119727,-0.28209755,-0.30930078,-0.30930102,low-ebb,low-ebb,low-ebb,low-ebb
2026-08-15 21:40:00,-0.36992282,-0.38982704,-0.41510695,-0.41571617,low-ebb,low-ebb,low-ebb,low-ebb
2026-08-15 21:50:00,-0.47582707,-0.49456787,-0.5178562,-0.51907855,low-ebb,low-ebb,low-ebb,low-ebb
2026-08-15 22:00:00,-0.5781232,-0.5954974,-0.61679703,-0.61863166,low-ebb,low-ebb,low-ebb,low-ebb
2026-08-15 22:10:00,-0.67605525,-0.6918352,-0.7112095,-0.7136502,low-ebb,low-ebb,low-ebb,low-ebb
2026-08-15 22:20:00,-0.7689039,-0.7828506,-0.80040985,-0.8034454,low-ebb,low-ebb,low-ebb,low-ebb
2026-08-15 22:30:00,-0.85599214,-0.86786914,-0.8837562,-0.88736993,low-ebb,low-ebb,low-ebb,low-ebb
2026-08-15 22:40:00,-0.93669015,-0.94627744,-0.96065253,-0.9648228,low-ebb,low-ebb,low-ebb,low-ebb
2026-08-15 22:50:00,-1.0104198,-1.0175269,-1.0305532,-1.0352533,low-ebb,low-ebb,low-ebb,low-ebb
2026-08-15 23:00:00,-1.0766587,-1.0811349,-1.0929664,-1.0981648,low-ebb,low-ebb,low-ebb,low-ebb
2026-08-15 23:10:00,-1.1349438,-1.1366869,-1.1474574,-1.1531179,low-ebb,low-ebb,low-ebb,low-ebb
2026-08-15 23:20:00,-1.1848738,-1.1838351,-1.1936512,-1.1997334,low-ebb,low-ebb,low-ebb,low-ebb
2026-08-15 23:30:00,-1.2261118,-1.2222983,-1.2312349,-1.2376941,low-ebb,low-ebb,low-ebb,low-ebb
2026-08-15 23:40:00,-1.2583866,-1.2518603,-1.259959,-1.2667472,low-ebb,low-ebb,low-ebb,low-ebb
2026-08-15 23:50:00,-1.2814947,-1.2723689,-1.2796388,-1.2867048,low-ebb,low-ebb,low-ebb,low-ebb
2026-08-16 00:00:00,-1.2952999,-1.2837342,-1.2901552,-1.2974448,low-ebb,low-ebb,low-ebb,low-ebb
2026-08-16 00:10:00,-1.2997333,-1.2859277,-1.2914546,-1.2989113,low-ebb,low-ebb,low-ebb,low-ebb
2026-08-16 00:20:00,-1.2947938,-1.2789806,-1.2835487,-1.2911147,low-flow,low-flow,low-flow,low-flow
2026-08-16 00:30:00,-1.2805463,-1.262984,-1.2665142,-1.2741299,low-flow,low-flow,low-flow,low-flow
2026-08-16 00:40:00,-1.2571204,-1.2380873,-1.2404909,-1.2480961,low-flow,low-flow,low-flow,low-flow
2026-08-16 00:50:00,-1.2247086,-1.204498,-1.2056807,-1.2132152,low-flow,low-flow,low-flow,low-flow
2026-08-16 01:00:00,-1.1835644,-1.1624808,-1.1623458,-1.1697497,low-flow,low-flow,low-flow,low-flow
2026-08-16 01:10:00,-1.1339995,-1.1123561,-1.1108056,-1.1180202,low-flow,low-flow,low-flow,low-flow
2026-08-16 01:20:00,-1.0763807,-1.0544986,-1.0514352,-1.058403,low-flow,low-flow,low-flow,low-flow
2026-08-16 01:30:00,-1.0111276,-0.9893351,-0.9846621,-0.9913278,low-flow,low-flow,low-flow,low-flow
2026-08-16 01:40:00,-0.9387083,-0.91734135,-0.91096264,-0.9172735,low-flow,low-flow,low-flow,low-flow
2026-08-16 01:50:00,-0.8596369,-0.83903855,-0.8308592,-0.8367654,low-flow,low-flow,low-flow,low-flow
2026-08-16 02:00:00,-0.7744689,-0.75498897,-0.7449161,-0.7503715,low-flow,low-flow,low-flow,low-flow
2026-08-16 02:10:00,-0.68379796,-0.6657914,-0.65373635,-0.65869856,low-flow,low-flow,low-flow,low-flow
2026-08-16 02:20:00,-0.58825195,-0.5720761,-0.5579571,-0.5623881,low-flow,low-flow,low-flow,low-flow
2026-08-16 02:30:00,-0.4884887,-0.47449923,-0.45824578,-0.4621121,low-flow,low-flow,low-flow,low-flow
2026-08-16 02:40:00,-0.385192,-0.37373787,-0.35529578,-0.35856885,low-flow,low-flow,low-flow,low-flow
2026-08-16 02:50:00,-0.27906746,-0.27048478,-0.24982187,-0.2524782,low-flow,low-flow,low-flow,low-flow
2026-08-16 03:00:00,-0.17083827,-0.1654436,-0.14255577,-0.1445773,low-flow,low-flow,low-flow,low-flow
2026-08-16 03:10:00,-0.061240856,-0.059324462,-0.034241516,-0.035615493,low-flow,low-flow,low-flow,low-flow
2026-08-16 03:20:00,0.048979368,0.04715997,0.07436935,0.07365012,high-flow,high-flow,high-flow,high-flow
2026-08-16 03:30:00,0.15907246,0.15329811,0.18252248,0.1824597,high-flow,high-flow,high-flow,high-flow
2026-08-16 03:40:00,0.2682883,0.2583827,0.28946558,0.29005548,high-flow,high-flow,high-flow,high-flow
2026-08-16 03:50:00,0.37588114,0.36171386,0.39445335,0.39568675,high-flow,high-flow,high-flow,high-flow
2026-08-16 04:00:00,0.48111394,0.46260193,0.49675223,0.49861473,high-flow,high-flow,high-flow,high-flow
2026-08-16 04:10:00,0.583263,0.5603707,0.59564537,0.59811753,high-flow,high-flow,high-flow,high-flow
2026-08-16 04:20:00,0.6816224,0.6543603,0.6904373,0.69349486,high-flow,high-flow,high-flow,high-flow
2026-08-16 04:30:00,0.7755085,0.7439311,0.7804589,0.7840732,high-flow,high-flow,high-flow,high-flow
2026-08-16 04:40:00,0.8642645,0.8284672,0.865072,0.8692099,high-flow,high-flow,high-flow,high-flow
2026-08-16 04:50:00,0.9472647,0.90738076,0.94367373,0.94829845,high-flow,high-flow,high-flow,high-flow
2026-08-16 05:00:00,1.0239191,0.9801164,1.0157012,1.0207723,high-flow,high-flow,high-flow,high-flow
2026-08-16 05:10:00,1.0936774,1.0461558,1.0806354,1.0861098,high-flow,high-flow,high-flow,high-flow
2026-08-16 05:20:00,1.1560336,1.1050223,1.1380055,1.143837,high-flow,high-flow,high-flow,high-flow
2026-08-16 05:30:00,1.2105294,1.1562853,1.1873924,1.1935328,high-flow,high-flow,high-flow,high-flow
2026-08-16 05:40:00,1.2567586,1.1995645,1.2284318,1.2348316,high-flow,high-flow,high-flow,high-flow
2026-08-16 05:50:00,1.2943696,1.2345334,1.2608184,1.2674261,high-flow,high-flow,high-flow,high-flow
2026-08-16 06:00:00,1.3230699,1.2609228,1.284307,1.2910707,high-flow,high-flow,high-flow,high-flow
2026-08-16 06:10:00,1.3426284,1.278522,1.2987162,1.3055836,high-flow,high-flow,high-flow,high-flow
2026-08-16 06:20:00,1.3528776,1.2871817,1.3039292,1.3108481,high-flow,high-flow,high-flow,high-flow
2026-08-16 06:30:00,1.3537163,1.2868142,1.2998962,1.3068148,high-flow,high-flow,high-ebb,high-ebb
2026-08-16 06:40:00,1.3451105,1.2773937,1.2866343,1.293502,high-ebb,high-ebb,high-ebb,high-ebb
2026-08-16 06:50:00,1.3270957,1.2589566,1.2642287,1.2709957,high-ebb,high-ebb,high-ebb,high-ebb
2026-08-16 07:00:00,1.2997763,1.2316004,1.2328317,1.2394506,high-ebb,high-ebb,high-ebb,high-ebb
2026-08-16 07:10:00,1.2633259,1.1954836,1.192663,1.1990876,high-ebb,high-ebb,high-ebb,high-ebb
2026-08-16 07:20:00,1.2179873,1.1508248,1.1440072,1.1501942,high-ebb,high-ebb,high-ebb,high-ebb
2026-08-16 07:30:00,1.1640708,1.0979018,1.0872132,1.0931216,high-ebb,high-ebb,high-ebb,high-ebb
2026-08-16 07:40:00,1.1019528,1.0370514,1.0226905,1.0282824,high-ebb,high-ebb,high-ebb,high-ebb
2026-08-16 07:50:00,1.0320725,0.96866846,0.9509079,0.9561481,high-ebb,high-ebb,high-ebb,high-ebb
2026-08-16 08:00:00,0.95493037,0.8932054,0.87238836,0.87724495,high-ebb,high-ebb,high-ebb,high-ebb
2026-08-16 08:10:00,0.8710833,0.8111716,0.7877062,0.7921506,high-ebb,high-ebb,high-ebb,high-ebb
2026-08-16 08:20:00,0.7811411,0.723132,0.6974823,0.7014894,high-ebb,high-ebb,high-ebb,high-ebb
2026-08-16 08:30:00,0.6857615,0.6297054,0.60237926,0.6059274,high-ebb,high-ebb,high-ebb,high-ebb
2026-08-16 08:40:00,0.58564526,0.53156173,0.50309646,0.5061675,high-ebb,high-ebb,high-ebb,high-ebb
2026-08-16 08:50:00,0.48153025,0.42941862,0.40036422,0.40294343,high-ebb,high-ebb,high-ebb,high-ebb
2026-08-16 09:00:00,0.3741858,0.32403633,0.29493836,0.2970146,high-ebb,high-ebb,high-ebb,high-ebb
2026-08-16 09:10:00,0.26440617,0.21621187,0.18759388,0.18915941,high-ebb,high-ebb,high-ebb,high-ebb
2026-08-16 09:20:00,0.15300412,0.106771775,0.07911904,0.080169484,high-ebb,high-ebb,high-ebb,high-ebb
2026-08-16 09:30:00,0.040804066,-0.0034363782,-0.029690959,-0.029156718,high-ebb,low-ebb,low-ebb,low-ebb
2026-08-16 09:40:00,-0.07136461,-0.11355317,-0.13804027,-0.1380202,low-ebb,low-ebb,low-ebb,low-ebb
2026-08-16 09:50:00,-0.18267453,-0.22271731,-0.24513865,-0.24562767,low-ebb,low-ebb,low-ebb,low-ebb
2026-08-16 10:00:00,-0.29230702,-0.33007586,-0.35020754,-0.35119772,low-ebb,low-ebb,low-ebb,low-ebb
2026-08-16 10:10:00,-0.39945891,-0.43479446,-0.4524861,-0.45396677,low-ebb,low-ebb,low-ebb,low-ebb
2026-08-16 10:20:00,-0.503349,-0.536067,-0.55123717,-0.55319506,low-ebb,low-ebb,low-ebb,low-ebb
2026-08-16 10:30:00,-0.6032241,-0.6331246,-0.6457525,-0.6481719,low-ebb,low-ebb,low-ebb,low-ebb
2026-08-16 10:40:00,-0.69836533,-0.7252436,-0.73535824,-0.7382213,low-ebb,low-ebb,low-ebb,low-ebb
2026-08-16 10:50:00,-0.78809315,-0.8117521,-0.81941974,-0.8227064,low-ebb,low-ebb,low-ebb,low-ebb
2026-08-16 11:00:00,-0.8717729,-0.8920351,-0.89734614,-0.90103436,low-ebb,low-ebb,low-ebb,low-ebb
2026-08-16 11:10:00,-0.948819,-0.9655383,-0.9685943,-0.97266036,low-ebb,low-ebb,low-ebb,low-ebb
2026-08-16 11:20:00,-1.0186993,-1.0317705,-1.0326725,-1.037091,low-ebb,low-ebb,low-ebb,low-ebb
2026-08-16 11:30:00,-1.0809387,-1.0903044,-1.0891439,-1.0938879,low-ebb,low-ebb,low-ebb,low-ebb
2026-08-16 11:40:00,-1.1351216,-1.1407771,-1.1376286,-1.1426699,low-ebb,low-ebb,low-ebb,low-ebb
2026-08-16 11:50:00,-1.1808951,-1.1828895,-1.1778064,-1.1831156,low-ebb,low-ebb,low-ebb,low-ebb
2026-08-16 12:00:00,-1.2179703,-1.2164044,-1.2094187,-1.2149651,low-ebb,low-ebb,low-ebb,low-ebb
2026-08-16 12:10:00,-1.2461233,-1.2411463,-1.2322689,-1.238021,low-ebb,low-ebb,low-ebb,low-ebb
2026-08-16 12:20:00,-1.2651968,-1.2569991,-1.2462242,-1.2521495,low-ebb,low-ebb,low-ebb,low-ebb
2026-08-16 12:30:00,-1.2750996,-1.2639055,-1.251215,-1.2572802,low-ebb,low-ebb,low-ebb,low-ebb
2026-08-16 12:40:00,-1.2758064,-1.2618654,-1.2472353,-1.2534066,low-ebb,low-ebb,low-flow,low-flow
2026-08-16 12:50:00,-1.2673569,-1.2509362,-1.234342,-1.240585,low-flow,low-flow,low-flow,low-flow
2026-08-16 13:00:00,-1.2498544,-1.2312313,-1.2126536,-1.2189333,low-flow,low-flow,low-flow,low-flow
2026-08-16 13:10:00,-1.223465,-1.2029209,-1.1823496,-1.1886305,low-flow,low-flow,low-flow,low-flow
2026-08-16 13:20:00,-1.1884139,-1.1662303,-1.1436675,-1.1499141,low-flow,low-flow,low-flow,low-flow
2026-08-16 13:30:00,-1.1449844,-1.1214403,-1.0969018,-1.1030784,low-flow,low-flow,low-flow,low-flow
2026-08-16 13:40:00,-1.0935148,-1.0688858,-1.0424012,-1.0484719,low-flow,low-flow,low-flow,low-flow
2026-08-16 13:50:00,-1.034395,-1.0089542,-0.98056585,-0.98649484,low-flow,low-flow,low-flow,low-flow
2026-08-16 14:00:00,-0.9680636,-0.942083,-0.9118443,-0.9175961,low-flow,low-flow,low-flow,low-flow
2026-08-16 14:10:00,-0.8950048,-0.86875725,-0.8367306,-0.84226984,low-flow,low-flow,low-flow,low-flow
2026-08-16 14:20:00,-0.8157443,-0.7895055,-0.75576055,-0.76105237,low-flow,low-flow,low-flow,low-flow
2026-08-16 14:30:00,-0.73084587,-0.7048958,-0.6695081,-0.6745183,low-flow,low-flow,low-flow,low-flow
2026-08-16 14:40:00,-0.64090765,-0.6155308,-0.5785817,-0.58327687,low-flow,low-flow,low-flow,low-flow
2026-08-16 14:50:00,-0.546558,-0.5220429,-0.48362026,-0.48796797,low-flow,low-flow,low-flow,low-flow
2026-08-16 15:00:00,-0.4484519,-0.42508855,-0.3852889,-0.38925776,low-flow,low-flow,low-flow,low-flow
2026-08-16 15:10:00,-0.3472664,-0.3253437,-0.28427476,-0.28783482,low-flow,low-flow,low-flow,low-flow
2026-08-16 15:20:00,-0.24369706,-0.22349815,-0.18128265,-0.18440552,low-flow,low-flow,low-flow,low-flow
2026-08-16 15:30:00,-0.1384535,-0.12025126,-0.07703058,-0.0796896,low-flow,low-flow,low-flow,low-flow
2026-08-16 15:40:00,-0.032255393,-0.01630738,0.027754873,0.025584338,low-flow,low-flow,high-flow,high-flow
2026-08-16 15:50:00,0.07417179,0.08762805,0.13234311,0.13068347,high-flow,high-flow,high-flow,high-flow
2026-08-16 16:00:00,0.180101,0.1908521,0.23600423,0.23487544,high-flow,high-flow,high-flow,high-flow
2026-08-16 16:10:00,0.2848079,0.2926678,0.33801374,0.33743307,high-flow,high-flow,high-flow,high-flow
2026-08-16 16:20:00,0.387575,0.39238724,0.43765727,0.43763903,high-flow,high-flow,high-flow,high-flow
2026-08-16 16:30:00,0.4876962,0.48933488,0.53423524,0.53479064,high-flow,high-flow,high-flow,high-flow
2026-08-16 16:40:00,0.5844808,0.5828509,0.6270676,0.6282045,high-flow,high-flow,high-flow,high-flow
2026-08-16 16:50:00,0.67725825,0.67229456,0.7154986,0.71722126,high-flow,high-flow,high-flow,high-flow
2026-08-16 17:00:00,0.76538175,0.7570485,0.7989009,0.8012099,high-flow,high-flow,high-flow,high-flow
2026-08-16 17:10:00,0.84823334,0.8365222,0.87668055,0.8795726,high-flow,high-flow,high-flow,high-flow
2026-08-16 17:20:00,0.9252274,0.9101571,0.9482808,0.95174843,high-flow,high-flow,high-flow,high-flow
2026-08-16 17:30:00,0.9958152,0.9774306,1.0131866,1.0172184,high-flow,high-flow,high-flow,high-flow
2026-08-16 17:40:00,1.0594889,1.037861,1.0709282,1.0755084,high-flow,high-flow,high-flow,high-flow
2026-08-16 17:50:00,1.115785,1.0910119,1.1210849,1.1261935,high-flow,high-flow,high-flow,high-flow
2026-08-16 18:00:00,1.1642889,1.1364963,1.1632887,1.1689014,high-flow,high-flow,high-flow,high-flow
2026-08-16 18:10:00,1.2046373,1.1739806,1.1972269,1.203315,high-flow,high-flow,high-flow,high-flow
2026-08-16 18:20:00,1.2365224,1.2031871,1.2226448,1.2291758,high-flow,high-flow,high-flow,high-flow
2026-08-16 18:30:00,1.2596945,1.223897,1.2393488,1.2462857,high-flow,high-flow,high-flow,high-flow
2026-08-16 18:40:00,1.2739642,1.2359517,1.2472069,1.254509,high-flow,high-flow,high-flow,high-flow
2026-08-16 18:50:00,1.279205,1.2392534,1.2461516,1.2537743,high-flow,high-flow,high-flow,high-flow
2026-08-16 19:00:00,1.2753551,1.2337662,1.23618,1.2440753,high-ebb,high-ebb,high-ebb,high-ebb
2026-08-16 19:10:00,1.2624187,1.2195144,1.2173542,1.2254709,high-ebb,high-ebb,high-ebb,high-ebb
2026-08-16 19:20:00,1.2404667,1.1965828,1.1898018,1.1980857,high-ebb,high-ebb,high-ebb,high-ebb
2026-08-16 19:30:00,1.2096367,1.1651149,1.153715,1.1621094,high-ebb,high-ebb,high-ebb,high-ebb
2026-08-16 19:40:00,1.1701332,1.1253122,1.1093495,1.1177953,high-ebb,high-ebb,high-ebb,high-ebb
2026-08-16 19:50:00,1.1222267,1.0774329,1.0570226,1.0654595,high-ebb,high-ebb,high-ebb,high-ebb
2026-08-16 20:00:00,1.0662516,1.0217906,0.9971115,1.0054777,high-ebb,high-ebb,high-ebb,high-ebb
2026-08-16 20:10:00,1.0026052,0.95875406,0.9300505,0.9382832,high-ebb,high-ebb,high-ebb,high-ebb
2026-08-16 20:20:00,0.93174404,0.8887453,0.8563274,0.86436385,high-ebb,high-ebb,high-ebb,high-ebb
2026-08-16 20:30:00,0.85418123,0.81223977,0.77648026,0.7842578,high-ebb,high-ebb,high-ebb,high-ebb
2026-08-16 20:40:00,0.7704825,0.7297644,0.691093,0.69855,high-ebb,high-ebb,high-ebb,high-ebb
2026-08-16 20:50:00,0.681262,0.64189667,0.6007911,0.6078671,high-ebb,high-ebb,high-ebb,high-ebb
2026-08-16 21:00:00,0.5871774,0.54926205,0.50623643,0.51287305,high-ebb,high-ebb,high-ebb,high-ebb
2026-08-16 21:10:00,0.4889247,0.45253137,0.40812233,0.41426355,high-ebb,high-ebb,high-ebb,high-ebb
2026-08-16 21:20:00,0.3872325,0.35241646,0.3071678,0.3127607,high-ebb,high-ebb,high-ebb,high-ebb
2026-08-16 21:30:00,0.28285605,0.24966535,0.20411205,0.20910726,high-ebb,high-ebb,high-ebb,high-ebb
2026-08-16 21:40:00,0.17657106,0.14505586,0.09970854,0.1040607,high-ebb,high-ebb,high-ebb,high-ebb
2026-08-16 21:50:00,0.06916717,0.039388202,-0.00528101,-0.0016127496,high-ebb,high-ebb,low-ebb,low-ebb
2026-08-16 22:00:00,-0.03855858,-0.06652332,-0.11009262,-0.10714414,low-ebb,low-ebb,low-ebb,low-ebb
2026-08-16 22:10:00,-0.14580843,-0.17185943,-0.21396603,-0.21176784,low-ebb,low-ebb,low-ebb,low-ebb
2026-08-16 22:20:00,-0.2517905,-0.2758054,-0.31615058,-0.31472754,low-ebb,low-ebb,low-ebb,low-ebb
2026-08-16 22:30:00,-0.35572535,-0.37756073,-0.4159111,-0.41528198,low-ebb,low-ebb,low-ebb,low-ebb
2026-08-16 22:40:00,-0.45685232,-0.47634858,-0.5125334,-0.5127108,low-ebb,low-ebb,low-ebb,low-ebb
2026-08-16 22:50:00,-0.55443573,-0.57142437,-0.6053298,-0.6063197,low-ebb,low-ebb,low-ebb,low-ebb
2026-08-16 23:00:00,-0.6477706,-0.6620839,-0.69364387,-0.69544584,low-ebb,low-ebb,low-ebb,low-ebb
2026-08-16 23:10:00,-0.73618823,-0.74767,-0.7768557,-0.7794624,low-ebb,low-ebb,low-ebb,low-ebb
2026-08-16 23:20:00,-0.81906146,-0.8275777,-0.85438573,-0.85778344,low-ebb,low-ebb,low-ebb,low-ebb
2026-08-16 23:30:00,-0.89580876,-0.90125847,-0.92569935,-0.92986745,low-ebb,low-ebb,low-ebb,low-ebb
2026-08-16 23:40:00,-0.96589893,-0.9682227,-0.99031,-0.99522144,low-ebb,low-ebb,low-ebb,low-ebb
2026-08-16 23:50:00,-1.0288545,-1.0280409,-1.0477825,-1.053404,low-ebb,low-ebb,low-ebb,low-ebb
2026-08-17 00:00:00,-1.0842546,-1.0803446,-1.097736,-1.104028,low-ebb,low-ebb,low-ebb,low-ebb
2026-08-17 00:10:00,-1.131738,-1.1248246,-1.1398455,-1.1467628,low-ebb,low-ebb,low-ebb,low-ebb
2026-08-17 00:20:00,-1.171004,-1.1612313,-1.1738448,-1.1813368,low-ebb,low-ebb,low-ebb,low-ebb
2026-08-17 00:30:00,-1.2018154,-1.1893724,-1.1995264,-1.2075373,low-ebb,low-ebb,low-ebb,low-ebb
2026-08-17 00:40:00,-1.2239977,-1.2091118,-1.2167435,-1.2252133,low-ebb,low-ebb,low-ebb,low-ebb
2026-08-17 00:50:00,-1.2374406,-1.2203684,-1.2254099,-1.2342741,low-ebb,low-ebb,low-ebb,low-ebb
2026-08-17 01:00:00,-1.2420969,-1.223115,-1.2255,-1.2346911,low-ebb,low-ebb,low-ebb,low-ebb
2026-08-17 01:10:00,-1.2379827,-1.2173778,-1.2170482,-1.2264956,low-flow,low-flow,low-flow,low-flow
2026-08-17 01:20:00,-1.2251754,-1.203236,-1.2001485,-1.2097794,low-flow,low-flow,low-flow,low-flow
2026-08-17 01:30:00,-1.2038127,-1.1808221,-1.1749529,-1.1846929,low-flow,low-flow,low-flow,low-flow
2026-08-17 01:40:00,-1.1740904,-1.1503212,-1.1416699,-1.1514435,low-flow,low-flow,low-flow,low-flow
2026-08-17 01:50:00,-1.13626,-1.1119713,-1.1005627,-1.1102941,low-flow,low-flow,low-flow,low-flow
2026-08-17 02:00:00,-1.0906268,-1.0660627,-1.0519468,-1.0615608,low-flow,low-flow,low-flow,low-flow
2026-08-17 02:10:00,-1.037546,-1.0129371,-0.9961875,-1.0056098,low-flow,low-flow,low-flow,low-flow
2026-08-17 02:20:00,-0.97742057,-0.952986,-0.9336975,-0.94285536,low-flow,low-flow,low-flow,low-flow
2026-08-17 02:30:00,-0.9106975,-0.8866486,-0.8649334,-0.8737566,low-flow,low-flow,low-flow,low-flow
2026-08-17 02:40:00,-0.8378646,-0.8144085,-0.79039276,-0.7988139,low-flow,low-flow,low-flow,low-flow
2026-08-17 02:50:00,-0.7594468,-0.73679036,-0.7106105,-0.7185657,low-flow,low-flow,low-flow,low-flow
2026-08-17 03:00:00,-0.6760027,-0.6543554,-0.6261556,-0.63358504,low-flow,low-flow,low-flow,low-flow
2026-08-17 03:10:00,-0.5881207,-0.5676966,-0.53762704,-0.5444754,low-flow,low-flow,low-flow,low-flow
2026-08-17 03:20:00,-0.4964154,-0.47743383,-0.44564986,-0.4518668,low-flow,low-flow,low-flow,low-flow
2026-08-17 03:30:00,-0.40152356,-0.3842086,-0.3508714,-0.35641208,low-flow,low-flow,low-flow,low-flow
2026-08-17 03:40:00,-0.30410033,-0.28867885,-0.253957,-0.25878218,low-flow,low-flow,low-flow,low-flow
2026-08-17 03:50:00,-0.20481537,-0.19151437,-0.15558562,-0.15966214,low-flow,low-flow,low-flow,low-flow
2026-08-17 04:00:00,-0.10434893,-0.09339183,-0.05644571,-0.05974669,low-flow,low-flow,low-flow,low-flow
2026-08-17 04:10:00,-0.0033878242,0.005009196,0.04276932,0.04026436,low-flow,high-flow,high-flow,high-flow
2026-08-17 04:20:00,0.09737848,0.10301022,0.14136553,0.13967054,high-flow,high-flow,high-flow,high-flow
2026-08-17 04:30:00,0.19726187,0.19993743,0.2386529,0.23777525,high-flow,high-flow,high-flow,high-flow
2026-08-17 04:40:00,0.29557958,0.2951251,0.33394995,0.33389044,high-flow,high-flow,high-flow,high-flow
2026-08-17 04:50:00,0.39165834,0.38791883,0.42658815,0.42734107,high-flow,high-flow,high-flow,high-flow
2026-08-17 05:00:00,0.4848382,0.47767904,0.51591635,0.51746976,high-flow,high-flow,high-flow,high-flow
2026-08-17 05:10:00,0.5744767,0.56378436,0.6013055,0.60364103,high-flow,high-flow,high-flow,high-flow
2026-08-17 05:20:00,0.659953,0.64563537,0.68215245,0.68524617,high-flow,high-flow,high-flow,high-flow
2026-08-17 05:30:00,0.74067175,0.72265875,0.757885,0.76170707,high-flow,high-flow,high-flow,high-flow
2026-08-17 05:40:00,0.816067,0.7943113,0.8279652,0.8324806,high-flow,high-flow,high-flow,high-flow
2026-08-17 05:50:00,0.88560635,0.8600845,0.8918938,0.89706266,high-flow,high-flow,high-flow,high-flow
2026-08-17 06:00:00,0.9487946,0.9195089,0.94921404,0.95499176,high-flow,high-flow,high-flow,high-flow
2026-08-17 06:10:00,1.0051775,0.9721586,0.9995149,1.0058529,high-flow,high-flow,high-flow,high-flow
2026-08-17 06:20:00,1.0543456,1.0176553,1.0424345,1.0492806,high-flow,high-flow,high-flow,high-flow
2026-08-17 06:30:00,1.095937,1.0556718,1.077663,1.0849621,high-flow,high-flow,high-flow,high-flow
2026-08-17 06:40:00,1.1296412,1.0859355,1.1049454,1.1126397,high-flow,high-flow,high-flow,high-flow
2026-08-17 06:50:00,1.1552014,1.1082304,1.1240839,1.1321132,high-flow,high-flow,high-flow,high-flow
2026-08-17 07:00:00,1.172418,1.1223985,1.1349392,1.1432421,high-flow,high-flow,high-flow,high-flow
2026-08-17 07:10:00,1.1811497,1.1283414,1.1374327,1.1459464,high-flow,high-flow,high-flow,high-flow
2026-08-17 07:20:00,1.1813161,1.1260194,1.1315469,1.1402082,high-flow,high-ebb,high-ebb,high-ebb
2026-08-17 07:30:00,1.1728991,1.1154512,1.1173263,1.1260718,high-ebb,high-ebb,high-ebb,high-ebb
2026-08-17 07:40:00,1.1559438,1.0967132,1.0948772,1.1036441,high-ebb,high-ebb,high-ebb,high-ebb
2026-08-17 07:50:00,1.1305586,1.0699376,1.0643677,1.0730938,high-ebb,high-ebb,high-ebb,high-ebb
2026-08-17 08:00:00,1.0969158,1.0353109,1.0260258,1.0346503,high-ebb,high-ebb,high-ebb,high-ebb
2026-08-17 08:10:00,1.0552508,0.99307245,0.980139,0.9886028,high-ebb,high-ebb,high-ebb,high-ebb
2026-08-17 08:20:00,1.0058604,0.94351315,0.92705184,0.9352979,high-ebb,high-ebb,high-ebb,high-ebb
2026-08-17 08:30:00,0.94910204,0.88697386,0.8671631,0.87513685,high-ebb,high-ebb,high-ebb,high-ebb
2026-08-17 08:40:00,0.88539064,0.8238443,0.80092347,0.808573,high-ebb,high-ebb,high-ebb,high-ebb
2026-08-17 08:50:00,0.8151963,0.7545625,0.7288317,0.7361082,high-ebb,high-ebb,high-ebb,high-ebb
2026-08-17 09:00:00,0.73904043,0.6796131,0.6514309,0.6582889,high-ebb,high-ebb,high-ebb,high-ebb
2026-08-17 09:10:00,0.65749246,0.59952664,0.56930447,0.5757019,high-ebb,high-ebb,high-ebb,high-ebb
2026-08-17 09:20:00,0.5711648,0.5148778,0.48307118,0.48896965,high-ebb,high-ebb,high-ebb,high-ebb
2026-08-17 09:30:00,0.4807082,0.42628282,0.3933805,0.39874554,high-ebb,high-ebb,high-ebb,high-ebb
2026-08-17 09:40:00,0.38680655,0.3343967,0.30090743,0.30570847,high-ebb,high-ebb,high-ebb,high-ebb
2026-08-17 09:50:00,0.29017115,0.23990883,0.20634705,0.21055757,high-ebb,high-ebb,high-ebb,high-ebb
2026-08-17 10:00:00,0.19153485,0.14353798,0.11040899,0.114006534,high-ebb,high-ebb,high-ebb,high-ebb
2026-08-17 10:10:00,0.091645874,0.04602589,0.013811828,0.016778063,high-ebb,high-ebb,high-ebb,high-ebb
2026-08-17 10:20:00,-0.008738443,-0.051870007,-0.08272267,-0.08040196,low-ebb,low-ebb,low-ebb,low-ebb
2026-08-17 10:30:00,-0.10885805,-0.14938463,-0.17847519,-0.17681013,low-ebb,low-ebb,low-ebb,low-ebb
2026-08-17 10:40:00,-0.20795657,-0.24575399,-0.2727345,-0.27173117,low-ebb,low-ebb,low-ebb,low-ebb
2026-08-17 10:50:00,-0.3052876,-0.34022406,-0.36480305,-0.36446354,low-ebb,low-ebb,low-ebb,low-ebb
2026-08-17 11:00:00,-0.40012097,-0.43205974,-0.45400217,-0.45432472,low-ebb,low-ebb,low-ebb,low-ebb
2026-08-17 11:10:00,-0.49174863,-0.5205533,-0.5396774,-0.5406564,low-ebb,low-ebb,low-ebb,low-ebb
2026-08-17 11:20:00,-0.5794905,-0.6050321,-0.6212032,-0.62282926,low-ebb,low-ebb,low-ebb,low-ebb
2026-08-17 11:30:00,-0.66269976,-0.68486524,-0.69798756,-0.70024794,low-ebb,low-ebb,low-ebb,low-ebb
2026-08-17 11:40:00,-0.740768,-0.75946933,-0.7694764,-0.7723548,low-ebb,low-ebb,low-ebb,low-ebb
2026-08-17 11:50:00,-0.8131297,-0.8283123,-0.8351574,-0.8386341,low-ebb,low-ebb,low-ebb,low-ebb
2026-08-17 12:00:00,-0.87926644,-0.8909165,-0.89456314,-0.89861536,low-ebb,low-ebb,low-ebb,low-ebb
2026-08-17 12:10:00,-0.9387104,-0.94686043,-0.94727474,-0.9518767,low-ebb,low-ebb,low-ebb,low-ebb
2026-08-17 12:20:00,-0.9910475,-0.99577886,-0.99292415,-0.9980472,low-ebb,low-ebb,low-ebb,low-ebb
2026-08-17 12:30:00,-1.0359203,-1.0373628,-1.0311965,-1.0368092,low-ebb,low-ebb,low-ebb,low-ebb
2026-08-17 12:40:00,-1.0730293,-1.0713586,-1.0618317,-1.0679002,low-ebb,low-ebb,low-ebb,low-ebb
2026-08-17 12:50:00,-1.1021351,-1.0975661,-1.0846261,-1.0911139,low-ebb,low-ebb,low-ebb,low-ebb
2026-08-17 13:00:00,-1.1230589,-1.1158382,-1.0994332,-1.1063017,low-ebb,low-ebb,low-ebb,low-ebb
2026-08-17 13:10:00,-1.1356832,-1.1260787,-1.1061639,-1.1133724,low-ebb,low-ebb,low-ebb,low-ebb
2026-08-17 13:20:00,-1.1399512,-1.1282421,-1.104787,-1.1122929,low-ebb,low-ebb,low-ebb,low-ebb
2026-08-17 13:30:00,-1.1358668,-1.1223326,-1.0953285,-1.1030875,low-flow,low-flow,low-flow,low-flow
2026-08-17 13:40:00,-1.1234932,-1.1084042,-1.0778712,-1.0858374,low-flow,low-flow,low-flow,low-flow
2026-08-17 13:50:00,-1.1029514,-1.0865605,-1.0525532,-1.0606793,low-flow,low-flow,low-flow,low-flow
2026-08-17 14:00:00,-1.0744188,-1.0569556,-1.0195669,-1.0278044,low-flow,low-flow,low-flow,low-flow
2026-08-17 14:10:00,-1.0381263,-1.019794,-0.97915685,-0.98745614,low-flow,low-flow,low-flow,low-flow
2026-08-17 14:20:00,-0.99435663,-0.97533053,-0.931618,-0.9399289,low-flow,low-flow,low-flow,low-flow
2026-08-17 14:30:00,-0.9434412,-0.9238708,-0.8772932,-0.88556474,low-flow,low-flow,low-flow,low-flow
2026-08-17 14:40:00,-0.88575715,-0.8657696,-0.8165708,-0.82475173,low-flow,low-flow,low-flow,low-flow
2026-08-17 14:50:00,-0.8217245,-0.80142987,-0.7498815,-0.7579204,low-flow,low-flow,low-flow,low-flow
2026-08-17 15:00:00,-0.75180244,-0.73129994,-0.6776957,-0.6855413,low-flow,low-flow,low-flow,low-flow
2026-08-17 15:10:00,-0.67648655,-0.655871,-0.60051996,-0.6081213,low-flow,low-flow,low-flow,low-flow
2026-08-17 15:20:00,-0.5963048,-0.57567286,-0.5188937,-0.5262006,low-flow,low-flow,low-flow,low-flow
2026-08-17 15:30:00,-0.5118142,-0.4912698,-0.43338597,-0.44034895,low-flow,low-flow,low-flow,low-flow
2026-08-17 15:40:00,-0.42359713,-0.40325576,-0.34459108,-0.35116205,low-flow,low-flow,low-flow,low-flow
2026-08-17 15:50:00,-0.33225793,-0.31224918,-0.2531253,-0.25925756,low-flow,low-flow,low-flow,low-flow
2026-08-17 16:00:00,-0.23841897,-0.21888785,-0.15962274,-0.16527146,low-flow,low-flow,low-flow,low-flow
2026-08-17 16:10:00,-0.14271703,-0.1238239,-0.064731285,-0.06985373,low-flow,low-flow,low-flow,low-flow
2026-08-17 16:20:00,-0.04579969,-0.027718928,0.030891493,0.026335636,low-flow,low-flow,high-flow,high-flow
2026-08-17 16:30:00,0.051678486,0.068760626,0.12658255,0.12263083,high-flow,high-flow,high-flow,high-flow
2026-08-17 16:40:00,0.14905961,0.16494766,0.22167759,0.21836449,high-flow,high-flow,high-flow,high-flow
2026-08-17 16:50:00,0.24568622,0.26017833,0.31551537,0.312872,high-flow,high-flow,high-flow,high-flow
2026-08-17 17:00:00,0.340905,0.3537958,0.40744197,0.4054958,high-flow,high-flow,high-flow,high-flow
2026-08-17 17:10:00,0.43407068,0.44515377,0.49681523,0.4955896,high-flow,high-flow,high-flow,high-flow
2026-08-17 17:20:00,0.52454954,0.5336199,0.5830087,0.58252287,high-flow,high-flow,high-flow,high-flow
2026-08-17 17:30:00,0.61172336,0.61857945,0.66541636,0.66568494,high-flow,high-flow,high-flow,high-flow
2026-08-17 17:40:00,0.69499326,0.6994391,0.74345624,0.74448913,high-flow,high-flow,high-flow,high-flow
2026-08-17 17:50:00,0.77378327,0.7756309,0.816575,0.8183771,high-flow,high-flow,high-flow,high-flow
2026-08-17 18:00:00,0.8475442,0.8466161,0.8842515,0.88682246,high-flow,high-flow,high-flow,high-flow
2026-08-17 18:10:00,0.9157573,0.91189003,0.9460007,0.94933504,high-flow,high-flow,high-flow,high-flow
2026-08-17 18:20:00,0.9779379,0.97098607,1.0013775,1.005464,high-flow,high-flow,high-flow,high-flow
2026-08-17 18:30:00,1.0336388,1.02348,1.0499797,1.054802,high-flow,high-flow,high-flow,high-flow
2026-08-17 18:40:00,1.0824542,1.0689948,1.0914515,1.0969874,high-flow,high-flow,high-flow,high-flow
2026-08-17 18:50:00,1.1240221,1.1072028,1.1254866,1.1317081,high-flow,high-flow,high-flow,high-flow
2026-08-17 19:00:00,1.1580285,1.1378305,1.15183,1.158704,high-flow,high-flow,high-flow,high-flow
2026-08-17 19:10:00,1.1842091,1.1606598,1.1702807,1.1777687,high-flow,high-flow,high-flow,high-flow
2026-08-17 19:20:00,1.202353,1.1755301,1.1806939,1.1887517,high-flow,high-flow,high-flow,high-flow
2026-08-17 19:30:00,1.2123042,1.1823387,1.1829815,1.1915605,high-flow,high-flow,high-flow,high-flow
2026-08-17 19:40:00,1.2139639,1.1810415,1.1771144,1.1861606,high-flow,high-flow,high-ebb,high-ebb
2026-08-17 19:50:00,1.2072918,1.171651,1.1631218,1.172577,high-ebb,high-ebb,high-ebb,high-ebb
2026-08-17 20:00:00,1.1923081,1.1542363,1.1410924,1.1508942,high-ebb,high-ebb,high-ebb,high-ebb
2026-08-17 20:10:00,1.1690927,1.1289204,1.1111734,1.1212554,high-ebb,high-ebb,high-ebb,high-ebb
2026-08-17 20:20:00,1.1377866,1.0958788,1.0735699,1.0838628,high-ebb,high-ebb,high-ebb,high-ebb
2026-08-17 20:30:00,1.0985916,1.055337,1.0285436,1.0389751,high-ebb,high-ebb,high-ebb,high-ebb
2026-08-17 20:40:00,1.0517685,1.0075688,0.97641116,0.98690665,high-ebb,high-ebb,high-ebb,high-ebb
2026-08-17 20:50:00,0.9976367,0.9528952,0.91754174,0.9280249,high-ebb,high-ebb,high-ebb,high-ebb
2026-08-17 21:00:00,0.9365716,0.89168197,0.8523544,0.8627478,high-ebb,high-ebb,high-ebb,high-ebb
2026-08-17 21:10:00,0.8690027,0.8243389,0.7813151,0.79154074,high-ebb,high-ebb,high-ebb,high-ebb
2026-08-17 21:20:00,0.7954099,0.75131893,0.70493287,0.71491295,high-ebb,high-ebb,high-ebb,high-ebb
2026-08-17 21:30:00,0.7163208,0.67311656,0.62375623,0.6334137,high-ebb,high-ebb,high-ebb,high-ebb
2026-08-17 21:40:00,0.6323058,0.590267,0.53836864,0.54762775,high-ebb,high-ebb,high-ebb,high-ebb
2026-08-17 21:50:00,0.54397434,0.5033439,0.44938412,0.45817137,high-ebb,high-ebb,high-ebb,high-ebb
2026-08-17 22:00:00,0.45196956,0.41295716,0.35744235,0.36568686,high-ebb,high-ebb,high-ebb,high-ebb
2026-08-17 22:10:00,0.3569634,0.31974983,0.2632036,0.270838,high-ebb,high-ebb,high-ebb,high-ebb
2026-08-17 22:20:00,0.2596507,0.22439347,0.16734362,0.17430449,high-ebb,high-ebb,high-ebb,high-ebb
2026-08-17 22:30:00,0.16074377,0.1275832,0.0705483,0.07677681,high-ebb,high-ebb,high-ebb,high-ebb
2026-08-17 22:40:00,0.060966082,0.030031376,-0.02649174,-0.021049242,high-ebb,high-ebb,low-ebb,low-ebb
2026-08-17 22:50:00,-0.038953613,-0.06753961,-0.12308653,-0.11847801,low-ebb,low-ebb,low-ebb,low-ebb
2026-08-17 23:00:00,-0.13828745,-0.16440505,-0.21855207,-0.2148193,low-ebb,low-ebb,low-ebb,low-ebb
2026-08-17 23:10:00,-0.23631461,-0.25984612,-0.31221557,-0.30939373,low-ebb,low-ebb,low-ebb,low-ebb
2026-08-17 23:20:00,-0.3323272,-0.35315832,-0.40342057,-0.40153784,low-ebb,low-ebb,low-ebb,low-ebb
2026-08-17 23:30:00,-0.42563617,-0.44365942,-0.49153185,-0.49060914,low-ebb,low-ebb,low-ebb,low-ebb
2026-08-17 23:40:00,-0.51557696,-0.53069705,-0.57594013,-0.57599074,low-ebb,low-ebb,low-ebb,low-ebb
2026-08-17 23:50:00,-0.6015146,-0.61365545,-0.65606636,-0.6570959,low-ebb,low-ebb,low-ebb,low-ebb
2026-08-18 00:00:00,-0.68284893,-0.6919608,-0.7313661,-0.73337233,low-ebb,low-ebb,low-ebb,low-ebb
2026-08-18 00:10:00,-0.759019,-0.7650862,-0.80133295,-0.80430573,low-ebb,low-ebb,low-ebb,low-ebb
2026-08-18 00:20:00,-0.8295072,-0.83255386,-0.86550224,-0.8694235,low-ebb,low-ebb,low-ebb,low-ebb
2026-08-18 00:30:00,-0.8938429,-0.8939379,-0.92345387,-0.92829794,low-ebb,low-ebb,low-ebb,low-ebb
2026-08-18 00:40:00,-0.95160556,-0.9488646,-0.97481513,-0.98054856,low-ebb,low-ebb,low-ebb,low-ebb
2026-08-18 00:50:00,-1.0024276,-0.99701214,-1.0192627,-1.0258448,low-ebb,low-ebb,low-ebb,low-ebb
2026-08-18 01:00:00,-1.0459961,-1.0381104,-1.0565246,-1.0639077,low-ebb,low-ebb,low-ebb,low-ebb
2026-08-18 01:10:00,-1.0820546,-1.0719388,-1.0863818,-1.0945114,low-ebb,low-ebb,low-ebb,low-ebb
2026-08-18 01:20:00,-1.1104041,-1.0983257,-1.1086686,-1.1174843,low-ebb,low-ebb,low-ebb,low-ebb
2026-08-18 01:30:00,-1.1309037,-1.1171472,-1.1232738,-1.1327094,low-ebb,low-ebb,low-ebb,low-ebb
2026-08-18 01:40:00,-1.1434704,-1.1283255,-1.1301409,-1.1401248,low-ebb,low-ebb,low-ebb,low-ebb
2026-08-18 01:50:00,-1.1480784,-1.1318288,-1.1292672,-1.1397237,low-ebb,low-ebb,low-ebb,low-ebb
2026-08-18 02:00:00,-1.1447593,-1.1276716,-1.1207042,-1.1315534,low-flow,low-flow,low-flow,low-flow
2026-08-18 02:10:00,-1.1335993,-1.1159142,-1.104556,-1.115715,low-flow,low-flow,low-flow,low-flow
2026-08-18 02:20:00,-1.1147386,-1.0966638,-1.0809784,-1.0923618,low-flow,low-flow,low-flow,low-flow
2026-08-18 02:30:00,-1.0883691,-1.070075,-1.0501771,-1.0616977,low-flow,low-flow,low-flow,low-flow
2026-08-18 02:40:00,-1.0547321,-1.0363507,-1.0124061,-1.0239758,low-flow,low-flow,low-flow,low-flow
2026-08-18 02:50:00,-1.0141158,-0.99574184,-0.9679657,-0.9794961,low-flow,low-flow,low-flow,low-flow
2026-08-18 03:00:00,-0.9668522,-0.94854784,-0.91719973,-0.928603,low-flow,low-flow,low-flow,low-flow
2026-08-18 03:10:00,-0.9133148,-0.89511555,-0.8604933,-0.8716827,low-flow,low-flow,low-flow,low-flow
2026-08-18 03:20:00,-0.85391515,-0.8358375,-0.79826987,-0.8091609,low-flow,low-flow,low-flow,low-flow
2026-08-18 03:30:00,-0.7890995,-0.7711498,-0.7309883,-0.74149907,low-flow,low-flow,low-flow,low-flow
2026-08-18 03:40:00,-0.7193459,-0.7015287,-0.6591399,-0.66919184,low-flow,low-flow,low-flow,low-flow
2026-08-18 03:50:00,-0.6451608,-0.627487,-0.5832447,-0.5927634,low-flow,low-flow,low-flow,low-flow
2026-08-18 04:00:00,-0.5670753,-0.54956925,-0.5038484,-0.51276404,low-flow,low-flow,low-flow,low-flow
2026-08-18 04:10:00,-0.4856423,-0.46834722,-0.42151856,-0.42976648,low-flow,low-flow,low-flow,low-flow
2026-08-18 04:20:00,-0.40143284,-0.3844147,-0.33684102,-0.34436226,low-flow,low-flow,low-flow,low-flow
2026-08-18 04:30:00,-0.31503257,-0.29838243,-0.25041607,-0.2571578,low-flow,low-flow,low-flow,low-flow
2026-08-18 04:40:00,-0.2270385,-0.21087314,-0.16285463,-0.16877048,low-flow,low-flow,low-flow,low-flow
2026-08-18 04:50:00,-0.13805556,-0.12251676,-0.07477419,-0.07982472,low-flow,low-flow,low-flow,low-flow
2026-08-18 05:00:00,-0.048693117,-0.033946034,0.0132049695,0.009052163,low-flow,low-flow,high-flow,high-flow
2026-08-18 05:10:00,0.040438388,0.054207653,0.10046399,0.09723402,high-flow,high-flow,high-flow,high-flow
2026-08-18 05:20:00,0.1287309,0.14131814,0.18638936,0.18409996,high-flow,high-flow,high-flow,high-flow
2026-08-18 05:30:00,0.21558216,0.22676812,0.27037704,0.26903847,high-flow,high-flow,high-flow,high-flow
2026-08-18 05:40:00,0.3003992,0.30995274,0.35183644,0.35145152,high-flow,high-flow,high-flow,high-flow
2026-08-18 05:50:00,0.38260174,0.39028305,0.43019447,0.43075866,high-flow,high-flow,high-flow,high-flow
2026-08-18 06:00:00,0.46162567,0.4671898,0.5048994,0.5064009,high-flow,high-flow,high-flow,high-flow
2026-08-18 06:10:00,0.5369265,0.54012704,0.5754247,0.57784474,high-flow,high-flow,high-flow,high-flow
2026-08-18 06:20:00,0.6079828,0.60857624,0.64127284,0.6445859,high-flow,high-flow,high-flow,high-flow
2026-08-18 06:30:00,0.6742998,0.6720503,0.70197904,0.70615304,high-flow,high-flow,high-flow,high-flow
2026-08-18 06:40:00,0.73541236,0.73009795,0.7571143,0.7621111,high-flow,high-flow,high-flow,high-flow
2026-08-18 06:50:00,0.7908888,0.7823076,0.80628884,0.81206477,high-flow,high-flow,high-flow,high-flow
2026-08-18 07:00:00,0.8403337,0.82831156,0.8491554,0.8556613,high-flow,high-flow,high-flow,high-flow
2026-08-18 07:10:00,0.88339144,0.8677894,0.8854116,0.89259356,high-flow,high-flow,high-flow,high-flow
2026-08-18 07:20:00,0.91974884,0.90047127,0.91480243,0.9226023,high-flow,high-flow,high-flow,high-flow
2026-08-18 07:30:00,0.94913805,0.9261401,0.93712276,0.9454786,high-flow,high-flow,high-flow,high-flow
2026-08-18 07:40:00,0.9713393,0.9446333,0.9522187,0.9610655,high-flow,high-flow,high-flow,high-flow
2026-08-18 07:50:00,0.98618287,0.9558434,0.9599894,0.9692594,high-flow,high-flow,high-flow,high-flow
2026-08-18 08:00:00,0.99355143,0.95971805,0.9603882,0.97001135,high-flow,high-flow,high-flow,high-flow
2026-08-18 08:10:00,0.9933816,0.9562591,0.9534227,0.96332765,high-flow,high-ebb,high-ebb,high-ebb
2026-08-18 08:20:00,0.98566514,0.94552124,0.9391557,0.94926995,high-ebb,high-ebb,high-ebb,high-ebb
2026-08-18 08:30:00,0.97045004,0.92761,0.9177046,0.92795527,high-ebb,high-ebb,high-ebb,high-ebb
2026-08-18 08:40:00,0.94784063,0.9026793,0.88924074,0.899555,high-ebb,high-ebb,high-ebb,high-ebb
2026-08-18 08:50:00,0.917998,0.87092954,0.8539885,0.8642943,high-ebb,high-ebb,high-ebb,high-ebb
2026-08-18 09:00:00,0.88113916,0.83260477,0.8122238,0.82244986,high-ebb,high-ebb,high-ebb,high-ebb
2026-08-18 09:10:00,0.8375359,0.7879912,0.7642718,0.7743486,high-ebb,high-ebb,high-ebb,high-ebb
2026-08-18 09:20:00,0.7875136,0.7374154,0.7105047,0.7203647,high-ebb,high-ebb,high-ebb,high-ebb
2026-08-18 09:30:00,0.73144895,0.6812425,0.651339,0.66091704,high-ebb,high-ebb,high-ebb,high-ebb
2026-08-18 09:40:00,0.66976714,0.6198758,0.58723223,0.59646595,high-ebb,high-ebb,high-ebb,high-ebb
2026-08-18 09:50:00,0.6029391,0.5537549,0.51867926,0.5275095,high-ebb,high-ebb,high-ebb,high-ebb
2026-08-18 10:00:00,0.531478,0.48335567,0.4462087,0.45457962,high-ebb,high-ebb,high-ebb,high-ebb
2026-08-18 10:10:00,0.45593452,0.40918827,0.37037838,0.37823796,high-ebb,high-ebb,high-ebb,high-ebb
2026-08-18 10:20:00,0.37689334,0.33179575,0.2917712,0.29907137,high-ebb,high-ebb,high-ebb,high-ebb
2026-08-18 10:30:00,0.2949676,0.25175172,0.21099032,0.21768719,high-ebb,high-ebb,high-ebb,high-ebb
2026-08-18 10:40:00,0.21079414,0.169657,0.12865447,0.13470848,high-ebb,high-ebb,high-ebb,high-ebb
2026-08-18 10:50:00,0.12502797,0.086135596,0.04539289,0.050769024,high-ebb,high-ebb,high-ebb,high-ebb
2026-08-18 11:00:00,0.038336754,0.001829471,-0.038159538,-0.033491705,high-ebb,high-ebb,low-ebb,low-ebb
2026-08-18 11:10:00,-0.048605032,-0.08260736,-0.121367365,-0.117433555,low-ebb,low-ebb,low-ebb,low-ebb
2026-08-18 11:20:00,-0.13512181,-0.1665157,-0.20359956,-0.20042075,low-ebb,low-ebb,low-ebb,low-ebb
2026-08-18 11:30:00,-0.2205427,-0.24923843,-0.2842344,-0.2818268,low-ebb,low-ebb,low-ebb,low-ebb
2026-08-18 11:40:00,-0.30420735,-0.33012825,-0.3626643,-0.3610393,low-ebb,low-ebb,low-ebb,low-ebb
2026-08-18 11:50:00,-0.38547137,-0.40855512,-0.43830043,-0.43746468,low-ebb,low-ebb,low-ebb,low-ebb
2026-08-18 12:00:00,-0.4637119,-0.48391348,-0.510577,-0.5105325,low-ebb,low-ebb,low-ebb,low-ebb
2026-08-18 12:10:00,-0.53833264,-0.55562884,-0.5789559,-0.5796998,low-ebb,low-ebb,low-ebb,low-ebb
2026-08-18 12:20:00,-0.6087687,-0.6231633,-0.6429299,-0.644455,low-ebb,low-ebb,low-ebb,low-ebb
2026-08-18 12:30:00,-0.674491,-0.68602026,-0.7020269,-0.70432144,low-ebb,low-ebb,low-ebb,low-ebb
2026-08-18 12:40:00,-0.7350105,-0.7437476,-0.7558128,-0.75886065,low-ebb,low-ebb,low-ebb,low-ebb
2026-08-18 12:50:00,-0.7898815,-0.7959398,-0.80389476,-0.8076754,low-ebb,low-ebb,low-ebb,low-ebb
2026-08-18 13:00:00,-0.8387052,-0.8422391,-0.8459235,-0.8504124,low-ebb,low-ebb,low-ebb,low-ebb
2026-08-18 13:10:00,-0.8811317,-0.8823354,-0.88159543,-0.8867642,low-ebb,low-ebb,low-ebb,low-ebb
2026-08-18 13:20:00,-0.9168628,-0.915966,-0.91065484,-0.9164712,low-ebb,low-ebb,low-ebb,low-ebb
2026-08-18 13:30:00,-0.94565296,-0.9429139,-0.93289495,-0.93932277,low-ebb,low-ebb,low-ebb,low-ebb
2026-08-18 13:40:00,-0.967311,-0.96300715,-0.94815904,-0.95515895,low-ebb,low-ebb,low-ebb,low-ebb
2026-08-18 13:50:00,-0.9817003,-0.97611725,-0.95634115,-0.96387047,low-ebb,low-ebb,low-ebb,low-ebb
2026-08-18 14:00:00,-0.98873883,-0.98215836,-0.9573863,-0.96539927,low-ebb,low-ebb,low-ebb,low-ebb
2026-08-18 14:10:00,-0.98839927,-0.9810866,-0.9512906,-0.9597384,low-ebb,low-ebb,low-flow,low-flow
2026-08-18 14:20:00,-0.98070765,-0.97290033,-0.9381004,-0.9469317,low-flow,low-flow,low-flow,low-flow
2026-08-18 14:30:00,-0.9657426,-0.9576402,-0.91791207,-0.92707306,low-flow,low-flow,low-flow,low-flow
2026-08-18 14:40:00,-0.9436335,-0.93539006,-0.8908703,-0.90030503,low-flow,low-flow,low-flow,low-flow
2026-08-18 14:50:00,-0.9145588,-0.9062783,-0.85716736,-0.86681783,low-flow,low-flow,low-flow,low-flow
2026-08-18 15:00:00,-0.8787439,-0.8704785,-0.8170409,-0.82684755,low-flow,low-flow,low-flow,low-flow
2026-08-18 15:10:00,-0.8364584,-0.8282105,-0.7707725,-0.7806742,low-flow,low-flow,low-flow,low-flow
2026-08-18 15:20:00,-0.7880138,-0.7797406,-0.71868515,-0.72861975,low-flow,low-flow,low-flow,low-flow
2026-08-18 15:30:00,-0.7337608,-0.72538185,-0.661141,-0.6710455,low-flow,low-flow,low-flow,low-flow
2026-08-18 15:40:00,-0.6740859,-0.665493,-0.5985387,-0.6083497,low-flow,low-flow,low-flow,low-flow
2026-08-18 15:50:00,-0.609409,-0.60047656,-0.53131086,-0.54096466,low-flow,low-flow,low-flow,low-flow
2026-08-18 16:00:00,-0.54017967,-0.53077656,-0.45992097,-0.46935403,low-flow,low-flow,low-flow,low-flow
2026-08-18 16:10:00,-0.4668746,-0.45687497,-0.38486016,-0.39400956,low-flow,low-flow,low-flow,low-flow
2026-08-18 16:20:00,-0.38999406,-0.37928784,-0.30664414,-0.31544778,low-flow,low-flow,low-flow,low-flow
2026-08-18 16:30:00,-0.31005874,-0.2985606,-0.22580983,-0.23420694,low-flow,low-flow,low-flow,low-flow
2026-08-18 16:40:00,-0.22760673,-0.21526311,-0.14291188,-0.1508433,low-flow,low-flow,low-flow,low-flow
2026-08-18 16:50:00,-0.14319013,-0.12998469,-0.0585191,-0.065927714,low-flow,low-flow,low-flow,low-flow
2026-08-18 17:00:00,-0.057372063,-0.04332887,0.026789207,0.019958075,low-flow,low-flow,high-flow,high-flow
2026-08-18 17:10:00,0.029276596,0.044091534,0.112426884,0.10622508,high-flow,high-flow,high-flow,high-flow
2026-08-18 17:20:00,0.11618033,0.1316591,0.19780473,0.19228087,high-flow,high-flow,high-flow,high-flow
2026-08-18 17:30:00,0.20276214,0.21875624,0.28233424,0.27753335,high-flow,high-flow,high-flow,high-flow
2026-08-18 17:40:00,0.28844666,0.30476934,0.36543152,0.36139455,high-flow,high-flow,high-flow,high-flow
2026-08-18 17:50:00,0.37266335,0.38909262,0.44652095,0.4432846,high-flow,high-flow,high-flow,high-flow
2026-08-18 18:00:00,0.45484954,0.47113183,0.52503914,0.5226353,high-flow,high-flow,high-flow,high-flow
2026-08-18 18:10:00,0.53445375,0.550308,0.6004386,0.5988941,high-flow,high-flow,high-flow,high-flow
2026-08-18 18:20:00,0.6109387,0.6260608,0.67219156,0.67152786,high-flow,high-flow,high-flow,high-flow
2026-08-18 18:30:00,0.6837846,0.6978527,0.7397935,0.7400264,high-flow,high-flow,high-flow,high-flow
2026-08-18 18:40:00,0.7524922,0.7651725,0.8027666,0.803906,high-flow,high-flow,high-flow,high-flow
2026-08-18 18:50:00,0.8165861,0.82753956,0.86066353,0.8627132,high-flow,high-flow,high-flow,high-flow
2026-08-18 19:00:00,0.8756178,0.88450766,0.91307026,0.91602767,high-flow,high-flow,high-flow,high-flow
2026-08-18 19:10:00,0.929169,0.9356693,0.9596094,0.9634655,high-flow,high-flow,high-flow,high-flow
2026-08-18 19:20:00,0.97685426,0.9806593,0.9999431,1.0046823,high-flow,high-flow,high-flow,high-flow
2026-08-18 19:30:00,1.0183245,1.0191587,1.0337754,1.0393757,high-flow,high-flow,high-flow,high-flow
2026-08-18 19:40:00,1.0532693,1.0508975,1.0608552,1.0672877,high-flow,high-flow,high-flow,high-flow
2026-08-18 19:50:00,1.0814202,1.0756575,1.0809774,1.0882071,high-flow,high-flow,high-flow,high-flow
2026-08-18 20:00:00,1.1025527,1.0932733,1.0939859,1.101971,high-flow,high-flow,high-flow,high-flow
2026-08-18 20:10:00,1.1164888,1.1036341,1.099774,1.1084667,high-flow,high-flow,high-flow,high-flow
2026-08-18 20:20:00,1.1230994,1.1066827,1.098286,1.1076326,high-flow,high-flow,high-flow,high-flow
2026-08-18 20:30:00,1.1223054,1.1024152,1.089518,1.0994589,high-flow,high-ebb,high-ebb,high-ebb
2026-08-18 20:40:00,1.1140796,1.0908792,1.0735177,1.0839881,high-ebb,high-ebb,high-ebb,high-ebb
2026-08-18 20:50:00,1.0984476,1.0721717,1.0503851,1.061315,high-ebb,high-ebb,high-ebb,high-ebb
2026-08-18 21:00:00,1.0754884,1.046437,1.0202712,1.0315864,high-ebb,high-ebb,high-ebb,high-ebb
2026-08-18 21:10:00,1.0453352,1.0138634,0.9833777,0.9949998,high-ebb,high-ebb,high-ebb,high-ebb
2026-08-18 21:20:00,1.0081737,0.9746811,0.9399554,0.9518028,high-ebb,high-ebb,high-ebb,high-ebb
2026-08-18 21:30:00,0.9642434,0.9291595,0.8903027,0.90229064,high-ebb,high-ebb,high-ebb,high-ebb
2026-08-18 21:40:00,0.9138347,0.8776057,0.83476305,0.84680474,high-ebb,high-ebb,high-ebb,high-ebb
2026-08-18 21:50:00,0.8572881,0.8203621,0.7737228,0.78572994,high-ebb,high-ebb,high-ebb,high-ebb
2026-08-18 22:00:00,0.79499173,0.75780576,0.7076084,0.7194917,high-ebb,high-ebb,high-ebb,high-ebb
2026-08-18 22:10:00,0.72737867,0.690347,0.6368828,0.6485529,high-ebb,high-ebb,high-ebb,high-ebb
2026-08-18 22:20:00,0.6549236,0.6184289,0.56204206,0.5734102,high-ebb,high-ebb,high-ebb,high-ebb
2026-08-18 22:30:00,0.5781398,0.5425261,0.48361185,0.49459058,high-ebb,high-ebb,high-ebb,high-ebb
2026-08-18 22:40:00,0.49757424,0.4631438,0.40214297,0.4126469,high-ebb,high-ebb,high-ebb,high-ebb
2026-08-18 22:50:00,0.41380396,0.38081607,0.31820723,0.32815376,high-ebb,high-ebb,high-ebb,high-ebb
2026-08-18 23:00:00,0.3274308,0.29610345,0.23239304,0.24170314,high-ebb,high-ebb,high-ebb,high-ebb
2026-08-18 23:10:00,0.23907672,0.2095898,0.14530082,0.15389967,high-ebb,high-ebb,high-ebb,high-ebb
2026-08-18 23:20:00,0.14937833,0.12187813,0.05753836,0.06535604,high-ebb,high-ebb,high-ebb,high-ebb
2026-08-18 23:30:00,0.058981646,0.033585604,-0.030283906,-0.023311764,high-ebb,high-ebb,low-ebb,low-ebb
2026-08-18 23:40:00,-0.03146352,-0.05466235,-0.117557526,-0.11148915,low-ebb,low-ebb,low-ebb,low-ebb
2026-08-18 23:50:00,-0.12130901,-0.14223854,-0.20368068,-0.19856761,low-ebb,low-ebb,low-ebb,low-ebb
2026-08-19 00:00:00,-0.20991388,-0.22852097,-0.28806275,-0.28394932,low-ebb,low-ebb,low-ebb,low-ebb
2026-08-19 00:10:00,-0.29664975,-0.31289986,-0.3701286,-0.36705154,low-ebb,low-ebb,low-ebb,low-ebb
2026-08-19 00:20:00,-0.38090608,-0.39478463,-0.449323,-0.447311,low-ebb,low-ebb,low-ebb,low-ebb
2026-08-19 00:30:00,-0.4620951,-0.47361022,-0.5251144,-0.5241879,low-ebb,low-ebb,low-ebb,low-ebb
2026-08-19 00:40:00,-0.5396567,-0.5488428,-0.596999,-0.5971699,low-ebb,low-ebb,low-ebb,low-ebb
2026-08-19 00:50:00,-0.6130626,-0.6199844,-0.6645039,-0.66577536,low-ebb,low-ebb,low-ebb,low-ebb
2026-08-19 01:00:00,-0.68182063,-0.6865767,-0.7271906,-0.72955716,low-ebb,low-ebb,low-ebb,low-ebb
2026-08-19 01:10:00,-0.74547803,-0.7482033,-0.7846579,-0.78810513,low-ebb,low-ebb,low-ebb,low-ebb
2026-08-19 01:20:00,-0.80362487,-0.8044911,-0.8365443,-0.84104913,low-ebb,low-ebb,low-ebb,low-ebb
2026-08-19 01:30:00,-0.8558967,-0.8551108,-0.8825301,-0.8880611,low-ebb,low-ebb,low-ebb,low-ebb
2026-08-19 01:40:00,-0.90197664,-0.89977646,-0.9223398,-0.9288571,low-ebb,low-ebb,low-ebb,low-ebb
2026-08-19 01:50:00,-0.941597,-0.93824446,-0.9557431,-0.96319884,low-ebb,low-ebb,low-ebb,low-ebb
2026-08-19 02:00:00,-0.9745409,-0.97031254,-0.98255616,-0.99089503,low-ebb,low-ebb,low-ebb,low-ebb
2026-08-19 02:10:00,-1.0006425,-0.99581844,-1.0026426,-1.0118021,low-ebb,low-ebb,low-ebb,low-ebb
2026-08-19 02:20:00,-1.0197877,-1.0146391,-1.0159138,-1.0258247,low-ebb,low-ebb,low-ebb,low-ebb
2026-08-19 02:30:00,-1.0319135,-1.02669,-1.022329,-1.0329161,low-ebb,low-ebb,low-ebb,low-ebb
2026-08-19 02:40:00,-1.0370079,-1.0319252,-1.0218948,-1.0330777,low-ebb,low-ebb,low-ebb,low-ebb
2026-08-19 02:50:00,-1.0351086,-1.0303376,-1.0146655,-1.026359,low-flow,low-ebb,low-flow,low-flow
2026-08-19 03:00:00,-1.0263013,-1.02196,-1.0007411,-1.0128559,low-flow,low-flow,low-flow,low-flow
2026-08-19 03:10:00,-1.010719,-1.0068667,-0.98026717,-0.99271077,low-flow,low-flow,low-flow,low-flow
2026-08-19 03:20:00,-0.98853886,-0.98517406,-0.9534325,-0.9661101,low-flow,low-flow,low-flow,low-flow
2026-08-19 03:30:00,-0.95998096,-0.9570428,-0.9204684,-0.9332835,low-flow,low-flow,low-flow,low-flow
2026-08-19 03:40:00,-0.9253053,-0.9226783,-0.88164604,-0.8945014,low-flow,low-flow,low-flow,low-flow
2026-08-19 03:50:00,-0.88480943,-0.88233143,-0.8372748,-0.8500731,low-flow,low-flow,low-flow,low-flow
2026-08-19 04:00:00,-0.8388258,-0.83629835,-0.78769976,-0.8003445,low-flow,low-flow,low-flow,low-flow
2026-08-19 04:10:00,-0.78771895,-0.7849195,-0.7332992,-0.7456956,low-flow,low-flow,low-flow,low-flow
2026-08-19 04:20:00,-0.7318825,-0.7285776,-0.6744819,-0.68653756,low-flow,low-flow,low-flow,low-flow
2026-08-19 04:30:00,-0.67173654,-0.66769516,-0.6116846,-0.62331015,low-flow,low-flow,low-flow,low-flow
2026-08-19 04:40:00,-0.60772425,-0.6027307,-0.5453686,-0.55647874,low-flow,low-flow,low-flow,low-flow
2026-08-19 04:50:00,-0.5403096,-0.5341746,-0.476017,-0.4865308,low-flow,low-flow,low-flow,low-flow
2026-08-19 05:00:00,-0.46997377,-0.46254477,-0.40413138,-0.41397327,low-flow,low-flow,low-flow,low-flow
2026-08-19 05:10:00,-0.39721277,-0.38838112,-0.33022857,-0.33932865,low-flow,low-flow,low-flow,low-flow
2026-08-19 05:20:00,-0.32253426,-0.31224102,-0.25483724,-0.2631319,low-flow,low-flow,low-flow,low-flow
2026-08-19 05:30:00,-0.24645486,-0.23469394,-0.17849445,-0.18592682,low-flow,low-flow,low-flow,low-flow
2026-08-19 05:40:00,-0.16949718,-0.1563168,-0.10174225,-0.10826261,low-flow,low-flow,low-flow,low-flow
2026-08-19 05:50:00,-0.092187025,-0.07768936,-0.025124054,-0.03069013,low-flow,low-flow,low-flow,low-flow
2026-08-19 06:00:00,-0.015050669,0.0006101116,0.05081888,0.046241652,low-flow,high-flow,high-flow,high-flow
2026-08-19 06:10:00,0.061388075,0.0780087,0.125551,0.12198928,high-flow,high-flow,high-flow,high-flow
2026-08-19 06:20:00,0.13661063,0.15394267,0.198546,0.19601846,high-flow,high-flow,high-flow,high-flow
2026-08-19 06:30:00,0.21010646,0.2278611,0.2692904,0.26780763,high-flow,high-flow,high-flow,high-flow
2026-08-19 06:40:00,0.281376,0.29922935,0.33728698,0.33685154,high-flow,high-flow,high-flow,high-flow
2026-08-19 06:50:00,0.34993348,0.3675328,0.40205815,0.4026647,high-flow,high-flow,high-flow,high-flow
2026-08-19 07:00:00,0.41530976,0.43228027,0.4631494,0.4647848,high-flow,high-flow,high-flow,high-flow
2026-08-19 07:10:00,0.4770553,0.49300814,0.5201324,0.52277595,high-flow,high-flow,high-flow,high-flow
2026-08-19 07:20:00,0.534743,0.54928386,0.5726081,0.57623184,high-flow,high-flow,high-flow,high-flow
2026-08-19 07:30:00,0.5879712,0.6007101,0.6202098,0.6247788,high-flow,high-flow,high-flow,high-flow
2026-08-19 07:40:00,0.6363663,0.64692813,0.6626055,0.66807836,high-flow,high-flow,high-flow,high-flow
2026-08-19 07:50:00,0.6795859,0.68762165,0.69950104,0.7058301,high-flow,high-flow,high-flow,high-flow
2026-08-19 08:00:00,0.71732116,0.72251964,0.7306417,0.7377738,high-flow,high-flow,high-flow,high-flow
2026-08-19 08:10:00,0.74929976,0.7513988,0.75581485,0.7636915,high-flow,high-flow,high-flow,high-flow
2026-08-19 08:20:00,0.77528816,0.7740853,0.7748514,0.7834095,high-flow,high-flow,high-flow,high-flow
2026-08-19 08:30:00,0.79509413,0.7904557,0.78762716,0.7967997,high-flow,high-flow,high-flow,high-flow
2026-08-19 08:40:00,0.80856854,0.80043715,0.79406434,0.8037807,high-flow,high-flow,high-flow,high-flow
2026-08-19 08:50:00,0.8156075,0.8040063,0.79413205,0.80431867,high-flow,high-flow,high-flow,high-flow
2026-08-19 09:00:00,0.8161538,0.80118805,0.7878469,0.79842794,high-flow,high-ebb,high-ebb,high-ebb
2026-08-19 09:10:00,0.81019825,0.79205334,0.77527297,0.7861708,high-ebb,high-ebb,high-ebb,high-ebb
2026-08-19 09:20:00,0.79778045,0.7767165,0.7565216,0.76765746,high-ebb,high-ebb,high-ebb,high-ebb
2026-08-19 09:30:00,0.7789893,0.7553326,0.73175067,0.7430452,high-ebb,high-ebb,high-ebb,high-ebb
2026-08-19 09:40:00,0.75396323,0.72809446,0.7011636,0.7125375,high-ebb,high-ebb,high-ebb,high-ebb
2026-08-19 09:50:00,0.72288954,0.6952304,0.6650079,0.6763823,high-ebb,high-ebb,high-ebb,high-ebb
2026-08-19 10:00:00,0.6860039,0.6570017,0.6235733,0.6348704,high-ebb,high-ebb,high-ebb,high-ebb
2026-08-19 10:10:00,0.64358884,0.61370075,0.5771896,0.58833325,high-ebb,high-ebb,high-ebb,high-ebb
2026-08-19 10:20:00,0.59597206,0.56565005,0.5262245,0.5371403,high-ebb,high-ebb,high-ebb,high-ebb
2026-08-19 10:30:00,0.5435241,0.513201,0.47108003,0.4816964,high-ebb,high-ebb,high-ebb,high-ebb
2026-08-19 10:40:00,0.48665574,0.45673335,0.4121903,0.42243832,high-ebb,high-ebb,high-ebb,high-ebb
2026-08-19 10:50:00,0.42581487,0.39665464,0.35001746,0.35983157,high-ebb,high-ebb,high-ebb,high-ebb
2026-08-19 11:00:00,0.3614828,0.33339968,0.28504837,0.29436657,high-ebb,high-ebb,high-ebb,high-ebb
2026-08-19 11:10:00,0.29417038,0.26742968,0.21779068,0.22655492,high-ebb,high-ebb,high-ebb,high-ebb
2026-08-19 11:20:00,0.22441375,0.19923055,0.14876884,0.15692523,high-ebb,high-ebb,high-ebb,high-ebb
2026-08-19 11:30:00,0.15276971,0.12931097,0.07851992,0.086019054,high-ebb,high-ebb,high-ebb,high-ebb
2026-08-19 11:40:00,0.07981092,0.05819915,0.0075893756,0.014386487,high-ebb,high-ebb,high-ebb,high-ebb
2026-08-19 11:50:00,0.006120893,-0.013561033,-0.06347321,-0.057418056,high-ebb,low-ebb,low-ebb,low-ebb
2026-08-19 12:00:00,-0.067711145,-0.08541487,-0.13411847,-0.12884022,low-ebb,low-ebb,low-ebb,low-ebb
2026-08-19 12:10:00,-0.14109544,-0.15680243,-0.20380151,-0.19933003,low-ebb,low-ebb,low-ebb,low-ebb
2026-08-19 12:20:00,-0.21344692,-0.22716467,-0.27198613,-0.2683461,low-ebb,low-ebb,low-ebb,low-ebb
2026-08-19 12:30:00,-0.28419027,-0.29594988,-0.3381489,-0.33535975,low-ebb,low-ebb,low-ebb,low-ebb
2026-08-19 12:40:00,-0.352765,-0.36262017,-0.40178317,-0.3998591,low-ebb,low-ebb,low-ebb,low-ebb
2026-08-19 12:50:00,-0.41863018,-0.42665768,-0.46240285,-0.4613528,low-ebb,low-ebb,low-ebb,low-ebb
2026-08-19 13:00:00,-0.48126912,-0.48757,-0.51954603,-0.51937354,low-ebb,low-ebb,low-ebb,low-ebb
2026-08-19 13:10:00,-0.5401935,-0.5448953,-0.5727781,-0.5734817,low-ebb,low-ebb,low-ebb,low-ebb
2026-08-19 13:20:00,-0.5949473,-0.59820575,-0.6216953,-0.6232682,low-ebb,low-ebb,low-ebb,low-ebb
2026-08-19 13:30:00,-0.64511055,-0.6471108,-0.665927,-0.6683574,low-ebb,low-ebb,low-ebb,low-ebb
2026-08-19 13:40:00,-0.6903021,-0.6912584,-0.7051386,-0.7084097,low-ebb,low-ebb,low-ebb,low-ebb
2026-08-19 13:50:00,-0.73018265,-0.73033583,-0.73903364,-0.7431238,low-ebb,low-ebb,low-ebb,low-ebb
2026-08-19 14:00:00,-0.76445675,-0.76406986,-0.76735556,-0.77223843,low-ebb,low-ebb,low-ebb,low-ebb
2026-08-19 14:10:00,-0.79287463,-0.7922259,-0.78988934,-0.79553396,low-ebb,low-ebb,low-ebb,low-ebb
2026-08-19 14:20:00,-0.8152334,-0.8146067,-0.80646276,-0.8128336,low-ebb,low-ebb,low-ebb,low-ebb
2026-08-19 14:30:00,-0.8313781,-0.8310518,-0.8169472,-0.8240047,low-ebb,low-ebb,low-ebb,low-ebb
2026-08-19 14:40:00,-0.8412016,-0.8414362,-0.8212583,-0.8289587,low-ebb,low-ebb,low-ebb,low-ebb
2026-08-19 14:50:00,-0.84464496,-0.84566975,-0.8193561,-0.8276518,low-ebb,low-ebb,low-flow,low-ebb
2026-08-19 15:00:00,-0.8416968,-0.8436973,-0.8112449,-0.8200848,low-flow,low-flow,low-flow,low-flow
2026-08-19 15:10:00,-0.8323923,-0.83549905,-0.79697317,-0.8063027,low-flow,low-flow,low-flow,low-flow
2026-08-19 15:20:00,-0.8168119,-0.8210916,-0.77663267,-0.7863941,low-flow,low-flow,low-flow,low-flow
2026-08-19 15:30:00,-0.7950803,-0.80052924,-0.75035745,-0.76049024,low-flow,low-flow,low-flow,low-flow
2026-08-19 15:40:00,-0.7673638,-0.77390575,-0.7183227,-0.72876364,low-flow,low-flow,low-flow,low-flow
2026-08-19 15:50:00,-0.7338689,-0.741356,-0.6807434,-0.6914272,low-flow,low-flow,low-flow,low-flow
2026-08-19 16:00:00,-0.69483984,-0.7030575,-0.6378725,-0.64873165,low-flow,low-flow,low-flow,low-flow
2026-08-19 16:10:00,-0.65055615,-0.65923166,-0.5899991,-0.60096467,low-flow,low-flow,low-flow,low-flow
2026-08-19 16:20:00,-0.60133004,-0.6101437,-0.5374462,-0.5484479,low-flow,low-flow,low-flow,low-flow
2026-08-19 16:30:00,-0.547504,-0.5561031,-0.48056868,-0.49153534,low-flow,low-flow,low-flow,low-flow
2026-08-19 16:40:00,-0.48944783,-0.49746174,-0.4197505,-0.43061045,low-flow,low-flow,low-flow,low-flow
2026-08-19 16:50:00,-0.4275562,-0.43461198,-0.35540244,-0.36608383,low-flow,low-flow,low-flow,low-flow
2026-08-19 17:00:00,-0.36224568,-0.3679837,-0.2879591,-0.29839042,low-flow,low-flow,low-flow,low-flow
2026-08-19 17:10:00,-0.29395214,-0.29804048,-0.21787615,-0.22798657,low-flow,low-flow,low-flow,low-flow
2026-08-19 17:20:00,-0.223128,-0.22527526,-0.14562732,-0.15534721,low-flow,low-flow,low-flow,low-flow
2026-08-19 17:30:00,-0.15023963,-0.15020545,-0.07170139,-0.080962665,low-flow,low-flow,low-flow,low-flow
2026-08-19 17:40:00,-0.07576452,-0.073367946,0.0034010555,-0.005335573,low-flow,low-flow,high-flow,low-flow
2026-08-19 17:50:00,-0.00018882308,0.0046859863,0.07917077,0.071022324,low-flow,high-flow,high-flow,high-flow
2026-08-19 18:00:00,0.07599532,0.08339566,0.15509316,0.14759347,high-flow,high-flow,high-flow,high-flow
2026-08-19 18:10:00,0.1522923,0.16219576,0.23065159,0.22385782,high-flow,high-flow,high-flow,high-flow
2026-08-19 18:20:00,0.22820564,0.24052079,0.30533066,0.29929617,high-flow,high-flow,high-flow,high-flow
2026-08-19 18:30:00,0.30324054,0.31780934,0.37861967,0.3733935,high-flow,high-flow,high-flow,high-flow
2026-08-19 18:40:00,0.37690634,0.39350784,0.4500159,0.44564238,high-flow,high-flow,high-flow,high-flow
2026-08-19 18:50:00,0.44871923,0.46707442,0.5190278,0.5155462,high-flow,high-flow,high-flow,high-flow
2026-08-19 19:00:00,0.5182047,0.53798246,0.5851786,0.5826226,high-flow,high-flow,high-flow,high-flow
2026-08-19 19:10:00,0.5849002,0.6057241,0.64800924,0.64640665,high-flow,high-flow,high-flow,high-flow
2026-08-19 19:20:00,0.64835775,0.66981375,0.70708144,0.70645404,high-flow,high-flow,high-flow,high-flow
2026-08-19 19:30:00,0.7081466,0.7297921,0.76198107,0.7623441,high-flow,high-flow,high-flow,high-flow
2026-08-19 19:40:00,0.7638559,0.7852293,0.81232095,0.8136829,high-flow,high-flow,high-flow,high-flow
2026-08-19 19:50:00,0.81509733,0.83572924,0.85774344,0.86010593,high-flow,high-flow,high-flow,high-flow
2026-08-19 20:00:00,0.86150795,0.8809327,0.8979233,0.9012809,high-flow,high-flow,high-flow,high-flow
2026-08-19 20:10:00,0.9027526,0.9205211,0.93257004,0.9369099,high-flow,high-flow,high-flow,high-flow
2026-08-19 20:20:00,0.9385266,0.95421946,0.96143013,0.9667324,high-flow,high-flow,high-flow,high-flow
2026-08-19 20:30:00,0.9685585,0.98179895,0.984289,0.9905264,high-flow,high-flow,high-flow,high-flow
2026-08-19 20:40:00,0.9926121,1.0030788,1.0009727,1.0081109,high-flow,high-flow,high-flow,high-flow
2026-08-19 20:50:00,1.0104893,1.0179274,1.0113497,1.0193471,high-flow,high-flow,high-flow,high-flow
2026-08-19 21:00:00,1.0220318,1.0262622,1.0153317,1.0241399,high-flow,high-flow,high-flow,high-flow
2026-08-19 21:10:00,1.0271231,1.0280496,1.0128746,1.0224385,high-flow,high-flow,high-ebb,high-ebb
2026-08-19 21:20:00,1.0256903,1.0233034,1.0039792,1.0142374,high-flow,high-ebb,high-ebb,high-ebb
2026-08-19 21:30:00,1.0177054,1.0120825,0.98869145,0.99957645,high-ebb,high-ebb,high-ebb,high-ebb
2026-08-19 21:40:00,1.0031867,0.99448836,0.96710205,0.9785408,high-ebb,high-ebb,high-ebb,high-ebb
2026-08-19 21:50:00,0.9821991,0.9706625,0.93934613,0.9512605,high-ebb,high-ebb,high-ebb,high-ebb
2026-08-19 22:00:00,0.9548544,0.94078296,0.90560275,0.91791004,high-ebb,high-ebb,high-ebb,high-ebb
2026-08-19 22:10:00,0.92131203,0.90506214,0.8660932,0.87870675,high-ebb,high-ebb,high-ebb,high-ebb
2026-08-19 22:20:00,0.88177747,0.86374366,0.82107997,0.8339096,high-ebb,high-ebb,high-ebb,high-ebb
2026-08-19 22:30:00,0.8365021,0.8171008,0.7708645,0.78381747,high-ebb,high-ebb,high-ebb,high-ebb
2026-08-19 22:40:00,0.78578156,0.76543474,0.7157853,0.7287669,high-ebb,high-ebb,high-ebb,high-ebb
2026-08-19 22:50:00,0.7299538,0.70907354,0.65621555,0.6691298,high-ebb,high-ebb,high-ebb,high-ebb
2026-08-19 23:00:00,0.66939706,0.6483716,0.59256,0.6053104,high-ebb,high-ebb,high-ebb,high-ebb
2026-08-19 23:10:00,0.6045268,0.5837092,0.5252523,0.5377426,high-ebb,high-ebb,high-ebb,high-ebb
2026-08-19 23:20:00,0.5357927,0.5154924,0.45475134,0.46688655,high-ebb,high-ebb,high-ebb,high-ebb
2026-08-19 23:30:00,0.4636753,0.44415253,0.38153836,0.3932252,high-ebb,high-ebb,high-ebb,high-ebb
2026-08-19 23:40:00,0.38868174,0.37014538,0.30611274,0.31726068,high-ebb,high-ebb,high-ebb,high-ebb
2026-08-19 23:50:00,0.31134185,0.29394963,0.2289885,0.23951043,high-ebb,high-ebb,high-ebb,high-ebb
2026-08-20 00:00:00,0.23220359,0.21606496,0.15069038,0.16050339,high-ebb,high-ebb,high-ebb,high-ebb
2026-08-20 00:10:00,0.15182833,0.1370087,0.07174977,0.08077587,high-ebb,high-ebb,high-ebb,high-ebb
2026-08-20 00:20:00,0.070786096,0.057312,-0.0072992058,0.00086762325,high-ebb,high-ebb,low-ebb,high-ebb
2026-08-20 00:30:00,-0.010349439,-0.022484947,-0.08592376,-0.078682296,low-ebb,low-ebb,low-ebb,low-ebb
2026-08-20 00:40:00,-0.09100585,-0.10183841,-0.1635964,-0.15733951,low-ebb,low-ebb,low-ebb,low-ebb
2026-08-20 00:50:00,-0.17061691,-0.18020701,-0.23979881,-0.2345783,low-ebb,low-ebb,low-ebb,low-ebb
2026-08-20 01:00:00,-0.24862744,-0.25705788,-0.3140257,-0.30988544,low-ebb,low-ebb,low-ebb,low-ebb
2026-08-20 01:10:00,-0.32449797,-0.33187255,-0.38578838,-0.38276398,low-ebb,low-ebb,low-ebb,low-ebb
2026-08-20 01:20:00,-0.39770928,-0.40415278,-0.45461836,-0.45273668,low-ebb,low-ebb,low-ebb,low-ebb
2026-08-20 01:30:00,-0.46776655,-0.4734254,-0.52007055,-0.5193495,low-ebb,low-ebb,low-ebb,low-ebb
2026-08-20 01:40:00,-0.53420335,-0.53924644,-0.5817264,-0.58217484,low-ebb,low-ebb,low-ebb,low-ebb
2026-08-20 01:50:00,-0.59658504,-0.6012044,-0.63919663,-0.6408141,low-ebb,low-ebb,low-ebb,low-ebb
2026-08-20 02:00:00,-0.6545122,-0.6589222,-0.692124,-0.6949008,low-ebb,low-ebb,low-ebb,low-ebb
2026-08-20 02:10:00,-0.70762336,-0.7120586,-0.7401854,-0.7441026,low-ebb,low-ebb,low-ebb,low-ebb
2026-08-20 02:20:00,-0.755597,-0.7603082,-0.78309387,-0.7881233,low-ebb,low-ebb,low-ebb,low-ebb
2026-08-20 02:30:00,-0.7981538,-0.80340123,-0.8206004,-0.8267053,low-ebb,low-ebb,low-ebb,low-ebb
2026-08-20 02:40:00,-0.8350581,-0.84110266,-0.85249525,-0.85963005,low-ebb,low-ebb,low-ebb,low-ebb
2026-08-20 02:50:00,-0.86611855,-0.8732113,-0.87860924,-0.8867202,low-ebb,low-ebb,low-ebb,low-ebb
2026-08-20 03:00:00,-0.891189,-0.899559,-0.8988141,-0.9078397,low-ebb,low-ebb,low-ebb,low-ebb
2026-08-20 03:10:00,-0.9101683,-0.9200098,-0.9130234,-0.922895,low-ebb,low-ebb,low-ebb,low-ebb
2026-08-20 03:20:00,-0.9230004,-0.93445987,-0.9211924,-0.9318347,low-ebb,low-ebb,low-ebb,low-ebb
2026-08-20 03:30:00,-0.9296734,-0.9428383,-0.92331827,-0.93464977,low-ebb,low-ebb,low-ebb,low-ebb
2026-08-20 03:40:00,-0.9302185,-0.9451075,-0.91943926,-0.9313734,low-ebb,low-ebb,low-flow,low-flow
2026-08-20 03:50:00,-0.9247091,-0.9412653,-0.90963453,-0.92208,low-flow,low-flow,low-flow,low-flow
2026-08-20 04:00:00,-0.9132586,-0.9313462,-0.8940228,-0.9068845,low-flow,low-flow,low-flow,low-flow
2026-08-20 04:10:00,-0.8960192,-0.9154237,-0.8727615,-0.88594127,low-flow,low-flow,low-flow,low-flow
2026-08-20 04:20:00,-0.8731794,-0.89361227,-0.846045,-0.8594428,low-flow,low-flow,low-flow,low-flow
2026-08-20 04:30:00,-0.84496194,-0.8660686,-0.8141036,-0.8276177,low-flow,low-flow,low-flow,low-flow
2026-08-20 04:40:00,-0.8116218,-0.83299303,-0.77720106,-0.79072946,low-flow,low-flow,low-flow,low-flow
2026-08-20 04:50:00,-0.77344334,-0.79462963,-0.73563296,-0.74907404,low-flow,low-flow,low-flow,low-flow
2026-08-20 05:00:00,-0.7307382,-0.7512657,-0.6897245,-0.70297784,low-flow,low-flow,low-flow,low-flow
2026-08-20 05:10:00,-0.6838428,-0.70323026,-0.63982815,-0.65279526,low-flow,low-flow,low-flow,low-flow
2026-08-20 05:20:00,-0.63311553,-0.65089184,-0.58632106,-0.5989064,low-flow,low-flow,low-flow,low-flow
2026-08-20 05:30:00,-0.57893467,-0.59465486,-0.52960265,-0.54171425,low-flow,low-flow,low-flow,low-flow
2026-08-20 05:40:00,-0.5216957,-0.53495604,-0.4700918,-0.48164198,low-flow,low-flow,low-flow,low-flow
2026-08-20 05:50:00,-0.46180892,-0.47225973,-0.4082241,-0.4191302,low-flow,low-flow,low-flow,low-flow
2026-08-20 06:00:00,-0.39969718,-0.40705308,-0.3444489,-0.35463387,low-flow,low-flow,low-flow,low-flow
2026-08-20 06:10:00,-0.3357934,-0.33984092,-0.27922633,-0.28861934,low-flow,low-flow,low-flow,low-flow
2026-08-20 06:20:00,-0.27053824,-0.27114102,-0.21302436,-0.22156121,low-flow,low-flow,low-flow,low-flow
2026-08-20 06:30:00,-0.20437792,-0.20147905,-0.14631571,-0.15393934,low-flow,low-flow,low-flow,low-flow
2026-08-20 06:40:00,-0.13776186,-0.13138415,-0.07957465,-0.086235546,low-flow,low-flow,low-flow,low-flow
2026-08-20 06:50:00,-0.0711405,-0.06138462,-0.01327404,-0.01893048,low-flow,low-flow,low-flow,low-flow
2026-08-20 07:00:00,-0.004962936,0.00799598,0.05211789,0.047499582,low-flow,high-flow,high-flow,high-flow
2026-08-20 07:10:00,0.060325272,0.07624258,0.11614061,0.11258591,high-flow,high-flow,high-flow,high-flow
2026-08-20 07:20:00,0.12428444,0.1428521,0.17834435,0.17587045,high-flow,high-flow,high-flow,high-flow
2026-08-20 07:30:00,0.1864831,0.20733687,0.23829317,0.23690893,high-flow,high-flow,high-flow,high-flow
2026-08-20 07:40:00,0.24650031,0.26922807,0.29556787,0.29527393,high-flow,high-flow,high-flow,high-flow
2026-08-20 07:50:00,0.30392817,0.32807907,0.34976888,0.3505577,high-flow,high-flow,high-flow,high-flow
2026-08-20 08:00:00,0.35837418,0.3834691,0.40051904,0.40237522,high-flow,high-flow,high-flow,high-flow
2026-08-20 08:10:00,0.40946367,0.43500656,0.4474663,0.4503667,high-flow,high-flow,high-flow,high-flow
2026-08-20 08:20:00,0.45684248,0.48233262,0.49028623,0.49420032,high-flow,high-flow,high-flow,high-flow
2026-08-20 08:30:00,0.5001793,0.5251246,0.52868426,0.53357446,high-flow,high-flow,high-flow,high-flow
2026-08-20 08:40:00,0.53916824,0.56309885,0.562398,0.56822014,high-flow,high-flow,high-flow,high-flow
2026-08-20 08:50:00,0.5735314,0.5960134,0.5911993,0.5979029,high-flow,high-flow,high-flow,high-flow
2026-08-20 09:00:00,0.60302085,0.6236701,0.6148955,0.6224246,high-flow,high-flow,high-flow,high-flow
2026-08-20 09:10:00,0.6274217,0.6459156,0.63333184,0.64162517,high-flow,high-flow,high-flow,high-flow
2026-08-20 09:20:00,0.6465534,0.66264224,0.6463918,0.6553835,high-flow,high-flow,high-flow,high-flow
2026-08-20 09:30:00,0.66027254,0.6737871,0.6539988,0.663619,high-flow,high-flow,high-flow,high-flow
2026-08-20 09:40:00,0.6684741,0.67933154,0.6561164,0.6662917,high-flow,high-flow,high-flow,high-flow
2026-08-20 09:50:00,0.6710934,0.67929864,0.65274924,0.6634033,high-flow,high-flow,high-ebb,high-ebb
2026-08-20 10:00:00,0.6681073,0.6737513,0.64394265,0.6549969,high-ebb,high-ebb,high-ebb,high-ebb
2026-08-20 10:10:00,0.659535,0.66278917,0.6297827,0.6411569,high-ebb,high-ebb,high-ebb,high-ebb
2026-08-20 10:20:00,0.64543897,0.6465457,0.6103957,0.62200856,high-ebb,high-ebb,high-ebb,high-ebb
2026-08-20 10:30:00,0.62592524,0.6251855,0.58594745,0.597717,high-ebb,high-ebb,high-ebb,high-ebb
2026-08-20 10:40:00,0.601143,0.5989015,0.5566417,0.5684861,high-ebb,high-ebb,high-ebb,high-ebb
2026-08-20 10:50:00,0.57128435,0.567913,0.52271914,0.5345571,high-ebb,high-ebb,high-ebb,high-ebb
2026-08-20 11:00:00,0.53658307,0.53246385,0.4844554,0.49620688,high-ebb,high-ebb,high-ebb,high-ebb
2026-08-20 11:10:00,0.4973135,0.49282178,0.44215912,0.45374554,high-ebb,high-ebb,high-ebb,high-ebb
2026-08-20 11:20:00,0.45378855,0.44927752,0.39616942,0.40751436,high-ebb,high-ebb,high-ebb,high-ebb
2026-08-20 11:30:00,0.40635735,0.4021449,0.3468536,0.3578832,high-ebb,high-ebb,high-ebb,high-ebb
2026-08-20 11:40:00,0.3554027,0.35176098,0.29460406,0.30524737,high-ebb,high-ebb,high-ebb,high-ebb
2026-08-20 11:50:00,0.301338,0.29848605,0.23983547,0.25002488,high-ebb,high-ebb,high-ebb,high-ebb
2026-08-20 12:00:00,0.24460357,0.24270357,0.18298139,0.192653,high-ebb,high-ebb,high-ebb,high-ebb
2026-08-20 12:10:00,0.18566324,0.18481956,0.12449105,0.13358498,high-ebb,high-ebb,high-ebb,high-ebb
2026-08-20 12:20:00,0.12500001,0.1252613,0.06482576,0.07328638,high-ebb,high-ebb,high-ebb,high-ebb
2026-08-20 12:30:00,0.063111946,0.06447525,0.004455319,0.0122315725,high-ebb,high-ebb,high-ebb,high-ebb
2026-08-20 12:40:00,0.00050757267,0.0029240248,-0.056145567,-0.049099986,high-ebb,high-ebb,low-ebb,low-ebb
2026-08-20 12:50:00,-0.062298592,-0.05891748,-0.11650103,-0.11022748,low-ebb,low-ebb,low-ebb,low-ebb
2026-08-20 13:00:00,-0.124790765,-0.12056674,-0.1761377,-0.17067243,low-ebb,low-ebb,low-ebb,low-ebb
2026-08-20 13:10:00,-0.18645653,-0.18153888,-0.2345883,-0.22996233,low-ebb,low-ebb,low-ebb,low-ebb
2026-08-20 13:20:00,-0.24679147,-0.24135232,-0.29139528,-0.2876343,low-ebb,low-ebb,low-ebb,low-ebb
2026-08-20 13:30:00,-0.30530363,-0.29953447,-0.34611425,-0.34323856,low-ebb,low-ebb,low-ebb,low-ebb
2026-08-20 13:40:00,-0.36151785,-0.35562733,-0.39831725,-0.39634174,low-ebb,low-ebb,low-ebb,low-ebb
2026-08-20 13:50:00,-0.41497996,-0.4091925,-0.44759604,-0.4465301,low-ebb,low-ebb,low-ebb,low-ebb
2026-08-20 14:00:00,-0.46526045,-0.45981565,-0.49356505,-0.4934126,low-ebb,low-ebb,low-ebb,low-ebb
2026-08-20 14:10:00,-0.51195806,-0.5071099,-0.5358641,-0.5366237,low-ebb,low-ebb,low-ebb,low-ebb
2026-08-20 14:20:00,-0.5547031,-0.55071837,-0.5741611,-0.57582587,low-ebb,low-ebb,low-ebb,low-ebb
2026-08-20 14:30:00,-0.5931599,-0.5903159,-0.60815424,-0.61071193,low-ebb,low-ebb,low-ebb,low-ebb
2026-08-20 14:40:00,-0.6270296,-0.6256096,-0.637574,-0.64100724,low-ebb,low-ebb,low-ebb,low-ebb
2026-08-20 14:50:00,-0.6560517,-0.6563388,-0.6621852,-0.6664715,low-ebb,low-ebb,low-ebb,low-ebb
2026-08-20 15:00:00,-0.6800059,-0.6822748,-0.68178815,-0.68689996,low-ebb,low-ebb,low-ebb,low-ebb
2026-08-20 15:10:00,-0.69871294,-0.7032197,-0.6962202,-0.7021252,low-ebb,low-ebb,low-ebb,low-ebb
2026-08-20 15:20:00,-0.7120356,-0.71900564,-0.7053566,-0.7120177,low-ebb,low-ebb,low-ebb,low-ebb
2026-08-20 15:30:00,-0.7198785,-0.7294945,-0.70911086,-0.7164865,low-ebb,low-ebb,low-ebb,low-ebb
2026-08-20 15:40:00,-0.7221885,-0.73457736,-0.70743555,-0.71547997,low-ebb,low-ebb,low-flow,low-ebb
2026-08-20 15:50:00,-0.7189535,-0.7341751,-0.7003221,-0.7089853,low-flow,low-ebb,low-flow,low-flow
2026-08-20 16:00:00,-0.7102024,-0.7282392,-0.68780077,-0.69702893,low-flow,low-flow,low-flow,low-flow
2026-08-20 16:10:00,-0.6960034,-0.7167532,-0.6699401,-0.6796758,low-flow,low-flow,low-flow,low-flow
2026-08-20 16:20:00,-0.67646253,-0.6997347,-0.64684623,-0.6570288,low-flow,low-flow,low-flow,low-flow
2026-08-20 16:30:00,-0.65172243,-0.6772375,-0.618662,-0.6292275,low-flow,low-flow,low-flow,low-flow
2026-08-20 16:40:00,-0.62196004,-0.64935374,-0.5855657,-0.5964477,low-flow,low-flow,low-flow,low-flow
2026-08-20 16:50:00,-0.5873848,-0.616216,-0.54776967,-0.55889916,low-flow,low-flow,low-flow,low-flow
2026-08-20 17:00:00,-0.5482366,-0.5779987,-0.5055189,-0.5168249,low-flow,low-flow,low-flow,low-flow
2026-08-20 17:10:00,-0.5047833,-0.5349191,-0.4590889,-0.47049868,low-flow,low-flow,low-flow,low-flow
2026-08-20 17:20:00,-0.4573185,-0.48723724,-0.40878403,-0.4202236,low-flow,low-flow,low-flow,low-flow
2026-08-20 17:30:00,-0.40615955,-0.43525526,-0.35493526,-0.3663297,low-flow,low-flow,low-flow,low-flow
2026-08-20 17:40:00,-0.35164472,-0.37931547,-0.29789793,-0.3091718,low-flow,low-flow,low-flow,low-flow
2026-08-20 17:50:00,-0.29413125,-0.3197975,-0.2380493,-0.24912712,low-flow,low-flow,low-flow,low-flow
2026-08-20 18:00:00,-0.23399292,-0.25711495,-0.17578611,-0.18659282,low-flow,low-flow,low-flow,low-flow
2026-08-20 18:10:00,-0.17161788,-0.19171107,-0.11152192,-0.1219833,low-flow,low-flow,low-flow,low-flow
2026-08-20 18:20:00,-0.107406385,-0.12405409,-0.045684416,-0.055727582,low-flow,low-flow,low-flow,low-flow
2026-08-20 18:30:00,-0.04176866,-0.05463231,0.021287372,0.011733485,low-flow,low-flow,high-flow,high-flow
2026-08-20 18:40:00,0.024877233,0.016050925,0.0889459,0.079950064,high-flow,high-flow,high-flow,high-flow
2026-08-20 18:50:00,0.09210747,0.08748215,0.15683801,0.14846621,high-flow,high-flow,high-flow,high-flow
2026-08-20 19:00:00,0.15949452,0.15914245,0.22450785,0.21682282,high-flow,high-flow,high-flow,high-flow
2026-08-20 19:10:00,0.22660923,0.23051193,0.29149982,0.2845605,high-flow,high-flow,high-flow,high-flow
2026-08-20 19:20:00,0.29302287,0.30107376,0.3573615,0.35122266,high-flow,high-flow,high-flow,high-flow
2026-08-20 19:30:00,0.35830912,0.370318,0.42164662,0.4163583,high-flow,high-flow,high-flow,high-flow
2026-08-20 19:40:00,0.4220463,0.4377452,0.48391795,0.47952512,high-flow,high-flow,high-flow,high-flow
2026-08-20 19:50:00,0.48381937,0.50286984,0.5437502,0.54029226,high-flow,high-flow,high-flow,high-flow
2026-08-20 20:00:00,0.5432221,0.5652236,0.6007329,0.5982433,high-flow,high-flow,high-flow,high-flow
2026-08-20 20:10:00,0.5998595,0.6243587,0.654473,0.65297896,high-flow,high-flow,high-flow,high-flow
2026-08-20 20:20:00,0.65334964,0.67985153,0.70459765,0.7041197,high-flow,high-flow,high-flow,high-flow
2026-08-20 20:30:00,0.70332646,0.7313057,0.7507568,0.7513086,high-flow,high-flow,high-flow,high-flow
2026-08-20 20:40:00,0.7494418,0.7783557,0.7926255,0.7942138,high-flow,high-flow,high-flow,high-flow
2026-08-20 20:50:00,0.7913679,0.82067007,0.82990646,0.8325303,high-flow,high-flow,high-flow,high-flow
2026-08-20 21:00:00,0.82879984,0.85795444,0.8623319,0.8659831,high-flow,high-flow,high-flow,high-flow
2026-08-20 21:10:00,0.8614579,0.8899544,0.88966584,0.8943286,high-flow,high-flow,high-flow,high-flow
2026-08-20 21:20:00,0.8890899,0.91645753,0.9117054,0.9173564,high-flow,high-flow,high-flow,high-flow
2026-08-20 21:30:00,0.9114735,0.93729514,0.928283,0.9348913,high-flow,high-flow,high-flow,high-flow
2026-08-20 21:40:00,0.9284186,0.95234275,0.9392673,0.94679445,high-flow,high-flow,high-flow,high-flow
2026-08-20 21:50:00,0.93976915,0.96152025,0.9445643,0.95296484,high-flow,high-flow,high-flow,high-flow
2026-08-20 22:00:00,0.9454054,0.964791,0.94411856,0.95333976,high-flow,high-flow,high-flow,high-flow
2026-08-20 22:10:00,0.9452453,0.9621602,0.93791336,0.9478957,high-flow,high-ebb,high-ebb,high-ebb
2026-08-20 22:20:00,0.93924636,0.9536728,0.92597127,0.9366489,high-ebb,high-ebb,high-ebb,high-ebb
2026-08-20 22:30:00,0.9274065,0.9394107,0.9083543,0.91965526,high-ebb,high-ebb,high-ebb,high-ebb
2026-08-20 22:40:00,0.9097652,0.9194898,0.8851632,0.8970101,high-ebb,high-ebb,high-ebb,high-ebb
2026-08-20 22:50:00,0.88640404,0.8940574,0.8565374,0.8688478,high-ebb,high-ebb,high-ebb,high-ebb
2026-08-20 23:00:00,0.85744685,0.8632891,0.82265395,0.8353409,high-ebb,high-ebb,high-ebb,high-ebb
2026-08-20 23:10:00,0.8230595,0.827387,0.7837264,0.79669935,high-ebb,high-ebb,high-ebb,high-ebb
2026-08-20 23:20:00,0.7834493,0.78657734,0.74000347,0.75316846,high-ebb,high-ebb,high-ebb,high-ebb
2026-08-20 23:30:00,0.738864,0.74110985,0.6917672,0.7050281,high-ebb,high-ebb,high-ebb,high-ebb
2026-08-20 23:40:00,0.68959033,0.69125694,0.63933116,0.6525901,high-ebb,high-ebb,high-ebb,high-ebb
2026-08-20 23:50:00,0.63595194,0.6373136,0.58303815,0.5961963,high-ebb,high-ebb,high-ebb,high-ebb
2026-08-21 00:00:00,0.57830745,0.57959765,0.5232577,0.53621626,high-ebb,high-ebb,high-ebb,high-ebb
2026-08-21 00:10:00,0.51704735,0.5184503,0.4603835,0.4730443,high-ebb,high-ebb,high-ebb,high-ebb
2026-08-21 00:20:00,0.4525912,0.45423615,0.39483052,0.40709698,high-ebb,high-ebb,high-ebb,high-ebb
2026-08-21 00:30:00,0.38538408,0.38734344,0.32703188,0.33880973,high-ebb,high-ebb,high-ebb,high-ebb
2026-08-21 00:40:00,0.31589288,0.31818315,0.25743577,0.26863384,high-ebb,high-ebb,high-ebb,high-ebb
2026-08-21 00:50:00,0.24460235,0.24718776,0.18650205,0.19703315,high-ebb,high-ebb,high-ebb,high-ebb
2026-08-21 01:00:00,0.17201088,0.17480896,0.11469897,0.124480546,high-ebb,high-ebb,high-ebb,high-ebb
2026-08-21 01:10:00,0.09862618,0.10151445,0.04249958,0.051454492,high-ebb,high-ebb,high-ebb,high-ebb
2026-08-21 01:20:00,0.024960767,0.027783874,-0.029621651,-0.021564482,high-ebb,high-ebb,low-ebb,low-ebb
2026-08-21 01:30:00,-0.0484725,-0.045895897,-0.10119237,-0.0940973,low-ebb,low-ebb,low-ebb,low-ebb
2026-08-21 01:40:00,-0.1211649,-0.11903607,-0.17174578,-0.16566987,low-ebb,low-ebb,low-ebb,low-ebb
2026-08-21 01:50:00,-0.1926163,-0.19115153,-0.24082401,-0.23581655,low-ebb,low-ebb,low-ebb,low-ebb
2026-08-21 02:00:00,-0.26233938,-0.26176634,-0.3079815,-0.30408347,low-ebb,low-ebb,low-ebb,low-ebb
2026-08-21 02:10:00,-0.32986376,-0.3304191,-0.372788,-0.3700318,low-ebb,low-ebb,low-ebb,low-ebb
2026-08-21 02:20:00,-0.39473993,-0.39666748,-0.43483192,-0.43324095,low-ebb,low-ebb,low-ebb,low-ebb
2026-08-21 02:30:00,-0.45654276,-0.46009237,-0.49372283,-0.49331132,low-ebb,low-ebb,low-ebb,low-ebb
2026-08-21 02:40:00,-0.51487476,-0.52030087,-0.54909444,-0.5498673,low-ebb,low-ebb,low-ebb,low-ebb
2026-08-21 02:50:00,-0.5693691,-0.5769283,-0.60060686,-0.6025596,low-ebb,low-ebb,low-ebb,low-ebb
2026-08-21 03:00:00,-0.6196919,-0.6296397,-0.64794904,-0.65106785,low-ebb,low-ebb,low-ebb,low-ebb
2026-08-21 03:10:00,-0.665545,-0.67812985,-0.69084066,-0.69510245,low-ebb,low-ebb,low-ebb,low-ebb
2026-08-21 03:20:00,-0.7066667,-0.7221236,-0.72903377,-0.73440635,low-ebb,low-ebb,low-ebb,low-ebb
2026-08-21 03:30:00,-0.74283403,-0.7613749,-0.76231456,-0.7687569,low-ebb,low-ebb,low-ebb,low-ebb
2026-08-21 03:40:00,-0.7738632,-0.79566634,-0.7905044,-0.7979671,low-ebb,low-ebb,low-ebb,low-ebb
2026-08-21 03:50:00,-0.79960996,-0.8248086,-0.8134606,-0.82188624,low-ebb,low-ebb,low-ebb,low-ebb
2026-08-21 04:00:00,-0.81997025,-0.8486402,-0.8310776,-0.84040105,low-ebb,low-ebb,low-ebb,low-ebb
2026-08-21 04:10:00,-0.8348794,-0.86702776,-0.8432868,-0.8534361,low-ebb,low-ebb,low-ebb,low-ebb
2026-08-21 04:20:00,-0.84431195,-0.8798669,-0.8500572,-0.8609539,low-ebb,low-ebb,low-ebb,low-ebb
2026-08-21 04:30:00,-0.84828043,-0.8870834,-0.8513948,-0.862955,low-ebb,low-ebb,low-ebb,low-ebb
2026-08-21 04:40:00,-0.8468345,-0.8886355,-0.84734255,-0.8594771,low-flow,low-ebb,low-flow,low-flow
2026-08-21 04:50:00,-0.84005934,-0.88451594,-0.8379797,-0.8505954,low-flow,low-flow,low-flow,low-flow
2026-08-21 05:00:00,-0.8280742,-0.87475425,-0.8234207,-0.8364209,low-flow,low-flow,low-flow,low-flow
2026-08-21 05:10:00,-0.81103045,-0.8594193,-0.80381435,-0.8170999,low-flow,low-flow,low-flow,low-flow
2026-08-21 05:20:00,-0.7891098,-0.838621,-0.7793425,-0.7928124,low-flow,low-flow,low-flow,low-flow
2026-08-21 05:30:00,-0.76252246,-0.8125122,-0.75021833,-0.76377076,low-flow,low-flow,low-flow,low-flow
2026-08-21 05:40:00,-0.73150456,-0.7812886,-0.7166849,-0.730218,low-flow,low-flow,low-flow,low-flow
2026-08-21 05:50:00,-0.6963168,-0.7451893,-0.67901325,-0.69242585,low-flow,low-flow,low-flow,low-flow
2026-08-21 06:00:00,-0.6572416,-0.70449495,-0.6375004,-0.65069306,low-flow,low-flow,low-flow,low-flow
2026-08-21 06:10:00,-0.61458176,-0.65952605,-0.59246707,-0.6053427,low-flow,low-flow,low-flow,low-flow
2026-08-21 06:20:00,-0.5686577,-0.61063963,-0.5442556,-0.5567204,low-flow,low-flow,low-flow,low-flow
2026-08-21 06:30:00,-0.51980585,-0.5582257,-0.49322757,-0.50519156,low-flow,low-flow,low-flow,low-flow
2026-08-21 06:40:00,-0.4683766,-0.50270253,-0.43976116,-0.45113903,low-flow,low-flow,low-flow,low-flow
2026-08-21 06:50:00,-0.41473228,-0.4445125,-0.38424876,-0.39496046,low-flow,low-flow,low-flow,low-flow
2026-08-21 07:00:00,-0.35924524,-0.38411656,-0.32709423,-0.3370656,low-flow,low-flow,low-flow,low-flow
2026-08-21 07:10:00,-0.302296,-0.32198986,-0.26871032,-0.27787352,low-flow,low-flow,low-flow,low-flow
2026-08-21 07:20:00,-0.24427153,-0.25861678,-0.20951584,-0.21780992,low-flow,low-flow,low-flow,low-flow
2026-08-21 07:30:00,-0.1855632,-0.19448647,-0.14993301,-0.15730421,low-flow,low-flow,low-flow,low-flow
2026-08-21 07:40:00,-0.1265651,-0.13008888,-0.0903846,-0.09678679,low-flow,low-flow,low-flow,low-flow
2026-08-21 07:50:00,-0.0676721,-0.065910816,-0.031291228,-0.03668607,low-flow,low-flow,low-flow,low-flow
2026-08-21 08:00:00,-0.009278031,-0.0024323994,0.02693144,0.022574252,low-flow,low-flow,high-flow,high-flow
2026-08-21 08:10:00,0.048226282,0.059876233,0.0838754,0.080578044,high-flow,high-flow,high-flow,high-flow
2026-08-21 08:20:00,0.10445497,0.12055816,0.13914305,0.1369195,high-flow,high-flow,high-flow,high-flow
2026-08-21 08:30:00,0.15902919,0.17917284,0.19234975,0.19120584,high-flow,high-flow,high-flow,high-flow
2026-08-21 08:40:00,0.21157916,0.23529932,0.24312648,0.24305996,high-flow,high-flow,high-flow,high-flow
2026-08-21 08:50:00,0.26174644,0.28853944,0.2911223,0.29212302,high-flow,high-flow,high-flow,high-flow
2026-08-21 09:00:00,0.30918604,0.33852103,0.3360067,0.3380568,high-flow,high-flow,high-flow,high-flow
2026-08-21 09:10:00,0.35356885,0.38490126,0.37747198,0.38054618,high-flow,high-flow,high-flow,high-flow
2026-08-21 09:20:00,0.39458376,0.4273695,0.41523528,0.41930118,high-flow,high-flow,high-flow,high-flow
2026-08-21 09:30:00,0.43194032,0.4656502,0.44904074,0.4540592,high-flow,high-flow,high-flow,high-flow
2026-08-21 09:40:00,0.46537083,0.49950528,0.47866112,0.48458678,high-flow,high-flow,high-flow,high-flow
2026-08-21 09:50:00,0.4946328,0.5287358,0.5038997,0.5106813,high-flow,high-flow,high-flow,high-flow
2026-08-21 10:00:00,0.5195113,0.55318326,0.5245917,0.53217244,high-flow,high-flow,high-flow,high-flow
2026-08-21 10:10:00,0.5398209,0.5727295,0.5406053,0.5489239,high-flow,high-flow,high-flow,high-flow
2026-08-21 10:20:00,0.5554081,0.587297,0.5518432,0.56083375,high-flow,high-flow,high-flow,high-flow
2026-08-21 10:30:00,0.56615305,0.596847,0.558243,0.567836,high-flow,high-flow,high-flow,high-flow
2026-08-21 10:40:00,0.5719712,0.60137784,0.5597778,0.56990063,high-flow,high-flow,high-flow,high-flow
2026-08-21 10:50:00,0.57281476,0.60092276,0.556457,0.5670343,high-flow,high-flow,high-ebb,high-ebb
2026-08-21 11:00:00,0.56867427,0.59554714,0.5483257,0.5592802,high-ebb,high-ebb,high-ebb,high-ebb
2026-08-21 11:10:00,0.5595789,0.5853457,0.53546506,0.546718,high-ebb,high-ebb,high-ebb,high-ebb
2026-08-21 11:20:00,0.54559755,0.5704398,0.5179915,0.5294632,high-ebb,high-ebb,high-ebb,high-ebb
2026-08-21 11:30:00,0.52683854,0.5509755,0.49605608,0.5076665,high-ebb,high-ebb,high-ebb,high-ebb
2026-08-21 11:40:00,0.50344974,0.52712137,0.46984354,0.481513,high-ebb,high-ebb,high-ebb,high-ebb
2026-08-21 11:50:00,0.47561792,0.49906757,0.43957093,0.4512203,high-ebb,high-ebb,high-ebb,high-ebb
2026-08-21 12:00:00,0.44356748,0.46702522,0.4054861,0.41703758,high-ebb,high-ebb,high-ebb,high-ebb
2026-08-21 12:10:00,0.40755916,0.4312264,0.36786604,0.37924343,high-ebb,high-ebb,high-ebb,high-ebb
2026-08-21 12:20:00,0.3678882,0.39192465,0.3270146,0.3381439,high-ebb,high-ebb,high-ebb,high-ebb
2026-08-21 12:30:00,0.32488197,0.3493957,0.28326046,0.2940702,high-ebb,high-ebb,high-ebb,high-ebb
2026-08-21 12:40:00,0.27889735,0.3039381,0.23695472,0.24737635,high-ebb,high-ebb,high-ebb,high-ebb
2026-08-21 12:50:00,0.23031767,0.255874,0.18846798,0.19843626,high-ebb,high-ebb,high-ebb,high-ebb
2026-08-21 13:00:00,0.1795495,0.205549,0.1381878,0.14764106,high-ebb,high-ebb,high-ebb,high-ebb
2026-08-21 13:10:00,0.12701888,0.15333162,0.08651556,0.09539612,high-ebb,high-ebb,high-ebb,high-ebb
2026-08-21 13:20:00,0.07316751,0.09961182,0.033863556,0.04211783,high-ebb,high-ebb,high-ebb,high-ebb
2026-08-21 13:30:00,0.01844873,0.044798654,-0.01934831,-0.011769467,high-ebb,high-ebb,low-ebb,low-ebb
2026-08-21 13:40:00,-0.036676705,-0.010683057,-0.07269569,-0.06583682,low-ebb,low-ebb,low-ebb,low-ebb
2026-08-21 13:50:00,-0.09174488,-0.06639686,-0.12575306,-0.11965392,low-ebb,low-ebb,low-ebb,low-ebb
2026-08-21 14:00:00,-0.14629298,-0.12189951,-0.17809701,-0.17279242,low-ebb,low-ebb,low-ebb,low-ebb
2026-08-21 14:10:00,-0.19986366,-0.17674617,-0.22930947,-0.22482921,low-ebb,low-ebb,low-ebb,low-ebb
2026-08-21 14:20:00,-0.252009,-0.23049593,-0.2789809,-0.27534962,low-ebb,low-ebb,low-ebb,low-ebb
2026-08-21 14:30:00,-0.3022948,-0.28271705,-0.32671347,-0.3239506,low-ebb,low-ebb,low-ebb,low-ebb
2026-08-21 14:40:00,-0.35030413,-0.33299205,-0.37212402,-0.3702437,low-ebb,low-ebb,low-ebb,low-ebb
2026-08-21 14:50:00,-0.39564115,-0.38092178,-0.41484693,-0.41385806,low-ebb,low-ebb,low-ebb,low-ebb
2026-08-21 15:00:00,-0.43793425,-0.42612925,-0.45453686,-0.45444307,low-ebb,low-ebb,low-ebb,low-ebb
2026-08-21 15:10:00,-0.4768391,-0.46826208,-0.49087137,-0.491671,low-ebb,low-ebb,low-ebb,low-ebb
2026-08-21 15:20:00,-0.5120413,-0.50699425,-0.5235532,-0.52523935,low-ebb,low-ebb,low-ebb,low-ebb
2026-08-21 15:30:00,-0.5432584,-0.5420272,-0.5523123,-0.554873,low-ebb,low-ebb,low-ebb,low-ebb
2026-08-21 15:40:00,-0.5702424,-0.5730897,-0.5769082,-0.58032614,low-ebb,low-ebb,low-ebb,low-ebb
2026-08-21 15:50:00,-0.5927803,-0.59993804,-0.5971309,-0.6013841,low-ebb,low-ebb,low-ebb,low-ebb
2026-08-21 16:00:00,-0.6106959,-0.6223551,-0.61280304,-0.6178645,low-ebb,low-ebb,low-ebb,low-ebb
2026-08-21 16:10:00,-0.6238503,-0.64015037,-0.6237808,-0.6296186,low-ebb,low-ebb,low-ebb,low-ebb
2026-08-21 16:20:00,-0.63214195,-0.65315914,-0.6299544,-0.63653225,low-ebb,low-ebb,low-ebb,low-ebb
2026-08-21 16:30:00,-0.6355069,-0.6612431,-0.6312495,-0.6385265,low-ebb,low-ebb,low-ebb,low-ebb
2026-08-21 16:40:00,-0.6339183,-0.66429085,-0.6276269,-0.63555795,low-flow,low-ebb,low-flow,low-flow
2026-08-21 16:50:00,-0.62738556,-0.6622193,-0.6190829,-0.62761897,low-flow,low-flow,low-flow,low-flow
2026-08-21 17:00:00,-0.6159536,-0.6549752,-0.6056493,-0.6147373,low-flow,low-flow,low-flow,low-flow
2026-08-21 17:10:00,-0.59970146,-0.64253765,-0.5873927,-0.59697604,low-flow,low-flow,low-flow,low-flow
2026-08-21 17:20:00,-0.57874084,-0.6249207,-0.5644141,-0.5744329,low-flow,low-flow,low-flow,low-flow
2026-08-21 17:30:00,-0.55321467,-0.6021755,-0.53684783,-0.5472392,low-flow,low-flow,low-flow,low-flow
2026-08-21 17:40:00,-0.5232951,-0.5743927,-0.50486076,-0.5155589,low-flow,low-flow,low-flow,low-flow
2026-08-21 17:50:00,-0.48918203,-0.54170454,-0.46865058,-0.47958753,low-flow,low-flow,low-flow,low-flow
2026-08-21 18:00:00,-0.45110074,-0.5042857,-0.4284448,-0.43955034,low-flow,low-flow,low-flow,low-flow
2026-08-21 18:10:00,-0.40930027,-0.4623537,-0.38449872,-0.39570096,low-flow,low-flow,low-flow,low-flow
2026-08-21 18:20:00,-0.3640514,-0.41616842,-0.33709368,-0.34831953,low-flow,low-flow,low-flow,low-flow
2026-08-21 18:30:00,-0.31564447,-0.36603013,-0.2865353,-0.2977106,low-flow,low-flow,low-flow,low-flow
2026-08-21 18:40:00,-0.26438776,-0.31227735,-0.23315106,-0.24420129,low-flow,low-flow,low-flow,low-flow
2026-08-21 18:50:00,-0.21060522,-0.25528312,-0.17728831,-0.18813886,low-flow,low-flow,low-flow,low-flow
2026-08-21 19:00:00,-0.15463495,-0.19545119,-0.11931181,-0.1298885,low-flow,low-flow,low-flow,low-flow
2026-08-21 19:10:00,-0.0968271,-0.1332113,-0.059601404,-0.06983095,low-flow,low-flow,low-flow,low-flow
2026-08-21 19:20:00,-0.037542213,-0.06901451,0.0014505566,-0.008359902,low-flow,low-flow,high-flow,low-flow
2026-08-21 19:30:00,0.022850536,-0.003328247,0.063441716,0.05412041,high-flow,low-flow,high-flow,high-flow
2026-08-21 19:40:00,0.0839751,0.06336849,0.12596232,0.1171979,high-flow,high-flow,high-flow,high-flow
2026-08-21 19:50:00,0.14545025,0.1305897,0.1885979,0.18045524,high-flow,high-flow,high-flow,high-flow
2026-08-21 20:00:00,0.2068913,0.19784662,0.25093186,0.24347252,high-flow,high-flow,high-flow,high-flow
2026-08-21 20:10:00,0.2679118,0.26465172,0.3125482,0.3058299,high-flow,high-flow,high-flow,high-flow
2026-08-21 20:20:00,0.32812533,0.33052233,0.37303418,0.36711037,high-flow,high-flow,high-flow,high-flow
2026-08-21 20:30:00,0.38714728,0.39498392,0.4319829,0.42690232,high-flow,high-flow,high-flow,high-flow
2026-08-21 20:40:00,0.4445967,0.45757353,0.4889961,0.4848022,high-flow,high-flow,high-flow,high-flow
2026-08-21 20:50:00,0.5000982,0.51784277,0.5436864,0.54041713,high-flow,high-flow,high-flow,high-flow
2026-08-21 21:00:00,0.55328405,0.57536083,0.59568024,0.5933675,high-flow,high-flow,high-flow,high-flow
2026-08-21 21:10:00,0.60379606,0.6297179,0.64462006,0.6432895,high-flow,high-flow,high-flow,high-flow
2026-08-21 21:20:00,0.6512879,0.6805281,0.6901667,0.6898372,high-flow,high-flow,high-flow,high-flow
2026-08-21 21:30:00,0.69542736,0.7274328,0.73200184,0.73268545,high-flow,high-flow,high-flow,high-flow
2026-08-21 21:40:00,0.7358983,0.7701036,0.7698299,0.7715315,high-flow,high-flow,high-flow,high-flow
2026-08-21 21:50:00,0.7724035,0.8082454,0.8033805,0.80609757,high-flow,high-flow,high-flow,high-flow
2026-08-21 22:00:00,0.8046665,0.8415989,0.83240986,0.8361326,high-flow,high-flow,high-flow,high-flow
2026-08-21 22:10:00,0.8324345,0.86994267,0.8567031,0.8614141,high-flow,high-flow,high-flow,high-flow
2026-08-21 22:20:00,0.8554801,0.8930945,0.8760754,0.8817497,high-flow,high-flow,high-flow,high-flow
2026-08-21 22:30:00,0.87360406,0.91091233,0.89037365,0.896979,high-flow,high-flow,high-flow,high-flow
2026-08-21 22:40:00,0.88663733,0.9232945,0.8994778,0.90697443,high-flow,high-flow,high-flow,high-flow
2026-08-21 22:50:00,0.89444304,0.93017834,0.9033014,0.91164255,high-flow,high-flow,high-flow,high-flow
2026-08-21 23:00:00,0.8969185,0.9315394,0.90179306,0.9109251,high-flow,high-flow,high-ebb,high-flow
2026-08-21 23:10:00,0.89399666,0.927389,0.8949366,0.9047991,high-ebb,high-ebb,high-ebb,high-ebb
2026-08-21 23:20:00,0.88564783,0.9177721,0.8827515,0.893278,high-ebb,high-ebb,high-ebb,high-ebb
2026-08-21 23:30:00,0.8718807,0.90276444,0.86529297,0.87641126,high-ebb,high-ebb,high-ebb,high-ebb
2026-08-21 23:40:00,0.8527431,0.88247013,0.8426519,0.8542844,high-ebb,high-ebb,high-ebb,high-ebb
2026-08-21 23:50:00,0.82832247,0.8570193,0.81495446,0.82701886,high-ebb,high-ebb,high-ebb,high-ebb
2026-08-22 00:00:00,0.79874617,0.82656634,0.78236115,0.79477113,high-ebb,high-ebb,high-ebb,high-ebb
2026-08-22 00:10:00,0.76418084,0.7912883,0.74506634,0.757732,high-ebb,high-ebb,high-ebb,high-ebb
2026-08-22 00:20:00,0.7248321,0.75138456,0.7032967,0.7161253,high-ebb,high-ebb,high-ebb,high-ebb
2026-08-22 00:30:00,0.680943,0.7070764,0.6573099,0.6702067,high-ebb,high-ebb,high-ebb,high-ebb
2026-08-22 00:40:00,0.6327929,0.6586077,0.6073929,0.6202619,high-ebb,high-ebb,high-ebb,high-ebb
2026-08-22 00:50:00,0.5806951,0.60624564,0.5538601,0.5666046,high-ebb,high-ebb,high-ebb,high-ebb
2026-08-22 01:00:00,0.5249949,0.55028164,0.49705112,0.5095748,high-ebb,high-ebb,high-ebb,high-ebb
2026-08-22 01:10:00,0.46606654,0.4910322,0.43732843,0.44953582,high-ebb,high-ebb,high-ebb,high-ebb
2026-08-22 01:20:00,0.4043104,0.4288394,0.3750748,0.38687247,high-ebb,high-ebb,high-ebb,high-ebb
2026-08-22 01:30:00,0.34014943,0.36407065,0.31069067,0.32198775,high-ebb,high-ebb,high-ebb,high-ebb
2026-08-22 01:40:00,0.27402562,0.2971181,0.24459122,0.2553002,high-ebb,high-ebb,high-ebb,high-ebb
2026-08-22 01:50:00,0.20639609,0.22839643,0.17720331,0.18724088,high-ebb,high-ebb,high-ebb,high-ebb
2026-08-22 02:00:00,0.13772902,0.15834042,0.10896246,0.118250206,high-ebb,high-ebb,high-ebb,high-ebb
2026-08-22 02:10:00,0.068499565,0.08740102,0.04030966,0.048774708,high-ebb,high-ebb,high-ebb,high-ebb
2026-08-22 02:20:00,-0.00081441196,0.016040903,-0.028311875,-0.020736167,low-ebb,high-ebb,low-ebb,low-ebb
2026-08-22 02:30:00,-0.06973658,-0.05527056,-0.096459925,-0.08983341,low-ebb,low-ebb,low-ebb,low-ebb
2026-08-22 02:40:00,-0.13779627,-0.12606283,-0.16369651,-0.1580717,low-ebb,low-ebb,low-ebb,low-ebb
2026-08-22 02:50:00,-0.2045326,-0.19586964,-0.2295911,-0.22501266,low-ebb,low-ebb,low-ebb,low-ebb
2026-08-22 03:00:00,-0.26949835,-0.26423436,-0.29372367,-0.29022813,low-ebb,low-ebb,low-ebb,low-ebb
2026-08-22 03:10:00,-0.3322637,-0.33071476,-0.35568786,-0.3533031,low-ebb,low-ebb,low-ebb,low-ebb
2026-08-22 03:20:00,-0.3924197,-0.3948871,-0.41509372,-0.41383892,low-ebb,low-ebb,low-ebb,low-ebb
2026-08-22 03:30:00,-0.44958135,-0.4563495,-0.47157064,-0.471456,low-ebb,low-ebb,low-ebb,low-ebb
2026-08-22 03:40:00,-0.5033906,-0.51472425,-0.5247699,-0.5257965,low-ebb,low-ebb,low-ebb,low-ebb
2026-08-22 03:50:00,-0.5535187,-0.5696593,-0.574367,-0.57652676,low-ebb,low-ebb,low-ebb,low-ebb
2026-08-22 04:00:00,-0.5996685,-0.6208291,-0.6200639,-0.62333995,low-ebb,low-ebb,low-ebb,low-ebb
2026-08-22 04:10:00,-0.64157593,-0.66793483,-0.6615912,-0.6659575,low-ebb,low-ebb,low-ebb,low-ebb
2026-08-22 04:20:00,-0.6790116,-0.71070397,-0.6987095,-0.70413166,low-ebb,low-ebb,low-ebb,low-ebb
2026-08-22 04:30:00,-0.71178174,-0.74889004,-0.7312113,-0.7376464,low-ebb,low-ebb,low-ebb,low-ebb
2026-08-22 04:40:00,-0.7397288,-0.78227264,-0.7589219,-0.7663192,low-ebb,low-ebb,low-ebb,low-ebb
2026-08-22 04:50:00,-0.7627316,-0.8106572,-0.78170073,-0.7900018,low-ebb,low-ebb,low-ebb,low-ebb
2026-08-22 05:00:00,-0.7807053,-0.8338757,-0.7994417,-0.8085812,low-ebb,low-ebb,low-ebb,low-ebb
2026-08-22 05:10:00,-0.793601,-0.8517879,-0.81207377,-0.82198006,low-ebb,low-ebb,low-ebb,low-ebb
2026-08-22 05:20:00,-0.801405,-0.8642828,-0.8195614,-0.8301569,low-ebb,low-ebb,low-ebb,low-ebb
2026-08-22 05:30:00,-0.80413806,-0.87128085,-0.8219042,-0.8331063,low-ebb,low-ebb,low-ebb,low-ebb
2026-08-22 05:40:00,-0.80185384,-0.8727366,-0.8191366,-0.8308583,low-flow,low-ebb,low-flow,low-flow
2026-08-22 05:50:00,-0.7946378,-0.8686411,-0.81132746,-0.82347816,low-flow,low-flow,low-flow,low-flow
2026-08-22 06:00:00,-0.7826058,-0.8590247,-0.79857916,-0.8110654,low-flow,low-flow,low-flow,low-flow
2026-08-22 06:10:00,-0.76590216,-0.84395885,-0.7810267,-0.79375297,low-flow,low-flow,low-flow,low-flow
2026-08-22 06:20:00,-0.7446982,-0.82355815,-0.7588364,-0.7717059,low-flow,low-flow,low-flow,low-flow
2026-08-22 06:30:00,-0.7191905,-0.7979808,-0.73220444,-0.74512005,low-flow,low-flow,low-flow,low-flow
2026-08-22 06:40:00,-0.6895988,-0.7674286,-0.7013554,-0.71422035,low-flow,low-flow,low-flow,low-flow
2026-08-22 06:50:00,-0.65616465,-0.73214614,-0.6665405,-0.67925924,low-flow,low-flow,low-flow,low-flow
2026-08-22 07:00:00,-0.61914927,-0.6924186,-0.62803566,-0.6405145,low-flow,low-flow,low-flow,low-flow
2026-08-22 07:10:00,-0.57883203,-0.64856887,-0.58613944,-0.59828746,low-flow,low-flow,low-flow,low-flow
2026-08-22 07:20:00,-0.5355085,-0.6009539,-0.541171,-0.5529008,low-flow,low-flow,low-flow,low-flow
2026-08-22 07:30:00,-0.48948905,-0.54996043,-0.49346787,-0.5046959,low-flow,low-flow,low-flow,low-flow
2026-08-22 07:40:00,-0.44109693,-0.49600068,-0.44338343,-0.4540311,low-flow,low-flow,low-flow,low-flow
2026-08-22 07:50:00,-0.39066678,-0.43950713,-0.39128476,-0.40127867,low-flow,low-flow,low-flow,low-flow
2026-08-22 08:00:00,-0.33854303,-0.3809281,-0.33755,-0.34682262,low-flow,low-flow,low-flow,low-flow
2026-08-22 08:10:00,-0.2850783,-0.3207231,-0.28256604,-0.291056,low-flow,low-flow,low-flow,low-flow
2026-08-22 08:20:00,-0.2306318,-0.2593584,-0.2267257,-0.23437847,low-flow,low-flow,low-flow,low-flow
2026-08-22 08:30:00,-0.17556778,-0.19730331,-0.17042547,-0.17719342,low-flow,low-flow,low-flow,low-flow
2026-08-22 08:40:00,-0.120253794,-0.13502623,-0.11406277,-0.11990557,low-flow,low-flow,low-flow,low-flow
2026-08-22 08:50:00,-0.06505911,-0.07299155,-0.05803342,-0.06291823,low-flow,low-flow,low-flow,low-flow
2026-08-22 09:00:00,-0.010352911,-0.011656358,-0.0027291325,-0.006630699,low-flow,low-flow,low-flow,low-flow
2026-08-22 09:10:00,0.043497514,0.048532538,0.051465046,0.0485643,high-flow,high-flow,high-flow,high-flow
2026-08-22 09:20:00,0.09612869,0.10714157,0.104173206,0.102283195,high-flow,high-flow,high-flow,high-flow
2026-08-22 09:30:00,0.14718293,0.16375342,0.15503103,0.15415405,high-flow,high-flow,high-flow,high-flow
2026-08-22 09:40:00,0.19631043,0.21797006,0.2036881,0.203819,high-flow,high-flow,high-flow,high-flow
2026-08-22 09:50:00,0.24317151,0.26941583,0.24981032,0.25093666,high-flow,high-flow,high-flow,high-flow
2026-08-22 10:00:00,0.2874388,0.31774053,0.29308206,0.2951843,high-flow,high-flow,high-flow,high-flow
2026-08-22 10:10:00,0.32879958,0.36262238,0.3332083,0.33626017,high-flow,high-flow,high-flow,high-flow
2026-08-22 10:20:00,0.36695823,0.4037707,0.3699166,0.37388545,high-flow,high-flow,high-flow,high-flow
2026-08-22 10:30:00,0.40163854,0.44092834,0.40295905,0.4078062,high-flow,high-flow,high-flow,high-flow
2026-08-22 10:40:00,0.43258628,0.4738735,0.43211412,0.43779513,high-flow,high-flow,high-flow,high-flow
2026-08-22 10:50:00,0.45957142,0.5024209,0.45718807,0.46365345,high-flow,high-flow,high-flow,high-flow
2026-08-22 11:00:00,0.48239055,0.52642244,0.47801653,0.48521203,high-flow,high-flow,high-flow,high-flow
2026-08-22 11:10:00,0.50086915,0.54576665,0.49446577,0.5023329,high-flow,high-flow,high-flow,high-flow
2026-08-22 11:20:00,0.51486355,0.5603782,0.5064337,0.5149104,high-flow,high-flow,high-flow,high-flow
2026-08-22 11:30:00,0.5242629,0.570216,0.5138509,0.52287173,high-flow,high-flow,high-flow,high-flow
2026-08-22 11:40:00,0.528991,0.57527125,0.51668125,0.52617824,high-flow,high-flow,high-flow,high-flow
2026-08-22 11:50:00,0.52900743,0.57556534,0.51492214,0.52482516,high-flow,high-flow,high-ebb,high-ebb
2026-08-22 12:00:00,0.52430904,0.57114744,0.508605,0.51884234,high-ebb,high-ebb,high-ebb,high-ebb
2026-08-22 12:10:00,0.5149303,0.5620921,0.4977952,0.50829405,high-ebb,high-ebb,high-ebb,high-ebb
2026-08-22 12:20:00,0.5009444,0.54849786,0.48259163,0.49327868,high-ebb,high-ebb,high-ebb,high-ebb
2026-08-22 12:30:00,0.48246258,0.5304855,0.46312633,0.47392806,high-ebb,high-ebb,high-ebb,high-ebb
2026-08-22 12:40:00,0.4596344,0.50819767,0.4395636,0.450407,high-ebb,high-ebb,high-ebb,high-ebb
2026-08-22 12:50:00,0.4326467,0.48179862,0.41209903,0.42291182,high-ebb,high-ebb,high-ebb,high-ebb
2026-08-22 13:00:00,0.40172246,0.4514749,0.38095817,0.3916694,high-ebb,high-ebb,high-ebb,high-ebb
2026-08-22 13:10:00,0.36711934,0.41743612,0.34639493,0.35693538,high-ebb,high-ebb,high-ebb,high-ebb
2026-08-22 13:20:00,0.32912758,0.37991616,0.30868998,0.31899244,high-ebb,high-ebb,high-ebb,high-ebb
2026-08-22 13:30:00,0.28806767,0.33917454,0.2681486,0.2781483,high-ebb,high-ebb,high-ebb,high-ebb
2026-08-22 13:40:00,0.24428761,0.29549712,0.2250984,0.23473333,high-ebb,high-ebb,high-ebb,high-ebb
2026-08-22 13:50:00,0.1981599,0.24919681,0.1798871,0.18909831,high-ebb,high-ebb,high-ebb,high-ebb
2026-08-22 14:00:00,0.15007809,0.2006131,0.13287978,0.1416116,high-ebb,high-ebb,high-ebb,high-ebb
2026-08-22 14:10:00,0.100453176,0.15011092,0.08445609,0.09265649,high-ebb,high-ebb,high-ebb,high-ebb
2026-08-22 14:20:00,0.049709838,0.09807863,0.035007503,0.04262818,high-ebb,high-ebb,high-ebb,high-ebb
2026-08-22 14:30:00,-0.0017176152,0.04492475,-0.01506588,-0.008069209,low-ebb,high-ebb,low-ebb,low-ebb
2026-08-22 14:40:00,-0.053389274,-0.00892603,-0.065358296,-0.059025772,low-ebb,low-ebb,low-ebb,low-ebb
2026-08-22 14:50:00,-0.10486378,-0.06303763,-0.11546153,-0.10982901,low-ebb,low-ebb,low-ebb,low-ebb
2026-08-22 15:00:00,-0.15570241,-0.11696788,-0.1649681,-0.160067,low-ebb,low-ebb,low-ebb,low-ebb
2026-08-22 15:10:00,-0.20547317,-0.17027405,-0.21347447,-0.20933169,low-ebb,low-ebb,low-ebb,low-ebb
2026-08-22 15:20:00,-0.25375468,-0.2225184,-0.2605841,-0.25722197,low-ebb,low-ebb,low-ebb,low-ebb
2026-08-22 15:30:00,-0.30013993,-0.2732733,-0.30591065,-0.3033468,low-ebb,low-ebb,low-ebb,low-ebb
2026-08-22 15:40:00,-0.34423986,-0.3221258,-0.349081,-0.3473284,low-ebb,low-ebb,low-ebb,low-ebb
2026-08-22 15:50:00,-0.38568655,-0.36868164,-0.38973802,-0.3888049,low-ebb,low-ebb,low-ebb,low-ebb
2026-08-22 16:00:00,-0.4241363,-0.41256803,-0.4275435,-0.42743334,low-ebb,low-ebb,low-ebb,low-ebb
2026-08-22 16:10:00,-0.45927224,-0.45343596,-0.46218053,-0.46289212,low-ebb,low-ebb,low-ebb,low-ebb
2026-08-22 16:20:00,-0.4908066,-0.4909613,-0.4933561,-0.49488348,low-ebb,low-ebb,low-ebb,low-ebb
2026-08-22 16:30:00,-0.5184828,-0.52484554,-0.52080315,-0.5231358,low-ebb,low-ebb,low-ebb,low-ebb
2026-08-22 16:40:00,-0.5420767,-0.5548158,-0.54428273,-0.5474053,low-ebb,low-ebb,low-ebb,low-ebb
2026-08-22 16:50:00,-0.56139827,-0.5806247,-0.5635854,-0.56747824,low-ebb,low-ebb,low-ebb,low-ebb
2026-08-22 17:00:00,-0.57629186,-0.60205024,-0.57853305,-0.5831719,low-ebb,low-ebb,low-ebb,low-ebb
2026-08-22 17:10:00,-0.5866372,-0.6188958,-0.58898,-0.59433633,low-ebb,low-ebb,low-ebb,low-ebb
2026-08-22 17:20:00,-0.592349,-0.63099045,-0.5948139,-0.6008548,low-ebb,low-ebb,low-ebb,low-ebb
2026-08-22 17:30:00,-0.5933771,-0.63819003,-0.5959564,-0.60264504,low-ebb,low-ebb,low-ebb,low-ebb
2026-08-22 17:40:00,-0.589706,-0.6403785,-0.59236366,-0.59965914,low-flow,low-ebb,low-flow,low-flow
2026-08-22 17:50:00,-0.5813536,-0.63747,-0.5840266,-0.59188426,low-flow,low-flow,low-flow,low-flow
2026-08-22 18:00:00,-0.56837094,-0.6294112,-0.5709704,-0.579342,low-flow,low-flow,low-flow,low-flow
2026-08-22 18:10:00,-0.55084026,-0.6161839,-0.5532548,-0.56208855,low-flow,low-flow,low-flow,low-flow
2026-08-22 18:20:00,-0.5288742,-0.5978076,-0.5309727,-0.5402139,low-flow,low-flow,low-flow,low-flow
2026-08-22 18:30:00,-0.502614,-0.5743421,-0.50425005,-0.51384073,low-flow,low-flow,low-flow,low-flow
2026-08-22 18:40:00,-0.4722279,-0.54588914,-0.47324425,-0.4831241,low-flow,low-flow,low-flow,low-flow
2026-08-22 18:50:00,-0.43790966,-0.5125939,-0.43814325,-0.4482495,low-flow,low-flow,low-flow,low-flow
2026-08-22 19:00:00,-0.39987668,-0.4746454,-0.39916393,-0.40943173,low-flow,low-flow,low-flow,low-flow
2026-08-22 19:10:00,-0.35836837,-0.43227562,-0.35655054,-0.36691335,low-flow,low-flow,low-flow,low-flow
2026-08-22 19:20:00,-0.31364432,-0.3857584,-0.31057286,-0.32096288,low-flow,low-flow,low-flow,low-flow
2026-08-22 19:30:00,-0.26598275,-0.3354067,-0.2615244,-0.27187273,low-flow,low-flow,low-flow,low-flow
2026-08-22 19:40:00,-0.21567865,-0.28156942,-0.20972018,-0.21995744,low-flow,low-flow,low-flow,low-flow
2026-08-22 19:50:00,-0.16304223,-0.22462751,-0.15549472,-0.16555135,low-flow,low-flow,low-flow,low-flow
2026-08-22 20:00:00,-0.10839733,-0.1649894,-0.09919968,-0.10900645,low-flow,low-flow,low-flow,low-flow
2026-08-22 20:10:00,-0.052079707,-0.103086345,-0.04120163,-0.05068999,low-flow,low-flow,low-flow,low-flow
2026-08-22 20:20:00,0.00556442,-0.039367743,0.01812044,0.009017811,high-flow,low-flow,high-flow,high-flow
2026-08-22 20:30:00,0.06417999,0.025703615,0.078377515,0.06972629,high-flow,high-flow,high-flow,high-flow
2026-08-22 20:40:00,0.12340463,0.09165594,0.13917308,0.13103677,high-flow,high-flow,high-flow,high-flow
2026-08-22 20:50:00,0.18287025,0.15801257,0.20010558,0.19254512,high-flow,high-flow,high-flow,high-flow
2026-08-22 21:00:00,0.24220464,0.22429575,0.26077104,0.25384423,high-flow,high-flow,high-flow,high-flow
2026-08-22 21:10:00,0.3010331,0.2900301,0.3207655,0.31452662,high-flow,high-flow,high-flow,high-flow
2026-08-22 21:20:00,0.35898024,0.3547458,0.37968764,0.37418693,high-flow,high-flow,high-flow,high-flow
2026-08-22 21:30:00,0.41567168,0.41798168,0.4371413,0.43242452,high-flow,high-flow,high-flow,high-flow
2026-08-22 21:40:00,0.47073597,0.4792882,0.49273783,0.48884588,high-flow,high-flow,high-flow,high-flow
2026-08-22 21:50:00,0.5238066,0.53823024,0.54609877,0.5430672,high-flow,high-flow,high-flow,high-flow
2026-08-22 22:00:00,0.5745239,0.59439033,0.596858,0.59471685,high-flow,high-flow,high-flow,high-flow
2026-08-22 22:10:00,0.6225377,0.64737165,0.6446644,0.64343756,high-flow,high-flow,high-flow,high-flow
2026-08-22 22:20:00,0.66750884,0.696801,0.6891839,0.688889,high-flow,high-flow,high-flow,high-flow
2026-08-22 22:30:00,0.70911217,0.74233216,0.73010176,0.7307499,high-flow,high-flow,high-flow,high-flow
2026-08-22 22:40:00,0.7470387,0.7836485,0.7671247,0.7687202,high-flow,high-flow,high-flow,high-flow
2026-08-22 22:50:00,0.7809981,0.82046586,0.7999831,0.8025232,high-flow,high-flow,high-flow,high-flow
2026-08-22 23:00:00,0.8107212,0.8525348,0.8284324,0.8319076,high-flow,high-flow,high-flow,high-flow
2026-08-22 23:10:00,0.83596236,0.87964195,0.8522556,0.856649,high-flow,high-flow,high-flow,high-flow
2026-08-22 23:20:00,0.8565021,0.9016115,0.8712643,0.87655205,high-flow,high-flow,high-flow,high-flow
2026-08-22 23:30:00,0.87214935,0.9183051,0.88530046,0.8914517,high-flow,high-flow,high-flow,high-flow
2026-08-22 23:40:00,0.88274366,0.92962176,0.8942377,0.9012147,high-flow,high-flow,high-flow,high-flow
2026-08-22 23:50:00,0.88815737,0.93549657,0.8979825,0.9057406,high-flow,high-flow,high-flow,high-flow
2026-08-23 00:00:00,0.8882975,0.9358994,0.89647484,0.9049632,high-flow,high-flow,high-ebb,high-flow
2026-08-23 00:10:00,0.88310724,0.93083256,0.8896893,0.89885074,high-ebb,high-ebb,high-ebb,high-ebb
2026-08-23 00:20:00,0.87256765,0.92032903,0.8776355,0.88740695,high-ebb,high-ebb,high-ebb,high-ebb
2026-08-23 00:30:00,0.8566983,0.9044501,0.8603579,0.8706713,high-ebb,high-ebb,high-ebb,high-ebb
2026-08-23 00:40:00,0.83555824,0.88328373,0.83793664,0.8487187,high-ebb,high-ebb,high-ebb,high-ebb
2026-08-23 00:50:00,0.8092464,0.85694313,0.8104866,0.8216599,high-ebb,high-ebb,high-ebb,high-ebb
2026-08-23 01:00:00,0.77790135,0.8255658,0.7781574,0.7896408,high-ebb,high-ebb,high-ebb,high-ebb
2026-08-23 01:10:00,0.7417009,0.78931344,0.7411324,0.7528414,high-ebb,high-ebb,high-ebb,high-ebb
2026-08-23 01:20:00,0.7008613,0.74837214,0.69962764,0.71147555,high-ebb,high-ebb,high-ebb,high-ebb
2026-08-23 01:30:00,0.65563565,0.70295334,0.6538909,0.66578907,high-ebb,high-ebb,high-ebb,high-ebb
2026-08-23 01:40:00,0.6063126,0.65329504,0.6041998,0.61605865,high-ebb,high-ebb,high-ebb,high-ebb
2026-08-23 01:50:00,0.5532138,0.59966284,0.5508603,0.5625898,high-ebb,high-ebb,high-ebb,high-ebb
2026-08-23 02:00:00,0.49669164,0.5423514,0.4942044,0.5057152,high-ebb,high-ebb,high-ebb,high-ebb
2026-08-23 02:10:00,0.43712622,0.48168495,0.4345882,0.44579193,high-ebb,high-ebb,high-ebb,high-ebb
2026-08-23 02:20:00,0.3749222,0.41801733,0.37238914,0.3831995,high-ebb,high-ebb,high-ebb,high-ebb
2026-08-23 02:30:00,0.3105052,0.35173136,0.3080036,0.31833693,high-ebb,high-ebb,high-ebb,high-ebb
2026-08-23 02:40:00,0.2443183,0.28323704,0.2418438,0.25161988,high-ebb,high-ebb,high-ebb,high-ebb
2026-08-23 02:50:00,0.17681786,0.21296872,0.174335,0.18347768,high-ebb,high-ebb,high-ebb,high-ebb
2026-08-23 03:00:00,0.10846953,0.14138146,0.1059123,0.114350274,high-ebb,high-ebb,high-ebb,high-ebb
2026-08-23 03:10:00,0.039744157,0.06894626,0.03701744,0.044684783,high-ebb,high-ebb,high-ebb,high-ebb
2026-08-23 03:20:00,-0.028886465,-0.0038551062,-0.031904478,-0.02506769,low-ebb,low-ebb,low-ebb,low-ebb
2026-08-23 03:30:00,-0.09695373,-0.076535836,-0.1004083,-0.09445548,low-ebb,low-ebb,low-ebb,low-ebb
2026-08-23 03:40:00,-0.16399628,-0.14860995,-0.16805217,-0.16302972,low-ebb,low-ebb,low-ebb,low-ebb
2026-08-23 03:50:00,-0.22956394,-0.21959785,-0.23440081,-0.23034772,low-ebb,low-ebb,low-ebb,low-ebb
2026-08-23 04:00:00,-0.2932215,-0.28903162,-0.29902878,-0.2959763,low-ebb,low-ebb,low-ebb,low-ebb
2026-08-23 04:10:00,-0.35455218,-0.35645953,-0.36152363,-0.35949495,low-ebb,low-ebb,low-ebb,low-ebb
2026-08-23 04:20:00,-0.41316095,-0.42144966,-0.4214889,-0.42049906,low-ebb,low-ebb,low-ebb,low-ebb
2026-08-23 04:30:00,-0.46867737,-0.48359284,-0.47854716,-0.47860274,low-ebb,low-ebb,low-ebb,low-ebb
2026-08-23 04:40:00,-0.5207584,-0.5425046,-0.53234255,-0.5334418,low-ebb,low-ebb,low-ebb,low-ebb
2026-08-23 04:50:00,-0.5690903,-0.5978261,-0.58254343,-0.5846762,low-ebb,low-ebb,low-ebb,low-ebb
2026-08-23 05:00:00,-0.6133911,-0.64922506,-0.62884474,-0.6319925,low-ebb,low-ebb,low-ebb,low-ebb
2026-08-23 05:10:00,-0.6534115,-0.6963956,-0.6709699,-0.6751062,low-ebb,low-ebb,low-ebb,low-ebb
2026-08-23 05:20:00,-0.6889365,-0.7390581,-0.70867294,-0.7137634,low-ebb,low-ebb,low-ebb,low-ebb
2026-08-23 05:30:00,-0.71978587,-0.7769596,-0.74173975,-0.74774253,low-ebb,low-ebb,low-ebb,low-ebb
2026-08-23 05:40:00,-0.7458148,-0.8098739,-0.76998967,-0.77685577,low-ebb,low-ebb,low-ebb,low-ebb
2026-08-23 05:50:00,-0.76691395,-0.83760214,-0.79327637,-0.80095,low-ebb,low-ebb,low-ebb,low-ebb
2026-08-23 06:00:00,-0.78300923,-0.8599742,-0.8114886,-0.81990796,low-ebb,low-ebb,low-ebb,low-ebb
2026-08-23 06:10:00,-0.7940613,-0.87685066,-0.82455075,-0.8336484,low-ebb,low-ebb,low-ebb,low-ebb
2026-08-23 06:20:00,-0.80006486,-0.8881244,-0.832423,-0.8421264,low-ebb,low-ebb,low-ebb,low-ebb
2026-08-23 06:30:00,-0.8010476,-0.89372385,-0.83510107,-0.84533364,low-ebb,low-ebb,low-ebb,low-ebb
2026-08-23 06:40:00,-0.79706925,-0.893615,-0.8326164,-0.8432976,low-flow,low-ebb,low-flow,low-flow
2026-08-23 06:50:00,-0.78822017,-0.88780445,-0.825035,-0.8360815,low-flow,low-flow,low-flow,low-flow
2026-08-23 07:00:00,-0.77461976,-0.87634116,-0.8124569,-0.82378316,low-flow,low-flow,low-flow,low-flow
2026-08-23 07:10:00,-0.7564153,-0.8593184,-0.79501516,-0.8065342,low-flow,low-flow,low-flow,low-flow
2026-08-23 07:20:00,-0.7337802,-0.83687425,-0.7728745,-0.7844985,low-flow,low-flow,low-flow,low-flow
2026-08-23 07:30:00,-0.7069123,-0.8091919,-0.7462298,-0.75787115,low-flow,low-flow,low-flow,low-flow
2026-08-23 07:40:00,-0.67603236,-0.7764983,-0.71530485,-0.7268765,low-flow,low-flow,low-flow,low-flow
2026-08-23 07:50:00,-0.6413824,-0.7390626,-0.68035007,-0.69176656,low-flow,low-flow,low-flow,low-flow
2026-08-23 08:00:00,-0.6032242,-0.69719267,-0.641641,-0.65281904,low-flow,low-flow,low-flow,low-flow
2026-08-23 08:10:00,-0.5618376,-0.65123224,-0.59947604,-0.6103351,low-flow,low-flow,low-flow,low-flow
2026-08-23 08:20:00,-0.5175188,-0.6015561,-0.5541744,-0.5646375,low-flow,low-flow,low-flow,low-flow
2026-08-23 08:30:00,-0.47057906,-0.54856604,-0.5060739,-0.5160679,low-flow,low-flow,low-flow,low-flow
2026-08-23 08:40:00,-0.42134303,-0.492686,-0.45552853,-0.4649851,low-flow,low-flow,low-flow,low-flow
2026-08-23 08:50:00,-0.3701473,-0.43435735,-0.40290627,-0.4117619,low-flow,low-flow,low-flow,low-flow
2026-08-23 09:00:00,-0.31733873,-0.3740346,-0.34858644,-0.35678324,low-flow,low-flow,low-flow,low-flow
2026-08-23 09:10:00,-0.2632731,-0.3121812,-0.2929574,-0.30044326,low-flow,low-flow,low-flow,low-flow
2026-08-23 09:20:00,-0.20831332,-0.24926563,-0.23641402,-0.24314298,low-flow,low-flow,low-flow,low-flow
2026-08-23 09:30:00,-0.1528279,-0.1857579,-0.17935514,-0.18528767,low-flow,low-flow,low-flow,low-flow
2026-08-23 09:40:00,-0.09718929,-0.12212651,-0.12218107,-0.12728426,low-flow,low-flow,low-flow,low-flow
2026-08-23 09:50:00,-0.041772,-0.058835253,-0.065291114,-0.06953873,low-flow,low-flow,low-flow,low-flow
2026-08-23 10:00:00,0.013049223,0.0036595396,-0.009080982,-0.012453615,high-flow,high-flow,low-flow,low-flow
2026-08-23 10:10:00,0.06690137,0.06491189,0.04605961,0.043574568,high-flow,high-flow,high-flow,high-flow
2026-08-23 10:20:00,0.11941525,0.12448905,0.09974944,0.09815785,high-flow,high-flow,high-flow,high-flow
2026-08-23 10:30:00,0.1702277,0.1819745,0.1516182,0.15091927,high-flow,high-flow,high-flow,high-flow
2026-08-23 10:40:00,0.21898386,0.23697102,0.20130883,0.20149533,high-flow,high-flow,high-flow,high-flow
2026-08-23 10:50:00,0.26533952,0.28910375,0.24847995,0.2495383,high-flow,high-flow,high-flow,high-flow
2026-08-23 11:00:00,0.30896375,0.33802328,0.29280794,0.2947186,high-flow,high-flow,high-flow,high-flow
2026-08-23 11:10:00,0.34954116,0.38340852,0.33398923,0.3367269,high-flow,high-flow,high-flow,high-flow
2026-08-23 11:20:00,0.38677478,0.42496914,0.37174243,0.37527642,high-flow,high-flow,high-flow,high-flow
2026-08-23 11:30:00,0.42038843,0.4624479,0.40581015,0.4101047,high-flow,high-flow,high-flow,high-flow
2026-08-23 11:40:00,0.45012945,0.495622,0.435961,0.44097576,high-flow,high-flow,high-flow,high-flow
2026-08-23 11:50:00,0.47577107,0.524304,0.46199122,0.4676816,high-flow,high-flow,high-flow,high-flow
2026-08-23 12:00:00,0.4971149,0.548342,0.48372638,0.49004394,high-flow,high-flow,high-flow,high-flow
2026-08-23 12:10:00,0.5139932,0.56761926,0.50102276,0.50791574,high-flow,high-flow,high-flow,high-flow
2026-08-23 12:20:00,0.5262711,0.58205307,0.5137684,0.5211822,high-flow,high-flow,high-flow,high-flow
2026-08-23 12:30:00,0.53384835,0.5915931,0.5218845,0.52976197,high-flow,high-flow,high-flow,high-flow
2026-08-23 12:40:00,0.53666085,0.59621984,0.5253261,0.5336081,high-flow,high-flow,high-flow,high-flow
2026-08-23 12:50:00,0.53468233,0.5959428,0.52408236,0.53270835,high-ebb,high-flow,high-ebb,high-flow
2026-08-23 13:00:00,0.52792513,0.5907986,0.5181777,0.52708584,high-ebb,high-ebb,high-ebb,high-ebb
2026-08-23 13:10:00,0.5164407,0.58084995,0.50767106,0.51679903,high-ebb,high-ebb,high-ebb,high-ebb
2026-08-23 13:20:00,0.5003202,0.5661842,0.49265653,0.50194156,high-ebb,high-ebb,high-ebb,high-ebb
2026-08-23 13:30:00,0.4796941,0.54691404,0.47326237,0.48264202,high-ebb,high-ebb,high-ebb,high-ebb
2026-08-23 13:40:00,0.4547316,0.5231767,0.44965065,0.45906293,high-ebb,high-ebb,high-ebb,high-ebb
2026-08-23 13:50:00,0.42563975,0.49513564,0.42201623,0.43140006,high-ebb,high-ebb,high-ebb,high-ebb
2026-08-23 14:00:00,0.3926619,0.46298134,0.39058557,0.39988106,high-ebb,high-ebb,high-ebb,high-ebb
2026-08-23 14:10:00,0.35607588,0.42693278,0.3556151,0.364764,high-ebb,high-ebb,high-ebb,high-ebb
2026-08-23 14:20:00,0.31619173,0.38723898,0.3173897,0.3263355,high-ebb,high-ebb,high-ebb,high-ebb
2026-08-23 14:30:00,0.2733491,0.34417987,0.27622035,0.28490865,high-ebb,high-ebb,high-ebb,high-ebb
2026-08-23 14:40:00,0.22791411,0.29806685,0.23244217,0.24082099,high-ebb,high-ebb,high-ebb,high-ebb
2026-08-23 14:50:00,0.18027622,0.2492426,0.1864117,0.19443159,high-ebb,high-ebb,high-ebb,high-ebb
2026-08-23 15:00:00,0.13084449,0.1980797,0.13850434,0.14611864,high-ebb,high-ebb,high-ebb,high-ebb
2026-08-23 15:10:00,0.0800439,0.14497846,0.089111395,0.09627639,high-ebb,high-ebb,high-ebb,high-ebb
2026-08-23 15:20:00,0.028311241,0.09036353,0.038637012,0.045312095,high-ebb,high-ebb,high-ebb,high-ebb
2026-08-23 15:30:00,-0.023908902,0.03467957,-0.012504967,-0.00635715,low-ebb,high-ebb,low-ebb,low-ebb
2026-08-23 15:40:00,-0.076168366,-0.0216138,-0.063894324,-0.05830776,low-ebb,low-ebb,low-ebb,low-ebb
2026-08-23 15:50:00,-0.12801957,-0.078047715,-0.11510781,-0.11011301,low-ebb,low-ebb,low-ebb,low-ebb
2026-08-23 16:00:00,-0.17901966,-0.13415003,-0.16572256,-0.16134647,low-ebb,low-ebb,low-ebb,low-ebb
2026-08-23 16:10:00,-0.2287345,-0.18945126,-0.21531947,-0.21158539,low-ebb,low-ebb,low-ebb,low-ebb
2026-08-23 16:20:00,-0.27674258,-0.2434903,-0.26348662,-0.26041415,low-ebb,low-ebb,low-ebb,low-ebb
2026-08-23 16:30:00,-0.3226387,-0.29581946,-0.30982253,-0.30742756,low-ebb,low-ebb,low-ebb,low-ebb
2026-08-23 16:40:00,-0.36603734,-0.34600887,-0.35393944,-0.352234,low-ebb,low-ebb,low-ebb,low-ebb
2026-08-23 16:50:00,-0.40657586,-0.39364997,-0.39546636,-0.3944587,low-ebb,low-ebb,low-ebb,low-ebb
2026-08-23 17:00:00,-0.44391724,-0.43835798,-0.43405205,-0.43374658,low-ebb,low-ebb,low-ebb,low-ebb
2026-08-23 17:10:00,-0.47775275,-0.47977376,-0.46936777,-0.46976504,low-ebb,low-ebb,low-ebb,low-ebb
2026-08-23 17:20:00,-0.5078038,-0.51756465,-0.5011098,-0.50220644,low-ebb,low-ebb,low-ebb,low-ebb
2026-08-23 17:30:00,-0.53382397,-0.55142504,-0.5290017,-0.5307907,low-ebb,low-ebb,low-ebb,low-ebb
2026-08-23 17:40:00,-0.55560035,-0.5810764,-0.55279666,-0.5552669,low-ebb,low-ebb,low-ebb,low-ebb
2026-08-23 17:50:00,-0.5729543,-0.60626715,-0.5722789,-0.5754157,low-ebb,low-ebb,low-ebb,low-ebb
2026-08-23 18:00:00,-0.58574253,-0.6267732,-0.5872656,-0.59105027,low-ebb,low-ebb,low-ebb,low-ebb
2026-08-23 18:10:00,-0.59385705,-0.6423982,-0.5976078,-0.6020181,low-ebb,low-ebb,low-ebb,low-ebb
2026-08-23 18:20:00,-0.59722537,-0.65297455,-0.6031915,-0.60820156,low-ebb,low-ebb,low-ebb,low-ebb
2026-08-23 18:30:00,-0.5958102,-0.6583648,-0.60393846,-0.6095188,low-flow,low-ebb,low-ebb,low-ebb
2026-08-23 18:40:00,-0.58960855,-0.65846366,-0.5998064,-0.605924,low-flow,low-ebb,low-flow,low-flow
2026-08-23 18:50:00,-0.5786515,-0.6532003,-0.5907892,-0.59740764,low-flow,low-flow,low-flow,low-flow
2026-08-23 19:00:00,-0.5630025,-0.64254093,-0.5769165,-0.5839962,low-flow,low-flow,low-flow,low-flow
2026-08-23 19:10:00,-0.54275674,-0.6264911,-0.55825347,-0.5657516,low-flow,low-flow,low-flow,low-flow
2026-08-23 19:20:00,-0.5180394,-0.60509837,-0.5349001,-0.5427711,low-flow,low-flow,low-flow,low-flow
2026-08-23 19:30:00,-0.4890043,-0.57845366,-0.50699013,-0.51518553,low-flow,low-flow,low-flow,low-flow
2026-08-23 19:40:00,-0.45583248,-0.54669285,-0.47469002,-0.4831588,low-flow,low-flow,low-flow,low-flow
2026-08-23 19:50:00,-0.4187304,-0.5099968,-0.43819734,-0.44688624,low-flow,low-flow,low-flow,low-flow
2026-08-23 20:00:00,-0.37792847,-0.46859092,-0.39773953,-0.4065932,low-flow,low-flow,low-flow,low-flow
2026-08-23 20:10:00,-0.3336793,-0.42274356,-0.3535719,-0.3625332,low-flow,low-flow,low-flow,low-flow
2026-08-23 20:20:00,-0.28625602,-0.37276345,-0.30597588,-0.31498623,low-flow,low-flow,low-flow,low-flow
2026-08-23 20:30:00,-0.23595074,-0.31899652,-0.25525704,-0.26425666,low-flow,low-flow,low-flow,low-flow
2026-08-23 20:40:00,-0.18307285,-0.26182193,-0.20174275,-0.21067108,low-flow,low-flow,low-flow,low-flow
2026-08-23 20:50:00,-0.1279474,-0.20164764,-0.14578022,-0.15457629,low-flow,low-flow,low-flow,low-flow
2026-08-23 21:00:00,-0.070913516,-0.13890587,-0.08773399,-0.09633675,low-flow,low-flow,low-flow,low-flow
2026-08-23 21:10:00,-0.012322808,-0.07404832,-0.027983604,-0.03633238,low-flow,low-flow,low-flow,low-flow
2026-08-23 21:20:00,0.04746227,-0.0075416453,0.033078827,0.025043936,high-flow,low-flow,high-flow,high-flow
2026-08-23 21:30:00,0.10806999,0.060136847,0.09505112,0.087388806,high-flow,high-flow,high-flow,high-flow
2026-08-23 21:40:00,0.16912106,0.12850322,0.15752353,0.15029085,high-flow,high-flow,high-flow,high-flow
2026-08-23 21:50:00,0.23023024,0.19707055,0.22008131,0.21333322,high-flow,high-flow,high-flow,high-flow
2026-08-23 22:00:00,0.2910082,0.26535225,0.2823073,0.27609622,high-flow,high-flow,high-flow,high-flow
2026-08-23 22:10:00,0.35106334,0.33286518,0.3437844,0.33815974,high-flow,high-flow,high-flow,high-flow
2026-08-23 22:20:00,0.41000363,0.39913252,0.40409815,0.39910603,high-flow,high-flow,high-flow,high-flow
2026-08-23 22:30:00,0.46743867,0.4636867,0.46283945,0.45852202,high-flow,high-flow,high-flow,high-flow
2026-08-23 22:40:00,0.52298194,0.52607226,0.5196068,0.51600206,high-flow,high-flow,high-flow,high-flow
2026-08-23 22:50:00,0.5762529,0.58584875,0.5740092,0.5711504,high-flow,high-flow,high-flow,high-flow
2026-08-23 23:00:00,0.6268793,0.6425939,0.625668,0.6235836,high-flow,high-flow,high-flow,high-flow
2026-08-23 23:10:00,0.6744998,0.69590694,0.6742201,0.67293316,high-flow,high-flow,high-flow,high-flow
2026-08-23 23:20:00,0.71876645,0.7454113,0.7193197,0.7188477,high-flow,high-flow,high-flow,high-flow
2026-08-23 23:30:00,0.759347,0.7907583,0.76064104,0.7609955,high-flow,high-flow,high-flow,high-flow
2026-08-23 23:40:00,0.7959281,0.83162963,0.79788023,0.7990668,high-flow,high-flow,high-flow,high-flow
2026-08-23 23:50:00,0.82821757,0.86774015,0.8307579,0.83277583,high-flow,high-flow,high-flow,high-flow
2026-08-24 00:00:00,0.8559471,0.8988396,0.85902077,0.861863,high-flow,high-flow,high-flow,high-flow
2026-08-24 00:10:00,0.87887496,0.9247144,0.8824438,0.88609695,high-flow,high-flow,high-flow,high-flow
2026-08-24 00:20:00,0.8967888,0.945188,0.90083206,0.9052763,high-flow,high-flow,high-flow,high-flow
2026-08-24 00:30:00,0.90950745,0.96012145,0.91402215,0.9192313,high-flow,high-flow,high-flow,high-flow
2026-08-24 00:40:00,0.9168839,0.96941245,0.92188394,0.92782557,high-flow,high-flow,high-flow,high-flow
2026-08-24 00:50:00,0.9188067,0.9729945,0.9243216,0.9309572,high-flow,high-flow,high-flow,high-flow
2026-08-24 01:00:00,0.9152024,0.9708353,0.9212749,0.9285601,high-ebb,high-ebb,high-ebb,high-ebb
2026-08-24 01:10:00,0.90603644,0.9629354,0.91271996,0.92060477,high-ebb,high-ebb,high-ebb,high-ebb
2026-08-24 01:20:00,0.891315,0.9493263,0.89866984,0.90709907,high-ebb,high-ebb,high-ebb,high-ebb
2026-08-24 01:30:00,0.87108517,0.9300691,0.87917507,0.8880887,high-ebb,high-ebb,high-ebb,high-ebb
2026-08-24 01:40:00,0.845436,0.9052539,0.8543235,0.8636572,high-ebb,high-ebb,high-ebb,high-ebb
2026-08-24 01:50:00,0.8144981,0.8749988,0.8242404,0.83392584,high-ebb,high-ebb,high-ebb,high-ebb
2026-08-24 02:00:00,0.77844363,0.8394505,0.7890879,0.7990534,high-ebb,high-ebb,high-ebb,high-ebb
2026-08-24 02:10:00,0.73748505,0.79878414,0.7490642,0.7592352,high-ebb,high-ebb,high-ebb,high-ebb
2026-08-24 02:20:00,0.69187427,0.7532053,0.7044025,0.71470237,high-ebb,high-ebb,high-ebb,high-ebb
2026-08-24 02:30:00,0.6419006,0.7029504,0.65536964,0.66572016,high-ebb,high-ebb,high-ebb,high-ebb
2026-08-24 02:40:00,0.58788896,0.6482887,0.6022647,0.61258674,high-ebb,high-ebb,high-ebb,high-ebb
2026-08-24 02:50:00,0.53019696,0.5895229,0.54541665,0.55563086,high-ebb,high-ebb,high-ebb,high-ebb
2026-08-24 03:00:00,0.46921235,0.5269902,0.48518252,0.49521,high-ebb,high-ebb,high-ebb,high-ebb
2026-08-24 03:10:00,0.40534952,0.4610618,0.42194468,0.43170768,high-ebb,high-ebb,high-ebb,high-ebb
2026-08-24 03:20:00,0.33904606,0.39214244,0.35610825,0.36553085,high-ebb,high-ebb,high-ebb,high-ebb
2026-08-24 03:30:00,0.2707588,0.32066786,0.28809816,0.2971069,high-ebb,high-ebb,high-ebb,high-ebb
2026-08-24 03:40:00,0.20096,0.24710202,0.21835595,0.22688054,high-ebb,high-ebb,high-ebb,high-ebb
2026-08-24 03:50:00,0.13013288,0.17193276,0.14733653,0.15531042,high-ebb,high-ebb,high-ebb,high-ebb
2026-08-24 04:00:00,0.058767572,0.095666796,0.075504735,0.08286572,high-ebb,high-ebb,high-ebb,high-ebb
2026-08-24 04:10:00,-0.01264335,0.018823942,0.003331737,0.010022537,low-ebb,high-ebb,high-ebb,high-ebb
2026-08-24 04:20:00,-0.08360915,-0.05806918,-0.06870851,-0.06273978,low-ebb,low-ebb,low-ebb,low-ebb
2026-08-24 04:30:00,-0.15364519,-0.13448548,-0.14014296,-0.1349423,low-ebb,low-ebb,low-ebb,low-ebb
2026-08-24 04:40:00,-0.22227706,-0.20990364,-0.21050307,-0.20611022,low-ebb,low-ebb,low-ebb,low-ebb
2026-08-24 04:50:00,-0.2890445,-0.2838139,-0.2793285,-0.27577657,low-ebb,low-ebb,low-ebb,low-ebb
2026-08-24 05:00:00,-0.35350516,-0.35572308,-0.3461705,-0.34348565,low-ebb,low-ebb,low-ebb,low-ebb
2026-08-24 05:10:00,-0.4152381,-0.42515898,-0.41059548,-0.4087968,low-ebb,low-ebb,low-ebb,low-ebb
2026-08-24 05:20:00,-0.47384688,-0.49167356,-0.47218817,-0.47128743,low-ebb,low-ebb,low-ebb,low-ebb
2026-08-24 05:30:00,-0.52896243,-0.55484545,-0.5305548,-0.5305564,low-ebb,low-ebb,low-ebb,low-ebb
2026-08-24 05:40:00,-0.5802455,-0.6142813,-0.58532584,-0.5862269,low-ebb,low-ebb,low-ebb,low-ebb
2026-08-24 05:50:00,-0.62738895,-0.6696169,-0.636159,-0.6379492,low-ebb,low-ebb,low-ebb,low-ebb
2026-08-24 06:00:00,-0.67011917,-0.7205172,-0.6827413,-0.68540317,low-ebb,low-ebb,low-ebb,low-ebb
2026-08-24 06:10:00,-0.70819783,-0.766677,-0.7247913,-0.7283004,low-ebb,low-ebb,low-ebb,low-ebb
2026-08-24 06:20:00,-0.7414226,-0.8078203,-0.76206106,-0.76638615,low-ebb,low-ebb,low-ebb,low-ebb
2026-08-24 06:30:00,-0.7696278,-0.84370136,-0.7943377,-0.7994411,low-ebb,low-ebb,low-ebb,low-ebb
2026-08-24 06:40:00,-0.7926848,-0.8741048,-0.8214444,-0.8272825,low-ebb,low-ebb,low-ebb,low-ebb
2026-08-24 06:50:00,-0.81050205,-0.8988471,-0.8432418,-0.84976524,low-ebb,low-ebb,low-ebb,low-ebb
2026-08-24 07:00:00,-0.82302445,-0.91777813,-0.85962814,-0.8667825,low-ebb,low-ebb,low-ebb,low-ebb
2026-08-24 07:10:00,-0.83023304,-0.930783,-0.87053996,-0.8782661,low-ebb,low-ebb,low-ebb,low-ebb
2026-08-24 07:20:00,-0.832144,-0.9377845,-0.875952,-0.8841868,low-ebb,low-ebb,low-ebb,low-ebb
2026-08-24 07:30:00,-0.82880783,-0.9387457,-0.87587684,-0.8845538,low-flow,low-ebb,low-ebb,low-ebb
2026-08-24 07:40:00,-0.82030785,-0.93367195,-0.8703646,-0.8794142,low-flow,low-flow,low-flow,low-flow
2026-08-24 07:50:00,-0.8067589,-0.92261297,-0.8595021,-0.8688527,low-flow,low-flow,low-flow,low-flow
2026-08-24 08:00:00,-0.78830606,-0.9056644,-0.84341156,-0.8529899,low-flow,low-flow,low-flow,low-flow
2026-08-24 08:10:00,-0.76512307,-0.88296807,-0.82224977,-0.8319817,low-flow,low-flow,low-flow,low-flow
2026-08-24 08:20:00,-0.7374105,-0.8547123,-0.7962064,-0.8060175,low-flow,low-flow,low-flow,low-flow
2026-08-24 08:30:00,-0.7053943,-0.82113034,-0.7655023,-0.7753185,low-flow,low-flow,low-flow,low-flow
2026-08-24 08:40:00,-0.6693242,-0.7824985,-0.7303878,-0.740136,low-flow,low-flow,low-flow,low-flow
2026-08-24 08:50:00,-0.6294719,-0.7391332,-0.69114083,-0.70074964,low-flow,low-flow,low-flow,low-flow
2026-08-24 09:00:00,-0.58612937,-0.6913872,-0.6480646,-0.6574646,low-flow,low-flow,low-flow,low-flow
2026-08-24 09:10:00,-0.53960735,-0.6396457,-0.6014856,-0.61061025,low-flow,low-flow,low-flow,low-flow
2026-08-24 09:20:00,-0.49023354,-0.5843216,-0.5517513,-0.56053716,low-flow,low-flow,low-flow,low-flow
2026-08-24 09:30:00,-0.43835112,-0.5258511,-0.49922755,-0.507615,low-flow,low-flow,low-flow,low-flow
2026-08-24 09:40:00,-0.38431686,-0.46468875,-0.44429645,-0.45222983,low-flow,low-flow,low-flow,low-flow
2026-08-24 09:50:00,-0.3284996,-0.40130353,-0.3873537,-0.39478186,low-flow,low-flow,low-flow,low-flow
2026-08-24 10:00:00,-0.27127838,-0.33617446,-0.32880595,-0.33568263,low-flow,low-flow,low-flow,low-flow
2026-08-24 10:10:00,-0.21304089,-0.26978704,-0.26906854,-0.27535248,low-flow,low-flow,low-flow,low-flow
2026-08-24 10:20:00,-0.15418138,-0.20262973,-0.20856263,-0.21421781,low-flow,low-flow,low-flow,low-flow
2026-08-24 10:30:00,-0.09509897,-0.13519101,-0.14771268,-0.1527086,low-flow,low-flow,low-flow,low-flow
2026-08-24 10:40:00,-0.03619555,-0.067956336,-0.086943865,-0.091255575,low-flow,low-flow,low-flow,low-flow
2026-08-24 10:50:00,0.02212627,-0.0014054354,-0.02667946,-0.030287584,high-flow,low-flow,low-flow,low-flow
2026-08-24 11:00:00,0.079465374,0.06399053,0.03266181,0.029771024,high-flow,high-flow,high-flow,high-flow
2026-08-24 11:10:00,0.1354244,0.12777184,0.09066835,0.088503085,high-flow,high-flow,high-flow,high-flow
2026-08-24 11:20:00,0.18961221,0.18949322,0.14693826,0.14550124,high-flow,high-flow,high-flow,high-flow
2026-08-24 11:30:00,0.24164635,0.248727,0.20108193,0.20037052,high-flow,high-flow,high-flow,high-flow
2026-08-24 11:40:00,0.2911557,0.3050663,0.2527245,0.2527309,high-flow,high-flow,high-flow,high-flow
2026-08-24 11:50:00,0.33778307,0.3581283,0.3015083,0.30221984,high-flow,high-flow,high-flow,high-flow
2026-08-24 12:00:00,0.38118812,0.4075574,0.3470954,0.34849462,high-flow,high-flow,high-flow,high-flow
2026-08-24 12:10:00,0.42104995,0.45302802,0.38916975,0.39123487,high-flow,high-flow,high-flow,high-flow
2026-08-24 12:20:00,0.45707,0.4942471,0.4274396,0.4301447,high-flow,high-flow,high-flow,high-flow
2026-08-24 12:30:00,0.48897478,0.5309561,0.46163952,0.4649549,high-flow,high-flow,high-flow,high-flow
2026-08-24 12:40:00,0.51651853,0.5629323,0.4915325,0.49542502,high-flow,high-flow,high-flow,high-flow
2026-08-24 12:50:00,0.5394858,0.5899895,0.5169118,0.5213452,high-flow,high-flow,high-flow,high-flow
2026-08-24 13:00:00,0.557694,0.61197793,0.5376026,0.54253805,high-flow,high-flow,high-flow,high-flow
2026-08-24 13:10:00,0.5709955,0.6287841,0.5534639,0.55886,high-flow,high-flow,high-flow,high-flow
2026-08-24 13:20:00,0.57927954,0.6403293,0.5643893,0.5702028,high-flow,high-flow,high-flow,high-flow
2026-08-24 13:30:00,0.5824743,0.64656866,0.5703086,0.5764947,high-flow,high-flow,high-flow,high-flow
2026-08-24 13:40:00,0.58054805,0.64748967,0.57118875,0.57770115,high-ebb,high-flow,high-flow,high-flow
2026-08-24 13:50:00,0.57351017,0.643111,0.56703407,0.5738256,high-ebb,high-ebb,high-ebb,high-ebb
2026-08-24 14:00:00,0.56141216,0.63348144,0.55788684,0.5649099,high-ebb,high-ebb,high-ebb,high-ebb
2026-08-24 14:10:00,0.5443475,0.61867946,0.54382765,0.55103415,high-ebb,high-ebb,high-ebb,high-ebb
2026-08-24 14:20:00,0.5224518,0.59881294,0.5249749,0.53231686,high-ebb,high-ebb,high-ebb,high-ebb
2026-08-24 14:30:00,0.4959021,0.5740199,0.5014842,0.50891393,high-ebb,high-ebb,high-ebb,high-ebb
2026-08-24 14:40:00,0.4649157,0.54446936,0.4735479,0.48101822,high-ebb,high-ebb,high-ebb,high-ebb
2026-08-24 14:50:00,0.42974886,0.51036245,0.44139358,0.44885817,high-ebb,high-ebb,high-ebb,high-ebb
2026-08-24 15:00:00,0.39069477,0.471934,0.40528288,0.41269636,high-ebb,high-ebb,high-ebb,high-ebb
2026-08-24 15:10:00,0.34808114,0.4294535,0.36550948,0.3728277,high-ebb,high-ebb,high-ebb,high-ebb
2026-08-24 15:20:00,0.3022675,0.3832262,0.3223971,0.32957742,high-ebb,high-ebb,high-ebb,high-ebb
2026-08-24 15:30:00,0.253642,0.33359322,0.27629727,0.28329846,high-ebb,high-ebb,high-ebb,high-ebb
2026-08-24 15:40:00,0.20261799,0.28093097,0.22758646,0.23436904,high-ebb,high-ebb,high-ebb,high-ebb
2026-08-24 15:50:00,0.14963023,0.22564937,0.17666328,0.18318962,high-ebb,high-ebb,high-ebb,high-ebb
2026-08-24 16:00:00,0.09513093,0.16818932,0.12394537,0.13017978,high-ebb,high-ebb,high-ebb,high-ebb
2026-08-24 16:10:00,0.039585445,0.10901863,0.069866076,0.07577489,high-ebb,high-ebb,high-ebb,high-ebb
2026-08-24 16:20:00,-0.016531928,0.048627276,0.014870895,0.020422596,low-ebb,high-ebb,high-ebb,high-ebb
2026-08-24 16:30:00,-0.07274242,-0.012478382,-0.04058607,-0.03542081,low-ebb,low-ebb,low-ebb,low-ebb
2026-08-24 16:40:00,-0.12856717,-0.073781885,-0.09604588,-0.09129412,low-ebb,low-ebb,low-ebb,low-ebb
2026-08-24 16:50:00,-0.18353166,-0.13476329,-0.15104854,-0.14673498,low-ebb,low-ebb,low-ebb,low-ebb
2026-08-24 17:00:00,-0.23716992,-0.19490579,-0.20513675,-0.20128372,low-ebb,low-ebb,low-ebb,low-ebb
2026-08-24 17:10:00,-0.28902876,-0.253702,-0.2578597,-0.25448713,low-ebb,low-ebb,low-ebb,low-ebb
2026-08-24 17:20:00,-0.33867157,-0.31065974,-0.3087769,-0.30590212,low-ebb,low-ebb,low-ebb,low-ebb
2026-08-24 17:30:00,-0.3856821,-0.36530682,-0.35746148,-0.3550994,low-ebb,low-ebb,low-ebb,low-ebb
2026-08-24 17:40:00,-0.4296679,-0.41719523,-0.4035041,-0.40166703,low-ebb,low-ebb,low-ebb,low-ebb
2026-08-24 17:50:00,-0.4702632,-0.46590394,-0.44651592,-0.44521347,low-ebb,low-ebb,low-ebb,low-ebb
2026-08-24 18:00:00,-0.50713193,-0.51104116,-0.48613185,-0.48537102,low-ebb,low-ebb,low-ebb,low-ebb
2026-08-24 18:10:00,-0.53996974,-0.5522456,-0.52201337,-0.5217985,low-ebb,low-ebb,low-ebb,low-ebb
2026-08-24 18:20:00,-0.5685063,-0.5891871,-0.5538512,-0.5541838,low-ebb,low-ebb,low-ebb,low-ebb
2026-08-24 18:30:00,-0.5925068,-0.6215665,-0.5813676,-0.58224636,low-ebb,low-ebb,low-ebb,low-ebb
2026-08-24 18:40:00,-0.611773,-0.6491164,-0.6043185,-0.60573936,low-ebb,low-ebb,low-ebb,low-ebb
2026-08-24 18:50:00,-0.62614435,-0.67160076,-0.622495,-0.62445104,low-ebb,low-ebb,low-ebb,low-ebb
2026-08-24 19:00:00,-0.63549805,-0.6888153,-0.6357251,-0.63820636,low-ebb,low-ebb,low-ebb,low-ebb
2026-08-24 19:10:00,-0.6397497,-0.7005884,-0.6438744,-0.6468683,low-ebb,low-ebb,low-ebb,low-ebb
2026-08-24 19:20:00,-0.6388528,-0.70678234,-0.64684737,-0.65033805,low-ebb,low-ebb,low-ebb,low-ebb
2026-08-24 19:30:00,-0.632798,-0.7072947,-0.64458716,-0.6485561,low-flow,low-ebb,low-flow,low-flow
2026-08-24 19:40:00,-0.6216131,-0.7020606,-0.6370764,-0.641502,low-flow,low-flow,low-flow,low-flow
2026-08-24 19:50:00,-0.6053611,-0.6910547,-0.6243363,-0.62919426,low-flow,low-flow,low-flow,low-flow
2026-08-24 20:00:00,-0.5841399,-0.6742935,-0.6064269,-0.61168975,low-flow,low-flow,low-flow,low-flow
2026-08-24 20:10:00,-0.55808026,-0.6518373,-0.5834456,-0.5890834,low-flow,low-flow,low-flow,low-flow
2026-08-24 20:20:00,-0.52734476,-0.6237915,-0.55552685,-0.5615067,low-flow,low-flow,low-flow,low-flow
2026-08-24 20:30:00,-0.492126,-0.5903078,-0.5228403,-0.52912676,low-flow,low-flow,low-flow,low-flow
2026-08-24 20:40:00,-0.4526448,-0.551584,-0.48558968,-0.49214482,low-flow,low-flow,low-flow,low-flow
2026-08-24 20:50:00,-0.4091487,-0.5078634,-0.44401097,-0.45079452,low-flow,low-flow,low-flow,low-flow
2026-08-24 21:00:00,-0.36191005,-0.4594327,-0.39837062,-0.4053401,low-flow,low-flow,low-flow,low-flow
2026-08-24 21:10:00,-0.31122425,-0.4066198,-0.34896356,-0.3560745,low-flow,low-flow,low-flow,low-flow
2026-08-24 21:20:00,-0.25740787,-0.34979016,-0.29611093,-0.3033172,low-flow,low-flow,low-flow,low-flow
2026-08-24 21:30:00,-0.20079689,-0.28934282,-0.24015799,-0.24741183,low-flow,low-flow,low-flow,low-flow
2026-08-24 21:40:00,-0.14174487,-0.22570606,-0.18147162,-0.18872409,low-flow,low-flow,low-flow,low-flow
2026-08-24 21:50:00,-0.08062114,-0.1593327,-0.12043789,-0.12763914,low-flow,low-flow,low-flow,low-flow
2026-08-24 22:00:00,-0.017808907,-0.09069546,-0.057459608,-0.064559184,low-flow,low-flow,low-flow,low-flow
2026-08-24 22:10:00,0.046296507,-0.02028249,0.0070463098,9.915775e-05,high-flow,low-flow,high-flow,high-flow
2026-08-24 22:20:00,0.111289605,0.05140694,0.07265146,0.06590736,high-flow,high-flow,high-flow,high-flow
2026-08-24 22:30:00,0.1767566,0.1238663,0.1389186,0.13242769,high-flow,high-flow,high-flow,high-flow
2026-08-24 22:40:00,0.2422774,0.19658537,0.2054043,0.19921587,high-flow,high-flow,high-flow,high-flow
2026-08-24 22:50:00,0.30742761,0.26905352,0.2716617,0.26582378,high-flow,high-flow,high-flow,high-flow
2026-08-24 23:00:00,0.3717807,0.34076262,0.33724317,0.33180207,high-flow,high-flow,high-flow,high-flow
2026-08-24 23:10:00,0.43491012,0.41121,0.40170306,0.39670303,high-flow,high-flow,high-flow,high-flow
2026-08-24 23:20:00,0.49639165,0.47990113,0.46460038,0.4600832,high-flow,high-flow,high-flow,high-flow
2026-08-24 23:30:00,0.55580586,0.54635274,0.52550155,0.5215061,high-flow,high-flow,high-flow,high-flow
2026-08-24 23:40:00,0.6127404,0.61009544,0.58398306,0.5805448,high-flow,high-flow,high-flow,high-flow
2026-08-24 23:50:00,0.66679287,0.6706773,0.6396342,0.63678515,high-flow,high-flow,high-flow,high-flow
2026-08-25 00:00:00,0.7175732,0.72766685,0.69205946,0.68982756,high-flow,high-flow,high-flow,high-flow
2026-08-25 00:10:00,0.7647068,0.78065664,0.7408815,0.7392904,high-flow,high-flow,high-flow,high-flow
2026-08-25 00:20:00,0.8078369,0.8292664,0.7857435,0.7848122,high-flow,high-flow,high-flow,high-flow
2026-08-25 00:30:00,0.84662783,0.87314665,0.8263115,0.82605416,high-flow,high-flow,high-flow,high-flow
2026-08-25 00:40:00,0.8807677,0.911981,0.8622772,0.86270285,high-flow,high-flow,high-flow,high-flow
2026-08-25 00:50:00,0.9099712,0.945489,0.8933597,0.8944721,high-flow,high-flow,high-flow,high-flow
2026-08-25 01:00:00,0.9339823,0.97342795,0.91930836,0.92110586,high-flow,high-flow,high-flow,high-flow
2026-08-25 01:10:00,0.95257735,0.9955942,0.9399042,0.9423797,high-flow,high-flow,high-flow,high-flow
2026-08-25 01:20:00,0.96556705,1.0118235,0.9549623,0.9581032,high-flow,high-flow,high-flow,high-flow
2026-08-25 01:30:00,0.9727992,1.0219914,0.96433324,0.9681213,high-flow,high-flow,high-flow,high-flow
2026-08-25 01:40:00,0.97416043,1.0260121,0.9679048,0.97231644,high-flow,high-flow,high-flow,high-flow
2026-08-25 01:50:00,0.96957856,1.023838,0.96560323,0.9706095,high-ebb,high-ebb,high-ebb,high-ebb
2026-08-25 02:00:00,0.9590238,1.0154581,0.9573942,0.962961,high-ebb,high-ebb,high-ebb,high-ebb
2026-08-25 02:10:00,0.9425098,1.0008973,0.94328386,0.9493722,high-ebb,high-ebb,high-ebb,high-ebb
2026-08-25 02:20:00,0.9200948,0.98021466,0.923319,0.92988527,high-ebb,high-ebb,high-ebb,high-ebb
2026-08-25 02:30:00,0.89188194,0.9535032,0.8975878,0.90458393,high-ebb,high-ebb,high-ebb,high-ebb
2026-08-25 02:40:00,0.85801905,0.9208893,0.8662191,0.8735934,high-ebb,high-ebb,high-ebb,high-ebb
2026-08-25 02:50:00,0.8186983,0.882533,0.8293827,0.8370796,high-ebb,high-ebb,high-ebb,high-ebb
2026-08-25 03:00:00,0.7741551,0.83862853,0.787288,0.79524904,high-ebb,high-ebb,high-ebb,high-ebb
2026-08-25 03:10:00,0.72466683,0.78940517,0.7401833,0.74834746,high-ebb,high-ebb,high-ebb,high-ebb
2026-08-25 03:20:00,0.670551,0.7351286,0.6883541,0.6966583,high-ebb,high-ebb,high-ebb,high-ebb
2026-08-25 03:30:00,0.61216277,0.6761016,0.6321215,0.6405012,high-ebb,high-ebb,high-ebb,high-ebb
2026-08-25 03:40:00,0.5498922,0.6126653,0.5718402,0.5802299,high-ebb,high-ebb,high-ebb,high-ebb
2026-08-25 03:50:00,0.48416126,0.54519904,0.5078958,0.5162296,high-ebb,high-ebb,high-ebb,high-ebb
2026-08-25 04:00:00,0.41542017,0.47411987,0.44070232,0.44891465,high-ebb,high-ebb,high-ebb,high-ebb
2026-08-25 04:10:00,0.34414366,0.39988127,0.37069893,0.37872505,high-ebb,high-ebb,high-ebb,high-ebb
2026-08-25 04:20:00,0.27082682,0.32297033,0.29834697,0.30612358,high-ebb,high-ebb,high-ebb,high-ebb
2026-08-25 04:30:00,0.19598079,0.24390395,0.22412632,0.23159207,high-ebb,high-ebb,high-ebb,high-ebb
2026-08-25 04:40:00,0.12012831,0.16322422,0.14853173,0.15562789,high-ebb,high-ebb,high-ebb,high-ebb
2026-08-25 04:50:00,0.04379906,0.08149242,0.072069,0.07873987,high-ebb,high-ebb,high-ebb,high-ebb
2026-08-25 05:00:00,-0.032474924,-0.0007173498,-0.00474906,0.0014444693,low-ebb,low-ebb,low-ebb,high-ebb
2026-08-25 05:10:00,-0.10816392,-0.08282518,-0.08140653,-0.07573834,low-ebb,low-ebb,low-ebb,low-ebb
2026-08-25 05:20:00,-0.18274505,-0.16425243,-0.15738858,-0.15228923,low-ebb,low-ebb,low-ebb,low-ebb
2026-08-25 05:30:00,-0.25570676,-0.24442862,-0.23218547,-0.22769354,low-ebb,low-ebb,low-ebb,low-ebb
2026-08-25 05:40:00,-0.32655302,-0.32279786,-0.30529657,-0.30144548,low-ebb,low-ebb,low-ebb,low-ebb
2026-08-25 05:50:00,-0.3948073,-0.39882463,-0.37623432,-0.37305197,low-ebb,low-ebb,low-ebb,low-ebb
2026-08-25 06:00:00,-0.4600165,-0.47199833,-0.44452804,-0.44203654,low-ebb,low-ebb,low-ebb,low-ebb
2026-08-25 06:10:00,-0.52175415,-0.54183733,-0.5097275,-0.5079431,low-ebb,low-ebb,low-ebb,low-ebb
2026-08-25 06:20:00,-0.5796237,-0.6078915,-0.5714063,-0.5703393,low-ebb,low-ebb,low-ebb,low-ebb
2026-08-25 06:30:00,-0.63326114,-0.6697441,-0.62916535,-0.6288199,low-ebb,low-ebb,low-ebb,low-ebb
2026-08-25 06:40:00,-0.68233734,-0.7270127,-0.6826353,-0.68300945,low-ebb,low-ebb,low-ebb,low-ebb
2026-08-25 06:50:00,-0.72655994,-0.7793498,-0.73147964,-0.7325655,low-ebb,low-ebb,low-ebb,low-ebb
2026-08-25 07:00:00,-0.765675,-0.8264427,-0.7753967,-0.77718055,low-ebb,low-ebb,low-ebb,low-ebb
2026-08-25 07:10:00,-0.79946816,-0.86801356,-0.8141217,-0.8165842,low-ebb,low-ebb,low-ebb,low-ebb
2026-08-25 07:20:00,-0.82776517,-0.90381944,-0.84742874,-0.85054487,low-ebb,low-ebb,low-ebb,low-ebb
2026-08-25 07:30:00,-0.8504325,-0.93365276,-0.8751314,-0.87887126,low-ebb,low-ebb,low-ebb,low-ebb
2026-08-25 07:40:00,-0.86737734,-0.957342,-0.8970845,-0.90141314,low-ebb,low-ebb,low-ebb,low-ebb
2026-08-25 07:50:00,-0.878547,-0.97475296,-0.913184,-0.9180622,low-ebb,low-ebb,low-ebb,low-ebb
2026-08-25 08:00:00,-0.8839289,-0.98579,-0.92336786,-0.92875236,low-ebb,low-ebb,low-ebb,low-ebb
2026-08-25 08:10:00,-0.8835491,-0.9903985,-0.92761564,-0.9334595,low-ebb,low-ebb,low-ebb,low-ebb
2026-08-25 08:20:00,-0.87747157,-0.9885662,-0.92594826,-0.93220156,low-flow,low-flow,low-flow,low-ebb
2026-08-25 08:30:00,-0.8657968,-0.9803255,-0.9184272,-0.92503744,low-flow,low-flow,low-flow,low-flow
2026-08-25 08:40:00,-0.84866035,-0.9657546,-0.90515393,-0.9120664,low-flow,low-flow,low-flow,low-flow
2026-08-25 08:50:00,-0.8262311,-0.9449789,-0.88626814,-0.89342666,low-flow,low-flow,low-flow,low-flow
2026-08-25 09:00:00,-0.79870987,-0.9181709,-0.8619468,-0.86929417,low-flow,low-flow,low-flow,low-flow
2026-08-25 09:10:00,-0.76632714,-0.8855501,-0.8324022,-0.8398807,low-flow,low-flow,low-flow,low-flow
2026-08-25 09:20:00,-0.7293417,-0.847381,-0.79788035,-0.8054323,low-flow,low-flow,low-flow,low-flow
2026-08-25 09:30:00,-0.68803835,-0.8039715,-0.7586586,-0.766227,low-flow,low-flow,low-flow,low-flow
2026-08-25 09:40:00,-0.6427262,-0.75566924,-0.71504396,-0.7225726,low-flow,low-flow,low-flow,low-flow
2026-08-25 09:50:00,-0.5937366,-0.7028581,-0.6673703,-0.6748047,low-flow,low-flow,low-flow,low-flow
2026-08-25 10:00:00,-0.54142135,-0.64595395,-0.6159963,-0.62328374,low-flow,low-flow,low-flow,low-flow
2026-08-25 10:10:00,-0.4861505,-0.58540004,-0.5613029,-0.56839305,low-flow,low-flow,low-flow,low-flow
2026-08-25 10:20:00,-0.42831054,-0.52166235,-0.5036904,-0.5105357,low-flow,low-flow,low-flow,low-flow
2026-08-25 10:30:00,-0.36830235,-0.45522526,-0.44357634,-0.45013228,low-flow,low-flow,low-flow,low-flow
2026-08-25 10:40:00,-0.3065392,-0.38658682,-0.3813924,-0.38761774,low-flow,low-flow,low-flow,low-flow
2026-08-25 10:50:00,-0.24344464,-0.3162552,-0.3175818,-0.323439,low-flow,low-flow,low-flow,low-flow
2026-08-25 11:00:00,-0.17945042,-0.2447447,-0.25259665,-0.25805187,low-flow,low-flow,low-flow,low-flow
2026-08-25 11:10:00,-0.114994384,-0.17257267,-0.18689492,-0.19191836,low-flow,low-flow,low-flow,low-flow
2026-08-25 11:20:00,-0.050518125,-0.10025633,-0.12093792,-0.12550384,low-flow,low-flow,low-flow,low-flow
2026-08-25 11:30:00,0.013535219,-0.028310062,-0.05518726,-0.05927406,high-flow,low-flow,low-flow,low-flow
2026-08-25 11:40:00,0.07672344,0.04275743,0.009897834,0.0063075535,high-flow,high-flow,high-flow,high-flow
2026-08-25 11:50:00,0.13860774,0.11244586,0.07386339,0.07078286,high-flow,high-flow,high-flow,high-flow
2026-08-25 12:00:00,0.19875528,0.18026629,0.13626349,0.13370183,high-flow,high-flow,high-flow,high-flow
2026-08-25 12:10:00,0.2567419,0.24574421,0.19666302,0.19462533,high-flow,high-flow,high-flow,high-flow
2026-08-25 12:20:00,0.31215495,0.3084228,0.25464055,0.253128,high-flow,high-flow,high-flow,high-flow
2026-08-25 12:30:00,0.36459595,0.36786634,0.3097909,0.30880094,high-flow,high-flow,high-flow,high-flow
2026-08-25 12:40:00,0.4136837,0.4236637,0.36172807,0.36125454,high-flow,high-flow,high-flow,high-flow
2026-08-25 12:50:00,0.4590571,0.4754318,0.4100876,0.410121,high-flow,high-flow,high-flow,high-flow
2026-08-25 13:00:00,0.5003781,0.5228188,0.4545293,0.45505705,high-flow,high-flow,high-flow,high-flow
2026-08-25 13:10:00,0.5373346,0.5655069,0.49473977,0.49574637,high-flow,high-flow,high-flow,high-flow
2026-08-25 13:20:00,0.56964356,0.6032148,0.5304347,0.53190196,high-flow,high-flow,high-flow,high-flow
2026-08-25 13:30:00,0.59705335,0.63569975,0.5613611,0.5632685,high-flow,high-flow,high-flow,high-flow
2026-08-25 13:40:00,0.6193467,0.6627582,0.5872993,0.5896243,high-flow,high-flow,high-flow,high-flow
2026-08-25 13:50:00,0.63634306,0.68422675,0.6080652,0.6107833,high-flow,high-flow,high-flow,high-flow
2026-08-25 14:00:00,0.64790094,0.69998187,0.62351155,0.62659675,high-flow,high-flow,high-flow,high-flow
2026-08-25 14:10:00,0.65391976,0.7099395,0.63352996,0.6369549,high-flow,high-flow,high-flow,high-flow
2026-08-25 14:20:00,0.65434164,0.71405387,0.6380516,0.64178795,high-flow,high-flow,high-flow,high-flow
2026-08-25 14:30:00,0.64915246,0.71231675,0.6370488,0.64106727,high-ebb,high-ebb,high-flow,high-flow
2026-08-25 14:40:00,0.6383833,0.7047564,0.63053507,0.63480604,high-ebb,high-ebb,high-ebb,high-ebb
2026-08-25 14:50:00,0.62211055,0.6914366,0.6185663,0.62305945,high-ebb,high-ebb,high-ebb,high-ebb
2026-08-25 15:00:00,0.6004561,0.6724563,0.6012401,0.6059252,high-ebb,high-ebb,high-ebb,high-ebb
2026-08-25 15:10:00,0.5735873,0.6479497,0.578696,0.58354264,high-ebb,high-ebb,high-ebb,high-ebb
2026-08-25 15:20:00,0.5417156,0.6180863,0.5511147,0.5560926,high-ebb,high-ebb,high-ebb,high-ebb
2026-08-25 15:30:00,0.5050958,0.5830719,0.51871693,0.52379626,high-ebb,high-ebb,high-ebb,high-ebb
2026-08-25 15:40:00,0.46402383,0.54314953,0.4817624,0.48691362,high-ebb,high-ebb,high-ebb,high-ebb
2026-08-25 15:50:00,0.41883498,0.49860027,0.4405479,0.44574195,high-ebb,high-ebb,high-ebb,high-ebb
2026-08-25 16:00:00,0.3699008,0.44974428,0.39540526,0.40061373,high-ebb,high-ebb,high-ebb,high-ebb
2026-08-25 16:10:00,0.31762633,0.39694092,0.34669906,0.3518942,high-ebb,high-ebb,high-ebb,high-ebb
2026-08-25 16:20:00,0.26244637,0.3405885,0.29482374,0.2999785,high-ebb,high-ebb,high-ebb,high-ebb
2026-08-25 16:30:00,0.20482199,0.28112295,0.24020077,0.24528886,high-ebb,high-ebb,high-ebb,high-ebb
2026-08-25 16:40:00,0.14523606,0.21901552,0.18327513,0.18827109,high-ebb,high-ebb,high-ebb,high-ebb
2026-08-25 16:50:00,0.08418914,0.15476921,0.12451192,0.12939107,high-ebb,high-ebb,high-ebb,high-ebb
2026-08-25 17:00:00,0.022194814,0.088914186,0.06439248,0.06913099,high-ebb,high-ebb,high-ebb,high-ebb
2026-08-25 17:10:00,-0.040224973,0.02200213,0.0034104623,0.007985363,low-ebb,high-ebb,high-ebb,high-ebb
2026-08-25 17:20:00,-0.10254467,-0.045400288,-0.057932224,-0.053543035,low-ebb,low-ebb,low-ebb,low-ebb
2026-08-25 17:30:00,-0.16423993,-0.11271849,-0.11912964,-0.114947386,low-ebb,low-ebb,low-ebb,low-ebb
2026-08-25 17:40:00,-0.22479227,-0.17937736,-0.17967604,-0.17572103,low-ebb,low-ebb,low-ebb,low-ebb
2026-08-25 17:50:00,-0.28369382,-0.24480858,-0.23907009,-0.23536173,low-ebb,low-ebb,low-ebb,low-ebb
2026-08-25 18:00:00,-0.34045163,-0.30845758,-0.29681906,-0.29337582,low-ebb,low-ebb,low-ebb,low-ebb
2026-08-25 18:10:00,-0.39459205,-0.36978993,-0.352443,-0.34928232,low-ebb,low-ebb,low-ebb,low-ebb
2026-08-25 18:20:00,-0.4456646,-0.42829663,-0.40547866,-0.40261698,low-ebb,low-ebb,low-ebb,low-ebb
2026-08-25 18:30:00,-0.49324578,-0.48349866,-0.45548326,-0.45293593,low-ebb,low-ebb,low-ebb,low-ebb
2026-08-25 18:40:00,-0.53694224,-0.5349503,-0.5020382,-0.49981946,low-ebb,low-ebb,low-ebb,low-ebb
2026-08-25 18:50:00,-0.5763938,-0.5822415,-0.54475224,-0.5428751,low-ebb,low-ebb,low-ebb,low-ebb
2026-08-25 19:00:00,-0.6112761,-0.62499887,-0.5832649,-0.5817411,low-ebb,low-ebb,low-ebb,low-ebb
2026-08-25 19:10:00,-0.64130265,-0.6628869,-0.61724883,-0.6160887,low-ebb,low-ebb,low-ebb,low-ebb
2026-08-25 19:20:00,-0.6662266,-0.6956077,-0.64641255,-0.6456249,low-ebb,low-ebb,low-ebb,low-ebb
2026-08-25 19:30:00,-0.6858422,-0.7229008,-0.6705024,-0.6700945,low-ebb,low-ebb,low-ebb,low-ebb
2026-08-25 19:40:00,-0.69998544,-0.7445429,-0.6893044,-0.6892819,low-ebb,low-ebb,low-ebb,low-ebb
2026-08-25 19:50:00,-0.7085348,-0.7603481,-0.70264566,-0.7030121,low-ebb,low-ebb,low-ebb,low-ebb
2026-08-25 20:00:00,-0.7114112,-0.7701678,-0.7103951,-0.71115243,low-ebb,low-ebb,low-ebb,low-ebb
2026-08-25 20:10:00,-0.70857793,-0.7738918,-0.71246445,-0.71361244,low-flow,low-ebb,low-ebb,low-ebb
2026-08-25 20:20:00,-0.7000401,-0.77144885,-0.70880854,-0.71034473,low-flow,low-flow,low-flow,low-flow
2026-08-25 20:30:00,-0.6858437,-0.7628084,-0.6994249,-0.7013447,low-flow,low-flow,low-flow,low-flow
2026-08-25 20:40:00,-0.66607445,-0.74798197,-0.6843538,-0.6866502,low-flow,low-flow,low-flow,low-flow
2026-08-25 20:50:00,-0.6408566,-0.7270251,-0.6636772,-0.6663409,low-flow,low-flow,low-flow,low-flow
2026-08-25 21:00:00,-0.6103513,-0.70003825,-0.6375181,-0.640537,low-flow,low-flow,low-flow,low-flow
2026-08-25 21:10:00,-0.57475483,-0.6671682,-0.6060388,-0.60939854,low-flow,low-flow,low-flow,low-flow
2026-08-25 21:20:00,-0.53429675,-0.6286083,-0.56943995,-0.57312346,low-flow,low-flow,low-flow,low-flow
2026-08-25 21:30:00,-0.48923805,-0.58459795,-0.5279582,-0.53194594,low-flow,low-flow,low-flow,low-flow
2026-08-25 21:40:00,-0.43986908,-0.53542197,-0.4818649,-0.4861346,low-flow,low-flow,low-flow,low-flow
2026-08-25 21:50:00,-0.38650727,-0.48140788,-0.43146327,-0.43599024,low-flow,low-flow,low-flow,low-flow
2026-08-25 22:00:00,-0.32949522,-0.42292348,-0.37708667,-0.38184375,low-flow,low-flow,low-flow,low-flow
2026-08-25 22:10:00,-0.26919842,-0.3603732,-0.3190958,-0.32405353,low-flow,low-flow,low-flow,low-flow
2026-08-25 22:20:00,-0.206003,-0.29419395,-0.25787646,-0.26300308,low-flow,low-flow,low-flow,low-flow
2026-08-25 22:30:00,-0.14031367,-0.2248506,-0.19383667,-0.19909847,low-flow,low-flow,low-flow,low-flow
2026-08-25 22:40:00,-0.07255138,-0.15283139,-0.12740411,-0.13276543,low-flow,low-flow,low-flow,low-flow
2026-08-25 22:50:00,-0.003151152,-0.07864327,-0.05902328,-0.06444687,low-flow,low-flow,low-flow,low-flow
2026-08-25 23:00:00,0.067440175,-0.0028074114,0.010847305,0.0054001072,high-flow,low-flow,high-flow,high-flow
2026-08-25 23:10:00,0.13876621,0.07414495,0.08173798,0.076306954,high-flow,high-flow,high-flow,high-flow
2026-08-25 23:20:00,0.21036334,0.15167636,0.15317082,0.14779656,high-flow,high-flow,high-flow,high-flow
2026-08-25 23:30:00,0.28176305,0.2292466,0.22466256,0.21938615,high-flow,high-flow,high-flow,high-flow
2026-08-25 23:40:00,0.3524944,0.30631587,0.29572752,0.2905902,high-flow,high-flow,high-flow,high-flow
2026-08-25 23:50:00,0.4220863,0.38234767,0.3658805,0.36092332,high-flow,high-flow,high-flow,high-flow
2026-08-26 00:00:00,0.49007034,0.45681164,0.4346398,0.42990324,high-flow,high-flow,high-flow,high-flow
2026-08-26 00:10:00,0.5559832,0.52918625,0.5015301,0.49705368,high-flow,high-flow,high-flow,high-flow
2026-08-26 00:20:00,0.6193694,0.59896195,0.5660854,0.56190735,high-flow,high-flow,high-flow,high-flow
2026-08-26 00:30:00,0.67978406,0.66564393,0.62785184,0.62400866,high-flow,high-flow,high-flow,high-flow
2026-08-26 00:40:00,0.7367959,0.72875553,0.68639076,0.6829169,high-flow,high-flow,high-flow,high-flow
2026-08-26 00:50:00,0.7899899,0.78784174,0.7412815,0.7382089,high-flow,high-flow,high-flow,high-flow
2026-08-26 01:00:00,0.8389704,0.84247273,0.79212403,0.7894819,high-flow,high-flow,high-flow,high-flow
2026-08-26 01:10:00,0.8833642,0.8922475,0.8385419,0.83635634,high-flow,high-flow,high-flow,high-flow
2026-08-26 01:20:00,0.9228233,0.9367975,0.88018495,0.8784786,high-flow,high-flow,high-flow,high-flow
2026-08-26 01:30:00,0.95702803,0.9757898,0.9167317,0.9155235,high-flow,high-flow,high-flow,high-flow
2026-08-26 01:40:00,0.98569,1.0089297,0.94789195,0.9471969,high-flow,high-flow,high-flow,high-flow
2026-08-26 01:50:00,1.0085548,1.0359639,0.9734092,0.9732381,high-flow,high-flow,high-flow,high-flow
2026-08-26 02:00:00,1.0254046,1.0566809,0.9930626,0.993422,high-flow,high-flow,high-flow,high-flow
2026-08-26 02:10:00,1.036061,1.0709134,1.0066694,1.0075612,high-flow,high-flow,high-flow,high-flow
2026-08-26 02:20:00,1.0403869,1.0785375,1.0140862,1.015508,high-flow,high-flow,high-flow,high-flow
2026-08-26 02:30:00,1.0382888,1.0794733,1.0152113,1.017156,high-ebb,high-flow,high-flow,high-flow
2026-08-26 02:40:00,1.0297184,1.0736839,1.0099852,1.0124409,high-ebb,high-ebb,high-ebb,high-ebb
2026-08-26 02:50:00,1.014674,1.0611745,0.99839216,1.0013428,high-ebb,high-ebb,high-ebb,high-ebb
2026-08-26 03:00:00,0.9932013,1.0419916,0.98046106,0.9838858,high-ebb,high-ebb,high-ebb,high-ebb
2026-08-26 03:10:00,0.96539456,1.0162218,0.95626545,0.96013945,high-ebb,high-ebb,high-ebb,high-ebb
2026-08-26 03:20:00,0.93139607,0.98399097,0.92592406,0.9302182,high-ebb,high-ebb,high-ebb,high-ebb
2026-08-26 03:30:00,0.89139616,0.9454642,0.8896002,0.8942816,high-ebb,high-ebb,high-ebb,high-ebb
2026-08-26 03:40:00,0.8456325,0.9008453,0.84750134,0.85253364,high-ebb,high-ebb,high-ebb,high-ebb
2026-08-26 03:50:00,0.7943885,0.85037744,0.7998781,0.8052215,high-ebb,high-ebb,high-ebb,high-ebb
2026-08-26 04:00:00,0.73799175,0.79434365,0.7470228,0.75263476,high-ebb,high-ebb,high-ebb,high-ebb
2026-08-26 04:10:00,0.67681193,0.7330673,0.6892676,0.6951031,high-ebb,high-ebb,high-ebb,high-ebb
2026-08-26 04:20:00,0.6112578,0.6669126,0.62698257,0.6329945,high-ebb,high-ebb,high-ebb,high-ebb
2026-08-26 04:30:00,0.5417742,0.596285,0.560573,0.5667127,high-ebb,high-ebb,high-ebb,high-ebb
2026-08-26 04:40:00,0.46883848,0.5216304,0.4904766,0.49669415,high-ebb,high-ebb,high-ebb,high-ebb
2026-08-26 04:50:00,0.39295664,0.44343412,0.41716042,0.4234053,high-ebb,high-ebb,high-ebb,high-ebb
2026-08-26 05:00:00,0.314659,0.36221826,0.34111708,0.3473386,high-ebb,high-ebb,high-ebb,high-ebb
2026-08-26 05:10:00,0.23449573,0.27853858,0.26286128,0.26900896,high-ebb,high-ebb,high-ebb,high-ebb
2026-08-26 05:20:00,0.15303212,0.19297965,0.18292569,0.1889499,high-ebb,high-ebb,high-ebb,high-ebb
2026-08-26 05:30:00,0.070843644,0.10614928,0.10185672,0.10770907,high-ebb,high-ebb,high-ebb,high-ebb
2026-08-26 05:40:00,-0.011489007,0.018671837,0.020210294,0.02584409,low-ebb,high-ebb,high-ebb,high-ebb
2026-08-26 05:50:00,-0.09338498,-0.068819046,-0.061452713,-0.05608199,low-ebb,low-ebb,low-ebb,low-ebb
2026-08-26 06:00:00,-0.17426826,-0.15568824,-0.14257091,-0.13750522,low-ebb,low-ebb,low-ebb,low-ebb
2026-08-26 06:10:00,-0.25357258,-0.24130695,-0.22258693,-0.21786527,low-ebb,low-ebb,low-ebb,low-ebb
2026-08-26 06:20:00,-0.3307463,-0.32506025,-0.3009519,-0.29661,low-ebb,low-ebb,low-ebb,low-ebb
2026-08-26 06:30:00,-0.40525675,-0.40635413,-0.37712988,-0.3731998,low-ebb,low-ebb,low-ebb,low-ebb
2026-08-26 06:40:00,-0.4765948,-0.48462167,-0.45060208,-0.447112,low-ebb,low-ebb,low-ebb,low-ebb
2026-08-26 06:50:00,-0.5442788,-0.5593282,-0.5208709,-0.5178449,low-ebb,low-ebb,low-ebb,low-ebb
2026-08-26 07:00:00,-0.60785806,-0.6299753,-0.58746403,-0.5849218,low-ebb,low-ebb,low-ebb,low-ebb
2026-08-26 07:10:00,-0.6669166,-0.6961039,-0.64993775,-0.64789456,low-ebb,low-ebb,low-ebb,low-ebb
2026-08-26 07:20:00,-0.72107553,-0.7572955,-0.7078804,-0.7063471,low-ebb,low-ebb,low-ebb,low-ebb
2026-08-26 07:30:00,-0.76999587,-0.813174,-0.7609154,-0.75989825,low-ebb,low-ebb,low-ebb,low-ebb
2026-08-26 07:40:00,-0.8133804,-0.8634051,-0.80870396,-0.8082046,low-ebb,low-ebb,low-ebb,low-ebb
2026-08-26 07:50:00,-0.8509755,-0.9076964,-0.8509474,-0.85096294,low-ebb,low-ebb,low-ebb,low-ebb
2026-08-26 08:00:00,-0.882572,-0.94579685,-0.88738877,-0.88791203,low-ebb,low-ebb,low-ebb,low-ebb
2026-08-26 08:10:00,-0.9080062,-0.9774963,-0.9178148,-0.9188344,low-ebb,low-ebb,low-ebb,low-ebb
2026-08-26 08:20:00,-0.92716,-1.0026253,-0.94205683,-0.9435572,low-ebb,low-ebb,low-ebb,low-ebb
2026-08-26 08:30:00,-0.939961,-1.0210551,-0.9599916,-0.9619535,low-ebb,low-ebb,low-ebb,low-ebb
2026-08-26 08:40:00,-0.946382,-1.0326982,-0.9715415,-0.97394216,low-ebb,low-ebb,low-ebb,low-ebb
2026-08-26 08:50:00,-0.94644016,-1.037509,-0.97667503,-0.97948843,low-ebb,low-ebb,low-ebb,low-ebb
2026-08-26 09:00:00,-0.940196,-1.0354853,-0.9754059,-0.978603,low-flow,low-flow,low-ebb,low-ebb
2026-08-26 09:10:00,-0.92775214,-1.0266693,-0.9677926,-0.9713421,low-flow,low-flow,low-flow,low-flow
2026-08-26 09:20:00,-0.90925175,-1.0111488,-0.95393753,-0.9578057,low-flow,low-flow,low-flow,low-flow
2026-08-26 09:30:00,-0.8848765,-0.9890582,-0.9339856,-0.93813694,low-flow,low-flow,low-flow,low-flow
2026-08-26 09:40:00,-0.854845,-0.96057856,-0.9081225,-0.9125202,low-flow,low-flow,low-flow,low-flow
2026-08-26 09:50:00,-0.8194103,-0.92593795,-0.8765731,-0.88117933,low-flow,low-flow,low-flow,low-flow
2026-08-26 10:00:00,-0.77885836,-0.88541,-0.83959943,-0.8443757,low-flow,low-flow,low-flow,low-flow
2026-08-26 10:10:00,-0.733505,-0.8393126,-0.79749835,-0.80240613,low-flow,low-flow,low-flow,low-flow
2026-08-26 10:20:00,-0.6836941,-0.7880048,-0.7505994,-0.75560004,low-flow,low-flow,low-flow,low-flow
2026-08-26 10:30:00,-0.6297952,-0.73188394,-0.69926184,-0.7043174,low-flow,low-flow,low-flow,low-flow
2026-08-26 10:40:00,-0.5722008,-0.67138135,-0.6438726,-0.64894587,low-flow,low-flow,low-flow,low-flow
2026-08-26 10:50:00,-0.5113243,-0.6069583,-0.58484304,-0.589898,low-flow,low-flow,low-flow,low-flow
2026-08-26 11:00:00,-0.4475974,-0.5391015,-0.52260625,-0.52760845,low-flow,low-flow,low-flow,low-flow
2026-08-26 11:10:00,-0.38146767,-0.46831793,-0.45761445,-0.46253103,low-flow,low-flow,low-flow,low-flow
2026-08-26 11:20:00,-0.3133961,-0.39513102,-0.39033565,-0.39513576,low-flow,low-flow,low-flow,low-flow
2026-08-26 11:30:00,-0.24385466,-0.3200759,-0.32125086,-0.3259058,low-flow,low-flow,low-flow,low-flow
2026-08-26 11:40:00,-0.17332378,-0.24369566,-0.2508511,-0.2553345,low-flow,low-flow,low-flow,low-flow
2026-08-26 11:50:00,-0.102289796,-0.16653785,-0.17963432,-0.1839222,low-flow,low-flow,low-flow,low-flow
2026-08-26 12:00:00,-0.031242453,-0.08915112,-0.10810231,-0.112173244,low-flow,low-flow,low-flow,low-flow
2026-08-26 12:10:00,0.039327808,-0.012082416,-0.036757734,-0.040592887,high-flow,low-flow,low-flow,low-flow
2026-08-26 12:20:00,0.10893247,0.06412587,0.03389898,0.030315848,high-flow,high-flow,high-flow,high-flow
2026-08-26 12:30:00,0.17708772,0.13893858,0.10337269,0.100055225,high-flow,high-flow,high-flow,high-flow
2026-08-26 12:40:00,0.24331723,0.21183062,0.1711766,0.16813587,high-flow,high-flow,high-flow,high-flow
2026-08-26 12:50:00,0.30715504,0.28228983,0.23683524,0.23407984,high-flow,high-flow,high-flow,high-flow
2026-08-26 13:00:00,0.36814848,0.34982032,0.2998875,0.29742363,high-flow,high-flow,high-flow,high-flow
2026-08-26 13:10:00,0.42586124,0.4139457,0.3598897,0.35772124,high-flow,high-flow,high-flow,high-flow
2026-08-26 13:20:00,0.47987622,0.4742128,0.41641828,0.41454706,high-flow,high-flow,high-flow,high-flow
2026-08-26 13:30:00,0.52979875,0.5301954,0.46907294,0.46749872,high-flow,high-flow,high-flow,high-flow
2026-08-26 13:40:00,0.57525957,0.581498,0.51747924,0.51620007,high-flow,high-flow,high-flow,high-flow
2026-08-26 13:50:00,0.6159178,0.6277593,0.5612915,0.5603036,high-flow,high-flow,high-flow,high-flow
2026-08-26 14:00:00,0.651464,0.66865546,0.60019517,0.59949356,high-flow,high-flow,high-flow,high-flow
2026-08-26 14:10:00,0.6816228,0.70390296,0.6339096,0.63348776,high-flow,high-flow,high-flow,high-flow
2026-08-26 14:20:00,0.706156,0.7332608,0.66218996,0.6620405,high-flow,high-flow,high-flow,high-flow
2026-08-26 14:30:00,0.7248649,0.7565322,0.6848298,0.6849443,high-flow,high-flow,high-flow,high-flow
2026-08-26 14:40:00,0.73759246,0.77356505,0.7016627,0.702032,high-flow,high-flow,high-flow,high-flow
2026-08-26 14:50:00,0.7442257,0.78425276,0.7125642,0.71317863,high-flow,high-flow,high-flow,high-flow
2026-08-26 15:00:00,0.7446974,0.78853357,0.7174529,0.7183023,high-flow,high-flow,high-flow,high-flow
2026-08-26 15:10:00,0.7389874,0.78638995,0.716292,0.7173659,high-ebb,high-ebb,high-flow,high-flow
2026-08-26 15:20:00,0.7271238,0.7778477,0.70909,0.7103778,high-ebb,high-ebb,high-ebb,high-ebb
2026-08-26 15:30:00,0.7091837,0.76297504,0.6959011,0.697392,high-ebb,high-ebb,high-ebb,high-ebb
2026-08-26 15:40:00,0.685293,0.74188167,0.67682546,0.67850876,high-ebb,high-ebb,high-ebb,high-ebb
2026-08-26 15:50:00,0.65562683,0.7147179,0.6520092,0.65387416,high-ebb,high-ebb,high-ebb,high-ebb
2026-08-26 16:00:00,0.6204082,0.6816749,0.62164336,0.62367946,high-ebb,high-ebb,high-ebb,high-ebb
2026-08-26 16:10:00,0.579907,0.6429839,0.58596337,0.58816004,high-ebb,high-ebb,high-ebb,high-ebb
2026-08-26 16:20:00,0.53443843,0.59891695,0.5452474,0.54759425,high-ebb,high-ebb,high-ebb,high-ebb
2026-08-26 16:30:00,0.48436078,0.54978716,0.4998147,0.5023014,high-ebb,high-ebb,high-ebb,high-ebb
2026-08-26 16:40:00,0.4300725,0.49594888,0.4500233,0.45263958,high-ebb,high-ebb,high-ebb,high-ebb
2026-08-26 16:50:00,0.37200928,0.43779796,0.39626756,0.39900324,high-ebb,high-ebb,high-ebb,high-ebb
2026-08-26 17:00:00,0.31064054,0.37577096,0.3389753,0.34182,high-ebb,high-ebb,high-ebb,high-ebb
2026-08-26 17:10:00,0.2464654,0.3103442,0.27860433,0.28154764,high-ebb,high-ebb,high-ebb,high-ebb
2026-08-26 17:20:00,0.18000837,0.2420314,0.215639,0.21867031,high-ebb,high-ebb,high-ebb,high-ebb
2026-08-26 17:30:00,0.111814864,0.17138048,0.15058637,0.1536948,high-ebb,high-ebb,high-ebb,high-ebb
2026-08-26 17:40:00,0.04244632,0.09896907,0.083972,0.08714631,high-ebb,high-ebb,high-ebb,high-ebb
2026-08-26 17:50:00,-0.027524801,0.025399068,0.016335655,0.0195642,low-ebb,high-ebb,high-ebb,high-ebb
2026-08-26 18:00:00,-0.09752013,-0.048710037,-0.051773157,-0.04850254,low-ebb,low-ebb,low-ebb,low-ebb
2026-08-26 18:10:00,-0.16696057,-0.12272846,-0.11979981,-0.11649983,low-ebb,low-ebb,low-ebb,low-ebb
2026-08-26 18:20:00,-0.2352715,-0.19602403,-0.1871892,-0.18387319,low-ebb,low-ebb,low-ebb,low-ebb
2026-08-26 18:30:00,-0.3018879,-0.26797032,-0.25339046,-0.2500724,low-ebb,low-ebb,low-ebb,low-ebb
2026-08-26 18:40:00,-0.36625922,-0.33795464,-0.31786153,-0.3145561,low-ebb,low-ebb,low-ebb,low-ebb
2026-08-26 18:50:00,-0.4278543,-0.40538555,-0.38007382,-0.37679633,low-ebb,low-ebb,low-ebb,low-ebb
2026-08-26 19:00:00,-0.48616588,-0.46969962,-0.43951648,-0.436283,low-ebb,low-ebb,low-ebb,low-ebb
2026-08-26 19:10:00,-0.5407148,-0.53036726,-0.49570084,-0.49252802,low-ebb,low-ebb,low-ebb,low-ebb
2026-08-26 19:20:00,-0.59105384,-0.58689725,-0.5481642,-0.54506934,low-ebb,low-ebb,low-ebb,low-ebb
2026-08-26 19:30:00,-0.63677144,-0.6388404,-0.59647363,-0.5934745,low-ebb,low-ebb,low-ebb,low-ebb
2026-08-26 19:40:00,-0.6774946,-0.68579143,-0.64022964,-0.6373445,low-ebb,low-ebb,low-ebb,low-ebb
2026-08-26 19:50:00,-0.71289176,-0.7273905,-0.67906886,-0.67631626,low-ebb,low-ebb,low-ebb,low-ebb
2026-08-26 20:00:00,-0.74267477,-0.7633233,-0.7126672,-0.71006584,low-ebb,low-ebb,low-ebb,low-ebb
2026-08-26 20:10:00,-0.76660085,-0.7933208,-0.740742,-0.7383106,low-ebb,low-ebb,low-ebb,low-ebb
2026-08-26 20:20:00,-0.7844739,-0.8171583,-0.76305395,-0.76081103,low-ebb,low-ebb,low-ebb,low-ebb
2026-08-26 20:30:00,-0.79614526,-0.8346549,-0.77940875,-0.77737266,low-ebb,low-ebb,low-ebb,low-ebb
2026-08-26 20:40:00,-0.80151415,-0.84567255,-0.78965837,-0.7878467,low-ebb,low-ebb,low-ebb,low-ebb
2026-08-26 20:50:00,-0.80052763,-0.8501154,-0.79370147,-0.79213125,low-ebb,low-ebb,low-ebb,low-ebb
2026-08-26 21:00:00,-0.79318035,-0.84792995,-0.7914842,-0.79017127,low-flow,low-flow,low-flow,low-flow
2026-08-26 21:10:00,-0.7795135,-0.83910483,-0.7829996,-0.7819589,low-flow,low-flow,low-flow,low-flow
2026-08-26 21:20:00,-0.7596139,-0.8236718,-0.7682878,-0.7675325,low-flow,low-flow,low-flow,low-flow
2026-08-26 21:30:00,-0.7336126,-0.80170625,-0.7474346,-0.7469766,low-flow,low-flow,low-flow,low-flow
2026-08-26 21:40:00,-0.70168304,-0.77332807,-0.7205711,-0.7204202,low-flow,low-flow,low-flow,low-flow
2026-08-26 21:50:00,-0.66403925,-0.73870254,-0.6878715,-0.68803555,low-flow,low-flow,low-flow,low-flow
2026-08-26 22:00:00,-0.62093365,-0.69804025,-0.64955205,-0.6500366,low-flow,low-flow,low-flow,low-flow
2026-08-26 22:10:00,-0.57265484,-0.65159744,-0.60586864,-0.6066769,low-flow,low-flow,low-flow,low-flow
2026-08-26 22:20:00,-0.51952523,-0.59967476,-0.5571151,-0.55824757,low-flow,low-flow,low-flow,low-flow
2026-08-26 22:30:00,-0.4618984,-0.54261595,-0.50362015,-0.5050749,low-flow,low-flow,low-flow,low-flow
2026-08-26 22:40:00,-0.40015653,-0.48080537,-0.44574565,-0.44751778,low-flow,low-flow,low-flow,low-flow
2026-08-26 22:50:00,-0.33470795,-0.41466483,-0.38388327,-0.38596505,low-flow,low-flow,low-flow,low-flow
2026-08-26 23:00:00,-0.2659843,-0.34465003,-0.31845194,-0.32083285,low-flow,low-flow,low-flow,low-flow
2026-08-26 23:10:00,-0.19443779,-0.27124622,-0.24989498,-0.25256148,low-flow,low-flow,low-flow,low-flow
2026-08-26 23:20:00,-0.120538704,-0.19496377,-0.1786769,-0.18161272,low-flow,low-flow,low-flow,low-flow
2026-08-26 23:30:00,-0.04477246,-0.116333395,-0.105280586,-0.10846657,low-flow,low-flow,low-flow,low-flow
2026-08-26 23:40:00,0.032362968,-0.035901677,-0.03020395,-0.03361832,high-flow,low-flow,low-flow,low-flow
2026-08-26 23:50:00,0.11035984,0.04577338,0.04604305,0.042424653,high-flow,high-flow,high-flow,high-flow
2026-08-27 00:00:00,0.18870336,0.12812641,0.12294165,0.11914595,high-flow,high-flow,high-flow,high-flow
2026-08-27 00:10:00,0.26687443,0.21058841,0.19996747,0.19602337,high-flow,high-flow,high-flow,high-flow
2026-08-27 00:20:00,0.34435245,0.29259008,0.2765937,0.27253202,high-flow,high-flow,high-flow,high-flow
2026-08-27 00:30:00,0.42061812,0.37356493,0.35229424,0.34814748,high-flow,high-flow,high-flow,high-flow
2026-08-27 00:40:00,0.4951562,0.45295203,0.42654702,0.42234907,high-flow,high-flow,high-flow,high-flow
2026-08-27 00:50:00,0.5674585,0.5301988,0.49883705,0.4946228,high-flow,high-flow,high-flow,high-flow
2026-08-27 01:00:00,0.63702685,0.60476387,0.5686596,0.56446475,high-flow,high-flow,high-flow,high-flow
2026-08-27 01:10:00,0.7033759,0.67611986,0.6355235,0.631384,high-flow,high-flow,high-flow,high-flow
2026-08-27 01:20:00,0.76603603,0.74375653,0.698954,0.6949059,high-flow,high-flow,high-flow,high-flow
2026-08-27 01:30:00,0.8245569,0.8071844,0.7584959,0.7545749,high-flow,high-flow,high-flow,high-flow
2026-08-27 01:40:00,0.87851,0.865938,0.8137169,0.8099579,high-flow,high-flow,high-flow,high-flow
2026-08-27 01:50:00,0.92749196,0.91958004,0.8642099,0.86064684,high-flow,high-flow,high-flow,high-flow
2026-08-27 02:00:00,0.9711275,0.9677052,0.9095966,0.9062618,high-flow,high-flow,high-flow,high-flow
2026-08-27 02:10:00,1.0090725,1.009944,0.94952977,0.9464538,high-flow,high-flow,high-flow,high-flow
2026-08-27 02:20:00,1.0410172,1.0459661,0.98369604,0.9809073,high-flow,high-flow,high-flow,high-flow
2026-08-27 02:30:00,1.0666882,1.0754845,1.0118184,1.009343,high-flow,high-flow,high-flow,high-flow
2026-08-27 02:40:00,1.0858524,1.0982567,1.0336589,1.03152,high-flow,high-flow,high-flow,high-flow
2026-08-27 02:50:00,1.0983183,1.1140882,1.0490202,1.047238,high-flow,high-flow,high-flow,high-flow
2026-08-27 03:00:00,1.1039397,1.1228329,1.057748,1.0563394,high-flow,high-flow,high-flow,high-flow
2026-08-27 03:10:00,1.102616,1.1243944,1.0597324,1.0587112,high-flow,high-flow,high-flow,high-flow
2026-08-27 03:20:00,1.0942955,1.1187255,1.05491,1.0542861,high-ebb,high-ebb,high-ebb,high-ebb
2026-08-27 03:30:00,1.0789762,1.1058282,1.0432642,1.0430439,high-ebb,high-ebb,high-ebb,high-ebb
2026-08-27 03:40:00,1.0567068,1.0857522,1.0248265,1.0250123,high-ebb,high-ebb,high-ebb,high-ebb
2026-08-27 03:50:00,1.0275873,1.0585946,0.999677,1.0002676,high-ebb,high-ebb,high-ebb,high-ebb
2026-08-27 04:00:00,0.99176955,1.0244981,0.9679444,0.96893483,high-ebb,high-ebb,high-ebb,high-ebb
2026-08-27 04:10:00,0.94945645,0.9836501,0.9298056,0.9311871,high-ebb,high-ebb,high-ebb,high-ebb
2026-08-27 04:20:00,0.9009016,0.93628234,0.8854853,0.8872455,high-ebb,high-ebb,high-ebb,high-ebb
2026-08-27 04:30:00,0.84640795,0.8826698,0.8352548,0.8373778,high-ebb,high-ebb,high-ebb,high-ebb
2026-08-27 04:40:00,0.78632593,0.8231308,0.7794303,0.781897,high-ebb,high-ebb,high-ebb,high-ebb
2026-08-27 04:50:00,0.7210513,0.7580264,0.7183715,0.7211595,high-ebb,high-ebb,high-ebb,high-ebb
2026-08-27 05:00:00,0.6510224,0.68776083,0.6524787,0.65556294,high-ebb,high-ebb,high-ebb,high-ebb
2026-08-27 05:10:00,0.5767168,0.6127806,0.5821903,0.58554304,high-ebb,high-ebb,high-ebb,high-ebb
2026-08-27 05:20:00,0.498648,0.53357387,0.5079798,0.5115712,high-ebb,high-ebb,high-ebb,high-ebb
2026-08-27 05:30:00,0.41736087,0.45066926,0.43035236,0.43415052,high-ebb,high-ebb,high-ebb,high-ebb
2026-08-27 05:40:00,0.33342776,0.3646333,0.34984076,0.35381225,high-ebb,high-ebb,high-ebb,high-ebb
2026-08-27 05:50:00,0.24744327,0.27606714,0.26700148,0.27111164,high-ebb,high-ebb,high-ebb,high-ebb
2026-08-27 06:00:00,0.16001962,0.18560223,0.18241039,0.18662374,high-ebb,high-ebb,high-ebb,high-ebb
2026-08-27 06:10:00,0.07178125,0.09389462,0.09665807,0.100938655,high-ebb,high-ebb,high-ebb,high-ebb
2026-08-27 06:20:00,-0.016640471,0.0016183909,0.010345186,0.014656967,low-ebb,high-ebb,high-ebb,high-ebb
2026-08-27 06:30:00,-0.10461268,-0.09054187,-0.075922444,-0.07161521,low-ebb,low-ebb,low-ebb,low-ebb
2026-08-27 06:40:00,-0.19150646,-0.18189916,-0.1615387,-0.15727112,low-ebb,low-ebb,low-ebb,low-ebb
2026-08-27 06:50:00,-0.27670223,-0.2717726,-0.24590215,-0.24170831,low-ebb,low-ebb,low-ebb,low-ebb
2026-08-27 07:00:00,-0.35959497,-0.3594958,-0.32842088,-0.32433355,low-ebb,low-ebb,low-ebb,low-ebb
2026-08-27 07:10:00,-0.43959945,-0.44442505,-0.4085173,-0.40456766,low-ebb,low-ebb,low-ebb,low-ebb
2026-08-27 07:20:00,-0.5161548,-0.5259466,-0.48563296,-0.48185018,low-ebb,low-ebb,low-ebb,low-ebb
2026-08-27 07:30:00,-0.5887295,-0.6034834,-0.5592327,-0.55564386,low-ebb,low-ebb,low-ebb,low-ebb
2026-08-27 07:40:00,-0.65682507,-0.67649984,-0.62880915,-0.6254389,low-ebb,low-ebb,low-ebb,low-ebb
2026-08-27 07:50:00,-0.71998024,-0.74450636,-0.6938867,-0.6907571,low-ebb,low-ebb,low-ebb,low-ebb
2026-08-27 08:00:00,-0.7777744,-0.807062,-0.7540248,-0.75115526,low-ebb,low-ebb,low-ebb,low-ebb
2026-08-27 08:10:00,-0.8298303,-0.86377555,-0.8088216,-0.8062286,low-ebb,low-ebb,low-ebb,low-ebb
2026-08-27 08:20:00,-0.87581676,-0.91430664,-0.85791665,-0.8556137,low-ebb,low-ebb,low-ebb,low-ebb
2026-08-27 08:30:00,-0.9154506,-0.958365,-0.9009935,-0.89899135,low-ebb,low-ebb,low-ebb,low-ebb
2026-08-27 08:40:00,-0.94849813,-0.99570954,-0.9377817,-0.9360879,low-ebb,low-ebb,low-ebb,low-ebb
2026-08-27 08:50:00,-0.97477627,-1.0261471,-0.9680585,-0.96667784,low-ebb,low-ebb,low-ebb,low-ebb
2026-08-27 09:00:00,-0.9941531,-1.0495313,-0.99165004,-0.9905844,low-ebb,low-ebb,low-ebb,low-ebb
2026-08-27 09:10:00,-1.006548,-1.0657614,-1.0084323,-1.0076807,low-ebb,low-ebb,low-ebb,low-ebb
2026-08-27 09:20:00,-1.0119313,-1.0747812,-1.0183309,-1.01789,low-ebb,low-ebb,low-ebb,low-ebb
2026-08-27 09:30:00,-1.0103235,-1.0765784,-1.0213221,-1.0211859,low-ebb,low-ebb,low-ebb,low-ebb
2026-08-27 09:40:00,-1.0017945,-1.0711854,-1.0174315,-1.0175916,low-flow,low-flow,low-flow,low-flow
2026-08-27 09:50:00,-0.9864616,-1.0586785,-1.0067332,-1.0071794,low-flow,low-flow,low-flow,low-flow
2026-08-27 10:00:00,-0.9644881,-1.0391787,-0.9893494,-0.99006945,low-flow,low-flow,low-flow,low-flow
2026-08-27 10:10:00,-0.9360815,-1.0128524,-0.96544826,-0.96642834,low-flow,low-flow,low-flow,low-flow
2026-08-27 10:20:00,-0.901491,-0.9799107,-0.9352421,-0.9364671,low-flow,low-flow,low-flow,low-flow
2026-08-27 10:30:00,-0.8610049,-0.94061,-0.8989859,-0.9004395,low-flow,low-flow,low-flow,low-flow
2026-08-27 10:40:00,-0.8149483,-0.8952511,-0.8569745,-0.8586394,low-flow,low-flow,low-flow,low-flow
2026-08-27 10:50:00,-0.7636806,-0.8441775,-0.8095401,-0.8113987,low-flow,low-flow,low-flow,low-flow
2026-08-27 11:00:00,-0.70759195,-0.78777343,-0.75705,-0.7590839,low-flow,low-flow,low-flow,low-flow
2026-08-27 11:10:00,-0.64710134,-0.72646105,-0.6999033,-0.7020943,low-flow,low-flow,low-flow,low-flow
2026-08-27 11:20:00,-0.5826528,-0.6606969,-0.6385283,-0.64085805,low-flow,low-flow,low-flow,low-flow
2026-08-27 11:30:00,-0.51471317,-0.59096795,-0.57337904,-0.5758296,low-flow,low-flow,low-flow,low-flow
2026-08-27 11:40:00,-0.44376865,-0.51778716,-0.50493264,-0.50748646,low-flow,low-flow,low-flow,low-flow
2026-08-27 11:50:00,-0.37032205,-0.44168878,-0.4336856,-0.4363257,low-flow,low-flow,low-flow,low-flow
2026-08-27 12:00:00,-0.29488978,-0.36322418,-0.3601508,-0.362861,low-flow,low-flow,low-flow,low-flow
2026-08-27 12:10:00,-0.21799898,-0.28295702,-0.2848542,-0.28761917,low-flow,low-flow,low-flow,low-flow
2026-08-27 12:20:00,-0.14018437,-0.20145927,-0.20833139,-0.21113677,low-flow,low-flow,low-flow,low-flow
2026-08-27 12:30:00,-0.061985467,-0.11930751,-0.13112438,-0.13395678,low-flow,low-flow,low-flow,low-flow
2026-08-27 12:40:00,0.016056485,-0.03707932,-0.053778153,-0.056625277,high-flow,low-flow,low-flow,low-flow
2026-08-27 12:50:00,0.093401454,0.044649687,0.023162551,0.02031197,high-flow,high-flow,high-flow,high-flow
2026-08-27 13:00:00,0.16951361,0.12530877,0.099156655,0.09631283,high-flow,high-flow,high-flow,high-flow
2026-08-27 13:10:00,0.24386439,0.20433472,0.17367001,0.17084216,high-flow,high-flow,high-flow,high-flow
2026-08-27 13:20:00,0.31593546,0.2811746,0.24617869,0.24337506,high-flow,high-flow,high-flow,high-flow
2026-08-27 13:30:00,0.3852218,0.35528854,0.31617224,0.31340024,high-flow,high-flow,high-flow,high-flow
2026-08-27 13:40:00,0.45123488,0.42615274,0.3831569,0.38042313,high-flow,high-flow,high-flow,high-flow
2026-08-27 13:50:00,0.51350564,0.4932627,0.4466588,0.4439692,high-flow,high-flow,high-flow,high-flow
2026-08-27 14:00:00,0.5715876,0.55613697,0.50622696,0.503587,high-flow,high-flow,high-flow,high-flow
2026-08-27 14:10:00,0.62506014,0.61432076,0.5614366,0.55885124,high-flow,high-flow,high-flow,high-flow
2026-08-27 14:20:00,0.6735313,0.6673901,0.61189175,0.6093657,high-flow,high-flow,high-flow,high-flow
2026-08-27 14:30:00,0.71664095,0.71495587,0.6572283,0.6547662,high-flow,high-flow,high-flow,high-flow
2026-08-27 14:40:00,0.7540638,0.7566675,0.69711685,0.6947232,high-flow,high-flow,high-flow,high-flow
2026-08-27 14:50:00,0.7855121,0.7922168,0.73126507,0.72894454,high-flow,high-flow,high-flow,high-flow
2026-08-27 15:00:00,0.81073844,0.8213409,0.75942016,0.75717753,high-flow,high-flow,high-flow,high-flow
2026-08-27 15:10:00,0.8295384,0.843825,0.78137106,0.7792117,high-flow,high-flow,high-flow,high-flow
2026-08-27 15:20:00,0.8417524,0.85950387,0.7969507,0.79488015,high-flow,high-flow,high-flow,high-flow
2026-08-27 15:30:00,0.84726834,0.8682635,0.80603737,0.8040617,high-flow,high-flow,high-flow,high-flow
2026-08-27 15:40:00,0.84602296,0.8700409,0.8085564,0.80668235,high-flow,high-flow,high-flow,high-flow
2026-08-27 15:50:00,0.8380034,0.86482435,0.80448127,0.8027161,high-ebb,high-ebb,high-ebb,high-ebb
2026-08-27 16:00:00,0.82324827,0.8526526,0.7938345,0.792186,high-ebb,high-ebb,high-ebb,high-ebb
2026-08-27 16:10:00,0.80184823,0.83361375,0.7766881,0.7751647,high-ebb,high-ebb,high-ebb,high-ebb
2026-08-27 16:20:00,0.7739462,0.80784386,0.7531636,0.75177425,high-ebb,high-ebb,high-ebb,high-ebb
2026-08-27 16:30:00,0.7397373,0.77552617,0.72343177,0.72218585,high-ebb,high-ebb,high-ebb,high-ebb
2026-08-27 16:40:00,0.6994677,0.7368894,0.68771195,0.68661934,high-ebb,high-ebb,high-ebb,high-ebb
2026-08-27 16:50:00,0.6534339,0.69220734,0.646271,0.6453418,high-ebb,high-ebb,high-ebb,high-ebb
2026-08-27 17:00:00,0.6019805,0.64179766,0.5994215,0.598666,high-ebb,high-ebb,high-ebb,high-ebb
2026-08-27 17:10:00,0.54549825,0.58602166,0.54752,0.5469485,high-ebb,high-ebb,high-ebb,high-ebb
2026-08-27 17:20:00,0.48442122,0.52528346,0.49096453,0.49058723,high-ebb,high-ebb,high-ebb,high-ebb
2026-08-27 17:30:00,0.41922364,0.46002966,0.43019173,0.43001845,high-ebb,high-ebb,high-ebb,high-ebb
2026-08-27 17:40:00,0.35041618,0.39074814,0.3656737,0.3657138,high-ebb,high-ebb,high-ebb,high-ebb
2026-08-27 17:50:00,0.27854186,0.31796658,0.29791442,0.29817656,high-ebb,high-ebb,high-ebb,high-ebb
2026-08-27 18:00:00,0.20417154,0.24225019,0.22744583,0.22793776,high-ebb,high-ebb,high-ebb,high-ebb
2026-08-27 18:10:00,0.12789924,0.16419841,0.1548236,0.15555196,high-ebb,high-ebb,high-ebb,high-ebb
2026-08-27 18:20:00,0.050336994,0.08444066,0.08062266,0.08159278,high-ebb,high-ebb,high-ebb,high-ebb
2026-08-27 18:30:00,-0.027890509,0.0036308265,0.005432493,0.0066482364,low-ebb,high-ebb,high-ebb,high-ebb
2026-08-27 18:40:00,-0.10615131,-0.077559166,-0.07014773,-0.0686842,low-ebb,low-ebb,low-ebb,low-ebb
2026-08-27 18:50:00,-0.18381177,-0.15844683,-0.14551415,-0.14380251,low-ebb,low-ebb,low-ebb,low-ebb
2026-08-27 19:00:00,-0.26024216,-0.2383473,-0.2200633,-0.21810523,low-ebb,low-ebb,low-ebb,low-ebb
2026-08-27 19:10:00,-0.33482218,-0.3165819,-0.29319713,-0.29099643,low-ebb,low-ebb,low-ebb,low-ebb
2026-08-27 19:20:00,-0.40694648,-0.3924869,-0.3643281,-0.36189082,low-ebb,low-ebb,low-ebb,low-ebb
2026-08-27 19:30:00,-0.47602984,-0.46542192,-0.432884,-0.43021858,low-ebb,low-ebb,low-ebb,low-ebb
2026-08-27 19:40:00,-0.54151225,-0.5347778,-0.49831295,-0.49543008,low-ebb,low-ebb,low-ebb,low-ebb
2026-08-27 19:50:00,-0.6028638,-0.59998375,-0.56008774,-0.5570006,low-ebb,low-ebb,low-ebb,low-ebb
2026-08-27 20:00:00,-0.65958863,-0.6605128,-0.61771023,-0.61443436,low-ebb,low-ebb,low-ebb,low-ebb
2026-08-27 20:10:00,-0.71122974,-0.7158868,-0.6707156,-0.6672689,low-ebb,low-ebb,low-ebb,low-ebb
2026-08-27 20:20:00,-0.7573717,-0.7656792,-0.7186756,-0.71507823,low-ebb,low-ebb,low-ebb,low-ebb
2026-08-27 20:30:00,-0.79764456,-0.80951715,-0.7612024,-0.75747675,low-ebb,low-ebb,low-ebb,low-ebb
2026-08-27 20:40:00,-0.83172596,-0.8470822,-0.7979512,-0.79412156,low-ebb,low-ebb,low-ebb,low-ebb
2026-08-27 20:50:00,-0.8593435,-0.8781096,-0.8286229,-0.82471544,low-ebb,low-ebb,low-ebb,low-ebb
2026-08-27 21:00:00,-0.88027656,-0.9023875,-0.852966,-0.84900856,low-ebb,low-ebb,low-ebb,low-ebb
2026-08-27 21:10:00,-0.894357,-0.9197552,-0.8707785,-0.8668003,low-ebb,low-ebb,low-ebb,low-ebb
2026-08-27 21:20:00,-0.90147036,-0.9301016,-0.881909,-0.8779404,low-ebb,low-ebb,low-ebb,low-ebb
2026-08-27 21:30:00,-0.9015555,-0.93336284,-0.8862573,-0.8823295,low-ebb,low-ebb,low-ebb,low-ebb
2026-08-27 21:40:00,-0.8946047,-0.92952144,-0.8837748,-0.87991965,low-flow,low-flow,low-flow,low-flow
2026-08-27 21:50:00,-0.8806625,-0.9186045,-0.87446463,-0.87071395,low-flow,low-flow,low-flow,low-flow
2026-08-27 22:00:00,-0.8598251,-0.9006834,-0.85838056,-0.8547663,low-flow,low-flow,low-flow,low-flow
2026-08-27 22:10:00,-0.83223814,-0.875873,-0.83562654,-0.8321802,low-flow,low-flow,low-flow,low-flow
2026-08-27 22:20:00,-0.79809564,-0.8443317,-0.8063553,-0.80310744,low-flow,low-flow,low-flow,low-flow
2026-08-27 22:30:00,-0.757637,-0.80626124,-0.77076656,-0.7677466,low-flow,low-flow,low-flow,low-flow
2026-08-27 22:40:00,-0.7111453,-0.7619068,-0.72910523,-0.7263412,low-flow,low-flow,low-flow,low-flow
2026-08-27 22:50:00,-0.658944,-0.7115567,-0.68165916,-0.6791772,low-flow,low-flow,low-flow,low-flow
2026-08-27 23:00:00,-0.6013949,-0.6555414,-0.62875664,-0.62658083,low-flow,low-flow,low-flow,low-flow
2026-08-27 23:10:00,-0.5388944,-0.59423256,-0.5707637,-0.5689157,low-flow,low-flow,low-flow,low-flow
2026-08-27 23:20:00,-0.47187093,-0.5280408,-0.5080814,-0.5065801,low-flow,low-flow,low-flow,low-flow
2026-08-27 23:30:00,-0.40078154,-0.45741346,-0.4411425,-0.44000384,low-flow,low-flow,low-flow,low-flow
2026-08-27 23:40:00,-0.32610893,-0.38283086,-0.3704086,-0.3696454,low-flow,low-flow,low-flow,low-flow
2026-08-27 23:50:00,-0.24835795,-0.30480286,-0.2963666,-0.29598835,low-flow,low-flow,low-flow,low-flow
2026-08-28 00:00:00,-0.16805254,-0.22386454,-0.21952564,-0.21953832,low-flow,low-flow,low-flow,low-flow
2026-08-28 00:10:00,-0.085732356,-0.14057165,-0.14041342,-0.14081942,low-flow,low-flow,low-flow,low-flow
2026-08-28 00:20:00,-0.0019496111,-0.055496156,-0.059572957,-0.06037101,low-flow,low-flow,low-flow,low-flow
2026-08-28 00:30:00,0.0827342,0.030778311,0.022441033,0.021255871,high-flow,high-flow,high-flow,high-flow
2026-08-28 00:40:00,0.16775149,0.11766064,0.10506557,0.103501916,high-flow,high-flow,high-flow,high-flow
2026-08-28 00:50:00,0.25253183,0.20455618,0.18773292,0.18580298,high-flow,high-flow,high-flow,high-flow
2026-08-28 01:00:00,0.336505,0.2908703,0.2698741,0.2675936,high-flow,high-flow,high-flow,high-flow
2026-08-28 01:10:00,0.41910428,0.37601164,0.35092232,0.34831032,high-flow,high-flow,high-flow,high-flow
2026-08-28 01:20:00,0.49976957,0.45939496,0.4303165,0.42739525,high-flow,high-flow,high-flow,high-flow
2026-08-28 01:30:00,0.5779505,0.540444,0.5075047,0.50429934,high-flow,high-flow,high-flow,high-flow
2026-08-28 01:40:00,0.65310955,0.61859417,0.5819474,0.5784859,high-flow,high-flow,high-flow,high-flow
2026-08-28 01:50:00,0.72472537,0.69329524,0.653121,0.6494337,high-flow,high-flow,high-flow,high-flow
2026-08-28 02:00:00,0.79229575,0.7640144,0.7205211,0.71664035,high-flow,high-flow,high-flow,high-flow
2026-08-28 02:10:00,0.8553408,0.8302395,0.78366566,0.77962565,high-flow,high-flow,high-flow,high-flow
2026-08-28 02:20:00,0.913406,0.8914823,0.8420983,0.8379347,high-flow,high-flow,high-flow,high-flow
2026-08-28 02:30:00,0.9660655,0.94728285,0.89539135,0.89114076,high-flow,high-flow,high-flow,high-flow
2026-08-28 02:40:00,1.012925,0.9972132,0.9431488,0.9388485,high-flow,high-flow,high-flow,high-flow
2026-08-28 02:50:00,1.0536249,1.0408814,0.9850092,0.98069674,high-flow,high-flow,high-flow,high-flow
2026-08-28 03:00:00,1.0878428,1.0779363,1.0206485,1.0163614,high-flow,high-flow,high-flow,high-flow
2026-08-28 03:10:00,1.1152968,1.1080706,1.0497824,1.0455576,high-flow,high-flow,high-flow,high-flow
2026-08-28 03:20:00,1.1357478,1.1310252,1.0721692,1.0680428,high-flow,high-flow,high-flow,high-flow
2026-08-28 03:30:00,1.1490022,1.1465914,1.0876114,1.0836182,high-flow,high-flow,high-flow,high-flow
2026-08-28 03:40:00,1.1549138,1.1546139,1.0959581,1.0921315,high-flow,high-flow,high-flow,high-flow
2026-08-28 03:50:00,1.153386,1.1549919,1.0971067,1.0934781,high-flow,high-flow,high-flow,high-flow
2026-08-28 04:00:00,1.1443738,1.1476799,1.091004,1.0876026,high-ebb,high-ebb,high-ebb,high-ebb
2026-08-28 04:10:00,1.1278843,1.1326882,1.0776477,1.0745002,high-ebb,high-ebb,high-ebb,high-ebb
2026-08-28 04:20:00,1.1039785,1.1100812,1.0570865,1.054217,high-ebb,high-ebb,high-ebb,high-ebb
2026-08-28 04:30:00,1.0727717,1.0799779,1.0294212,1.026851,high-ebb,high-ebb,high-ebb,high-ebb
2026-08-28 04:40:00,1.0344331,1.0425491,0.9948045,0.99255186,high-ebb,high-ebb,high-ebb,high-ebb
2026-08-28 04:50:00,0.9891862,0.99801695,0.95344025,0.9515201,high-ebb,high-ebb,high-ebb,high-ebb
2026-08-28 05:00:00,0.9373077,0.94665223,0.90558285,0.90400696,high-ebb,high-ebb,high-ebb,high-ebb
2026-08-28 05:10:00,0.87912613,0.88877386,0.85153604,0.85031277,high-ebb,high-ebb,high-ebb,high-ebb
2026-08-28 05:20:00,0.81502,0.8247471,0.7916509,0.79078555,high-ebb,high-ebb,high-ebb,high-ebb
2026-08-28 05:30:00,0.74541575,0.75498235,0.72632414,0.7258185,high-ebb,high-ebb,high-ebb,high-ebb
2026-08-28 05:40:00,0.6707846,0.6799342,0.6559951,0.65584785,high-ebb,high-ebb,high-ebb,high-ebb
2026-08-28 05:50:00,0.59163964,0.6001001,0.58114296,0.5813496,high-ebb,high-ebb,high-ebb,high-ebb
2026-08-28 06:00:00,0.50853163,0.51601905,0.5022833,0.50283647,high-ebb,high-ebb,high-ebb,high-ebb
2026-08-28 06:10:00,0.42204517,0.42826954,0.41996425,0.4208537,high-ebb,high-ebb,high-ebb,high-ebb
2026-08-28 06:20:00,0.33279392,0.33746722,0.3347626,0.33597547,high-ebb,high-ebb,high-ebb,high-ebb
2026-08-28 06:30:00,0.24141568,0.24426134,0.24727906,0.2488001,high-ebb,high-ebb,high-ebb,high-ebb
2026-08-28 06:40:00,0.14856723,0.14933045,0.15813375,0.15994552,high-ebb,high-ebb,high-ebb,high-ebb
2026-08-28 06:50:00,0.054918807,0.05337698,0.06796126,0.07004443,high-ebb,high-ebb,high-ebb,high-ebb
2026-08-28 07:00:00,-0.038851555,-0.04287941,-0.022594484,-0.020260923,low-ebb,low-ebb,low-ebb,low-ebb
2026-08-28 07:10:00,-0.13206373,-0.13870919,-0.11288539,-0.11032382,low-ebb,low-ebb,low-ebb,low-ebb
2026-08-28 07:20:00,-0.22404134,-0.23338129,-0.20226452,-0.19949841,low-ebb,low-ebb,low-ebb,low-ebb
2026-08-28 07:30:00,-0.31411752,-0.32617185,-0.29009134,-0.28714502,low-ebb,low-ebb,low-ebb,low-ebb
2026-08-28 07:40:00,-0.40164062,-0.41637328,-0.37573695,-0.37263528,low-ebb,low-ebb,low-ebb,low-ebb
2026-08-28 07:50:00,-0.48597974,-0.50330305,-0.45858923,-0.45535737,low-ebb,low-ebb,low-ebb,low-ebb
2026-08-28 08:00:00,-0.5665299,-0.586312,-0.53805786,-0.534721,low-ebb,low-ebb,low-ebb,low-ebb
2026-08-28 08:10:00,-0.6427174,-0.66479194,-0.613579,-0.61016214,low-ebb,low-ebb,low-ebb,low-ebb
2026-08-28 08:20:00,-0.714004,-0.73818207,-0.6846198,-0.68114746,low-ebb,low-ebb,low-ebb,low-ebb
2026-08-28 08:30:00,-0.7798915,-0.80597395,-0.7506826,-0.7471787,low-ebb,low-ebb,low-ebb,low-ebb
2026-08-28 08:40:00,-0.83992577,-0.86771524,-0.81130874,-0.8077965,low-ebb,low-ebb,low-ebb,low-ebb
2026-08-28 08:50:00,-0.89369977,-0.92301196,-0.86608225,-0.86258364,low-ebb,low-ebb,low-ebb,low-ebb
2026-08-28 09:00:00,-0.9408566,-0.9715293,-0.91463256,-0.91116863,low-ebb,low-ebb,low-ebb,low-ebb
2026-08-28 09:10:00,-0.9810918,-1.0129915,-0.9566371,-0.9532277,low-ebb,low-ebb,low-ebb,low-ebb
2026-08-28 09:20:00,-1.0141554,-1.0471805,-0.99182385,-0.9884874,low-ebb,low-ebb,low-ebb,low-ebb
2026-08-28 09:30:00,-1.039853,-1.0739338,-1.0199727,-1.0167264,low-ebb,low-ebb,low-ebb,low-ebb
2026-08-28 09:40:00,-1.0580466,-1.0931429,-1.0409168,-1.0377762,low-ebb,low-ebb,low-ebb,low-ebb
2026-08-28 09:50:00,-1.068655,-1.1047497,-1.054543,-1.0515226,low-ebb,low-ebb,low-ebb,low-ebb
2026-08-28 10:00:00,-1.0716534,-1.1087456,-1.0607928,-1.0579056,low-ebb,low-ebb,low-ebb,low-ebb
2026-08-28 10:10:00,-1.0670726,-1.1051686,-1.0596616,-1.0569189,low-flow,low-flow,low-ebb,low-ebb
2026-08-28 10:20:00,-1.0549984,-1.0941019,-1.0511982,-1.0486104,low-flow,low-flow,low-flow,low-flow
2026-08-28 10:30:00,-1.0355694,-1.0756733,-1.0355041,-1.0330802,low-flow,low-flow,low-flow,low-flow
2026-08-28 10:40:00,-1.0089753,-1.0500536,-1.0127319,-1.0104798,low-flow,low-flow,low-flow,low-flow
2026-08-28 10:50:00,-0.9754548,-1.0174567,-0.9830836,-0.9810101,low-flow,low-flow,low-flow,low-flow
2026-08-28 11:00:00,-0.93529284,-0.9781387,-0.9468086,-0.9449194,low-flow,low-flow,low-flow,low-flow
2026-08-28 11:10:00,-0.8888179,-0.9323979,-0.9042011,-0.90250134,low-flow,low-flow,low-flow,low-flow
2026-08-28 11:20:00,-0.8363991,-0.88057375,-0.8555979,-0.8540919,low-flow,low-flow,low-flow,low-flow
2026-08-28 11:30:00,-0.7784427,-0.82304555,-0.80137545,-0.80006665,low-flow,low-flow,low-flow,low-flow
2026-08-28 11:40:00,-0.71538925,-0.76023084,-0.7419465,-0.740838,low-flow,low-flow,low-flow,low-flow
2026-08-28 11:50:00,-0.6477099,-0.69258285,-0.67775726,-0.6768517,low-flow,low-flow,low-flow,low-flow
2026-08-28 12:00:00,-0.57590294,-0.6205878,-0.609284,-0.6085837,low-flow,low-flow,low-flow,low-flow
2026-08-28 12:10:00,-0.5004905,-0.54476106,-0.5370295,-0.5365364,low-flow,low-flow,low-flow,low-flow
2026-08-28 12:20:00,-0.4220148,-0.46564332,-0.46151963,-0.4612355,low-flow,low-flow,low-flow,low-flow
2026-08-28 12:30:00,-0.34103486,-0.38379616,-0.38329974,-0.3832262,low-flow,low-flow,low-flow,low-flow
2026-08-28 12:40:00,-0.25812283,-0.29979765,-0.30293107,-0.30306956,low-flow,low-flow,low-flow,low-flow
2026-08-28 12:50:00,-0.1738606,-0.21423803,-0.22098705,-0.22133887,low-flow,low-flow,low-flow,low-flow
2026-08-28 13:00:00,-0.08883636,-0.12771532,-0.13804965,-0.13861595,low-flow,low-flow,low-flow,low-flow
2026-08-28 13:10:00,-0.003641165,-0.040831383,-0.05470573,-0.055487502,low-flow,low-flow,low-flow,low-flow
2026-08-28 13:20:00,0.08113441,0.045811646,0.028456593,0.027458591,high-flow,high-flow,high-flow,high-flow
2026-08-28 13:30:00,0.16490361,0.1316147,0.110851586,0.10963687,high-flow,high-flow,high-flow,high-flow
2026-08-28 13:40:00,0.24708685,0.2159847,0.1918995,0.19046795,high-flow,high-flow,high-flow,high-flow
2026-08-28 13:50:00,0.32711494,0.29833737,0.2710301,0.2693821,high-flow,high-flow,high-flow,high-flow
2026-08-28 14:00:00,0.4044323,0.37809986,0.34768623,0.34582266,high-flow,high-flow,high-flow,high-flow
2026-08-28 14:10:00,0.47850037,0.45471343,0.4213273,0.4192497,high-flow,high-flow,high-flow,high-flow
2026-08-28 14:20:00,0.5488006,0.5276363,0.49143258,0.4891434,high-flow,high-flow,high-flow,high-flow
2026-08-28 14:30:00,0.6148377,0.5963468,0.55750465,0.55500716,high-flow,high-flow,high-flow,high-flow
2026-08-28 14:40:00,0.67614293,0.6603467,0.61907256,0.6163712,high-flow,high-flow,high-flow,high-flow
2026-08-28 14:50:00,0.73227686,0.719165,0.67569524,0.6727956,high-flow,high-flow,high-flow,high-flow
2026-08-28 15:00:00,0.78283286,0.7723623,0.7269642,0.7238731,high-flow,high-flow,high-flow,high-flow
2026-08-28 15:10:00,0.82743955,0.81953436,0.77250654,0.76923245,high-flow,high-flow,high-flow,high-flow
2026-08-28 15:20:00,0.86576414,0.860317,0.8119881,0.8085409,high-flow,high-flow,high-flow,high-flow
2026-08-28 15:30:00,0.8975149,0.89439005,0.84511566,0.8415067,high-flow,high-flow,high-flow,high-flow
2026-08-28 15:40:00,0.92244375,0.9214812,0.8716394,0.8678821,high-flow,high-flow,high-flow,high-flow
2026-08-28 15:50:00,0.94034886,0.94136924,0.8913552,0.8874645,high-flow,high-flow,high-flow,high-flow
2026-08-28 16:00:00,0.95107657,0.95388716,0.90410674,0.9000996,high-flow,high-flow,high-flow,high-flow
2026-08-28 16:10:00,0.9545236,0.95892376,0.90978694,0.90568185,high-flow,high-flow,high-flow,high-flow
2026-08-28 16:20:00,0.95063853,0.9564249,0.9083393,0.9041568,high-ebb,high-ebb,high-flow,high-flow
2026-08-28 16:30:00,0.939423,0.946394,0.89975935,0.8955215,high-ebb,high-ebb,high-ebb,high-ebb
2026-08-28 16:40:00,0.92093307,0.9288918,0.8840948,0.87982553,high-ebb,high-ebb,high-ebb,high-ebb
2026-08-28 16:50:00,0.8952792,0.90403485,0.86144626,0.857171,high-ebb,high-ebb,high-ebb,high-ebb
2026-08-28 17:00:00,0.862627,0.8719948,0.8319671,0.8277127,high-ebb,high-ebb,high-ebb,high-ebb
2026-08-28 17:10:00,0.82319635,0.8329961,0.7958628,0.7916574,high-ebb,high-ebb,high-ebb,high-ebb
2026-08-28 17:20:00,0.7772609,0.7873144,0.75339013,0.7492629,high-ebb,high-ebb,high-ebb,high-ebb
2026-08-28 17:30:00,0.7251467,0.7352747,0.70485586,0.7008369,high-ebb,high-ebb,high-ebb,high-ebb
2026-08-28 17:40:00,0.66723037,0.6772492,0.6506148,0.6467347,high-ebb,high-ebb,high-ebb,high-ebb
2026-08-28 17:50:00,0.60393673,0.61365604,0.5910676,0.58735734,high-ebb,high-ebb,high-ebb,high-ebb
2026-08-28 18:00:00,0.53573614,0.5449576,0.5266581,0.5231488,high-ebb,high-ebb,high-ebb,high-ebb
2026-08-28 18:10:00,0.4631411,0.47165844,0.45787022,0.45459256,high-ebb,high-ebb,high-ebb,high-ebb
2026-08-28 18:20:00,0.3867024,0.39430422,0.3852243,0.3822085,high-ebb,high-ebb,high-ebb,high-ebb
2026-08-28 18:30:00,0.307005,0.313479,0.30927342,0.30654874,high-ebb,high-ebb,high-ebb,high-ebb
2026-08-28 18:40:00,0.22466344,0.22980286,0.23059899,0.22819343,high-ebb,high-ebb,high-ebb,high-ebb
2026-08-28 18:50:00,0.1403168,0.14392836,0.1498062,0.14774622,high-ebb,high-ebb,high-ebb,high-ebb
2026-08-28 19:00:00,0.054623447,0.056536257,0.067519315,0.06582943,high-ebb,high-ebb,high-ebb,high-ebb
2026-08-28 19:10:00,-0.03174451,-0.031669874,-0.015623486,-0.016920997,low-ebb,low-ebb,low-ebb,low-ebb
2026-08-28 19:20:00,-0.11810695,-0.11996994,-0.09897529,-0.09986072,low-ebb,low-ebb,low-ebb,low-ebb
2026-08-28 19:30:00,-0.20378157,-0.20763472,-0.18188581,-0.18234226,low-ebb,low-ebb,low-ebb,low-ebb
2026-08-28 19:40:00,-0.28808984,-0.293934,-0.26370668,-0.26372045,low-ebb,low-ebb,low-ebb,low-ebb
2026-08-28 19:50:00,-0.37036285,-0.37814534,-0.34379706,-0.34335774,low-ebb,low-ebb,low-ebb,low-ebb
2026-08-28 20:00:00,-0.4499472,-0.45956323,-0.42152876,-0.42062956,low-ebb,low-ebb,low-ebb,low-ebb
2026-08-28 20:10:00,-0.5262106,-0.53750795,-0.49629158,-0.4949295,low-ebb,low-ebb,low-ebb,low-ebb
2026-08-28 20:20:00,-0.59854734,-0.6113344,-0.5674984,-0.5656743,low-ebb,low-ebb,low-ebb,low-ebb
2026-08-28 20:30:00,-0.6663835,-0.68043983,-0.6345899,-0.6323087,low-ebb,low-ebb,low-ebb,low-ebb
2026-08-28 20:40:00,-0.7291819,-0.74427086,-0.69703937,-0.6943101,low-ebb,low-ebb,low-ebb,low-ebb
2026-08-28 20:50:00,-0.78644615,-0.8023288,-0.7543567,-0.75119245,low-ebb,low-ebb,low-ebb,low-ebb
2026-08-28 21:00:00,-0.8377253,-0.854174,-0.8060924,-0.8025103,low-ebb,low-ebb,low-ebb,low-ebb
2026-08-28 21:10:00,-0.88261676,-0.89942825,-0.8518411,-0.84786236,low-ebb,low-ebb,low-ebb,low-ebb
2026-08-28 21:20:00,-0.9207697,-0.93777615,-0.8912445,-0.8868942,low-ebb,low-ebb,low-ebb,low-ebb
2026-08-28 21:30:00,-0.95188737,-0.9689646,-0.9239942,-0.9193012,low-ebb,low-ebb,low-ebb,low-ebb
2026-08-28 21:40:00,-0.97572935,-0.9928018,-0.9498337,-0.9448303,low-ebb,low-ebb,low-ebb,low-ebb
2026-08-28 21:50:00,-0.99211246,-1.009155,-0.96856004,-0.96328187,low-ebb,low-ebb,low-ebb,low-ebb
2026-08-28 22:00:00,-1.0009121,-1.017948,-0.98002505,-0.97451067,low-ebb,low-ebb,low-ebb,low-ebb
2026-08-28 22:10:00,-1.0020622,-1.0191578,-0.98413616,-0.97842675,low-ebb,low-ebb,low-ebb,low-ebb
2026-08-28 22:20:00,-0.99555534,-1.0128119,-0.98085636,-0.9749955,low-flow,low-flow,low-flow,low-flow
2026-08-28 22:30:00,-0.9814416,-0.9989857,-0.9702041,-0.96423715,low-flow,low-flow,low-flow,low-flow
2026-08-28 22:40:00,-0.9598279,-0.9778002,-0.95225275,-0.94622666,low-flow,low-flow,low-flow,low-flow
2026-08-28 22:50:00,-0.9308758,-0.94942,-0.9271292,-0.92109185,low-flow,low-flow,low-flow,low-flow
2026-08-28 23:00:00,-0.89479995,-0.9140518,-0.8950127,-0.8890126,low-flow,low-flow,low-flow,low-flow
2026-08-28 23:10:00,-0.8518654,-0.87194365,-0.8561325,-0.8502183,low-flow,low-flow,low-flow,low-flow
2026-08-28 23:20:00,-0.8023851,-0.8233841,-0.81076634,-0.8049863,low-flow,low-flow,low-flow,low-flow
2026-08-28 23:30:00,-0.7467167,-0.76870114,-0.75923735,-0.75363886,low-flow,low-flow,low-flow,low-flow
2026-08-28 23:40:00,-0.68525946,-0.7082616,-0.70191145,-0.6965407,low-flow,low-flow,low-flow,low-flow
2026-08-28 23:50:00,-0.6184509,-0.64247,-0.63919455,-0.63409597,low-flow,low-flow,low-flow,low-flow
2026-08-29 00:00:00,-0.5467632,-0.57176685,-0.57152915,-0.56674486,low-flow,low-flow,low-flow,low-flow
2026-08-29 00:10:00,-0.4706995,-0.4966265,-0.4993909,-0.49496052,low-flow,low-flow,low-flow,low-flow
2026-08-29 00:20:00,-0.39079025,-0.41755447,-0.42328534,-0.41924545,low-flow,low-flow,low-flow,low-flow
2026-08-29 00:30:00,-0.3075894,-0.33508423,-0.34374404,-0.3401279,low-flow,low-flow,low-flow,low-flow
2026-08-29 00:40:00,-0.2216707,-0.2497733,-0.26132107,-0.25815818,low-flow,low-flow,low-flow,low-flow
2026-08-29 00:50:00,-0.13362372,-0.16219926,-0.17658913,-0.17390504,low-flow,low-flow,low-flow,low-flow
2026-08-29 01:00:00,-0.04405035,-0.07295538,-0.0901358,-0.08795186,low-flow,low-flow,low-flow,low-flow
2026-08-29 01:10:00,0.046439104,0.017353723,-0.0025596835,-0.00089280825,high-flow,high-flow,low-flow,low-flow
2026-08-29 01:20:00,0.1372295,0.10811636,0.085533366,0.08667084,high-flow,high-flow,high-flow,high-flow
2026-08-29 01:30:00,0.22770452,0.1987178,0.17353411,0.1741345,high-flow,high-flow,high-flow,high-flow
2026-08-29 01:40:00,0.31725022,0.28854403,0.26083368,0.26089406,high-flow,high-flow,high-flow,high-flow
2026-08-29 01:50:00,0.40525848,0.37698513,0.3468274,0.34634954,high-flow,high-flow,high-flow,high-flow
2026-08-29 02:00:00,0.49113053,0.46343827,0.4309184,0.42990878,high-flow,high-flow,high-flow,high-flow
2026-08-29 02:10:00,0.5742803,0.54731077,0.51252145,0.51099116,high-flow,high-flow,high-flow,high-flow
2026-08-29 02:20:00,0.6541379,0.62802255,0.5910665,0.58903104,high-flow,high-flow,high-flow,high-flow
2026-08-29 02:30:00,0.73015255,0.7050089,0.6660021,0.6634813,high-flow,high-flow,high-flow,high-flow
2026-08-29 02:40:00,0.80179614,0.7777235,0.73679924,0.73381686,high-flow,high-flow,high-flow,high-flow
2026-08-29 02:50:00,0.8685665,0.8456411,0.8029543,0.799538,high-flow,high-flow,high-flow,high-flow
2026-08-29 03:00:00,0.9299902,0.90826106,0.8639928,0.8601737,high-flow,high-flow,high-flow,high-flow
2026-08-29 03:10:00,0.9856257,0.9651112,0.91947234,0.9152845,high-flow,high-flow,high-flow,high-flow
2026-08-29 03:20:00,1.0350665,1.0157516,0.96898556,0.96446604,high-flow,high-flow,high-flow,high-flow
2026-08-29 03:30:00,1.0779442,1.059779,1.0121634,1.0073515,high-flow,high-flow,high-flow,high-flow
2026-08-29 03:40:00,1.1139305,1.0968313,1.0486778,1.0436149,high-flow,high-flow,high-flow,high-flow
2026-08-29 03:50:00,1.1427407,1.1265919,1.0782439,1.0729728,high-flow,high-flow,high-flow,high-flow
2026-08-29 04:00:00,1.1641362,1.1487935,1.1006228,1.0951878,high-flow,high-flow,high-flow,high-flow
2026-08-29 04:10:00,1.1779258,1.1632224,1.115624,1.1100696,high-flow,high-flow,high-flow,high-flow
2026-08-29 04:20:00,1.183969,1.1697212,1.1231064,1.1174778,high-flow,high-flow,high-flow,high-flow
2026-08-29 04:30:00,1.1821771,1.1681914,1.1229806,1.1173229,high-flow,high-flow,high-flow,high-flow
2026-08-29 04:40:00,1.1725149,1.1585948,1.1152103,1.1095678,high-ebb,high-ebb,high-ebb,high-ebb
2026-08-29 04:50:00,1.1550024,1.1409544,1.0998125,1.0942289,high-ebb,high-ebb,high-ebb,high-ebb
2026-08-29 05:00:00,1.1297144,1.1153536,1.0768591,1.0713764,high-ebb,high-ebb,high-ebb,high-ebb
2026-08-29 05:10:00,1.0967827,1.0819365,1.046476,1.0411352,high-ebb,high-ebb,high-ebb,high-ebb
2026-08-29 05:20:00,1.0563947,1.040905,1.0088439,1.0036836,high-ebb,high-ebb,high-ebb,high-ebb
2026-08-29 05:30:00,1.0087938,0.992518,0.9641971,0.9592537,high-ebb,high-ebb,high-ebb,high-ebb
2026-08-29 05:40:00,0.9542782,0.9370886,0.9128225,0.90813017,high-ebb,high-ebb,high-ebb,high-ebb
2026-08-29 05:50:00,0.8931995,0.8749818,0.85505825,0.8506482,high-ebb,high-ebb,high-ebb,high-ebb
2026-08-29 06:00:00,0.82596123,0.8066121,0.7912916,0.7871924,high-ebb,high-ebb,high-ebb,high-ebb
2026-08-29 06:10:00,0.753016,0.7324412,0.72195673,0.71819377,high-ebb,high-ebb,high-ebb,high-ebb
2026-08-29 06:20:00,0.67486286,0.65297586,0.64753157,0.6441272,high-ebb,high-ebb,high-ebb,high-ebb
2026-08-29 06:30:00,0.59204406,0.56876546,0.56853485,0.56550807,high-ebb,high-ebb,high-ebb,high-ebb
2026-08-29 06:40:00,0.5051409,0.48039997,0.4855221,0.48288873,high-ebb,high-ebb,high-ebb,high-ebb
2026-08-29 06:50:00,0.41476974,0.388507,0.3990819,0.39685443,high-ebb,high-ebb,high-ebb,high-ebb
2026-08-29 07:00:00,0.32157725,0.29374903,0.30983114,0.3080189,high-ebb,high-ebb,high-ebb,high-ebb
2026-08-29 07:10:00,0.22623529,0.19681977,0.2184106,0.21701959,high-ebb,high-ebb,high-ebb,high-ebb
2026-08-29 07:20:00,0.12943552,0.09843954,0.12547965,0.12451288,high-ebb,high-ebb,high-ebb,high-ebb
2026-08-29 07:30:00,0.031883914,-0.0006498673,0.031711288,0.031168716,high-ebb,low-ebb,high-ebb,high-ebb
2026-08-29 07:40:00,-0.06570528,-0.09969164,-0.06221338,-0.062334675,low-ebb,low-ebb,low-ebb,low-ebb
2026-08-29 07:50:00,-0.16261536,-0.1979212,-0.1556106,-0.15531626,low-ebb,low-ebb,low-ebb,low-ebb
2026-08-29 08:00:00,-0.25813332,-0.29457435,-0.24779953,-0.24709776,low-ebb,low-ebb,low-ebb,low-ebb
2026-08-29 08:10:00,-0.35155585,-0.38889596,-0.33810776,-0.33700916,low-ebb,low-ebb,low-ebb,low-ebb
2026-08-29 08:20:00,-0.44219542,-0.4801493,-0.42587692,-0.42439428,low-ebb,low-ebb,low-ebb,low-ebb
2026-08-29 08:30:00,-0.529386,-0.56762505,-0.5104679,-0.508616,low-ebb,low-ebb,low-ebb,low-ebb
2026-08-29 08:40:00,-0.6124888,-0.6506504,-0.59126604,-0.58906144,low-ebb,low-ebb,low-ebb,low-ebb
2026-08-29 08:50:00,-0.69089764,-0.72859704,-0.66768634,-0.6651473,low-ebb,low-ebb,low-ebb,low-ebb
2026-08-29 09:00:00,-0.76404405,-0.80088896,-0.73917776,-0.7363239,low-ebb,low-ebb,low-ebb,low-ebb
2026-08-29 09:10:00,-0.83140165,-0.8670078,-0.80522805,-0.80208015,low-ebb,low-ebb,low-ebb,low-ebb
2026-08-29 09:20:00,-0.89249086,-0.92649794,-0.8653672,-0.86194724,low-ebb,low-ebb,low-ebb,low-ebb
2026-08-29 09:30:00,-0.94688207,-0.9789692,-0.9191714,-0.9155021,low-ebb,low-ebb,low-ebb,low-ebb
2026-08-29 09:40:00,-0.9941994,-1.0240984,-0.966266,-0.9623709,low-ebb,low-ebb,low-ebb,low-ebb
2026-08-29 09:50:00,-1.034123,-1.0616295,-1.0063283,-1.0022314,low-ebb,low-ebb,low-ebb,low-ebb
2026-08-29 10:00:00,-1.0663912,-1.091372,-1.0390896,-1.0348153,low-ebb,low-ebb,low-ebb,low-ebb
2026-08-29 10:10:00,-1.0908024,-1.1131988,-1.064337,-1.0599103,low-ebb,low-ebb,low-ebb,low-ebb
2026-08-29 10:20:00,-1.1072158,-1.1270432,-1.0819144,-1.0773603,low-ebb,low-ebb,low-ebb,low-ebb
2026-08-29 10:30:00,-1.1155514,-1.1328954,-1.0917237,-1.0870671,low-ebb,low-ebb,low-ebb,low-ebb
2026-08-29 10:40:00,-1.1157906,-1.1307989,-1.0937243,-1.0889906,low-ebb,low-flow,low-ebb,low-ebb
2026-08-29 10:50:00,-1.1079751,-1.1208472,-1.0879331,-1.0831474,low-flow,low-flow,low-flow,low-flow
2026-08-29 11:00:00,-1.0922061,-1.1031806,-1.0744243,-1.0696118,low-flow,low-flow,low-flow,low-flow
2026-08-29 11:10:00,-1.0686418,-1.0779837,-1.0533274,-1.0485129,low-flow,low-flow,low-flow,low-flow
2026-08-29 11:20:00,-1.0374963,-1.0454831,-1.0248263,-1.0200346,low-flow,low-flow,low-flow,low-flow
2026-08-29 11:30:00,-0.9990366,-1.0059458,-0.9891566,-0.98441243,low-flow,low-flow,low-flow,low-flow
2026-08-29 11:40:00,-0.95357984,-0.9596782,-0.94660425,-0.941932,low-flow,low-flow,low-flow,low-flow
2026-08-29 11:50:00,-0.9014904,-0.9070244,-0.8975022,-0.892926,low-flow,low-flow,low-flow,low-flow
2026-08-29 12:00:00,-0.84317607,-0.84836584,-0.8422277,-0.83777153,low-flow,low-flow,low-flow,low-flow
2026-08-29 12:10:00,-0.7790852,-0.7841197,-0.78119934,-0.7768868,low-flow,low-flow,low-flow,low-flow
2026-08-29 12:20:00,-0.7097022,-0.71473753,-0.7148736,-0.71072805,low-flow,low-flow,low-flow,low-flow
2026-08-29 12:30:00,-0.6355442,-0.64070314,-0.6437412,-0.6397856,low-flow,low-flow,low-flow,low-flow
2026-08-29 12:40:00,-0.5571568,-0.5625305,-0.5683236,-0.56458056,low-flow,low-flow,low-flow,low-flow
2026-08-29 12:50:00,-0.4751103,-0.48076037,-0.48916927,-0.4856609,low-flow,low-flow,low-flow,low-flow
2026-08-29 13:00:00,-0.3899955,-0.39595702,-0.40684968,-0.40359762,low-flow,low-flow,low-flow,low-flow
2026-08-29 13:10:00,-0.30241975,-0.30870444,-0.32195538,-0.3189807,low-flow,low-flow,low-flow,low-flow
2026-08-29 13:20:00,-0.21300301,-0.21960208,-0.23509225,-0.23241529,low-flow,low-flow,low-flow,low-flow
2026-08-29 13:30:00,-0.122373864,-0.12926061,-0.14687726,-0.1445176,low-flow,low-flow,low-flow,low-flow
2026-08-29 13:40:00,-0.031165652,-0.038297832,-0.057934664,-0.055910986,low-flow,low-flow,low-flow,low-flow
2026-08-29 13:50:00,0.059987325,0.052665483,0.031108031,0.03277807,high-flow,high-flow,high-flow,high-flow
2026-08-29 14:00:00,0.15045355,0.14300929,0.11962399,0.1209239,high-flow,high-flow,high-flow,high-flow
2026-08-29 14:10:00,0.23960796,0.23211773,0.20699097,0.20790559,high-flow,high-flow,high-flow,high-flow
2026-08-29 14:20:00,0.32683548,0.3193823,0.29259515,0.2931108,high-flow,high-flow,high-flow,high-flow
2026-08-29 14:30:00,0.4115346,0.4042048,0.3758349,0.37593955,high-flow,high-flow,high-flow,high-flow
2026-08-29 14:40:00,0.4931207,0.48599976,0.45612466,0.4558081,high-flow,high-flow,high-flow,high-flow
2026-08-29 14:50:00,0.5710295,0.5641975,0.53289837,0.5321525,high-flow,high-flow,high-flow,high-flow
2026-08-29 15:00:00,0.64472026,0.63824636,0.6056133,0.6044319,high-flow,high-flow,high-flow,high-flow
2026-08-29 15:10:00,0.7136791,0.7076162,0.67375326,0.67213285,high-flow,high-flow,high-flow,high-flow
2026-08-29 15:20:00,0.7774219,0.7718011,0.73683214,0.7347716,high-flow,high-flow,high-flow,high-flow
2026-08-29 15:30:00,0.83549756,0.8303233,0.7943972,0.7918981,high-flow,high-flow,high-flow,high-flow
2026-08-29 15:40:00,0.887491,0.8827368,0.846032,0.84309876,high-flow,high-flow,high-flow,high-flow
2026-08-29 15:50:00,0.9330256,0.92863214,0.8913596,0.8879996,high-flow,high-flow,high-flow,high-flow
2026-08-29 16:00:00,0.97176653,0.9676403,0.9300452,0.9262688,high-flow,high-flow,high-flow,high-flow
2026-08-29 16:10:00,1.0034227,0.9994374,0.96179855,0.95761955,high-flow,high-flow,high-flow,high-flow
2026-08-29 16:20:00,1.0277498,1.0237492,0.98637676,0.98181194,high-flow,high-flow,high-flow,high-flow
2026-08-29 16:30:00,1.044552,1.0403551,1.003586,0.9986557,high-flow,high-flow,high-flow,high-flow
2026-08-29 16:40:00,1.0536842,1.049091,1.0132838,1.0080113,high-flow,high-flow,high-flow,high-flow
2026-08-29 16:50:00,1.055054,1.0498531,1.0153801,1.0097922,high-flow,high-flow,high-flow,high-flow
2026-08-29 17:00:00,1.0486226,1.0425987,1.0098389,1.0039655,high-ebb,high-ebb,high-ebb,high-ebb
2026-08-29 17:10:00,1.0344068,1.0273484,0.996679,0.9905531,high-ebb,high-ebb,high-ebb,high-ebb
2026-08-29 17:20:00,1.0124788,1.0041852,0.97597456,0.969632,high-ebb,high-ebb,high-ebb,high-ebb
2026-08-29 17:30:00,0.98296756,0.9732544,0.94785506,0.9413348,high-ebb,high-ebb,high-ebb,high-ebb
2026-08-29 17:40:00,0.94605845,0.9347618,0.91250545,0.9058487,high-ebb,high-ebb,high-ebb,high-ebb
2026-08-29 17:50:00,0.90199256,0.88897216,0.8701649,0.8634153,high-ebb,high-ebb,high-ebb,high-ebb
2026-08-29 18:00:00,0.85106635,0.8362061,0.821126,0.81432927,high-ebb,high-ebb,high-ebb,high-ebb
2026-08-29 18:10:00,0.7936298,0.77683777,0.76573306,0.7589367,high-ebb,high-ebb,high-ebb,high-ebb
2026-08-29 18:20:00,0.7300851,0.71129215,0.7043801,0.69763285,high-ebb,high-ebb,high-ebb,high-ebb
2026-08-29 18:30:00,0.66088355,0.6400419,0.6375081,0.6308598,high-ebb,high-ebb,high-ebb,high-ebb
2026-08-29 18:40:00,0.5865235,0.5636049,0.5656025,0.55910355,high-ebb,high-ebb,high-ebb,high-ebb
2026-08-29 18:50:00,0.5075465,0.4825412,0.4891893,0.48289025,high-ebb,high-ebb,high-ebb,high-ebb
2026-08-29 19:00:00,0.42453375,0.39745072,0.40883166,0.40278283,high-ebb,high-ebb,high-ebb,high-ebb
2026-08-29 19:10:00,0.33810174,0.3089698,0.32512555,0.31937647,high-ebb,high-ebb,high-ebb,high-ebb
2026-08-29 19:20:00,0.24889757,0.21776834,0.23869526,0.23329437,high-ebb,high-ebb,high-ebb,high-ebb
2026-08-29 19:30:00,0.15759394,0.12454596,0.15018867,0.14518262,high-ebb,high-ebb,high-ebb,high-ebb
2026-08-29 19:40:00,0.06488379,0.03002746,0.060272023,0.0557054,high-ebb,high-ebb,high-ebb,high-ebb
2026-08-29 19:50:00,-0.02852538,-0.065042295,-0.030375311,-0.034460526,low-ebb,low-ebb,low-ebb,low-ebb
2026-08-29 20:00:00,-0.12191735,-0.15990458,-0.121066295,-0.12463117,low-ebb,low-ebb,low-ebb,low-ebb
2026-08-29 20:10:00,-0.21457322,-0.25379384,-0.21111184,-0.2141209,low-ebb,low-ebb,low-ebb,low-ebb
2026-08-29 20:20:00,-0.3057775,-0.34594557,-0.2998264,-0.30224803,low-ebb,low-ebb,low-ebb,low-ebb
2026-08-29 20:30:00,-0.39482427,-0.43560502,-0.3865337,-0.38834053,low-ebb,low-ebb,low-ebb,low-ebb
2026-08-29 20:40:00,-0.48102322,-0.52203614,-0.4705721,-0.4717414,low-ebb,low-ebb,low-ebb,low-ebb
2026-08-29 20:50:00,-0.5637056,-0.6045307,-0.5513003,-0.55181414,low-ebb,low-ebb,low-ebb,low-ebb
2026-08-29 21:00:00,-0.64223,-0.68241763,-0.62810224,-0.627948,low-ebb,low-ebb,low-ebb,low-ebb
2026-08-29 21:10:00,-0.7159878,-0.7550711,-0.70039266,-0.69956285,low-ebb,low-ebb,low-ebb,low-ebb
2026-08-29 21:20:00,-0.78440845,-0.8219185,-0.7676212,-0.766114,low-ebb,low-ebb,low-ebb,low-ebb
2026-08-29 21:30:00,-0.84696406,-0.8824463,-0.8292772,-0.82709646,low-ebb,low-ebb,low-ebb,low-ebb
2026-08-29 21:40:00,-0.903174,-0.9362057,-0.8848938,-0.8820489,low-ebb,low-ebb,low-ebb,low-ebb
2026-08-29 21:50:00,-0.9526086,-0.98281544,-0.934051,-0.93055725,low-ebb,low-ebb,low-ebb,low-ebb
2026-08-29 22:00:00,-0.9948925,-1.021964,-0.97637945,-0.9722576,low-ebb,low-ebb,low-ebb,low-ebb
2026-08-29 22:10:00,-1.0297076,-1.0534092,-1.0115628,-1.0068392,low-ebb,low-ebb,low-ebb,low-ebb
2026-08-29 22:20:00,-1.0567951,-1.0769782,-1.0393399,-1.0340462,low-ebb,low-ebb,low-ebb,low-ebb
2026-08-29 22:30:00,-1.0759574,-1.0925637,-1.0595065,-1.0536795,low-ebb,low-ebb,low-ebb,low-ebb
2026-08-29 22:40:00,-1.0870589,-1.1001219,-1.0719167,-1.0655978,low-ebb,low-ebb,low-ebb,low-ebb
2026-08-29 22:50:00,-1.0900267,-1.0996677,-1.0764829,-1.0697185,low-ebb,low-ebb,low-ebb,low-ebb
2026-08-29 23:00:00,-1.0848503,-1.0912715,-1.073177,-1.0660172,low-flow,low-flow,low-flow,low-flow
2026-08-29 23:10:00,-1.071581,-1.0750546,-1.0620291,-1.0545278,low-flow,low-flow,low-flow,low-flow
2026-08-29 23:20:00,-1.0503309,-1.0511858,-1.0431275,-1.0353419,low-flow,low-flow,low-flow,low-flow
2026-08-29 23:30:00,-1.021271,-1.0198776,-1.016617,-1.0086068,low-flow,low-flow,low-flow,low-flow
2026-08-29 23:40:00,-0.98462915,-0.981384,-0.9826972,-0.97452456,low-flow,low-flow,low-flow,low-flow
2026-08-29 23:50:00,-0.94068766,-0.9359979,-0.94162095,-0.93334943,low-flow,low-flow,low-flow,low-flow
2026-08-30 00:00:00,-0.88978,-0.8840495,-0.8936914,-0.8853859,low-flow,low-flow,low-flow,low-flow
2026-08-30 00:10:00,-0.832288,-0.8259048,-0.83925974,-0.8309853,low-flow,low-flow,low-flow,low-flow
2026-08-30 00:20:00,-0.7686381,-0.7619646,-0.7787219,-0.7705437,low-flow,low-flow,low-flow,low-flow
2026-08-30 00:30:00,-0.69929755,-0.6926631,-0.71251553,-0.7044979,low-flow,low-flow,low-flow,low-flow
2026-08-30 00:40:00,-0.6247706,-0.6184664,-0.6411162,-0.6333222,low-flow,low-flow,low-flow,low-flow
2026-08-30 00:50:00,-0.54559445,-0.53987116,-0.5650342,-0.5575249,low-flow,low-flow,low-flow,low-flow
2026-08-30 01:00:00,-0.46233514,-0.45740202,-0.48481038,-0.47764468,low-flow,low-flow,low-flow,low-flow
2026-08-30 01:10:00,-0.37558314,-0.37160927,-0.40101245,-0.39424613,low-flow,low-flow,low-flow,low-flow
2026-08-30 01:20:00,-0.28594932,-0.28306553,-0.31423092,-0.30791634,low-flow,low-flow,low-flow,low-flow
2026-08-30 01:30:00,-0.19406062,-0.19236217,-0.22507502,-0.21926066,low-flow,low-flow,low-flow,low-flow
2026-08-30 01:40:00,-0.10055595,-0.10010553,-0.13416867,-0.12889865,low-flow,low-flow,low-flow,low-flow
2026-08-30 01:50:00,-0.006081947,-0.0069127614,-0.042146314,-0.037460044,low-flow,low-flow,low-flow,low-flow
2026-08-30 02:00:00,0.08871097,0.08659229,0.05035119,0.0544193,high-flow,high-flow,high-flow,high-flow
2026-08-30 02:10:00,0.18317264,0.17978309,0.14268062,0.14610149,high-flow,high-flow,high-flow,high-flow
2026-08-30 02:20:00,0.27665702,0.2720343,0.23420049,0.23695055,high-flow,high-flow,high-flow,high-flow
2026-08-30 02:30:00,0.36852595,0.36272517,0.32427505,0.3263364,high-flow,high-flow,high-flow,high-flow
2026-08-30 02:40:00,0.45815292,0.45124307,0.41227823,0.4136388,high-flow,high-flow,high-flow,high-flow
2026-08-30 02:50:00,0.54492646,0.53698623,0.49759755,0.49825114,high-flow,high-flow,high-flow,high-flow
2026-08-30 03:00:00,0.6282538,0.61936647,0.57963794,0.5795842,high-flow,high-flow,high-flow,high-flow
2026-08-30 03:10:00,0.70756435,0.6978122,0.6578255,0.65706974,high-flow,high-flow,high-flow,high-flow
2026-08-30 03:20:00,0.7823125,0.77177083,0.7316111,0.73016435,high-flow,high-flow,high-flow,high-flow
2026-08-30 03:30:00,0.8519814,0.8407118,0.8004738,0.7983527,high-flow,high-flow,high-flow,high-flow
2026-08-30 03:40:00,0.91608566,0.90412956,0.8639245,0.86115086,high-flow,high-flow,high-flow,high-flow
2026-08-30 03:50:00,0.97417444,0.96154743,0.921509,0.9181097,high-flow,high-flow,high-flow,high-flow
2026-08-30 04:00:00,1.0258346,1.012521,0.9728113,0.96881783,high-flow,high-flow,high-flow,high-flow
2026-08-30 04:10:00,1.0706927,1.0566428,1.0174563,1.0129046,high-flow,high-flow,high-flow,high-flow
2026-08-30 04:20:00,1.1084185,1.0935464,1.0551128,1.050043,high-flow,high-flow,high-flow,high-flow
2026-08-30 04:30:00,1.138727,1.122911,1.0854962,1.0799515,high-flow,high-flow,high-flow,high-flow
2026-08-30 04:40:00,1.1613809,1.1444663,1.1083703,1.1023974,high-flow,high-flow,high-flow,high-flow
2026-08-30 04:50:00,1.1761924,1.1579964,1.1235498,1.1171981,high-flow,high-flow,high-flow,high-flow
2026-08-30 05:00:00,1.1830256,1.1633439,1.1309022,1.1242232,high-flow,high-flow,high-flow,high-flow
2026-08-30 05:10:00,1.1817977,1.1604122,1.1303487,1.1233958,high-flow,high-ebb,high-flow,high-flow
2026-08-30 05:20:00,1.1724808,1.1491691,1.1218662,1.1146939,high-ebb,high-ebb,high-ebb,high-ebb
2026-08-30 05:30:00,1.1551025,1.1296468,1.1054875,1.0981511,high-ebb,high-ebb,high-ebb,high-ebb
2026-08-30 05:40:00,1.129747,1.1019434,1.0813017,1.0738571,high-ebb,high-ebb,high-ebb,high-ebb
2026-08-30 05:50:00,1.0965556,1.0662216,1.0494546,1.0419573,high-ebb,high-ebb,high-ebb,high-ebb
2026-08-30 06:00:00,1.055726,1.0227076,1.010148,1.0026532,high-ebb,high-ebb,high-ebb,high-ebb
2026-08-30 06:10:00,1.0075127,0.97168916,0.9636395,0.9562012,high-ebb,high-ebb,high-ebb,high-ebb
2026-08-30 06:20:00,0.95222527,0.9135125,0.9102402,0.90291107,high-ebb,high-ebb,high-ebb,high-ebb
2026-08-30 06:30:00,0.89022756,0.8485797,0.85031366,0.8431448,high-ebb,high-ebb,high-ebb,high-ebb
2026-08-30 06:40:00,0.82193565,0.77734506,0.7842738,0.777314,high-ebb,high-ebb,high-ebb,high-ebb
2026-08-30 06:50:00,0.7478155,0.7003119,0.71258193,0.7058777,high-ebb,high-ebb,high-ebb,high-ebb
2026-08-30 07:00:00,0.6683799,0.6180292,0.6357439,0.6293391,high-ebb,high-ebb,high-ebb,high-ebb
2026-08-30 07:10:00,0.58418566,0.53108823,0.55430657,0.548242,high-ebb,high-ebb,high-ebb,high-ebb
2026-08-30 07:20:00,0.49582928,0.4401194,0.46885377,0.46316728,high-ebb,high-ebb,high-ebb,high-ebb
2026-08-30 07:30:00,0.40394303,0.34578854,0.38000232,0.37472835,high-ebb,high-ebb,high-ebb,high-ebb
2026-08-30 07:40:00,0.3091902,0.24879368,0.28839722,0.28356677,high-ebb,high-ebb,high-ebb,high-ebb
2026-08-30 07:50:00,0.21226002,0.14986078,0.19470668,0.19034728,high-ebb,high-ebb,high-ebb,high-ebb
2026-08-30 08:00:00,0.11386238,0.04973931,0.09961711,0.09575259,high-ebb,high-ebb,high-ebb,high-ebb
2026-08-30 08:10:00,0.014722072,-0.050803024,0.0038276084,0.00047816453,high-ebb,low-ebb,high-ebb,high-ebb
2026-08-30 08:20:00,-0.084427014,-0.15098631,-0.091955565,-0.09477343,low-ebb,low-ebb,low-ebb,low-ebb
2026-08-30 08:30:00,-0.182848,-0.25002533,-0.18702467,-0.1892981,low-ebb,low-ebb,low-ebb,low-ebb
2026-08-30 08:40:00,-0.27980718,-0.34713733,-0.28067616,-0.2823959,low-ebb,low-ebb,low-ebb,low-ebb
2026-08-30 08:50:00,-0.37458017,-0.4415503,-0.3722164,-0.37337682,low-ebb,low-ebb,low-ebb,low-ebb
2026-08-30 09:00:00,-0.46645814,-0.5325121,-0.46096733,-0.46156624,low-ebb,low-ebb,low-ebb,low-ebb
2026-08-30 09:10:00,-0.55475366,-0.6192996,-0.546272,-0.54631054,low-ebb,low-ebb,low-ebb,low-ebb
2026-08-30 09:20:00,-0.63880694,-0.7012275,-0.6274997,-0.6269824,low-ebb,low-ebb,low-ebb,low-ebb
2026-08-30 09:30:00,-0.71799105,-0.7776573,-0.7040513,-0.7029857,low-ebb,low-ebb,low-ebb,low-ebb
2026-08-30 09:40:00,-0.79171735,-0.84800506,-0.7753639,-0.7737606,low-ebb,low-ebb,low-ebb,low-ebb
2026-08-30 09:50:00,-0.8594406,-0.911748,-0.8409153,-0.83878773,low-ebb,low-ebb,low-ebb,low-ebb
2026-08-30 10:00:00,-0.92066324,-0.9684302,-0.90022796,-0.89759225,low-ebb,low-ebb,low-ebb,low-ebb
2026-08-30 10:10:00,-0.9749395,-1.017666,-0.9528729,-0.94974774,low-ebb,low-ebb,low-ebb,low-ebb
2026-08-30 10:20:00,-1.021879,-1.0591424,-0.9984725,-0.99487907,low-ebb,low-ebb,low-ebb,low-ebb
2026-08-30 10:30:00,-1.0611492,-1.0926193,-1.0367038,-1.0326654,low-ebb,low-ebb,low-ebb,low-ebb
2026-08-30 10:40:00,-1.0924789,-1.1179292,-1.0673001,-1.0628422,low-ebb,low-ebb,low-ebb,low-ebb
2026-08-30 10:50:00,-1.1156584,-1.1349739,-1.0900528,-1.085203,low-ebb,low-ebb,low-ebb,low-ebb
2026-08-30 11:00:00,-1.1305424,-1.1437217,-1.1048135,-1.0996008,low-ebb,low-ebb,low-ebb,low-ebb
2026-08-30 11:10:00,-1.1370491,-1.1442032,-1.1114928,-1.1059482,low-ebb,low-ebb,low-ebb,low-ebb
2026-08-30 11:20:00,-1.1351613,-1.1365066,-1.1100624,-1.1042185,low-ebb,low-flow,low-ebb,low-ebb
2026-08-30 11:30:00,-1.124925,-1.1207732,-1.1005536,-1.0944442,low-flow,low-flow,low-flow,low-flow
2026-08-30 11:40:00,-1.1064488,-1.0971931,-1.0830572,-1.0767174,low-flow,low-flow,low-flow,low-flow
2026-08-30 11:50:00,-1.0799019,-1.0660008,-1.0577215,-1.0511876,low-flow,low-flow,low-flow,low-flow
2026-08-30 12:00:00,-1.0455124,-1.0274723,-1.0247513,-1.0180607,low-flow,low-flow,low-flow,low-flow
2026-08-30 12:10:00,-1.003564,-0.98192155,-0.9844056,-0.97759634,low-flow,low-flow,low-flow,low-flow
2026-08-30 12:20:00,-0.95439386,-0.9296987,-0.93699485,-0.9301061,low-flow,low-flow,low-flow,low-flow
2026-08-30 12:30:00,-0.89838856,-0.87118804,-0.8828787,-0.8759501,low-flow,low-flow,low-flow,low-flow
2026-08-30 12:40:00,-0.835981,-0.8068065,-0.8224626,-0.81553423,low-flow,low-flow,low-flow,low-flow
2026-08-30 12:50:00,-0.7676463,-0.7370023,-0.7561946,-0.74930704,low-flow,low-flow,low-flow,low-flow
2026-08-30 13:00:00,-0.69389766,-0.6622538,-0.6845616,-0.67775565,low-flow,low-flow,low-flow,low-flow
2026-08-30 13:10:00,-0.6152825,-0.58306754,-0.608086,-0.6014025,low-flow,low-flow,low-flow,low-flow
2026-08-30 13:20:00,-0.5323776,-0.4999767,-0.5273214,-0.5208012,low-flow,low-flow,low-flow,low-flow
2026-08-30 13:30:00,-0.44578534,-0.4135384,-0.4428489,-0.43653247,low-flow,low-flow,low-flow,low-flow
2026-08-30 13:40:00,-0.35612875,-0.32433107,-0.35527274,-0.34920025,low-flow,low-flow,low-flow,low-flow
2026-08-30 13:50:00,-0.26404744,-0.23295122,-0.26521635,-0.2594273,low-flow,low-flow,low-flow,low-flow
2026-08-30 14:00:00,-0.17019317,-0.14000958,-0.17331801,-0.16785114,low-flow,low-flow,low-flow,low-flow
2026-08-30 14:10:00,-0.07522545,-0.046127442,-0.08022667,-0.07511962,low-flow,low-flow,low-flow,low-flow
2026-08-30 14:20:00,0.020192545,0.04806747,0.013402317,0.018113108,high-flow,high-flow,high-flow,high-flow
2026-08-30 14:30:00,0.11539816,0.1419449,0.106911354,0.11119095,high-flow,high-flow,high-flow,high-flow
2026-08-30 14:40:00,0.20973326,0.23487596,0.1996448,0.20346001,high-flow,high-flow,high-flow,high-flow
2026-08-30 14:50:00,0.3025481,0.32623667,0.29095313,0.2942727,high-flow,high-flow,high-flow,high-flow
2026-08-30 15:00:00,0.39320517,0.41541126,0.3801969,0.3829918,high-flow,high-flow,high-flow,high-flow
2026-08-30 15:10:00,0.4810827,0.50179535,0.46675086,0.46899453,high-flow,high-flow,high-flow,high-flow
2026-08-30 15:20:00,0.5655784,0.5847986,0.55000776,0.55167645,high-flow,high-flow,high-flow,high-flow
2026-08-30 15:30:00,0.6461127,0.6638474,0.6293822,0.6304551,high-flow,high-flow,high-flow,high-flow
2026-08-30 15:40:00,0.722132,0.7383878,0.70431435,0.7047739,high-flow,high-flow,high-flow,high-flow
2026-08-30 15:50:00,0.79311216,0.80788803,0.7742735,0.77410567,high-flow,high-flow,high-flow,high-flow
2026-08-30 16:00:00,0.85856116,0.87184143,0.8387616,0.837956,high-flow,high-flow,high-flow,high-flow
2026-08-30 16:10:00,0.91802233,0.9297701,0.8973166,0.89586675,high-flow,high-flow,high-flow,high-flow
2026-08-30 16:20:00,0.971077,0.9812285,0.9495152,0.9474189,high-flow,high-flow,high-flow,high-flow
2026-08-30 16:30:00,1.0173473,1.0258073,0.9949765,0.9922358,high-flow,high-flow,high-flow,high-flow
2026-08-30 16:40:00,1.0564988,1.0631379,1.0333643,1.0299854,high-flow,high-flow,high-flow,high-flow
2026-08-30 16:50:00,1.0882422,1.0928972,1.0643897,1.0603838,high-flow,high-flow,high-flow,high-flow
2026-08-30 17:00:00,1.112337,1.1148118,1.0878135,1.0831963,high-flow,high-flow,high-flow,high-flow
2026-08-30 17:10:00,1.1285919,1.1286627,1.1034484,1.0982401,high-flow,high-flow,high-flow,high-flow
2026-08-30 17:20:00,1.1368678,1.134289,1.1111606,1.1053863,high-flow,high-flow,high-flow,high-flow
2026-08-30 17:30:00,1.1370789,1.1315916,1.1108711,1.1045604,high-flow,high-ebb,high-flow,high-flow
2026-08-30 17:40:00,1.129194,1.1205353,1.1025571,1.0957445,high-ebb,high-ebb,high-ebb,high-ebb
2026-08-30 17:50:00,1.1132376,1.101151,1.0862527,1.0789769,high-ebb,high-ebb,high-ebb,high-ebb
2026-08-30 18:00:00,1.0892909,1.0735366,1.0620493,1.0543532,high-ebb,high-ebb,high-ebb,high-ebb
2026-08-30 18:10:00,1.0574914,1.0378559,1.0300951,1.0220263,high-ebb,high-ebb,high-ebb,high-ebb
2026-08-30 18:20:00,1.0180336,0.99433774,0.9905957,0.98220503,high-ebb,high-ebb,high-ebb,high-ebb
2026-08-30 18:30:00,0.97116816,0.9432744,0.943812,0.93515414,high-ebb,high-ebb,high-ebb,high-ebb
2026-08-30 18:40:00,0.91720116,0.88501805,0.8900598,0.8811926,high-ebb,high-ebb,high-ebb,high-ebb
2026-08-30 18:50:00,0.85649264,0.81997806,0.8297075,0.8206917,high-ebb,high-ebb,high-ebb,high-ebb
2026-08-30 19:00:00,0.7894548,0.7486172,0.7631742,0.7540728,high-ebb,high-ebb,high-ebb,high-ebb
2026-08-30 19:10:00,0.71654993,0.6714478,0.6909267,0.6818048,high-ebb,high-ebb,high-ebb,high-ebb
2026-08-30 19:20:00,0.6382873,0.58902836,0.6134766,0.6044007,high-ebb,high-ebb,high-ebb,high-ebb
2026-08-30 19:30:00,0.5552201,0.5019592,0.5313769,0.5224144,high-ebb,high-ebb,high-ebb,high-ebb
2026-08-30 19:40:00,0.46794182,0.41087922,0.4452176,0.43643636,high-ebb,high-ebb,high-ebb,high-ebb
2026-08-30 19:50:00,0.3770819,0.31646192,0.35562196,0.3470896,high-ebb,high-ebb,high-ebb,high-ebb
2026-08-30 20:00:00,0.2833013,0.21941157,0.26324132,0.25502473,high-ebb,high-ebb,high-ebb,high-ebb
2026-08-30 20:10:00,0.18728736,0.120459184,0.16875052,0.16091527,high-ebb,high-ebb,high-ebb,high-ebb
2026-08-30 20:20:00,0.08974876,0.020357892,0.07284251,0.06545222,high-ebb,high-ebb,high-ebb,high-ebb
2026-08-30 20:30:00,-0.008590289,-0.08012213,-0.023777042,-0.030661253,low-ebb,low-ebb,low-ebb,low-ebb
2026-08-30 20:40:00,-0.10699582,-0.18019949,-0.12039531,-0.1267154,low-ebb,low-ebb,low-ebb,low-ebb
2026-08-30 20:50:00,-0.20473012,-0.27908817,-0.216298,-0.2219996,low-ebb,low-ebb,low-ebb,low-ebb
2026-08-30 21:00:00,-0.30105788,-0.37600493,-0.31077513,-0.315808,low-ebb,low-ebb,low-ebb,low-ebb
2026-08-30 21:10:00,-0.3952524,-0.47017738,-0.4031267,-0.4074453,low-ebb,low-ebb,low-ebb,low-ebb
2026-08-30 21:20:00,-0.48660174,-0.5608526,-0.49266833,-0.49623236,low-ebb,low-ebb,low-ebb,low-ebb
2026-08-30 21:30:00,-0.5744148,-0.6473062,-0.5787369,-0.58151156,low-ebb,low-ebb,low-ebb,low-ebb
2026-08-30 21:40:00,-0.6580272,-0.72885114,-0.6606958,-0.66265225,low-ebb,low-ebb,low-ebb,low-ebb
2026-08-30 21:50:00,-0.7368069,-0.80484664,-0.7379401,-0.7390558,low-ebb,low-ebb,low-ebb,low-ebb
2026-08-30 22:00:00,-0.81016,-0.8747061,-0.80990106,-0.81016016,low-ebb,low-ebb,low-ebb,low-ebb
2026-08-30 22:10:00,-0.8775351,-0.93790394,-0.87605125,-0.87544465,low-ebb,low-ebb,low-ebb,low-ebb
2026-08-30 22:20:00,-0.93842846,-0.9939816,-0.93590796,-0.93443346,low-ebb,low-ebb,low-ebb,low-ebb
2026-08-30 22:30:00,-0.99238783,-1.0425516,-0.98903733,-0.9866999,low-ebb,low-ebb,low-ebb,low-ebb
2026-08-30 22:40:00,-1.0390162,-1.0833004,-1.0350573,-1.0318689,low-ebb,low-ebb,low-ebb,low-ebb
2026-08-30 22:50:00,-1.0779749,-1.1159886,-1.0736406,-1.0696203,low-ebb,low-ebb,low-ebb,low-ebb
2026-08-30 23:00:00,-1.1089861,-1.140451,-1.1045167,-1.0996904,low-ebb,low-ebb,low-ebb,low-ebb
2026-08-30 23:10:00,-1.1318345,-1.1565939,-1.127474,-1.1218745,low-ebb,low-ebb,low-ebb,low-ebb
2026-08-30 23:20:00,-1.146369,-1.1643922,-1.1423603,-1.136027,low-ebb,low-ebb,low-ebb,low-ebb
2026-08-30 23:30:00,-1.152503,-1.1638849,-1.1490844,-1.1420628,low-ebb,low-ebb,low-ebb,low-ebb
2026-08-30 23:40:00,-1.1502148,-1.1551702,-1.1476159,-1.1399573,low-flow,low-flow,low-ebb,low-flow
2026-08-30 23:50:00,-1.1395468,-1.1384007,-1.1379846,-1.129746,low-flow,low-flow,low-flow,low-flow
2026-08-31 00:00:00,-1.1206048,-1.1137784,-1.1202803,-1.1115233,low-flow,low-flow,low-flow,low-flow
2026-08-31 00:10:00,-1.0935558,-1.0815504,-1.094651,-1.085442,low-flow,low-flow,low-flow,low-flow
2026-08-31 00:20:00,-1.0586267,-1.0420043,-1.0613018,-1.0517108,low-flow,low-flow,low-flow,low-flow
2026-08-31 00:30:00,-1.0161009,-0.99546546,-1.0204923,-1.0105929,low-flow,low-flow,low-flow,low-flow
2026-08-31 00:40:00,-0.9663159,-0.94229364,-0.9725347,-0.96240276,low-flow,low-flow,low-flow,low-flow
2026-08-31 00:50:00,-0.9096598,-0.8828812,-0.9177903,-0.9075039,low-flow,low-flow,low-flow,low-flow
2026-08-31 01:00:00,-0.84656733,-0.8176512,-0.85666716,-0.8463056,low-flow,low-flow,low-flow,low-flow
2026-08-31 01:10:00,-0.7775163,-0.7470561,-0.78961635,-0.7792595,low-flow,low-flow,low-flow,low-flow
2026-08-31 01:20:00,-0.7030234,-0.6715764,-0.71712834,-0.706856,low-flow,low-flow,low-flow,low-flow
2026-08-31 01:30:00,-0.6236395,-0.5917191,-0.6397295,-0.6296207,low-flow,low-flow,low-flow,low-flow
2026-08-31 01:40:00,-0.5399459,-0.5080163,-0.55797786,-0.54811007,low-flow,low-flow,low-flow,low-flow
2026-08-31 01:50:00,-0.45254916,-0.4210229,-0.4724593,-0.46290785,low-flow,low-flow,low-flow,low-flow
2026-08-31 02:00:00,-0.362077,-0.33131433,-0.3837832,-0.37462068,low-flow,low-flow,low-flow,low-flow
2026-08-31 02:10:00,-0.26917368,-0.23948352,-0.29257828,-0.28387386,low-flow,low-flow,low-flow,low-flow
2026-08-31 02:20:00,-0.17449535,-0.14613768,-0.19948837,-0.19130723,low-flow,low-flow,low-flow,low-flow
2026-08-31 02:30:00,-0.078705914,-0.05189453,-0.105168074,-0.097570844,low-flow,low-flow,low-flow,low-flow
2026-08-31 02:40:00,0.0175275,0.04262146,-0.010278411,-0.0033207387,high-flow,high-flow,low-flow,low-flow
2026-08-31 02:50:00,0.113538675,0.13678296,0.08451736,0.0907853,high-flow,high-flow,high-flow,high-flow
2026-08-31 03:00:00,0.20866638,0.22996362,0.17855805,0.18409193,high-flow,high-flow,high-flow,high-flow
2026-08-31 03:10:00,0.3022584,0.32154176,0.2711887,0.27595034,high-flow,high-flow,high-flow,high-flow
2026-08-31 03:20:00,0.3936752,0.4109037,0.36176473,0.3657224,high-flow,high-flow,high-flow,high-flow
2026-08-31 03:30:00,0.4822939,0.49744698,0.44965598,0.45278454,high-flow,high-flow,high-flow,high-flow
2026-08-31 03:40:00,0.56751144,0.58058333,0.5342506,0.5365318,high-flow,high-flow,high-flow,high-flow
2026-08-31 03:50:00,0.6487483,0.65974134,0.6149592,0.61638147,high-flow,high-flow,high-flow,high-flow
2026-08-31 04:00:00,0.7254515,0.73436916,0.6912181,0.6917769,high-flow,high-flow,high-flow,high-flow
2026-08-31 04:10:00,0.7970981,0.8039373,0.7624933,0.76219094,high-flow,high-flow,high-flow,high-flow
2026-08-31 04:20:00,0.86319774,0.8679416,0.8282841,0.82712936,high-flow,high-flow,high-flow,high-flow
2026-08-31 04:30:00,0.92329586,0.92590636,0.8881259,0.8861344,high-flow,high-flow,high-flow,high-flow
2026-08-31 04:40:00,0.9769762,0.9773879,0.9415939,0.9387874,high-flow,high-flow,high-flow,high-flow
2026-08-31 04:50:00,1.0238637,1.0219787,0.98830575,0.9847121,high-flow,high-flow,high-flow,high-flow
2026-08-31 05:00:00,1.0636263,1.0593115,1.0279244,1.0235772,high-flow,high-flow,high-flow,high-flow
2026-08-31 05:10:00,1.0959781,1.0890639,1.0601609,1.055099,high-flow,high-flow,high-flow,high-flow
2026-08-31 05:20:00,1.120681,1.1109627,1.0847759,1.0790434,high-flow,high-flow,high-flow,high-flow
2026-08-31 05:30:00,1.1375467,1.1247891,1.1015826,1.0952278,high-flow,high-flow,high-flow,high-flow
2026-08-31 05:40:00,1.1464379,1.1303816,1.1104482,1.1035236,high-flow,high-flow,high-flow,high-flow
2026-08-31 05:50:00,1.1472709,1.1276412,1.111295,1.1038566,high-flow,high-ebb,high-flow,high-flow
2026-08-31 06:00:00,1.140016,1.1165328,1.1041014,1.0962083,high-ebb,high-ebb,high-ebb,high-ebb
2026-08-31 06:10:00,1.1246988,1.0970886,1.0889034,1.0806173,high-ebb,high-ebb,high-ebb,high-ebb
2026-08-31 06:20:00,1.1014006,1.0694079,1.0657942,1.0571786,high-ebb,high-ebb,high-ebb,high-ebb
2026-08-31 06:30:00,1.0702591,1.033658,1.0349243,1.0260442,high-ebb,high-ebb,high-ebb,high-ebb
2026-08-31 06:40:00,1.0314679,0.9900724,0.99650085,0.9874225,high-ebb,high-ebb,high-ebb,high-ebb
2026-08-31 06:50:00,0.98527616,0.9389494,0.95078725,0.94157714,high-ebb,high-ebb,high-ebb,high-ebb
2026-08-31 07:00:00,0.93198824,0.8806489,0.8981013,0.88882583,high-ebb,high-ebb,high-ebb,high-ebb
2026-08-31 07:10:00,0.87196165,0.81558937,0.8388135,0.8295385,high-ebb,high-ebb,high-ebb,high-ebb
2026-08-31 07:20:00,0.80560577,0.7442435,0.77334476,0.7641352,high-ebb,high-ebb,high-ebb,high-ebb
2026-08-31 07:30:00,0.7333796,0.6671345,0.70216393,0.69308317,high-ebb,high-ebb,high-ebb,high-ebb
2026-08-31 07:40:00,0.6557888,0.5848319,0.6257844,0.61689395,high-ebb,high-ebb,high-ebb,high-ebb
2026-08-31 07:50:00,0.5733829,0.49794677,0.5447606,0.5361197,high-ebb,high-ebb,high-ebb,high-ebb
2026-08-31 08:00:00,0.48675156,0.40712824,0.45968404,0.45134938,high-ebb,high-ebb,high-ebb,high-ebb
2026-08-31 08:10:00,0.39652035,0.31305894,0.37117922,0.3632045,high-ebb,high-ebb,high-ebb,high-ebb
2026-08-31 08:20:00,0.30334654,0.21645094,0.27989867,0.27233446,high-ebb,high-ebb,high-ebb,high-ebb
2026-08-31 08:30:00,0.20791419,0.11804148,0.18651822,0.17941149,high-ebb,high-ebb,high-ebb,high-ebb
2026-08-31 08:40:00,0.11092879,0.018588282,0.09173164,0.08512574,high-ebb,high-ebb,high-ebb,high-ebb
2026-08-31 08:50:00,0.013111977,-0.08113543,-0.0037546349,-0.00982025,high-ebb,low-ebb,low-ebb,low-ebb
2026-08-31 09:00:00,-0.08480434,-0.18034661,-0.09922714,-0.10471703,low-ebb,low-ebb,low-ebb,low-ebb
2026-08-31 09:10:00,-0.18208392,-0.27825874,-0.19397102,-0.19885391,low-ebb,low-ebb,low-ebb,low-ebb
2026-08-31 09:20:00,-0.27799222,-0.3740888,-0.2872758,-0.29152462,low-ebb,low-ebb,low-ebb,low-ebb
2026-08-31 09:30:00,-0.3718026,-0.4670651,-0.37844098,-0.382033,low-ebb,low-ebb,low-ebb,low-ebb
2026-08-31 09:40:00,-0.46280247,-0.55643564,-0.4667818,-0.46969855,low-ebb,low-ebb,low-ebb,low-ebb
2026-08-31 09:50:00,-0.5502992,-0.64147675,-0.5516347,-0.5538621,low-ebb,low-ebb,low-ebb,low-ebb
2026-08-31 10:00:00,-0.63362646,-0.72150195,-0.6323626,-0.6338908,low-ebb,low-ebb,low-ebb,low-ebb
2026-08-31 10:10:00,-0.7121494,-0.79587066,-0.7083601,-0.7091836,low-ebb,low-ebb,low-ebb,low-ebb
2026-08-31 10:20:00,-0.7852704,-0.8639963,-0.7790582,-0.7791756,low-ebb,low-ebb,low-ebb,low-ebb
2026-08-31 10:30:00,-0.8524342,-0.9253534,-0.8439288,-0.84334296,low-ebb,low-ebb,low-ebb,low-ebb
2026-08-31 10:40:00,-0.91313255,-0.97948396,-0.9024888,-0.90120655,low-ebb,low-ebb,low-ebb,low-ebb
2026-08-31 10:50:00,-0.9669083,-1.0260017,-0.95430404,-0.952336,low-ebb,low-ebb,low-ebb,low-ebb
2026-08-31 11:00:00,-1.0133592,-1.0645951,-0.99899185,-0.9963528,low-ebb,low-ebb,low-ebb,low-ebb
2026-08-31 11:10:00,-1.0521413,-1.0950292,-1.0362247,-1.0329328,low-ebb,low-ebb,low-ebb,low-ebb
2026-08-31 11:20:00,-1.0829713,-1.1171447,-1.0657319,-1.061809,low-ebb,low-ebb,low-ebb,low-ebb
2026-08-31 11:30:00,-1.1056287,-1.130856,-1.0873016,-1.0827727,low-ebb,low-ebb,low-ebb,low-ebb
2026-08-31 11:40:00,-1.1199573,-1.1361485,-1.1007818,-1.0956756,low-ebb,low-ebb,low-ebb,low-ebb
2026-08-31 11:50:00,-1.1258658,-1.1330737,-1.1060815,-1.1004295,low-ebb,low-flow,low-ebb,low-ebb
2026-08-31 12:00:00,-1.1233281,-1.1217449,-1.1031708,-1.0970074,low-flow,low-flow,low-flow,low-flow
2026-08-31 12:10:00,-1.1123828,-1.102331,-1.0920801,-1.0854429,low-flow,low-flow,low-flow,low-flow
2026-08-31 12:20:00,-1.0931324,-1.0750524,-1.0729007,-1.0658293,low-flow,low-flow,low-flow,low-flow
2026-08-31 12:30:00,-1.0657415,-1.0401742,-1.0457819,-1.0383186,low-flow,low-flow,low-flow,low-flow
2026-08-31 12:40:00,-1.0304351,-0.99800324,-1.0109305,-1.0031202,low-flow,low-flow,low-flow,low-flow
2026-08-31 12:50:00,-0.98749566,-0.9488829,-0.9686089,-0.960498,low-flow,low-flow,low-flow,low-flow
2026-08-31 13:00:00,-0.9372603,-0.89319026,-0.9191317,-0.9107687,low-flow,low-flow,low-flow,low-flow
2026-08-31 13:10:00,-0.8801176,-0.8313336,-0.86286366,-0.85429883,low-flow,low-flow,low-flow,low-flow
2026-08-31 13:20:00,-0.81650364,-0.76375,-0.80021656,-0.7915015,low-flow,low-flow,low-flow,low-flow
2026-08-31 13:30:00,-0.7468982,-0.690904,-0.7316457,-0.72283334,low-flow,low-flow,low-flow,low-flow
2026-08-31 13:40:00,-0.6718204,-0.613286,-0.6576465,-0.6487907,low-flow,low-flow,low-flow,low-flow
2026-08-31 13:50:00,-0.5918247,-0.5314109,-0.57875025,-0.5699058,low-flow,low-flow,low-flow,low-flow
2026-08-31 14:00:00,-0.5074959,-0.44581676,-0.49552098,-0.48674303,low-flow,low-flow,low-flow,low-flow
2026-08-31 14:10:00,-0.41944483,-0.35706294,-0.40855053,-0.3998946,low-flow,low-flow,low-flow,low-flow
2026-08-31 14:20:00,-0.3283038,-0.26572785,-0.3184549,-0.30997646,low-flow,low-flow,low-flow,low-flow
2026-08-31 14:30:00,-0.23472175,-0.17240652,-0.22586967,-0.21762392,low-flow,low-flow,low-flow,low-flow
2026-08-31 14:40:00,-0.13935985,-0.0777074,-0.13144587,-0.12348746,low-flow,low-flow,low-flow,low-flow
2026-08-31 14:50:00,-0.042886943,0.01775098,-0.035845544,-0.02822819,low-flow,high-flow,low-flow,low-flow
2026-08-31 15:00:00,0.05402488,0.11334364,0.060262624,0.06748639,high-flow,high-flow,high-flow,high-flow
2026-08-31 15:10:00,0.15070453,0.20844296,0.1562076,0.16298679,high-flow,high-flow,high-flow,high-flow
2026-08-31 15:20:00,0.24648616,0.3024225,0.25132036,0.25760582,high-flow,high-flow,high-flow,high-flow
2026-08-31 15:30:00,0.34071305,0.3946606,0.34493807,0.35068285,high-flow,high-flow,high-flow,high-flow
2026-08-31 15:40:00,0.4327416,0.48454395,0.43640834,0.44156808,high-flow,high-flow,high-flow,high-flow
2026-08-31 15:50:00,0.521945,0.57147086,0.5250933,0.5296265,high-flow,high-flow,high-flow,high-flow
2026-08-31 16:00:00,0.6077166,0.654854,0.61037374,0.6142421,high-flow,high-flow,high-flow,high-flow
2026-08-31 16:10:00,0.6894738,0.7341236,0.69165266,0.6948214,high-flow,high-flow,high-flow,high-flow
2026-08-31 16:20:00,0.76666063,0.8087298,0.76835954,0.77079797,high-flow,high-flow,high-flow,high-flow
2026-08-31 16:30:00,0.8387513,0.87814546,0.8399538,0.84163517,high-flow,high-flow,high-flow,high-flow
2026-08-31 16:40:00,0.90525305,0.94186896,0.9059281,0.9068304,high-flow,high-flow,high-flow,high-flow
2026-08-31 16:50:00,0.9657089,0.9994274,0.96581197,0.9659178,high-flow,high-flow,high-flow,high-flow
2026-08-31 17:00:00,1.0197003,1.0503795,1.019175,1.0184722,high-flow,high-flow,high-flow,high-flow
2026-08-31 17:10:00,1.0668497,1.0943199,1.0656297,1.0641111,high-flow,high-flow,high-flow,high-flow
2026-08-31 17:20:00,1.1068228,1.1308829,1.1048343,1.1024984,high-flow,high-flow,high-flow,high-flow
2026-08-31 17:30:00,1.1393312,1.1597468,1.1364951,1.1333462,high-flow,high-flow,high-flow,high-flow
2026-08-31 17:40:00,1.1641334,1.1806384,1.1603693,1.1564171,high-flow,high-flow,high-flow,high-flow
2026-08-31 17:50:00,1.1810379,1.1933377,1.1762663,1.1715268,high-flow,high-flow,high-flow,high-flow
2026-08-31 18:00:00,1.1899041,1.1976817,1.1840502,1.1785449,high-flow,high-flow,high-flow,high-flow
2026-08-31 18:10:00,1.1906438,1.1935685,1.1836402,1.1773969,high-flow,high-ebb,high-flow,high-flow
2026-08-31 18:20:00,1.1832225,1.1809607,1.175013,1.1680648,high-ebb,high-ebb,high-ebb,high-ebb
2026-08-31 18:30:00,1.1676608,1.1598867,1.1582018,1.1505882,high-ebb,high-ebb,high-ebb,high-ebb
2026-08-31 18:40:00,1.1440339,1.1304432,1.1332983,1.125064,high-ebb,high-ebb,high-ebb,high-ebb
2026-08-31 18:50:00,1.1124731,1.0927948,1.1004515,1.0916467,high-ebb,high-ebb,high-ebb,high-ebb
2026-08-31 19:00:00,1.0731649,1.0471731,1.0598674,1.0505475,high-ebb,high-ebb,high-ebb,high-ebb
2026-08-31 19:10:00,1.0263513,0.9938755,1.0118085,1.0020335,high-ebb,high-ebb,high-ebb,high-ebb
2026-08-31 19:20:00,0.97232836,0.9332616,0.956592,0.9464265,high-ebb,high-ebb,high-ebb,high-ebb
2026-08-31 19:30:00,0.91144556,0.86575055,0.894588,0.8841007,high-ebb,high-ebb,high-ebb,high-ebb
2026-08-31 19:40:00,0.84410363,0.7918168,0.82621753,0.8154806,high-ebb,high-ebb,high-ebb,high-ebb
2026-08-31 19:50:00,0.7707529,0.7119857,0.75194955,0.74103826,high-ebb,high-ebb,high-ebb,high-ebb
2026-08-31 20:00:00,0.6918905,0.6268291,0.67229813,0.66129035,high-ebb,high-ebb,high-ebb,high-ebb
2026-08-31 20:10:00,0.6080574,0.5369608,0.5878187,0.57679415,high-ebb,high-ebb,high-ebb,high-ebb
2026-08-31 20:20:00,0.51983494,0.44303206,0.49910423,0.48814407,high-ebb,high-ebb,high-ebb,high-ebb
2026-08-31 20:30:00,0.42784125,0.3457272,0.40678096,0.39596695,high-ebb,high-ebb,high-ebb,high-ebb
2026-08-31 20:40:00,0.33272633,0.24575931,0.3115038,0.30091777,high-ebb,high-ebb,high-ebb,high-ebb
2026-08-31 20:50:00,0.23516798,0.14386576,0.21395141,0.20367451,high-ebb,high-ebb,high-ebb,high-ebb
2026-08-31 21:00:00,0.13586636,0.040803738,0.114821054,0.10493315,high-ebb,high-ebb,high-ebb,high-ebb
2026-08-31 21:10:00,0.035538822,-0.06265474,0.014823267,0.005402174,high-ebb,low-ebb,high-ebb,high-ebb
2026-08-31 21:20:00,-0.065085776,-0.16572808,-0.08532367,-0.094202824,low-ebb,low-ebb,low-ebb,low-ebb
2026-08-31 21:30:00,-0.16527289,-0.26763114,-0.18489933,-0.19316481,low-ebb,low-ebb,low-ebb,low-ebb
2026-08-31 21:40:00,-0.26428828,-0.36758175,-0.28318685,-0.29077092,low-ebb,low-ebb,low-ebb,low-ebb
2026-08-31 21:50:00,-0.36140403,-0.46480814,-0.37947854,-0.38631815,low-ebb,low-ebb,low-ebb,low-ebb
2026-08-31 22:00:00,-0.45590472,-0.5585566,-0.47308156,-0.47911885,low-ebb,low-ebb,low-ebb,low-ebb
2026-08-31 22:10:00,-0.54709333,-0.6481002,-0.56332326,-0.5685062,low-ebb,low-ebb,low-ebb,low-ebb
2026-08-31 22:20:00,-0.6342974,-0.73274684,-0.64955664,-0.6538395,low-ebb,low-ebb,low-ebb,low-ebb
2026-08-31 22:30:00,-0.7168744,-0.8118482,-0.73116535,-0.7345092,low-ebb,low-ebb,low-ebb,low-ebb
2026-08-31 22:40:00,-0.7942176,-0.8848077,-0.8075686,-0.8099417,low-ebb,low-ebb,low-ebb,low-ebb
2026-08-31 22:50:00,-0.8657609,-0.951088,-0.8782255,-0.87960356,low-ebb,low-ebb,low-ebb,low-ebb
2026-08-31 23:00:00,-0.9309838,-1.0102172,-0.9426393,-0.94300586,low-ebb,low-ebb,low-ebb,low-ebb
2026-08-31 23:10:00,-0.98941565,-1.0617938,-1.0003611,-0.99970764,low-ebb,low-ebb,low-ebb,low-ebb
2026-08-31 23:20:00,-1.0406395,-1.1054907,-1.050993,-1.0493193,low-ebb,low-ebb,low-ebb,low-ebb
2026-08-31 23:30:00,-1.0842956,-1.1410563,-1.0941913,-1.0915052,low-ebb,low-ebb,low-ebb,low-ebb
2026-08-31 23:40:00,-1.1200838,-1.1683153,-1.1296685,-1.1259859,low-ebb,low-ebb,low-ebb,low-ebb
