Date,JulDay,Hour,Latitude,Longitude,Short_tide,LP_tide,Pure_Tide,Geo_Tide,Rad_Tide
2025-01-23 00:00:00,27416.0,0.0,41.892,-69.962,59.77961446480319,0.32749934057612906,60.10711380537932,60.85302737010926,0.7459135647299396
2025-01-23 01:00:00,27416.041666666668,1.0000000000291038,41.892,-69.962,30.86502663609409,0.33500148173239247,31.20002811782648,32.30246810378173,1.1024399859552456
2025-01-23 02:00:00,27416.083333333332,1.9999999999708962,41.892,-69.962,-6.500727849752122,0.3425052907872643,-6.158222558964858,-4.868332096469531,1.2898904624953271
2025-01-23 03:00:00,27416.125,3.0,41.892,-69.962,-42.322214016388365,0.35000874944882293,-41.97220526693954,-40.7444971492377,1.227708117701836
2025-01-23 04:00:00,27416.166666666668,4.000000000029104,41.892,-69.962,-66.96696515953461,0.35750981738232573,-66.60945534215229,-65.71823296005799,0.8912223820943006
2025-01-23 05:00:00,27416.208333333332,4.999999999970896,41.892,-69.962,-73.5877719112946,0.3650064319157673,-73.22276547937882,-72.90223565407672,0.32052982530210605
2025-01-23 06:00:00,27416.25,6.0,41.892,-69.962,-59.85813810845906,0.37249650776662196,-59.48564160069244,-59.871902647295066,-0.3862610466026257
2025-01-23 07:00:00,27416.291666666668,7.000000000029104,41.892,-69.962,-28.59126409117661,0.379977936763432,-28.211286154413177,-29.30535066559138,-1.0940645111782035
2025-01-23 08:00:00,27416.333333333332,7.999999999970896,41.892,-69.962,12.912560137586821,0.38744858761964407,13.300008725206466,11.638747253668726,-1.6612614715377407
2025-01-23 09:00:00,27416.375,9.0,41.892,-69.962,54.632538719624314,0.3949063057325081,55.02744502535682,53.05512759771068,-1.9723174276461404
2025-01-23 10:00:00,27416.416666666668,10.000000000029104,41.892,-69.962,86.27607866206401,0.40234891297870995,86.67842757504272,84.71371051273547,-1.964717062307244
2025-01-23 11:00:00,27416.458333333332,10.999999999970896,41.892,-69.962,99.80930300356717,0.40977420757482297,100.219077211142,98.57542683062144,-1.6436503805205516
2025-01-23 12:00:00,27416.5,12.0,41.892,-69.962,91.44774135211732,0.417179963942931,91.86492131606025,90.7841231393633,-1.0807981766969394
2025-01-23 13:00:00,27416.541666666668,13.000000000029104,41.892,-69.962,62.61678985701038,0.4245639326076857,63.041353789618064,62.643951675285834,-0.3974021143322296
2025-01-23 14:00:00,27416.583333333332,13.999999999970896,41.892,-69.962,19.643278076149482,0.4319238401364042,20.075201916285884,20.33956616365273,0.2643642473668466
2025-01-23 15:00:00,27416.625,15.0,41.892,-69.962,-27.749813082740165,0.43925738910628304,-27.31055569363388,-26.535732324759714,0.774823368874168
2025-01-23 16:00:00,27416.666666666668,16.000000000029104,41.892,-69.962,-68.77986411894139,0.44656225808101,-68.33330186086037,-67.28639863117843,1.0469032296819438
2025-01-23 17:00:00,27416.708333333332,16.999999999970896,41.892,-69.962,-94.20231442055074,0.45383610166494615,-93.74847831888579,-92.69290022194298,1.0555780969428057
2025-01-23 18:00:00,27416.75,18.0,41.892,-69.962,-98.53450972124244,0.4610765505638133,-98.07343317067863,-97.23155892149197,0.8418742491866551
2025-01-23 19:00:00,27416.791666666668,19.000000000029104,41.892,-69.962,-81.36132699679614,0.4682812116671248,-80.89304578512902,-80.39258813108238,0.5004576540466376
2025-01-23 20:00:00,27416.833333333332,19.999999999970896,41.892,-69.962,-47.40260408169903,0.47544766820952566,-46.927156413489506,-46.773274742020185,0.15388167146931936
2025-01-23 21:00:00,27416.875,21.0,41.892,-69.962,-5.325776820736413,0.48257347993925676,-4.843203340797157,-4.92329354412131,-0.08009020332415319
2025-01-23 22:00:00,27416.916666666668,22.000000000029104,41.892,-69.962,34.404797840997176,0.4896561833209763,34.89445402431815,34.77455979824577,-0.1198942260723849
2025-01-23 23:00:00,27416.958333333332,22.999999999970896,41.892,-69.962,62.11321518691846,0.49669329179616617,62.60990847871462,62.66754967723958,0.057641198524955736
2025-01-24 00:00:00,27417.0,0.0,41.892,-69.962,71.29572447555144,0.503682296084194,71.79940677163563,72.20945074952226,0.41004397788662755
2025-01-24 01:00:00,27417.041666666668,1.0000000000291038,41.892,-69.962,60.214899971007405,0.5106206644969521,60.72552063550436,61.564448697399335,0.8389280618949748
2025-01-24 02:00:00,27417.083333333332,1.9999999999708962,41.892,-69.962,32.309769298358525,0.5175058433223727,32.8272751416809,34.041778447125736,1.2145033054448346
2025-01-24 03:00:00,27417.125,3.0,41.892,-69.962,-4.6814849040355675,0.5243352572485841,-4.1571496467869835,-2.748236144067544,1.4089135027194395
2025-01-24 04:00:00,27417.166666666668,4.000000000029104,41.892,-69.962,-40.672010490546306,0.5311063098045573,-40.14090418074175,-38.81077135322583,1.3301328275159159
2025-01-24 05:00:00,27417.208333333332,4.999999999970896,41.892,-69.962,-65.76970467666773,0.5378163838704294,-65.2318882927973,-64.28402299641392,0.9478652963833682
2025-01-24 06:00:00,27417.25,6.0,41.892,-69.962,-72.78466714636554,0.5444628422304294,-72.2402043041351,-71.93546422087391,0.30474008326119906
2025-01-24 07:00:00,27417.291666666668,7.000000000029104,41.892,-69.962,-59.07769561302223,0.5510430281442877,-58.526652584877944,-59.01700382580493,-0.49035124092698257
2025-01-24 08:00:00,27417.333333333332,7.999999999970896,41.892,-69.962,-27.286605761401333,0.5575542659887375,-26.729051495412595,-28.01458313997346,-1.285531644560865
2025-01-24 09:00:00,27417.375,9.0,41.892,-69.962,15.257795114811888,0.5639938619418514,15.821788976753739,13.901361418264122,-1.920427558489617
2025-01-24 10:00:00,27417.416666666668,10.000000000029104,41.892,-69.962,58.29114360820209,0.5703591046955894,58.86150271289768,56.597913189924284,-2.2635895229733993
2025-01-24 11:00:00,27417.458333333332,10.999999999970896,41.892,-69.962,91.12370886610884,0.576647266216907,91.70035613232575,89.45665291855617,-2.2437032137695763
2025-01-24 12:00:00,27417.5,12.0,41.892,-69.962,105.28253642103314,0.5828556025876637,105.86539202362081,103.99854238047331,-1.8668496431475028
2025-01-24 13:00:00,27417.541666666668,13.000000000029104,41.892,-69.962,96.63527280909182,0.5889813548335189,97.22425416392534,96.00883627207178,-1.215417891853561
2025-01-24 14:00:00,27417.583333333332,13.999999999970896,41.892,-69.962,66.46680307235904,0.5950217498363993,67.06182482219545,66.63306917141135,-0.428755650784097
2025-01-24 15:00:00,27417.625,15.0,41.892,-69.962,21.23470139135486,0.6009740013037476,21.835675392658608,22.16551601449077,0.32984062183216156
2025-01-24 16:00:00,27417.666666666668,16.000000000029104,41.892,-69.962,-28.94624834298037,0.606835310735596,-28.33941303224477,-27.42764318584353,0.9117698464012414
2025-01-24 17:00:00,27417.708333333332,16.999999999970896,41.892,-69.962,-72.72619320470032,0.6126028684796081,-72.11359033622071,-70.89567451884768,1.2179158173730191
2025-01-24 18:00:00,27417.75,18.0,41.892,-69.962,-100.25863328893614,0.6182738548239203,-99.64035943411221,-98.41937783315048,1.220981600961737
2025-01-24 19:00:00,27417.791666666668,19.000000000029104,41.892,-69.962,-105.58301734348359,0.6238454411139084,-104.95917190236968,-103.98935746747766,0.9698144348920135
2025-01-24 20:00:00,27417.833333333332,19.999999999970896,41.892,-69.962,-88.06325237151819,0.6293147909363827,-87.43393758058181,-86.85930456601768,0.574633014564122
2025-01-24 21:00:00,27417.875,21.0,41.892,-69.962,-52.52368995655723,0.634679061348043,-51.88901089520918,-51.712158666036636,0.17685222917254415
2025-01-24 22:00:00,27417.916666666668,22.000000000029104,41.892,-69.962,-8.044087394632344,0.6399354041272777,-7.404151990505066,-7.493048845699878,-0.08889685519481229
2025-01-24 23:00:00,27417.958333333332,22.999999999970896,41.892,-69.962,34.293488235651225,0.6450809670906532,34.93856920274188,34.807645864615914,-0.13092333812596463
2025-01-25 00:00:00,27418.0,0.0,41.892,-69.962,64.15186062519204,0.6501128954528745,64.80197352064492,64.8764176524935,0.07444413184857925
2025-01-25 01:00:00,27418.041666666668,1.0000000000291038,41.892,-69.962,74.50077200017792,0.6550283332082848,75.1558003333862,75.63119263847516,0.47539230508896185
2025-01-25 02:00:00,27418.083333333332,1.9999999999708962,41.892,-69.962,63.356834650986585,0.6598244245814695,64.01665907556806,64.97356795590134,0.9569088803332857
2025-01-25 03:00:00,27418.125,3.0,41.892,-69.962,34.2652665894395,0.6644983155023096,34.929764904941806,36.299722660706564,1.369957755764759
2025-01-25 04:00:00,27418.166666666668,4.000000000029104,41.892,-69.962,-4.602265200016296,0.6690471551244236,-3.9332180448918725,-2.362874172225421,1.5703438726664516
2025-01-25 05:00:00,27418.208333333332,4.999999999970896,41.892,-69.962,-42.51552427111246,0.6734680973920342,-41.84205617372043,-40.384564997556836,1.4574911761635936
2025-01-25 06:00:00,27418.25,6.0,41.892,-69.962,-68.9091327186957,0.6777583026361717,-68.23137441605952,-67.22815587993378,1.0032185361257369
2025-01-25 07:00:00,27418.291666666668,7.000000000029104,41.892,-69.962,-76.08424499280493,0.6819149392155798,-75.40233005358935,-75.13936405590218,0.26296599768716866
2025-01-25 08:00:00,27418.333333333332,7.999999999970896,41.892,-69.962,-61.21149700111256,0.6859351851895087,-60.525561815923055,-61.159327765243674,-0.6337659493206219
2025-01-25 09:00:00,27418.375,9.0,41.892,-69.962,-27.127328941168454,0.6898162300354298,-26.437512711133024,-27.949322651905547,-1.5118099407725225
2025-01-25 10:00:00,27418.416666666668,10.000000000029104,41.892,-69.962,18.28712928751368,0.6935552763948319,18.98068456390851,16.7898547004956,-2.1908298634129126
2025-01-25 11:00:00,27418.458333333332,10.999999999970896,41.892,-69.962,64.00325700486397,0.6971495418532673,64.70040654671723,62.17235783177408,-2.5280487149431554
2025-01-25 12:00:00,27418.5,12.0,41.892,-69.962,98.55693922721493,0.7005962607605796,99.2575354879755,96.80490791234189,-2.4526275756336124
2025-01-25 13:00:00,27418.541666666668,13.000000000029104,41.892,-69.962,112.90641195930603,0.7038926860762986,113.61030464538233,111.62723991574794,-1.983064729634387
2025-01-25 14:00:00,27418.583333333332,13.999999999970896,41.892,-69.962,102.72437983681809,0.7070360912453577,103.43141592806344,102.20829106875578,-1.223124859307667
2025-01-25 15:00:00,27418.625,15.0,41.892,-69.962,69.54731436219718,0.7100237721097781,70.25733813430696,69.9202135928902,-0.3371245414167581
2025-01-25 16:00:00,27418.666666666668,16.000000000029104,41.892,-69.962,20.4844442865755,0.7128530488418283,21.19729733541733,21.686732256873444,0.48943492145611645
2025-01-25 17:00:00,27418.708333333332,16.999999999970896,41.892,-69.962,-33.45481820457883,0.715521267903545,-32.73929693667528,-31.645109804318828,1.0941871323564532
2025-01-25 18:00:00,27418.75,18.0,41.892,-69.962,-80.01163851341757,0.7180258040394358,-79.29361270937812,-77.9174426842243,1.3761700251538325
2025-01-25 19:00:00,27418.791666666668,19.000000000029104,41.892,-69.962,-108.65641388137674,0.7203640622794347,-107.9360498190973,-106.61755008146598,1.3184997376313312
2025-01-25 20:00:00,27418.833333333332,19.999999999970896,41.892,-69.962,-113.15830286853142,0.7225334799743817,-112.43576938855703,-111.44598990386919,0.9897794846878478
2025-01-25 21:00:00,27418.875,21.0,41.892,-69.962,-93.10508774044762,0.7245315288504688,-92.38055621159715,-91.85664472914952,0.5239114824476373
2025-01-25 22:00:00,27418.916666666668,22.000000000029104,41.892,-69.962,-53.98992603948502,0.7263557170744174,-53.2635703224106,-53.18012835354846,0.08344196886213634
2025-01-25 23:00:00,27418.958333333332,22.999999999970896,41.892,-69.962,-5.836338565915152,0.7280035913440268,-5.108334974571125,-5.29256153317979,-0.18422655860866483
2025-01-26 00:00:00,27419.0,0.0,41.892,-69.962,39.30264410220114,0.7294727389919776,40.03211684119312,39.84556365398528,-0.18655318720783934
2025-01-26 01:00:00,27419.041666666668,1.0000000000291038,41.892,-69.962,70.35200677375938,0.7307607900972797,71.08276756385666,71.17150084427307,0.08873328041640192
2025-01-26 02:00:00,27419.083333333332,1.9999999999708962,41.892,-69.962,79.97938692289202,0.731865419615577,80.71125234250759,81.28045138639823,0.5691990438906278
2025-01-26 03:00:00,27419.125,3.0,41.892,-69.962,66.4235894935886,0.7327843495151811,67.15637384310378,68.27197318230678,1.1155993392029984
2025-01-26 04:00:00,27419.166666666668,4.000000000029104,41.892,-69.962,33.92414556880763,0.7335153509183608,34.65766091972599,36.21541479304868,1.5577538733226903
2025-01-26 05:00:00,27419.208333333332,4.999999999970896,41.892,-69.962,-8.362822789828627,0.7340562462542012,-7.628766543574426,-5.8893659257291,1.7394006178453258
2025-01-26 06:00:00,27419.25,6.0,41.892,-69.962,-48.697750772172746,0.7344049114103886,-47.96334586076236,-46.40273174811541,1.5606141126469508
2025-01-26 07:00:00,27419.291666666668,7.000000000029104,41.892,-69.962,-75.75932967780318,0.7345592778868558,-75.02477039991632,-74.01792576353793,1.0068446363783914
2025-01-26 08:00:00,27419.333333333332,7.999999999970896,41.892,-69.962,-81.5619362572555,0.7345173349517627,-80.82741892230374,-80.67052241764934,0.1568965046543919
2025-01-26 09:00:00,27419.375,9.0,41.892,-69.962,-63.55148529300614,0.7342771317921515,-62.81720816121398,-63.649790837057026,-0.8325826758430401
2025-01-26 10:00:00,27419.416666666668,10.000000000029104,41.892,-69.962,-25.343411153295985,0.7338367796612002,-24.609574373634786,-26.372173579908512,-1.7625992062737275
2025-01-26 11:00:00,27419.458333333332,10.999999999970896,41.892,-69.962,24.0960063458382,0.7331944540185593,24.82920079985676,22.390514675148378,-2.438686124708382
2025-01-26 12:00:00,27419.5,12.0,41.892,-69.962,72.63347839507968,0.7323483966609711,73.36582679174064,70.64826627373515,-2.7175605180055045
2025-01-26 13:00:00,27419.541666666668,13.000000000029104,41.892,-69.962,107.98086933409235,0.7312969178435246,108.71216625193587,106.170267358736,-2.5418988931998667
2025-01-26 14:00:00,27419.583333333332,13.999999999970896,41.892,-69.962,120.78566549316695,0.7300383983867117,121.51570389155366,119.56126366749069,-1.95444022406297
2025-01-26 15:00:00,27419.625,15.0,41.892,-69.962,107.02342356133565,0.7285712917655643,107.75199485310121,106.66424434584765,-1.0877505072535576
2025-01-26 16:00:00,27419.666666666668,16.000000000029104,41.892,-69.962,69.08458902894303,0.7268941261866042,69.81148315512964,69.6794085346364,-0.13207462049323962
2025-01-26 17:00:00,27419.708333333332,16.999999999970896,41.892,-69.962,15.270959627718971,0.7250055066407939,15.995965134359766,16.706741262340987,0.7107761279812199
2025-01-26 18:00:00,27419.75,18.0,41.892,-69.962,-42.185878377141506,0.722904116932416,-41.46297426020909,-40.18697021246179,1.2760040477472963
2025-01-26 19:00:00,27419.791666666668,19.000000000029104,41.892,-69.962,-90.09991032689436,0.7205887216912503,-89.3793216052031,-87.90460549406409,1.4747161111390108
2025-01-26 20:00:00,27419.833333333332,19.999999999970896,41.892,-69.962,-117.56264738743,0.7180581683514973,-116.8445892190785,-115.53120449126278,1.3133847278157174
2025-01-26 21:00:00,27419.875,21.0,41.892,-69.962,-118.625001578317,0.7153113891008479,-117.90969018921615,-117.02065649065213,0.8890336985640221
2025-01-26 22:00:00,27419.916666666668,22.000000000029104,41.892,-69.962,-93.75528593774706,0.7123474028048472,-93.04293853494221,-92.68148491076073,0.3614536241814753
2025-01-26 23:00:00,27419.958333333332,22.999999999970896,41.892,-69.962,-49.7027795610644,0.7091653168978574,-48.993614244166544,-49.08401865434651,-0.09040441017996455
2025-01-27 00:00:00,27420.0,0.0,41.892,-69.962,2.205273846635026,0.7057643292256663,2.9110381758606927,2.594380965947874,-0.31665720991281887
2025-01-27 01:00:00,27420.041666666668,1.0000000000291038,41.892,-69.962,48.91145962545144,0.7021437298673954,49.61360335531884,49.37667784903871,-0.23692550628012934
2025-01-27 02:00:00,27420.083333333332,1.9999999999708962,41.892,-69.962,78.90892189314508,0.6983029029140233,79.6072247960591,79.74471364671655,0.13748885065745048
2025-01-27 03:00:00,27420.125,3.0,41.892,-69.962,85.13073761435965,0.6942413281853445,85.82497894254499,86.53049709910758,0.705518156562587
2025-01-27 04:00:00,27420.166666666668,4.000000000029104,41.892,-69.962,66.7183724348713,0.689958582935424,67.40833101780672,68.71034887694022,1.3020178591335008
2025-01-27 05:00:00,27420.208333333332,4.999999999970896,41.892,-69.962,29.21898341824924,0.685454343490906,29.904437761740148,31.64523742554628,1.7407996638061318
2025-01-27 06:00:00,27420.25,6.0,41.892,-69.962,-16.84407145569765,0.6807283868299099,-16.163343068867743,-14.299272888026296,1.8640701808414462
2025-01-27 07:00:00,27420.291666666668,7.000000000029104,41.892,-69.962,-58.672214051920676,0.6757805921455209,-57.996433459775155,-56.410841663841616,1.5855917959335386
2025-01-27 08:00:00,27420.333333333332,7.999999999970896,41.892,-69.962,-84.48524064173648,0.6706109423259072,-83.81462969941057,-82.89826338910618,0.916366310304403
2025-01-27 09:00:00,27420.375,9.0,41.892,-69.962,-86.57478361763987,0.6652195253839293,-85.90956409225593,-85.9435660324805,-0.034001940224571994
2025-01-27 10:00:00,27420.416666666668,10.000000000029104,41.892,-69.962,-63.34070772259765,0.6596065358489394,-62.68110118674871,-63.762071002043946,-1.0809698152952305
2025-01-27 11:00:00,27420.458333333332,10.999999999970896,41.892,-69.962,-19.786229807534678,0.6537722760802512,-19.132457531454428,-21.140544853315838,-2.0080873218614106
2025-01-27 12:00:00,27420.5,12.0,41.892,-69.962,33.66548373370787,0.6477171575190803,34.313200891226955,31.694433932545433,-2.6187669586815225
2025-01-27 13:00:00,27420.541666666668,13.000000000029104,41.892,-69.962,83.74631427032632,0.6414417019011623,84.38775597222748,81.60390025577347,-2.78385571645402
2025-01-27 14:00:00,27420.583333333332,13.999999999970896,41.892,-69.962,117.66855377710482,0.6349465423754295,118.30350031948025,115.83045808757234,-2.4730422319079097
2025-01-27 15:00:00,27420.625,15.0,41.892,-69.962,126.3650626052489,0.6282324245749031,126.9932950298238,125.23115254963477,-1.7621424801890304
2025-01-27 16:00:00,27420.666666666668,16.000000000029104,41.892,-69.962,106.82444872994401,0.6213002076191962,107.44574893756321,106.63139139223387,-0.8143575453293466
2025-01-27 17:00:00,27420.708333333332,16.999999999970896,41.892,-69.962,62.92473634739225,0.6141508650343739,63.53888721242662,63.69872993357741,0.15984272115078893
2025-01-27 18:00:00,27420.75,18.0,41.892,-69.962,4.544455075637529,0.6067854856137246,5.151240561251254,6.105393012906042,0.9541524516547879
2025-01-27 19:00:00,27420.791666666668,19.000000000029104,41.892,-69.962,-54.83632676775137,0.5992052742066908,-54.237121493544684,-52.82086845146354,1.4162530420811443
2025-01-27 20:00:00,27420.833333333332,19.999999999970896,41.892,-69.962,-101.45015061405458,0.5914115524188498,-100.85873906163573,-99.37523153857002,1.4835075230657102
2025-01-27 21:00:00,27420.875,21.0,41.892,-69.962,-124.64254747431154,0.5834057592508479,-124.05914171506069,-122.86354695956766,1.1955947554930395
2025-01-27 22:00:00,27420.916666666668,22.000000000029104,41.892,-69.962,-119.50393519372643,0.575189451651127,-118.92874574207531,-118.24772820366047,0.6810175384148327
2025-01-27 23:00:00,27420.958333333332,22.999999999970896,41.892,-69.962,-88.06848293866304,0.5667643049993559,-87.50171863366369,-87.38064595621849,0.12107267744519609
2025-01-28 00:00:00,27421.0,0.0,41.892,-69.962,-38.77444795217545,0.5581321134922196,-38.21631583868323,-38.51569707546692,-0.29938123678369116
2025-01-28 01:00:00,27421.041666666668,1.0000000000291038,41.892,-69.962,15.681631297028744,0.5492947904636614,16.230926087492406,15.789275825733121,-0.4416502617592851
2025-01-28 02:00:00,27421.083333333332,1.9999999999708962,41.892,-69.962,61.5582979198579,0.540254368622365,62.09855228848026,61.8479642734346,-0.250588015045664
2025-01-28 03:00:00,27421.125,3.0,41.892,-69.962,87.5400013929521,0.531013000188829,88.07101439314094,88.30106226320974,0.2300478700688075
2025-01-28 04:00:00,27421.166666666668,4.000000000029104,41.892,-69.962,87.58785978235596,0.5215729569642645,88.10943273932023,88.9777394623202,0.8683067229999819
2025-01-28 05:00:00,27421.208333333332,4.999999999970896,41.892,-69.962,62.44744676568381,0.5119366303139937,62.959383395997804,64.43755396892254,1.478170572924746
2025-01-28 06:00:00,27421.25,6.0,41.892,-69.962,19.42908663989604,0.5021065310460965,19.931193170942134,21.79959866494799,1.8684054940058565
2025-01-28 07:00:00,27421.291666666668,7.000000000029104,41.892,-69.962,-29.48672970114349,0.4920852892201161,-28.99464441192337,-27.10102793720352,1.893616474719854
2025-01-28 08:00:00,27421.333333333332,7.999999999970896,41.892,-69.962,-70.74081089014933,0.4818756538703062,-70.25893523627903,-68.76459287846573,1.4943423578132902
2025-01-28 09:00:00,27421.375,9.0,41.892,-69.962,-92.69996349827144,0.4714804926072805,-92.22848300566416,-91.51273007517837,0.71575293048579
2025-01-28 10:00:00,27421.416666666668,10.000000000029104,41.892,-69.962,-88.68341506141128,0.46090279118183014,-88.22251227022946,-88.52259427910461,-0.3000820088751467
2025-01-28 11:00:00,27421.458333333332,10.999999999970896,41.892,-69.962,-58.737576479710974,0.4501456529178498,-58.28743082679313,-59.63409493434534,-1.3466641075522137
2025-01-28 12:00:00,27421.5,12.0,41.892,-69.962,-9.700788513706895,0.4392122980527385,-9.261576215654156,-11.463850693895573,-2.202274478241417
2025-01-28 13:00:00,27421.541666666668,13.000000000029104,41.892,-69.962,46.46756246078238,0.4281060630288302,46.89566852381121,44.212055825053596,-2.683612698757613
2025-01-28 14:00:00,27421.583333333332,13.999999999970896,41.892,-69.962,95.6781418527086,0.41683039965472246,96.09497225236333,93.40459431110519,-2.690377941258146
2025-01-28 15:00:00,27421.625,15.0,41.892,-69.962,125.2702056556884,0.40538887415958336,125.67559452984798,123.44604587465454,-2.229548655193446
2025-01-28 16:00:00,27421.666666666668,16.000000000029104,41.892,-69.962,127.23721722808729,0.39378516623752674,127.63100239432481,126.21777557318303,-1.4132268211417762
2025-01-28 17:00:00,27421.708333333332,16.999999999970896,41.892,-69.962,100.29957033803508,0.38202306789741586,100.6815934059325,100.25100305283344,-0.43059035309906085
2025-01-28 18:00:00,27421.75,18.0,41.892,-69.962,50.29327849324965,0.3701064822779381,50.66338497552759,51.16234097528695,0.4989559997593631
2025-01-28 19:00:00,27421.791666666668,19.000000000029104,41.892,-69.962,-11.231801710002351,0.3580394223923755,-10.873762287609976,-9.694169434047573,1.179592853562402
2025-01-28 20:00:00,27421.833333333332,19.999999999970896,41.892,-69.962,-69.85740381725891,0.34582600971472705,-69.51157780754419,-68.02529299712755,1.4862848104166344
2025-01-28 21:00:00,27421.875,21.0,41.892,-69.962,-111.87232316357392,0.33347047271924063,-111.53885269085468,-110.14534820794586,1.3935044829088246
2025-01-28 22:00:00,27421.916666666668,22.000000000029104,41.892,-69.962,-127.67733143099908,0.3209771453535441,-127.35635428564554,-126.37800078283549,0.9783535028100545
2025-01-28 23:00:00,27421.958333333332,22.999999999970896,41.892,-69.962,-114.15981077831708,0.3083504653522444,-113.85146031296483,-113.45396611647325,0.39749419649158046
2025-01-29 00:00:00,27422.0,0.0,41.892,-69.962,-75.43738884923415,0.29559497250677164,-75.14179387672738,-75.29780661854043,-0.15601274181305874
2025-01-29 01:00:00,27422.041666666668,1.0000000000291038,41.892,-69.962,-21.781828137600762,0.28271530687164437,-21.499112830729118,-22.003866934103836,-0.504754103374718
2025-01-29 02:00:00,27422.083333333332,1.9999999999708962,41.892,-69.962,33.00485220186747,0.2697162068107837,33.274568408678256,32.74012785803577,-0.5344405506424874
2025-01-29 03:00:00,27422.125,3.0,41.892,-69.962,75.0974512070594,0.2566025070064264,75.35405371406581,75.12949093596465,-0.2245627781011587
2025-01-29 04:00:00,27422.166666666668,4.000000000029104,41.892,-69.962,94.14869485391307,0.24337913639143027,94.3920739903045,94.7377587234207,0.34568473311620157
2025-01-29 05:00:00,27422.208333333332,4.999999999970896,41.892,-69.962,85.8960376887048,0.23005111596358696,86.12608880466838,87.143848821126,1.0177600164576164
2025-01-29 06:00:00,27422.25,6.0,41.892,-69.962,53.212296793493046,0.2166235565119834,53.42892035000503,55.024116107675475,1.5951957576704454
2025-01-29 07:00:00,27422.291666666668,7.000000000029104,41.892,-69.962,5.333268869564335,0.2031016563116465,5.536370525875981,7.431814841898345,1.8954443160223644
2025-01-29 08:00:00,27422.333333333332,7.999999999970896,41.892,-69.962,-44.54108340737936,0.18949069868605795,-44.3515927086933,-42.55279583963651,1.7987968690567924
2025-01-29 09:00:00,27422.375,9.0,41.892,-69.962,-82.66114923372778,0.175796049491666,-82.48535318423612,-81.203614495012,1.2817386892241105
2025-01-29 10:00:00,27422.416666666668,10.000000000029104,41.892,-69.962,-98.28774018333468,0.16202315455822067,-98.12571702877645,-97.69966705260232,0.42604997617412776
2025-01-29 11:00:00,27422.458333333332,10.999999999970896,41.892,-69.962,-86.48912389198219,0.14817753704354364,-86.34094635493865,-86.93980811667487,-0.5988617617362237
2025-01-29 12:00:00,27422.5,12.0,41.892,-69.962,-49.459158490801414,0.13426479465763966,-49.324893696143775,-50.900977158719435,-1.576083462575659
2025-01-29 13:00:00,27422.541666666668,13.000000000029104,41.892,-69.962,3.984061700304258,0.12029059689070581,4.104352297194964,1.8106303119807086,-2.2937219852142556
2025-01-29 14:00:00,27422.583333333332,13.999999999970896,41.892,-69.962,60.59697672246756,0.10626068214367101,60.70323740461123,58.10663368385208,-2.5966037207591484
2025-01-29 15:00:00,27422.625,15.0,41.892,-69.962,106.05218818043569,0.09218085473509043,106.14436903517078,103.72026122873062,-2.4241078064401624
2025-01-29 16:00:00,27422.666666666668,16.000000000029104,41.892,-69.962,128.5761614105329,0.07805698191902227,128.65421839245192,126.82961783252102,-1.8246005599309036
2025-01-29 17:00:00,27422.708333333332,16.999999999970896,41.892,-69.962,121.95884739136855,0.06389499081349624,122.02274238218205,121.07987269217458,-0.9428696900074767
2025-01-29 18:00:00,27422.75,18.0,41.892,-69.962,87.16858070863015,0.049700865192591676,87.21828157382274,87.23448482521455,0.016203251391817233
2025-01-29 19:00:00,27422.791666666668,19.000000000029104,41.892,-69.962,32.15831091680373,0.03548064234200421,32.19379155914573,33.032280391717386,0.8384888325716555
2025-01-29 20:00:00,27422.833333333332,19.999999999970896,41.892,-69.962,-30.092296945437905,0.02124040977075735,-30.071056535667147,-28.71796711643505,1.3530894192320961
2025-01-29 21:00:00,27422.875,21.0,41.892,-69.962,-84.80654238520749,0.006986301838294781,-84.7995560833692,-83.32634311207767,1.4732129712915336
2025-01-29 22:00:00,27422.916666666668,22.000000000029104,41.892,-69.962,-119.09651970390468,-0.00727550356263546,-119.10379520746731,-117.88857958918584,1.2152156182814697
2025-01-29 23:00:00,27422.958333333332,22.999999999970896,41.892,-69.962,-125.17303976965356,-0.021538788475832096,-125.1945785581294,-124.50338469216464,0.6911938659647469
2025-01-30 00:00:00,27423.0,0.0,41.892,-69.962,-102.26778944722726,-0.03579729838307932,-102.30358674561033,-102.22631826229896,0.0772684833113682
2025-01-30 01:00:00,27423.041666666668,1.0000000000291038,41.892,-69.962,-56.782328644750294,-0.050044745700038036,-56.83237339045033,-57.26648338631395,-0.43410999586362503
2025-01-30 02:00:00,27423.083333333332,1.9999999999708962,41.892,-69.962,-0.6283596199767655,-0.06427481338951492,-0.6926344333662804,-1.3781016844756426,-0.6854672511093622
2025-01-30 03:00:00,27423.125,3.0,41.892,-69.962,51.81738383663681,-0.07848115857269838,51.73890267806411,51.14290874365227,-0.5959939344118332
2025-01-30 04:00:00,27423.166666666668,4.000000000029104,41.892,-69.962,87.3689564453918,-0.09265741618270411,87.2762990292091,87.09338654637126,-0.18291248283783834
2025-01-30 05:00:00,27423.208333333332,4.999999999970896,41.892,-69.962,97.36866958451894,-0.10679720268357454,97.26187238183536,97.70480026844066,0.4429278866053097
2025-01-30 06:00:00,27423.25,6.0,41.892,-69.962,79.85895818377722,-0.12089411979618746,79.73806406398103,80.84410704974644,1.1060429857654077
2025-01-30 07:00:00,27423.291666666668,7.000000000029104,41.892,-69.962,40.03859383057427,-0.13494175825596297,39.90365207231831,41.51604431274694,1.6123922404286346
2025-01-30 08:00:00,27423.333333333332,7.999999999970896,41.892,-69.962,-11.109846353576913,-0.1489337016263124,-11.258780055203225,-9.458117445163362,1.8006626100398633
2025-01-30 09:00:00,27423.375,9.0,41.892,-69.962,-59.66880351203508,-0.16286353011184107,-59.831667042146925,-58.246122951690694,1.585544090456232
2025-01-30 10:00:00,27423.416666666668,10.000000000029104,41.892,-69.962,-92.38273449860972,-0.17672482439367532,-92.5594593230034,-91.57762581693827,0.9818335060651284
2025-01-30 11:00:00,27423.458333333332,10.999999999970896,41.892,-69.962,-100.08494424486703,-0.19051116951210859,-100.27545541437914,-100.17235013897758,0.10310527540155857
2025-01-30 12:00:00,27423.5,12.0,41.892,-69.962,-80.07950877906346,-0.20421615873681226,-80.28372493780027,-81.1485416511697,-0.8648167133694155
2025-01-30 13:00:00,27423.541666666668,13.000000000029104,41.892,-69.962,-36.86980708586514,-0.21783339746792663,-37.08764048333307,-38.79656503301034,-1.708924549677271
2025-01-30 14:00:00,27423.583333333332,13.999999999970896,41.892,-69.962,18.953700434866306,-0.23135650713184225,18.722343927734464,16.481096270286148,-2.2412476574483144
2025-01-30 15:00:00,27423.625,15.0,41.892,-69.962,73.38503473524473,-0.24477912911306982,73.14025560613166,70.79522000808484,-2.3450355980468163
2025-01-30 16:00:00,27423.666666666668,16.000000000029104,41.892,-69.962,112.55505713543484,-0.25809492866462724,112.2969622067702,110.29370636147075,-2.0032558452994422
2025-01-30 17:00:00,27423.708333333332,16.999999999970896,41.892,-69.962,126.26161265136604,-0.2712975988210541,125.99031505254499,124.68805008483615,-1.3022649677088318
2025-01-30 18:00:00,27423.75,18.0,41.892,-69.962,110.57969471997303,-0.284380864334796,110.29531385563824,109.88549677717526,-0.4098170784629727
2025-01-30 19:00:00,27423.791666666668,19.000000000029104,41.892,-69.962,68.88741400186606,-0.29733848558272025,68.59007551628335,69.05700718835716,0.4669316720738185
2025-01-30 20:00:00,27423.833333333332,19.999999999970896,41.892,-69.962,11.045902639192342,-0.3101642624651813,10.735738376727161,11.868470898633358,1.1327325219061963
2025-01-30 21:00:00,27423.875,21.0,41.892,-69.962,-49.059954316877125,-0.32285203831904663,-49.38280635519617,-47.93092293402708,1.4518834211690934
2025-01-30 22:00:00,27423.916666666668,22.000000000029104,41.892,-69.962,-96.99710437054829,-0.33539570379136224,-97.33250007433965,-95.95227147502457,1.3802285993150731
2025-01-30 23:00:00,27423.958333333332,22.999999999970896,41.892,-69.962,-121.3958905311736,-0.347789200693969,-121.74367973186757,-120.77008232054189,0.973597411325685
2025-01-31 00:00:00,27424.0,0.0,41.892,-69.962,-116.78354142879697,-0.36002652587769096,-117.14356795467465,-116.77276890711684,0.37079904755780574
2025-01-31 01:00:00,27424.041666666668,1.0000000000291038,41.892,-69.962,-84.9239339317167,-0.37210173501895094,-85.29603566673565,-85.54026647292133,-0.24423080618567872
2025-01-31 02:00:00,27424.083333333332,1.9999999999708962,41.892,-69.962,-34.32779668683749,-0.3840089464282466,-34.71180563326573,-35.403071195930906,-0.6912655626651728
2025-01-31 03:00:00,27424.125,3.0,41.892,-69.962,21.9379586085302,-0.39574234484231613,21.542216263687884,20.70120122714776,-0.8410150365401237
2025-01-31 04:00:00,27424.166666666668,4.000000000029104,41.892,-69.962,69.58200502072394,-0.4072961851012204,69.17470883562272,68.52605476695136,-0.648654068671357
2025-01-31 05:00:00,27424.208333333332,4.999999999970896,41.892,-69.962,96.71349613658519,-0.4186647958826864,96.2948313407025,96.1296893877973,-0.1651419529051984
2025-01-31 06:00:00,27424.25,6.0,41.892,-69.962,96.83977923901182,-0.42984258337290837,96.40993665563892,96.88638398162938,0.47644732599045725
2025-01-31 07:00:00,27424.291666666668,7.000000000029104,41.892,-69.962,70.47812529817621,-0.4408240348299676,70.03730126334624,71.13325619983507,1.0959549364888423
2025-01-31 08:00:00,27424.333333333332,7.999999999970896,41.892,-69.962,24.97656567047766,-0.45160372220182593,24.524961948275834,26.038409470056866,1.5134475217810324
2025-01-31 09:00:00,27424.375,9.0,41.892,-69.962,-27.40508496489035,-0.46217630563900636,-27.867261270529355,-26.270640475566584,1.596620794962771
2025-01-31 10:00:00,27424.416666666668,10.000000000029104,41.892,-69.962,-72.66090624473574,-0.47253653693988246,-73.13344278167563,-71.8373181037392,1.2961246779364326
2025-01-31 11:00:00,27424.458333333332,10.999999999970896,41.892,-69.962,-98.64234037598816,-0.48267926300279707,-99.12501963899095,-98.46526217678743,0.6597574622035222
2025-01-31 12:00:00,27424.5,12.0,41.892,-69.962,-98.18095876656574,-0.49259942918023597,-98.67355819574597,-98.85166829729972,-0.17811010155376145
2025-01-31 13:00:00,27424.541666666668,13.000000000029104,41.892,-69.962,-70.93608229012139,-0.5022920825568122,-71.4383743726782,-72.46757578802426,-1.0292014153460622
2025-01-31 14:00:00,27424.583333333332,13.999999999970896,41.892,-69.962,-23.498486385963023,-0.5117523752208504,-24.010238761183874,-25.708039243579087,-1.6978004823952142
2025-01-31 15:00:00,27424.625,15.0,41.892,-69.962,32.27442995319667,-0.5209755674317752,31.753454385764897,29.72420821095858,-2.029246174806317
2025-01-31 16:00:00,27424.666666666668,16.000000000029104,41.892,-69.962,82.26708104526313,-0.5299570307146239,81.7371240145485,79.78891874198075,-1.9482052725677472
2025-01-31 17:00:00,27424.708333333332,16.999999999970896,41.892,-69.962,113.69203943763496,-0.5386922509093032,113.15334718672565,111.67623958945703,-1.4771075972686247
2025-01-31 18:00:00,27424.75,18.0,41.892,-69.962,118.34290547356746,-0.5471768311451224,117.79572864242233,117.06554560092046,-0.7301830415018713
2025-01-31 19:00:00,27424.791666666668,19.000000000029104,41.892,-69.962,94.6882741800186,-0.5554064947189921,94.1328676852996,94.24814357525348,0.11527588995387472
2025-01-31 20:00:00,27424.833333333332,19.999999999970896,41.892,-69.962,48.27663258956627,-0.5633770879031564,47.71325550166311,48.576321625868616,0.8630661242055021
2025-01-31 21:00:00,27424.875,21.0,41.892,-69.962,-9.648824997258753,-0.5710845827050183,-10.21990957996377,-8.873466449458737,1.346443130505033
2025-01-31 22:00:00,27424.916666666668,22.000000000029104,41.892,-69.962,-64.97262628264663,-0.5785250794984167,-65.55115136214505,-64.08262094824248,1.4685304139025745
2025-01-31 23:00:00,27424.958333333332,22.999999999970896,41.892,-69.962,-104.25048809000262,-0.5856948095885172,-104.83618289959114,-103.61148273277662,1.2247001668145079
2025-02-01 00:00:00,27425.0,0.0,41.892,-69.962,-118.07663519157907,-0.592590137716474,-118.66922532929554,-117.96773156697216,0.7014937623233753
2025-02-01 01:00:00,27425.041666666668,1.0000000000291038,41.892,-69.962,-103.42458354337086,-0.5992075644340685,-104.02379110780493,-103.9711656768209,0.05262543098401973
2025-02-01 02:00:00,27425.083333333332,1.9999999999708962,41.892,-69.962,-64.37307126605545,-0.6055437284047823,-64.97861499446023,-65.5202148003759,-0.5415998059156635
2025-02-01 03:00:00,27425.125,3.0,41.892,-69.962,-11.039113697796745,-0.6115954086347637,-11.65070910643151,-12.571695846939459,-0.9209867405079484
2025-02-01 04:00:00,27425.166666666668,4.000000000029104,41.892,-69.962,43.005740281564876,-0.617359526573647,42.38838075499123,41.40202871494713,-0.9863520400441065
2025-02-01 05:00:00,27425.208333333332,4.999999999970896,41.892,-69.962,84.17714499350826,-0.6228331481336794,83.55431184537458,82.83001912596254,-0.7242927194120481
2025-02-01 06:00:00,27425.25,6.0,41.892,-69.962,102.30423498975193,-0.6280134856317123,101.67622150412022,101.46654711680266,-0.20967438731756802
2025-02-01 07:00:00,27425.291666666668,7.000000000029104,41.892,-69.962,93.17421116146184,-0.6328978995989399,92.5413132618629,92.95590849140608,0.41459522954318434
2025-02-01 08:00:00,27425.333333333332,7.999999999970896,41.892,-69.962,59.55548150451643,-0.6374839005080669,58.91799760400836,59.89316371957713,0.9751661155687668
2025-02-01 09:00:00,27425.375,9.0,41.892,-69.962,10.447188496413116,-0.6417691504065736,9.805419346006541,11.118921833883318,1.3135024878767763
2025-02-01 10:00:00,27425.416666666668,10.000000000029104,41.892,-69.962,-41.247086892541965,-0.6457514644236632,-41.892838356965626,-40.56563617793975,1.3272021790258712
2025-02-01 11:00:00,27425.458333333332,10.999999999970896,41.892,-69.962,-82.02548571485734,-0.6494288121933035,-82.67491452705065,-81.67805267626301,0.9968618507876384
2025-02-01 12:00:00,27425.5,12.0,41.892,-69.962,-101.23216518066728,-0.6527993191688564,-101.88496449983613,-101.4932585959043,0.39170590393184074
2025-02-01 13:00:00,27425.541666666668,13.000000000029104,41.892,-69.962,-93.76624820593756,-0.6558612678172838,-94.42210947375484,-94.7694858609817,-0.34737638722685804
2025-02-01 14:00:00,27425.583333333332,13.999999999970896,41.892,-69.962,-61.371428759291774,-0.6586130987246354,-62.03004185801641,-63.07305087084497,-1.0430090128285627
2025-02-01 15:00:00,27425.625,15.0,41.892,-69.962,-12.184113118359624,-0.6610534115820922,-12.845166529941716,-14.37092757283295,-1.5257610428912343
2025-02-01 16:00:00,27425.666666666668,16.000000000029104,41.892,-69.962,41.33999907530094,-0.6631809660641722,40.67681810923676,39.00023571438416,-1.6765823948526006
2025-02-01 17:00:00,27425.708333333332,16.999999999970896,41.892,-69.962,85.5909775158408,-0.664994682603075,84.92598283323773,83.46942027833072,-1.456562554907015
2025-02-01 18:00:00,27425.75,18.0,41.892,-69.962,109.25703788216354,-0.6664936430474594,108.59054423911608,107.67395389511385,-0.9165903440022299
2025-02-01 19:00:00,27425.791666666668,19.000000000029104,41.892,-69.962,106.1899398344603,-0.667677091211796,105.5222627432485,105.33766471095538,-0.18459803229312774
2025-02-01 20:00:00,27425.833333333332,19.999999999970896,41.892,-69.962,76.96045613396555,-0.6685444333175681,76.29191170064799,76.85818984002304,0.5662781393750573
2025-02-01 21:00:00,27425.875,21.0,41.892,-69.962,28.7144409434862,-0.669095238321167,28.045345705165033,29.205870285051514,1.1605245798864805
2025-02-01 22:00:00,27425.916666666668,22.000000000029104,41.892,-69.962,-26.62939317062188,-0.6693292381304623,-27.298722408752344,-25.83544295095716,1.4632794577951862
2025-02-01 23:00:00,27425.958333333332,22.999999999970896,41.892,-69.962,-75.38038404573352,-0.6692463277118019,-76.04963037344532,-74.63680521403926,1.4128251594060697
2025-02-02 00:00:00,27426.0,0.0,41.892,-69.962,-105.51513630949572,-0.668846565084643,-106.18398287458037,-105.1494359403893,1.0345469341910676
2025-02-02 01:00:00,27426.041666666668,1.0000000000291038,41.892,-69.962,-109.68703297172425,-0.6681301712053932,-110.35516314292964,-109.92207977618023,0.43308336674941383
2025-02-02 02:00:00,27426.083333333332,1.9999999999708962,41.892,-69.962,-87.04982770672589,-0.6670975297407084,-87.71692523646661,-87.95203419615457,-0.2351089596879611
2025-02-02 03:00:00,27426.125,3.0,41.892,-69.962,-43.44111062673455,-0.665749186730565,-44.106859813465114,-44.908532602493445,-0.8016727890283282
2025-02-02 04:00:00,27426.166666666668,4.000000000029104,41.892,-69.962,10.113421697044549,-0.6640858501403426,9.449335846904207,8.320736375601978,-1.1285994713022283
2025-02-02 05:00:00,27426.208333333332,4.999999999970896,41.892,-69.962,60.190926311208855,-0.6621083893060603,59.52881792190279,58.38662310878207,-1.1421948131207245
2025-02-02 06:00:00,27426.25,6.0,41.892,-69.962,94.34939416935143,-0.6598178342671782,93.68957633508425,92.83922575705196,-0.8503505780322889
2025-02-02 07:00:00,27426.291666666668,7.000000000029104,41.892,-69.962,104.24020817750281,-0.6572153749933876,103.58299280250942,103.2439907124668,-0.3390020900426262
2025-02-02 08:00:00,27426.333333333332,7.999999999970896,41.892,-69.962,87.67402543799506,-0.6543023605067368,87.01972307748832,87.27079312618181,0.251070048693493
2025-02-02 09:00:00,27426.375,9.0,41.892,-69.962,49.126265475826436,-0.6510802978913461,48.47518517793509,49.236193729991165,0.7610085520560728
2025-02-02 10:00:00,27426.416666666668,10.000000000029104,41.892,-69.962,-1.436076475256194,-0.6475508512024691,-2.083627326458663,-1.0288387729005972,1.0547885535580659
2025-02-02 11:00:00,27426.458333333332,10.999999999970896,41.892,-69.962,-51.10151530620299,-0.6437158402736666,-51.745231146476655,-50.691332620083244,1.0538985263934144
2025-02-02 12:00:00,27426.5,12.0,41.892,-69.962,-87.28627837691437,-0.6395772394089927,-87.92585561632336,-87.16875574201043,0.7570998743129338
2025-02-02 13:00:00,27426.541666666668,13.000000000029104,41.892,-69.962,-100.90403500385553,-0.6351371759926187,-101.53917217984815,-101.29875929187754,0.24041288797060686
2025-02-02 14:00:00,27426.583333333332,13.999999999970896,41.892,-69.962,-88.63601531560805,-0.6303979289838839,-89.26641324459193,-89.62891739687925,-0.36250415228731536
2025-02-02 15:00:00,27426.625,15.0,41.892,-69.962,-53.73522005288413,-0.6253619273053792,-54.36058198018951,-55.255071772874,-0.8944897926844876
2025-02-02 16:00:00,27426.666666666668,16.000000000029104,41.892,-69.962,-5.17040721948915,-0.6200317481684061,-5.790438967657557,-7.005274389025246,-1.2148354213676895
2025-02-02 17:00:00,27426.708333333332,16.999999999970896,41.892,-69.962,44.66572361338577,-0.6144101152641974,44.05131349812157,42.816329920381676,-1.234983577739895
2025-02-02 18:00:00,27426.75,18.0,41.892,-69.962,83.09982195486741,-0.6084998968684769,82.49132205799893,81.55028188531232,-0.9410401726866174
2025-02-02 19:00:00,27426.791666666668,19.000000000029104,41.892,-69.962,100.37738460979898,-0.6023041038875391,99.77508050591145,99.37753608825163,-0.3975444176598128
2025-02-02 20:00:00,27426.833333333332,19.999999999970896,41.892,-69.962,92.11335301379737,-0.5958258877702345,91.51752712602713,91.78585968881401,0.2683325627868853
2025-02-02 21:00:00,27426.875,21.0,41.892,-69.962,60.38122702174055,-0.5890685383399032,59.79215848340065,60.69026073936024,0.8981022559595925
2025-02-02 22:00:00,27426.916666666668,22.000000000029104,41.892,-69.962,13.173421515718433,-0.5820354815803185,12.591386034138115,13.932287865399285,1.3409018312611698
2025-02-02 23:00:00,27426.958333333332,22.999999999970896,41.892,-69.962,-37.62395823407873,-0.5747302772780976,-38.19868851135683,-36.70833127356388,1.4903572377929508
2025-02-03 00:00:00,27427.0,0.0,41.892,-69.962,-79.22659459043257,-0.5671566166153131,-79.79375120704788,-78.48348356129056,1.3102676457573246
2025-02-03 01:00:00,27427.041666666668,1.0000000000291038,41.892,-69.962,-101.16166427918932,-0.5593183196973157,-101.72098259888664,-100.87810656170015,0.84287603718648
2025-02-03 02:00:00,27427.083333333332,1.9999999999708962,41.892,-69.962,-97.88607332954248,-0.551219332958621,-98.43729266250111,-98.2394234703846,0.19786919211651055
2025-02-03 03:00:00,27427.125,3.0,41.892,-69.962,-70.16012471516581,-0.5428637265229943,-70.7029884416888,-71.17795085698548,-0.47496241529668015
2025-02-03 04:00:00,27427.166666666668,4.000000000029104,41.892,-69.962,-24.838873315305626,-0.5342556914975205,-25.373129006803147,-26.3956007381118,-1.022471731308653
2025-02-03 05:00:00,27427.208333333332,4.999999999970896,41.892,-69.962,26.858543866243064,-0.5253995371748575,26.333144329068208,25.008002951182753,-1.3251413778854557
2025-02-03 06:00:00,27427.25,6.0,41.892,-69.962,72.16083226211666,-0.5162996881632876,71.64453257395337,70.31932717237152,-1.3252054015818575
2025-02-03 07:00:00,27427.291666666668,7.000000000029104,41.892,-69.962,99.92916620507599,-0.5069606814860873,99.4222055235899,98.38308571426995,-1.039119809319948
2025-02-03 08:00:00,27427.333333333332,7.999999999970896,41.892,-69.962,103.41714685721888,-0.49738716358377266,102.91975969363511,102.36819917910498,-0.5515605145301319
2025-02-03 09:00:00,27427.375,9.0,41.892,-69.962,81.91987329807993,-0.48758388725613544,81.4322894108238,81.43955304114002,0.00726363031621515
2025-02-03 10:00:00,27427.416666666668,10.000000000029104,41.892,-69.962,40.90785009754641,-0.4775557085707886,40.43029438897562,40.92538696700124,0.49509257802561785
2025-02-03 11:00:00,27427.458333333332,10.999999999970896,41.892,-69.962,-9.377501806429615,-0.46730758371217684,-9.844809390141792,-9.051394898054149,0.7934144920876433
2025-02-03 12:00:00,27427.5,12.0,41.892,-69.962,-56.50576143380811,-0.45684456573575644,-56.96260599954387,-56.1259521450236,0.8366538545202682
2025-02-03 13:00:00,27427.541666666668,13.000000000029104,41.892,-69.962,-88.9645424434313,-0.44617180133065726,-89.41071424476196,-88.78312900904255,0.6275852357194138
2025-02-03 14:00:00,27427.583333333332,13.999999999970896,41.892,-69.962,-99.0129605683968,-0.4352945275181274,-99.44825509591493,-99.21292886842917,0.23532622748575086
2025-02-03 15:00:00,27427.625,15.0,41.892,-69.962,-84.57178040753186,-0.4242180682625616,-84.99599847579442,-85.21936177916899,-0.22336330337456697
2025-02-03 16:00:00,27427.666666666668,16.000000000029104,41.892,-69.962,-49.68606939035676,-0.4129478311037416,-50.0990172214605,-50.713627928754796,-0.6146107072942975
2025-02-03 17:00:00,27427.708333333332,16.999999999970896,41.892,-69.962,-3.4557981140594536,-0.401489303731132,-3.8572874177905856,-4.679329099422892,-0.8220416816323071
2025-02-03 18:00:00,27427.75,18.0,41.892,-69.962,42.28712778098142,-0.3898480504783102,41.89727973050311,41.12048449911517,-0.776795231387938
2025-02-03 19:00:00,27427.791666666668,19.000000000029104,41.892,-69.962,75.96617822305036,-0.3780297088523196,75.58814851419804,75.11265801441711,-0.47549049978093244
2025-02-03 20:00:00,27427.833333333332,19.999999999970896,41.892,-69.962,89.16114757289739,-0.3660399859975501,88.79510758689985,88.81336095667722,0.01825336977737374
2025-02-03 21:00:00,27427.875,21.0,41.892,-69.962,78.69895707959199,-0.3538846551247715,78.34507242446722,78.9341101105609,0.5890376860936789
2025-02-03 22:00:00,27427.916666666668,22.000000000029104,41.892,-69.962,47.41770767903021,-0.341569551935776,47.07613812709443,48.17394216532024,1.0978040382258134
2025-02-03 23:00:00,27427.958333333332,22.999999999970896,41.892,-69.962,3.421830154636837,-0.3291005710305608,3.0927295836062765,4.508596177044906,1.4158665934386296
2025-02-04 00:00:00,27428.0,0.0,41.892,-69.962,-41.9763809684405,-0.31648366225717095,-42.29286463069767,-40.8363913783244,1.4564732523732735
2025-02-04 01:00:00,27428.041666666668,1.0000000000291038,41.892,-69.962,-77.1074551207765,-0.3037248271088281,-77.41117994788533,-76.21499365093777,1.1961862969475545
2025-02-04 02:00:00,27428.083333333332,1.9999999999708962,41.892,-69.962,-92.87227977890574,-0.2908301150595058,-93.16310989396524,-92.48218170838138,0.6809281855838677
2025-02-04 03:00:00,27428.125,3.0,41.892,-69.962,-85.01653239876397,-0.27780561988900004,-85.29433801865297,-85.27901229244657,0.015325726206396776
2025-02-04 04:00:00,27428.166666666668,4.000000000029104,41.892,-69.962,-55.18917499288077,-0.2646574760533206,-55.453832468934095,-56.115767597029574,-0.6619351280954795
2025-02-04 05:00:00,27428.208333333332,4.999999999970896,41.892,-69.962,-10.528064516657405,-0.25139185498640726,-10.779456371643812,-11.990117299279426,-1.2106609276356133
2025-02-04 06:00:00,27428.25,6.0,41.892,-69.962,38.11666357231636,-0.23801496144181974,37.87864861087454,36.35697171529322,-1.521676895581323
2025-02-04 07:00:00,27428.291666666668,7.000000000029104,41.892,-69.962,78.87323609812606,-0.2245330298339992,78.64870306829206,77.10720353986085,-1.5414995284312099
2025-02-04 08:00:00,27428.333333333332,7.999999999970896,41.892,-69.962,101.7807935378231,-0.21095232055918997,101.56984121726391,100.28650781086719,-1.2833334063967174
2025-02-04 09:00:00,27428.375,9.0,41.892,-69.962,101.2361583132139,-0.1972791163492916,101.03887919686461,100.21691474641727,-0.8219644504473416
2025-02-04 10:00:00,27428.416666666668,10.000000000029104,41.892,-69.962,77.3523704895935,-0.18351971863659983,77.1688507709569,76.89479034415128,-0.27406042680561227
2025-02-04 11:00:00,27428.458333333332,10.999999999970896,41.892,-69.962,35.90015852917338,-0.1696804439053677,35.73047808526801,35.96157124699443,0.23109316172642377
2025-02-04 12:00:00,27428.5,12.0,41.892,-69.962,-13.143462264223759,-0.15576762008560732,-13.299229884309366,-12.716082599150845,0.5831472851585209
2025-02-04 13:00:00,27428.541666666668,13.000000000029104,41.892,-69.962,-58.070912520864496,-0.1417875829652295,-58.212700103829725,-57.49588705217787,0.7168130516518557
2025-02-04 14:00:00,27428.583333333332,13.999999999970896,41.892,-69.962,-88.32505023565255,-0.12774667259685824,-88.45279690824941,-87.82652388518032,0.6262730230690893
2025-02-04 15:00:00,27428.625,15.0,41.892,-69.962,-97.07103666074094,-0.1136512297553389,-97.18468789049628,-96.82013997734012,0.36454791315615925
2025-02-04 16:00:00,27428.666666666668,16.000000000029104,41.892,-69.962,-82.82675050224518,-0.09950759242086052,-82.92625809466604,-82.89804772299674,0.02821037166930246
2025-02-04 17:00:00,27428.708333333332,16.999999999970896,41.892,-69.962,-49.75725547114995,-0.08532209226441419,-49.842577563414366,-50.11115654016514,-0.2685789767507768
2025-02-04 18:00:00,27428.75,18.0,41.892,-69.962,-6.572288947677629,-0.07110105119436474,-6.643389998871994,-7.067554695735427,-0.4241646968634332
2025-02-04 19:00:00,27428.791666666668,19.000000000029104,41.892,-69.962,35.688384585502675,-0.056850777917942484,35.63153380758473,35.25541249544082,-0.376121312143909
2025-02-04 20:00:00,27428.833333333332,19.999999999970896,41.892,-69.962,66.42422493018299,-0.04257756455761951,66.38164736562537,66.2636466451592,-0.118000720466175
2025-02-04 21:00:00,27428.875,21.0,41.892,-69.962,78.10754843977271,-0.028287683274910182,78.0792607564978,78.3772753729558,0.29801461645799004
2025-02-04 22:00:00,27428.916666666668,22.000000000029104,41.892,-69.962,68.1302836171428,-0.01398738296160511,68.11629623418119,68.88949030890238,0.7731940747211893
2025-02-04 23:00:00,27428.958333333332,22.999999999970896,41.892,-69.962,39.41223010108788,0.00031711402284290754,39.41254721511072,40.59865819272408,1.186110977613363
2025-02-05 00:00:00,27429.0,0.0,41.892,-69.962,-0.3710576738488681,0.014619615115428258,-0.35643805873343987,1.0659967239408803,1.4224347826743202
2025-02-05 01:00:00,27429.041666666668,1.0000000000291038,41.892,-69.962,-40.740129691342226,0.02891396069327045,-40.71121573064895,-39.30781479562708,1.403400935021873
2025-02-05 02:00:00,27429.083333333332,1.9999999999708962,41.892,-69.962,-71.05212799759435,0.043194027227292014,-71.00893397036707,-69.90290389559827,1.106030074768794
2025-02-05 03:00:00,27429.125,3.0,41.892,-69.962,-83.17162907192153,0.05745373038461485,-83.11417534153692,-82.54399915684691,0.5701761846900153
2025-02-05 04:00:00,27429.166666666668,4.000000000029104,41.892,-69.962,-73.51005824830453,0.0716870280238524,-73.43837122028069,-73.5477018979477,-0.10933067766701243
2025-02-05 05:00:00,27429.208333333332,4.999999999970896,41.892,-69.962,-43.93171482259976,0.085887923191446,-43.845826899408316,-44.6494194651446,-0.8035925657362789
2025-02-05 06:00:00,27429.25,6.0,41.892,-69.962,-1.3070402306255688,0.10005046706106052,-1.2069897635645084,-2.5856127101892614,-1.3786229466247528
2025-02-05 07:00:00,27429.291666666668,7.000000000029104,41.892,-69.962,44.17135872825007,0.11416876176145534,44.285527490011525,42.56002339277019,-1.7255040972413327
2025-02-05 08:00:00,27429.333333333332,7.999999999970896,41.892,-69.962,81.49008412545786,0.1282369631968216,81.61832108865468,79.83374063073421,-1.7845804579204692
2025-02-05 09:00:00,27429.375,9.0,41.892,-69.962,101.51478008677037,0.1422492838235952,101.65702937059396,100.09901917292797,-1.5580101976659892
2025-02-05 10:00:00,27429.416666666668,10.000000000029104,41.892,-69.962,99.22390599279873,0.15619999526684,99.38010598806558,98.27229297879994,-1.1078130092656424
2025-02-05 11:00:00,27429.458333333332,10.999999999970896,41.892,-69.962,74.93003414907152,0.17008343098383125,75.10011758005535,74.56008226168042,-0.5400353183749363
2025-02-05 12:00:00,27429.5,12.0,41.892,-69.962,34.193917119648546,0.1838939888353082,34.377811108483854,34.39884625673874,0.021035148254891726
2025-02-05 13:00:00,27429.541666666668,13.000000000029104,41.892,-69.962,-13.540932991241794,0.19762613350840455,-13.34330685773339,-12.880978246770963,0.4623286109624273
2025-02-05 14:00:00,27429.583333333332,13.999999999970896,41.892,-69.962,-57.25174839893204,0.2112743989965611,-57.04047399993548,-56.3324461790726,0.7080278208628795
2025-02-05 15:00:00,27429.625,15.0,41.892,-69.962,-87.0088014227798,0.22483339093712723,-86.78396803184268,-86.04799800527975,0.7359700265629301
2025-02-05 16:00:00,27429.666666666668,16.000000000029104,41.892,-69.962,-96.36044618539567,0.23829778887447753,-96.1221483965212,-95.54156021754537,0.5805881789758326
2025-02-05 17:00:00,27429.708333333332,16.999999999970896,41.892,-69.962,-83.8495863171206,0.25166234848805447,-83.59792396863254,-83.27607121095413,0.32185275767841515
2025-02-05 18:00:00,27429.75,18.0,41.892,-69.962,-53.29706072722983,0.26492190375191826,-53.03213882347791,-52.96905993724528,0.06307888623262789
2025-02-05 19:00:00,27429.791666666668,19.000000000029104,41.892,-69.962,-12.79223310538946,0.278071368971361,-12.5141617364181,-12.61100214024162,-0.09684040382352137
2025-02-05 20:00:00,27429.833333333332,19.999999999970896,41.892,-69.962,27.351467004243112,0.29110574079872154,27.642572745041832,27.552699136185005,-0.08987360885682634
2025-02-05 21:00:00,27429.875,21.0,41.892,-69.962,57.16609852637547,0.3040201001754397,57.470118626550914,57.57271982919608,0.10260120264516764
2025-02-05 22:00:00,27429.916666666668,22.000000000029104,41.892,-69.962,69.48839033197173,0.3168096141509875,69.80519994612271,70.24897201407273,0.44377206795002844
2025-02-05 23:00:00,27429.958333333332,22.999999999970896,41.892,-69.962,61.704260334553965,0.3294695376778708,62.03372987223184,62.883194954673726,0.8494650824418866
2025-02-06 00:00:00,27430.0,0.0,41.892,-69.962,36.35368501273589,0.341995215331719,36.69568022806761,37.90411631254529,1.2084360844776816
2025-02-06 01:00:00,27430.041666666668,1.0000000000291038,41.892,-69.962,0.4535512308202083,0.3543820829084544,0.8079333137286627,2.217933921698034,1.4100006079693712
2025-02-06 02:00:00,27430.083333333332,1.9999999999708962,41.892,-69.962,-36.28779958992569,0.36662566899500326,-35.921173920930684,-34.548885906334526,1.3722880145961576
2025-02-06 03:00:00,27430.125,3.0,41.892,-69.962,-63.91875479656106,0.37872159646214276,-63.54003320009892,-62.47584028506285,1.0641929150360678
2025-02-06 04:00:00,27430.166666666668,4.000000000029104,41.892,-69.962,-74.74852907545653,0.39066558385054995,-74.35786349160598,-73.8423009629842,0.5155625286217849
2025-02-06 05:00:00,27430.208333333332,4.999999999970896,41.892,-69.962,-65.28877527241362,0.40245344669061817,-64.886321825723,-65.0733651885791,-0.18704336285610274
2025-02-06 06:00:00,27430.25,6.0,41.892,-69.962,-37.15453598328514,0.4140810987953015,-36.74045488448984,-37.658676297603435,-0.9182214131135948
2025-02-06 07:00:00,27430.291666666668,7.000000000029104,41.892,-69.962,3.296572264385954,0.4255445534065606,3.7221168177925144,2.180986189920894,-1.5411306278716204
2025-02-06 08:00:00,27430.333333333332,7.999999999970896,41.892,-69.962,46.49758382325522,0.43683992430618435,46.934423747561404,44.996410074170996,-1.938013673390405
2025-02-06 09:00:00,27430.375,9.0,41.892,-69.962,82.00082065787576,0.44796342685849394,82.44878408473426,80.412169577551,-2.0366145071832618
2025-02-06 10:00:00,27430.416666666668,10.000000000029104,41.892,-69.962,101.03048003211072,0.45891137895981504,101.48939141107053,99.66318204790754,-1.826209363162984
2025-02-06 11:00:00,27430.458333333332,10.999999999970896,41.892,-69.962,98.63371941236541,0.46968020191479176,99.1033996142802,97.74397712707946,-1.359422487200745
2025-02-06 12:00:00,27430.5,12.0,41.892,-69.962,74.9040442931943,0.48026642126001223,75.38431071445432,74.64492334864302,-0.7393873658112983
2025-02-06 13:00:00,27430.541666666668,13.000000000029104,41.892,-69.962,34.97858844433806,0.4906666674945063,35.46925511183257,35.37392954705668,-0.09532556477588405
2025-02-06 14:00:00,27430.583333333332,13.999999999970896,41.892,-69.962,-12.188880544812708,0.5008776767362714,-11.688002868076437,-11.240403628347394,0.44759923972904164
2025-02-06 15:00:00,27430.625,15.0,41.892,-69.962,-55.97829960925716,0.5108962913400084,-55.467403317917146,-54.67049023499714,0.7969130829200078
2025-02-06 16:00:00,27430.666666666668,16.000000000029104,41.892,-69.962,-86.65122519415978,0.5207194603923421,-86.13050573376744,-85.21742961430473,0.9130761194627001
2025-02-06 17:00:00,27430.708333333332,16.999999999970896,41.892,-69.962,-97.67475693736723,0.5303442401781314,-97.1444126971891,-96.32791171935715,0.816500977831946
2025-02-06 18:00:00,27430.75,18.0,41.892,-69.962,-87.25624510376187,0.5397677945765615,-86.71647730918531,-86.1367512324533,0.5797260767320009
2025-02-06 19:00:00,27430.791666666668,19.000000000029104,41.892,-69.962,-58.71792204272378,0.5489873953526309,-58.168934647371145,-57.86218093413815,0.30675371323299
2025-02-06 20:00:00,27430.833333333332,19.999999999970896,41.892,-69.962,-19.625169005246434,0.5580004224182976,-19.067168582828135,-18.962449951578837,0.10471863124929723
2025-02-06 21:00:00,27430.875,21.0,41.892,-69.962,20.1128577371649,0.566804364025669,20.67966210119057,20.734623293886642,0.054961192696072914
2025-02-06 22:00:00,27430.916666666668,22.000000000029104,41.892,-69.962,50.70069687801321,0.575396816859432,51.27609369487264,51.46685656033924,0.19076286546659804
2025-02-06 23:00:00,27430.958333333332,22.999999999970896,41.892,-69.962,64.8672406249184,0.5837754861100883,65.45101611102848,65.93841612673363,0.48740001570514413
2025-02-07 00:00:00,27431.0,0.0,41.892,-69.962,59.63772044974252,0.5919381854556945,60.22965863519821,61.09681930966306,0.8671606744648456
2025-02-07 01:00:00,27431.041666666668,1.0000000000291038,41.892,-69.962,37.033233143145566,0.5998828369844291,37.63311598012999,38.85138914079019,1.218273160660195
2025-02-07 02:00:00,27431.083333333332,1.9999999999708962,41.892,-69.962,3.528269690020872,0.6076074710716898,4.135877161092561,5.5590935772951635,1.4232164162026018
2025-02-07 03:00:00,27431.125,3.0,41.892,-69.962,-31.597673278123015,0.615110226181358,-30.982563051941657,-29.593084632699465,1.38947841924219
2025-02-07 04:00:00,27431.166666666668,4.000000000029104,41.892,-69.962,-58.60624296112964,0.6223893486102491,-57.98385361251939,-56.90874727886022,1.0751063336591733
2025-02-07 05:00:00,27431.208333333332,4.999999999970896,41.892,-69.962,-69.7641410760376,0.6294431921892019,-69.1346978838484,-68.63214783184266,0.50255005200574
2025-02-07 06:00:00,27431.25,6.0,41.892,-69.962,-61.31535224860944,0.636270217913811,-60.67908203069563,-60.92200241627138,-0.24292038557575146
2025-02-07 07:00:00,27431.291666666668,7.000000000029104,41.892,-69.962,-34.472515749939475,0.6428689935221882,-33.82964675641729,-34.85985218026324,-1.0302054238459488
2025-02-07 08:00:00,27431.333333333332,7.999999999970896,41.892,-69.962,4.8211054352477705,0.6492381930319008,5.470343628279672,3.759376388858702,-1.7109672394209694
2025-02-07 09:00:00,27431.375,9.0,41.892,-69.962,47.30549152303231,0.6553765962110969,47.96086811924341,45.807762920173126,-2.153105199070282
2025-02-07 10:00:00,27431.416666666668,10.000000000029104,41.892,-69.962,82.65042833232084,0.6612830880081926,83.31171142032903,81.04061265880945,-2.2710987615195872
2025-02-07 11:00:00,27431.458333333332,10.999999999970896,41.892,-69.962,101.98566291815582,0.6669566579236001,102.65261957607943,100.6067683317225,-2.0458512443569226
2025-02-07 12:00:00,27431.5,12.0,41.892,-69.962,100.09391473651677,0.6723963993542552,100.76631113587102,99.2371765899105,-1.5291345459605183
2025-02-07 13:00:00,27431.541666666668,13.000000000029104,41.892,-69.962,76.72658832274985,0.6776015088624607,77.40418983161231,76.57275555239212,-0.8314342792201945
2025-02-07 14:00:00,27431.583333333332,13.999999999970896,41.892,-69.962,36.71544907657255,0.6825712854247445,37.39802036199729,37.301989265046366,-0.09603109695092402
2025-02-07 15:00:00,27431.625,15.0,41.892,-69.962,-11.15223916914312,0.6873051296356578,-10.464934039507463,-9.930470487547428,0.5344635519600358
2025-02-07 16:00:00,27431.666666666668,16.000000000029104,41.892,-69.962,-56.224533633123066,0.6918025428516397,-55.532731090271426,-54.58171843595952,0.9510126543119031
2025-02-07 17:00:00,27431.708333333332,16.999999999970896,41.892,-69.962,-88.53343513034376,0.6960631263152639,-87.8373720040285,-86.73488378493711,1.102488219091381
2025-02-07 18:00:00,27431.75,18.0,41.892,-69.962,-101.179605064826,0.7000865802387342,-100.47951848458727,-99.47402326617068,1.0054952184165957
2025-02-07 19:00:00,27431.791666666668,19.000000000029104,41.892,-69.962,-91.9701889077928,0.7038727028351577,-91.26631620495765,-90.52901200121124,0.737304203746404
2025-02-07 20:00:00,27431.833333333332,19.999999999970896,41.892,-69.962,-63.908720030091224,0.7074213893316699,-63.20129864075955,-62.787606088614375,0.41369255214517514
2025-02-07 21:00:00,27431.875,21.0,41.892,-69.962,-24.417035081559227,0.7107326309468118,-23.706302450612416,-23.549037988727065,0.15726446188534982
2025-02-07 22:00:00,27431.916666666668,22.000000000029104,41.892,-69.962,16.51964426023597,0.7138065138227715,17.233450774058742,17.297687346154856,0.06423657209611507
2025-02-07 23:00:00,27431.958333333332,22.999999999970896,41.892,-69.962,48.82824640509701,0.7166432179406087,49.54488962303762,49.72301090063465,0.17812127759702648
2025-02-08 00:00:00,27432.0,0.0,41.892,-69.962,64.83426151667145,0.7192430160081432,65.5535045326796,66.03058320476237,0.47707867208276206
2025-02-08 01:00:00,27432.041666666668,1.0000000000291038,41.892,-69.962,61.145506095030484,0.7216062723008698,61.86711236733135,62.74544201611521,0.8783296487838618
2025-02-08 02:00:00,27432.083333333332,1.9999999999708962,41.892,-69.962,39.46717824813372,0.7237334414998763,40.190911689633595,41.449661988360525,1.2587502987269337
2025-02-08 03:00:00,27432.125,3.0,41.892,-69.962,6.145108176857532,0.725625067496444,6.870733244353976,8.357392712613896,1.4866594682599197
2025-02-08 04:00:00,27432.166666666668,4.000000000029104,41.892,-69.962,-29.45178953667538,0.7272817821651628,-28.724507754510217,-27.26760877374996,1.4568989807602577
2025-02-08 05:00:00,27432.208333333332,4.999999999970896,41.892,-69.962,-57.31090956512485,0.7287043041275538,-56.5822052609973,-55.461868613994326,1.1203366470029748
2025-02-08 06:00:00,27432.25,6.0,41.892,-69.962,-69.32768766267648,0.729893437492134,-68.59779422518434,-68.09762727969303,0.5001669454913128
2025-02-08 07:00:00,27432.291666666668,7.000000000029104,41.892,-69.962,-61.39457387179292,0.7308500705704817,-60.66372380122244,-60.973160268694265,-0.309436467471823
2025-02-08 08:00:00,27432.333333333332,7.999999999970896,41.892,-69.962,-34.50357176900073,0.7315751745821868,-33.77199659441854,-34.93441347363991,-1.1624168792213685
2025-02-08 09:00:00,27432.375,9.0,41.892,-69.962,5.419573436172846,0.7320698023419957,6.151643238514842,4.258303170009563,-1.893340068505279
2025-02-08 10:00:00,27432.416666666668,10.000000000029104,41.892,-69.962,48.91840548481672,0.7323350869298905,49.65074057174661,47.29519353803396,-2.3555470337126474
2025-02-08 11:00:00,27432.458333333332,10.999999999970896,41.892,-69.962,85.30756880850018,0.7323722403509888,86.03994104885116,83.58428384196353,-2.4556572068876346
2025-02-08 12:00:00,27432.5,12.0,41.892,-69.962,105.30950949024573,0.7321825521820546,106.04169204242778,103.86580162169264,-2.1758904207351364
2025-02-08 13:00:00,27432.541666666668,13.000000000029104,41.892,-69.962,103.37492227342605,0.7317673882072501,104.1066896616333,102.52810940457982,-1.5785802570534744
2025-02-08 14:00:00,27432.583333333332,13.999999999970896,41.892,-69.962,79.10927736489708,0.7311281890447022,79.84040555394178,79.0488090976823,-0.79159645625949
2025-02-08 15:00:00,27432.625,15.0,41.892,-69.962,37.44485293965973,0.7302664687638343,38.17511940842357,38.197009027633776,0.02188961921020843
2025-02-08 16:00:00,27432.666666666668,16.000000000029104,41.892,-69.962,-12.494390500951146,0.729183813497746,-11.7652066874534,-11.063255247382106,0.7019514400712944
2025-02-08 17:00:00,27432.708333333332,16.999999999970896,41.892,-69.962,-59.5646938840503,0.7278818800478154,-58.83681200400248,-57.70750773429974,1.1293042697027407
2025-02-08 18:00:00,27432.75,18.0,41.892,-69.962,-93.28247865480846,0.7263623944824359,-92.55611626032602,-91.30379587352621,1.2523203867998052
2025-02-08 19:00:00,27432.791666666668,19.000000000029104,41.892,-69.962,-106.35475764931414,0.7246271507354022,-105.63013049857874,-104.533157348657,1.0969731499217374
2025-02-08 20:00:00,27432.833333333332,19.999999999970896,41.892,-69.962,-96.43544393638297,0.7226780091997806,-95.71276592718318,-94.95550320960706,0.7572627175761303
2025-02-08 21:00:00,27432.875,21.0,41.892,-69.962,-66.67116865334435,0.7205168953180603,-65.9506517580263,-65.58208313306099,0.3685686249653062
2025-02-08 22:00:00,27432.916666666668,22.000000000029104,41.892,-69.962,-24.897740219138974,0.7181457981745613,-24.179594420964413,-24.108902773769895,0.07069164719451732
2025-02-08 23:00:00,27432.958333333332,22.999999999970896,41.892,-69.962,18.31785156193201,0.7155667690887355,19.033418331020744,19.00341326481825,-0.030005066202496343
2025-02-09 00:00:00,27433.0,0.0,41.892,-69.962,52.30762614656986,0.7127819202045335,53.020408066774394,53.1307544887713,0.11034642199690772
2025-02-09 01:00:00,27433.041666666668,1.0000000000291038,41.892,-69.962,68.95352788213164,0.7097934230867929,69.66332130521843,70.12372339489653,0.4604020896780985
2025-02-09 02:00:00,27433.083333333332,1.9999999999708962,41.892,-69.962,64.69941617474183,0.706603507320653,65.40601968206248,66.32669260837578,0.9206729263132998
2025-02-09 03:00:00,27433.125,3.0,41.892,-69.962,41.42046209363744,0.7032144591087739,42.12367655274621,43.472479642514884,1.3488030897686725
2025-02-09 04:00:00,27433.166666666668,4.000000000029104,41.892,-69.962,5.928718571859056,0.6996286198786896,6.6283471917377454,8.225159789907487,1.5968125981697403
2025-02-09 05:00:00,27433.208333333332,4.999999999970896,41.892,-69.962,-31.766973496950072,0.695848384896606,-31.071125112053466,-29.520211347239776,1.5509137648136877
2025-02-09 06:00:00,27433.25,6.0,41.892,-69.962,-61.016446958388734,0.6918762018746877,-60.32457075651405,-59.160858768800196,1.16371198771385
2025-02-09 07:00:00,27433.291666666668,7.000000000029104,41.892,-69.962,-73.26194577309688,0.6877145696042695,-72.57423120349262,-72.103851401931,0.47037980156162
2025-02-09 08:00:00,27433.333333333332,7.999999999970896,41.892,-69.962,-64.26399971179826,0.6833660365808311,-63.580633675217435,-63.996303999799075,-0.41567032458164166
2025-02-09 09:00:00,27433.375,9.0,41.892,-69.962,-35.25545670522084,0.6788331996350178,-34.57662350558582,-35.9035880472964,-1.3269645417105835
2025-02-09 10:00:00,27433.416666666668,10.000000000029104,41.892,-69.962,7.276130838456531,0.6741187025890821,7.950249541045613,5.869931134494356,-2.0803184065512568
2025-02-09 11:00:00,27433.458333333332,10.999999999970896,41.892,-69.962,53.13627993938246,0.6692252349049068,53.80550517428737,51.28548415492837,-2.520021019358996
2025-02-09 12:00:00,27433.5,12.0,41.892,-69.962,90.92633391378833,0.6641555303399765,91.59048944412831,89.03532367295769,-2.555165771170623
2025-02-09 13:00:00,27433.541666666668,13.000000000029104,41.892,-69.962,110.88345047597753,0.6589123656328112,111.54236284161034,109.36058999861142,-2.181772842998929
2025-02-09 14:00:00,27433.583333333332,13.999999999970896,41.892,-69.962,107.35004728119019,0.6534985591730125,108.0035458403632,106.51949218727395,-1.4840536530892505
2025-02-09 15:00:00,27433.625,15.0,41.892,-69.962,80.25125646519992,0.6479169696963953,80.89917343489631,80.28483868848834,-0.6143347464079819
2025-02-09 16:00:00,27433.666666666668,16.000000000029104,41.892,-69.962,35.20148523362522,0.6421704949908558,35.84365572861608,36.08715857593274,0.24350284731666075
2025-02-09 17:00:00,27433.708333333332,16.999999999970896,41.892,-69.962,-17.799450607677816,0.6362620706014473,-17.16318853707637,-16.245137705564417,0.9180508315119501
2025-02-09 18:00:00,27433.75,18.0,41.892,-69.962,-66.7680973549143,0.6301946685566242,-66.13790268635768,-64.84697513729742,1.2909275490602543
2025-02-09 19:00:00,27433.791666666668,19.000000000029104,41.892,-69.962,-100.64779915922365,0.6239712961066507,-100.023827863117,-98.70008492645432,1.3237429366626767
2025-02-09 20:00:00,27433.833333333332,19.999999999970896,41.892,-69.962,-112.0070784038314,0.6175949944606092,-111.3894834093708,-110.32473928648709,1.0647441228837058
2025-02-09 21:00:00,27433.875,21.0,41.892,-69.962,-98.85308613907686,0.6110688375463903,-98.24201730153048,-97.60849630221757,0.6335209993129075
2025-02-09 22:00:00,27433.916666666668,22.000000000029104,41.892,-69.962,-65.10385278980684,0.6043959307827175,-64.49945685902412,-64.31175330660658,0.18770355241754855
2025-02-09 23:00:00,27433.958333333332,22.999999999970896,41.892,-69.962,-19.595469281908056,0.5975794098510367,-18.99788987205702,-19.11771767414511,-0.11982780208809093
2025-02-10 00:00:00,27434.0,0.0,41.892,-69.962,26.133913976973457,0.5906224394839699,26.724536416457426,26.542291644277554,-0.18224477217987264
2025-02-10 01:00:00,27434.041666666668,1.0000000000291038,41.892,-69.962,60.733744630730335,0.5835282122785042,61.31727284300884,61.34933577984448,0.032062936835641896
2025-02-10 02:00:00,27434.083333333332,1.9999999999708962,41.892,-69.962,75.88296545497937,0.5762999475018621,76.45926540248124,76.92933138904006,0.47006598655881665
2025-02-10 03:00:00,27434.125,3.0,41.892,-69.962,68.37075570780407,0.5689408899062026,68.93969659771027,69.94671471217947,1.0070181144691972
2025-02-10 04:00:00,27434.166666666668,4.000000000029104,41.892,-69.962,40.889981019134716,0.5614543085818953,41.45143532771661,42.9300448384668,1.4786095107501867
2025-02-10 05:00:00,27434.208333333332,4.999999999970896,41.892,-69.962,1.3379880766674246,0.5538434957952796,1.8918315724627042,3.6160989533413863,1.724267380878682
2025-02-10 06:00:00,27434.25,6.0,41.892,-69.962,-39.2059940585828,0.5461117658355129,-38.65988229274729,-37.0293139917938,1.630568300953492
2025-02-10 07:00:00,27434.291666666668,7.000000000029104,41.892,-69.962,-69.32294668675651,0.5382624539017085,-68.7846842328548,-67.62111988426328,1.1635643485915235
2025-02-10 08:00:00,27434.333333333332,7.999999999970896,41.892,-69.962,-80.20163081256338,0.5302989149721087,-79.67133189759127,-79.28981249607644,0.3815194015148383
2025-02-10 09:00:00,27434.375,9.0,41.892,-69.962,-67.94588247111601,0.522224522682346,-67.42365794843366,-67.99921408111756,-0.5755561326839005
2025-02-10 10:00:00,27434.416666666668,10.000000000029104,41.892,-69.962,-34.651914007883654,0.5140426682442579,-34.137871339639396,-35.65519130220399,-1.5173199625645948
2025-02-10 11:00:00,27434.458333333332,10.999999999970896,41.892,-69.962,12.028147692542623,0.5057567593451081,12.53390445188773,10.286046639722612,-2.2478578121651185
2025-02-10 12:00:00,27434.5,12.0,41.892,-69.962,60.7403106758276,0.4973702190548234,61.23768089488242,58.624969511484075,-2.6127113833983495
2025-02-10 13:00:00,27434.541666666668,13.000000000029104,41.892,-69.962,99.24543617394238,0.4888864847746561,99.73432265871703,97.19791930526972,-2.5364033534473167
2025-02-10 14:00:00,27434.583333333332,13.999999999970896,41.892,-69.962,117.49678817577873,0.4803090071656411,117.97709718294438,115.93612292331638,-2.0409742596279994
2025-02-10 15:00:00,27434.625,15.0,41.892,-69.962,110.20464790405303,0.4716412490755486,110.67628915312858,109.43553376317456,-1.240755389954023
2025-02-10 16:00:00,27434.666666666668,16.000000000029104,41.892,-69.962,78.23683246878893,0.46288668452383486,78.69971915331277,78.3851623101426,-0.3145568431701692
2025-02-10 17:00:00,27434.708333333332,16.999999999970896,41.892,-69.962,28.491730998227585,0.45404879765468437,28.94577979588227,29.483632837152477,0.5378530412702074
2025-02-10 18:00:00,27434.75,18.0,41.892,-69.962,-27.7378566460751,0.4451310816792561,-27.292725564395845,-26.14861456978074,1.1441109946151027
2025-02-10 19:00:00,27434.791666666668,19.000000000029104,41.892,-69.962,-77.51175447279475,0.43613703789391256,-77.07561743490083,-75.67527565532569,1.4003417795751487
2025-02-10 20:00:00,27434.833333333332,19.999999999970896,41.892,-69.962,-109.41946029505759,0.42707017464434816,-108.99239012041325,-107.69774059932114,1.2946495210921136
2025-02-10 21:00:00,27434.875,21.0,41.892,-69.962,-116.39333541733129,0.4179340063076779,-115.97540141102361,-115.0682572611831,0.9071441498404983
2025-02-10 22:00:00,27434.916666666668,22.000000000029104,41.892,-69.962,-97.45033081822365,0.4087320523130242,-97.04159876591062,-96.65501955690246,0.38657920900816
2025-02-10 23:00:00,27434.958333333332,22.999999999970896,41.892,-69.962,-57.91989110996678,0.3994678361343042,-57.52042327383247,-57.610791973095296,-0.09036869926282182
2025-02-11 00:00:00,27435.0,0.0,41.892,-69.962,-8.094226317771446,0.3901448842885509,-7.704081433482894,-8.070788896588393,-0.3667074631054984
2025-02-11 01:00:00,27435.041666666668,1.0000000000291038,41.892,-69.962,39.3657804803256,0.38076672537467393,39.746547205700274,39.399181882705015,-0.34736532299526063
2025-02-11 02:00:00,27435.083333333332,1.9999999999708962,41.892,-69.962,72.62030368729573,0.3713368890824781,72.9916405763782,72.96650716239867,-0.025133413979532174
2025-02-11 03:00:00,27435.125,3.0,41.892,-69.962,83.63362473083772,0.3618589052060844,83.99548363604382,84.51195295134963,0.5164693153058163
2025-02-11 04:00:00,27435.166666666668,4.000000000029104,41.892,-69.962,70.19635035174079,0.3523363026978418,70.54868665443863,71.67298325940145,1.1242966049628165
2025-02-11 05:00:00,27435.208333333332,4.999999999970896,41.892,-69.962,36.47173833578931,0.3427726086904939,36.81451094447981,38.429880647913464,1.6153697034336574
2025-02-11 06:00:00,27435.25,6.0,41.892,-69.962,-8.078134321833224,0.3331713475232573,-7.744962974309966,-5.919715859222355,1.8252471150876115
2025-02-11 07:00:00,27435.291666666668,7.000000000029104,41.892,-69.962,-51.12107436154419,0.3235360398098248,-50.797538321734365,-49.144978217633664,1.6525601041007032
2025-02-11 08:00:00,27435.333333333332,7.999999999970896,41.892,-69.962,-80.6281596295102,0.3138702014609819,-80.31428942804921,-79.22611399407728,1.0881754339719276
2025-02-11 09:00:00,27435.375,9.0,41.892,-69.962,-87.98912884254754,0.3041773427428261,-87.68495149980471,-87.46367539414852,0.22127610565619407
2025-02-11 10:00:00,27435.416666666668,10.000000000029104,41.892,-69.962,-70.27676482441075,0.2944609673237511,-69.98230385708699,-70.7618239789106,-0.7795201218236019
2025-02-11 11:00:00,27435.458333333332,10.999999999970896,41.892,-69.962,-31.078000811626925,0.2847245713361598,-30.793276240290766,-32.49880771624899,-1.7055314759582236
2025-02-11 12:00:00,27435.5,12.0,41.892,-69.962,20.33076767430392,0.27497164241958694,20.605739316723508,18.247598997099743,-2.358140319623763
2025-02-11 13:00:00,27435.541666666668,13.000000000029104,41.892,-69.962,71.26808304415282,0.2652056587851785,71.533288702938,68.93615785455731,-2.5971308483806888
2025-02-11 14:00:00,27435.583333333332,13.999999999970896,41.892,-69.962,108.82370585598355,0.2554300882815764,109.07913594426512,106.70408765887113,-2.3750482853939823
2025-02-11 15:00:00,27435.625,15.0,41.892,-69.962,123.12858408152033,0.2456483874440472,123.37423246896438,121.62537882509886,-1.748853643865518
2025-02-11 16:00:00,27435.666666666668,16.000000000029104,41.892,-69.962,109.89069091272282,0.23586400056409026,110.12655491328691,109.26070780494489,-0.865847108342019
2025-02-11 17:00:00,27435.708333333332,16.999999999970896,41.892,-69.962,71.54885935052287,0.22608035876036703,71.77493970928325,71.84761135175944,0.07267164247619805
2025-02-11 18:00:00,27435.75,18.0,41.892,-69.962,16.742042580012402,0.216300879031987,16.95834345904439,17.8192404934043,0.8608970343599118
2025-02-11 19:00:00,27435.791666666668,19.000000000029104,41.892,-69.962,-41.78435893131138,0.20652896333244047,-41.57782996797894,-40.23911991123904,1.3387100567399062
2025-02-11 20:00:00,27435.833333333332,19.999999999970896,41.892,-69.962,-90.31734894663263,0.19676799764617223,-90.12058094898646,-88.69065614845645,1.4299248005299965
2025-02-11 21:00:00,27435.875,21.0,41.892,-69.962,-117.57516253569835,0.1870213510353943,-117.38814118466296,-116.22917078330237,1.1589704013605897
2025-02-11 22:00:00,27435.916666666668,22.000000000029104,41.892,-69.962,-117.5106522991327,0.17729237473804751,-117.33335992439466,-116.69148904150708,0.6418708828875683
2025-02-11 23:00:00,27435.958333333332,22.999999999970896,41.892,-69.962,-90.80980987317976,0.16758440122695087,-90.64222547195281,-90.58829413702686,0.05393133492594321
2025-02-12 00:00:00,27436.0,0.0,41.892,-69.962,-44.70244542648648,0.15790074327058928,-44.54454468321589,-44.96206230336683,-0.417517620150939
2025-02-12 01:00:00,27436.041666666668,1.0000000000291038,41.892,-69.962,8.872790372117016,0.14824469303211418,9.02103506514913,8.397891817079309,-0.6231432480698219
2025-02-12 02:00:00,27436.083333333332,1.9999999999708962,41.892,-69.962,56.29023813373519,0.13861952113250428,56.42885765486769,55.937347221207155,-0.4915104336605336
2025-02-12 03:00:00,27436.125,3.0,41.892,-69.962,85.68473653323592,0.12902847571492843,85.81376500895085,85.76521988100201,-0.048545127948847286
2025-02-12 04:00:00,27436.166666666668,4.000000000029104,41.892,-69.962,89.95279552397929,0.11947478154989526,90.07227030552919,90.66079504513247,0.5885247396032804
2025-02-12 05:00:00,27436.208333333332,4.999999999970896,41.892,-69.962,68.54525024548451,0.10996163909272613,68.65521188457724,69.89650369799142,1.2412918134141826
2025-02-12 06:00:00,27436.25,6.0,41.892,-69.962,27.592933240208716,0.1004922235733689,27.693425463782084,29.41012759741904,1.7167021336369588
2025-02-12 07:00:00,27436.291666666668,7.000000000029104,41.892,-69.962,-21.671604065547697,0.09106968408637947,-21.58053438146132,-19.722446169879998,1.8580882115813233
2025-02-12 08:00:00,27436.333333333332,7.999999999970896,41.892,-69.962,-65.80046873197607,0.08169714266690344,-65.71877158930917,-64.13120258636677,1.5875690029424057
2025-02-12 09:00:00,27436.375,9.0,41.892,-69.962,-92.59477847346089,0.07237769337523833,-92.52240078008565,-91.59358294464545,0.9288178354401923
2025-02-12 10:00:00,27436.416666666668,10.000000000029104,41.892,-69.962,-94.2665497712437,0.06311440141372518,-94.20343536982998,-94.19927700571321,0.0041583641167571
2025-02-12 11:00:00,27436.458333333332,10.999999999970896,41.892,-69.962,-69.49043072516365,0.053910302191675225,-69.43652042297197,-70.43004525322982,-0.9935248302578533
2025-02-12 12:00:00,27436.5,12.0,41.892,-69.962,-23.816015831391244,0.044768400429129156,-23.771247430962116,-25.61838970939192,-1.847142278429802
2025-02-12 13:00:00,27436.541666666668,13.000000000029104,41.892,-69.962,31.67415539034066,0.03569166928150736,31.709847059622167,29.341437896860747,-2.368409162761419
2025-02-12 14:00:00,27436.583333333332,13.999999999970896,41.892,-69.962,83.13015894982368,0.026683049416202226,83.15684199923989,80.7126990048977,-2.4441429943421844
2025-02-12 15:00:00,27436.625,15.0,41.892,-69.962,117.42922423272626,0.017745448130674735,117.44696968085692,115.38283906146198,-2.06413061939494
2025-02-12 16:00:00,27436.666666666668,16.000000000029104,41.892,-69.962,125.51554794525997,0.008881738480619454,125.52442968374059,124.20094859240974,-1.3234810913308548
2025-02-12 17:00:00,27436.708333333332,16.999999999970896,41.892,-69.962,104.7361847790754,9.475839099493664e-05,104.7362795374664,104.33744857862827,-0.39883095883813907
2025-02-12 18:00:00,27436.75,18.0,41.892,-69.962,59.57424135190477,-0.008612690228632293,59.565628661676136,60.061235597009954,0.49560693533381883
2025-02-12 19:00:00,27436.791666666668,19.000000000029104,41.892,-69.962,0.5843266626719288,-0.01723784232944925,0.5670888203424795,1.7281380290893522,1.1610492087468727
2025-02-12 20:00:00,27436.833333333332,19.999999999970896,41.892,-69.962,-58.209643202682486,-0.0257779705948126,-58.235421173277295,-56.77261282353126,1.4628083497460311
2025-02-12 21:00:00,27436.875,21.0,41.892,-69.962,-102.80304067821932,-0.03423038630415711,-102.83727106452348,-101.47493026665374,1.362340797869741
2025-02-12 22:00:00,27436.916666666668,22.000000000029104,41.892,-69.962,-122.70678231153785,-0.042592440156683155,-122.74937475169453,-121.82473592816262,0.9246388235319143
2025-02-12 23:00:00,27436.958333333332,22.999999999970896,41.892,-69.962,-113.56714550138527,-0.05086152311865366,-113.61800702450392,-113.31879040092498,0.2992166235789359
2025-02-13 00:00:00,27437.0,0.0,41.892,-69.962,-78.24408509885612,-0.05903506726164175,-78.30312016611776,-78.62344658831493,-0.32032642219716384
2025-02-13 01:00:00,27437.041666666668,1.0000000000291038,41.892,-69.962,-26.071646297850112,-0.06711054655947517,-26.13875684440959,-26.886480487057423,-0.7477236426478332
2025-02-13 02:00:00,27437.083333333332,1.9999999999708962,41.892,-69.962,29.51576529346564,-0.07508547770636455,29.440679815759278,28.58747204316488,-0.8532077725943994
2025-02-13 03:00:00,27437.125,3.0,41.892,-69.962,74.39249295556372,-0.08295742092208186,74.30953553464164,73.71175000610617,-0.5977855285354718
2025-02-13 04:00:00,27437.166666666668,4.000000000029104,41.892,-69.962,97.32313244564709,-0.09072398072498371,97.2324084649221,97.18860536546927,-0.04380309945283702
2025-02-13 05:00:00,27437.208333333332,4.999999999970896,41.892,-69.962,92.80766347300829,-0.0983828066975205,92.70928066631078,93.37021418075537,0.6609335144445867
2025-02-13 06:00:00,27437.25,6.0,41.892,-69.962,62.466448632595444,-0.10593159427843118,62.36051703831701,63.68195170608318,1.3214346677661724
2025-02-13 07:00:00,27437.291666666668,7.000000000029104,41.892,-69.962,14.610826308864596,-0.11336808547368615,14.49745822339091,16.243854932757753,1.7463967093668424
2025-02-13 08:00:00,27437.333333333332,7.999999999970896,41.892,-69.962,-37.89439134567316,-0.1206900695990575,-38.01508141527221,-36.216471298911884,1.798610116360333
2025-02-13 09:00:00,27437.375,9.0,41.892,-69.962,-80.93538202122944,-0.1278953840205236,-81.06327740524996,-79.63134211729474,1.4319352879552252
2025-02-13 10:00:00,27437.416666666668,10.000000000029104,41.892,-69.962,-102.78122306828867,-0.1349819148219422,-102.9162049831106,-102.21092785830645,0.705277124804156
2025-02-13 11:00:00,27437.458333333332,10.999999999970896,41.892,-69.962,-97.11809970164687,-0.14194759750799532,-97.26004729915486,-97.49020402993914,-0.23015673078426815
2025-02-13 12:00:00,27437.5,12.0,41.892,-69.962,-64.71019225195415,-0.1487904176795008,-64.85898266963366,-66.02619918528057,-1.1672165156469105
2025-02-13 13:00:00,27437.541666666668,13.000000000029104,41.892,-69.962,-13.258953524005117,-0.15550841166671617,-13.414461935671833,-15.30812152185258,-1.8936595861807481
2025-02-13 14:00:00,27437.583333333332,13.999999999970896,41.892,-69.962,44.51018211575195,-0.16209966717077237,44.34808244858118,42.103436955627956,-2.244645492953228
2025-02-13 15:00:00,27437.625,15.0,41.892,-69.962,94.05333231920439,-0.1685623238850181,93.88476999531937,91.74117961643358,-2.1435903788857904
2025-02-13 16:00:00,27437.666666666668,16.000000000029104,41.892,-69.962,122.69521598905618,-0.17489457407179068,122.5203214149844,120.89928762205784,-1.6210337929265497
2025-02-13 17:00:00,27437.708333333332,16.999999999970896,41.892,-69.962,122.86186511833309,-0.18109466314411587,122.68077045518896,121.87402530037596,-0.8067451548130042
2025-02-13 18:00:00,27437.75,18.0,41.892,-69.962,94.03568208323699,-0.1871608902248681,93.84852119301212,93.95143617156427,0.10291497855215229
2025-02-13 19:00:00,27437.791666666668,19.000000000029104,41.892,-69.962,42.931722326638415,-0.19309160865977615,42.73863071797864,43.63272259589167,0.8940918779130325
2025-02-13 20:00:00,27437.833333333332,19.999999999970896,41.892,-69.962,-18.1554746077646,-0.1988852265391459,-18.354359834303747,-16.965813379348237,1.3885464549555089
2025-02-13 21:00:00,27437.875,21.0,41.892,-69.962,-74.42073431713433,-0.20454020717674,-74.62527452431107,-73.13792980571746,1.4873447185936077
2025-02-13 22:00:00,27437.916666666668,22.000000000029104,41.892,-69.962,-112.25862050992706,-0.21005506956637948,-112.46867557949344,-111.27455140420167,1.194124175291765
2025-02-13 23:00:00,27437.958333333332,22.999999999970896,41.892,-69.962,-122.67671056299929,-0.21542838882500867,-122.8921389518243,-122.27997978816529,0.6121591636590044
2025-02-14 00:00:00,27438.0,0.0,41.892,-69.962,-103.54682107200502,-0.22065879659848692,-103.7674798686035,-103.85134968477844,-0.08386981617493273
2025-02-14 01:00:00,27438.041666666668,1.0000000000291038,41.892,-69.962,-60.12275562429593,-0.22574498144870256,-60.34850060574463,-61.04256259530985,-0.6940619895652201
2025-02-14 02:00:00,27438.083333333332,1.9999999999708962,41.892,-69.962,-3.6922949431427883,-0.2306856892078266,-3.922980632350615,-4.968528777902697,-1.0455481455520823
2025-02-14 03:00:00,27438.125,3.0,41.892,-69.962,51.29548189712795,-0.2354797233165216,51.06000217381143,50.02258846964466,-1.0374137041667681
2025-02-14 04:00:00,27438.166666666668,4.000000000029104,41.892,-69.962,90.89915501804731,-0.24012594512452906,90.65902907292278,89.9922157075073,-0.6668133654154716
2025-02-14 05:00:00,27438.208333333332,4.999999999970896,41.892,-69.962,105.21915366741369,-0.24462327416400953,104.97453039324968,104.94489281850407,-0.029637574745606837
2025-02-14 06:00:00,27438.25,6.0,41.892,-69.962,90.89987203550866,-0.2489706884033607,90.6509013471053,91.35528649965931,0.7043851525540129
2025-02-14 07:00:00,27438.291666666668,7.000000000029104,41.892,-69.962,51.96422846984221,-0.25316722446241025,51.7110612453798,53.046787524110506,1.3357262787307005
2025-02-14 08:00:00,27438.333333333332,7.999999999970896,41.892,-69.962,-1.23124534085256,-0.2572119777991963,-1.4884573186517565,0.1984676214627661,1.6869249401145225
2025-02-14 09:00:00,27438.375,9.0,41.892,-69.962,-54.65494076363313,-0.26110410287468744,-54.91604486650782,-53.267060842516734,1.6489840239910842
2025-02-14 10:00:00,27438.416666666668,10.000000000029104,41.892,-69.962,-94.19599377131694,-0.26484281327854353,-94.46083658459548,-93.25043516634224,1.2104014182532346
2025-02-14 11:00:00,27438.458333333332,10.999999999970896,41.892,-69.962,-109.2822715965527,-0.2684273818247366,-109.55069897837744,-109.08931479644951,0.4613841819279246
2025-02-14 12:00:00,27438.5,12.0,41.892,-69.962,-95.59920330258552,-0.27185714062712457,-95.87106044321264,-96.29893157525619,-0.4278711320435459
2025-02-14 13:00:00,27438.541666666668,13.000000000029104,41.892,-69.962,-56.216255175999294,-0.2751314811251896,-56.49138665712449,-57.740724292626965,-1.249337635502481
2025-02-14 14:00:00,27438.583333333332,13.999999999970896,41.892,-69.962,-0.832434242667456,-0.27824985409314745,-1.1106840967606035,-2.919745084919404,-1.8090609881588007
2025-02-14 15:00:00,27438.625,15.0,41.892,-69.962,56.66954300966285,-0.2812117696159719,56.38833124004688,54.41269058817662,-1.9756406518702574
2025-02-14 16:00:00,27438.666666666668,16.000000000029104,41.892,-69.962,101.74044318240173,-0.2840167970212798,101.45642638538045,99.74341735730263,-1.7130090280778205
2025-02-14 17:00:00,27438.708333333332,16.999999999970896,41.892,-69.962,122.86013918418725,-0.286664564791679,122.57347461939557,121.48424076629658,-1.0892338530989922
2025-02-14 18:00:00,27438.75,18.0,41.892,-69.962,114.47263636934966,-0.28915476044308247,114.18348160890658,113.92431313352985,-0.2591684753767287
2025-02-14 19:00:00,27438.791666666668,19.000000000029104,41.892,-69.962,78.41404463231478,-0.29148713036015256,78.12255750195463,78.69714776643166,0.574590264477017
2025-02-14 20:00:00,27438.833333333332,19.999999999970896,41.892,-69.962,23.469394357634876,-0.2936614796118896,23.175732878022988,24.388227796086102,1.2124949180631164
2025-02-14 21:00:00,27438.875,21.0,41.892,-69.962,-36.830818727316334,-0.29567767172902776,-37.126496399045365,-35.618785750178255,1.5077106488671075
2025-02-14 22:00:00,27438.916666666668,22.000000000029104,41.892,-69.962,-87.61656788507415,-0.297535628443204,-87.91410351351735,-86.51199289156318,1.402110621954168
2025-02-14 23:00:00,27438.958333333332,22.999999999970896,41.892,-69.962,-116.42366137425459,-0.2992353294052532,-116.72289670365984,-115.78330751961171,0.9395891840481267
2025-02-15 00:00:00,27439.0,0.0,41.892,-69.962,-116.32943556840536,-0.3007768118628156,-116.63021238026818,-116.37673711092593,0.2534752693422466
2025-02-15 01:00:00,27439.041666666668,1.0000000000291038,41.892,-69.962,-87.6846229068488,-0.3021601703034537,-87.98678307715225,-88.45536776274625,-0.4685846855939909
2025-02-15 02:00:00,27439.083333333332,1.9999999999708962,41.892,-69.962,-38.00375066283952,-0.30338555607422796,-38.30713621891375,-39.340342067199494,-1.033205848285743
2025-02-15 03:00:00,27439.125,3.0,41.892,-69.962,19.95616943284509,-0.3044531769624804,19.65171625588261,18.36084551952389,-1.2908707363587184
2025-02-15 04:00:00,27439.166666666668,4.000000000029104,41.892,-69.962,71.43939071999819,-0.3053632967440203,71.13402742325417,69.96009090492592,-1.1739365183282537
2025-02-15 05:00:00,27439.208333333332,4.999999999970896,41.892,-69.962,103.43343670401937,-0.30611623470537586,103.127320469314,102.41388120509458,-0.7134392642194105
2025-02-15 06:00:00,27439.25,6.0,41.892,-69.962,107.95981095221671,-0.306712365130006,107.6530985870867,107.62256100684642,-0.030537580240275405
2025-02-15 07:00:00,27439.291666666668,7.000000000029104,41.892,-69.962,84.07967146530405,-0.3071521167545698,83.77251934854948,84.46760467241064,0.6950853238611585
2025-02-15 08:00:00,27439.333333333332,7.999999999970896,41.892,-69.962,38.108041418321264,-0.3074359721957529,37.80060544612551,39.072293333172965,1.271687887047459
2025-02-15 09:00:00,27439.375,9.0,41.892,-69.962,-18.014433595673502,-0.30756446734657183,-18.321998063020075,-16.777112802071354,1.544885260948721
2025-02-15 10:00:00,27439.416666666668,10.000000000029104,41.892,-69.962,-69.77543131951609,-0.3075381907424741,-70.08296951025856,-68.64557209593671,1.4373974143218455
2025-02-15 11:00:00,27439.458333333332,10.999999999970896,41.892,-69.962,-103.79260580628501,-0.3073577828990436,-104.09996358918406,-103.13093354653701,0.969030042647046
2025-02-15 12:00:00,27439.5,12.0,41.892,-69.962,-111.2217809707172,-0.30702393562079594,-111.528804906338,-111.2769450506785,0.25185985565949426
2025-02-15 13:00:00,27439.541666666668,13.000000000029104,41.892,-69.962,-90.00655268565092,-0.3065373912828362,-90.31309007693375,-90.85116804407478,-0.5380779671410321
2025-02-15 14:00:00,27439.583333333332,13.999999999970896,41.892,-69.962,-45.39971813430825,-0.3058989420845672,-45.70561707639282,-46.910952589848016,-1.2053355134551988
2025-02-15 15:00:00,27439.625,15.0,41.892,-69.962,11.373390142308319,-0.3051094292762974,11.06828071303202,9.483807923289298,-1.5844727897427233
2025-02-15 16:00:00,27439.666666666668,16.000000000029104,41.892,-69.962,65.96769589791266,-0.3041697423613095,65.66352615555135,64.08172176986437,-1.5818043856869832
2025-02-15 17:00:00,27439.708333333332,16.999999999970896,41.892,-69.962,104.56105816431833,-0.30308081827409916,104.25797734604423,103.05905479351709,-1.1989225525271312
2025-02-15 18:00:00,27439.75,18.0,41.892,-69.962,117.36133549513144,-0.3018436405288735,117.05949185460257,116.52738005719507,-0.5321117974075013
2025-02-15 19:00:00,27439.791666666668,19.000000000029104,41.892,-69.962,101.08829427288047,-0.3004592383509438,100.78783503452954,101.03993280313341,0.25209776860386907
2025-02-15 20:00:00,27439.833333333332,19.999999999970896,41.892,-69.962,59.802408080504186,-0.2989286857850317,59.50347939471916,60.462434116464394,0.9589547217452381
2025-02-15 21:00:00,27439.875,21.0,41.892,-69.962,3.8729638668884294,-0.2972531007732324,3.575710766115197,4.990104250166901,1.4143934840517043
2025-02-15 22:00:00,27439.916666666668,22.000000000029104,41.892,-69.962,-52.649956058388064,-0.29543364422600027,-52.945389702614065,-51.436938258159195,1.5084514444548682
2025-02-15 23:00:00,27439.958333333332,22.999999999970896,41.892,-69.962,-95.59099805961522,-0.2934715190655442,-95.88446957868076,-94.66218361289009,1.2222859657906742
2025-02-16 00:00:00,27440.0,0.0,41.892,-69.962,-114.23032444678637,-0.2913679692444354,-114.5216924160308,-113.8895981938609,0.6320942221698969
2025-02-16 01:00:00,27440.041666666668,1.0000000000291038,41.892,-69.962,-104.00304971862344,-0.28912427876293273,-104.29217399738637,-104.40305693148483,-0.1108829340984533
2025-02-16 02:00:00,27440.083333333332,1.9999999999708962,41.892,-69.962,-67.63611768116822,-0.2867417706559832,-67.9228594518242,-68.74190712976477,-0.8190476779405732
2025-02-16 03:00:00,27440.125,3.0,41.892,-69.962,-14.438842925439717,-0.2842218059661401,-14.723064731405858,-16.03898238159868,-1.315917650192821
2025-02-16 04:00:00,27440.166666666668,4.000000000029104,41.892,-69.962,42.068415285159105,-0.2815657827111787,41.78684950244793,40.30651086731309,-1.4803386351348407
2025-02-16 05:00:00,27440.208333333332,4.999999999970896,41.892,-69.962,87.58279223915522,-0.27877513482971117,87.30401710432551,86.02770441308381,-1.276312691241698
2025-02-16 06:00:00,27440.25,6.0,41.892,-69.962,110.6342161841365,-0.27585133111334,110.35836485302316,109.59732213594377,-0.7610427170793916
2025-02-16 07:00:00,27440.291666666668,7.000000000029104,41.892,-69.962,105.47246258830579,-0.27279587413989254,105.1996667141659,105.1303057380388,-0.0693609761270966
2025-02-16 08:00:00,27440.333333333332,7.999999999970896,41.892,-69.962,73.49823514317205,-0.2696102991826051,73.22862484398945,73.84993098225765,0.6213061382681933
2025-02-16 09:00:00,27440.375,9.0,41.892,-69.962,22.881435572670348,-0.2662961731197811,22.615139399550568,23.7515383098483,1.1363989102977334
2025-02-16 10:00:00,27440.416666666668,10.000000000029104,41.892,-69.962,-33.53027118482373,-0.26285509333699425,-33.79312627816073,-32.44461400902664,1.3485122691340916
2025-02-16 11:00:00,27440.458333333332,10.999999999970896,41.892,-69.962,-81.47728032483111,-0.2592886866172123,-81.73656901144832,-80.52726253082034,1.2093064806279912
2025-02-16 12:00:00,27440.5,12.0,41.892,-69.962,-108.89780495305293,-0.2555986080326223,-109.15340356108555,-108.3923430982276,0.7610604628579539
2025-02-16 13:00:00,27440.541666666668,13.000000000029104,41.892,-69.962,-108.96725768622059,-0.2517865398330503,-109.21904422605364,-109.09394045680102,0.1251037692526251
2025-02-16 14:00:00,27440.583333333332,13.999999999970896,41.892,-69.962,-81.80079009519342,-0.24785419032590453,-82.04864428551933,-82.57840815486908,-0.5297638693497488
2025-02-16 15:00:00,27440.625,15.0,41.892,-69.962,-34.393740188244266,-0.24380329276288978,-34.63754348100716,-35.668260304816684,-1.0307168238095237
2025-02-16 16:00:00,27440.666666666668,16.000000000029104,41.892,-69.962,21.177806388931785,-0.23963560422239602,20.93817078470939,19.6930477449989,-1.2451230397104884
2025-02-16 17:00:00,27440.708333333332,16.999999999970896,41.892,-69.962,70.83410862292966,-0.23535290449922447,70.59875571843044,69.48442065689358,-1.1143350615368681
2025-02-16 18:00:00,27440.75,18.0,41.892,-69.962,102.06299498376254,-0.2309569949890355,101.83203798877351,101.16347352010374,-0.6685644686697719
2025-02-16 19:00:00,27440.791666666668,19.000000000029104,41.892,-69.962,107.07993651761343,-0.22644969758454125,106.85348682002889,106.83429835102055,-0.019188469008345015
2025-02-16 20:00:00,27440.833333333332,19.999999999970896,41.892,-69.962,84.77939273684541,-0.22183285357860824,84.5575598832668,85.22700248796322,0.6694426046964155
2025-02-16 21:00:00,27440.875,21.0,41.892,-69.962,40.98879680989209,-0.21710832256577473,40.77168848732631,41.99316353772036,1.2214750503940517
2025-02-16 22:00:00,27440.916666666668,22.000000000029104,41.892,-69.962,-13.03229189434947,-0.21227798136057519,-13.244569875710045,-11.75078514479845,1.4937847309115968
2025-02-16 23:00:00,27440.958333333332,22.999999999970896,41.892,-69.962,-63.461519305164124,-0.20734372292629688,-63.66886302809042,-62.257022182182865,1.4118408459075542
2025-02-17 00:00:00,27441.0,0.0,41.892,-69.962,-97.42097434774789,-0.20230745530591127,-97.6232818030538,-96.63502605883929,0.9882557442145121
2025-02-17 01:00:00,27441.041666666668,1.0000000000291038,41.892,-69.962,-106.23365760805872,-0.19717110057388101,-106.4308287086326,-106.11133534989186,0.31949335874074747
2025-02-17 02:00:00,27441.083333333332,1.9999999999708962,41.892,-69.962,-87.60761760140744,-0.19193659380378664,-87.79955419521123,-88.23782985180715,-0.43827565659591594
2025-02-17 03:00:00,27441.125,3.0,41.892,-69.962,-46.200487859171965,-0.18660588203418255,-46.387093741206144,-47.495061059213235,-1.107967318007092
2025-02-17 04:00:00,27441.166666666668,4.000000000029104,41.892,-69.962,7.571639070306378,-0.1811809232768434,7.390458147029534,5.855246734746506,-1.5352114122830283
2025-02-17 05:00:00,27441.208333333332,4.999999999970896,41.892,-69.962,60.173457178655404,-0.1756636855221994,59.9977934931332,58.37190878748187,-1.6258847056513295
2025-02-17 06:00:00,27441.25,6.0,41.892,-69.962,98.36640065887603,-0.17005614576231973,98.19634451311371,96.82808354416345,-1.3682609689502616
2025-02-17 07:00:00,27441.291666666668,7.000000000029104,41.892,-69.962,112.53718743010822,-0.164360289054972,112.37282714105325,111.53838919520064,-0.8344379458526103
2025-02-17 08:00:00,27441.333333333332,7.999999999970896,41.892,-69.962,99.10101736476169,-0.15857810758905655,98.94243925717264,98.78149300983321,-0.16094624733941787
2025-02-17 09:00:00,27441.375,9.0,41.892,-69.962,61.378794847841526,-0.1527115997641511,61.22608324807737,61.712427653309796,0.48634440523242534
2025-02-17 10:00:00,27441.416666666668,10.000000000029104,41.892,-69.962,8.735183443973709,-0.1467627693354205,8.588420674638288,9.542457354184894,0.9540366795466059
2025-02-17 11:00:00,27441.458333333332,10.999999999970896,41.892,-69.962,-45.79663834323945,-0.14073362452929716,-45.93737196776875,-44.79819509477661,1.1391768729921414
2025-02-17 12:00:00,27441.5,12.0,41.892,-69.962,-88.79792679689679,-0.13462617721424402,-88.93255297411103,-87.91863322264612,1.013919751464917
2025-02-17 13:00:00,27441.541666666668,13.000000000029104,41.892,-69.962,-109.8243958473738,-0.12844244210863295,-109.95283828948243,-109.32196468776218,0.6308736017202525
2025-02-17 14:00:00,27441.583333333332,13.999999999970896,41.892,-69.962,-103.99811752068163,-0.12218443598083274,-104.12030195666246,-104.01226874077487,0.10803321588758821
2025-02-17 15:00:00,27441.625,15.0,41.892,-69.962,-73.18442879942494,-0.11585417690043298,-73.30028297632536,-73.70293537350865,-0.40265239718329504
2025-02-17 16:00:00,27441.666666666668,16.000000000029104,41.892,-69.962,-25.466946299385604,-0.1094536835313593,-25.576399982916964,-26.331364263561174,-0.7549642806442083
2025-02-17 17:00:00,27441.708333333332,16.999999999970896,41.892,-69.962,26.93622593313932,-0.10298497441812283,26.833240958721195,25.98699149904609,-0.8462494596751038
2025-02-17 18:00:00,27441.75,18.0,41.892,-69.962,70.78070339193162,-0.09645006732702549,70.6842533246046,70.04037821343854,-0.6438751111660588
2025-02-17 19:00:00,27441.791666666668,19.000000000029104,41.892,-69.962,95.13967417104541,-0.08985097863160581,95.04982319241381,94.85610520550475,-0.1937179869090648
2025-02-17 20:00:00,27441.833333333332,19.999999999970896,41.892,-69.962,94.14032966394386,-0.08318972269270686,94.05713994125115,94.4484646557387,0.3913247144875577
2025-02-17 21:00:00,27441.875,21.0,41.892,-69.962,68.40795998598168,-0.07646831129743832,68.33149167468424,69.29128129340756,0.9597896187233186
2025-02-17 22:00:00,27441.916666666668,22.000000000029104,41.892,-69.962,24.862250885948413,-0.06968875313643982,24.792562132811973,26.15239172749653,1.3598295946845564
2025-02-17 23:00:00,27441.958333333332,22.999999999970896,41.892,-69.962,-25.072913917959884,-0.06285305329747902,-25.135766971257365,-23.658253447281332,1.4775135239760329
2025-02-18 00:00:00,27442.0,0.0,41.892,-69.962,-68.38612811621157,-0.05596321279236754,-68.44209132900393,-67.17641060112493,1.2656807278790025
2025-02-18 01:00:00,27442.041666666668,1.0000000000291038,41.892,-69.962,-93.78105800547702,-0.04902122814472179,-93.83007923362175,-93.07386064396742,0.7562185896543211
2025-02-18 02:00:00,27442.083333333332,1.9999999999708962,41.892,-69.962,-94.53176014900289,-0.04202909098674525,-94.57378923998964,-94.52097530346195,0.052813936527684485
2025-02-18 03:00:00,27442.125,3.0,41.892,-69.962,-70.1748187170695,-0.0349887876930745,-70.20980750476258,-70.90370671684374,-0.6938992120811586
2025-02-18 04:00:00,27442.166666666668,4.000000000029104,41.892,-69.962,-26.618770237203737,-0.027902299068229424,-26.646672536271968,-27.969202958659384,-1.322530422387417
2025-02-18 05:00:00,27442.208333333332,4.999999999970896,41.892,-69.962,25.34888337247791,-0.020771600066069217,25.32811177241184,23.62865494480448,-1.6994568276073616
2025-02-18 06:00:00,27442.25,6.0,41.892,-69.962,72.77453052080016,-0.013598659516631927,72.76093186128352,71.01073376846348,-1.7501980928200387
2025-02-18 07:00:00,27442.291666666668,7.000000000029104,41.892,-69.962,103.78491932387865,-0.006385439930138608,103.77853388394851,102.30249688301228,-1.4760370009362367
2025-02-18 08:00:00,27442.333333333332,7.999999999970896,41.892,-69.962,110.55129842565113,0.0008661026756916592,110.55216452832681,109.60014862354585,-0.9520159047809672
2025-02-18 09:00:00,27442.375,9.0,41.892,-69.962,91.23092992368146,0.00815401894011146,91.23908394262158,90.93199994947393,-0.3070839931476463
2025-02-18 10:00:00,27442.416666666668,10.000000000029104,41.892,-69.962,50.40624904956365,0.015476366245794574,50.42172541580944,50.730163778144856,0.3084383623354123
2025-02-18 11:00:00,27442.458333333332,10.999999999970896,41.892,-69.962,-2.079140825525399,0.022831208780723797,-2.056309616744675,-1.2964515532078984,0.7598580635367767
2025-02-18 12:00:00,27442.5,12.0,41.892,-69.962,-53.58693216983316,0.03021661760244415,-53.55671555223072,-52.596343423879176,0.9603721283515437
2025-02-18 13:00:00,27442.541666666668,13.000000000029104,41.892,-69.962,-91.82888114926926,0.037630670600329826,-91.79125047866893,-90.90054269415072,0.8907077845182059
2025-02-18 14:00:00,27442.583333333332,13.999999999970896,41.892,-69.962,-107.90069775680239,0.04507145246627243,-107.85562630433611,-107.25412843968286,0.6014978646532481
2025-02-18 15:00:00,27442.625,15.0,41.892,-69.962,-98.44936004376174,0.05253705464486146,-98.39682298911688,-98.19872372288242,0.19809926623446253
2025-02-18 16:00:00,27442.666666666668,16.000000000029104,41.892,-69.962,-66.4402593965529,0.060025575190321055,-66.38023382136258,-66.568308615331,-0.18807479396841859
2025-02-18 17:00:00,27442.708333333332,16.999999999970896,41.892,-69.962,-20.34432856066102,0.06753511864142163,-20.276793442019596,-20.711134926074948,-0.43434148405535306
2025-02-18 18:00:00,27442.75,18.0,41.892,-69.962,28.038750226676218,0.07506379585386057,28.11381402253008,27.654955804091056,-0.4588582184390214
2025-02-18 19:00:00,27442.791666666668,19.000000000029104,41.892,-69.962,66.56628041057611,0.08260972377054096,66.64889013434666,66.40686156606615,-0.24202856828050925
2025-02-18 20:00:00,27442.833333333332,19.999999999970896,41.892,-69.962,85.79464534371145,0.09017102519841107,85.88481636890987,86.05289094505261,0.16807457614273838
2025-02-18 21:00:00,27442.875,21.0,41.892,-69.962,81.31707367460957,0.09774582852932857,81.4148195031389,82.08234224354264,0.6675227404037406
2025-02-18 22:00:00,27442.916666666668,22.000000000029104,41.892,-69.962,54.81830497022097,0.10533226743248145,54.92363723765345,56.04618180660164,1.122544568948184
2025-02-18 23:00:00,27442.958333333332,22.999999999970896,41.892,-69.962,13.592398306541659,0.11292848053112899,13.705326787072789,15.108528705492182,1.4032019184193936
