time	wh_4061	wp_peak	wvdir	water_level	water_depth
12/9/2024 18:00	0.642796421	5.361930295	56	-0.529862823	20.47044408
12/9/2024 19:00	0.649011129	5.361930295	58	-0.101249161	20.89554985
12/9/2024 20:00	0.69464883	5.148005148	52	0.40677887	21.41146223
12/9/2024 21:00	0.554788467	6.125574273	84	0.80341011	21.8065363
12/9/2024 22:00	0.576352952	5.594405594	78	1.015799103	22.01983877
12/9/2024 23:00	0.986189039	3.679852806	90	0.969973145	21.97057584
12/10/2024 0:00	1.138119519	4.024144869	84	0.680794296	21.68891768
12/10/2024 1:00	1.327645319	4.439511654	92	0.230734406	21.24635483
12/10/2024 2:00	1.395561691	5.594405594	88	-0.27016777	20.75203076
12/10/2024 3:00	1.833518671	5.361930295	94	-0.711007538	20.31102908
12/10/2024 4:00	2.189576803	5.361930295	100	-0.963096085	20.07113233
12/10/2024 5:00	2.202195346	5.847953216	92	-0.982549133	20.04820519
12/10/2024 6:00	2.179058116	6.430868167	84	-0.751134338	20.28314152
12/10/2024 7:00	2.262251577	6.125574273	86	-0.307023468	20.71532943
12/10/2024 8:00	2.075135891	6.125574273	86	0.210127411	21.227082
12/10/2024 9:00	2.283708325	7.142857143	72	0.681360779	21.693937
12/10/2024 10:00	2.281233226	6.768189509	72	0.991148529	22.01450812
12/10/2024 11:00	2.253492454	7.142857143	64	1.083124695	22.1070861
12/10/2024 12:00	2.152592713	7.142857143	68	0.930527267	21.94387453
12/10/2024 13:00	1.79435414	7.561436673	68	0.553488312	21.56471429
12/10/2024 14:00	1.940197284	7.561436673	66	0.057623444	21.06312081
12/10/2024 15:00	1.747995415	7.561436673	68	-0.472600403	20.53592625
12/10/2024 16:00	1.657918293	7.142857143	70	-0.857139053	20.14669528
12/10/2024 17:00	1.76396597	7.142857143	68	-1.042355957	19.96206917
12/10/2024 18:00	1.75911788	7.561436673	68	-0.974395218	20.03040182
12/10/2024 19:00	1.740027968	7.561436673	62	-0.648030701	20.34590385
12/10/2024 20:00	1.706145985	8.032128514	70	-0.188968124	20.8210365
12/10/2024 21:00	1.705813304	8.032128514	64	0.313894806	21.31414432
12/10/2024 22:00	1.653925439	8.032128514	64	0.733126221	21.7298326
12/10/2024 23:00	1.582334622	7.561436673	68	0.938627777	21.93730437
12/11/2024 0:00	1.467338143	7.561436673	70	0.914637146	21.91006602
12/11/2024 1:00	1.584223976	7.142857143	82	0.643406448	21.64437044
12/11/2024 2:00	1.360053461	7.561436673	82	0.190893707	21.19327297
12/11/2024 3:00	1.250430846	6.768189509	82	-0.313908997	20.68857372
12/11/2024 4:00	1.196962268	7.142857143	84	-0.727218094	20.2777723
12/11/2024 5:00	1.231851899	7.561436673	80	-0.952973785	20.05650516
12/11/2024 6:00	1.269037153	7.142857143	68	-0.901078644	20.10545169
12/11/2024 7:00	1.06953275	6.768189509	82	-0.619409027	20.39372087
12/11/2024 8:00	1.043568183	7.142857143	80	-0.119704666	20.88699751
12/11/2024 9:00	1.0250207	7.561436673	72	0.42595726	21.43152742
12/11/2024 10:00	1.014425323	7.142857143	82	0.92759758	21.93499821
12/11/2024 11:00	0.928651086	7.142857143	84	1.267044601	22.27055339
12/11/2024 12:00	1.116701975	7.142857143	78	1.359436569	22.35611781
12/11/2024 13:00	1.209721109	7.561436673	82	1.155376968	22.1540093
12/11/2024 14:00	1.034654557	6.430868167	88	0.708647308	21.7075413
12/11/2024 15:00	1.168036471	7.561436673	94	0.135365067	21.13988363
12/11/2024 16:00	1.163078412	7.142857143	88	-0.45332283	20.55900778
12/11/2024 17:00	1.592883199	5.361930295	130	-0.904864731	20.11135891
12/11/2024 18:00	1.444314615	5.594405594	126	-1.120553436	19.89298406
12/11/2024 19:00	1.853720353	5.361930295	138	-1.049760284	19.96356675
12/11/2024 20:00	1.414847818	5.594405594	126	-0.719607773	20.29097094
12/11/2024 21:00	1.540956543	5.847953216	130	-0.25013298	20.76198527
12/11/2024 22:00	1.678290082	6.125574273	124	0.315744934	21.32150795
12/11/2024 23:00	1.832062342	6.430868167	126	0.760256348	21.76869493
12/12/2024 0:00	2.092390066	6.768189509	124	1.018909988	22.0291241
12/12/2024 1:00	2.133953335	7.142857143	122	1.014402924	22.02491017
12/12/2024 2:00	2.484807388	7.561436673	122	0.742641983	21.76488094
12/12/2024 3:00	3.055354557	7.561436673	130	0.295448837	21.32568844
12/12/2024 4:00	2.818335533	8.032128514	128	-0.206836166	20.82359585
12/12/2024 5:00	2.19713491	8.565310493	116	-0.67266983	20.34757688
12/12/2024 6:00	1.94847867	8.565310493	120	-0.888888779	20.1154069
12/12/2024 7:00	1.631921385	7.561436673	118	-0.857402267	20.1477567
12/12/2024 8:00	1.194970667	9.174311927	114	-0.564902725	20.44055859
12/12/2024 9:00	1.030472032	9.174311927	106	-0.159415665	20.84468854
12/12/2024 10:00	1.010741382	10.69518717	112	0.382156906	21.38397417
12/12/2024 11:00	1.051610001	10.69518717	112	0.860397873	21.85507373
12/12/2024 12:00	1.140341648	11.66180758	126	1.155350266	22.15161796
12/12/2024 13:00	1.221849547	11.66180758	126	1.190130768	22.18160648
12/12/2024 14:00	1.177436263	12.82051282	122	0.943577347	21.93831599
12/12/2024 15:00	0.951175795	10.69518717	110	0.447020111	21.44690919
12/12/2024 16:00	0.946340027	11.66180758	104	-0.15172142	20.85383657
12/12/2024 17:00	0.911903847	9.87654321	92	-0.788432541	20.20616072
12/12/2024 18:00	0.859740868	10.69518717	94	-1.250260773	19.74214493
12/12/2024 19:00	1.001984113	12.82051282	100	-1.474059525	19.52126976
12/12/2024 20:00	0.896439824	11.66180758	100	-1.3696875	19.62248211
12/12/2024 21:00	0.888681256	11.66180758	94	-1.031630936	19.95786333
12/12/2024 22:00	0.964597467	10.69518717	102	-0.495505753	20.49352382
12/12/2024 23:00	0.959667756	10.69518717	106	0.107014236	21.0913387
12/13/2024 0:00	0.934145199	10.69518717	120	0.565376816	21.54559705
12/13/2024 1:00	0.992253776	11.66180758	114	0.814043579	21.78824529
12/13/2024 2:00	0.966895073	10.69518717	116	0.7688871	21.75674091
12/13/2024 3:00	1.114437792	10.69518717	110	0.415934143	21.41931559
12/13/2024 4:00	0.923080694	10.69518717	108	-0.082566681	20.91620515
12/13/2024 5:00	0.942297152	11.66180758	100	-0.639466705	20.36708415
12/13/2024 6:00	0.872701442	11.66180758	98	-1.099988403	19.90612239
12/13/2024 7:00	0.83093344	10.69518717	94	-1.328484955	19.68177511
12/13/2024 8:00	0.670146559	10.69518717	96	-1.255656662	19.74858725
12/13/2024 9:00	0.669245706	10.69518717	88	-0.906867447	20.09617457
12/13/2024 10:00	0.764040544	9.87654321	112	-0.362517776	20.64056294
12/13/2024 11:00	0.803531738	9.87654321	108	0.304657516	21.30215126
12/13/2024 12:00	0.805697529	9.174311927	116	0.875750122	21.87289538
12/13/2024 13:00	0.781934213	9.87654321	108	1.245974121	22.23792845
12/13/2024 14:00	0.771338542	9.87654321	118	1.295361099	22.29156751
12/13/2024 15:00	0.709694898	9.87654321	112	1.039272842	22.03396754
12/13/2024 16:00	0.650429018	9.87654321	106	0.510839996	21.50927465
12/13/2024 17:00	0.664663921	9.87654321	102	-0.169013443	20.83511191
12/13/2024 18:00	0.635976147	9.87654321	94	-0.862210693	20.14861884
12/13/2024 19:00	0.635270345	9.87654321	94	-1.373168411	19.6365411
12/13/2024 20:00	0.685483877	9.87654321	94	-1.592561188	19.41834884
12/13/2024 21:00	0.493962852	9.87654321	90	-1.531756821	19.4788959
12/13/2024 22:00	0.536341593	9.174311927	90	-1.179164352	19.8291081
12/13/2024 23:00	0.74830894	4.95049505	10	-0.638532104	20.36949456
12/14/2024 0:00	0.852571125	5.148005148	356	-0.061789932	20.94910736
12/14/2024 1:00	0.839662975	5.361930295	2	0.411060867	21.41616918
12/14/2024 2:00	0.844070985	5.594405594	2	0.670759735	21.67058778
12/14/2024 3:00	0.82300427	5.594405594	16	0.634260712	21.63928681
12/14/2024 4:00	0.717100377	5.361930295	2	0.342722473	21.33989861
12/14/2024 5:00	0.776155706	5.361930295	14	-0.158490601	20.84291848
12/14/2024 6:00	0.769967774	5.594405594	22	-0.707189026	20.30033997
12/14/2024 7:00	0.706798123	5.847953216	34	-1.161225739	19.84606386
12/14/2024 8:00	0.644179232	5.594405594	34	-1.376306	19.63358903
12/14/2024 9:00	0.617240753	5.361930295	26	-1.292531433	19.71547311
12/14/2024 10:00	0.739379982	5.148005148	18	-0.938468399	20.07714792
12/14/2024 11:00	0.741498405	5.361930295	2	-0.35375351	20.65277707
12/14/2024 12:00	0.704795212	5.361930295	2	0.2806707	21.28649264
12/14/2024 13:00	0.391924261	5.361930295	32	0.839336929	21.84426317
12/14/2024 14:00	0.313330237	8.565310493	108	1.160290298	22.15863819
12/14/2024 15:00	0.414224498	5.847953216	48	1.18212944	22.18175002
12/14/2024 16:00	0.601897386	4.024144869	2	0.875376282	21.87527455
12/14/2024 17:00	0.597799052	4.439511654	2	0.309225616	21.30667242
12/14/2024 18:00	0.419974285	5.148005148	50	-0.407823029	20.5942103
12/14/2024 19:00	0.393205879	5.148005148	60	-1.085114899	19.92440986
12/14/2024 20:00	0.379503193	4.95049505	60	-1.577247086	19.43151455
12/14/2024 21:00	0.387068001	9.174311927	96	-1.774579468	19.23887985
12/14/2024 22:00	0.346727639	5.148005148	72	-1.645404282	19.37018166
12/14/2024 23:00	0.34828491	5.361930295	70	-1.243529739	19.76694357
12/15/2024 0:00	0.608625226	5.148005148	50	-0.640895309	20.36010676
12/15/2024 1:00	0.568668417	4.767580453	48	-0.02864975	20.97390728
12/15/2024 2:00	0.587958771	4.024144869	14	0.452356873	21.45612541
12/15/2024 3:00	0.542758509	3.787878788	2	0.693125305	21.69404348
12/15/2024 4:00	0.517336312	8.565310493	110	0.640356598	21.64115865
12/15/2024 5:00	0.512755411	7.561436673	112	0.308973846	21.30731637
12/15/2024 6:00	0.359679604	8.565310493	100	-0.197078171	20.80015298
12/15/2024 7:00	0.312189319	14.23487544	98	-0.7516436	20.25028634
12/15/2024 8:00	0.353422071	14.23487544	90	-1.181731644	19.82586994
12/15/2024 9:00	0.346920436	12.82051282	102	-1.364585342	19.64461001
12/15/2024 10:00	0.356230512	12.82051282	100	-1.241076889	19.76798266
12/15/2024 11:00	0.365520368	11.66180758	106	-0.82712883	20.18061637
12/15/2024 12:00	0.435928895	11.66180758	114	-0.211615982	20.78976612
12/15/2024 13:00	0.524778007	11.66180758	118	0.428747711	21.42773677
12/15/2024 14:00	0.574238649	11.66180758	116	0.965441284	21.95680107
12/15/2024 15:00	0.593735476	11.66180758	122	1.2548452	22.24938927
12/15/2024 16:00	0.600166625	11.66180758	116	1.225229797	22.22009619
12/15/2024 17:00	0.62045487	11.66180758	110	0.861383972	21.86426782
12/15/2024 18:00	0.549976291	11.66180758	112	0.264021454	21.26319247
12/15/2024 19:00	0.565197029	11.66180758	108	-0.44752449	20.55307192
12/15/2024 20:00	0.562681354	12.82051282	94	-1.127362671	19.8917202
12/15/2024 21:00	0.553742738	11.66180758	96	-1.59546608	19.42823296
12/15/2024 22:00	0.50217687	11.66180758	100	-1.753028336	19.26434237
12/15/2024 23:00	0.589156408	10.69518717	104	-1.563321533	19.44176119
12/16/2024 0:00	0.557551127	10.69518717	96	-1.124734344	19.87187692
12/16/2024 1:00	0.556391362	10.69518717	114	-0.51585907	20.48628387
12/16/2024 2:00	0.611461001	9.87654321	114	0.103867111	21.09887668
12/16/2024 3:00	0.6187692	9.87654321	120	0.573645172	21.57086438
12/16/2024 4:00	0.643690726	10.69518717	118	0.809593735	21.80595868
12/16/2024 5:00	0.657892504	9.87654321	110	0.722506104	21.71047257
12/16/2024 6:00	0.604150968	10.69518717	108	0.359598694	21.35993184
12/16/2024 7:00	0.527496085	10.69518717	108	-0.168639603	20.83498536
12/16/2024 8:00	0.500825354	11.66180758	100	-0.728370132	20.27682754
12/16/2024 9:00	0.472588435	10.69518717	94	-1.120147171	19.8820205
12/16/2024 10:00	0.45604617	10.69518717	92	-1.273129883	19.73488939
12/16/2024 11:00	0.438673767	10.69518717	96	-1.095166626	19.91454674
12/16/2024 12:00	0.510913699	10.69518717	98	-0.659371796	20.35086353
12/16/2024 13:00	0.583438482	9.87654321	104	-0.061652603	20.94702394
12/16/2024 14:00	0.590671753	9.87654321	118	0.577284393	21.58017889
12/16/2024 15:00	0.598360585	9.87654321	114	1.092493591	22.09225337
12/16/2024 16:00	0.565535518	9.87654321	118	1.332745132	22.32859159
12/16/2024 17:00	0.533660254	9.87654321	120	1.233069	22.23385002
12/16/2024 18:00	0.612985461	9.87654321	116	0.832996902	21.83569738
12/16/2024 19:00	0.541846109	10.69518717	116	0.20235878	21.20946169
12/16/2024 20:00	0.466491304	10.69518717	108	-0.492995682	20.52031617
12/16/2024 21:00	0.470523743	10.69518717	92	-1.141093674	19.87944025
12/16/2024 22:00	0.488136955	10.69518717	92	-1.565427246	19.45642508
12/16/2024 23:00	0.580293163	10.69518717	104	-1.648805084	19.37246846
12/17/2024 0:00	1.043344988	5.148005148	136	-1.409177246	19.61020707
12/17/2024 1:00	1.148012763	5.148005148	138	-0.927358093	20.08972109
12/17/2024 2:00	1.261313855	5.361930295	136	-0.298919144	20.71993899
12/17/2024 3:00	1.349793295	5.361930295	136	0.296116409	21.30982756
12/17/2024 4:00	1.296275154	5.361930295	132	0.751421509	21.76175932
12/17/2024 5:00	1.30273339	5.594405594	132	0.932531891	21.94122216
12/17/2024 6:00	1.38992235	5.361930295	118	0.806925354	21.8194235
12/17/2024 7:00	1.410303493	5.847953216	118	0.424435196	21.43643757
12/17/2024 8:00	1.234069743	5.594405594	122	-0.086186829	20.92898598
12/17/2024 9:00	1.397960229	5.594405594	132	-0.633756104	20.38205874
12/17/2024 10:00	1.333978505	5.594405594	132	-1.013303223	20.00629257
12/17/2024 11:00	1.539865273	5.148005148	132	-1.115634384	19.90111487
12/17/2024 12:00	1.187207239	5.594405594	124	-0.914884033	20.101809
12/17/2024 13:00	1.298904232	5.361930295	142	-0.446948471	20.5633303
12/17/2024 14:00	1.191178463	5.594405594	134	0.138527451	21.14648195
12/17/2024 15:00	1.049991329	5.594405594	118	0.741055069	21.74671178
12/17/2024 16:00	1.100924454	5.847953216	138	1.198410568	22.20599391
12/17/2024 17:00	1.046909415	5.847953216	126	1.40213829	22.40388779
12/17/2024 18:00	0.994739825	6.430868167	118	1.246357498	22.2498824
12/17/2024 19:00	0.870570726	6.125574273	120	0.831755219	21.83220866
12/17/2024 20:00	0.772478674	6.430868167	116	0.205040512	21.20777169
12/17/2024 21:00	0.936810734	6.430868167	120	-0.49846405	20.50799102
12/17/2024 22:00	0.812062159	6.125574273	114	-1.114287796	19.89047461
12/17/2024 23:00	0.691657044	5.847953216	112	-1.489942017	19.51774393
12/18/2024 0:00	0.700836898	5.361930295	122	-1.550439301	19.45950113
12/18/2024 1:00	0.713472459	9.174311927	98	-1.301877441	19.70241754
12/18/2024 2:00	0.718304698	6.125574273	112	-0.838365021	20.16009446
12/18/2024 3:00	0.57142643	8.032128514	96	-0.24223465	20.75810421
12/18/2024 4:00	0.593115091	6.768189509	96	0.329742966	21.31992476
12/18/2024 5:00	0.655181017	8.565310493	118	0.712381897	21.70740241
12/18/2024 6:00	0.661125576	6.768189509	114	0.847603378	21.84324669
12/18/2024 7:00	0.637043787	6.430868167	120	0.68976265	21.68360113
12/18/2024 8:00	0.656020281	6.430868167	120	0.308319626	21.2932072
12/18/2024 9:00	0.631079827	6.768189509	106	-0.211671295	20.78291658
12/18/2024 10:00	0.588278075	7.142857143	104	-0.735661926	20.26942284
12/18/2024 11:00	0.653635712	5.847953216	110	-1.062505188	19.93742651
12/18/2024 12:00	0.568704224	9.87654321	100	-1.116376343	19.89199123
12/18/2024 13:00	0.563727334	9.174311927	102	-0.894023361	20.10490587
12/18/2024 14:00	0.505235002	8.565310493	104	-0.446456375	20.54938157
12/18/2024 15:00	0.522938099	8.565310493	114	0.12681633	21.12441937
12/18/2024 16:00	0.596003032	7.561436673	110	0.707062302	21.70227445
12/18/2024 17:00	0.6111454	9.87654321	120	1.111582336	22.10786543
12/18/2024 18:00	0.684493359	9.174311927	126	1.266558228	22.2562395
12/18/2024 19:00	0.719199334	7.142857143	120	1.115065155	22.10347521
12/18/2024 20:00	0.733843159	8.032128514	124	0.713995514	21.7069279
12/18/2024 21:00	0.728630015	7.142857143	122	0.13510376	21.12837019
12/18/2024 22:00	0.686725515	8.032128514	112	-0.492713394	20.50468722
12/18/2024 23:00	0.687042956	7.142857143	108	-0.994691315	20.01030396
12/19/2024 0:00	0.731521167	6.768189509	108	-1.257310333	19.75305255
12/19/2024 1:00	0.722669175	6.768189509	100	-1.235215607	19.77466991
12/19/2024 2:00	0.851858583	7.561436673	104	-0.944451752	20.06466572
12/19/2024 3:00	0.636455916	12.82051282	98	-0.465112152	20.53823509
12/19/2024 4:00	0.903259369	8.032128514	108	0.117092667	21.11791056
12/19/2024 5:00	0.723740323	8.032128514	120	0.599606094	21.6082691
12/19/2024 6:00	0.896163656	5.594405594	126	0.905869064	21.91161913
12/19/2024 7:00	0.981614917	7.142857143	114	0.983728943	21.98760494
12/19/2024 8:00	0.862131287	6.430868167	108	0.78023201	21.79323453
12/19/2024 9:00	0.927327079	5.594405594	112	0.364031372	21.3741649
12/19/2024 10:00	1.040709292	6.430868167	122	-0.154637756	20.8534125
12/19/2024 11:00	0.956641901	6.430868167	108	-0.648686829	20.3582952
12/19/2024 12:00	0.846909068	6.125574273	110	-0.91936821	20.08975729
12/19/2024 13:00	0.784081209	12.82051282	92	-0.960448685	20.04531397
12/19/2024 14:00	0.806109479	4.153686397	2	-0.744544449	20.26692283
12/19/2024 15:00	0.700571382	5.361930295	2	-0.32237381	20.69168947
12/19/2024 16:00	0.955005032	5.361930295	2	0.210690079	21.21872955
12/19/2024 17:00	0.922145914	5.594405594	2	0.716929016	21.72454531
12/19/2024 18:00	1.162839246	5.594405594	2	1.042046127	22.04441286
12/19/2024 19:00	1.219863448	6.125574273	20	1.121727524	22.12597594
12/19/2024 20:00	1.129171565	6.125574273	14	0.961857376	21.96345388
12/19/2024 21:00	0.94267155	6.125574273	34	0.55366951	21.55603299
12/19/2024 22:00	0.83514707	5.847953216	22	0.004812775	21.00516004
12/19/2024 23:00	0.860230531	5.594405594	20	-0.551429214	20.45039567
12/20/2024 0:00	0.932961087	5.847953216	20	-0.97228569	20.03510527
12/20/2024 1:00	0.88999357	5.361930295	22	-1.205581131	19.80318489
12/20/2024 2:00	0.72667675	5.594405594	28	-1.165942612	19.84282368
12/20/2024 3:00	0.749214241	5.148005148	28	-0.886653366	20.11533289
12/20/2024 4:00	0.782380992	4.95049505	22	-0.435653152	20.56944462
12/20/2024 5:00	0.776250907	4.95049505	2	0.086714325	21.09290445
12/20/2024 6:00	0.672778549	8.032128514	114	0.527756271	21.53761962
12/20/2024 7:00	0.673035899	8.032128514	112	0.785408554	21.79362926
12/20/2024 8:00	0.742609605	5.361930295	40	0.806829987	21.81728159
12/20/2024 9:00	0.777234823	5.361930295	30	0.590361176	21.59808288
12/20/2024 10:00	0.946785771	5.361930295	38	0.173471985	21.19041023
12/20/2024 11:00	1.144146202	5.361930295	36	-0.279195251	20.73545261
12/20/2024 12:00	1.393780948	5.361930295	44	-0.690310898	20.33389497
12/20/2024 13:00	1.609055028	5.361930295	60	-0.875850143	20.14902311
12/20/2024 14:00	1.536089758	5.594405594	54	-0.88017601	20.14874321
12/20/2024 15:00	1.603286531	5.594405594	54	-0.600158157	20.42839232
12/20/2024 16:00	1.737276875	5.361930295	68	-0.189185562	20.83790011
12/20/2024 17:00	1.705696043	5.361930295	72	0.324253616	21.34724729
12/20/2024 18:00	1.867654658	5.594405594	72	0.773636398	21.79577438
12/20/2024 19:00	1.804532169	5.847953216	78	1.07266098	22.09458058
12/20/2024 20:00	2.005770633	5.847953216	74	1.135902939	22.16021598
12/20/2024 21:00	1.788979788	6.125574273	82	0.969732819	21.98905768
12/20/2024 22:00	2.261231748	6.430868167	86	0.60864502	21.63561023
12/20/2024 23:00	2.351429276	6.430868167	92	0.115356979	21.14971749
12/21/2024 0:00	2.255820574	6.768189509	86	-0.373792114	20.65968419
12/21/2024 1:00	2.336218897	6.430868167	72	-0.717021408	20.32813215
12/21/2024 2:00	3.168787216	7.561436673	66	-0.908662262	20.15421114
12/21/2024 3:00	3.558445429	8.032128514	64	-0.76749176	20.30579908
12/21/2024 4:00	3.131895437	8.032128514	66	-0.453620377	20.59960252
12/21/2024 5:00	3.344419024	8.032128514	58	0.010866699	21.06265446
12/21/2024 6:00	3.198474761	8.565310493	62	0.496954498	21.54861586
12/21/2024 7:00	3.273437499	8.565310493	54	0.891386566	21.93562205
12/21/2024 8:00	3.179556333	8.565310493	58	1.122728882	22.15857935
12/21/2024 9:00	2.963687022	8.565310493	60	1.130932388	22.15247523
12/21/2024 10:00	2.952302922	8.565310493	62	0.885454712	21.90360017
12/21/2024 11:00	2.642484495	8.565310493	74	0.521740494	21.528122
12/21/2024 12:00	2.51847552	8.032128514	66	0.050161896	21.06929536
12/21/2024 13:00	2.609312945	8.565310493	72	-0.301133575	20.72435351
12/21/2024 14:00	2.436176373	9.174311927	74	-0.453349533	20.53491617
12/21/2024 15:00	2.249979669	9.174311927	74	-0.435857239	20.56629605
12/21/2024 16:00	2.604092101	9.87654321	78	-0.237395706	20.76484301
12/21/2024 17:00	2.536700469	9.87654321	78	0.103142319	21.10847476
12/21/2024 18:00	2.353016797	9.174311927	80	0.485945282	21.49974078
12/21/2024 19:00	2.494646921	9.87654321	80	0.811691818	21.82397912
12/21/2024 20:00	2.476467149	9.87654321	76	1.003214417	22.01950914
12/21/2024 21:00	2.276186062	9.87654321	78	0.976706085	21.98167355
12/21/2024 22:00	2.45954274	9.87654321	70	0.738339005	21.74744633
12/21/2024 23:00	2.043481619	9.87654321	74	0.330833969	21.33394348
12/22/2024 0:00	2.003246164	9.87654321	74	-0.162946167	20.83351154
12/22/2024 1:00	1.839295443	9.87654321	80	-0.622281494	20.36556262
12/22/2024 2:00	1.872355567	9.174311927	72	-0.948127213	20.05073014
12/22/2024 3:00	1.743521706	9.87654321	76	-1.074998322	19.94157812
12/22/2024 4:00	1.720848569	10.69518717	78	-0.95832962	20.04732372
12/22/2024 5:00	1.616927063	9.87654321	78	-0.666135254	20.33433587
12/22/2024 6:00	1.586804743	7.142857143	36	-0.249381485	20.75929279
12/22/2024 7:00	1.524487352	6.768189509	24	0.182207642	21.19036594
12/22/2024 8:00	1.606686103	6.430868167	18	0.540760574	21.5405549
12/22/2024 9:00	1.581750686	6.430868167	16	0.697079239	21.69504466
12/22/2024 10:00	1.488146256	6.125574273	2	0.648891983	21.64793394
12/22/2024 11:00	1.496807652	6.125574273	2	0.430729446	21.42856925
12/22/2024 12:00	1.454348219	6.430868167	20	0.058100281	21.0593335
12/22/2024 13:00	1.196132628	6.125574273	14	-0.325292053	20.67899838
12/22/2024 14:00	1.251364496	6.430868167	22	-0.641791763	20.35958045
12/22/2024 15:00	1.149997057	5.847953216	18	-0.774411621	20.23231278
12/22/2024 16:00	1.173922569	6.430868167	28	-0.730765762	20.27463721
12/22/2024 17:00	1.347053533	5.847953216	20	-0.507977905	20.49858594
12/22/2024 18:00	1.310163652	6.125574273	2	-0.169505539	20.83576594
12/22/2024 19:00	1.499130971	6.430868167	30	0.231792984	21.23713381
12/22/2024 20:00	1.526734125	6.430868167	20	0.57763916	21.5784183
12/22/2024 21:00	1.306902325	6.125574273	26	0.769880829	21.76638243
12/22/2024 22:00	1.337722767	5.847953216	2	0.747719345	21.74503986
12/22/2024 23:00	1.475265921	6.125574273	22	0.553963242	21.55369031
12/23/2024 0:00	1.371666008	5.847953216	2	0.195427475	21.20157783
12/23/2024 1:00	1.597258729	5.847953216	16	-0.228110733	20.77478888
12/23/2024 2:00	1.47610193	5.361930295	2	-0.634236755	20.3737203
12/23/2024 3:00	1.307456545	6.125574273	22	-0.875293198	20.13684855
12/23/2024 4:00	1.273428251	6.125574273	20	-0.941726151	20.06895594
12/23/2024 5:00	1.136220035	6.125574273	18	-0.806195679	20.20760579
12/23/2024 6:00	1.053450198	6.430868167	22	-0.490384521	20.5156735
12/23/2024 7:00	0.961110497	5.594405594	2	-0.100339355	20.90430918
12/23/2024 8:00	1.159338849	6.125574273	2	0.308296738	21.31192109
12/23/2024 9:00	1.255026661	6.125574273	30	0.595703659	21.60671388
12/23/2024 10:00	1.209393309	6.768189509	38	0.713808594	21.73284131
12/23/2024 11:00	1.408038462	6.125574273	30	0.63047081	21.65626053
12/23/2024 12:00	1.18078978	6.125574273	30	0.379231033	21.40469827
12/23/2024 13:00	1.028829407	6.430868167	48	0.011250076	21.0248538
12/23/2024 14:00	0.997737615	6.430868167	42	-0.392272415	20.62381653
12/23/2024 15:00	0.888455605	6.125574273	42	-0.686194839	20.32533339
12/23/2024 16:00	0.88176212	6.125574273	54	-0.849690857	20.171026
12/23/2024 17:00	0.823166767	6.125574273	48	-0.802014771	20.21586196
12/23/2024 18:00	0.915486458	6.768189509	64	-0.590003433	20.42436128
12/23/2024 19:00	0.844260645	6.125574273	62	-0.26321167	20.74162509
12/23/2024 20:00	0.819731564	6.430868167	60	0.123232422	21.13312136
12/23/2024 21:00	0.838331301	5.847953216	56	0.418886719	21.43314361
12/23/2024 22:00	0.784044019	5.847953216	58	0.586985168	21.60630101
12/23/2024 23:00	0.726703135	5.847953216	60	0.595648346	21.60986637
12/24/2024 0:00	0.631469353	6.125574273	68	0.402918396	21.4120609
12/24/2024 1:00	0.610546302	6.125574273	70	0.064508972	21.07152116
12/24/2024 2:00	0.591999554	10.69518717	86	-0.341582718	20.66583176
12/24/2024 3:00	0.571525196	10.69518717	84	-0.698871078	20.3084409
12/24/2024 4:00	0.438833912	10.69518717	84	-0.918282928	20.09069387
12/24/2024 5:00	0.416545855	10.69518717	82	-0.942695084	20.06818544
12/24/2024 6:00	0.387933009	10.69518717	86	-0.784861984	20.22772126
12/24/2024 7:00	0.357187074	10.69518717	84	-0.490756454	20.52493028
12/24/2024 8:00	0.54806194	4.291845494	142	-0.090281906	20.92797958
12/24/2024 9:00	0.56282897	10.69518717	94	0.287928162	21.30098475
12/24/2024 10:00	0.313391268	10.69518717	104	0.54390007	21.55384818
12/24/2024 11:00	0.326579132	10.69518717	96	0.659796295	21.66626437
12/24/2024 12:00	0.837287974	4.597701149	156	0.565289078	21.56593077
12/24/2024 13:00	0.546908228	5.361930295	138	0.287212906	21.29128346
12/24/2024 14:00	0.631554165	5.361930295	144	-0.057059708	20.95124646
12/24/2024 15:00	0.597633007	5.361930295	138	-0.437196198	20.56688907
12/24/2024 16:00	0.659461274	4.95049505	148	-0.736125412	20.27151147
12/24/2024 17:00	0.558690075	5.361930295	134	-0.87769455	20.12895249
12/24/2024 18:00	0.53987874	5.148005148	128	-0.835975113	20.17268208
12/24/2024 19:00	0.508596226	5.148005148	138	-0.598075333	20.40030346
12/24/2024 20:00	0.372560652	5.361930295	122	-0.248034897	20.75060585
12/24/2024 21:00	0.35998764	9.87654321	102	0.100367126	21.09704124
12/24/2024 22:00	0.369174056	5.594405594	108	0.398388443	21.39583925
12/24/2024 23:00	0.388755091	9.87654321	104	0.574167786	21.57472705
12/25/2024 0:00	0.915295272	4.024144869	2	0.562603531	21.56338075
12/25/2024 1:00	1.080594172	4.439511654	0	0.380791245	21.3844939
12/25/2024 2:00	1.11921309	5.148005148	2	0.048777161	21.05870536
12/25/2024 3:00	1.33581554	5.361930295	22	-0.299693527	20.70923272
12/25/2024 4:00	1.391379864	5.594405594	28	-0.596639099	20.40957128
12/25/2024 5:00	1.277722621	5.847953216	34	-0.753604355	20.2565848
12/25/2024 6:00	1.520944916	6.125574273	26	-0.735564651	20.28111927
12/25/2024 7:00	1.474461737	6.125574273	22	-0.531432571	20.47975961
12/25/2024 8:00	1.524100595	6.125574273	24	-0.192523422	20.8224188
12/25/2024 9:00	1.616494193	6.125574273	18	0.206190643	21.21762631
12/25/2024 10:00	1.666250462	6.430868167	26	0.552238998	21.56037984
12/25/2024 11:00	1.735812919	6.430868167	2	0.794775543	21.79865144
12/25/2024 12:00	1.636519701	6.430868167	22	0.856644211	21.86470542
12/25/2024 13:00	1.558439788	6.768189509	32	0.709295807	21.71351849
12/25/2024 14:00	1.645631524	6.768189509	38	0.40416008	21.41044361
12/25/2024 15:00	1.743882986	6.768189509	36	0.010759888	21.01367749
12/25/2024 16:00	1.793567168	7.142857143	46	-0.372592392	20.63719742
12/25/2024 17:00	1.782519443	6.768189509	34	-0.672179642	20.34463686
12/25/2024 18:00	1.581933797	7.142857143	44	-0.788680496	20.21933663
12/25/2024 19:00	1.739621845	7.142857143	34	-0.717662277	20.29703569
12/25/2024 20:00	1.61055779	7.561436673	40	-0.479489746	20.53534886
12/25/2024 21:00	1.727075444	6.768189509	38	-0.150580826	20.8633638
12/25/2024 22:00	1.574076877	6.768189509	32	0.224247513	21.23630866
12/25/2024 23:00	1.691432267	6.768189509	40	0.523392258	21.52966192
12/26/2024 0:00	1.713731077	6.125574273	22	0.677406845	21.67979058
12/26/2024 1:00	1.534748155	6.768189509	48	0.643993912	21.64383913
12/26/2024 2:00	1.742516517	6.430868167	44	0.431513367	21.43117823
12/26/2024 3:00	1.439908743	7.142857143	44	0.096525726	21.10443403
12/26/2024 4:00	1.310011616	7.142857143	58	-0.239562454	20.76133101
12/26/2024 5:00	1.24642248	6.768189509	50	-0.541305008	20.47127864
12/26/2024 6:00	1.114526163	7.142857143	62	-0.650098267	20.35750618
12/26/2024 7:00	1.171273715	6.768189509	58	-0.594258728	20.41788932
12/26/2024 8:00	1.179760364	6.768189509	64	-0.347999039	20.66576564
12/26/2024 9:00	1.295516247	7.142857143	66	0.015350876	21.02006624
12/26/2024 10:00	1.600529378	7.142857143	68	0.419531403	21.42762299
12/26/2024 11:00	1.725063253	7.561436673	76	0.778427658	21.77632263
12/26/2024 12:00	1.821703329	9.174311927	76	0.991015015	21.99604955
12/26/2024 13:00	1.774846851	8.565310493	86	0.99173027	21.99330271
12/26/2024 14:00	1.860414493	9.87654321	84	0.800148544	21.81421027
12/26/2024 15:00	1.913674027	9.87654321	82	0.445042191	21.44330558
12/26/2024 16:00	2.053044695	9.87654321	86	0.027672348	21.02316565
12/26/2024 17:00	1.757056955	9.87654321	86	-0.416852417	20.58625822
12/26/2024 18:00	1.817488568	10.69518717	84	-0.726716461	20.27938895
12/26/2024 19:00	1.913353243	9.87654321	82	-0.840060654	20.15416026
12/26/2024 20:00	2.288143044	10.69518717	84	-0.765490952	20.2301711
12/26/2024 21:00	2.124547865	10.69518717	78	-0.524575653	20.46567442
12/26/2024 22:00	2.284456717	10.69518717	82	-0.18054718	20.81098398
12/26/2024 23:00	2.280846872	11.66180758	82	0.200945435	21.17871454
12/27/2024 0:00	1.969108268	10.69518717	84	0.486130295	21.48548413
12/27/2024 1:00	1.808609215	10.69518717	80	0.622801361	21.61846692
12/27/2024 2:00	1.923355077	11.66180758	78	0.570650635	21.56938922
12/27/2024 3:00	1.79401837	10.69518717	84	0.349041519	21.33607517
12/27/2024 4:00	1.671503348	11.66180758	84	-0.002303543	20.99910669
12/27/2024 5:00	1.799075112	11.66180758	84	-0.37179512	20.63448376
12/27/2024 6:00	1.785676284	11.66180758	82	-0.638923111	20.36709442
12/27/2024 7:00	1.704406125	11.66180758	78	-0.739507141	20.26216461
12/27/2024 8:00	1.53734697	10.69518717	82	-0.611724319	20.37935438
12/27/2024 9:00	1.551792617	10.69518717	84	-0.365853729	20.63761605
12/27/2024 10:00	1.502426265	11.66180758	82	0.025745926	21.03317352
12/27/2024 11:00	1.562826155	10.69518717	80	0.461037216	21.45654831
12/27/2024 12:00	1.531061641	10.69518717	82	0.798382339	21.79657199
12/27/2024 13:00	1.485689829	10.69518717	82	0.990027008	21.98468967
12/27/2024 14:00	1.371262633	9.87654321	80	0.947893677	21.95084442
12/27/2024 15:00	1.386508135	9.87654321	86	0.705767212	21.70687317
12/27/2024 16:00	1.146603463	9.87654321	88	0.292505798	21.28984222
12/27/2024 17:00	1.249617406	9.87654321	80	-0.19705719	20.80585509
12/27/2024 18:00	1.228984927	9.87654321	84	-0.636001053	20.3654938
12/27/2024 19:00	1.159825867	9.174311927	84	-0.923615875	20.07899559
12/27/2024 20:00	1.210677333	9.87654321	92	-0.997876587	20.00024109
12/27/2024 21:00	1.049755197	9.87654321	92	-0.890811386	20.1152968
12/27/2024 22:00	1.136510188	10.69518717	78	-0.590341034	20.41764893
12/27/2024 23:00	1.193816778	10.69518717	76	-0.19358963	20.81497484
12/28/2024 0:00	1.162051356	9.87654321	90	0.209845123	21.20827786
12/28/2024 1:00	1.163435529	9.87654321	86	0.506376801	21.5070449
12/28/2024 2:00	1.052032634	9.87654321	86	0.618624268	21.61669937
12/28/2024 3:00	0.914273194	9.87654321	82	0.541620789	21.53826888
12/28/2024 4:00	0.963778545	9.87654321	78	0.286331711	21.28532356
12/28/2024 5:00	0.911841914	9.87654321	82	-0.086841049	20.9075256
12/28/2024 6:00	0.932145967	9.87654321	82	-0.452466431	20.54062841
12/28/2024 7:00	0.93958087	9.87654321	84	-0.712111893	20.29054173
12/28/2024 8:00	0.862999279	9.174311927	78	-0.762315216	20.24560041
12/28/2024 9:00	0.903767432	9.174311927	82	-0.609809341	20.39604567
12/28/2024 10:00	0.791654356	9.174311927	76	-0.279817047	20.7214972
12/28/2024 11:00	0.844541957	9.174311927	88	0.169869003	21.16938346
12/28/2024 12:00	0.800642717	9.87654321	86	0.616501389	21.61722249
12/28/2024 13:00	0.798403981	9.87654321	94	0.935236511	21.9330406
12/28/2024 14:00	0.751128605	9.87654321	78	1.056919632	22.05503421
12/28/2024 15:00	0.70684103	9.174311927	82	0.95871788	21.95385273
12/28/2024 16:00	0.716098793	9.174311927	90	0.632870255	21.63239527
12/28/2024 17:00	0.854434983	9.174311927	80	0.156349716	21.16026758
12/28/2024 18:00	0.800460892	9.174311927	84	-0.365298691	20.63310881
12/28/2024 19:00	0.748166652	9.174311927	82	-0.797198715	20.1977934
12/28/2024 20:00	0.779618303	9.174311927	88	-1.03210968	19.97219981
12/28/2024 21:00	0.782411455	9.87654321	82	-1.065526428	19.93696436
12/28/2024 22:00	0.802314747	9.87654321	88	-0.869033279	20.14158154
12/28/2024 23:00	0.75449274	9.87654321	84	-0.527644577	20.47622143
12/29/2024 0:00	0.866966211	9.174311927	90	-0.058373871	20.94785473
12/29/2024 1:00	0.841154176	9.174311927	100	0.361605225	21.36211122
12/29/2024 2:00	0.870106321	9.87654321	90	0.617502747	21.6147313
12/29/2024 3:00	0.727385071	9.174311927	110	0.70056015	21.69444221
12/29/2024 4:00	0.637463841	9.87654321	90	0.552710114	21.54889798
12/29/2024 5:00	0.690624218	9.87654321	92	0.22352272	21.22703649
12/29/2024 6:00	0.631957001	9.87654321	88	-0.158374252	20.8428507
12/29/2024 7:00	0.725028306	9.174311927	84	-0.536982956	20.45995431
12/29/2024 8:00	0.608130015	8.565310493	86	-0.729707184	20.27248413
12/29/2024 9:00	0.646472909	9.174311927	92	-0.740601959	20.2617615
12/29/2024 10:00	0.599119048	8.032128514	84	-0.528249207	20.47675856
12/29/2024 11:00	0.584064868	9.87654321	94	-0.102332535	20.89466789
12/29/2024 12:00	0.618329159	8.565310493	102	0.378328857	21.37649508
12/29/2024 13:00	0.61938595	9.174311927	92	0.807684479	21.8055221
12/29/2024 14:00	0.608477809	9.174311927	104	1.109249649	22.09907774
12/29/2024 15:00	0.546950168	9.87654321	98	1.143976746	22.14817753
12/29/2024 16:00	0.593012653	9.174311927	100	0.975405273	21.97312546
12/29/2024 17:00	0.613616189	9.174311927	98	0.580114899	21.57551677
12/29/2024 18:00	0.585465204	9.87654321	96	0.035940704	21.02727138
12/29/2024 19:00	0.472817166	9.87654321	92	-0.509486618	20.49262183
12/29/2024 20:00	0.462477246	10.69518717	92	-0.917935791	20.08372616
12/29/2024 21:00	0.513569417	9.174311927	94	-1.118926468	19.88344811
12/29/2024 22:00	0.566779846	8.565310493	92	-1.068009796	19.94127753
12/29/2024 23:00	0.568807456	9.87654321	92	-0.801637115	20.20339717
12/30/2024 0:00	0.568298628	8.565310493	90	-0.356063309	20.64930201
12/30/2024 1:00	0.5755825	9.87654321	92	0.115692673	21.1183441
12/30/2024 2:00	0.613246177	7.561436673	98	0.519831238	21.51759319
12/30/2024 3:00	0.582134778	9.87654321	106	0.751764832	21.75197229
12/30/2024 4:00	0.535493885	9.174311927	108	0.76498848	21.76498154
12/30/2024 5:00	0.567766761	10.69518717	94	0.557507095	21.55666025
12/30/2024 6:00	0.562094955	9.87654321	98	0.180286942	21.18707793
12/30/2024 7:00	0.523691193	9.87654321	96	-0.235694351	20.77484488
12/30/2024 8:00	0.579656352	9.87654321	92	-0.58059639	20.43441533
12/30/2024 9:00	0.640327425	9.87654321	94	-0.716521683	20.29390208
12/30/2024 10:00	0.950800157	5.361930295	132	-0.648105087	20.36774539
12/30/2024 11:00	1.02463039	5.148005148	136	-0.321303787	20.68662969
12/30/2024 12:00	1.056137722	5.148005148	144	0.148321686	21.15778785
12/30/2024 13:00	1.296983242	5.361930295	140	0.6689077	21.67795876
12/30/2024 14:00	1.565632609	5.361930295	146	1.090017853	22.10162336
12/30/2024 15:00	1.561470978	5.594405594	136	1.353195724	22.36078826
12/30/2024 16:00	1.599447156	6.125574273	138	1.325779495	22.32883351
12/30/2024 17:00	1.613869528	6.430868167	126	1.06604248	22.07253296
12/30/2024 18:00	1.699002156	6.768189509	126	0.571753082	21.58342794
12/30/2024 19:00	1.435755027	6.768189509	124	-0.027503433	20.98683307
12/30/2024 20:00	1.380289855	6.768189509	124	-0.54320282	20.46503942
12/30/2024 21:00	1.306437522	6.430868167	130	-0.9353022	20.07828114
12/30/2024 22:00	1.055127223	6.430868167	116	-1.071065369	19.93489489
12/30/2024 23:00	0.952976639	5.594405594	122	-0.948476257	20.06085987
12/31/2024 0:00	0.99273727	6.125574273	120	-0.61965889	20.38578175
12/31/2024 1:00	0.848079704	7.142857143	108	-0.148627701	20.85685689
12/31/2024 2:00	0.869089319	9.174311927	104	0.326321182	21.3278994
12/31/2024 3:00	0.929731723	6.768189509	114	0.684134064	21.68583611
12/31/2024 4:00	0.910051276	6.768189509	106	0.871841965	21.86900649
12/31/2024 5:00	0.840343715	9.87654321	124	0.801464615	21.79182988
12/31/2024 6:00	0.902842637	9.174311927	118	0.485979614	21.47370462
12/31/2024 7:00	0.904838425	10.69518717	120	0.048920212	21.04079287
12/31/2024 8:00	0.990389005	10.69518717	126	-0.396256866	20.6050013
12/31/2024 9:00	0.904775359	10.69518717	116	-0.70700592	20.28641169
12/31/2024 10:00	0.938281845	10.69518717	106	-0.777154388	20.21859123
12/31/2024 11:00	0.810481839	10.69518717	108	-0.615466537	20.37716144
12/31/2024 12:00	0.785958075	9.174311927	114	-0.22004837	20.76998039
12/31/2024 13:00	0.807322194	9.87654321	118	0.296053467	21.28421208
12/31/2024 14:00	0.783231011	9.174311927	124	0.812920151	21.79070591
12/31/2024 15:00	0.750533065	9.87654321	118	1.209364471	22.18282094
12/31/2024 16:00	0.814261281	9.87654321	122	1.374609528	22.35228478
12/31/2024 17:00	0.792645168	9.87654321	118	1.239637909	22.21134457
12/31/2024 18:00	0.841689039	9.87654321	122	0.867760239	21.84411711
12/31/2024 19:00	0.747884655	9.87654321	116	0.289711533	21.2841936
12/31/2024 20:00	0.880129024	9.87654321	110	-0.308196487	20.69461722
12/31/2024 21:00	0.79607467	9.174311927	100	-0.837518158	20.16170734
12/31/2024 22:00	0.818984471	7.561436673	100	-1.139821472	19.86334073
12/31/2024 23:00	0.739927638	9.174311927	92	-1.178037109	19.82578915
1/1/2025 0:00	0.735999347	9.174311927	106	-0.936934891	20.06249955
1/1/2025 1:00	0.707226596	8.565310493	104	-0.500092926	20.49874155
1/1/2025 2:00	0.718698977	8.565310493	102	0.035595474	21.04090041
1/1/2025 3:00	0.623137057	7.561436673	106	0.52062088	21.52480031
1/1/2025 4:00	0.665092298	8.565310493	116	0.859530029	21.8628508
1/1/2025 5:00	1.005258005	8.565310493	118	0.96562439	21.97163777
1/1/2025 6:00	1.248611396	4.291845494	94	0.814854202	21.81862286
1/1/2025 7:00	1.45637386	4.597701149	104	0.454010544	21.46955273
1/1/2025 8:00	1.815168305	5.361930295	114	-0.002896729	21.01778072
1/1/2025 9:00	1.722807874	5.594405594	114	-0.428311768	20.61035927
1/1/2025 10:00	2.140862059	5.847953216	114	-0.675685349	20.35758708
1/1/2025 11:00	2.239783661	6.125574273	114	-0.644868317	20.38560082
1/1/2025 12:00	1.956196978	6.430868167	116	-0.350053253	20.67800263
1/1/2025 13:00	2.012314155	6.768189509	106	0.099720535	21.12897321
1/1/2025 14:00	2.113361324	7.142857143	114	0.676102219	21.69346949
1/1/2025 15:00	1.966992216	7.561436673	104	1.178448257	22.20501846
1/1/2025 16:00	1.67381221	6.768189509	104	1.521511612	22.5354328
1/1/2025 17:00	1.53205733	8.565310493	110	1.578779755	22.58707764
1/1/2025 18:00	1.584939497	8.565310493	110	1.321810303	22.3355125
1/1/2025 19:00	1.345785155	8.032128514	106	0.855635223	21.86992338
1/1/2025 20:00	1.314015568	8.565310493	110	0.244696198	21.26058801
1/1/2025 21:00	1.313925006	8.032128514	110	-0.382991257	20.62685639
1/1/2025 22:00	1.113999296	8.032128514	102	-0.888848724	20.12512939
1/1/2025 23:00	1.092333266	7.561436673	106	-1.102906647	19.89919719
1/2/2025 0:00	0.998238641	7.561436673	98	-1.031077805	19.96925051
1/2/2025 1:00	0.921335925	7.142857143	98	-0.739180984	20.27012584
1/2/2025 2:00	0.945455643	7.561436673	100	-0.260659637	20.75219046
1/2/2025 3:00	0.986688395	7.142857143	86	0.288988647	21.29505981
1/2/2025 4:00	0.937688237	8.565310493	106	0.726231155	21.73174978
1/2/2025 5:00	0.860888446	8.032128514	106	0.977098999	21.98289082
1/2/2025 6:00	0.822748495	9.174311927	116	0.959621964	21.96262342
1/2/2025 7:00	0.816972203	8.565310493	108	0.690781174	21.69491159
1/2/2025 8:00	0.762785318	8.565310493	108	0.230684814	21.23818849
1/2/2025 9:00	0.797399417	9.87654321	110	-0.288787308	20.7267883
1/2/2025 10:00	0.772889343	9.174311927	106	-0.759459915	20.25792652
1/2/2025 11:00	0.819722635	5.594405594	18	-0.9836306	20.03830157
1/2/2025 12:00	0.840241304	10.69518717	106	-0.946372452	20.07162877
1/2/2025 13:00	0.965850284	6.125574273	2	-0.647820892	20.36593466
1/2/2025 14:00	1.048074531	6.768189509	18	-0.180169525	20.83197176
1/2/2025 15:00	1.131066924	6.768189509	2	0.369804916	21.38649205
1/2/2025 16:00	1.066436652	9.87654321	2	0.879431305	21.88724038
1/2/2025 17:00	0.979430471	9.87654321	120	1.15753418	22.16478523
1/2/2025 18:00	0.92993115	9.87654321	124	1.157784042	22.16157127
1/2/2025 19:00	0.829287104	10.69518717	120	0.900423584	21.90586745
1/2/2025 20:00	0.795061201	10.69518717	112	0.41316658	21.42171096
1/2/2025 21:00	0.700789999	11.66180758	106	-0.209929886	20.80406098
1/2/2025 22:00	0.78349294	12.82051282	94	-0.807393494	20.20842848
1/2/2025 23:00	0.744676726	6.430868167	20	-1.230962219	19.78685051
1/3/2025 0:00	0.692131644	6.125574273	20	-1.384753647	19.6342471
1/3/2025 1:00	0.810756094	5.361930295	26	-1.279595795	19.74198997
1/3/2025 2:00	0.846278702	5.594405594	2	-0.924067917	20.0940574
1/3/2025 3:00	0.912903515	4.767580453	356	-0.415416183	20.59996396
1/3/2025 4:00	0.961386056	4.95049505	0	0.141270218	21.15393237
1/3/2025 5:00	0.859297471	6.430868167	2	0.562603531	21.57318444
1/3/2025 6:00	0.869520392	5.847953216	0	0.760492859	21.767291
1/3/2025 7:00	0.764621599	6.430868167	358	0.706457672	21.71376281
1/3/2025 8:00	0.709786764	12.82051282	78	0.412855682	21.41990036
1/3/2025 9:00	0.680485901	14.23487544	88	-0.07126564	20.94019073
1/3/2025 10:00	0.648593471	14.23487544	80	-0.565558853	20.44655268
1/3/2025 11:00	0.656866342	14.23487544	82	-0.955834808	20.06202732
1/3/2025 12:00	0.614935984	12.82051282	82	-1.10755867	19.90500227
1/3/2025 13:00	0.631673734	6.125574273	14	-0.992135468	20.02023587
1/3/2025 14:00	0.723760588	6.768189509	2	-0.650226059	20.36418926
1/3/2025 15:00	0.818416789	6.430868167	358	-0.129638138	20.88284128
1/3/2025 16:00	0.770384326	5.847953216	2	0.426785049	21.43959476
1/3/2025 17:00	0.750584865	6.125574273	356	0.880331573	21.88650812
1/3/2025 18:00	0.738594372	6.430868167	2	1.101051865	22.11203211
1/3/2025 19:00	0.698473734	6.125574273	2	1.053001938	22.05890886
1/3/2025 20:00	0.505569826	6.125574273	2	0.758493958	21.76530641
1/3/2025 21:00	0.52336758	5.361930295	2	0.226208267	21.23763571
1/3/2025 22:00	0.546271662	16	94	-0.374270859	20.63444601
1/3/2025 23:00	0.51455602	16	82	-0.891421738	20.11957549
1/4/2025 0:00	0.557064962	5.148005148	2	-1.229419174	19.78393914
1/4/2025 1:00	0.555090356	14.23487544	88	-1.280143204	19.72971357
1/4/2025 2:00	0.639922006	14.23487544	90	-1.066087189	19.95062457
1/4/2025 3:00	0.638302027	14.23487544	88	-0.635005417	20.3748186
1/4/2025 4:00	0.499210775	14.23487544	96	-0.077205124	20.93372055
1/4/2025 5:00	0.487564877	14.23487544	102	0.467960892	21.47993232
1/4/2025 6:00	0.538759932	14.23487544	94	0.858278809	21.87002847
1/4/2025 7:00	0.512731225	14.23487544	88	1.007778702	22.01708883
1/4/2025 8:00	0.582910454	16	88	0.894449768	21.90141758
1/4/2025 9:00	0.654329101	16	96	0.543333588	21.54973352
1/4/2025 10:00	0.707280865	16	90	0.047751007	21.06020092
1/4/2025 11:00	0.614236653	16	80	-0.435046616	20.57707859
1/4/2025 12:00	0.67063784	16	86	-0.774550858	20.24434407
1/4/2025 13:00	0.638489397	16	86	-0.868253174	20.15029207
1/4/2025 14:00	0.603079251	14.23487544	90	-0.698678436	20.31422136
1/4/2025 15:00	0.612881931	14.23487544	96	-0.305703583	20.70417749
1/4/2025 16:00	0.82430208	16	86	0.211777267	21.22543429
1/4/2025 17:00	0.891058364	14.23487544	90	0.743784485	21.7540848
1/4/2025 18:00	1.042405702	14.23487544	98	1.116720734	22.12661587
1/4/2025 19:00	0.963264141	14.23487544	82	1.260220108	22.27077249
1/4/2025 20:00	1.051044339	6.125574273	2	1.16200119	22.1682682
1/4/2025 21:00	1.113332572	14.23487544	70	0.783197937	21.78689285
1/4/2025 22:00	1.221198477	14.23487544	76	0.214663086	21.22283363
1/4/2025 23:00	1.104124441	14.23487544	84	-0.38288826	20.63183848
1/5/2025 0:00	0.998201625	5.847953216	2	-0.874461594	20.14407496
1/5/2025 1:00	1.09921447	14.23487544	78	-1.149543228	19.86758139
1/5/2025 2:00	0.889032711	14.23487544	78	-1.143643799	19.87730819
1/5/2025 3:00	0.863015577	14.23487544	88	-0.874139252	20.14759352
1/5/2025 4:00	0.856554573	14.23487544	88	-0.401965561	20.61830437
1/5/2025 5:00	0.88295932	14.23487544	84	0.144220886	21.15963019
1/5/2025 6:00	0.98734863	14.23487544	84	0.645102081	21.65964458
1/5/2025 7:00	0.888889179	12.82051282	88	0.980532227	21.9935795
1/5/2025 8:00	0.933636138	14.23487544	84	1.048222122	22.05398459
1/5/2025 9:00	0.830709842	14.23487544	86	0.848806915	21.85449514
1/5/2025 10:00	0.819395516	14.23487544	78	0.428946075	21.43958516
1/5/2025 11:00	0.733983612	14.23487544	80	-0.098124924	20.90893688
1/5/2025 12:00	0.880277947	12.82051282	80	-0.592799606	20.42439273
1/5/2025 13:00	0.802412596	14.23487544	76	-0.915589752	20.0969981
1/5/2025 14:00	0.752036552	12.82051282	84	-1.018039169	19.99640776
1/5/2025 15:00	0.709789755	12.82051282	86	-0.811109009	20.20930134
1/5/2025 16:00	0.844660174	12.82051282	88	-0.413577499	20.60148926
1/5/2025 17:00	0.947736122	12.82051282	86	0.087482986	21.10243088
1/5/2025 18:00	0.97192931	12.82051282	86	0.588438568	21.60593104
1/5/2025 19:00	0.909566738	12.82051282	2	0.968411026	21.98023968
1/5/2025 20:00	0.854906276	12.82051282	88	1.096062241	22.10126498
1/5/2025 21:00	0.765044176	4.95049505	358	0.947802124	21.95589952
1/5/2025 22:00	0.82933863	5.594405594	18	0.550724564	21.55941232
1/5/2025 23:00	1.063866411	5.594405594	0	-0.004029694	21.01233252
1/6/2025 0:00	1.317290606	7.142857143	2	-0.571118774	20.44933599
1/6/2025 1:00	1.575153874	6.768189509	2	-1.052468719	19.97648906
1/6/2025 2:00	1.684215209	7.561436673	28	-1.300313416	19.73258896
1/6/2025 3:00	1.901836495	8.032128514	20	-1.27467865	19.76163139
1/6/2025 4:00	1.965597434	8.032128514	18	-0.963303986	20.07160343
1/6/2025 5:00	1.630620748	6.768189509	20	-0.498490753	20.53700146
1/6/2025 6:00	1.472373317	7.142857143	2	0.063885269	21.08194362
1/6/2025 7:00	1.400062368	6.430868167	2	0.531132278	21.55274182
1/6/2025 8:00	1.380663622	6.768189509	2	0.829325256	21.86239286
1/6/2025 9:00	1.155964666	6.430868167	2	0.876652298	21.89516371
1/6/2025 10:00	1.187260479	6.430868167	2	0.656824646	21.67596682
1/6/2025 11:00	1.228029675	6.125574273	2	0.232428131	21.24634727
1/6/2025 12:00	1.016064021	6.125574273	2	-0.291610184	20.72359825
1/6/2025 13:00	0.81018142	6.125574273	28	-0.773488464	20.24696564
1/6/2025 14:00	0.79102567	5.594405594	12	-1.09791893	19.91783471
1/6/2025 15:00	0.79759976	5.847953216	22	-1.157029572	19.86650187
1/6/2025 16:00	0.764072582	5.847953216	30	-0.945260468	20.08376983
1/6/2025 17:00	0.692826104	5.594405594	34	-0.561431351	20.45881531
1/6/2025 18:00	0.584354765	5.361930295	2	-0.057237091	20.95554247
1/6/2025 19:00	0.534756429	5.361930295	2	0.46092659	21.47248154
1/6/2025 20:00	0.511039284	5.361930295	26	0.834219513	21.84846495
1/6/2025 21:00	0.46194841	6.125574273	54	0.978357849	21.98592815
1/6/2025 22:00	0.421868099	5.594405594	36	0.874687729	21.87791279
1/6/2025 23:00	0.568415246	4.597701149	2	0.546377716	21.56375261
1/7/2025 0:00	0.466924021	5.594405594	46	0.086597977	21.10986068
1/7/2025 1:00	0.389779793	5.361930295	46	-0.38962883	20.63743177
1/7/2025 2:00	0.413642003	5.361930295	56	-0.766061249	20.2708102
1/7/2025 3:00	0.340579479	5.148005148	64	-0.868249359	20.17103869
1/7/2025 4:00	0.305763734	5.361930295	70	-0.716163101	20.31443778
1/7/2025 5:00	0.989986733	4.597701149	356	-0.389790955	20.63363752
1/7/2025 6:00	1.213904417	4.767580453	358	0.114670334	21.13048545
1/7/2025 7:00	1.294033558	5.148005148	356	0.650524673	21.6636787
1/7/2025 8:00	1.430347375	5.594405594	0	1.078037796	22.09046829
1/7/2025 9:00	1.380616954	5.594405594	0	1.284449158	22.30010544
1/7/2025 10:00	1.403872727	6.125574273	2	1.275278625	22.28682237
1/7/2025 11:00	1.265744187	6.125574273	2	0.998222885	22.00809513
1/7/2025 12:00	1.321814289	5.847953216	2	0.52799469	21.54610257
1/7/2025 13:00	1.258596733	6.430868167	2	-0.016387405	21.00571807
1/7/2025 14:00	1.283216206	6.125574273	2	-0.500707092	20.52031683
1/7/2025 15:00	1.391984857	6.430868167	2	-0.812322083	20.21091315
1/7/2025 16:00	1.334313875	6.768189509	20	-0.86017746	20.16379939
1/7/2025 17:00	1.342808322	6.768189509	2	-0.695849838	20.32547097
1/7/2025 18:00	1.340039535	6.768189509	2	-0.339913788	20.67940113
1/7/2025 19:00	1.393981167	7.142857143	2	0.146139679	21.16140572
1/7/2025 20:00	1.367890791	6.768189509	16	0.600081024	21.61585765
1/7/2025 21:00	1.305858237	5.594405594	2	0.907995758	21.9194941
1/7/2025 22:00	1.381009118	6.768189509	2	0.99734169	22.0092767
1/7/2025 23:00	1.340270233	7.142857143	2	0.837814865	21.84728498
1/8/2025 0:00	1.493350864	7.142857143	20	0.449713287	21.46416288
1/8/2025 1:00	1.484717169	7.142857143	16	-0.04723114	20.96932685
1/8/2025 2:00	1.554370586	8.565310493	26	-0.565699997	20.46231551
1/8/2025 3:00	1.437840806	7.142857143	14	-0.911755981	20.10838439
1/8/2025 4:00	1.532287374	7.561436673	16	-1.042828979	19.98002726
1/8/2025 5:00	1.561714401	7.561436673	20	-0.872582855	20.14989941
1/8/2025 6:00	1.475811623	8.032128514	18	-0.518271866	20.50118753
1/8/2025 7:00	1.439909695	6.430868167	2	0.00947052	21.02326403
1/8/2025 8:00	1.353339444	7.142857143	2	0.564865646	21.578567
1/8/2025 9:00	1.320570504	7.142857143	10	1.015278397	22.03187537
1/8/2025 10:00	1.404120047	7.142857143	2	1.242020187	22.26548257
1/8/2025 11:00	1.245600451	6.430868167	2	1.229021606	22.24200904
1/8/2025 12:00	1.183602975	6.430868167	2	0.937998352	21.95123821
1/8/2025 13:00	1.195453877	6.768189509	2	0.451998291	21.46748017
1/8/2025 14:00	1.097063225	6.768189509	2	-0.114877167	20.89835154
1/8/2025 15:00	1.118995275	6.430868167	2	-0.629605713	20.3864497
1/8/2025 16:00	1.208419605	6.768189509	20	-0.96245903	20.05574658
1/8/2025 17:00	1.22037331	7.142857143	2	-1.056212845	19.96285552
1/8/2025 18:00	1.229494904	7.561436673	28	-0.913621368	20.10739565
1/8/2025 19:00	1.245517361	7.142857143	2	-0.56014389	20.46208318
1/8/2025 20:00	1.217440899	6.125574273	2	-0.066420975	20.9530422
1/8/2025 21:00	1.298929831	7.142857143	2	0.407610474	21.42142635
1/8/2025 22:00	1.251648898	6.768189509	2	0.747431335	21.75661827
1/8/2025 23:00	1.092500462	7.142857143	12	0.879381714	21.88863328
1/9/2025 0:00	1.029230925	6.768189509	14	0.764973221	21.7730363
1/9/2025 1:00	1.01796733	7.142857143	14	0.41742569	21.43027174
1/9/2025 2:00	1.209424131	6.768189509	18	-0.041325989	20.97428627
1/9/2025 3:00	1.344538717	7.142857143	2	-0.522307816	20.49423051
1/9/2025 4:00	1.367097186	7.561436673	22	-0.858449402	20.16357587
1/9/2025 5:00	1.358907048	8.032128514	28	-0.985150757	20.04109922
1/9/2025 6:00	1.2450604	6.768189509	14	-0.846042099	20.17784883
1/9/2025 7:00	1.221362612	7.142857143	2	-0.485139313	20.53349547
1/9/2025 8:00	1.384851483	7.142857143	2	0.028032837	21.04845098
1/9/2025 9:00	1.400015186	6.768189509	2	0.573267517	21.58561017
1/9/2025 10:00	1.308843099	6.430868167	358	0.99860817	22.01115441
1/9/2025 11:00	1.378559888	6.768189509	2	1.258244095	22.27408146
1/9/2025 12:00	1.265911014	6.768189509	0	1.253458557	22.2670038
1/9/2025 13:00	1.283435903	6.430868167	14	0.982096252	21.99844054
1/9/2025 14:00	1.243993678	4.291845494	358	0.517561493	21.52993284
1/9/2025 15:00	1.373898892	6.430868167	2	-0.016602936	20.99552153
1/9/2025 16:00	1.284041384	7.142857143	18	-0.522839966	20.49807975
1/9/2025 17:00	1.467826824	6.430868167	2	-0.859511795	20.16192503
1/9/2025 18:00	1.559409783	7.142857143	2	-0.982289734	20.0429466
1/9/2025 19:00	1.692947374	7.142857143	20	-0.841319504	20.18111547
1/9/2025 20:00	1.567352977	6.768189509	2	-0.477485123	20.54574737
1/9/2025 21:00	1.666451399	7.142857143	2	-0.012809219	21.00730548
1/9/2025 22:00	1.819605145	7.561436673	28	0.445288239	21.46693693
1/9/2025 23:00	1.737512237	7.561436673	2	0.805889664	21.82653049
1/10/2025 0:00	1.809231451	7.561436673	18	0.935738144	21.95574622
1/10/2025 1:00	2.009457496	7.561436673	2	0.829857407	21.85840255
1/10/2025 2:00	1.691517439	7.561436673	14	0.512695847	21.53230251
1/10/2025 3:00	1.893068971	7.561436673	20	0.064735947	21.08859376
1/10/2025 4:00	1.793334018	7.561436673	18	-0.397159042	20.63217812
1/10/2025 5:00	1.808139362	7.561436673	20	-0.714787903	20.31051762
1/10/2025 6:00	1.918230738	8.032128514	26	-0.842730942	20.1884021
1/10/2025 7:00	1.868249179	7.561436673	20	-0.680209579	20.34488404
1/10/2025 8:00	1.851814589	7.561436673	18	-0.308375778	20.71304519
1/10/2025 9:00	2.037903422	8.032128514	24	0.191202698	21.2156831
1/10/2025 10:00	1.914420268	7.561436673	22	0.725042877	21.74823585
1/10/2025 11:00	1.927880348	7.561436673	2	1.16373497	22.18324226
1/10/2025 12:00	1.891921597	7.142857143	2	1.404856262	22.42844271
1/10/2025 13:00	1.590880358	7.142857143	20	1.360678253	22.38200615
1/10/2025 14:00	1.685394575	7.142857143	2	1.059364853	22.08643503
1/10/2025 15:00	1.689917265	7.561436673	26	0.56292778	21.58239114
1/10/2025 16:00	1.514389719	6.768189509	20	-0.031096878	20.9834475
1/10/2025 17:00	1.642506559	7.561436673	32	-0.582055511	20.44214506
1/10/2025 18:00	1.2380195	6.768189509	22	-0.972514572	20.05038402
1/10/2025 19:00	1.187726522	6.430868167	20	-1.098164978	19.92806136
1/10/2025 20:00	1.082368709	6.768189509	42	-0.922437134	20.0949492
1/10/2025 21:00	0.955719113	6.430868167	36	-0.576772156	20.43810259
1/10/2025 22:00	0.94994456	6.125574273	40	-0.088212433	20.9236513
1/10/2025 23:00	1.111136518	5.594405594	2	0.434076843	21.44311999
1/11/2025 0:00	1.000286085	5.594405594	32	0.843338547	21.84949832
1/11/2025 1:00	0.839006015	6.125574273	42	1.024078903	22.03338508
1/11/2025 2:00	0.972326207	5.594405594	38	0.937277374	21.93957919
1/11/2025 3:00	0.814292711	5.847953216	56	0.639803467	21.64354001
1/11/2025 4:00	0.740477046	6.430868167	70	0.198204575	21.20734463
1/11/2025 5:00	0.76781682	6.125574273	70	-0.261796417	20.742466
1/11/2025 6:00	0.754151449	6.125574273	64	-0.616765442	20.39472096
1/11/2025 7:00	0.775556871	5.847953216	56	-0.739497604	20.27818762
1/11/2025 8:00	0.810241092	5.361930295	54	-0.59357399	20.41881438
1/11/2025 9:00	0.76857875	5.847953216	46	-0.21706337	20.78992877
1/11/2025 10:00	0.778988854	5.847953216	32	0.309052048	21.31185949
1/11/2025 11:00	0.647821569	5.847953216	62	0.892317352	21.8976382
1/11/2025 12:00	0.647519818	5.847953216	66	1.335032043	22.34010913
1/11/2025 13:00	0.642932242	6.125574273	72	1.577719269	22.57825549
1/11/2025 14:00	0.643037502	5.594405594	70	1.52471405	22.53632519
1/11/2025 15:00	0.673069755	5.847953216	68	1.251827774	22.2491294
1/11/2025 16:00	0.536547593	6.125574273	78	0.711580811	21.71627064
1/11/2025 17:00	0.569519909	5.594405594	78	0.110971985	21.11999132
1/11/2025 18:00	0.560684745	5.594405594	66	-0.497289124	20.52346624
1/11/2025 19:00	0.573135139	5.847953216	80	-0.874429169	20.14767347
1/11/2025 20:00	0.565695568	5.847953216	76	-0.998801651	20.02098484
1/11/2025 21:00	0.465926854	14.23487544	86	-0.842967453	20.17534034
1/11/2025 22:00	1.079429752	4.291845494	2	-0.465943756	20.55401965
1/11/2025 23:00	1.441952852	5.148005148	2	0.067728577	21.08715954
1/12/2025 0:00	1.763359111	5.847953216	2	0.559040604	21.59109335
1/12/2025 1:00	1.793876612	6.125574273	2	0.954458771	21.98731175
1/12/2025 2:00	1.656417236	6.125574273	2	1.114958344	22.13502464
1/12/2025 3:00	1.678989845	5.847953216	14	1.023947296	22.04170409
1/12/2025 4:00	1.677954291	6.125574273	2	0.676790771	21.69912027
1/12/2025 5:00	1.522049219	5.847953216	2	0.194103775	21.21350754
1/12/2025 6:00	1.534686207	6.125574273	2	-0.327180328	20.69778505
1/12/2025 7:00	1.683316774	6.125574273	20	-0.697148743	20.33200225
1/12/2025 8:00	1.64757597	6.430868167	2	-0.835992279	20.1930351
1/12/2025 9:00	1.760872532	6.430868167	18	-0.688275757	20.34096752
1/12/2025 10:00	1.676226899	6.430868167	2	-0.282674255	20.74062244
1/12/2025 11:00	1.825195865	6.430868167	14	0.28079277	21.30306178
1/12/2025 12:00	1.80329738	7.142857143	2	0.869429169	21.88385287
1/12/2025 13:00	1.80944727	6.768189509	18	1.341862259	22.36237365
1/12/2025 14:00	1.622702702	6.768189509	18	1.586105881	22.60020444
1/12/2025 15:00	1.550300899	7.142857143	26	1.529955444	22.54246263
1/12/2025 16:00	1.540514602	6.768189509	26	1.178330002	22.19897895
1/12/2025 17:00	1.535877264	6.430868167	34	0.619333801	21.63701639
1/12/2025 18:00	1.308947361	6.430868167	34	-0.051579895	20.97028821
1/12/2025 19:00	1.327417699	6.430868167	50	-0.650817337	20.36222283
1/12/2025 20:00	1.313790916	6.768189509	64	-1.053367081	19.96904742
1/12/2025 21:00	1.269926153	6.430868167	62	-1.186732712	19.83179678
1/12/2025 22:00	1.351283138	6.768189509	56	-0.999879303	20.00730482
1/12/2025 23:00	1.356336305	6.768189509	72	-0.589641037	20.40797812
1/13/2025 0:00	1.225338493	6.125574273	62	-0.031369629	20.96592742
1/13/2025 1:00	1.204200453	6.768189509	76	0.537993011	21.51818992
1/13/2025 2:00	1.184780016	6.768189509	78	0.937759933	21.91718792
1/13/2025 3:00	1.213644946	6.768189509	74	1.11696106	22.0972684
1/13/2025 4:00	1.227308691	6.430868167	70	0.999447403	21.98699333
1/13/2025 5:00	1.058475057	6.768189509	76	0.6465345	21.64085542
1/13/2025 6:00	1.136704412	6.768189509	86	0.127901611	21.1331397
1/13/2025 7:00	1.0774035	11.66180758	102	-0.404660645	20.60326989
1/13/2025 8:00	1.020764439	7.561436673	88	-0.746270599	20.24023713
1/13/2025 9:00	1.052920388	10.69518717	96	-0.888310852	20.10581073
1/13/2025 10:00	1.122845887	10.69518717	96	-0.705392303	20.28930974
1/13/2025 11:00	1.096354805	9.87654321	94	-0.309527817	20.69378283
1/13/2025 12:00	1.280818815	9.87654321	94	0.294048843	21.28277066
1/13/2025 13:00	1.285424069	9.87654321	102	0.882063446	21.86966311
1/13/2025 14:00	1.201268826	9.87654321	98	1.35003334	22.33816173
1/13/2025 15:00	1.105019243	10.69518717	98	1.569622574	22.5626719
1/13/2025 16:00	1.216850173	11.66180758	98	1.486778793	22.47312429
1/13/2025 17:00	1.070821192	11.66180758	102	1.109936295	22.10774932
1/13/2025 18:00	0.997441045	9.174311927	82	0.494350967	21.49859818
1/13/2025 19:00	1.07905289	11.66180758	100	-0.180444183	20.82369416
1/13/2025 20:00	0.947169609	11.66180758	88	-0.780444565	20.22608276
1/13/2025 21:00	0.967394749	11.66180758	92	-1.182614746	19.8236476
1/13/2025 22:00	0.863181057	11.66180758	92	-1.275802078	19.73207606
1/13/2025 23:00	0.956982229	11.66180758	88	-1.071952286	19.93226895
1/14/2025 0:00	1.000086818	10.69518717	90	-0.624669495	20.37589854
1/14/2025 1:00	1.076433385	10.69518717	92	-0.047311249	20.95124554
1/14/2025 2:00	1.111660988	11.66180758	92	0.507633743	21.51481387
1/14/2025 3:00	1.05746712	11.66180758	92	0.910381851	21.9113178
1/14/2025 4:00	1.225939466	11.66180758	84	1.063034592	22.06701067
1/14/2025 5:00	1.10645808	11.66180758	88	0.930788574	21.92647183
1/14/2025 6:00	1.105175307	10.69518717	86	0.538773117	21.54097642
1/14/2025 7:00	1.021119047	11.66180758	84	0.019703445	21.03741264
1/14/2025 8:00	1.036491676	11.66180758	80	-0.496690216	20.52029024
1/14/2025 9:00	0.918828686	11.66180758	84	-0.868146362	20.15375398
1/14/2025 10:00	0.898376373	12.82051282	84	-0.957406464	20.06463161
1/14/2025 11:00	0.831144497	11.66180758	88	-0.733962479	20.27646709
1/14/2025 12:00	0.876949742	11.66180758	80	-0.283196869	20.7253552
1/14/2025 13:00	1.029666497	11.66180758	82	0.320349274	21.32408497
1/14/2025 14:00	1.035524083	11.66180758	84	0.91682869	21.91664287
1/14/2025 15:00	1.080346699	11.66180758	90	1.37006813	22.36586616
1/14/2025 16:00	0.940472211	9.87654321	98	1.551556168	22.55523678
1/14/2025 17:00	0.93425727	11.66180758	86	1.409330902	22.41951148
1/14/2025 18:00	0.801853833	9.87654321	90	0.98833519	21.9991777
1/14/2025 19:00	0.765511649	9.87654321	80	0.369520721	21.38583038
1/14/2025 20:00	0.784181174	11.66180758	92	-0.293765488	20.72525973
1/14/2025 21:00	0.643332154	10.69518717	88	-0.872390213	20.151376
1/14/2025 22:00	0.615698563	10.69518717	84	-1.221747818	19.79942827
1/14/2025 23:00	0.753594699	11.66180758	94	-1.250791016	19.77522838
1/15/2025 0:00	0.875441907	5.594405594	2	-0.99396843	20.02753551
1/15/2025 1:00	0.952539309	4.024144869	356	-0.518025818	20.5007415
1/15/2025 2:00	1.106475158	5.594405594	358	0.071606216	21.09020506
1/15/2025 3:00	1.009030416	5.148005148	356	0.619965134	21.63606761
1/15/2025 4:00	0.964023468	6.125574273	356	0.982836304	21.99569009
1/15/2025 5:00	0.909575724	5.847953216	2	1.081152496	22.08972682
1/15/2025 6:00	0.8054055	6.125574273	2	0.887299118	21.8956035
1/15/2025 7:00	0.799765772	5.847953216	2	0.4577108	21.47417344
1/15/2025 8:00	0.889396802	5.847953216	2	-0.073710861	20.94402687
1/15/2025 9:00	0.926558781	5.594405594	358	-0.580058517	20.44160718
1/15/2025 10:00	0.959275245	5.847953216	2	-0.900681915	20.12480859
1/15/2025 11:00	0.896933772	5.847953216	2	-0.930797043	20.09146599
1/15/2025 12:00	0.857235188	6.125574273	2	-0.672498169	20.35156773
1/15/2025 13:00	1.20049931	6.125574273	2	-0.192920151	20.82587186
1/15/2025 14:00	1.22259471	6.430868167	16	0.396536407	21.41959516
1/15/2025 15:00	1.1721259	5.847953216	2	0.979408798	21.99328988
1/15/2025 16:00	1.203673856	6.125574273	2	1.377533493	22.39087142
1/15/2025 17:00	1.143232916	6.430868167	16	1.498106537	22.51145138
1/15/2025 18:00	1.031626146	5.847953216	24	1.286816177	22.29956903
1/15/2025 19:00	1.09473932	5.594405594	2	0.836098251	21.8516202
1/15/2025 20:00	1.109602128	6.125574273	22	0.202904282	21.21824557
1/15/2025 21:00	1.167348948	6.125574273	2	-0.456086578	20.56864097
1/15/2025 22:00	1.226460447	6.125574273	16	-0.980124893	20.04366211
1/15/2025 23:00	1.036705374	6.430868167	22	-1.246798935	19.77787648
1/16/2025 0:00	1.078724943	5.847953216	2	-1.20027298	19.83193532
1/16/2025 1:00	1.276975751	6.430868167	28	-0.886893692	20.14589995
1/16/2025 2:00	1.131015413	6.125574273	2	-0.372693481	20.6443904
1/16/2025 3:00	1.174567866	6.430868167	2	0.226736603	21.23569725
1/16/2025 4:00	1.076085866	6.125574273	2	0.766384659	21.75089991
1/16/2025 5:00	0.958825117	5.847953216	2	1.06488472	22.04672588
1/16/2025 6:00	0.808164209	5.594405594	2	1.076237259	22.06815651
1/16/2025 7:00	0.740220914	5.847953216	38	0.819935379	21.83033889
1/16/2025 8:00	0.791995885	5.594405594	28	0.361660538	21.37837598
1/16/2025 9:00	0.866524829	5.361930295	2	-0.184325638	20.83339724
1/16/2025 10:00	0.928141401	5.361930295	20	-0.671924057	20.3547054
1/16/2025 11:00	0.754452848	5.847953216	44	-0.920588913	20.10308401
1/16/2025 12:00	0.675348278	5.594405594	44	-0.896829071	20.12487012
1/16/2025 13:00	0.636273868	5.361930295	36	-0.599574509	20.41952644
1/16/2025 14:00	0.522670773	6.125574273	66	-0.090056839	20.90167494
1/16/2025 15:00	0.569851539	5.594405594	56	0.502495346	21.49442737
1/16/2025 16:00	0.492760237	5.361930295	58	1.034092484	22.02034556
1/16/2025 17:00	0.422840591	5.361930295	50	1.363884506	22.34811842
1/16/2025 18:00	0.443124558	5.361930295	62	1.389799652	22.38672892
1/16/2025 19:00	0.496026518	4.153686397	22	1.135208664	22.15720154
1/16/2025 20:00	0.466734427	4.597701149	64	0.685230789	21.70704945
1/16/2025 21:00	0.411800713	4.767580453	70	0.077019272	21.09307387
1/16/2025 22:00	0.393035875	5.594405594	84	-0.510327759	20.5045962
1/16/2025 23:00	0.375621779	4.95049505	84	-0.952788773	20.0717688
1/17/2025 0:00	0.347000079	5.361930295	90	-1.120810928	19.91575854
1/17/2025 1:00	0.340812902	5.148005148	90	-1.008447113	20.02369717
1/17/2025 2:00	0.332889882	10.69518717	96	-0.650897446	20.37522564
1/17/2025 3:00	0.314061372	10.69518717	90	-0.115395966	20.89305989
1/17/2025 4:00	0.316879468	10.69518717	90	0.440224228	21.44914951
1/17/2025 5:00	0.293155027	7.561436673	110	0.876085815	21.88432601
1/17/2025 6:00	0.330248194	9.87654321	108	1.094439087	22.10627791
1/17/2025 7:00	0.35294631	11.66180758	88	1.039633331	22.04388944
1/17/2025 8:00	0.364308288	11.66180758	98	0.735310135	21.74493919
1/17/2025 9:00	0.343074804	10.69518717	82	0.248280106	21.25905597
1/17/2025 10:00	0.341317361	11.66180758	82	-0.278031769	20.7368342
1/17/2025 11:00	0.317467219	10.69518717	98	-0.684720459	20.33246647
1/17/2025 12:00	0.327987811	9.174311927	88	-0.855908813	20.16333698
1/17/2025 13:00	0.39304322	10.69518717	80	-0.771480026	20.24850351
1/17/2025 14:00	0.30040824	10.69518717	96	-0.432645264	20.58460168
1/17/2025 15:00	0.891706763	4.439511654	356	0.05323082	21.07597353
1/17/2025 16:00	1.097765008	4.95049505	358	0.599337158	21.62042158
1/17/2025 17:00	1.246148721	5.847953216	356	1.036366043	22.0577085
1/17/2025 18:00	1.171548087	5.847953216	358	1.261587677	22.28222124
1/17/2025 19:00	1.145573975	5.594405594	2	1.216032562	22.23200876
1/17/2025 20:00	1.313995973	5.594405594	2	0.93121582	21.94864895
1/17/2025 21:00	1.025662805	5.594405594	18	0.427641449	21.44788069
1/17/2025 22:00	0.871614434	5.361930295	24	-0.169665756	20.85027602
1/17/2025 23:00	0.764554122	5.148005148	36	-0.692193451	20.33377124
1/18/2025 0:00	0.640912561	5.148005148	46	-1.022912445	19.99513243
1/18/2025 1:00	0.499909576	5.148005148	62	-1.094466629	19.92622568
1/18/2025 2:00	0.581116564	4.767580453	54	-0.898841324	20.11409267
1/18/2025 3:00	0.524416623	4.95049505	74	-0.506505432	20.50951191
1/18/2025 4:00	0.510727693	4.439511654	62	0.015989838	21.03226016
1/18/2025 5:00	0.394307127	8.565310493	114	0.53108078	21.54543809
1/18/2025 6:00	0.408068061	10.69518717	102	0.886824188	21.89851101
1/18/2025 7:00	0.413814195	7.561436673	118	1.011293945	22.03081014
1/18/2025 8:00	0.410477139	7.561436673	120	0.880302963	21.89642819
1/18/2025 9:00	0.425845076	7.561436673	116	0.525320587	21.54691033
1/18/2025 10:00	0.448605973	11.66180758	96	0.026077805	21.04594319
1/18/2025 11:00	0.426145782	10.69518717	90	-0.450894775	20.57602061
1/18/2025 12:00	0.455822524	5.361930295	118	-0.807607117	20.22133113
1/18/2025 13:00	0.493962695	5.361930295	122	-0.924840393	20.09991549
1/18/2025 14:00	0.538137657	5.361930295	130	-0.788815918	20.23931872
1/18/2025 15:00	0.844227488	4.597701149	142	-0.414508286	20.60662396
1/18/2025 16:00	0.859844836	4.291845494	156	0.065483627	21.08649431
1/18/2025 17:00	0.998042912	4.767580453	164	0.572189865	21.59297335
1/18/2025 18:00	0.960620514	4.95049505	164	0.933809814	21.95656601
1/18/2025 19:00	0.956816529	4.95049505	154	1.124617157	22.14441361
1/18/2025 20:00	0.968882607	5.361930295	150	1.037230072	22.06056322
1/18/2025 21:00	1.021293805	5.594405594	144	0.717781601	21.73967926
1/18/2025 22:00	1.204264173	5.594405594	144	0.24201828	21.27066015
1/18/2025 23:00	1.225789912	5.847953216	132	-0.276294174	20.74841213
1/19/2025 0:00	1.564108402	6.125574273	128	-0.704900208	20.3234424
1/19/2025 1:00	1.609746994	6.125574273	134	-0.937331619	20.09345927
1/19/2025 2:00	1.669800795	6.430868167	130	-0.939786377	20.09115815
1/19/2025 3:00	1.597765613	6.768189509	124	-0.671954575	20.35723098
1/19/2025 4:00	1.445982625	5.847953216	130	-0.241559448	20.78783759
1/19/2025 5:00	1.485702347	5.847953216	128	0.28234726	21.30846779
1/19/2025 6:00	1.139130135	5.847953216	130	0.73168045	21.74982687
1/19/2025 7:00	1.107146617	7.561436673	114	1.033644257	22.04965629
1/19/2025 8:00	1.037162596	7.561436673	112	1.095543442	22.10285414
1/19/2025 9:00	1.145345989	7.561436673	114	0.899847565	21.9038467
1/19/2025 10:00	1.005855217	7.561436673	114	0.51741272	21.52508256
1/19/2025 11:00	0.978914661	7.561436673	116	0.025074539	21.03637855
1/19/2025 12:00	1.046103683	7.142857143	112	-0.417674484	20.6002168
1/19/2025 13:00	1.007772141	7.142857143	108	-0.714049759	20.30226009
1/19/2025 14:00	0.904153013	6.768189509	110	-0.809272232	20.21098441
1/19/2025 15:00	0.962518872	6.430868167	110	-0.621928635	20.3993456
1/19/2025 16:00	0.801777326	6.768189509	118	-0.281928482	20.73861741
1/19/2025 17:00	0.758495859	6.430868167	106	0.17482811	21.19176188
1/19/2025 18:00	0.81331248	6.768189509	112	0.612965164	21.62402331
1/19/2025 19:00	0.860952541	6.430868167	114	0.934702454	21.93997022
1/19/2025 20:00	0.782717671	9.87654321	114	1.042793808	22.04879352
1/19/2025 21:00	0.865937023	9.174311927	126	0.905609665	21.91613243
1/19/2025 22:00	1.100362713	9.87654321	122	0.57235199	21.59236964
1/19/2025 23:00	1.011013217	9.87654321	108	0.132851181	21.151187
1/20/2025 0:00	1.057138323	9.174311927	110	-0.311482849	20.71346285
1/20/2025 1:00	1.072250579	9.174311927	102	-0.659118118	20.36790028
1/20/2025 2:00	1.239630742	9.87654321	106	-0.793914261	20.23836465
1/20/2025 3:00	1.232597255	10.69518717	108	-0.687337341	20.34588396
1/20/2025 4:00	1.513228187	9.87654321	104	-0.388986053	20.63601177
1/20/2025 5:00	1.673961667	4.597701149	30	0.050745544	21.08889437
1/20/2025 6:00	2.052230746	10.69518717	112	0.507332382	21.54463817
1/20/2025 7:00	2.868567704	5.594405594	20	0.876122055	21.91733638
1/20/2025 8:00	2.438905904	7.142857143	32	1.054098663	22.10108774
1/20/2025 9:00	2.332184702	7.561436673	34	1.025372086	22.06488041
1/20/2025 10:00	2.205742535	8.032128514	42	0.750643311	21.78332095
1/20/2025 11:00	2.142986917	8.032128514	38	0.328688202	21.3616123
1/20/2025 12:00	2.114621535	8.032128514	40	-0.188523712	20.8464976
1/20/2025 13:00	2.240538482	8.032128514	36	-0.603959503	20.43736641
1/20/2025 14:00	2.267834281	8.032128514	38	-0.858487549	20.18013998
1/20/2025 15:00	2.15697533	7.561436673	38	-0.909781876	20.13901389
1/20/2025 16:00	1.998673897	8.032128514	46	-0.708165588	20.33189926
1/20/2025 17:00	2.007137075	8.032128514	44	-0.382918777	20.64757547
1/20/2025 18:00	2.067796505	8.565310493	60	0.006647644	21.04168207
1/20/2025 19:00	2.042223994	7.561436673	40	0.384773788	21.42689961
1/20/2025 20:00	1.73858742	8.032128514	56	0.61846405	21.64679633
1/20/2025 21:00	1.610613684	7.561436673	60	0.649286804	21.67981873
1/20/2025 22:00	1.468072071	8.032128514	66	0.471178589	21.49788074
1/20/2025 23:00	1.291910417	8.032128514	72	0.116650162	21.14322133
1/21/2025 0:00	1.255332517	6.768189509	44	-0.327353897	20.7035134
1/21/2025 1:00	1.107947577	8.032128514	78	-0.748534622	20.2784687
1/21/2025 2:00	1.051295711	10.69518717	94	-1.058238449	19.97173358
1/21/2025 3:00	0.977174507	10.69518717	92	-1.17469162	19.84819475
1/21/2025 4:00	0.966472766	10.69518717	90	-1.036281052	19.98642058
1/21/2025 5:00	1.003758203	10.69518717	98	-0.766795578	20.24891246
1/21/2025 6:00	0.959053891	10.69518717	98	-0.352542343	20.66825821
1/21/2025 7:00	0.885484305	9.87654321	106	0.085758743	21.10966045
1/21/2025 8:00	0.87903738	10.69518717	100	0.412613449	21.43031602
1/21/2025 9:00	0.864803525	9.87654321	112	0.584030685	21.60474366
1/21/2025 10:00	0.796516341	10.69518717	100	0.543211517	21.56354063
1/21/2025 11:00	0.706271287	9.87654321	98	0.307249603	21.32338273
1/21/2025 12:00	0.625552195	10.69518717	92	-0.042874756	20.97612014
1/21/2025 13:00	0.670234961	10.69518717	92	-0.444322052	20.57769194
1/21/2025 14:00	0.598747881	9.87654321	94	-0.771747055	20.25266431
1/21/2025 15:00	0.471316395	10.69518717	92	-0.922055664	20.10137037
1/21/2025 16:00	0.526470936	9.87654321	102	-0.909549179	20.11795526
1/21/2025 17:00	0.387580399	10.69518717	92	-0.711785736	20.311858
1/21/2025 18:00	0.364878693	9.87654321	102	-0.400609436	20.62562574
1/21/2025 19:00	0.394973007	10.69518717	96	-0.034303131	20.98566583
1/21/2025 20:00	0.405622432	9.174311927	124	0.29922348	21.32194036
1/21/2025 21:00	0.429929864	9.174311927	114	0.490234909	21.50602022
1/21/2025 22:00	0.405854854	9.87654321	106	0.488987503	21.50772606
1/21/2025 23:00	0.465624375	9.87654321	106	0.319279251	21.33872851
1/22/2025 0:00	0.443444063	9.174311927	116	0.020191727	21.03988146
1/22/2025 1:00	0.440732415	9.174311927	106	-0.357007446	20.66369233
1/22/2025 2:00	0.442513658	9.87654321	96	-0.683593216	20.34205619
1/22/2025 3:00	0.409012426	9.174311927	104	-0.921227875	20.10061016
1/22/2025 4:00	0.404680607	9.87654321	102	-0.927730026	20.09083741
1/22/2025 5:00	0.425695218	9.87654321	102	-0.778302612	20.24512854
1/22/2025 6:00	0.286350748	9.174311927	96	-0.466229858	20.55524465
1/22/2025 7:00	0.301084754	9.87654321	94	-0.095649185	20.92633975
1/22/2025 8:00	0.640776184	4.024144869	356	0.313583908	21.33621017
1/22/2025 9:00	0.294397927	9.174311927	114	0.578728256	21.60356369
1/22/2025 10:00	0.306441236	9.87654321	98	0.699648437	21.71953103
1/22/2025 11:00	0.741495231	4.291845494	356	0.616980133	21.64018314
1/22/2025 12:00	0.794863198	4.439511654	356	0.354099808	21.37681797
1/22/2025 13:00	0.947660685	4.291845494	356	-0.02298111	21.00391465
1/22/2025 14:00	0.68029685	5.148005148	2	-0.389571609	20.63833086
1/22/2025 15:00	0.792893255	5.361930295	2	-0.712518158	20.32369971
1/22/2025 16:00	0.796926594	5.361930295	2	-0.83821434	20.19239634
1/22/2025 17:00	0.855029985	5.594405594	26	-0.792947235	20.24101967
1/22/2025 18:00	0.973047892	5.361930295	2	-0.606301727	20.42236683
1/22/2025 19:00	0.847514701	5.361930295	2	-0.322217407	20.70874749
1/22/2025 20:00	0.70270421	5.361930295	2	0.036587296	21.06197864
1/22/2025 21:00	0.670488063	5.361930295	34	0.328648148	21.35525974
1/22/2025 22:00	0.807705265	6.125574273	64	0.480806885	21.50040259
1/22/2025 23:00	0.869054453	5.847953216	62	0.471291122	21.49013449
1/23/2025 0:00	0.932486786	6.125574273	74	0.294832764	21.31712515
1/23/2025 1:00	0.853459632	5.594405594	62	-0.009566727	21.01267432
1/23/2025 2:00	0.782465916	5.847953216	70	-0.383275452	20.63959553
1/23/2025 3:00	0.782670938	5.361930295	70	-0.673612061	20.35351103
1/23/2025 4:00	0.733800316	5.847953216	74	-0.839803162	20.17879586
1/23/2025 5:00	0.683609194	6.125574273	80	-0.829825821	20.19446277
1/23/2025 6:00	0.641195332	6.125574273	80	-0.650201263	20.37384859
1/23/2025 7:00	0.65295114	5.594405594	78	-0.308093491	20.71309407
1/23/2025 8:00	0.710040774	5.361930295	68	0.073177872	21.09502957
1/23/2025 9:00	0.674483404	7.142857143	92	0.442686615	21.46312481
1/23/2025 10:00	0.702261574	6.768189509	84	0.677235184	21.69253403
1/23/2025 11:00	0.739201496	7.142857143	92	0.727167664	21.74063017
1/23/2025 12:00	0.735571717	8.032128514	98	0.601057587	21.61578484
1/23/2025 13:00	0.742231731	7.142857143	90	0.317577896	21.33446957
1/23/2025 14:00	0.779426598	7.561436673	94	-0.077102127	20.9392208
1/23/2025 15:00	0.671797583	7.561436673	88	-0.470954361	20.54501904
1/23/2025 16:00	0.705472342	7.561436673	90	-0.768727722	20.25140937
1/23/2025 17:00	0.650663099	7.142857143	92	-0.927979889	20.09682134
1/23/2025 18:00	0.673032541	7.142857143	84	-0.88603157	20.13535902
1/23/2025 19:00	0.731890613	6.430868167	90	-0.684966507	20.33483224
1/23/2025 20:00	0.795824997	5.148005148	104	-0.372981491	20.64779982
1/23/2025 21:00	0.837109563	5.847953216	112	-0.007092896	21.01405315
1/23/2025 22:00	0.925149483	6.125574273	102	0.273308334	21.29867729
1/23/2025 23:00	0.915332614	6.125574273	104	0.445864258	21.46808966
1/24/2025 0:00	0.887211676	5.847953216	112	0.472935257	21.4938307
1/24/2025 1:00	0.806335167	5.847953216	112	0.301121292	21.32282358
1/24/2025 2:00	0.726347186	5.594405594	108	0.020798264	21.03972909
1/24/2025 3:00	0.667934721	5.847953216	114	-0.334821167	20.68929275
1/24/2025 4:00	0.669059604	5.594405594	116	-0.595441284	20.42424946
1/24/2025 5:00	0.602619529	6.125574273	100	-0.749432983	20.27625612
1/24/2025 6:00	0.601312759	5.361930295	112	-0.711606445	20.31434767
1/24/2025 7:00	0.581929999	5.361930295	86	-0.505217972	20.51836484
1/24/2025 8:00	0.639240593	5.361930295	32	-0.190909805	20.83053071
1/24/2025 9:00	0.613401191	5.361930295	2	0.195137558	21.21942606
1/24/2025 10:00	0.609920865	11.66180758	90	0.530172882	21.55240717
1/24/2025 11:00	0.635245639	5.594405594	2	0.738413391	21.76268609
1/24/2025 12:00	0.787914675	5.361930295	2	0.781342087	21.79953694
1/24/2025 13:00	0.76593491	5.361930295	2	0.632187424	21.65253842
1/24/2025 14:00	0.671243319	5.361930295	2	0.329622803	21.34908361
1/24/2025 15:00	0.652563389	5.148005148	2	-0.076323929	20.94691601
1/24/2025 16:00	0.605478749	5.148005148	2	-0.462274017	20.56135287
1/24/2025 17:00	0.51802458	5.148005148	2	-0.768948975	20.2619447
1/24/2025 18:00	0.525742524	11.66180758	92	-0.916463318	20.11348225
1/24/2025 19:00	0.482542283	9.87654321	86	-0.884822311	20.14479636
1/24/2025 20:00	0.600732843	9.87654321	90	-0.670821609	20.35494372
1/24/2025 21:00	0.568325002	9.87654321	102	-0.367360535	20.65362235
1/24/2025 22:00	0.5884758	9.87654321	94	-0.019710007	20.99700953
1/24/2025 23:00	0.552475539	9.87654321	96	0.247856674	21.26601362
1/25/2025 0:00	0.548236036	9.174311927	96	0.416172562	21.43865622
1/25/2025 1:00	0.385449258	9.174311927	96	0.404945908	21.43200932
1/25/2025 2:00	0.39238034	9.174311927	94	0.234995422	21.26019589
1/25/2025 3:00	0.469947062	5.361930295	26	-0.062081757	20.96056997
1/25/2025 4:00	0.869532818	5.361930295	20	-0.370425644	20.65179596
1/25/2025 5:00	0.777194996	5.594405594	16	-0.624158325	20.39899488
1/25/2025 6:00	0.760018905	5.594405594	2	-0.748460236	20.28117511
1/25/2025 7:00	0.743101048	5.361930295	2	-0.680947723	20.34309925
1/25/2025 8:00	0.771730654	5.594405594	24	-0.452523651	20.57756585
1/25/2025 9:00	0.862622929	5.361930295	2	-0.08355278	20.93948362
1/25/2025 10:00	0.860800135	5.594405594	16	0.308094559	21.3360764
1/25/2025 11:00	0.910712779	5.594405594	20	0.656572876	21.67545116
1/25/2025 12:00	0.829381478	5.594405594	2	0.86280304	21.88711311
1/25/2025 13:00	0.770089643	5.361930295	2	0.876345215	21.89566792
1/25/2025 14:00	0.72338415	4.95049505	2	0.691158829	21.71064192
1/25/2025 15:00	0.693152373	5.148005148	2	0.32017189	21.34856531
1/25/2025 16:00	0.591108386	5.148005148	2	-0.124276581	20.89840943
1/25/2025 17:00	0.60584979	5.361930295	24	-0.5605616	20.46298387
1/25/2025 18:00	0.510890336	5.361930295	2	-0.911061707	20.11488078
1/25/2025 19:00	0.464789265	4.597701149	2	-1.061170044	19.96986882
1/25/2025 20:00	0.298822366	5.361930295	44	-0.991029205	20.03686269
1/25/2025 21:00	0.397623741	4.153686397	356	-0.780005875	20.24880856
1/25/2025 22:00	0.441655732	4.153686397	356	-0.454148712	20.56877037
1/25/2025 23:00	0.218843275	8.032128514	122	-0.070599976	20.95064262
1/26/2025 0:00	0.22496348	9.174311927	122	0.259739456	21.2765487
1/26/2025 1:00	0.400374848	4.291845494	136	0.428358612	21.44652473
1/26/2025 2:00	0.416296255	8.565310493	120	0.388605652	21.40585462
1/26/2025 3:00	0.377558256	8.032128514	122	0.197163162	21.21342102
1/26/2025 4:00	0.348953908	6.768189509	128	-0.11906189	20.90080843
1/26/2025 5:00	0.331932581	10.69518717	114	-0.479148331	20.54756475
1/26/2025 6:00	0.173013552	9.87654321	106	-0.752179565	20.26826077
1/26/2025 7:00	0.170722395	9.87654321	114	-0.866736832	20.1552832
1/26/2025 8:00	0.314341231	5.361930295	130	-0.773940506	20.24873972
1/26/2025 9:00	0.321604802	5.847953216	132	-0.491818848	20.52718681
1/26/2025 10:00	0.254978964	6.125574273	138	-0.113086166	20.90459444
1/26/2025 11:00	0.235963772	6.125574273	134	0.344669876	21.36171817
1/26/2025 12:00	0.233448124	8.565310493	136	0.715122757	21.7311826
1/26/2025 13:00	0.395323565	9.174311927	136	0.926481781	21.95477162
1/26/2025 14:00	0.427158679	4.024144869	134	0.924873886	21.95570209
1/26/2025 15:00	0.475418278	4.439511654	154	0.708300171	21.73964819
1/26/2025 16:00	0.43966558	5.148005148	136	0.322472153	21.34805119
1/26/2025 17:00	0.238317376	7.561436673	122	-0.169557037	20.85518309
1/26/2025 18:00	0.2350478	5.361930295	120	-0.647361221	20.38266827
1/26/2025 19:00	0.248643008	5.361930295	116	-0.995980682	20.04612339
1/26/2025 20:00	0.35798239	5.361930295	106	-1.127105179	19.91357588
1/26/2025 21:00	0.343361064	5.594405594	28	-1.045438232	19.98861526
1/26/2025 22:00	0.395599	5.847953216	14	-0.788686218	20.25259915
1/26/2025 23:00	0.439463296	5.594405594	2	-0.415868225	20.63021299
1/27/2025 0:00	0.422377073	5.594405594	2	-0.003426971	21.02811824
1/27/2025 1:00	0.660449314	5.594405594	356	0.321547089	21.34911081
1/27/2025 2:00	0.612687944	6.125574273	2	0.479229507	21.50223636
1/27/2025 3:00	0.623114958	5.847953216	2	0.433783112	21.45827863
1/27/2025 4:00	0.435685322	5.594405594	0	0.222889481	21.24463254
1/27/2025 5:00	0.484738076	8.032128514	2	-0.119069519	20.90855886
1/27/2025 6:00	0.348086827	5.361930295	30	-0.471402588	20.55065288
1/27/2025 7:00	0.399242496	5.148005148	2	-0.737885895	20.28396005
1/27/2025 8:00	0.412195236	4.291845494	356	-0.812308731	20.21350344
1/27/2025 9:00	0.310862445	5.148005148	2	-0.671863022	20.35214602
1/27/2025 10:00	0.428345582	4.767580453	356	-0.374225082	20.65472692
1/27/2025 11:00	0.426186587	4.767580453	356	0.064480362	21.08666305
1/27/2025 12:00	0.238598062	7.561436673	124	0.538345871	21.55656781
1/27/2025 13:00	0.237423566	6.768189509	122	0.906261978	21.92612287
1/27/2025 14:00	0.399455831	7.142857143	126	1.078411636	22.09524933
1/27/2025 15:00	0.409375775	7.561436673	128	1.010336456	22.03995882
1/27/2025 16:00	0.381213754	7.142857143	126	0.732834396	21.75296917
1/27/2025 17:00	0.379527382	7.561436673	132	0.257452545	21.27887094
1/27/2025 18:00	0.359326948	8.032128514	120	-0.29307312	20.73078969
1/27/2025 19:00	0.21107624	8.032128514	114	-0.777621689	20.24694134
1/27/2025 20:00	0.236844475	5.148005148	126	-1.092988434	19.9327101
1/27/2025 21:00	0.538384298	2.996254682	62	-1.15644783	19.86973591
1/27/2025 22:00	0.301672877	5.361930295	140	-1.011987152	20.01665803
1/27/2025 23:00	0.518470561	3.902439024	148	-0.647019806	20.37661437
1/28/2025 0:00	0.619426903	4.291845494	146	-0.168343964	20.85331334
1/28/2025 1:00	0.644479944	4.597701149	152	0.286631165	21.31027965
1/28/2025 2:00	0.687799473	4.767580453	146	0.599773941	21.62382876
1/28/2025 3:00	0.679265335	4.767580453	142	0.700552521	21.72348864
1/28/2025 4:00	0.839508255	5.361930295	150	0.595736084	21.62194765
1/28/2025 5:00	0.906531204	5.594405594	142	0.272875366	21.29912778
1/28/2025 6:00	0.838541693	6.768189509	136	-0.147109451	20.88047695
1/28/2025 7:00	0.720862416	7.142857143	128	-0.574555817	20.45770391
1/28/2025 8:00	0.60904093	5.148005148	142	-0.841039124	20.18815674
1/28/2025 9:00	0.516731889	5.594405594	126	-0.88152832	20.14578607
1/28/2025 10:00	0.477538816	4.439511654	140	-0.670669022	20.34823528
1/28/2025 11:00	0.475583553	5.361930295	116	-0.266059341	20.75603395
1/28/2025 12:00	0.471732407	4.597701149	138	0.253161011	21.27425753
1/28/2025 13:00	0.459628314	5.594405594	118	0.770613251	21.78771435
1/28/2025 14:00	0.482235831	5.148005148	132	1.123961029	22.1436376
1/28/2025 15:00	0.493903579	7.561436673	122	1.226423798	22.24447713
1/28/2025 16:00	0.554418308	8.565310493	118	1.055252609	22.08124152
1/28/2025 17:00	0.621592344	9.174311927	108	0.670982895	21.69329857
1/28/2025 18:00	0.702468376	2.386634845	50	0.077313004	21.10166647
1/28/2025 19:00	0.70302029	6.430868167	2	-0.523904266	20.50049167
1/28/2025 20:00	0.743987542	4.439511654	356	-0.99610466	20.03239735
1/28/2025 21:00	0.704467199	7.142857143	22	-1.287352982	19.74286205
1/28/2025 22:00	1.000310281	6.768189509	14	-1.275336685	19.75482567
1/28/2025 23:00	0.795054324	7.142857143	22	-1.042485657	19.98790685
1/29/2025 0:00	0.8381977	7.142857143	22	-0.591174545	20.43212236
1/29/2025 1:00	0.865581525	7.142857143	2	-0.069623413	20.95734916
1/29/2025 2:00	0.782364412	6.768189509	20	0.409159241	21.43479435
1/29/2025 3:00	0.838681374	6.125574273	10	0.744289932	21.76222613
1/29/2025 4:00	0.903752433	5.847953216	2	0.844751892	21.85195306
1/29/2025 5:00	0.840849834	5.594405594	2	0.680218277	21.69894976
1/29/2025 6:00	0.614457977	5.361930295	2	0.326191483	21.3446252
1/29/2025 7:00	0.59331676	5.361930295	2	-0.120950165	20.90270961
1/29/2025 8:00	0.795082036	2.996254682	54	-0.53419632	20.49676043
1/29/2025 9:00	0.993800924	3.787878788	158	-0.768012466	20.26390423
1/29/2025 10:00	1.027946916	4.439511654	144	-0.746846619	20.2848714
1/29/2025 11:00	0.556782126	5.361930295	138	-0.466245117	20.56581137
1/29/2025 12:00	0.863973723	4.767580453	136	-0.000710907	21.02006236
1/29/2025 13:00	0.799568985	4.767580453	140	0.544024048	21.56607041
1/29/2025 14:00	0.665668528	4.95049505	138	1.050283966	22.06882666
1/29/2025 15:00	0.640297005	4.95049505	136	1.384941635	22.40184176
1/29/2025 16:00	0.741564565	5.594405594	126	1.426790771	22.44142482
1/29/2025 17:00	0.693925573	5.594405594	134	1.197836456	22.21519049
1/29/2025 18:00	0.77418245	6.768189509	134	0.707064209	21.72768283
1/29/2025 19:00	0.721920815	8.032128514	118	0.07701355	21.10510602
1/29/2025 20:00	0.622986721	6.768189509	120	-0.545587006	20.48117261
1/29/2025 21:00	0.557978013	5.847953216	128	-1.016154709	20.00919232
1/29/2025 22:00	0.466317812	5.361930295	108	-1.245807114	19.78033421
1/29/2025 23:00	0.54967242	9.174311927	98	-1.139666977	19.88860518
1/30/2025 0:00	0.611710574	9.87654321	108	-0.80207962	20.22387475
1/30/2025 1:00	0.902421929	4.153686397	340	-0.308478775	20.72080217
1/30/2025 2:00	0.94104965	6.430868167	2	0.261166153	21.29373572
1/30/2025 3:00	0.930226829	7.142857143	4	0.730257568	21.75449486
1/30/2025 4:00	0.836242088	7.561436673	2	0.948149261	21.97402619
1/30/2025 5:00	0.911864239	6.768189509	2	0.929836807	21.95423682
1/30/2025 6:00	1.511311066	6.430868167	12	0.559078751	21.59070065
1/30/2025 7:00	2.091696971	8.032128514	16	0.058069763	21.1037486
1/30/2025 8:00	1.982681688	8.032128514	24	-0.508740845	20.53071606
1/30/2025 9:00	1.344888019	7.142857143	2	-0.953057709	20.08343083
1/30/2025 10:00	1.387332675	7.142857143	22	-1.198808136	19.83426486
1/30/2025 11:00	1.381386908	7.142857143	20	-1.098910751	19.93617709
1/30/2025 12:00	1.367471124	6.768189509	22	-0.754281464	20.28540807
1/30/2025 13:00	1.372570305	6.430868167	2	-0.192429962	20.83638284
1/30/2025 14:00	1.325624717	6.768189509	16	0.428246078	21.45803848
1/30/2025 15:00	1.197533221	6.768189509	18	0.966774521	21.99380763
1/30/2025 16:00	1.098380988	6.430868167	12	1.271565018	22.29678989
1/30/2025 17:00	0.941776705	6.768189509	24	1.261467514	22.28885717
1/30/2025 18:00	0.857197004	6.768189509	26	0.947872696	21.96505424
1/30/2025 19:00	0.860191298	6.430868167	28	0.388334808	21.41350382
1/30/2025 20:00	0.791768557	6.125574273	36	-0.28041214	20.74489889
1/30/2025 21:00	0.709028131	6.125574273	26	-0.917020264	20.10840614
1/30/2025 22:00	0.649721872	6.125574273	44	-1.343421402	19.67984342
1/30/2025 23:00	0.631854344	5.847953216	38	-1.467122498	19.55747468
1/31/2025 0:00	0.536427695	5.361930295	24	-1.301804962	19.71715352
1/31/2025 1:00	0.570745615	5.148005148	2	-0.883113327	20.13569372
1/31/2025 2:00	0.601475321	6.125574273	38	-0.324634018	20.69712733
1/31/2025 3:00	0.646596994	5.361930295	16	0.260975418	21.27673288
1/31/2025 4:00	0.555318459	5.594405594	34	0.688107071	21.69905558
1/31/2025 5:00	0.511981998	5.847953216	32	0.869972763	21.87801978
1/31/2025 6:00	0.404553989	9.87654321	118	0.738489685	21.74434304
1/31/2025 7:00	0.394045792	7.561436673	108	0.367022095	21.38042353
1/31/2025 8:00	0.684966365	3.679852806	116	-0.205748978	20.82282149
1/31/2025 9:00	0.843556914	4.291845494	152	-0.748210373	20.28358277
1/31/2025 10:00	0.492514998	5.148005148	140	-1.172702255	19.86653995
1/31/2025 11:00	0.582626437	5.361930295	138	-1.299388351	19.73682552
1/31/2025 12:00	0.552937714	5.594405594	128	-1.143466415	19.88706238
1/31/2025 13:00	0.744557857	4.767580453	150	-0.683501663	20.34624041
1/31/2025 14:00	0.796239334	5.594405594	138	-0.07668251	20.9454753
1/31/2025 15:00	0.866137547	6.125574273	144	0.560635147	21.58457838
1/31/2025 16:00	0.882129455	5.847953216	148	1.075291214	22.09514247
1/31/2025 17:00	0.934647512	6.430868167	144	1.304297028	22.31793239
1/31/2025 18:00	0.971117623	6.125574273	150	1.18689209	22.19858832
1/31/2025 19:00	0.800411369	6.125574273	148	0.802227554	21.82264253
1/31/2025 20:00	0.848893265	6.430868167	142	0.219469604	21.23751477
1/31/2025 21:00	0.673072926	6.430868167	138	-0.445680084	20.57570132
1/31/2025 22:00	0.74000013	6.430868167	126	-1.039918365	19.98408394
1/31/2025 23:00	0.66445264	5.594405594	130	-1.370107117	19.65018007
2/1/2025 0:00	0.70161765	6.125574273	116	-1.368741455	19.64891866
2/1/2025 1:00	0.557190108	5.847953216	124	-1.046019974	19.97988947
2/1/2025 2:00	0.497725016	6.125574273	122	-0.488406601	20.53021965
2/1/2025 3:00	0.477974856	7.142857143	114	0.163803635	21.18568382
2/1/2025 4:00	0.591491186	6.430868167	124	0.825441895	21.83313274
2/1/2025 5:00	0.738270962	6.125574273	128	1.211994705	22.23141076
2/1/2025 6:00	0.884055633	6.430868167	120	1.290592728	22.31348636
2/1/2025 7:00	1.039783052	7.142857143	116	1.085335312	22.11294737
2/1/2025 8:00	1.130328112	4.024144869	56	0.615040359	21.6480981
2/1/2025 9:00	0.832797403	8.565310493	108	0.0025354	21.04073632
2/1/2025 10:00	1.308959971	4.439511654	74	-0.600705566	20.43931786
2/1/2025 11:00	1.514344974	4.597701149	60	-0.969016495	20.07219523
2/1/2025 12:00	1.895099409	5.847953216	60	-1.033301773	20.01387943
2/1/2025 13:00	2.370200055	6.430868167	46	-0.844466629	20.21630732
2/1/2025 14:00	2.825590404	7.142857143	42	-0.367228928	20.70847685
2/1/2025 15:00	2.993801435	7.561436673	40	0.250891266	21.34187279
2/1/2025 16:00	3.169719121	8.032128514	46	0.802015839	21.9303488
2/1/2025 17:00	3.083516194	8.565310493	54	1.263273773	22.38196384
2/1/2025 18:00	3.273985673	8.565310493	52	1.382969437	22.49694175
2/1/2025 19:00	3.001242876	8.032128514	54	1.192669449	22.28319023
2/1/2025 20:00	2.536946452	8.565310493	64	0.790203629	21.84402812
2/1/2025 21:00	2.505958894	8.032128514	60	0.161613998	21.21299521
2/1/2025 22:00	2.212720483	8.565310493	68	-0.51841301	20.53806788
2/1/2025 23:00	2.390053326	8.032128514	66	-1.041608276	20.01150578
2/2/2025 0:00	1.954536756	8.032128514	64	-1.284018936	19.76042927
2/2/2025 1:00	2.205058225	8.565310493	60	-1.224080505	19.83456183
2/2/2025 2:00	2.39256215	8.565310493	64	-0.873893204	20.18496011
2/2/2025 3:00	2.28380223	8.032128514	56	-0.327390137	20.71886018
2/2/2025 4:00	2.320711837	7.561436673	60	0.321203766	21.36602918
2/2/2025 5:00	2.090042216	7.142857143	40	0.841549454	21.89112204
2/2/2025 6:00	2.096658472	7.142857143	38	1.123871384	22.16560349
2/2/2025 7:00	2.163890022	8.032128514	68	1.101440964	22.13921997
2/2/2025 8:00	2.033453871	8.032128514	68	0.791910706	21.83037842
2/2/2025 9:00	1.893415915	7.561436673	58	0.255850372	21.28487597
2/2/2025 10:00	1.829250076	7.561436673	62	-0.387515488	20.65299507
2/2/2025 11:00	1.808411626	7.561436673	68	-0.962758484	20.07497706
2/2/2025 12:00	1.550425904	6.768189509	52	-1.300218048	19.74081181
2/2/2025 13:00	1.33515417	7.142857143	68	-1.340215149	19.70442603
2/2/2025 14:00	1.224795147	6.768189509	64	-1.057593765	19.97586445
2/2/2025 15:00	1.205142812	6.768189509	66	-0.563186111	20.47922477
2/2/2025 16:00	1.260994037	7.561436673	78	0.062737045	21.09275486
2/2/2025 17:00	1.319987723	7.561436673	86	0.635204849	21.66021209
2/2/2025 18:00	1.302410503	6.125574273	62	1.020483551	22.04731531
2/2/2025 19:00	1.238652055	8.032128514	84	1.121511993	22.14729679
2/2/2025 20:00	1.145375846	8.032128514	88	0.909077225	21.93315109
2/2/2025 21:00	1.093038201	7.561436673	70	0.4466539	21.47121526
2/2/2025 22:00	1.002140591	7.561436673	74	-0.15364212	20.87746483
2/2/2025 23:00	0.924453037	7.142857143	80	-0.781432571	20.25458846
2/3/2025 0:00	0.878017875	6.768189509	80	-1.211619797	19.83128614
2/3/2025 1:00	0.868507602	6.768189509	80	-1.367740097	19.67416299
2/3/2025 2:00	0.876801196	7.561436673	84	-1.185197296	19.85270377
2/3/2025 3:00	1.199272528	7.142857143	82	-0.773286285	20.26231445
2/3/2025 4:00	1.337475788	4.597701149	120	-0.170764389	20.86271864
2/3/2025 5:00	1.335892353	5.361930295	110	0.435492096	21.47151119
2/3/2025 6:00	1.393816546	5.594405594	102	0.942232666	21.97376742
2/3/2025 7:00	1.356144691	5.847953216	102	1.192017136	22.22261575
2/3/2025 8:00	1.309711912	6.125574273	106	1.103516159	22.13518009
2/3/2025 9:00	1.053481276	6.125574273	110	0.766041336	21.79970993
2/3/2025 10:00	1.015833089	6.125574273	112	0.205626068	21.23091421
2/3/2025 11:00	1.064723667	6.430868167	108	-0.440436783	20.59481748
2/3/2025 12:00	1.003157579	6.125574273	114	-0.967324677	20.05573779
2/3/2025 13:00	0.929351505	6.125574273	112	-1.255755844	19.77334276
2/3/2025 14:00	0.830210834	5.847953216	108	-1.241757813	19.79045625
2/3/2025 15:00	0.864164783	5.594405594	118	-0.939679565	20.08956159
2/3/2025 16:00	0.860045381	5.847953216	110	-0.440511169	20.58326647
2/3/2025 17:00	0.691426462	5.594405594	104	0.168882904	21.18438887
2/3/2025 18:00	0.657354642	5.847953216	108	0.71669632	21.73050885
2/3/2025 19:00	0.650879356	5.847953216	110	1.057566223	22.0706545
2/3/2025 20:00	0.675077971	5.847953216	108	1.127163467	22.13933471
2/3/2025 21:00	0.77320294	5.847953216	104	0.885616837	21.90003776
2/3/2025 22:00	0.666621246	5.847953216	100	0.390219269	21.41665021
2/3/2025 23:00	0.584528224	5.847953216	108	-0.17434639	20.85894471
2/4/2025 0:00	0.755240212	6.768189509	114	-0.741040649	20.2917977
2/4/2025 1:00	0.776781853	6.768189509	108	-1.102513733	19.93160897
2/4/2025 2:00	0.859500469	6.430868167	120	-1.178908768	19.85461409
2/4/2025 3:00	0.862422417	7.142857143	114	-0.998523178	20.03044307
2/4/2025 4:00	0.759853269	6.768189509	110	-0.520644608	20.50957608
2/4/2025 5:00	0.757363735	6.430868167	108	0.077669678	21.10431452
2/4/2025 6:00	0.759738773	6.768189509	118	0.676868973	21.7027456
2/4/2025 7:00	0.706366291	6.430868167	120	1.141436157	22.16235255
2/4/2025 8:00	0.715487103	6.430868167	126	1.319735107	22.34112101
2/4/2025 9:00	0.679449366	6.430868167	114	1.209419785	22.22471962
2/4/2025 10:00	0.610359416	6.430868167	116	0.79682785	21.81305275
2/4/2025 11:00	0.61677063	6.125574273	126	0.230501709	21.25489848
2/4/2025 12:00	0.500078787	6.430868167	110	-0.398036423	20.62761652
2/4/2025 13:00	0.502944962	10.69518717	96	-0.892610016	20.13701211
2/4/2025 14:00	1.044892426	4.767580453	2	-1.196269455	19.84056889
2/4/2025 15:00	1.311080824	5.594405594	22	-1.176192703	19.86121321
2/4/2025 16:00	1.192424068	5.847953216	18	-0.899615707	20.14240599
2/4/2025 17:00	1.25877971	6.125574273	18	-0.407851639	20.63031937
2/4/2025 18:00	1.200962927	5.847953216	2	0.162836609	21.19223252
2/4/2025 19:00	1.12765875	5.361930295	2	0.640053329	21.67034136
2/4/2025 20:00	1.318440892	5.847953216	2	0.929533539	21.96750233
2/4/2025 21:00	1.609020841	6.125574273	2	0.962519226	21.9981577
2/4/2025 22:00	1.537548424	7.142857143	2	0.710495529	21.7405627
2/4/2025 23:00	1.450094396	6.768189509	2	0.265015182	21.29715345
2/5/2025 0:00	1.325249135	6.768189509	18	-0.302949371	20.7300566
2/5/2025 1:00	1.417252641	6.768189509	2	-0.816905441	20.22245158
2/5/2025 2:00	1.771298139	8.032128514	22	-1.140416565	19.89946658
2/5/2025 3:00	1.948414726	8.032128514	18	-1.214740219	19.83290536
2/5/2025 4:00	1.769071512	8.032128514	22	-0.986495438	20.05484703
2/5/2025 5:00	1.602434887	8.032128514	28	-0.525277557	20.52153847
2/5/2025 6:00	1.434819682	7.142857143	20	0.030293045	21.06177978
2/5/2025 7:00	1.307531297	7.142857143	2	0.606140671	21.63910213
2/5/2025 8:00	1.117900641	6.125574273	2	1.017935333	22.04774455
2/5/2025 9:00	1.080190269	6.125574273	2	1.190897522	22.21936473
2/5/2025 10:00	1.095045025	6.430868167	2	1.076931534	22.10381546
2/5/2025 11:00	1.050978438	6.430868167	20	0.703478394	21.72908059
2/5/2025 12:00	1.037296462	6.125574273	20	0.162142334	21.18691527
2/5/2025 13:00	0.959197024	6.125574273	26	-0.419701996	20.61151991
2/5/2025 14:00	1.09372494	5.594405594	2	-0.902749481	20.13294808
2/5/2025 15:00	1.092277945	5.594405594	2	-1.167907181	19.86963313
2/5/2025 16:00	1.208674721	5.847953216	2	-1.171639862	19.86310289
2/5/2025 17:00	1.142223361	5.594405594	2	-0.937106552	20.09727803
2/5/2025 18:00	1.262923686	5.148005148	2	-0.548915329	20.48289776
2/5/2025 19:00	1.178509321	5.594405594	2	-0.047582092	20.9861758
2/5/2025 20:00	1.002860085	4.95049505	356	0.38383728	21.42344711
2/5/2025 21:00	0.923334197	5.847953216	2	0.675697861	21.69976678
2/5/2025 22:00	0.942046117	5.594405594	2	0.717167435	21.74682285
2/5/2025 23:00	0.874789223	5.594405594	358	0.54122406	21.56248592
2/6/2025 0:00	0.814077858	5.361930295	2	0.179585037	21.20280082
2/6/2025 1:00	0.811298887	5.361930295	36	-0.281554642	20.74152987
2/6/2025 2:00	0.881616867	5.594405594	32	-0.710788193	20.31627826
2/6/2025 3:00	0.630133292	5.361930295	36	-0.968301239	20.05775835
2/6/2025 4:00	0.620959322	5.594405594	50	-0.993232193	20.03347908
2/6/2025 5:00	0.580038648	5.594405594	54	-0.778869095	20.24603437
2/6/2025 6:00	0.563380259	5.361930295	38	-0.380559387	20.63860558
2/6/2025 7:00	0.529127678	4.767580453	26	0.136091766	21.15628893
2/6/2025 8:00	0.545059354	4.95049505	38	0.635233459	21.65691591
2/6/2025 9:00	0.530227178	4.95049505	36	0.995245514	22.01137317
2/6/2025 10:00	0.461880675	4.95049505	52	1.122644958	22.13808707
2/6/2025 11:00	0.414628027	4.024144869	28	1.007727203	22.02020924
2/6/2025 12:00	0.611083967	3.389830508	88	0.63506752	21.65687621
2/6/2025 13:00	0.791706007	3.787878788	142	0.127840576	21.1523263
2/6/2025 14:00	0.944335279	4.024144869	156	-0.427073898	20.60301457
2/6/2025 15:00	1.137402402	4.597701149	148	-0.87265152	20.16404886
2/6/2025 16:00	1.258075876	4.95049505	140	-1.121880951	19.91377637
2/6/2025 17:00	1.358841839	4.95049505	142	-1.105775299	19.93475908
2/6/2025 18:00	1.793657009	6.125574273	132	-0.891885223	20.15090897
2/6/2025 19:00	1.800320434	6.125574273	132	-0.452264252	20.58930345
2/6/2025 20:00	1.914517918	6.768189509	126	0.051981506	21.09281654
2/6/2025 21:00	1.836332576	6.768189509	120	0.515476761	21.55211164
2/6/2025 22:00	1.816420262	7.561436673	124	0.825096664	21.85344517
2/6/2025 23:00	1.740834019	8.032128514	120	0.917437134	21.95883479
2/7/2025 0:00	1.450262845	7.561436673	124	0.734358368	21.77141523
2/7/2025 1:00	1.426658387	8.032128514	122	0.37101799	21.4149749
2/7/2025 2:00	1.272907044	7.561436673	122	-0.101058426	20.93446027
2/7/2025 3:00	1.316047174	8.032128514	112	-0.551526489	20.47954001
2/7/2025 4:00	1.161287677	7.561436673	114	-0.850196304	20.18731182
2/7/2025 5:00	1.057957394	7.561436673	112	-0.926894608	20.11019172
2/7/2025 6:00	0.88831381	7.142857143	106	-0.757272186	20.27146753
2/7/2025 7:00	0.768455927	7.142857143	114	-0.371453705	20.65306366
2/7/2025 8:00	0.719188852	6.768189509	110	0.10621315	21.12911861
2/7/2025 9:00	0.718350506	7.142857143	112	0.620127258	21.63984508
2/7/2025 10:00	0.780070326	8.032128514	114	1.009069977	22.03190054
2/7/2025 11:00	0.905654546	8.032128514	122	1.196714935	22.22001583
2/7/2025 12:00	1.102478765	8.032128514	120	1.12703949	22.14832581
2/7/2025 13:00	1.171982199	8.565310493	114	0.820786057	21.84650582
2/7/2025 14:00	1.184346475	9.87654321	116	0.302513657	21.32786852
2/7/2025 15:00	1.165941444	8.565310493	106	-0.219640198	20.80714354
2/7/2025 16:00	1.12686264	9.87654321	100	-0.709960403	20.32019695
2/7/2025 17:00	0.970968027	10.69518717	102	-1.064414444	19.9673444
2/7/2025 18:00	1.065534626	10.69518717	100	-1.147214355	19.88852446
2/7/2025 19:00	0.973078127	10.69518717	106	-1.005237045	20.02547029
2/7/2025 20:00	0.928525876	9.87654321	102	-0.676242294	20.35293432
2/7/2025 21:00	0.843107507	10.69518717	106	-0.224934998	20.80328331
2/7/2025 22:00	0.877786907	9.87654321	112	0.176527557	21.20227154
2/7/2025 23:00	0.908167263	9.87654321	116	0.452267227	21.48175082
2/8/2025 0:00	0.841048837	9.87654321	120	0.560576019	21.5857344
2/8/2025 1:00	0.997315056	9.87654321	108	0.439127502	21.46164602
2/8/2025 2:00	0.869264394	9.87654321	98	0.108372269	21.13381215
2/8/2025 3:00	0.783941282	10.69518717	98	-0.292741241	20.74021709
2/8/2025 4:00	0.751856721	10.69518717	94	-0.682351532	20.35173997
2/8/2025 5:00	0.798527435	5.361930295	2	-0.928687515	20.10193636
2/8/2025 6:00	0.775002076	5.594405594	2	-0.961579742	20.06733921
2/8/2025 7:00	0.724245446	5.847953216	24	-0.776051941	20.25623034
2/8/2025 8:00	0.67501759	5.594405594	14	-0.384309235	20.64190579
2/8/2025 9:00	0.811459172	5.594405594	2	0.082027969	21.11096938
2/8/2025 10:00	0.836130665	5.361930295	18	0.56841713	21.59320082
2/8/2025 11:00	0.818554361	5.847953216	2	0.934505997	21.95851764
2/8/2025 12:00	0.862618022	5.148005148	2	1.111660538	22.13114951
2/8/2025 13:00	0.723045736	9.87654321	118	1.024429855	22.04729372
2/8/2025 14:00	0.648635964	9.87654321	108	0.704706726	21.72287963
2/8/2025 15:00	0.491498275	8.565310493	100	0.201031265	21.22950736
2/8/2025 16:00	0.510248387	9.87654321	98	-0.349952164	20.67455991
2/8/2025 17:00	0.455999605	9.174311927	100	-0.838078918	20.195211
2/8/2025 18:00	0.517874679	9.87654321	94	-1.169782104	19.86097553
2/8/2025 19:00	0.41396783	9.87654321	84	-1.25975174	19.7625087
2/8/2025 20:00	0.396724182	9.174311927	98	-1.09587616	19.92607235
2/8/2025 21:00	0.398433049	9.174311927	100	-0.728053513	20.28577459
2/8/2025 22:00	0.385355695	8.565310493	110	-0.28895134	20.73130107
2/8/2025 23:00	0.51956376	8.565310493	110	0.19433075	21.20935188
2/9/2025 0:00	0.403455226	9.87654321	96	0.546701965	21.55701131
2/9/2025 1:00	0.40445155	9.174311927	112	0.703777847	21.71329047
2/9/2025 2:00	0.436034068	9.174311927	106	0.628212509	21.63985827
2/9/2025 3:00	0.392982813	8.565310493	114	0.331915436	21.34333312
2/9/2025 4:00	0.492603879	9.174311927	114	-0.052257004	20.9619592
2/9/2025 5:00	0.365673348	7.561436673	104	-0.472417297	20.54885158
2/9/2025 6:00	0.348206881	9.87654321	96	-0.750945511	20.27822115
2/9/2025 7:00	0.354671002	10.69518717	100	-0.834525528	20.1978144
2/9/2025 8:00	0.36282831	10.69518717	98	-0.620192947	20.40995103
2/9/2025 9:00	0.7824001	3.679852806	102	-0.221267166	20.80422066
2/9/2025 10:00	0.894797148	3.902439024	90	0.26006752	21.28664857
2/9/2025 11:00	0.422189135	5.361930295	108	0.844255981	21.87466821
2/9/2025 12:00	0.987957056	4.597701149	96	1.274775085	22.29506459
2/9/2025 13:00	1.049189958	4.95049505	100	1.498041687	22.52202482
2/9/2025 14:00	1.128351225	5.594405594	110	1.418194351	22.4417258
2/9/2025 15:00	1.093342633	5.594405594	102	1.132851181	22.15575277
2/9/2025 16:00	1.135374131	6.125574273	112	0.611782608	21.6470644
2/9/2025 17:00	1.39067801	6.430868167	94	0.014549789	21.05442984
2/9/2025 18:00	1.816914725	6.430868167	36	-0.575643005	20.47065528
2/9/2025 19:00	1.93339585	5.847953216	52	-0.954917374	20.09684224
2/9/2025 20:00	1.827637031	7.142857143	52	-1.080735626	19.96563533
2/9/2025 21:00	1.94544725	7.142857143	50	-0.953608932	20.10099808
2/9/2025 22:00	2.047860854	7.142857143	56	-0.633552017	20.40904626
2/9/2025 23:00	1.822417142	7.142857143	54	-0.136180344	20.90815102
2/10/2025 0:00	1.835184546	6.768189509	54	0.350117264	21.38115084
2/10/2025 1:00	1.979979486	6.768189509	58	0.716332016	21.74641243
2/10/2025 2:00	1.824257491	6.768189509	60	0.879849014	21.90905594
2/10/2025 3:00	1.615790572	7.142857143	66	0.790148315	21.82374201
2/10/2025 4:00	1.488819392	6.768189509	72	0.479010162	21.51691401
2/10/2025 5:00	1.367953938	6.768189509	68	0.034939346	21.06777929
2/10/2025 6:00	1.36920059	7.142857143	70	-0.436957779	20.59275283
2/10/2025 7:00	1.356831291	7.142857143	74	-0.767661514	20.26642394
2/10/2025 8:00	1.296294053	7.142857143	74	-0.89457077	20.13641193
2/10/2025 9:00	1.120769918	7.561436673	84	-0.762727203	20.26222358
2/10/2025 10:00	1.203534376	7.142857143	80	-0.417235794	20.61109224
2/10/2025 11:00	1.183843813	7.561436673	82	0.06387001	21.09171142
2/10/2025 12:00	1.241185972	7.142857143	82	0.600746689	21.63087835
2/10/2025 13:00	1.089943526	8.032128514	88	1.02015358	22.04492313
2/10/2025 14:00	1.215721319	7.561436673	84	1.227337418	22.25854818
2/10/2025 15:00	1.194765403	7.561436673	80	1.178688583	22.20302492
2/10/2025 16:00	1.209189021	8.032128514	88	0.866171417	21.89591557
2/10/2025 17:00	1.187994497	8.032128514	92	0.364578781	21.39406587
2/10/2025 18:00	1.116800119	8.565310493	88	-0.243068161	20.78763964
2/10/2025 19:00	1.131098686	8.565310493	92	-0.782048645	20.24670615
2/10/2025 20:00	1.106392177	9.174311927	94	-1.164279404	19.8686952
2/10/2025 21:00	0.876938984	8.565310493	86	-1.278756561	19.7590755
2/10/2025 22:00	0.965377638	8.565310493	88	-1.139357986	19.89753882
2/10/2025 23:00	0.954078984	9.174311927	84	-0.778794708	20.25302841
2/11/2025 0:00	0.928954108	9.174311927	90	-0.283921661	20.74429518
2/11/2025 1:00	1.126382758	9.174311927	84	0.189386902	21.21839417
2/11/2025 2:00	1.116385956	8.032128514	84	0.536358414	21.5662499
2/11/2025 3:00	1.250124322	5.847953216	2	0.662216721	21.69288326
2/11/2025 4:00	1.157684179	5.847953216	2	0.541315613	21.57481083
2/11/2025 5:00	1.261768742	6.125574273	2	0.21316391	21.24855578
2/11/2025 6:00	1.360603811	5.847953216	2	-0.237128677	20.79208843
2/11/2025 7:00	1.250557117	6.430868167	22	-0.691548767	20.34188823
2/11/2025 8:00	1.084014811	6.125574273	2	-1.016084137	20.01785417
2/11/2025 9:00	0.986794405	6.430868167	26	-1.097331467	19.93581283
2/11/2025 10:00	0.906240745	6.125574273	26	-0.906392517	20.12517166
2/11/2025 11:00	0.774646325	6.125574273	20	-0.482226791	20.55073733
2/11/2025 12:00	0.705887434	5.847953216	2	0.058521805	21.08531286
2/11/2025 13:00	0.716995835	5.594405594	20	0.614615021	21.64095464
2/11/2025 14:00	0.686631778	5.148005148	2	1.067703781	22.09080375
2/11/2025 15:00	0.629300849	5.148005148	32	1.267260132	22.29428736
2/11/2025 16:00	0.599780921	4.597701149	20	1.168236313	22.18914082
2/11/2025 17:00	0.562927274	5.847953216	56	0.817881165	21.83806309
2/11/2025 18:00	0.462700237	5.594405594	58	0.243841705	21.26915781
2/11/2025 19:00	0.443303152	9.87654321	92	-0.371110382	20.65812231
2/11/2025 20:00	0.355958646	9.87654321	86	-0.899402084	20.12724505
2/11/2025 21:00	0.382976629	9.174311927	94	-1.234008255	19.79325387
2/11/2025 22:00	0.296703822	9.174311927	88	-1.275250854	19.75715261
2/11/2025 23:00	0.278444173	9.174311927	88	-1.056102219	19.97686618
2/12/2025 0:00	0.288301079	9.87654321	88	-0.631064835	20.39919824
2/12/2025 1:00	0.295101197	9.174311927	96	-0.080262604	20.95147149
2/12/2025 2:00	0.403447827	9.174311927	104	0.415125427	21.44323126
2/12/2025 3:00	0.399141317	9.174311927	106	0.730783997	21.75478714
2/12/2025 4:00	0.369423661	9.87654321	100	0.812880096	21.83663527
2/12/2025 5:00	0.256753035	9.87654321	100	0.622074661	21.64091843
2/12/2025 6:00	0.326551554	9.174311927	104	0.25836998	21.27983408
2/12/2025 7:00	0.347938173	9.174311927	98	-0.251286926	20.77350041
2/12/2025 8:00	0.336252054	9.174311927	100	-0.713790359	20.3064179
2/12/2025 9:00	0.208042493	9.87654321	100	-1.025062027	19.99631655
2/12/2025 10:00	0.228817358	10.69518717	100	-1.071969452	19.95337418
2/12/2025 11:00	0.240050546	10.69518717	102	-0.80699295	20.21011729
2/12/2025 12:00	0.272298788	9.87654321	102	-0.359210434	20.66519604
2/12/2025 13:00	0.291929831	9.174311927	118	0.239782867	21.26087162
2/12/2025 14:00	0.475920336	10.69518717	114	0.787577209	21.81596248
2/12/2025 15:00	0.991034107	3.902439024	72	1.185436783	22.23483267
2/12/2025 16:00	1.62852654	5.361930295	44	1.286968765	22.35167577
2/12/2025 17:00	1.796539247	5.361930295	52	1.132616577	22.19130013
2/12/2025 18:00	1.86905473	6.430868167	48	0.69867569	21.74788514
2/12/2025 19:00	1.838602533	6.125574273	52	0.101131973	21.15300601
2/12/2025 20:00	1.803576057	6.430868167	58	-0.516780319	20.53661293
2/12/2025 21:00	1.599471091	6.768189509	58	-1.013125839	20.04492425
2/12/2025 22:00	1.62846845	6.430868167	64	-1.254323425	19.79626832
2/12/2025 23:00	1.363098157	6.430868167	66	-1.214610519	19.84027427
2/13/2025 0:00	1.617329849	6.430868167	74	-0.880742493	20.1723701
2/13/2025 1:00	1.634199722	5.847953216	68	-0.376016083	20.67553191
2/13/2025 2:00	1.564653741	5.361930295	78	0.189226685	21.24362708
2/13/2025 3:00	1.750697676	5.847953216	76	0.664854584	21.72077857
2/13/2025 4:00	2.198255923	5.847953216	74	0.975086746	22.03433284
2/13/2025 5:00	1.986370428	5.847953216	84	0.997543869	22.06399158
2/13/2025 6:00	1.977915501	6.125574273	82	0.757603226	21.82967616
2/13/2025 7:00	2.066351938	6.430868167	94	0.327255783	21.40050364
2/13/2025 8:00	2.189230186	6.768189509	96	-0.181563797	20.89004897
2/13/2025 9:00	2.51903688	7.142857143	94	-0.626695099	20.44600249
2/13/2025 10:00	2.466127307	7.142857143	96	-0.864247742	20.2118261
2/13/2025 11:00	2.651266228	7.561436673	104	-0.804789963	20.26640929
2/13/2025 12:00	2.810192771	7.561436673	98	-0.514733734	20.56922402
2/13/2025 13:00	3.055633983	7.561436673	102	-0.040755692	21.06205833
2/13/2025 14:00	2.970522608	8.032128514	106	0.542717514	21.64124043
2/13/2025 15:00	2.961958513	8.032128514	102	1.085709152	22.17241541
2/13/2025 16:00	2.846326426	8.565310493	102	1.39092308	22.46564751
2/13/2025 17:00	2.668238405	9.174311927	102	1.4440065	22.51025574
2/13/2025 18:00	2.713167859	8.565310493	106	1.176641998	22.24066701
2/13/2025 19:00	2.437794246	8.565310493	94	0.71086174	21.75767502
2/13/2025 20:00	2.128911267	8.565310493	94	0.120962677	21.15266788
2/13/2025 21:00	1.880618587	8.565310493	90	-0.467713776	20.55764997
2/13/2025 22:00	1.807326244	8.032128514	92	-0.922381821	20.10587284
2/13/2025 23:00	1.589523291	9.174311927	90	-1.079127731	19.94064441
2/14/2025 0:00	1.575615505	8.565310493	90	-0.95168251	20.07216153
2/14/2025 1:00	1.367977599	8.565310493	94	-0.593680801	20.43622792
2/14/2025 2:00	1.519568202	8.565310493	90	-0.076960983	20.95105961
2/14/2025 3:00	1.229097743	8.565310493	92	0.420963821	21.44337725
2/14/2025 4:00	1.263747571	8.032128514	88	0.828100739	21.85491458
2/14/2025 5:00	1.204707397	8.565310493	90	0.958857117	21.98403983
2/14/2025 6:00	1.025728691	9.174311927	86	0.810610352	21.84003035
2/14/2025 7:00	0.927465868	9.174311927	86	0.470655975	21.4947634
2/14/2025 8:00	0.888081776	8.565310493	86	-0.051192703	20.97389513
2/14/2025 9:00	0.903739378	9.174311927	82	-0.600587311	20.42627702
2/14/2025 10:00	0.891181911	9.87654321	90	-1.048772278	19.9819394
2/14/2025 11:00	1.091661568	5.847953216	0	-1.264577332	19.76791525
2/14/2025 12:00	1.23563587	6.768189509	16	-1.191005173	19.84539996
2/14/2025 13:00	1.29787324	7.142857143	2	-0.857943954	20.17575137
2/14/2025 14:00	1.380366484	6.768189509	2	-0.375251236	20.66103097
2/14/2025 15:00	1.461166239	6.768189509	14	0.166077194	21.20666031
2/14/2025 16:00	1.309482978	6.768189509	2	0.588903961	21.6270953
2/14/2025 17:00	1.278640623	6.768189509	2	0.798096237	21.82864538
2/14/2025 18:00	1.132958671	6.430868167	0	0.714201508	21.73745081
2/14/2025 19:00	1.057717092	6.430868167	14	0.388678131	21.41195313
2/14/2025 20:00	1.082323378	7.561436673	30	-0.13493866	20.89039589
2/14/2025 21:00	0.953312412	7.142857143	26	-0.700202408	20.32903726
2/14/2025 22:00	0.91412239	7.561436673	34	-1.222981873	19.81164443
2/14/2025 23:00	0.88260806	7.142857143	30	-1.514428558	19.51855734
2/15/2025 0:00	0.798836349	6.768189509	20	-1.523627701	19.5094564
2/15/2025 1:00	0.867139955	7.142857143	26	-1.240777435	19.79196679
2/15/2025 2:00	0.899040686	6.125574273	16	-0.819272461	20.20984808
2/15/2025 3:00	1.202811281	7.142857143	28	-0.287677231	20.74287014
2/15/2025 4:00	1.173745955	6.125574273	16	0.210352478	21.24197896
2/15/2025 5:00	1.161564048	6.430868167	12	0.57786232	21.60413307
2/15/2025 6:00	0.995220331	6.768189509	20	0.663185654	21.68479638
2/15/2025 7:00	1.027751703	6.125574273	2	0.503498611	21.52943621
2/15/2025 8:00	0.816345182	6.430868167	30	0.099216995	21.12357362
2/15/2025 9:00	1.035465644	5.594405594	14	-0.400166931	20.62830432
2/15/2025 10:00	0.892400571	6.125574273	14	-0.891961517	20.13900733
2/15/2025 11:00	0.726517656	5.847953216	26	-1.20480484	19.83019267
2/15/2025 12:00	0.723318748	6.125574273	28	-1.284568253	19.75065707
2/15/2025 13:00	0.73677966	5.594405594	18	-1.100337448	19.93551027
2/15/2025 14:00	0.619785365	5.361930295	2	-0.728524628	20.30955784
2/15/2025 15:00	0.68694946	5.847953216	22	-0.224492493	20.80794476
2/15/2025 16:00	0.65765143	5.594405594	2	0.271019516	21.31043211
2/15/2025 17:00	0.52968747	5.594405594	26	0.637358246	21.67261527
2/15/2025 18:00	0.631991074	4.767580453	2	0.747599182	21.77984584
2/15/2025 19:00	0.383518463	5.361930295	22	0.607931671	21.63332987
2/15/2025 20:00	0.360134393	5.361930295	54	0.25960022	21.27573311
2/15/2025 21:00	0.354053086	5.594405594	82	-0.256953659	20.77093172
2/15/2025 22:00	0.407992474	4.439511654	36	-0.754342499	20.27776918
2/15/2025 23:00	0.386604744	4.153686397	30	-1.16823143	19.8645636
2/16/2025 0:00	0.30720528	5.594405594	86	-1.314458313	19.7129454
2/16/2025 1:00	0.303317055	5.361930295	84	-1.201613846	19.82280863
2/16/2025 2:00	0.292739013	7.142857143	80	-0.863212051	20.15185974
2/16/2025 3:00	0.275590844	6.768189509	90	-0.385812225	20.63895768
2/16/2025 4:00	0.454651822	7.142857143	82	0.16552597	21.19107159
2/16/2025 5:00	0.558821228	2.801120448	70	0.610909042	21.63754003
2/16/2025 6:00	0.663600525	3.481288077	118	0.872488556	21.89596412
2/16/2025 7:00	0.836685681	4.024144869	98	0.854420242	21.8815025
2/16/2025 8:00	1.038750098	4.439511654	106	0.636669693	21.66904826
2/16/2025 9:00	1.371993221	4.767580453	106	0.207470474	21.24471426
2/16/2025 10:00	1.499092599	4.95049505	108	-0.274861755	20.77417371
2/16/2025 11:00	1.796391321	5.594405594	112	-0.696944656	20.35414365
2/16/2025 12:00	1.779312134	6.125574273	110	-0.904485168	20.15428366
2/16/2025 13:00	2.562482766	5.847953216	112	-0.882325592	20.18187156
2/16/2025 14:00	2.779774377	6.430868167	108	-0.595662537	20.48737352
2/16/2025 15:00	2.843353682	6.768189509	110	-0.166213455	20.91939753
2/16/2025 16:00	3.157764727	7.142857143	104	0.389900742	21.48615503
2/16/2025 17:00	2.590183158	7.142857143	98	0.882132111	21.94778241
2/16/2025 18:00	2.42964564	7.561436673	94	1.194040833	22.24749812
2/16/2025 19:00	2.505263301	8.032128514	92	1.231619415	22.29127708
2/16/2025 20:00	2.276953746	7.561436673	96	1.032286224	22.1287529
2/16/2025 21:00	1.940661969	7.561436673	94	0.625544128	21.74113295
2/16/2025 22:00	2.17995295	8.032128514	88	0.157581863	21.23546789
2/16/2025 23:00	1.977969825	8.032128514	94	-0.26544136	20.78358173
2/17/2025 0:00	1.631855476	7.142857143	96	-0.589713516	20.45075234
2/17/2025 1:00	1.551329276	7.561436673	94	-0.649346771	20.38491989
2/17/2025 2:00	1.485494001	8.032128514	94	-0.485305252	20.54299933
2/17/2025 3:00	1.253421438	8.032128514	88	-0.118657532	20.91263901
2/17/2025 4:00	1.178538338	7.561436673	84	0.306889114	21.33429905
2/17/2025 5:00	1.115074708	8.032128514	82	0.690132675	21.71700533
2/17/2025 6:00	1.021982155	9.174311927	98	0.995422897	22.0254713
2/17/2025 7:00	1.137602476	9.174311927	88	1.065712509	22.10272542
2/17/2025 8:00	1.096974157	9.174311927	98	0.862921295	21.89955639
2/17/2025 9:00	1.072936937	10.69518717	102	0.483330307	21.51723521
2/17/2025 10:00	1.123831174	12.82051282	112	-0.027228775	21.00603962
2/17/2025 11:00	1.039347409	12.82051282	110	-0.56021637	20.46829086
2/17/2025 12:00	1.083105236	12.82051282	108	-0.958346786	20.07348364
2/17/2025 13:00	1.191235963	12.82051282	106	-1.159707489	19.87906702
2/17/2025 14:00	1.107305165	12.82051282	102	-1.073892059	19.95966027
2/17/2025 15:00	0.897148342	11.66180758	98	-0.756062927	20.27786635
2/17/2025 16:00	1.00076076	11.66180758	104	-0.420045319	20.62053444
2/17/2025 17:00	1.123762688	11.66180758	104	0.027018127	21.06483933
2/17/2025 18:00	1.075267664	11.66180758	106	0.342388687	21.38718589
2/17/2025 19:00	0.976760536	12.82051282	116	0.495445786	21.54098769
2/17/2025 20:00	1.032940203	11.66180758	110	0.386976776	21.43075696
2/17/2025 21:00	1.160692345	12.82051282	104	0.140299377	21.17279647
2/17/2025 22:00	1.054159399	11.66180758	102	-0.30482048	20.72484828
2/17/2025 23:00	1.070850485	11.66180758	96	-0.782681885	20.24902672
2/18/2025 0:00	1.06212413	12.82051282	100	-1.208611908	19.82761373
2/18/2025 1:00	1.052727745	12.82051282	94	-1.409902039	19.62731195
2/18/2025 2:00	0.994857068	11.66180758	94	-1.42582077	19.61073279
2/18/2025 3:00	1.14462369	5.148005148	2	-1.230393829	19.80970051
2/18/2025 4:00	1.166719621	10.69518717	98	-0.874246063	20.16810532
2/18/2025 5:00	1.191130067	7.561436673	12	-0.425500336	20.61419626
2/18/2025 6:00	1.033620363	5.594405594	356	-0.022231522	21.01594614
2/18/2025 7:00	1.022395932	10.69518717	110	0.241062698	21.2745465
2/18/2025 8:00	0.854679243	6.430868167	2	0.283579407	21.31644579
2/18/2025 9:00	0.976375762	5.847953216	10	0.11960083	21.15516975
2/18/2025 10:00	0.9765307	5.594405594	2	-0.21422142	20.8140682
2/18/2025 11:00	0.989099251	6.430868167	358	-0.626546326	20.40750331
2/18/2025 12:00	0.946808439	6.430868167	14	-1.024623337	20.00811967
2/18/2025 13:00	0.986120122	6.768189509	18	-1.287898483	19.74595299
2/18/2025 14:00	1.069953088	4.95049505	2	-1.349267426	19.68462292
2/18/2025 15:00	1.024345361	4.291845494	356	-1.211450043	19.82279761
2/18/2025 16:00	1.032398293	5.361930295	356	-0.915236893	20.12235463
2/18/2025 17:00	0.999269658	6.768189509	2	-0.512555542	20.52379812
2/18/2025 18:00	0.982701022	6.125574273	0	-0.119100037	20.91274218
2/18/2025 19:00	0.941192229	6.430868167	2	0.172184525	21.20435582
2/18/2025 20:00	0.888032808	6.430868167	8	0.308895645	21.33911277
2/18/2025 21:00	0.856420145	6.430868167	16	0.24029213	21.26860581
2/18/2025 22:00	0.80060099	6.430868167	12	-0.015504303	21.01337692
2/18/2025 23:00	0.820555854	6.430868167	14	-0.369773331	20.6600742
2/19/2025 0:00	0.93092254	6.125574273	0	-0.719628754	20.31315041
2/19/2025 1:00	0.949121533	6.430868167	10	-0.971175613	20.06208751
2/19/2025 2:00	0.987590369	5.594405594	2	-1.026481094	20.0047379
2/19/2025 3:00	0.945308926	6.125574273	2	-0.921822968	20.11137795
2/19/2025 4:00	0.990796899	6.768189509	2	-0.635920944	20.39152394
2/19/2025 5:00	1.046511246	6.430868167	0	-0.266250076	20.75933523
2/19/2025 6:00	1.100994438	8.032128514	26	0.1562677	21.18093174
2/19/2025 7:00	1.154121542	6.430868167	2	0.517366943	21.54101955
2/19/2025 8:00	1.073370935	6.430868167	2	0.70547348	21.73191892
2/19/2025 9:00	1.097341933	6.768189509	2	0.673763809	21.70203227
2/19/2025 10:00	1.039332553	7.561436673	22	0.480089722	21.50673908
2/19/2025 11:00	0.933615508	6.430868167	2	0.129072723	21.15285319
2/19/2025 12:00	0.935677832	7.561436673	26	-0.257173004	20.77402966
2/19/2025 13:00	0.994349581	7.142857143	22	-0.601470413	20.43089676
2/19/2025 14:00	0.969141778	6.125574273	16	-0.796681824	20.2371626
2/19/2025 15:00	0.85193174	5.847953216	2	-0.805283966	20.22925424
2/19/2025 16:00	0.796108179	5.847953216	2	-0.656205597	20.37723789
2/19/2025 17:00	0.751937579	5.361930295	22	-0.364198151	20.66531581
2/19/2025 18:00	0.731803886	5.361930295	2	-0.014380875	21.01901708
2/19/2025 19:00	0.735340189	4.767580453	356	0.307480392	21.33734861
2/19/2025 20:00	0.568707012	5.361930295	2	0.522757111	21.54645374
2/19/2025 21:00	0.431565641	5.361930295	16	0.579649506	21.58515177
2/19/2025 22:00	0.318955326	5.361930295	36	0.429138718	21.43632807
2/19/2025 23:00	0.306539894	8.032128514	114	0.148567734	21.15500541
2/20/2025 0:00	0.401544502	4.291845494	22	-0.206710281	20.80288082
2/20/2025 1:00	0.375837218	4.291845494	24	-0.535878601	20.48030152
2/20/2025 2:00	0.326695964	4.291845494	46	-0.747756424	20.269426
2/20/2025 3:00	0.331184244	4.153686397	36	-0.786378326	20.23185856
2/20/2025 4:00	0.326916631	4.291845494	50	-0.616832199	20.40493017
2/20/2025 5:00	0.228269311	5.594405594	82	-0.284764709	20.73589435
2/20/2025 6:00	0.276518975	5.361930295	52	0.099707184	21.11688209
2/20/2025 7:00	0.234405738	9.174311927	104	0.506220398	21.52292264
2/20/2025 8:00	0.256346942	9.174311927	106	0.790810165	21.8074829
2/20/2025 9:00	0.421877915	4.153686397	2	0.899857101	21.9111092
2/20/2025 10:00	0.211167625	16	86	0.799837646	21.80418105
2/20/2025 11:00	0.219263004	16	100	0.540298996	21.54992441
2/20/2025 12:00	0.223951354	16	86	0.147398529	21.16062877
2/20/2025 13:00	0.237940185	16	86	-0.262389603	20.75424047
2/20/2025 14:00	0.344938226	3.902439024	36	-0.574786606	20.43725867
2/20/2025 15:00	0.245920557	16	90	-0.736934128	20.28096008
2/20/2025 16:00	0.250563919	16	96	-0.719373169	20.29646256
2/20/2025 17:00	0.306093798	5.148005148	48	-0.526847305	20.48914218
2/20/2025 18:00	0.423878921	4.597701149	50	-0.228711548	20.78798196
2/20/2025 19:00	0.233258589	16	84	0.156672058	21.17719371
2/20/2025 20:00	0.657211189	2.996254682	88	0.452578125	21.47472159
2/20/2025 21:00	0.815473681	3.577817531	14	0.63951355	21.66665914
2/20/2025 22:00	0.945957983	4.291845494	2	0.656588135	21.68160792
2/20/2025 23:00	0.951881134	4.597701149	2	0.505396423	21.52814246
2/21/2025 0:00	0.91531282	4.597701149	20	0.20907074	21.23136019
2/21/2025 1:00	0.872736442	4.597701149	26	-0.131724777	20.88919353
2/21/2025 2:00	0.264260681	16	42	-0.435214462	20.58800256
2/21/2025 3:00	0.270517263	16	94	-0.600369873	20.42535172
2/21/2025 4:00	0.593776967	4.291845494	30	-0.583665314	20.4416668
2/21/2025 5:00	0.629669474	4.153686397	34	-0.412261429	20.61276489
2/21/2025 6:00	0.795121462	4.153686397	356	-0.083936157	20.94373108
2/21/2025 7:00	0.903985296	4.767580453	0	0.317331848	21.33787444
2/21/2025 8:00	1.065557475	4.95049505	356	0.676422653	21.696973
2/21/2025 9:00	1.087345202	5.847953216	2	0.911242065	21.93659291
2/21/2025 10:00	1.050622637	5.847953216	2	0.987974701	22.01018614
2/21/2025 11:00	1.049218723	5.594405594	2	0.85454422	21.88004089
2/21/2025 12:00	1.197078454	5.847953216	2	0.539606628	21.56625064
2/21/2025 13:00	1.381100206	6.768189509	2	0.12942749	21.16351434
2/21/2025 14:00	1.475641188	7.142857143	2	-0.275121155	20.75860385
2/21/2025 15:00	1.54757535	7.142857143	2	-0.595670166	20.4391345
2/21/2025 16:00	1.570330179	7.142857143	22	-0.756953659	20.27346268
2/21/2025 17:00	1.368427458	7.142857143	22	-0.745376053	20.28801789
2/21/2025 18:00	1.423459503	6.430868167	2	-0.558116379	20.47242398
2/21/2025 19:00	1.435919459	6.768189509	18	-0.257401886	20.77491986
2/21/2025 20:00	1.340311437	6.430868167	18	0.099569855	21.12591647
2/21/2025 21:00	1.334685551	5.594405594	14	0.398880539	21.42561325
2/21/2025 22:00	1.315885863	6.125574273	18	0.569708405	21.59699566
2/21/2025 23:00	1.219465123	6.430868167	22	0.573147354	21.60270826
2/22/2025 0:00	1.216668782	6.125574273	2	0.40894371	21.43454598
2/22/2025 1:00	1.163845724	6.125574273	14	0.118946609	21.15122039
2/22/2025 2:00	1.219170926	6.125574273	2	-0.220111313	20.80936992
2/22/2025 3:00	1.264207097	6.125574273	2	-0.502604904	20.53027719
2/22/2025 4:00	1.522708801	6.430868167	2	-0.647166672	20.38552678
2/22/2025 5:00	1.516445581	6.768189509	2	-0.644652786	20.39279226
2/22/2025 6:00	1.444498031	6.768189509	20	-0.442975464	20.58796473
2/22/2025 7:00	1.331784902	6.768189509	2	-0.123202744	20.90541939
2/22/2025 8:00	1.421570872	6.768189509	2	0.255243835	21.28907676
2/22/2025 9:00	1.377248508	6.768189509	14	0.595097122	21.62909427
2/22/2025 10:00	1.321496701	6.125574273	2	0.832726059	21.86468862
2/22/2025 11:00	1.180844458	6.430868167	2	0.888639984	21.91315156
2/22/2025 12:00	1.066274998	6.430868167	18	0.740578232	21.76221785
2/22/2025 13:00	1.045003711	6.125574273	16	0.437342224	21.46165792
2/22/2025 14:00	0.877092269	6.125574273	26	0.029924927	21.05173273
2/22/2025 15:00	0.800077345	6.125574273	18	-0.385053101	20.64109012
2/22/2025 16:00	0.800363119	5.361930295	18	-0.725163879	20.30048561
2/22/2025 17:00	0.695639634	5.594405594	24	-0.901532593	20.12057303
2/22/2025 18:00	0.629042546	9.87654321	88	-0.891654434	20.13072386
2/22/2025 19:00	0.579588474	9.87654321	90	-0.717236938	20.30003918
2/22/2025 20:00	0.619192137	9.87654321	92	-0.408179703	20.61268136
2/22/2025 21:00	0.684301464	5.594405594	42	-0.032889786	20.9702388
2/22/2025 22:00	0.655946013	9.174311927	90	0.299627838	21.30045143
2/22/2025 23:00	0.643242161	9.87654321	94	0.506207047	21.50449892
2/23/2025 0:00	0.584611955	9.174311927	88	0.537434158	21.53977017
2/23/2025 1:00	0.535420419	9.87654321	94	0.405460892	21.40992989
2/23/2025 2:00	0.520172627	9.174311927	90	0.153358994	21.15175945
2/23/2025 3:00	0.401210029	8.565310493	86	-0.168536606	20.82282953
2/23/2025 4:00	0.377565867	9.174311927	86	-0.444863739	20.54289681
2/23/2025 5:00	0.34318375	9.174311927	90	-0.603843155	20.38381379
2/23/2025 6:00	0.367380265	9.87654321	86	-0.589406433	20.39568934
2/23/2025 7:00	0.329448448	9.174311927	84	-0.387217941	20.58529317
2/23/2025 8:00	0.317496904	9.87654321	88	-0.069133224	20.90508167
2/23/2025 9:00	0.40825672	9.87654321	96	0.325979767	21.29171465
2/23/2025 10:00	0.423845533	9.87654321	100	0.694027481	21.64778259
2/23/2025 11:00	0.378829661	9.87654321	98	0.943701324	21.89777502
2/23/2025 12:00	0.379476636	10.69518717	86	0.994904099	21.97133835
2/23/2025 13:00	0.412868023	9.87654321	84	0.854685364	21.83747564
2/23/2025 14:00	0.316481297	9.174311927	100	0.546427307	21.53401415
2/23/2025 15:00	0.462277447	9.87654321	80	0.118073044	21.11129586
2/23/2025 16:00	0.437015434	9.87654321	82	-0.31503624	20.68772753
2/23/2025 17:00	0.285828833	9.87654321	82	-0.659675064	20.34698705
2/23/2025 18:00	0.31505057	9.174311927	84	-0.855712357	20.15996466
2/23/2025 19:00	0.331645046	9.174311927	90	-0.859481277	20.14860035
2/23/2025 20:00	0.334224671	9.174311927	90	-0.683671417	20.32012873
2/23/2025 21:00	0.35463474	9.174311927	84	-0.375310364	20.63190295
2/23/2025 22:00	0.329993267	9.87654321	94	0.007446823	21.0121626
2/23/2025 23:00	0.33854022	9.87654321	90	0.334850845	21.32491546
2/24/2025 0:00	0.36494709	9.87654321	94	0.548500595	21.5351896
2/24/2025 1:00	0.340646356	9.87654321	96	0.571100769	21.56189223
2/24/2025 2:00	0.322575593	9.174311927	98	0.424307404	21.41644164
2/24/2025 3:00	0.418482917	9.87654321	88	0.119541702	21.12392885
2/24/2025 4:00	0.341912972	9.87654321	96	-0.227818909	20.7824503
2/24/2025 5:00	0.421508843	10.69518717	90	-0.511819305	20.50071517
2/24/2025 6:00	0.349093353	10.69518717	96	-0.688849869	20.33019207
2/24/2025 7:00	0.595023098	4.153686397	2	-0.66054863	20.35609913
2/24/2025 8:00	0.432047974	5.148005148	54	-0.451203766	20.55482357
2/24/2025 9:00	0.34846516	10.69518717	98	-0.087325516	20.92090315
2/24/2025 10:00	0.318416205	10.69518717	102	0.338160095	21.33734878
2/24/2025 11:00	0.349821018	11.66180758	98	0.74639183	21.73888616
2/24/2025 12:00	0.328254083	9.87654321	96	1.010721741	21.99643791
2/24/2025 13:00	0.326783739	9.87654321	102	1.072332916	22.05979331
2/24/2025 14:00	0.324263774	10.69518717	102	0.917236862	21.91268686
2/24/2025 15:00	0.305333573	10.69518717	96	0.557102737	21.56813085
2/24/2025 16:00	0.314880985	10.69518717	94	0.086145935	21.09980594
2/24/2025 17:00	0.409102542	11.66180758	90	-0.391965332	20.62857464
2/24/2025 18:00	0.300071913	10.69518717	88	-0.768016281	20.25724194
2/24/2025 19:00	0.288306531	9.87654321	88	-0.973502579	20.05442363
2/24/2025 20:00	0.288670149	11.66180758	92	-0.939156952	20.09076893
2/24/2025 21:00	0.307989629	10.69518717	102	-0.717256012	20.31439308
2/24/2025 22:00	0.319325354	11.66180758	98	-0.307584229	20.70814792
2/24/2025 23:00	0.290687482	11.66180758	98	0.115200577	21.1309994
2/25/2025 0:00	0.588093109	3.679852806	116	0.502483902	21.51764592
2/25/2025 1:00	0.636059201	3.481288077	126	0.733797607	21.74986844
2/25/2025 2:00	0.645391446	3.902439024	144	0.751654205	21.76809327
2/25/2025 3:00	0.711282504	3.902439024	162	0.57010704	21.59435793
2/25/2025 4:00	0.827958369	4.439511654	160	0.223795471	21.25060641
2/25/2025 5:00	0.844134015	4.153686397	176	-0.20184082	20.8270085
2/25/2025 6:00	0.729182402	4.439511654	164	-0.557923737	20.47438171
2/25/2025 7:00	0.496485335	5.148005148	132	-0.755546036	20.27899771
2/25/2025 8:00	0.682169749	4.95049505	132	-0.713256302	20.31352637
2/25/2025 9:00	0.691167998	4.439511654	154	-0.458154144	20.56705469
2/25/2025 10:00	0.728275174	4.767580453	144	-0.040732803	20.97704742
2/25/2025 11:00	0.698024869	4.767580453	140	0.443861542	21.46338767
2/25/2025 12:00	0.661248072	4.767580453	142	0.88068634	21.90234431
2/25/2025 13:00	0.675474925	4.95049505	136	1.159628448	22.17415173
2/25/2025 14:00	0.717074406	4.95049505	138	1.211285172	22.22309291
2/25/2025 15:00	0.623509886	5.148005148	144	1.00320488	22.01992085
2/25/2025 16:00	0.637817594	4.95049505	138	0.57726532	21.59880547
2/25/2025 17:00	0.537842877	5.361930295	128	0.054913101	21.08466352
2/25/2025 18:00	0.525969533	5.148005148	140	-0.496264877	20.53128346
2/25/2025 19:00	0.456201984	11.66180758	88	-0.905465546	20.12713789
2/25/2025 20:00	0.415777828	9.87654321	90	-1.073821487	19.96199124
2/25/2025 21:00	0.379911115	11.66180758	90	-0.978805008	20.05023427
2/25/2025 22:00	0.356385164	11.66180758	94	-0.687304916	20.33896844
2/25/2025 23:00	0.342697826	11.66180758	108	-0.222150269	20.8000757
2/26/2025 0:00	0.359873763	10.69518717	106	0.296385345	21.32016793
2/26/2025 1:00	0.342666453	10.69518717	104	0.688633499	21.71845619
2/26/2025 2:00	0.352333593	12.82051282	88	0.906765518	21.92621235
2/26/2025 3:00	0.524191435	11.66180758	104	0.902933655	21.92158017
2/26/2025 4:00	0.480976	11.66180758	92	0.623365936	21.63677207
2/26/2025 5:00	0.386894324	11.66180758	92	0.211132584	21.2314366
2/26/2025 6:00	0.378155194	11.66180758	88	-0.272765579	20.74918402
2/26/2025 7:00	0.450685508	11.66180758	92	-0.671775284	20.34823833
2/26/2025 8:00	0.411480509	11.66180758	90	-0.823037567	20.19804937
2/26/2025 9:00	0.380646683	12.82051282	90	-0.750497284	20.2711383
2/26/2025 10:00	0.335846246	11.66180758	94	-0.425109329	20.5962501
2/26/2025 11:00	0.376078853	11.66180758	100	0.080227432	21.10057174
2/26/2025 12:00	0.543622802	11.66180758	102	0.646854935	21.66219233
2/26/2025 13:00	0.706888411	3.389830508	312	1.119837341	22.13683415
2/26/2025 14:00	0.717457174	3.902439024	356	1.392710266	22.41324347
2/26/2025 15:00	0.71359214	11.66180758	96	1.378332672	22.39764776
2/26/2025 16:00	0.729195785	4.95049505	2	1.100916443	22.12225603
2/26/2025 17:00	0.661826764	4.95049505	2	0.589582977	21.60810196
2/26/2025 18:00	0.500280868	5.148005148	2	-0.036918106	20.98864522
2/26/2025 19:00	0.380821474	11.66180758	86	-0.630748215	20.39535806
2/26/2025 20:00	0.323673044	10.69518717	90	-1.030852737	19.99641138
2/26/2025 21:00	0.298599072	11.66180758	86	-1.182706299	19.84760998
2/26/2025 22:00	0.290375071	11.66180758	88	-1.026475372	20.00199789
2/26/2025 23:00	0.304849983	11.66180758	96	-0.650882187	20.37300951
2/27/2025 0:00	0.453014066	9.87654321	100	-0.097819748	20.92436491
2/27/2025 1:00	0.379237094	9.87654321	122	0.445704041	21.46309468
2/27/2025 2:00	0.479810326	8.032128514	128	0.855154572	21.86703448
2/27/2025 3:00	0.506935663	8.032128514	132	1.017380295	22.03239388
2/27/2025 4:00	0.613859345	9.87654321	120	0.891165314	21.90716773
2/27/2025 5:00	0.671936558	8.565310493	124	0.534205017	21.55026024
2/27/2025 6:00	0.664170752	12.82051282	114	0.001705704	21.03413208
2/27/2025 7:00	0.777500915	12.82051282	102	-0.543534698	20.4911457
2/27/2025 8:00	0.857686002	11.66180758	98	-0.938502731	20.09131265
2/27/2025 9:00	0.876876066	11.66180758	100	-1.070163193	19.9448837
2/27/2025 10:00	0.827984672	11.66180758	98	-0.907571259	20.10942579
2/27/2025 11:00	0.853280759	10.69518717	102	-0.462359848	20.5603153
2/27/2025 12:00	0.951396344	10.69518717	112	0.126047668	21.14225742
2/27/2025 13:00	1.001765716	10.69518717	120	0.762865601	21.78552607
2/27/2025 14:00	1.200648893	10.69518717	114	1.267546234	22.29232782
2/27/2025 15:00	1.127632899	10.69518717	124	1.511255798	22.53755372
2/27/2025 16:00	1.248893951	10.69518717	116	1.434891281	22.47137422
2/27/2025 17:00	1.506852736	11.66180758	108	1.04884201	22.08613659
2/27/2025 18:00	1.573149365	5.847953216	138	0.43358284	21.47803545
2/27/2025 19:00	1.646889772	5.847953216	146	-0.256982269	20.78814663
2/27/2025 20:00	1.568927788	6.125574273	136	-0.859364929	20.17874759
2/27/2025 21:00	1.651298432	6.430868167	140	-1.234647217	19.80342468
2/27/2025 22:00	1.385885188	6.768189509	132	-1.284467163	19.74425599
2/27/2025 23:00	1.316116892	9.87654321	102	-1.009910049	20.02109237
2/28/2025 0:00	1.178855925	8.032128514	120	-0.500777664	20.5301257
2/28/2025 1:00	1.16682853	9.174311927	116	0.131554184	21.15857023
2/28/2025 2:00	1.158395059	9.174311927	116	0.705572662	21.73314999
2/28/2025 3:00	1.232405141	8.032128514	120	1.098211823	22.12195781
2/28/2025 4:00	1.203112949	9.174311927	120	1.214548645	22.24099854
2/28/2025 5:00	1.224336474	9.87654321	118	1.011387405	22.04287669
2/28/2025 6:00	1.163373459	7.561436673	124	0.562620697	21.59383372
2/28/2025 7:00	0.921014677	7.561436673	116	-0.014769974	21.01688837
2/28/2025 8:00	0.988160043	7.142857143	118	-0.643920364	20.39005812
2/28/2025 9:00	0.963414624	10.69518717	96	-1.041732254	19.9883389
2/28/2025 10:00	0.863424678	9.87654321	100	-1.158894958	19.86894594
2/28/2025 11:00	0.945500447	6.768189509	114	-0.913817825	20.11695115
2/28/2025 12:00	0.829788835	9.87654321	98	-0.40194458	20.62681517
2/28/2025 13:00	0.817447164	9.87654321	112	0.235128937	21.26633125
2/28/2025 14:00	0.862659683	9.87654321	116	0.900927124	21.9236195
2/28/2025 15:00	0.79791892	8.565310493	130	1.373764572	22.39562132
2/28/2025 16:00	0.86485714	9.87654321	126	1.549345551	22.57468154
2/28/2025 17:00	0.892502536	9.174311927	126	1.377016602	22.40264954
2/28/2025 18:00	0.900818538	9.174311927	114	0.899252472	21.92644351
2/28/2025 19:00	0.960668573	10.69518717	114	0.237452087	21.26324558
2/28/2025 20:00	0.846783989	9.174311927	102	-0.473973694	20.55694273
2/28/2025 21:00	0.647643747	9.87654321	98	-1.059737625	19.9710647
2/28/2025 22:00	0.724295167	9.174311927	96	-1.342431488	19.68759453
2/28/2025 23:00	0.78151641	9.87654321	96	-1.285153809	19.74386451
3/1/2025 0:00	0.925023966	9.174311927	98	-0.916409912	20.11421578
3/1/2025 1:00	0.888075745	6.125574273	30	-0.318494263	20.70786467
3/1/2025 2:00	0.945333049	8.032128514	112	0.350231705	21.37459119
3/1/2025 3:00	0.946719086	8.565310493	122	0.93603569	21.96027591
3/1/2025 4:00	1.089059344	9.174311927	124	1.259504852	22.28255483
3/1/2025 5:00	1.124109092	8.565310493	124	1.269495544	22.29234204
3/1/2025 6:00	1.165673296	9.174311927	120	0.937599716	21.96810019
3/1/2025 7:00	1.129816804	9.87654321	112	0.403639374	21.43288725
3/1/2025 8:00	1.10235772	9.87654321	100	-0.267278137	20.76801504
3/1/2025 9:00	0.803258483	9.174311927	94	-0.868659439	20.17007379
3/1/2025 10:00	0.811496056	9.87654321	100	-1.244227829	19.79700303
3/1/2025 11:00	0.845213233	5.361930295	114	-1.248677673	19.7859208
3/1/2025 12:00	1.09783026	4.439511654	142	-0.932954254	20.10467842
3/1/2025 13:00	1.018221367	4.95049505	124	-0.356599274	20.67571689
3/1/2025 14:00	1.127842161	4.767580453	148	0.36629921	21.40339914
3/1/2025 15:00	1.351662498	5.361930295	148	1.019589005	22.05589153
3/1/2025 16:00	1.463786175	5.594405594	146	1.46968132	22.50647167
3/1/2025 17:00	1.450447511	6.125574273	130	1.596453247	22.6419142
3/1/2025 18:00	1.484361223	6.768189509	132	1.359030304	22.40521656
3/1/2025 19:00	1.502693814	6.768189509	128	0.867004929	21.90518561
3/1/2025 20:00	1.411185811	7.142857143	130	0.189600525	21.2263422
3/1/2025 21:00	1.200757655	7.142857143	128	-0.503077927	20.53220223
3/1/2025 22:00	1.26914415	6.768189509	124	-0.998113098	20.04124008
3/1/2025 23:00	1.116271335	7.142857143	118	-1.192151489	19.8518319
3/2/2025 0:00	0.903366289	7.561436673	104	-1.031821671	20.00809364
3/2/2025 1:00	1.026241268	4.291845494	356	-0.599362793	20.43651489
3/2/2025 2:00	0.972677124	6.430868167	108	0.04242569	21.07438353
3/2/2025 3:00	1.096470693	4.439511654	356	0.695982513	21.72673
3/2/2025 4:00	1.044239491	7.561436673	92	1.244228897	22.27740469
3/2/2025 5:00	1.025415465	7.561436673	92	1.480135498	22.51163524
3/2/2025 6:00	0.932609053	6.125574273	22	1.360949097	22.38382294
3/2/2025 7:00	1.013108445	6.125574273	24	0.936722336	21.9627501
3/2/2025 8:00	0.869790268	6.430868167	28	0.303587494	21.3288288
3/2/2025 9:00	0.950229321	6.430868167	34	-0.420482101	20.60994564
3/2/2025 10:00	0.94316743	6.768189509	30	-1.043013992	19.99167659
3/2/2025 11:00	0.900420551	6.768189509	40	-1.399165573	19.63857539
3/2/2025 12:00	1.096187556	7.142857143	32	-1.366862717	19.66870367
3/2/2025 13:00	1.196957054	6.430868167	16	-1.009648743	20.02624582
3/2/2025 14:00	1.287801859	7.142857143	18	-0.420649948	20.61485348
3/2/2025 15:00	1.246020976	7.142857143	24	0.263514099	21.30099639
3/2/2025 16:00	1.236395901	6.768189509	358	0.871090469	21.91109023
3/2/2025 17:00	1.107271602	6.430868167	2	1.253220139	22.28674703
3/2/2025 18:00	1.082473819	9.87654321	118	1.269089279	22.29790401
3/2/2025 19:00	0.968817057	5.594405594	2	0.973337708	21.99968002
3/2/2025 20:00	0.908169601	9.87654321	114	0.415764389	21.44283558
3/2/2025 21:00	0.835083885	5.361930295	2	-0.27597374	20.7544336
3/2/2025 22:00	0.750397242	5.361930295	12	-0.93679184	20.09850069
3/2/2025 23:00	0.629478256	9.87654321	94	-1.365596237	19.67091534
3/3/2025 0:00	0.593338916	5.594405594	32	-1.454232635	19.57827465
3/3/2025 1:00	0.680276915	5.361930295	34	-1.198714676	19.83201801
3/3/2025 2:00	0.756772749	5.594405594	20	-0.68902153	20.346807
3/3/2025 3:00	0.902309488	5.847953216	20	-0.026791992	21.00643031
3/3/2025 4:00	1.06905478	5.594405594	0	0.625216064	21.65744639
3/3/2025 5:00	1.105292283	6.125574273	2	1.10340744	22.13241429
3/3/2025 6:00	1.057003052	6.125574273	14	1.26920372	22.29357727
3/3/2025 7:00	0.980887525	5.847953216	14	1.078028259	22.10529682
3/3/2025 8:00	0.98163445	5.361930295	2	0.605833588	21.63485085
3/3/2025 9:00	1.073004121	6.430868167	26	-0.06273407	20.96724719
3/3/2025 10:00	0.987539841	5.847953216	18	-0.77524704	20.25785763
3/3/2025 11:00	0.807091112	5.847953216	2	-1.30689949	19.72880646
3/3/2025 12:00	0.62679014	5.847953216	32	-1.560550156	19.47807533
3/3/2025 13:00	0.519761002	5.361930295	26	-1.440343323	19.58859617
3/3/2025 14:00	0.513601064	5.148005148	2	-1.033019485	19.99898808
3/3/2025 15:00	0.592538669	5.847953216	50	-0.408317032	20.62481213
3/3/2025 16:00	0.982649792	4.95049505	2	0.278530655	21.3127755
3/3/2025 17:00	1.074655151	4.767580453	2	0.85274559	21.88276029
3/3/2025 18:00	1.003828853	5.594405594	32	1.190685806	22.217705
3/3/2025 19:00	0.881568321	5.148005148	26	1.176678238	22.19948702
3/3/2025 20:00	0.982917209	5.361930295	2	0.862913666	21.88766434
3/3/2025 21:00	0.775207855	5.594405594	26	0.321369705	21.34569074
3/3/2025 22:00	0.620988661	5.361930295	40	-0.324740829	20.70480416
3/3/2025 23:00	0.592577106	5.148005148	38	-0.901118698	20.12427927
3/4/2025 0:00	0.500745246	4.95049505	40	-1.236514511	19.79363243
3/4/2025 1:00	0.431936312	5.148005148	56	-1.254367294	19.77887855
3/4/2025 2:00	0.40625545	4.95049505	40	-0.940041962	20.09110561
3/4/2025 3:00	0.357933442	4.597701149	38	-0.410172882	20.61188438
3/4/2025 4:00	0.288620504	9.174311927	104	0.252333221	21.27289072
3/4/2025 5:00	0.288656687	9.174311927	100	0.876833496	21.89432243
3/4/2025 6:00	0.374565245	9.174311927	116	1.272491989	22.28667343
3/4/2025 7:00	0.277643101	8.565310493	126	1.364851532	22.38538163
3/4/2025 8:00	0.34485039	9.174311927	124	1.130810318	22.15221413
3/4/2025 9:00	0.333636317	9.174311927	116	0.621861038	21.64452714
3/4/2025 10:00	0.221131738	9.174311927	108	-0.055434647	20.96822453
3/4/2025 11:00	0.225308	9.87654321	94	-0.735253754	20.29380839
3/4/2025 12:00	0.287870547	9.174311927	92	-1.25347847	19.77906079
3/4/2025 13:00	0.196197802	9.87654321	86	-1.485625687	19.54930742
3/4/2025 14:00	0.179642182	9.174311927	88	-1.388846817	19.64466927
3/4/2025 15:00	0.173339303	9.174311927	94	-1.011817398	20.0200724
3/4/2025 16:00	0.397233082	9.174311927	104	-0.447644653	20.58544184
3/4/2025 17:00	0.490277828	3.220611916	108	0.200830994	21.22957072
3/4/2025 18:00	0.560632176	3.481288077	116	0.690260468	21.7218677
3/4/2025 19:00	0.645736436	4.291845494	152	0.957996902	21.99128674
3/4/2025 20:00	0.735278679	4.95049505	158	0.917025146	21.94951007
3/4/2025 21:00	0.783469133	4.95049505	158	0.596489487	21.6261252
3/4/2025 22:00	0.797810822	4.024144869	162	0.071526108	21.1013779
3/4/2025 23:00	0.714376408	4.95049505	154	-0.519837799	20.51469839
3/5/2025 0:00	0.750216774	5.361930295	142	-1.035659256	20.00000168
3/5/2025 1:00	0.67160224	5.847953216	134	-1.29811615	19.73769196
3/5/2025 2:00	0.639780247	5.361930295	138	-1.273173752	19.75741166
3/5/2025 3:00	0.571208829	5.594405594	130	-0.935225906	20.09655717
3/5/2025 4:00	0.638494897	5.148005148	138	-0.39873642	20.62904481
3/5/2025 5:00	0.627356954	5.361930295	144	0.23032814	21.25730431
3/5/2025 6:00	0.659915215	5.594405594	144	0.810715256	21.83667174
3/5/2025 7:00	0.680835206	5.361930295	146	1.160893021	22.19055967
3/5/2025 8:00	0.65783496	6.125574273	154	1.220018921	22.2426003
3/5/2025 9:00	0.71776543	5.847953216	144	0.984980164	22.0113192
3/5/2025 10:00	0.807306965	6.125574273	138	0.485453186	21.51314741
3/5/2025 11:00	0.783991434	6.125574273	138	-0.14145607	20.88829082
3/5/2025 12:00	0.744118576	5.594405594	140	-0.768052521	20.26576423
3/5/2025 13:00	0.74289876	5.594405594	134	-1.221318665	19.81634506
3/5/2025 14:00	0.731495674	5.148005148	140	-1.429938736	19.60645126
3/5/2025 15:00	0.721194563	5.148005148	140	-1.295817795	19.7387495
3/5/2025 16:00	0.709312042	5.361930295	126	-0.940894547	20.09306229
3/5/2025 17:00	0.709447147	5.148005148	126	-0.393895569	20.63776665
3/5/2025 18:00	0.753164092	4.439511654	158	0.201090393	21.23104631
3/5/2025 19:00	0.805668636	4.767580453	140	0.67098671	21.70315137
3/5/2025 20:00	0.947450307	4.95049505	156	0.929876862	21.9585018
3/5/2025 21:00	0.978289058	5.361930295	140	0.916779099	21.94580234
3/5/2025 22:00	1.079976275	5.847953216	136	0.648768005	21.68183238
3/5/2025 23:00	1.23900804	5.594405594	130	0.189184723	21.22329621
3/6/2025 0:00	1.128222915	5.361930295	138	-0.314265671	20.7254587
3/6/2025 1:00	0.993040277	5.594405594	130	-0.732844772	20.30479058
3/6/2025 2:00	0.917014382	5.847953216	124	-0.93540329	20.10298917
3/6/2025 3:00	1.078963256	5.361930295	130	-0.862473907	20.1784967
3/6/2025 4:00	1.310632274	5.361930295	132	-0.521127167	20.51767857
3/6/2025 5:00	1.432153637	5.148005148	132	-0.022199097	21.01848841
3/6/2025 6:00	1.540294695	5.847953216	132	0.553173599	21.58982421
3/6/2025 7:00	1.839830815	6.430868167	130	1.066599426	22.12206647
3/6/2025 8:00	1.89513984	6.768189509	132	1.394400177	22.4500399
3/6/2025 9:00	1.946591127	6.768189509	126	1.426378784	22.4914491
3/6/2025 10:00	1.927562262	7.142857143	134	1.217722473	22.27626247
3/6/2025 11:00	1.98278707	7.561436673	128	0.754604874	21.82656998
3/6/2025 12:00	2.00033643	7.561436673	120	0.194166718	21.23850795
3/6/2025 13:00	1.847836564	7.561436673	120	-0.387595596	20.65398691
3/6/2025 14:00	1.705905119	6.768189509	128	-0.799333038	20.24734943
3/6/2025 15:00	1.49235932	7.142857143	116	-0.999804916	20.04119446
3/6/2025 16:00	1.494709123	7.561436673	112	-0.914441528	20.11948826
3/6/2025 17:00	1.500353128	6.768189509	116	-0.615264359	20.42238327
3/6/2025 18:00	1.556144396	11.66180758	116	-0.145406189	20.88799889
3/6/2025 19:00	1.540051767	11.66180758	120	0.35126358	21.38670717
3/6/2025 20:00	1.472318683	11.66180758	110	0.772408066	21.80215316
3/6/2025 21:00	1.443038974	11.66180758	120	0.997744141	22.02022184
3/6/2025 22:00	1.456643552	7.142857143	118	0.988905487	22.01469087
3/6/2025 23:00	1.403315254	8.032128514	110	0.748322067	21.77269387
3/7/2025 0:00	1.539627164	11.66180758	108	0.346088943	21.37576826
3/7/2025 1:00	1.543089297	11.66180758	102	-0.131366196	20.91402407
3/7/2025 2:00	1.543367524	12.82051282	102	-0.511868896	20.52948911
3/7/2025 3:00	1.474800658	11.66180758	106	-0.724292221	20.31035148
3/7/2025 4:00	1.416562112	12.82051282	104	-0.653315964	20.38344099
3/7/2025 5:00	1.395622224	11.66180758	100	-0.389325562	20.63977953
3/7/2025 6:00	1.429276478	11.66180758	102	0.051157532	21.08713722
3/7/2025 7:00	1.299031341	11.66180758	106	0.573935089	21.60584725
3/7/2025 8:00	1.420694476	11.66180758	108	1.007948456	22.04855588
3/7/2025 9:00	1.358768513	11.66180758	106	1.275114594	22.31849997
3/7/2025 10:00	1.337758281	12.82051282	104	1.281166611	22.33013358
3/7/2025 11:00	1.491682171	11.66180758	112	1.036390839	22.08995894
3/7/2025 12:00	1.39326131	12.82051282	104	0.590677795	21.63403406
3/7/2025 13:00	1.475103596	11.66180758	96	0.021744308	21.07517698
3/7/2025 14:00	1.396169452	11.66180758	94	-0.539040985	20.50629834
3/7/2025 15:00	1.432945989	11.66180758	90	-0.95631546	20.08944318
3/7/2025 16:00	1.353208252	11.66180758	88	-1.173535767	19.86843899
3/7/2025 17:00	1.456998845	7.561436673	16	-1.119925919	19.92047556
3/7/2025 18:00	1.386037733	11.66180758	88	-0.86816925	20.17422886
3/7/2025 19:00	1.330583183	10.69518717	86	-0.463538589	20.57763361
3/7/2025 20:00	1.283115006	9.174311927	54	-0.01233429	21.03315798
3/7/2025 21:00	1.207295021	10.69518717	94	0.374287186	21.41332586
3/7/2025 22:00	1.11051536	10.69518717	96	0.614050446	21.64856825
3/7/2025 23:00	1.047156414	11.66180758	100	0.610765991	21.64006952
3/8/2025 0:00	0.989688795	11.66180758	98	0.381626663	21.4098805
3/8/2025 1:00	0.875462439	11.66180758	100	0.000689087	21.02672735
3/8/2025 2:00	0.831636935	11.66180758	98	-0.424319687	20.60743981
3/8/2025 3:00	0.838585607	11.66180758	102	-0.81251091	20.22008602
3/8/2025 4:00	0.959218133	11.66180758	96	-1.009980621	20.02390008
3/8/2025 5:00	0.880779517	6.430868167	18	-1.003297272	20.0316542
3/8/2025 6:00	0.796347851	10.69518717	12	-0.77836174	20.25036128
3/8/2025 7:00	0.879082584	5.594405594	2	-0.378007355	20.65440398
3/8/2025 8:00	0.867740563	6.125574273	2	0.130720673	21.1581135
3/8/2025 9:00	0.880143732	5.847953216	2	0.575413284	21.6006363
3/8/2025 10:00	0.784395582	5.847953216	356	0.890381393	21.91264919
3/8/2025 11:00	0.655321889	9.87654321	118	0.987892685	22.01100507
3/8/2025 12:00	0.605922406	9.87654321	122	0.861309586	21.88025878
3/8/2025 13:00	0.554820074	10.69518717	116	0.500227509	21.52262619
3/8/2025 14:00	0.56560801	11.66180758	104	0.028009949	21.05609245
3/8/2025 15:00	0.535451512	10.69518717	114	-0.468753281	20.56427503
3/8/2025 16:00	0.510394155	9.87654321	106	-0.841090622	20.19284971
3/8/2025 17:00	0.549837565	12.82051282	92	-1.061417999	19.9734329
3/8/2025 18:00	0.674997703	11.66180758	96	-1.038852158	19.99310732
3/8/2025 19:00	0.917243748	4.439511654	358	-0.837010803	20.19416562
3/8/2025 20:00	0.933932769	5.148005148	0	-0.484992447	20.55012902
3/8/2025 21:00	0.996455758	4.95049505	358	-0.067767563	20.96550813
3/8/2025 22:00	0.890636008	6.768189509	2	0.290897903	21.32200539
3/8/2025 23:00	0.808777267	4.439511654	2	0.50701004	21.53471351
3/9/2025 0:00	1.156229535	6.768189509	2	0.507992325	21.54370898
3/9/2025 1:00	1.473859742	7.142857143	16	0.312044678	21.34856718
3/9/2025 2:00	1.351565962	7.142857143	22	-0.01708168	21.01610287
3/9/2025 3:00	1.264592202	6.768189509	20	-0.409614029	20.62631009
3/9/2025 4:00	1.309320096	8.032128514	24	-0.752870026	20.28382463
3/9/2025 5:00	1.347849568	8.032128514	24	-0.95533699	20.07929167
3/9/2025 6:00	1.309362497	7.142857143	18	-0.940896454	20.09505581
3/9/2025 7:00	1.173605458	6.430868167	2	-0.715466919	20.31457965
3/9/2025 8:00	1.192772299	6.768189509	2	-0.347972336	20.6850773
3/9/2025 9:00	1.07068054	6.430868167	16	0.114548264	21.14425137
3/9/2025 10:00	0.987141148	6.430868167	2	0.574629364	21.60381747
3/9/2025 11:00	0.947245309	5.847953216	2	0.879768906	21.90948699
3/9/2025 12:00	0.824679699	5.594405594	2	1.001200256	22.02679236
3/9/2025 13:00	0.708272175	5.594405594	2	0.874754486	21.89854579
3/9/2025 14:00	0.610326636	5.361930295	10	0.543503342	21.56687918
3/9/2025 15:00	0.584596016	4.95049505	0	0.078505096	21.10850757
3/9/2025 16:00	0.489695931	4.767580453	2	-0.428460541	20.59996246
3/9/2025 17:00	0.46924914	5.148005148	2	-0.838630142	20.19361463
3/9/2025 18:00	0.437772025	4.767580453	24	-1.073403778	19.96377671
3/9/2025 19:00	0.420661247	11.66180758	90	-1.087169113	19.94384503
3/9/2025 20:00	0.437313678	9.87654321	94	-0.894364777	20.13622134
3/9/2025 21:00	0.443356558	4.291845494	332	-0.493333282	20.53623435
3/9/2025 22:00	0.445687877	4.024144869	326	-0.049729767	20.97432164
3/9/2025 23:00	0.480318889	11.66180758	90	0.377455292	21.39795198
3/10/2025 0:00	0.343980427	10.69518717	104	0.660582123	21.68164031
3/10/2025 1:00	0.386339303	5.594405594	130	0.727928696	21.74368901
3/10/2025 2:00	0.354337855	9.174311927	114	0.577961502	21.59747636
3/10/2025 3:00	0.393690599	6.430868167	130	0.235828934	21.26319049
3/10/2025 4:00	0.450547916	7.142857143	126	-0.186788025	20.83657182
3/10/2025 5:00	0.361562553	6.430868167	110	-0.557366791	20.46624715
3/10/2025 6:00	0.336398851	11.66180758	86	-0.82992691	20.19255918
3/10/2025 7:00	0.318247335	10.69518717	94	-0.868239822	20.15038167
3/10/2025 8:00	0.360370231	11.66180758	92	-0.675439301	20.34970323
3/10/2025 9:00	0.286822702	6.430868167	120	-0.310939255	20.71318645
3/10/2025 10:00	0.462284474	10.69518717	102	0.188377914	21.21521724
3/10/2025 11:00	0.487296749	10.69518717	100	0.685514984	21.71114354
3/10/2025 12:00	0.462033353	9.87654321	112	1.038775024	22.0612552
3/10/2025 13:00	0.463688253	9.174311927	110	1.190889893	22.21117609
3/10/2025 14:00	0.425186026	7.561436673	132	1.089468536	22.1139561
3/10/2025 15:00	0.438509387	11.66180758	100	0.753286896	21.77659192
